group_id,scenario_key,scenario_label,rep,n_stays,mean_index_count,mean_late_count,sd_index_count,sd_late_count,total_count_latent_level_correlation,observed_error_lag1_correlation,treatment_trigger_fraction,selected_shape_solver_converged_fraction
0,ideal_large_dense,"Ideal: large, dense",1,600,11.836666666666666,12.031666666666666,2.556210589234857,2.566120062633204,0.0061515498860196,0.0158789639097868,0.0,1.0
1,ideal_large_dense,"Ideal: large, dense",2,600,11.991666666666667,11.901666666666667,2.585098666217408,2.500483536989092,-0.0641994737513794,0.0088899944423848,0.0,1.0
2,ideal_large_dense,"Ideal: large, dense",3,600,12.03,12.08,2.6141581892451207,2.6137430544318976,0.0308282180564177,0.0143282814455013,0.0,1.0
3,ideal_large_dense,"Ideal: large, dense",4,600,11.99,12.088333333333331,2.64667870741813,2.5823073159506484,-0.0498734623527017,0.0209971175883702,0.0,1.0
4,ideal_large_dense,"Ideal: large, dense",5,600,12.083333333333334,11.981666666666667,2.5776208223985013,2.6330372888541445,0.0392245224515243,0.0166420094829225,0.0,1.0
5,ideal_large_dense,"Ideal: large, dense",6,600,12.03,12.055,2.5833226524273427,2.5270440411628416,0.0496023642829882,0.013895036776275,0.0,1.0
6,ideal_large_dense,"Ideal: large, dense",7,600,11.966666666666669,12.185,2.548145200368133,2.575233590714554,0.0719188437506197,0.0119980764868251,0.0,1.0
7,ideal_large_dense,"Ideal: large, dense",8,600,12.03,12.065,2.609684032838475,2.549170869165175,0.0190051975667796,0.0289717716982695,0.0,1.0
8,ideal_large_dense,"Ideal: large, dense",9,600,12.0,12.108333333333333,2.5815578115853994,2.588648113200953,0.0088163702941017,0.0080622754904815,0.0,1.0
9,ideal_large_dense,"Ideal: large, dense",10,600,12.118333333333334,12.215,2.568786028130685,2.607061490649331,-0.0055720655866757,0.0176687065567733,0.0,1.0
10,ideal_large_dense,"Ideal: large, dense",11,600,11.89,11.888333333333334,2.6203072370801275,2.614815351241978,0.0040988424765276,0.0153549592814025,0.0,1.0
11,ideal_large_dense,"Ideal: large, dense",12,600,11.876666666666669,11.951666666666666,2.5734204949759296,2.6020405288436863,-0.0313961204560059,0.0300767932185882,0.0,1.0
12,ideal_large_dense,"Ideal: large, dense",13,600,12.153333333333334,12.135,2.5937813564557413,2.6270917415202577,0.0164033668650219,0.0120354321940235,0.0,1.0
13,ideal_large_dense,"Ideal: large, dense",14,600,11.945,12.018333333333333,2.6299879075748587,2.5387804616803527,0.011342162508755,0.0089219260485745,0.0,1.0
14,ideal_large_dense,"Ideal: large, dense",15,600,12.055,11.801666666666666,2.667176669372079,2.5370043767341373,0.0343728174159601,0.0230341973106605,0.0,1.0
15,ideal_large_dense,"Ideal: large, dense",16,600,12.018333333333333,11.865,2.550589421987556,2.604114184223519,0.0015984704027655,0.0246029182256293,0.0,1.0
16,ideal_large_dense,"Ideal: large, dense",17,600,12.165,11.92,2.5733529182897006,2.568643588187852,-0.008889472436135,0.0223457216015495,0.0,1.0
17,ideal_large_dense,"Ideal: large, dense",18,600,12.183333333333334,12.081666666666669,2.563332468577378,2.590272780490723,0.0059598894734182,0.0036548140252083,0.0,1.0
18,ideal_large_dense,"Ideal: large, dense",19,600,12.061666666666667,11.866666666666667,2.562969353842684,2.5165009140284584,-0.0305608207328763,0.0110114836223109,0.0,1.0
19,ideal_large_dense,"Ideal: large, dense",20,600,12.081666666666669,12.035,2.6520532044476264,2.541234238007331,-0.031568015821448,0.012957759801477,0.0,1.0
1000000,ideal_small_dense,"Ideal: small, dense",1,240,11.745833333333334,11.979166666666666,2.524769208006141,2.534197762303848,-0.0457414353242205,0.0318631465665442,0.0,1.0
1000001,ideal_small_dense,"Ideal: small, dense",2,240,12.125,11.841666666666669,2.6308835240570443,2.674834944529138,0.032784066976009,0.0051088245728055,0.0,1.0
1000002,ideal_small_dense,"Ideal: small, dense",3,240,12.079166666666667,12.054166666666667,2.5576988818921507,2.671949309059083,0.0642179807196825,0.0133347175756919,0.0,1.0
1000003,ideal_small_dense,"Ideal: small, dense",4,240,11.954166666666667,12.025,2.551966862540242,2.5101051004017267,-0.1208648902059749,0.0099750016300336,0.0,1.0
1000004,ideal_small_dense,"Ideal: small, dense",5,240,12.2,11.804166666666667,2.515558282529615,2.567739863299785,-0.0655591381382957,0.0315772476926333,0.0,1.0
1000005,ideal_small_dense,"Ideal: small, dense",6,240,11.920833333333333,12.245833333333334,2.5396403999833,2.5845500351589035,-0.018391084407693,0.0194523676716193,0.0,1.0
1000006,ideal_small_dense,"Ideal: small, dense",7,240,11.816666666666666,11.9625,2.617876533629452,2.651803286342346,0.0965460559148791,0.0197712824366504,0.0,1.0
1000007,ideal_small_dense,"Ideal: small, dense",8,240,11.925,11.6875,2.6502151171865305,2.596717029355323,-0.0804053516877696,0.0133045293075383,0.0,1.0
1000008,ideal_small_dense,"Ideal: small, dense",9,240,12.145833333333334,11.925,2.710506316342843,2.605634384163107,-0.0788330986205106,0.0005021741345615,0.0,1.0
1000009,ideal_small_dense,"Ideal: small, dense",10,240,11.95,11.870833333333334,2.421486800781667,2.452047076934594,0.0740243641004342,0.0128443734790373,0.0,1.0
1000010,ideal_small_dense,"Ideal: small, dense",11,240,12.095833333333331,12.158333333333331,2.5766864594244505,2.5466224520977963,0.0081001414453519,0.0076628280101512,0.0,1.0
1000011,ideal_small_dense,"Ideal: small, dense",12,240,12.045833333333333,12.154166666666669,2.48551942942128,2.6396524379218,0.0424833978008598,-0.0011322131647531,0.0,1.0
1000012,ideal_small_dense,"Ideal: small, dense",13,240,11.904166666666669,12.0375,2.644007856517782,2.537305344266204,0.0409910085198488,0.0235892231878937,0.0,1.0
1000013,ideal_small_dense,"Ideal: small, dense",14,240,11.979166666666666,12.091666666666669,2.5816343898262613,2.660719484076218,-0.0097153900070653,0.0161583331095306,0.0,1.0
1000014,ideal_small_dense,"Ideal: small, dense",15,240,11.9625,11.995833333333334,2.62643664611712,2.6010907217583346,-0.069676973862282,-0.0017674117142019,0.0,1.0
1000015,ideal_small_dense,"Ideal: small, dense",16,240,12.020833333333334,12.145833333333334,2.475736510450401,2.569450255688454,0.0573573421225184,-0.0268855347969995,0.0,1.0
1000016,ideal_small_dense,"Ideal: small, dense",17,240,12.066666666666666,11.908333333333331,2.58975559284721,2.521857034206398,-0.0166706152620816,-0.0007624552279248,0.0,1.0
1000017,ideal_small_dense,"Ideal: small, dense",18,240,12.129166666666666,12.320833333333333,2.6026988192363163,2.656243795628163,-0.0343880710363953,0.0336102923945404,0.0,1.0
1000018,ideal_small_dense,"Ideal: small, dense",19,240,11.754166666666666,12.004166666666666,2.5780663453240704,2.550736896835084,0.0288216960013338,-0.0064173690560901,0.0,1.0
1000019,ideal_small_dense,"Ideal: small, dense",20,240,12.295833333333333,12.133333333333333,2.5938419456573687,2.533237904684325,-0.1189936088193532,0.0136480924478605,0.0,1.0
2000000,ideal_large_sparse,"Ideal: large, sparse",1,600,3.4233333333333333,5.958333333333333,1.1311888447822591,1.4200791986504206,-0.0600261847091582,0.0319829321107444,0.0,1.0
2000001,ideal_large_sparse,"Ideal: large, sparse",2,600,3.536666666666666,6.07,1.1003060230967538,1.4451923637635469,-0.0133262193031076,0.0583132682639075,0.0,1.0
2000002,ideal_large_sparse,"Ideal: large, sparse",3,600,3.53,6.033333333333333,1.112577959602677,1.3706519252004312,0.0202478440155453,0.0318457213087503,0.0,1.0
2000003,ideal_large_sparse,"Ideal: large, sparse",4,600,3.425,5.906666666666666,1.1013915920621096,1.4099416470084274,-0.002067265780175,0.0283877641622148,0.0,1.0
2000004,ideal_large_sparse,"Ideal: large, sparse",5,600,3.553333333333333,6.0183333333333335,1.1428030832273537,1.4427287800473276,-0.0005434285925324,0.0149870938290747,0.0,1.0
2000005,ideal_large_sparse,"Ideal: large, sparse",6,600,3.4466666666666668,6.01,1.1398776647986104,1.3624709949279776,-0.0967806178012401,0.0212084573202137,0.0,1.0
2000006,ideal_large_sparse,"Ideal: large, sparse",7,600,3.5316666666666667,5.891666666666667,1.08672236475206,1.3867717122362475,0.0163371927535685,0.0120980156328926,0.0,1.0
2000007,ideal_large_sparse,"Ideal: large, sparse",8,600,3.525,5.918333333333333,1.099115595294553,1.4347222502798125,-0.0909641309782431,0.0066170174747571,0.0,1.0
2000008,ideal_large_sparse,"Ideal: large, sparse",9,600,3.526666666666667,6.071666666666666,1.1201399069941922,1.429429724675263,0.046095878613419,0.0294366519733453,0.0,1.0
2000009,ideal_large_sparse,"Ideal: large, sparse",10,600,3.46,5.998333333333333,1.091047191137402,1.3777375742843336,0.0849798061539447,0.0089826996174148,0.0,1.0
2000010,ideal_large_sparse,"Ideal: large, sparse",11,600,3.5383333333333336,6.041666666666667,1.081887867488395,1.4294530827377545,-0.0527214527551744,0.0178353380841723,0.0,1.0
2000011,ideal_large_sparse,"Ideal: large, sparse",12,600,3.5116666666666667,6.006666666666667,1.117412893628388,1.3987672448377322,-0.0076216543642067,-0.0124809102038569,0.0,1.0
2000012,ideal_large_sparse,"Ideal: large, sparse",13,600,3.493333333333333,6.025,1.1556447320869083,1.3979623855403416,0.0471872839646983,0.0339497470762132,0.0,1.0
2000013,ideal_large_sparse,"Ideal: large, sparse",14,600,3.5316666666666667,5.923333333333333,1.142149171564613,1.4262465381324436,-0.0535814153329535,-0.0021751932557485,0.0,1.0
2000014,ideal_large_sparse,"Ideal: large, sparse",15,600,3.5216666666666665,6.016666666666667,1.14675875767431,1.4421703486110475,-0.0378151169045709,0.0006971999289716,0.0,1.0
2000015,ideal_large_sparse,"Ideal: large, sparse",16,600,3.611666666666667,6.008333333333334,1.087582309999537,1.3981614049933258,0.0058338437130399,0.0260323566638266,0.0,1.0
2000016,ideal_large_sparse,"Ideal: large, sparse",17,600,3.525,5.971666666666667,1.120178408161032,1.4239299548841051,-0.0143801162406815,0.0073402820104819,0.0,1.0
2000017,ideal_large_sparse,"Ideal: large, sparse",18,600,3.533333333333333,6.001666666666667,1.1303473053033597,1.4312271800651182,0.0297669804012641,-0.0098151082587997,0.0,1.0
2000018,ideal_large_sparse,"Ideal: large, sparse",19,600,3.515,5.955,1.1023309647862316,1.404610224631219,-0.049809554918034,0.0290889247672516,0.0,1.0
2000019,ideal_large_sparse,"Ideal: large, sparse",20,600,3.475,6.015,1.1096969761898705,1.4358078702948622,-0.039740808233414,0.0081086734357459,0.0,1.0
3000000,serial_dependence,Serial dependence,1,600,10.023333333333332,9.896666666666668,2.612309800357523,2.485884468663308,-0.03657170983894,0.4908148379667519,0.0,1.0
3000001,serial_dependence,Serial dependence,2,600,10.188333333333333,10.001666666666669,2.568500057061988,2.616564140635384,-0.07180050797886,0.5153190298244911,0.0,1.0
3000002,serial_dependence,Serial dependence,3,600,10.0,9.931666666666668,2.618159263658943,2.634748638777164,-0.0660014050301933,0.5077956821920995,0.0,1.0
3000003,serial_dependence,Serial dependence,4,600,9.868333333333334,10.305,2.57722085480587,2.4877613620128183,0.0151910730829936,0.4948394520958643,0.0,1.0
3000004,serial_dependence,Serial dependence,5,600,9.831666666666669,10.11,2.658026661223544,2.671415498934334,0.0385034277606137,0.5035010840387368,0.0,1.0
3000005,serial_dependence,Serial dependence,6,600,9.983333333333333,10.181666666666668,2.500027823996528,2.650856897818151,-0.0791372821012848,0.5044200293634314,0.0,1.0
3000006,serial_dependence,Serial dependence,7,600,9.996666666666666,9.87,2.574432311228513,2.545040022185153,0.0266413061315909,0.4962354377974128,0.0,1.0
3000007,serial_dependence,Serial dependence,8,600,10.183333333333334,10.131666666666666,2.526597523805693,2.597866831783664,0.0013902061612966,0.4997286125035324,0.0,1.0
3000008,serial_dependence,Serial dependence,9,600,10.096666666666666,9.965,2.6656766387027826,2.5293816013950514,-0.0038270433718632,0.5058679432813213,0.0,1.0
3000009,serial_dependence,Serial dependence,10,600,9.953333333333331,9.888333333333334,2.583721136993141,2.6364335490683835,-0.069969650782834,0.4940530975332137,0.0,1.0
3000010,serial_dependence,Serial dependence,11,600,10.19,9.883333333333333,2.549129937658163,2.584089411320434,0.0461670937714218,0.5122341866826339,0.0,1.0
3000011,serial_dependence,Serial dependence,12,600,9.911666666666669,9.948333333333334,2.573889158041846,2.6109434306815715,0.0728164590283723,0.5094713546866666,0.0,1.0
3000012,serial_dependence,Serial dependence,13,600,9.895,10.018333333333333,2.607420065696805,2.598573620981645,0.0441130897150793,0.5036766596822011,0.0,1.0
3000013,serial_dependence,Serial dependence,14,600,9.931666666666668,10.066666666666666,2.546462515161787,2.6224067668792053,0.0069539393503101,0.4991539388729502,0.0,1.0
3000014,serial_dependence,Serial dependence,15,600,9.935,10.1,2.6029599819781386,2.5398329181437926,0.0724399850044288,0.5144342872467295,0.0,1.0
3000015,serial_dependence,Serial dependence,16,600,9.911666666666669,10.198333333333334,2.494172953122745,2.598123868284023,0.0776733617416485,0.5078910461652798,0.0,1.0
3000016,serial_dependence,Serial dependence,17,600,10.011666666666668,10.05,2.576676669663633,2.5791316109194726,0.0604031487688301,0.489478440129147,0.0,1.0
3000017,serial_dependence,Serial dependence,18,600,10.015,9.983333333333333,2.571470870415541,2.556158341078136,5.833236261888503e-05,0.5022259564090992,0.0,1.0
3000018,serial_dependence,Serial dependence,19,600,9.961666666666666,10.006666666666666,2.560166917728857,2.6378436751090355,0.0200922291389286,0.5055605206867219,0.0,1.0
3000019,serial_dependence,Serial dependence,20,600,10.128333333333334,10.023333333333332,2.5164295974164426,2.583391583883808,0.0179246167926571,0.5008691322924418,0.0,1.0
4000000,discrete_map_rounding,Integer MAP rounding,1,600,9.991666666666667,9.891666666666667,2.607603602890062,2.5424471055191744,0.0698929414165679,0.2306110144061443,0.0,1.0
4000001,discrete_map_rounding,Integer MAP rounding,2,600,9.925,10.161666666666669,2.6345669926443738,2.515832448794282,-0.00995868254779,0.2178160502767104,0.0,1.0
4000002,discrete_map_rounding,Integer MAP rounding,3,600,9.811666666666667,10.11,2.5937250377609558,2.6203072370801275,-0.0477288349806468,0.2046814797216402,0.0,1.0
4000003,discrete_map_rounding,Integer MAP rounding,4,600,10.096666666666666,9.92,2.583624213971643,2.581609545692509,0.0332090018358529,0.2334644751790454,0.0,1.0
4000004,discrete_map_rounding,Integer MAP rounding,5,600,9.966666666666669,9.933333333333334,2.5755150329653693,2.537640950083652,0.02199476846735,0.2362767048617173,0.0,1.0
4000005,discrete_map_rounding,Integer MAP rounding,6,600,9.848333333333333,9.703333333333331,2.638231288086386,2.5520273564892166,-0.0273532000526333,0.2132142457405174,0.0,1.0
4000006,discrete_map_rounding,Integer MAP rounding,7,600,10.11,10.173333333333334,2.569481866402177,2.5783137367468267,0.0022081999573724,0.2253353555062049,0.0,1.0
4000007,discrete_map_rounding,Integer MAP rounding,8,600,9.93,9.793333333333331,2.6614981910636457,2.4800954978292284,0.008223836646508,0.2086275503345621,0.0,1.0
4000008,discrete_map_rounding,Integer MAP rounding,9,600,10.041666666666666,10.033333333333331,2.575717587529101,2.577458899676467,-0.0141094075244658,0.2087504410814669,0.0,1.0
4000009,discrete_map_rounding,Integer MAP rounding,10,600,9.84,9.991666666666667,2.519586048625325,2.605041450179019,0.0159037768874096,0.223441002256916,0.0,1.0
4000010,discrete_map_rounding,Integer MAP rounding,11,600,10.02,9.946666666666667,2.556787424984904,2.5471491587558184,0.0055550101142529,0.2192711841252661,0.0,1.0
4000011,discrete_map_rounding,Integer MAP rounding,12,600,9.991666666666667,9.973333333333333,2.5348846039773405,2.5416639526701257,0.0055762130863137,0.2152125517041005,0.0,1.0
4000012,discrete_map_rounding,Integer MAP rounding,13,600,10.108333333333333,9.93,2.531919215485583,2.636288431581571,0.0448251029994572,0.222520447289312,0.0,1.0
4000013,discrete_map_rounding,Integer MAP rounding,14,600,9.995,9.81,2.59799106926743,2.573896184635685,-0.0387413792957137,0.2107065871867117,0.0,1.0
4000014,discrete_map_rounding,Integer MAP rounding,15,600,9.923333333333334,9.968333333333334,2.595898052708474,2.577803782834052,0.0544786737823607,0.2355480350479381,0.0,1.0
4000015,discrete_map_rounding,Integer MAP rounding,16,600,10.065,10.016666666666667,2.4982347691125173,2.5782684115944816,0.0812066521325729,0.2235891262385195,0.0,1.0
4000016,discrete_map_rounding,Integer MAP rounding,17,600,10.173333333333334,9.89,2.51339428003256,2.603689433177608,-0.064230483539205,0.2352630118816406,0.0,1.0
4000017,discrete_map_rounding,Integer MAP rounding,18,600,9.933333333333334,9.826666666666666,2.543554928640998,2.568582926954724,-0.0720470865449983,0.2011406464746901,0.0,1.0
4000018,discrete_map_rounding,Integer MAP rounding,19,600,10.121666666666666,10.041666666666666,2.610534179702412,2.622605699805057,0.0347198371828532,0.2078846756677348,0.0,1.0
4000019,discrete_map_rounding,Integer MAP rounding,20,600,9.973333333333333,10.005,2.5665022459603954,2.58316916562396,0.0271271996919577,0.2259381345412286,0.0,1.0
5000000,informative_monitoring,Informative monitoring,1,600,6.058333333333334,6.055,4.063962377520087,4.0582538166145765,-0.7224782974741555,0.3091142622586654,0.0,1.0
5000001,informative_monitoring,Informative monitoring,2,600,5.6433333333333335,5.823333333333333,3.49520858136788,3.87562765304718,-0.7130375738871658,0.2876331914294401,0.0,1.0
5000002,informative_monitoring,Informative monitoring,3,600,5.77,5.695,3.550320355175566,3.4927028629436387,-0.7353224937344033,0.3101523125857443,0.0,1.0
5000003,informative_monitoring,Informative monitoring,4,600,5.9816666666666665,5.9783333333333335,3.7897142080267416,3.857373385861439,-0.7097030315080476,0.3365261797927756,0.0,1.0
5000004,informative_monitoring,Informative monitoring,5,600,5.778333333333333,5.715,3.6667340763773697,3.443865369194218,-0.7187973504532564,0.315539867489512,0.0,1.0
5000005,informative_monitoring,Informative monitoring,6,600,5.965,5.991666666666666,3.890029419100724,4.035518087260904,-0.7261100597501335,0.3244466611596597,0.0,1.0
5000006,informative_monitoring,Informative monitoring,7,600,5.695,5.658333333333333,3.700648546688835,3.5636259069797225,-0.6829655413085433,0.3011025586069613,0.0,1.0
5000007,informative_monitoring,Informative monitoring,8,600,5.8133333333333335,5.8933333333333335,3.833577452244768,3.9629278171189353,-0.7392937811079892,0.3078493083119127,0.0,1.0
5000008,informative_monitoring,Informative monitoring,9,600,5.925,6.008333333333334,3.84890440366011,3.82002419673772,-0.7304999846277203,0.3178620080401821,0.0,1.0
5000009,informative_monitoring,Informative monitoring,10,600,5.7283333333333335,5.876666666666667,3.818660432846997,3.942168190089536,-0.7408209419950953,0.3122228547672473,0.0,1.0
5000010,informative_monitoring,Informative monitoring,11,600,5.6866666666666665,5.775,3.6069616728956873,3.758712749851092,-0.7166902388448405,0.3166926888122194,0.0,1.0
5000011,informative_monitoring,Informative monitoring,12,600,5.746666666666667,5.745,3.855376605491676,3.692700239449544,-0.7133797364986355,0.3106835404597164,0.0,1.0
5000012,informative_monitoring,Informative monitoring,13,600,5.816666666666666,5.74,3.642595648799994,3.612129445616045,-0.7234589729757539,0.3016081800018337,0.0,1.0
5000013,informative_monitoring,Informative monitoring,14,600,5.636666666666667,5.635,3.312039386397849,3.435322994051034,-0.6931816726030909,0.2975110714961534,0.0,1.0
5000014,informative_monitoring,Informative monitoring,15,600,5.971666666666667,6.051666666666667,3.9796054227888855,4.112239626626861,-0.7234577140721278,0.3184639303796263,0.0,1.0
5000015,informative_monitoring,Informative monitoring,16,600,5.708333333333333,5.833333333333333,3.7754055014071866,3.857506467802413,-0.7029289161955403,0.3158324089493949,0.0,1.0
5000016,informative_monitoring,Informative monitoring,17,600,5.955,5.9,3.925811380040151,3.85115380668416,-0.7307202618546952,0.3243611486466621,0.0,1.0
5000017,informative_monitoring,Informative monitoring,18,600,5.78,5.72,3.612480684306951,3.3740045214628003,-0.7068386179126263,0.2887871131253051,0.0,1.0
5000018,informative_monitoring,Informative monitoring,19,600,5.713333333333333,5.6466666666666665,3.569181135618315,3.5088948108407005,-0.6999816493923788,0.2893478530109348,0.0,1.0
5000019,informative_monitoring,Informative monitoring,20,600,5.683333333333334,5.668333333333333,3.589967781193247,3.408473760769177,-0.7002850592561116,0.3021816092986864,0.0,1.0
6000000,cluster_size_informative,Cluster size--level association,1,600,11.578333333333331,11.665,4.045302379442616,3.9579730820455303,-0.933824518402026,0.0175118639213316,0.0,1.0
6000001,cluster_size_informative,Cluster size--level association,2,600,11.573333333333334,11.543333333333331,4.294417958026356,4.231386290423845,-0.9374940927476368,0.0112205997016079,0.0,1.0
6000002,cluster_size_informative,Cluster size--level association,3,600,11.493333333333334,11.703333333333331,4.016238602192162,4.173850012730473,-0.9354462977375068,0.0277836500768418,0.0,1.0
6000003,cluster_size_informative,Cluster size--level association,4,600,11.388333333333334,11.523333333333332,4.045343648065075,4.029041761769875,-0.930415278895006,0.0202228908995584,0.0,1.0
6000004,cluster_size_informative,Cluster size--level association,5,600,11.168333333333331,11.413333333333334,4.020398391652444,4.155470544711975,-0.9334256495202334,0.016796857535672,0.0,1.0
6000005,cluster_size_informative,Cluster size--level association,6,600,11.361666666666666,11.508333333333333,4.191675973641358,4.1591780227906,-0.933266501386272,0.010974697000308,0.0,1.0
6000006,cluster_size_informative,Cluster size--level association,7,600,11.361666666666666,11.365,3.9946789176328714,4.004810337965056,-0.935528336741594,0.0148491220880833,0.0,1.0
6000007,cluster_size_informative,Cluster size--level association,8,600,11.455,11.535,3.933670627757167,3.8992454644439407,-0.9289097433344315,0.0254202044870007,0.0,1.0
6000008,cluster_size_informative,Cluster size--level association,9,600,11.475,11.508333333333333,3.882159227428964,3.999156491473468,-0.9233253329643974,0.0156061687756478,0.0,1.0
6000009,cluster_size_informative,Cluster size--level association,10,600,11.6,11.668333333333331,4.02537858939752,4.211241481271074,-0.9351366304721844,0.024448489839879,0.0,1.0
6000010,cluster_size_informative,Cluster size--level association,11,600,11.78,11.791666666666666,4.001452157106136,3.986403924504439,-0.934647461229416,0.0132646056060005,0.0,1.0
6000011,cluster_size_informative,Cluster size--level association,12,600,11.301666666666666,11.23,4.0949495204272015,4.02543250405981,-0.9346497212177016,0.0058928357836486,0.0,1.0
6000012,cluster_size_informative,Cluster size--level association,13,600,11.406666666666666,11.345,4.036307121721164,4.146641137258203,-0.924535475186304,0.020899145620348,0.0,1.0
6000013,cluster_size_informative,Cluster size--level association,14,600,11.23,11.358333333333333,4.197594509491142,4.181196147547094,-0.9353027605434172,0.0168010601684304,0.0,1.0
6000014,cluster_size_informative,Cluster size--level association,15,600,11.581666666666669,11.688333333333333,4.191174114292568,4.115348187788421,-0.9347300311838486,0.0210406647909058,0.0,1.0
6000015,cluster_size_informative,Cluster size--level association,16,600,11.646666666666668,11.49,4.241675207961899,4.216974205804525,-0.9374222621958276,0.0213936523618677,0.0,1.0
6000016,cluster_size_informative,Cluster size--level association,17,600,11.543333333333331,11.263333333333334,4.1121330579192445,4.154847789728914,-0.935886116029822,0.0058260688217189,0.0,1.0
6000017,cluster_size_informative,Cluster size--level association,18,600,11.523333333333332,11.431666666666668,4.308951999552362,4.1304274929292895,-0.9367973796349068,0.0038156129588761,0.0,1.0
6000018,cluster_size_informative,Cluster size--level association,19,600,11.605,11.636666666666668,4.056237596475964,4.072955991218117,-0.933182001360922,0.0203437994396257,0.0,1.0
6000019,cluster_size_informative,Cluster size--level association,20,600,11.353333333333332,11.445,4.206500521012411,4.148774383052074,-0.9382032292749236,0.0269852596047408,0.0,1.0
7000000,common_time_misspecified,Misspecified common time,1,600,9.826666666666666,10.228333333333332,2.611766534283817,2.6091268898684508,-0.0623662123077829,0.2185535716667253,0.0,1.0
7000001,common_time_misspecified,Misspecified common time,2,600,10.021666666666668,9.876666666666669,2.54269661298099,2.5309019466047613,0.0405667319708825,0.2127479917747802,0.0,1.0
7000002,common_time_misspecified,Misspecified common time,3,600,10.101666666666668,9.816666666666666,2.5863382993245767,2.550273589478367,0.0504748775950105,0.2312030525979848,0.0,1.0
7000003,common_time_misspecified,Misspecified common time,4,600,10.173333333333334,9.918333333333331,2.5614235051712217,2.524999655641668,0.0404136780448094,0.2212297451886961,0.0,1.0
7000004,common_time_misspecified,Misspecified common time,5,600,9.953333333333331,9.993333333333334,2.601108449135193,2.623246956836089,-0.0234953866704674,0.2149977499552518,0.0,1.0
7000005,common_time_misspecified,Misspecified common time,6,600,9.985,10.055,2.604370604145955,2.5474413494815566,0.0224895825951282,0.2092939886622154,0.0,1.0
7000006,common_time_misspecified,Misspecified common time,7,600,10.01,9.968333333333334,2.609837559468281,2.582333175626024,-0.0220247357968819,0.2066321857449091,0.0,1.0
7000007,common_time_misspecified,Misspecified common time,8,600,9.948333333333334,10.023333333333332,2.61541543265396,2.573679972962373,0.0149971364611505,0.2254527276814242,0.0,1.0
7000008,common_time_misspecified,Misspecified common time,9,600,9.885,10.001666666666669,2.607637747919361,2.650793919355805,0.0131059297603885,0.2082277820600389,0.0,1.0
7000009,common_time_misspecified,Misspecified common time,10,600,10.038333333333334,10.208333333333334,2.541186061643008,2.5578313844363487,-0.0085195747926896,0.2229576370662125,0.0,1.0
7000010,common_time_misspecified,Misspecified common time,11,600,10.023333333333332,10.02,2.5179400825518248,2.614892497080038,0.0357690110196539,0.2372216923552856,0.0,1.0
7000011,common_time_misspecified,Misspecified common time,12,600,9.975,10.126666666666669,2.541352485211398,2.5842638387367804,0.0215421324120654,0.2210083484040764,0.0,1.0
7000012,common_time_misspecified,Misspecified common time,13,600,9.81,9.901666666666667,2.556323789910968,2.66279577846642,0.1015257937672745,0.213723726686712,0.0,1.0
7000013,common_time_misspecified,Misspecified common time,14,600,9.951666666666666,10.073333333333334,2.603323397135351,2.657641935372403,0.0066564141703398,0.2222909015336258,0.0,1.0
7000014,common_time_misspecified,Misspecified common time,15,600,10.035,9.891666666666667,2.584228846526309,2.616870377603277,-0.0717015297752111,0.2234024635372458,0.0,1.0
7000015,common_time_misspecified,Misspecified common time,16,600,10.273333333333332,10.048333333333334,2.538246122394748,2.636458877847302,0.0862666902750802,0.2270985528750983,0.0,1.0
7000016,common_time_misspecified,Misspecified common time,17,600,9.926666666666666,9.873333333333331,2.6190433117209047,2.590071364205051,-0.0291274999159137,0.2143355635297334,0.0,1.0
7000017,common_time_misspecified,Misspecified common time,18,600,10.13,10.061666666666667,2.569195972785577,2.555794207078715,0.0748141667491326,0.2023998954691229,0.0,1.0
7000018,common_time_misspecified,Misspecified common time,19,600,10.018333333333333,9.805,2.6005002515194025,2.5339711949220125,0.0080539848289785,0.2227432530076064,0.0,1.0
7000019,common_time_misspecified,Misspecified common time,20,600,10.06,10.09,2.5886099556526805,2.5870939472349472,-0.0117271542048401,0.2139677823750776,0.0,1.0
8000000,level_plus_shape,Persistent level plus shape,1,600,12.143333333333333,12.068333333333332,2.580158441813925,2.4994818606079274,0.0354547172915051,0.251887052027329,0.0,1.0
8000001,level_plus_shape,Persistent level plus shape,2,600,12.065,11.983333333333333,2.5485158861652653,2.505364306057238,0.0045771993354526,0.2368272819724092,0.0,1.0
8000002,level_plus_shape,Persistent level plus shape,3,600,12.06,11.951666666666666,2.545689341554892,2.535753793462078,-0.0968701718149344,0.2534396898316859,0.0,1.0
8000003,level_plus_shape,Persistent level plus shape,4,600,12.018333333333333,11.881666666666666,2.549934803360903,2.634875361221255,-0.0151074877110712,0.2557708088100976,0.0,1.0
8000004,level_plus_shape,Persistent level plus shape,5,600,12.063333333333333,12.055,2.605885637452526,2.675925253054207,0.0636966678711457,0.2505426019286322,0.0,1.0
8000005,level_plus_shape,Persistent level plus shape,6,600,11.741666666666667,11.988333333333332,2.589615299851362,2.636243575469503,-0.047480501187501,0.2348954625751035,0.0,1.0
8000006,level_plus_shape,Persistent level plus shape,7,600,12.07,11.85,2.533600577533377,2.5674539332769277,-0.0210221144626273,0.2476433071460092,0.0,1.0
8000007,level_plus_shape,Persistent level plus shape,8,600,11.938333333333333,12.01,2.5681750512855683,2.533231553471937,0.0140530927657536,0.247899307271789,0.0,1.0
8000008,level_plus_shape,Persistent level plus shape,9,600,12.021666666666668,11.998333333333331,2.540068989813185,2.5792928892566347,0.1078396266554981,0.2589612219348006,0.0,1.0
8000009,level_plus_shape,Persistent level plus shape,10,600,11.94,12.0,2.589254796397562,2.555559588038079,0.0128457721285883,0.2512411127323946,0.0,1.0
8000010,level_plus_shape,Persistent level plus shape,11,600,11.9,11.693333333333332,2.607296811086501,2.5528056951291904,0.0470764344773754,0.2352414070807493,0.0,1.0
8000011,level_plus_shape,Persistent level plus shape,12,600,12.058333333333334,12.155,2.6907863362595745,2.5524825062883743,0.0403398345571902,0.2514253499941615,0.0,1.0
8000012,level_plus_shape,Persistent level plus shape,13,600,11.973333333333333,11.84,2.5820664852877626,2.527524606090048,-0.0405026627406978,0.2490523222341221,0.0,1.0
8000013,level_plus_shape,Persistent level plus shape,14,600,11.938333333333333,11.828333333333331,2.588893167993037,2.5877966899281124,-0.067114828238378,0.2481383412050523,0.0,1.0
8000014,level_plus_shape,Persistent level plus shape,15,600,12.035,11.94,2.625884062911592,2.57567923842082,-0.0196085245815398,0.2553689186084392,0.0,1.0
8000015,level_plus_shape,Persistent level plus shape,16,600,11.955,12.123333333333331,2.5331804789430543,2.592165328582792,0.0288252124811505,0.2507441714617276,0.0,1.0
8000016,level_plus_shape,Persistent level plus shape,17,600,11.951666666666666,12.065,2.687259973622192,2.6003932539377983,-0.0188325069573406,0.2549339369408259,0.0,1.0
8000017,level_plus_shape,Persistent level plus shape,18,600,11.86,11.925,2.6290530360652813,2.572366637332524,-0.0073265691861744,0.2478601398828225,0.0,1.0
8000018,level_plus_shape,Persistent level plus shape,19,600,12.165,11.78,2.504308474387987,2.583161087118521,0.0140065326125668,0.2419963272676852,0.0,1.0
8000019,level_plus_shape,Persistent level plus shape,20,600,12.126666666666669,12.243333333333334,2.539955612422656,2.6029626543335795,0.0161532573789154,0.2535181686512978,0.0,1.0
9000000,treatment_feedback,Treatment feedback,1,600,9.98,10.113333333333332,2.532513120303133,2.641107337621277,-0.0440982939581972,0.2606335741439161,0.2766666666666666,1.0
9000001,treatment_feedback,Treatment feedback,2,600,10.088333333333331,9.956666666666669,2.586183377681072,2.603090924168427,0.0254007126244567,0.2678484922892895,0.2616666666666666,1.0
9000002,treatment_feedback,Treatment feedback,3,600,10.146666666666668,10.145,2.62105680725676,2.593939578626034,-0.026302291337615,0.2519739311755707,0.2433333333333333,1.0
9000003,treatment_feedback,Treatment feedback,4,600,10.1,10.02,2.661165722950817,2.569163482861581,-0.020733198095608,0.2732396010955271,0.25,1.0
9000004,treatment_feedback,Treatment feedback,5,600,10.051666666666666,9.793333333333331,2.5942656467612366,2.602289133970998,-0.0006285179246543,0.25032445808033,0.2533333333333333,1.0
9000005,treatment_feedback,Treatment feedback,6,600,10.258333333333333,10.095,2.6273755713405382,2.580129864340444,-0.0417779883168289,0.2678314613948444,0.275,1.0
9000006,treatment_feedback,Treatment feedback,7,600,9.92,9.911666666666669,2.584840872709327,2.566744536973966,-0.0348829530322002,0.2510933235045522,0.2816666666666667,1.0
9000007,treatment_feedback,Treatment feedback,8,600,10.051666666666666,10.098333333333333,2.645876980741468,2.559866940580705,-0.0009445321715764,0.2603974376186474,0.2633333333333333,1.0
9000008,treatment_feedback,Treatment feedback,9,600,9.991666666666667,10.061666666666667,2.5663022166795644,2.534805571972281,-0.0509542620166962,0.2442794905526412,0.2533333333333333,1.0
9000009,treatment_feedback,Treatment feedback,10,600,9.933333333333334,10.125,2.559910961167217,2.546274570881388,0.0575779490329781,0.2544698627643982,0.26,1.0
9000010,treatment_feedback,Treatment feedback,11,600,10.008333333333333,9.763333333333334,2.581220975642609,2.5661184361995506,0.0508192424276533,0.2707062120175952,0.275,1.0
9000011,treatment_feedback,Treatment feedback,12,600,10.083333333333334,10.036666666666669,2.5469984080035943,2.497141381798403,0.0540560991092037,0.2498424531110605,0.2883333333333333,1.0
9000012,treatment_feedback,Treatment feedback,13,600,9.955,9.901666666666667,2.4899748910910278,2.66467597510643,0.0414549017932474,0.2458811331315017,0.2733333333333333,1.0
9000013,treatment_feedback,Treatment feedback,14,600,9.828333333333331,10.085,2.5871514857540308,2.6323608934038414,0.0229305731923729,0.2668249863006505,0.26,1.0
9000014,treatment_feedback,Treatment feedback,15,600,9.938333333333333,10.263333333333334,2.6215742678064515,2.5556880596006883,0.0682999500169394,0.267851470316748,0.24,1.0
9000015,treatment_feedback,Treatment feedback,16,600,10.2,9.873333333333331,2.478623130093613,2.533374337014033,0.0372282357503729,0.2739915703471617,0.2633333333333333,1.0
9000016,treatment_feedback,Treatment feedback,17,600,10.048333333333334,9.981666666666667,2.594329997471767,2.5682010532612463,-0.0129971830161836,0.2729115760975265,0.2516666666666666,1.0
9000017,treatment_feedback,Treatment feedback,18,600,9.718333333333334,10.135,2.5370043767341373,2.6111565568295187,0.0051047762881754,0.2687241157632059,0.3033333333333333,1.0
9000018,treatment_feedback,Treatment feedback,19,600,9.85,9.88,2.6202307816134933,2.5923220393937445,0.0429749840945489,0.2504593146284334,0.3116666666666666,1.0
9000019,treatment_feedback,Treatment feedback,20,600,9.998333333333331,9.871666666666666,2.637535126108842,2.5349372906118304,0.0573470984045985,0.2474503396497243,0.2683333333333333,1.0
10000000,transient_nonpersistent,Transient non-persistence,1,600,10.225,9.996666666666666,2.505628055649008,2.5925259639352416,,0.2590287565539146,0.0,1.0
10000001,transient_nonpersistent,Transient non-persistence,2,600,10.131666666666666,9.931666666666668,2.7036728661521723,2.5621484923888858,,0.2669050492789364,0.0,1.0
10000002,transient_nonpersistent,Transient non-persistence,3,600,9.953333333333331,10.045,2.5668664868846167,2.5943900566948543,,0.2572942782852634,0.0,1.0
10000003,transient_nonpersistent,Transient non-persistence,4,600,10.225,9.918333333333331,2.6049346391269665,2.580587065940045,,0.2536874612885782,0.0,1.0
10000004,transient_nonpersistent,Transient non-persistence,5,600,10.006666666666666,10.103333333333332,2.5226762339212048,2.56650875071592,,0.2593587460388463,0.0,1.0
10000005,transient_nonpersistent,Transient non-persistence,6,600,9.996666666666666,9.861666666666666,2.588659399128576,2.584633650520171,,0.2539322522895968,0.0,1.0
10000006,transient_nonpersistent,Transient non-persistence,7,600,9.978333333333332,10.048333333333334,2.555140921901082,2.5807811364674325,,0.2737269258050942,0.0,1.0
10000007,transient_nonpersistent,Transient non-persistence,8,600,9.995,10.03,2.6095320965526043,2.580736393723663,,0.2564703491168591,0.0,1.0
10000008,transient_nonpersistent,Transient non-persistence,9,600,9.84,10.066666666666666,2.540700414779903,2.548145200368133,,0.2619621095928071,0.0,1.0
10000009,transient_nonpersistent,Transient non-persistence,10,600,9.915,9.961666666666666,2.650059060040519,2.5326312253784256,,0.2392811836375057,0.0,1.0
10000010,transient_nonpersistent,Transient non-persistence,11,600,10.066666666666666,10.003333333333334,2.5709736283916578,2.623889647773901,,0.2533112657585671,0.0,1.0
10000011,transient_nonpersistent,Transient non-persistence,12,600,9.996666666666666,9.811666666666667,2.54508375259737,2.590504792639852,,0.2452401720417454,0.0,1.0
10000012,transient_nonpersistent,Transient non-persistence,13,600,10.07,10.0,2.527002751253232,2.604093348995732,,0.2482344566059662,0.0,1.0
10000013,transient_nonpersistent,Transient non-persistence,14,600,10.075,9.84,2.6427918788391374,2.5583801218896567,,0.2639257029635427,0.0,1.0
10000014,transient_nonpersistent,Transient non-persistence,15,600,9.966666666666669,9.976666666666668,2.5742183063414408,2.5606738644262137,,0.2496676462561656,0.0,1.0
10000015,transient_nonpersistent,Transient non-persistence,16,600,9.986666666666666,10.158333333333331,2.4920217715217605,2.593802274516641,,0.2474544816561469,0.0,1.0
10000016,transient_nonpersistent,Transient non-persistence,17,600,9.946666666666667,9.998333333333331,2.5881111686435827,2.5643629132412014,,0.2488823968913988,0.0,1.0
10000017,transient_nonpersistent,Transient non-persistence,18,600,10.04,10.163333333333334,2.5637253778479674,2.588659399128576,,0.2490795292111714,0.0,1.0
10000018,transient_nonpersistent,Transient non-persistence,19,600,10.051666666666666,9.936666666666667,2.558627531894232,2.594971808459594,,0.2498093445468713,0.0,1.0
10000019,transient_nonpersistent,Transient non-persistence,20,600,10.035,10.036666666666669,2.5445168388593404,2.5832364855201364,,0.2430964741227196,0.0,1.0
20,ideal_large_dense,"Ideal: large, dense",21,600,11.936666666666667,12.028333333333334,2.687879594913087,2.6506427649410718,-0.0062476393299911,0.0200709160902852,0.0,1.0
21,ideal_large_dense,"Ideal: large, dense",22,600,11.93,11.88,2.5071050955102026,2.5923220393937445,-0.0718895159043059,0.0260987203769801,0.0,1.0
22,ideal_large_dense,"Ideal: large, dense",23,600,12.143333333333333,11.991666666666667,2.548256575552581,2.600551608794865,-0.0567273745387182,0.0167966891448446,0.0,1.0
23,ideal_large_dense,"Ideal: large, dense",24,600,12.005,12.026666666666667,2.6311937025807954,2.580773050486828,-0.0441096775958157,0.0126594285887044,0.0,1.0
24,ideal_large_dense,"Ideal: large, dense",25,600,11.985,11.931666666666668,2.5275989120970235,2.562799991262339,-0.0638436126099015,0.0128354407643543,0.0,1.0
25,ideal_large_dense,"Ideal: large, dense",26,600,12.076666666666666,11.805,2.6335682432221885,2.5530056920107063,-0.0031710583369847,0.012884242569806,0.0,1.0
26,ideal_large_dense,"Ideal: large, dense",27,600,11.913333333333334,11.953333333333331,2.5897877435193464,2.5998244878905346,0.033970680594948,0.0230644474932529,0.0,1.0
27,ideal_large_dense,"Ideal: large, dense",28,600,11.911666666666669,11.956666666666669,2.5997040840121795,2.633695022462002,0.0503918151928696,0.015640485049314,0.0,1.0
28,ideal_large_dense,"Ideal: large, dense",29,600,12.03,11.891666666666667,2.5494966605266867,2.579603550875283,-0.0012079953521569,0.0091965733079144,0.0,1.0
29,ideal_large_dense,"Ideal: large, dense",30,600,12.11,11.873333333333331,2.566881662468138,2.5855555272571062,-0.0504640636076902,0.0112925733714783,0.0,1.0
30,ideal_large_dense,"Ideal: large, dense",31,600,12.085,12.003333333333334,2.6525777301254085,2.625161838824848,0.0319043196872299,-0.0022410584476995,0.0,1.0
31,ideal_large_dense,"Ideal: large, dense",32,600,12.213333333333331,12.116666666666667,2.646916287293976,2.5879628039599063,-0.0546939379669028,0.0114511846872031,0.0,1.0
32,ideal_large_dense,"Ideal: large, dense",33,600,12.0,11.845,2.590595550997508,2.603639740792312,-0.0167959779825674,0.0106657708592389,0.0,1.0
33,ideal_large_dense,"Ideal: large, dense",34,600,11.931666666666668,12.138333333333334,2.544494968875607,2.5212016947343665,-0.0065288404218554,0.0020107097470478,0.0,1.0
34,ideal_large_dense,"Ideal: large, dense",35,600,12.08,11.866666666666667,2.649899988663068,2.5599109611672164,-0.0447341198263549,-0.007501112156164,0.0,1.0
35,ideal_large_dense,"Ideal: large, dense",36,600,12.19,12.231666666666667,2.563497454390084,2.5947160682201864,0.0737575136142323,0.0059058717819834,0.0,1.0
36,ideal_large_dense,"Ideal: large, dense",37,600,11.99,11.806666666666668,2.582185017727485,2.580773050486828,-0.002416169400694,0.0100126778014021,0.0,1.0
37,ideal_large_dense,"Ideal: large, dense",38,600,12.025,12.076666666666666,2.67637440703109,2.603603940314064,0.0320028829829196,0.0010921215798011,0.0,1.0
38,ideal_large_dense,"Ideal: large, dense",39,600,11.903333333333334,11.84,2.6170091294315543,2.645006635183917,-0.0136588810136264,0.0122803714535594,0.0,1.0
39,ideal_large_dense,"Ideal: large, dense",40,600,11.938333333333333,11.935,2.540726150370044,2.5875214224916263,0.0451763668630575,0.0073390127334181,0.0,1.0
1000020,ideal_small_dense,"Ideal: small, dense",21,240,12.275,11.891666666666667,2.4967342686734204,2.554169069849912,-0.1062798988372963,0.0212338888877661,0.0,1.0
1000021,ideal_small_dense,"Ideal: small, dense",22,240,11.766666666666667,11.8375,2.667747340301849,2.514112884960888,-0.1086014563650101,0.0113647911133789,0.0,1.0
1000022,ideal_small_dense,"Ideal: small, dense",23,240,11.9375,11.754166666666666,2.5019343980643405,2.6908304183479927,-0.0573685419576202,0.0038799432611312,0.0,1.0
1000023,ideal_small_dense,"Ideal: small, dense",24,240,11.929166666666667,12.141666666666667,2.680938318013496,2.455617190851534,-0.012992082615103,0.020164398715403,0.0,1.0
1000024,ideal_small_dense,"Ideal: small, dense",25,240,11.733333333333333,11.9,2.5572387479363363,2.471257366344367,-0.052150023862398,0.0267929868566888,0.0,1.0
1000025,ideal_small_dense,"Ideal: small, dense",26,240,11.85,11.904166666666669,2.550412223633711,2.505889158402272,0.0004704563585395,0.017971944689272,0.0,1.0
1000026,ideal_small_dense,"Ideal: small, dense",27,240,11.941666666666666,11.879166666666666,2.5721255503149503,2.612727004278143,0.0039528354441379,0.0329059062773779,0.0,1.0
1000027,ideal_small_dense,"Ideal: small, dense",28,240,12.291666666666666,12.1375,2.643048301407001,2.538789040230594,0.0098674309798893,-0.0068364310730305,0.0,1.0
1000028,ideal_small_dense,"Ideal: small, dense",29,240,11.9125,12.041666666666666,2.580229385540822,2.5264983402566066,0.071259237362154,0.0011676253652374,0.0,1.0
1000029,ideal_small_dense,"Ideal: small, dense",30,240,11.608333333333333,12.15,2.5360854536416837,2.490651978967501,-0.0487814624575403,-0.0035987250108611,0.0,1.0
1000030,ideal_small_dense,"Ideal: small, dense",31,240,11.870833333333334,12.0875,2.571973041801669,2.539365798991525,-0.0537068161070583,0.0275725172838704,0.0,1.0
1000031,ideal_small_dense,"Ideal: small, dense",32,240,12.079166666666667,11.991666666666667,2.549506337754087,2.4884531107175576,0.0488808162135478,0.0130584883210165,0.0,1.0
1000032,ideal_small_dense,"Ideal: small, dense",33,240,12.0375,12.3375,2.6518032863423464,2.6048414049169817,0.0960030347264309,0.0196012141858815,0.0,1.0
1000033,ideal_small_dense,"Ideal: small, dense",34,240,12.0625,12.15,2.518602338716014,2.5700235252818397,0.0826099870989424,0.015630805232254,0.0,1.0
1000034,ideal_small_dense,"Ideal: small, dense",35,240,12.129166666666666,12.116666666666667,2.6123266160024925,2.6137177015033632,-0.0358384865946859,-0.0020418960222353,0.0,1.0
1000035,ideal_small_dense,"Ideal: small, dense",36,240,12.058333333333334,11.925,2.4641219109836427,2.573318193927182,0.0720055183503786,0.0318392085871857,0.0,1.0
1000036,ideal_small_dense,"Ideal: small, dense",37,240,11.979166666666666,11.966666666666669,2.5539335755864268,2.7026512113908367,-0.04718896456156,0.0099318393088881,0.0,1.0
1000037,ideal_small_dense,"Ideal: small, dense",38,240,12.0625,11.654166666666669,2.556526229052352,2.592470456599324,0.0286011914167066,0.0148429277967421,0.0,1.0
1000038,ideal_small_dense,"Ideal: small, dense",39,240,12.075,11.758333333333333,2.4873319206897198,2.5201973534109325,-0.1369856562525301,0.02228127052079,0.0,1.0
1000039,ideal_small_dense,"Ideal: small, dense",40,240,11.741666666666667,11.979166666666666,2.459703126398377,2.5226139008195623,-0.0418932245272071,0.0119037150177556,0.0,1.0
2000020,ideal_large_sparse,"Ideal: large, sparse",21,600,3.4766666666666666,6.046666666666667,1.1510852347175962,1.3920195471286323,0.0194505625263828,0.0332156130825325,0.0,1.0
2000021,ideal_large_sparse,"Ideal: large, sparse",22,600,3.4433333333333334,6.011666666666667,1.1070221552929302,1.4288456490130046,0.0161172009114642,0.0077012220724048,0.0,1.0
2000022,ideal_large_sparse,"Ideal: large, sparse",23,600,3.466666666666667,5.915,1.1244240472135691,1.4098775092131142,0.0158039044821032,0.0040362298690256,0.0,1.0
2000023,ideal_large_sparse,"Ideal: large, sparse",24,600,3.453333333333333,6.0,1.1150011666173951,1.3987831582747634,-0.0074996734290032,0.0037285420642358,0.0,1.0
2000024,ideal_large_sparse,"Ideal: large, sparse",25,600,3.435,6.0,1.1155787106996429,1.377132585094193,0.0041808916578303,0.0274640809973319,0.0,1.0
2000025,ideal_large_sparse,"Ideal: large, sparse",26,600,3.5,6.0216666666666665,1.129362252998344,1.4122752651648864,0.0138116628533349,0.0195766653022027,0.0,1.0
2000026,ideal_large_sparse,"Ideal: large, sparse",27,600,3.5866666666666664,5.97,1.0929225445426152,1.4115313319826146,-0.0297572053057032,0.0100289843072692,0.0,1.0
2000027,ideal_large_sparse,"Ideal: large, sparse",28,600,3.425,6.01,1.113451671323887,1.3843508872265518,-0.0287470326658115,0.0187159525210814,0.0,1.0
2000028,ideal_large_sparse,"Ideal: large, sparse",29,600,3.565,6.0,1.1304445326517958,1.3783443165957552,-0.0069172891982674,0.0057112105755545,0.0,1.0
2000029,ideal_large_sparse,"Ideal: large, sparse",30,600,3.5033333333333334,5.976666666666667,1.12787812757999,1.402164635482302,0.0205373461155974,0.0176880666849764,0.0,1.0
2000030,ideal_large_sparse,"Ideal: large, sparse",31,600,3.478333333333333,6.026666666666666,1.082350695138904,1.3973342933724249,0.0175708534190486,0.0036593667510018,0.0,1.0
2000031,ideal_large_sparse,"Ideal: large, sparse",32,600,3.54,5.94,1.080283150911636,1.428215553097705,-0.0360798185740599,-0.0160999690429396,0.0,1.0
2000032,ideal_large_sparse,"Ideal: large, sparse",33,600,3.475,5.976666666666667,1.0914946637531808,1.4045438623711362,0.0357533426903752,0.0158113664578778,0.0,1.0
2000033,ideal_large_sparse,"Ideal: large, sparse",34,600,3.543333333333333,6.048333333333333,1.1000632348900752,1.4570067501578587,0.0234513682548311,0.0045329338907944,0.0,1.0
2000034,ideal_large_sparse,"Ideal: large, sparse",35,600,3.5733333333333333,5.983333333333333,1.0893116582059492,1.4317140884060815,-0.0296992152049995,0.0125529540526815,0.0,1.0
2000035,ideal_large_sparse,"Ideal: large, sparse",36,600,3.515,6.056666666666667,1.1128817740765578,1.4607115912493605,0.0263863024425565,0.0136299911720544,0.0,1.0
2000036,ideal_large_sparse,"Ideal: large, sparse",37,600,3.498333333333333,6.048333333333333,1.1114807862122886,1.4186913091319642,-0.0578253270093951,-0.0020348573900129,0.0,1.0
2000037,ideal_large_sparse,"Ideal: large, sparse",38,600,3.6033333333333335,6.0633333333333335,1.0853350369630823,1.4339045852106185,0.0196297702923719,0.0138071240503976,0.0,1.0
2000038,ideal_large_sparse,"Ideal: large, sparse",39,600,3.4916666666666667,5.996666666666667,1.0917495518794305,1.4457313445992712,-0.0165038056795035,0.011097431407868,0.0,1.0
2000039,ideal_large_sparse,"Ideal: large, sparse",40,600,3.445,5.995,1.120595626261317,1.388592325971249,-0.0069847199199672,0.0064339071357381,0.0,1.0
3000020,serial_dependence,Serial dependence,21,600,10.058333333333334,10.038333333333334,2.4688234115230605,2.5542914013794165,0.0365495700820985,0.4961106859398826,0.0,1.0
3000021,serial_dependence,Serial dependence,22,600,10.068333333333332,10.12,2.55039305404201,2.5923220393937445,-0.0095084637208103,0.5207721474010101,0.0,1.0
3000022,serial_dependence,Serial dependence,23,600,9.898333333333332,10.03,2.592785139611303,2.564513185733243,-0.0123702720369358,0.4868529551636691,0.0,1.0
3000023,serial_dependence,Serial dependence,24,600,10.101666666666668,9.916666666666666,2.622236468306221,2.5691873088460184,-0.0286082617327596,0.491233630101746,0.0,1.0
3000024,serial_dependence,Serial dependence,25,600,9.825,9.98,2.576581641424326,2.7095823283284792,0.0698547558420629,0.49644803520564,0.0,1.0
3000025,serial_dependence,Serial dependence,26,600,10.036666666666669,10.001666666666669,2.6621671834070777,2.522353597007389,0.0493444337761944,0.5014744999264369,0.0,1.0
3000026,serial_dependence,Serial dependence,27,600,9.886666666666668,9.988333333333332,2.613146848081501,2.508389373875963,0.0001770847265182,0.4944111370264515,0.0,1.0
3000027,serial_dependence,Serial dependence,28,600,9.94,9.741666666666667,2.533857544685824,2.596696994457368,0.0157736194694717,0.5081875838184634,0.0,1.0
3000028,serial_dependence,Serial dependence,29,600,10.078333333333331,10.076666666666666,2.599382979737269,2.593324335173143,-0.0268158018332655,0.5043601166158437,0.0,1.0
3000029,serial_dependence,Serial dependence,30,600,10.005,10.07,2.6114506423497743,2.558517151925015,-0.0852009465931299,0.5052253667788904,0.0,1.0
3000030,serial_dependence,Serial dependence,31,600,10.033333333333331,10.023333333333332,2.535008086552592,2.4812059286409016,-0.0507203779769528,0.5070545026494113,0.0,1.0
3000031,serial_dependence,Serial dependence,32,600,10.103333333333332,9.808333333333334,2.567159143034377,2.6646007927135678,0.0123897712606704,0.4968800555384947,0.0,1.0
3000032,serial_dependence,Serial dependence,33,600,10.071666666666667,10.176666666666666,2.4953774738070247,2.628110950378882,0.043076986780688,0.5054974771463899,0.0,1.0
3000033,serial_dependence,Serial dependence,34,600,10.078333333333331,9.963333333333331,2.5729160597734158,2.615988254267655,0.0082991704863596,0.5062015313672455,0.0,1.0
3000034,serial_dependence,Serial dependence,35,600,9.981666666666667,10.018333333333333,2.5636466922778056,2.6005002515194025,-0.0477040191173743,0.5074964266793988,0.0,1.0
3000035,serial_dependence,Serial dependence,36,600,10.001666666666669,10.041666666666666,2.576702585847931,2.5815443389915247,0.0589899454301907,0.5168152538305567,0.0,1.0
3000036,serial_dependence,Serial dependence,37,600,10.19,9.953333333333331,2.5926375789968623,2.5753076005825504,-0.0076462490272545,0.5010102067869291,0.0,1.0
3000037,serial_dependence,Serial dependence,38,600,9.971666666666666,9.995,2.5149032691094075,2.50174730257539,-0.0312687551295609,0.5048298531295887,0.0,1.0
3000038,serial_dependence,Serial dependence,39,600,10.015,9.903333333333334,2.6114122852470523,2.6195595767576134,0.0023722653380612,0.5006071233259483,0.0,1.0
3000039,serial_dependence,Serial dependence,40,600,10.036666666666669,10.113333333333332,2.557908073356389,2.6837460841074665,0.009413470615374,0.5117411384126982,0.0,1.0
4000020,discrete_map_rounding,Integer MAP rounding,21,600,10.038333333333334,9.936666666666667,2.507457436038506,2.592397171354272,-0.0682254315993749,0.2466776624790246,0.0,1.0
4000021,discrete_map_rounding,Integer MAP rounding,22,600,9.991666666666667,9.678333333333333,2.57020241543659,2.6139852244184585,-0.0295095235461547,0.2120112725002189,0.0,1.0
4000022,discrete_map_rounding,Integer MAP rounding,23,600,9.976666666666668,9.953333333333331,2.5364367541695296,2.6241123257308,0.049784967723343,0.2203167660463917,0.0,1.0
4000023,discrete_map_rounding,Integer MAP rounding,24,600,9.828333333333331,10.065,2.6319338292768126,2.6436887392903152,-0.0493353324970387,0.2147959265921927,0.0,1.0
4000024,discrete_map_rounding,Integer MAP rounding,25,600,10.035,10.078333333333331,2.5919694267452247,2.500523595698168,0.065513259675298,0.2061679431099778,0.0,1.0
4000025,discrete_map_rounding,Integer MAP rounding,26,600,10.065,9.905,2.58816653444416,2.53706579301039,-0.0322000860492064,0.2405661453533493,0.0,1.0
4000026,discrete_map_rounding,Integer MAP rounding,27,600,10.021666666666668,9.903333333333334,2.654481935544569,2.5945857757649664,0.0472253668695952,0.2342894330170764,0.0,1.0
4000027,discrete_map_rounding,Integer MAP rounding,28,600,9.93,9.975,2.6018678278606107,2.56033210752721,0.0502348248760224,0.2054428615392768,0.0,1.0
4000028,discrete_map_rounding,Integer MAP rounding,29,600,10.01,9.99,2.5047334154497927,2.6136727943246814,0.0005282318006834,0.2235920107088093,0.0,1.0
4000029,discrete_map_rounding,Integer MAP rounding,30,600,9.965,9.875,2.5576051115273546,2.635200587601412,-0.0191671109299942,0.2198968104403239,0.0,1.0
4000030,discrete_map_rounding,Integer MAP rounding,31,600,10.095,10.005,2.5755965968521144,2.559145112371896,0.0483876989121748,0.2090652904150994,0.0,1.0
4000031,discrete_map_rounding,Integer MAP rounding,32,600,9.806666666666668,10.056666666666668,2.596251739343786,2.5880402126821087,0.0066115242705541,0.2373260453119242,0.0,1.0
4000032,discrete_map_rounding,Integer MAP rounding,33,600,10.055,10.01,2.6191745121714742,2.5489989524188488,0.0536495823249448,0.2300057211305864,0.0,1.0
4000033,discrete_map_rounding,Integer MAP rounding,34,600,10.096666666666666,10.028333333333334,2.601012174027248,2.581725404775844,-0.0157249642747723,0.2150090936638937,0.0,1.0
4000034,discrete_map_rounding,Integer MAP rounding,35,600,9.988333333333332,9.99,2.52959719959705,2.613033979424949,-0.0232934883786748,0.2291785318794058,0.0,1.0
4000035,discrete_map_rounding,Integer MAP rounding,36,600,10.021666666666668,9.985,2.5817900680499486,2.596023992110375,-0.0207912299869798,0.219548266367228,0.0,1.0
4000036,discrete_map_rounding,Integer MAP rounding,37,600,9.888333333333334,9.845,2.600089356796756,2.6170702629598583,0.0538018827375781,0.218668296146052,0.0,1.0
4000037,discrete_map_rounding,Integer MAP rounding,38,600,10.025,10.05,2.555763724151644,2.6272299535279595,-0.0123257492888687,0.2076668042474315,0.0,1.0
4000038,discrete_map_rounding,Integer MAP rounding,39,600,10.023333333333332,10.241666666666667,2.6383815716745387,2.57052716488231,0.0174645195662822,0.2173718896207732,0.0,1.0
4000039,discrete_map_rounding,Integer MAP rounding,40,600,9.866666666666667,9.978333333333332,2.587801528351647,2.485590638780827,-0.0083558384430046,0.2111676905979289,0.0,1.0
5000020,informative_monitoring,Informative monitoring,21,600,5.7683333333333335,5.913333333333333,3.742727691560998,4.027761204783639,-0.7261229831249573,0.3020630339108004,0.0,1.0
5000021,informative_monitoring,Informative monitoring,22,600,6.0216666666666665,5.928333333333334,3.990121008816301,3.821107866981433,-0.7358323061606057,0.3187513122557934,0.0,1.0
5000022,informative_monitoring,Informative monitoring,23,600,6.0183333333333335,6.1033333333333335,3.9897193288200303,4.107811145801558,-0.7513331253042408,0.3158486594959372,0.0,1.0
5000023,informative_monitoring,Informative monitoring,24,600,5.681666666666667,5.78,3.4953339594430197,3.6597709225226422,-0.7185899164087513,0.2841889678451252,0.0,1.0
5000024,informative_monitoring,Informative monitoring,25,600,5.735,5.58,3.611996566812383,3.3836886551303884,-0.7111197190886412,0.3051543352606412,0.0,1.0
5000025,informative_monitoring,Informative monitoring,26,600,5.62,5.625,3.652556449167797,3.429866125092946,-0.7064911074568866,0.3243714787199168,0.0,1.0
5000026,informative_monitoring,Informative monitoring,27,600,5.798333333333333,5.886666666666667,3.8724656925256986,3.796205234070932,-0.7115913707879894,0.2967262787799709,0.0,1.0
5000027,informative_monitoring,Informative monitoring,28,600,5.933333333333334,5.83,4.1268155479133934,3.8965461355295816,-0.7466716860078897,0.308544395253533,0.0,1.0
5000028,informative_monitoring,Informative monitoring,29,600,5.82,5.968333333333334,3.792744149069444,3.7896261027820457,-0.739301995871432,0.3080855334073428,0.0,1.0
5000029,informative_monitoring,Informative monitoring,30,600,6.166666666666667,6.1466666666666665,4.314693870277772,4.301471839832308,-0.7717217564697247,0.3402943472976442,0.0,1.0
5000030,informative_monitoring,Informative monitoring,31,600,6.013333333333334,6.041666666666667,3.949999119488783,3.826792101120408,-0.7279362754985049,0.3248867708038324,0.0,1.0
5000031,informative_monitoring,Informative monitoring,32,600,6.023333333333333,6.026666666666666,4.113107297606632,3.964696741994549,-0.7296379795491222,0.3092178328196625,0.0,1.0
5000032,informative_monitoring,Informative monitoring,33,600,5.88,5.821666666666666,3.927846734103945,3.694041209341889,-0.7175742493964671,0.2870094514040852,0.0,1.0
5000033,informative_monitoring,Informative monitoring,34,600,5.963333333333333,5.823333333333333,3.962510741248921,3.898390861334342,-0.7281371851860288,0.3362729715956795,0.0,1.0
5000034,informative_monitoring,Informative monitoring,35,600,5.751666666666667,5.78,3.711192819358711,3.8339838793756273,-0.7261773939152778,0.3058769559958667,0.0,1.0
5000035,informative_monitoring,Informative monitoring,36,600,5.931666666666667,5.883333333333334,3.9441421946529296,3.9304966049459167,-0.7090530443843561,0.3294664104158561,0.0,1.0
5000036,informative_monitoring,Informative monitoring,37,600,5.611666666666666,5.783333333333333,3.5087580224807127,3.641220450091677,-0.7203199522917185,0.2896711674757403,0.0,1.0
5000037,informative_monitoring,Informative monitoring,38,600,5.735,5.778333333333333,3.501219677777077,3.588964334904651,-0.7248629532167591,0.3045674490921,0.0,1.0
5000038,informative_monitoring,Informative monitoring,39,600,5.751666666666667,5.773333333333333,3.6754835311200593,3.726271244089696,-0.7243690745036317,0.3034198518078208,0.0,1.0
5000039,informative_monitoring,Informative monitoring,40,600,5.951666666666667,5.993333333333333,3.746472650073907,3.9058137680736498,-0.7180789903716255,0.3010510011261397,0.0,1.0
6000020,cluster_size_informative,Cluster size--level association,21,600,11.765,11.771666666666668,3.966021163978058,4.085014417789098,-0.9322136490935656,0.0216145846343989,0.0,1.0
6000021,cluster_size_informative,Cluster size--level association,22,600,11.621666666666666,11.668333333333331,4.189803652515625,4.140882603598359,-0.9305728739001692,0.0075541505095626,0.0,1.0
6000022,cluster_size_informative,Cluster size--level association,23,600,11.743333333333334,11.758333333333333,4.035417766453088,4.020390086750076,-0.934955620324521,0.0210616950401287,0.0,1.0
6000023,cluster_size_informative,Cluster size--level association,24,600,11.416666666666666,11.303333333333333,4.056741402517591,4.049525072286133,-0.9364872494754268,0.0344189048282485,0.0,1.0
6000024,cluster_size_informative,Cluster size--level association,25,600,11.59,11.476666666666668,4.225911801128627,4.199466007339531,-0.9351307018797476,0.0109159849496162,0.0,1.0
6000025,cluster_size_informative,Cluster size--level association,26,600,11.553333333333333,11.675,4.090849215145593,3.983191939895702,-0.9295325610841696,-0.0092813880091674,0.0,1.0
6000026,cluster_size_informative,Cluster size--level association,27,600,11.763333333333334,11.781666666666666,4.199211575043048,4.096172392531567,-0.9409220873669494,0.0288938767041996,0.0,1.0
6000027,cluster_size_informative,Cluster size--level association,28,600,11.48,11.506666666666666,4.1791596794144406,4.120062347238301,-0.9328772547418378,0.0104691565246413,0.0,1.0
6000028,cluster_size_informative,Cluster size--level association,29,600,11.576666666666666,11.536666666666669,3.9942515733999824,3.994402037219981,-0.9311485478141038,0.0073665241545884,0.0,1.0
6000029,cluster_size_informative,Cluster size--level association,30,600,11.583333333333334,11.451666666666666,4.109485207420215,4.145637192894969,-0.9321208720833288,0.013735131176281,0.0,1.0
6000030,cluster_size_informative,Cluster size--level association,31,600,11.576666666666666,11.753333333333334,4.217079774590983,4.15948607758277,-0.9352123087775452,0.0118583429142993,0.0,1.0
6000031,cluster_size_informative,Cluster size--level association,32,600,11.621666666666666,11.465,4.1048687109470885,4.180658421995552,-0.9411020073035538,0.0122924162256861,0.0,1.0
6000032,cluster_size_informative,Cluster size--level association,33,600,11.648333333333332,11.646666666666668,4.0470517996855175,4.084069244214826,-0.9323305942230916,0.0073895529045405,0.0,1.0
6000033,cluster_size_informative,Cluster size--level association,34,600,11.281666666666666,11.348333333333333,4.004046019936814,3.96230113351783,-0.9273284994043636,0.0067818339212658,0.0,1.0
6000034,cluster_size_informative,Cluster size--level association,35,600,11.39,11.575,4.1685562771451465,4.06799984077034,-0.9356037508388388,0.0084498161938443,0.0,1.0
6000035,cluster_size_informative,Cluster size--level association,36,600,11.686666666666667,11.755,4.099573114576502,4.08854113521648,-0.9354664563691192,0.0090476075051212,0.0,1.0
6000036,cluster_size_informative,Cluster size--level association,37,600,11.336666666666666,11.373333333333331,4.258350008733864,4.074099413646654,-0.9353617020168996,0.0312146921253123,0.0,1.0
6000037,cluster_size_informative,Cluster size--level association,38,600,11.558333333333334,11.463333333333331,3.9757105460700286,4.113821593408357,-0.9341959006394116,0.0156178490585236,0.0,1.0
6000038,cluster_size_informative,Cluster size--level association,39,600,11.391666666666667,11.29,4.215592000587175,4.136554743008144,-0.9341505277095504,0.019453901465947,0.0,1.0
6000039,cluster_size_informative,Cluster size--level association,40,600,11.403333333333334,11.433333333333334,4.051915463138752,3.932938116209319,-0.9320398920902382,0.0260701038081174,0.0,1.0
7000020,common_time_misspecified,Misspecified common time,21,600,10.006666666666666,9.913333333333334,2.621973836677741,2.5085807111185168,0.0402361375419298,0.2045624511947092,0.0,1.0
7000021,common_time_misspecified,Misspecified common time,22,600,9.865,10.031666666666666,2.57186037262792,2.539963828345671,0.0154023993529447,0.2206676045639277,0.0,1.0
7000022,common_time_misspecified,Misspecified common time,23,600,10.163333333333334,9.99,2.6786715035496176,2.613672794324682,0.0384330481170864,0.2216125672193264,0.0,1.0
7000023,common_time_misspecified,Misspecified common time,24,600,9.848333333333333,9.91,2.5709297972249887,2.588384223438806,-0.0103260946681581,0.2065861797908521,0.0,1.0
7000024,common_time_misspecified,Misspecified common time,25,600,9.983333333333333,9.963333333333331,2.596978253465074,2.6108778908936903,0.0633437485299428,0.2046198218667381,0.0,1.0
7000025,common_time_misspecified,Misspecified common time,26,600,10.063333333333333,9.953333333333331,2.6345569594988127,2.607518771897636,-0.0146676370113786,0.2157506925446223,0.0,1.0
7000026,common_time_misspecified,Misspecified common time,27,600,10.1,10.038333333333334,2.686763448782977,2.638522355901729,0.0008692887036123,0.2197698248395213,0.0,1.0
7000027,common_time_misspecified,Misspecified common time,28,600,10.09,10.018333333333333,2.582572904038617,2.518313004679545,-0.0499714564825459,0.216052393120738,0.0,1.0
7000028,common_time_misspecified,Misspecified common time,29,600,9.921666666666669,9.96,2.5514140023212537,2.5928629409176205,-0.0400747467441434,0.2156961831811527,0.0,1.0
7000029,common_time_misspecified,Misspecified common time,30,600,10.101666666666668,10.245,2.662670384817817,2.551959213305984,-0.0396938232563354,0.1975128333011142,0.0,1.0
7000030,common_time_misspecified,Misspecified common time,31,600,9.965,10.053333333333333,2.5128268606065247,2.500849048922796,0.0512664252453738,0.2443852346694809,0.0,1.0
7000031,common_time_misspecified,Misspecified common time,32,600,10.085,10.076666666666666,2.6139043261713493,2.567445263458792,0.0227374814706424,0.2043255154861689,0.0,1.0
7000032,common_time_misspecified,Misspecified common time,33,600,9.905,9.896666666666668,2.5723536574309067,2.6421500999767025,0.0573898892620911,0.2283539172324192,0.0,1.0
7000033,common_time_misspecified,Misspecified common time,34,600,10.148333333333332,10.08,2.604669728817056,2.6086282926630493,0.0072830539112955,0.215548943111469,0.0,1.0
7000034,common_time_misspecified,Misspecified common time,35,600,10.006666666666666,10.06,2.60600735726752,2.5866744688911583,0.0014638414200965,0.2231695510912743,0.0,1.0
7000035,common_time_misspecified,Misspecified common time,36,600,10.078333333333331,9.785,2.586506120633717,2.5045084556336734,0.0210787056631504,0.2008211661931449,0.0,1.0
7000036,common_time_misspecified,Misspecified common time,37,600,10.135,10.03,2.5660116314665,2.5955721896438857,-0.0412655618605863,0.2086489962249475,0.0,1.0
7000037,common_time_misspecified,Misspecified common time,38,600,10.075,9.948333333333334,2.613572191337408,2.5402924434769707,-0.0252683133771383,0.2137005968212809,0.0,1.0
7000038,common_time_misspecified,Misspecified common time,39,600,9.901666666666667,9.963333333333331,2.5767673751683087,2.6369638195973284,0.0215961698862525,0.2263229642385487,0.0,1.0
7000039,common_time_misspecified,Misspecified common time,40,600,9.883333333333333,10.156666666666666,2.45283840668406,2.640152691154416,-0.0326635373613542,0.2068268931446062,0.0,1.0
8000020,level_plus_shape,Persistent level plus shape,21,600,12.068333333333332,11.988333333333332,2.6252270220085787,2.639408016965596,-0.0720360819754696,0.2447031424614922,0.0,1.0
8000021,level_plus_shape,Persistent level plus shape,22,600,12.068333333333332,11.911666666666669,2.593879508972484,2.652468637328046,0.0252567698921113,0.2375387240723453,0.0,1.0
8000022,level_plus_shape,Persistent level plus shape,23,600,11.933333333333334,11.878333333333334,2.630669672745084,2.53789915265967,0.0077261364520551,0.2539561909047332,0.0,1.0
8000023,level_plus_shape,Persistent level plus shape,24,600,12.006666666666666,12.231666666666667,2.6441649411390364,2.53943795568498,0.0055723096215228,0.2703054950188744,0.0,1.0
8000024,level_plus_shape,Persistent level plus shape,25,600,12.146666666666668,11.961666666666666,2.516421304655966,2.5154342709576154,0.0102253646111323,0.2576315904197597,0.0,1.0
8000025,level_plus_shape,Persistent level plus shape,26,600,11.736666666666666,11.856666666666667,2.563514820700049,2.628873113198452,-0.0320713088405084,0.2427855463193332,0.0,1.0
8000026,level_plus_shape,Persistent level plus shape,27,600,12.026666666666667,12.09,2.5205576579533613,2.527029176873102,-0.028683581643265,0.2492934101961957,0.0,1.0
8000027,level_plus_shape,Persistent level plus shape,28,600,11.983333333333333,12.045,2.5769730704644003,2.5252597016811738,0.0315036185927481,0.2630269661963755,0.0,1.0
8000028,level_plus_shape,Persistent level plus shape,29,600,11.748333333333331,11.986666666666666,2.609536361551477,2.600851707594466,-0.0192181339067321,0.2502461948589186,0.0,1.0
8000029,level_plus_shape,Persistent level plus shape,30,600,12.098333333333333,12.091666666666669,2.615989849695855,2.5325784907695827,-0.0127558535298432,0.253435256503156,0.0,1.0
8000030,level_plus_shape,Persistent level plus shape,31,600,11.88,12.13,2.568383601386896,2.493350087284764,-0.02175143846813,0.2515904377440144,0.0,1.0
8000031,level_plus_shape,Persistent level plus shape,32,600,11.875,11.841666666666669,2.572366637332524,2.596375518283541,0.1120590666632142,0.2415334217557137,0.0,1.0
8000032,level_plus_shape,Persistent level plus shape,33,600,11.995,11.996666666666666,2.59348902231108,2.5970296803894244,0.0065197095831159,0.2553632690705754,0.0,1.0
8000033,level_plus_shape,Persistent level plus shape,34,600,11.88,12.01,2.690290462252259,2.522665204280613,0.0594279968447029,0.2623399506449632,0.0,1.0
8000034,level_plus_shape,Persistent level plus shape,35,600,12.016666666666667,11.986666666666666,2.653574567546848,2.630847357523149,0.0367465478481117,0.2482702997758651,0.0,1.0
8000035,level_plus_shape,Persistent level plus shape,36,600,11.83,11.891666666666667,2.5518529063066526,2.6187835473112964,0.0074340565188315,0.2496136949307902,0.0,1.0
8000036,level_plus_shape,Persistent level plus shape,37,600,12.17,12.278333333333334,2.5998137855493715,2.605541267705891,-0.0553422669202512,0.2516613191156808,0.0,1.0
8000037,level_plus_shape,Persistent level plus shape,38,600,12.016666666666667,11.991666666666667,2.543719009551726,2.593480439526371,0.0241960026545448,0.2372300704310025,0.0,1.0
8000038,level_plus_shape,Persistent level plus shape,39,600,11.908333333333331,12.016666666666667,2.5483499304128703,2.5587694420009304,-0.0407961443779673,0.2464615583287248,0.0,1.0
8000039,level_plus_shape,Persistent level plus shape,40,600,12.108333333333333,11.921666666666669,2.643528758316991,2.598740652159079,-0.0076104598823143,0.2409633266656289,0.0,1.0
9000020,treatment_feedback,Treatment feedback,21,600,9.935,9.941666666666666,2.560279943479157,2.5216784077691665,-0.0237264312587715,0.2635418426458258,0.2933333333333333,1.0
9000021,treatment_feedback,Treatment feedback,22,600,10.028333333333334,10.041666666666666,2.4781240997938045,2.5983037787050507,-0.0407332546255112,0.2613875717570394,0.2816666666666667,1.0
9000022,treatment_feedback,Treatment feedback,23,600,10.058333333333334,10.045,2.5727992632482053,2.631447483756094,-0.0593567520265865,0.269001947090245,0.2733333333333333,1.0
9000023,treatment_feedback,Treatment feedback,24,600,10.113333333333332,9.995,2.573232357074408,2.5947761185072005,0.0270263447727089,0.266085994975615,0.25,1.0
9000024,treatment_feedback,Treatment feedback,25,600,9.863333333333332,9.895,2.5610389342856736,2.6731787833987752,-0.0053741794006872,0.2426745212650265,0.2583333333333333,1.0
9000025,treatment_feedback,Treatment feedback,26,600,10.165,10.198333333333334,2.544648054814546,2.591690308140824,-0.0070894352041029,0.2648514541728134,0.27,1.0
9000026,treatment_feedback,Treatment feedback,27,600,9.938333333333333,9.766666666666667,2.6036824869872217,2.652788035789315,0.0127142716482512,0.2634173996310689,0.28,1.0
9000027,treatment_feedback,Treatment feedback,28,600,10.053333333333333,10.111666666666666,2.5432136064375004,2.6090629041129407,0.0639511754398591,0.2564626504240259,0.3083333333333333,1.0
9000028,treatment_feedback,Treatment feedback,29,600,10.001666666666669,10.193333333333332,2.554578963029487,2.566502245960396,-0.026464523664782,0.2538457612783936,0.2383333333333333,1.0
9000029,treatment_feedback,Treatment feedback,30,600,10.045,9.788333333333334,2.5574484493243625,2.5339492339210423,-0.1076130282287327,0.2482660288185646,0.2716666666666666,1.0
9000030,treatment_feedback,Treatment feedback,31,600,9.846666666666666,9.956666666666669,2.639716347048868,2.6727067099636463,0.0517486356803099,0.2682322088050693,0.325,1.0
9000031,treatment_feedback,Treatment feedback,32,600,9.975,10.016666666666667,2.597232699655591,2.634632999228405,0.0090587623247621,0.2517422543859676,0.2516666666666666,1.0
9000032,treatment_feedback,Treatment feedback,33,600,10.011666666666668,10.181666666666668,2.585731469870635,2.598702107455639,0.0676286713083072,0.2511748818007822,0.2616666666666666,1.0
9000033,treatment_feedback,Treatment feedback,34,600,10.053333333333333,9.971666666666666,2.520133729039518,2.501591591308434,0.0042336117497974,0.2389936824940446,0.2916666666666667,1.0
9000034,treatment_feedback,Treatment feedback,35,600,10.01,9.965,2.573766459811265,2.6448882881439943,0.0079894263592521,0.2475011297112629,0.265,1.0
9000035,treatment_feedback,Treatment feedback,36,600,9.695,9.926666666666666,2.624904799927253,2.599850173329576,-0.0894159371236157,0.2408874727371026,0.2683333333333333,1.0
9000036,treatment_feedback,Treatment feedback,37,600,10.085,9.943333333333332,2.57465008076774,2.5444539621494533,-0.0641505562186187,0.252358058197454,0.2616666666666666,1.0
9000037,treatment_feedback,Treatment feedback,38,600,9.933333333333334,10.025,2.5389563580078867,2.553149549289085,0.0250954399537874,0.259059263029141,0.24,1.0
9000038,treatment_feedback,Treatment feedback,39,600,9.823333333333334,10.103333333333332,2.575495586889191,2.652240472020702,0.0154001017810009,0.246304789878415,0.26,1.0
9000039,treatment_feedback,Treatment feedback,40,600,9.825,9.988333333333332,2.6081370678976152,2.5623830510658507,-0.0424883145895492,0.2641912097552621,0.305,1.0
10000020,transient_nonpersistent,Transient non-persistence,21,600,10.148333333333332,10.013333333333334,2.6149047337969336,2.589271989952416,,0.2443269649751961,0.0,1.0
10000021,transient_nonpersistent,Transient non-persistence,22,600,10.088333333333331,9.881666666666666,2.661892812354208,2.6525567510897496,,0.2397096060844799,0.0,1.0
10000022,transient_nonpersistent,Transient non-persistence,23,600,10.038333333333334,10.178333333333333,2.496782013497995,2.637826270741355,,0.2486418516183429,0.0,1.0
10000023,transient_nonpersistent,Transient non-persistence,24,600,10.058333333333334,9.84,2.601835211217801,2.60173308105227,,0.2504633555991842,0.0,1.0
10000024,transient_nonpersistent,Transient non-persistence,25,600,10.07,10.22,2.614669033917718,2.477599139454641,,0.250051393655936,0.0,1.0
10000025,transient_nonpersistent,Transient non-persistence,26,600,10.026666666666667,9.916666666666666,2.633282967615668,2.669256533123332,,0.2580414665364683,0.0,1.0
10000026,transient_nonpersistent,Transient non-persistence,27,600,10.003333333333334,9.943333333333332,2.543115139596376,2.5588477338633075,,0.2463225104169321,0.0,1.0
10000027,transient_nonpersistent,Transient non-persistence,28,600,9.93,10.095,2.4944211542609858,2.5449498258367904,,0.2445935563909462,0.0,1.0
10000028,transient_nonpersistent,Transient non-persistence,29,600,10.128333333333334,10.025,2.603810721361421,2.564892354072577,,0.252642924800299,0.0,1.0
10000029,transient_nonpersistent,Transient non-persistence,30,600,10.04,9.938333333333333,2.5342528278882184,2.557100276732285,,0.2439450677174523,0.0,1.0
10000030,transient_nonpersistent,Transient non-persistence,31,600,10.013333333333334,9.99,2.483297572505473,2.6886082565636267,,0.2450161178278881,0.0,1.0
10000031,transient_nonpersistent,Transient non-persistence,32,600,10.035,10.045,2.518799101726475,2.548948193829115,,0.2496564336628277,0.0,1.0
10000032,transient_nonpersistent,Transient non-persistence,33,600,9.933333333333334,10.023333333333332,2.6090037158919723,2.6547822264746244,,0.2483726713847872,0.0,1.0
10000033,transient_nonpersistent,Transient non-persistence,34,600,10.005,9.966666666666669,2.5050816467255648,2.5045312302626925,,0.2500075751210244,0.0,1.0
10000034,transient_nonpersistent,Transient non-persistence,35,600,9.981666666666667,10.11,2.595359391846075,2.595983799348036,,0.2562887386946644,0.0,1.0
10000035,transient_nonpersistent,Transient non-persistence,36,600,9.988333333333332,9.958333333333334,2.588312737466973,2.7003859037065645,,0.2599787063502918,0.0,1.0
10000036,transient_nonpersistent,Transient non-persistence,37,600,10.118333333333334,9.926666666666666,2.482862238838603,2.522940930829796,,0.2557691310530589,0.0,1.0
10000037,transient_nonpersistent,Transient non-persistence,38,600,10.028333333333334,10.095,2.5518065659722566,2.6509786519362435,,0.2566420663424814,0.0,1.0
10000038,transient_nonpersistent,Transient non-persistence,39,600,9.901666666666667,9.981666666666667,2.5624742625307366,2.671433726012373,,0.2515915725533627,0.0,1.0
10000039,transient_nonpersistent,Transient non-persistence,40,600,10.1,10.011666666666668,2.557518622122657,2.5381622620187456,,0.2702517563256871,0.0,1.0
40,ideal_large_dense,"Ideal: large, dense",41,600,12.071666666666667,12.05,2.564011338859201,2.5971925255985626,0.0752375473029385,0.0099344485305631,0.0,1.0
41,ideal_large_dense,"Ideal: large, dense",42,600,12.038333333333334,11.89,2.502792541622169,2.5843822703951043,0.05311902023414,0.026007938491567,0.0,1.0
42,ideal_large_dense,"Ideal: large, dense",43,600,11.85,12.016666666666667,2.586887443320127,2.677998322238473,-0.0238689662997834,0.0275869599780357,0.0,1.0
43,ideal_large_dense,"Ideal: large, dense",44,600,11.895,11.968333333333334,2.5445562043563803,2.573266417541779,0.0002061017555872,0.0116457441798997,0.0,1.0
44,ideal_large_dense,"Ideal: large, dense",45,600,11.856666666666667,11.971666666666666,2.573679972962373,2.5733053432381707,-0.0208450753195697,0.0227262560089334,0.0,1.0
45,ideal_large_dense,"Ideal: large, dense",46,600,12.021666666666668,11.935,2.6582527598244075,2.6106450248440334,0.0783577776212266,0.0042809868568439,0.0,1.0
46,ideal_large_dense,"Ideal: large, dense",47,600,11.998333333333331,12.006666666666666,2.5526176728726906,2.566632337938661,0.0178616220973703,0.013496060166283,0.0,1.0
47,ideal_large_dense,"Ideal: large, dense",48,600,12.203333333333331,12.153333333333334,2.5572553281943096,2.5000478570822846,0.0726792252157496,0.03057731207671,0.0,1.0
48,ideal_large_dense,"Ideal: large, dense",49,600,12.028333333333334,11.896666666666668,2.546567408263577,2.547575145262023,-0.0023637394317012,0.0249136710235537,0.0,1.0
49,ideal_large_dense,"Ideal: large, dense",50,600,11.726666666666668,12.148333333333332,2.643912380674398,2.644741004431832,-0.044053068935271,0.0007579523324022,0.0,1.0
50,ideal_large_dense,"Ideal: large, dense",51,600,11.94,11.995,2.5911883557855453,2.542127525110258,-0.0117872862899962,0.0210327471035458,0.0,1.0
51,ideal_large_dense,"Ideal: large, dense",52,600,12.028333333333334,12.096666666666666,2.621510585866204,2.5803913633793147,0.0073528799156213,0.0164811813678801,0.0,1.0
52,ideal_large_dense,"Ideal: large, dense",53,600,12.13,11.925,2.5944141872411706,2.5370789534475886,0.0104940597644502,0.0275288994949932,0.0,1.0
53,ideal_large_dense,"Ideal: large, dense",54,600,12.078333333333331,11.846666666666666,2.612196362952051,2.5931376413398843,0.0541376416738691,0.0139584087109865,0.0,1.0
54,ideal_large_dense,"Ideal: large, dense",55,600,12.075,11.96,2.5600060647883085,2.604426692638685,-0.0493801860979354,0.0177677063414332,0.0,1.0
55,ideal_large_dense,"Ideal: large, dense",56,600,11.915,11.881666666666666,2.5281932815315566,2.530151510614861,0.0468782655392018,0.0359770776066679,0.0,1.0
56,ideal_large_dense,"Ideal: large, dense",57,600,12.0,12.015,2.551637007693633,2.6444464123983957,0.0542897340795543,0.0072871826463582,0.0,1.0
57,ideal_large_dense,"Ideal: large, dense",58,600,12.075,11.816666666666666,2.5943385774459045,2.4738476291752862,-0.0982503786681619,0.0053703060580537,0.0,1.0
58,ideal_large_dense,"Ideal: large, dense",59,600,11.855,11.99,2.595226451369864,2.663028263566547,0.070846381840199,0.0144374158172874,0.0,1.0
59,ideal_large_dense,"Ideal: large, dense",60,600,11.911666666666669,11.92,2.562839075928113,2.586132273020065,-0.0411925981053352,0.0169513162627308,0.0,1.0
1000040,ideal_small_dense,"Ideal: small, dense",41,240,11.854166666666666,12.125,2.6353692057787814,2.553404487539616,-0.0258921593271178,0.0112969809629557,0.0,1.0
1000041,ideal_small_dense,"Ideal: small, dense",42,240,11.891666666666667,11.979166666666666,2.667943383355837,2.573518043175433,-0.0444765724095364,0.016159382021298,0.0,1.0
1000042,ideal_small_dense,"Ideal: small, dense",43,240,12.05,12.2125,2.5246897982536107,2.701434997556873,-0.0250412519849627,0.0020161651183179,0.0,1.0
1000043,ideal_small_dense,"Ideal: small, dense",44,240,12.0375,11.916666666666666,2.673801690696516,2.4480658690694272,0.0547836878326027,0.0160810088032511,0.0,1.0
1000044,ideal_small_dense,"Ideal: small, dense",45,240,12.204166666666667,11.975,2.5441670372694856,2.582407491447244,0.0429583929425674,0.010915952672765,0.0,1.0
1000045,ideal_small_dense,"Ideal: small, dense",46,240,11.9375,12.0,2.5614314283898167,2.644960472215339,-0.0535773477052859,0.0192395653651338,0.0,1.0
1000046,ideal_small_dense,"Ideal: small, dense",47,240,12.254166666666666,11.883333333333333,2.724056654751965,2.510841207729465,-0.017265263196668,-0.0118465224266179,0.0,1.0
1000047,ideal_small_dense,"Ideal: small, dense",48,240,11.804166666666667,12.2375,2.598515695830676,2.609495454526919,0.0069476990478969,0.0152414830738483,0.0,1.0
1000048,ideal_small_dense,"Ideal: small, dense",49,240,12.079166666666667,12.041666666666666,2.617526886470261,2.639880285523719,0.0438711516715553,0.0280022825658366,0.0,1.0
1000049,ideal_small_dense,"Ideal: small, dense",50,240,11.916666666666666,11.908333333333331,2.6735441299488256,2.4202625582293926,-0.0211145325159705,0.0046184197060745,0.0,1.0
1000050,ideal_small_dense,"Ideal: small, dense",51,240,11.870833333333334,11.608333333333333,2.558925501271964,2.514546244811235,0.1070982572132336,0.0457781191120079,0.0,1.0
1000051,ideal_small_dense,"Ideal: small, dense",52,240,12.05,12.020833333333334,2.4963571786064422,2.599401148714572,-0.0069427718109333,0.0076302604666862,0.0,1.0
1000052,ideal_small_dense,"Ideal: small, dense",53,240,11.9625,12.1,2.669103010125516,2.5577840828001768,0.0492288015166382,0.0041632608339597,0.0,1.0
1000053,ideal_small_dense,"Ideal: small, dense",54,240,11.7875,11.95,2.4869218593932607,2.508062313627326,0.1273531712072411,0.0082859768486532,0.0,1.0
1000054,ideal_small_dense,"Ideal: small, dense",55,240,11.933333333333334,11.891666666666667,2.4519937522814645,2.641147947875364,-0.006367004258349,0.0128871628911734,0.0,1.0
1000055,ideal_small_dense,"Ideal: small, dense",56,240,11.8625,12.208333333333334,2.594218306011825,2.691675788335559,0.116782617056218,0.0170059935128713,0.0,1.0
1000056,ideal_small_dense,"Ideal: small, dense",57,240,11.958333333333334,11.725,2.4965108147686093,2.596948643969346,-0.0077612638184025,-0.0171486971903587,0.0,1.0
1000057,ideal_small_dense,"Ideal: small, dense",58,240,12.295833333333333,11.883333333333333,2.495180151580723,2.6439584034268777,-0.0652265741108028,0.0095215176565332,0.0,1.0
1000058,ideal_small_dense,"Ideal: small, dense",59,240,12.1375,12.0625,2.589375217448488,2.518602338716014,-0.129627024764258,0.0004002318444504,0.0,1.0
1000059,ideal_small_dense,"Ideal: small, dense",60,240,12.058333333333334,11.841666666666669,2.589957539379363,2.5152117401183167,-0.0653797278041188,0.0257198213636141,0.0,1.0
2000040,ideal_large_sparse,"Ideal: large, sparse",41,600,3.473333333333333,5.9816666666666665,1.1111615644267585,1.455401735802358,-0.0048708015068241,0.0292832695827689,0.0,1.0
2000041,ideal_large_sparse,"Ideal: large, sparse",42,600,3.455,6.005,1.137305634754678,1.4416792518131467,0.0532197564637088,0.0277058389223574,0.0,1.0
2000042,ideal_large_sparse,"Ideal: large, sparse",43,600,3.5016666666666665,5.913333333333333,1.108472706832187,1.4186295282606298,0.0693170159589125,0.0022889402758889,0.0,1.0
2000043,ideal_large_sparse,"Ideal: large, sparse",44,600,3.4816666666666665,5.9,1.1306906404625472,1.4165725524402948,-0.0934233190486302,-0.0028034915479209,0.0,1.0
2000044,ideal_large_sparse,"Ideal: large, sparse",45,600,3.4966666666666666,5.966666666666667,1.1129780272032708,1.4007709142275189,0.0344796739648475,-0.0011911311401794,0.0,1.0
2000045,ideal_large_sparse,"Ideal: large, sparse",46,600,3.428333333333333,5.97,1.1285624976375976,1.422135993722495,-0.0444905180711851,0.0313964253395767,0.0,1.0
2000046,ideal_large_sparse,"Ideal: large, sparse",47,600,3.506666666666667,6.016666666666667,1.126382165842527,1.4490992731329857,0.0354147405620895,0.0161382117956258,0.0,1.0
2000047,ideal_large_sparse,"Ideal: large, sparse",48,600,3.431666666666666,5.908333333333333,1.0942239711567183,1.44571113644426,-0.0033574769325469,-0.0028205444970282,0.0,1.0
2000048,ideal_large_sparse,"Ideal: large, sparse",49,600,3.515,6.023333333333333,1.1336888538581784,1.4152008849618785,-0.0120024532640193,-0.0025881432525844,0.0,1.0
2000049,ideal_large_sparse,"Ideal: large, sparse",50,600,3.506666666666667,5.955,1.130819825621624,1.427013997214841,0.0486549565299498,-0.00049056824339,0.0,1.0
2000050,ideal_large_sparse,"Ideal: large, sparse",51,600,3.56,6.16,1.1439322393745477,1.3859779549061413,-0.0050973944321786,0.032657154446319,0.0,1.0
2000051,ideal_large_sparse,"Ideal: large, sparse",52,600,3.37,5.89,1.091674366070713,1.384833180650429,-0.0464400231319167,-0.0018583033563214,0.0,1.0
2000052,ideal_large_sparse,"Ideal: large, sparse",53,600,3.493333333333333,6.0633333333333335,1.1219269535211658,1.4362312334075065,-0.0499906516093438,0.0216647262647947,0.0,1.0
2000053,ideal_large_sparse,"Ideal: large, sparse",54,600,3.4883333333333333,5.913333333333333,1.1203969703521064,1.4221555586305583,0.0276354540177149,0.0148948802456692,0.0,1.0
2000054,ideal_large_sparse,"Ideal: large, sparse",55,600,3.418333333333333,5.926666666666667,1.096357859680418,1.3992445692216864,-0.0350862940864808,-0.0324418551766925,0.0,1.0
2000055,ideal_large_sparse,"Ideal: large, sparse",56,600,3.5116666666666667,5.885,1.1144208264922884,1.385029064381672,-0.0489902268469603,0.0246239476961548,0.0,1.0
2000056,ideal_large_sparse,"Ideal: large, sparse",57,600,3.4133333333333336,6.046666666666667,1.126026397545296,1.408709691128263,-0.0052289963661437,-0.0178492985201729,0.0,1.0
2000057,ideal_large_sparse,"Ideal: large, sparse",58,600,3.613333333333333,5.971666666666667,1.1295790382091424,1.420408329293176,0.0226923410984087,0.0270441299867576,0.0,1.0
2000058,ideal_large_sparse,"Ideal: large, sparse",59,600,3.498333333333333,5.965,1.12194555360959,1.3989412882175576,-0.0629493242125734,0.0292817772766402,0.0,1.0
2000059,ideal_large_sparse,"Ideal: large, sparse",60,600,3.631666666666667,5.948333333333333,1.1216479151817689,1.420925380559239,-0.0099256909671507,0.0189594533625752,0.0,1.0
3000040,serial_dependence,Serial dependence,41,600,9.95,10.015,2.5862420123112493,2.5740664385462324,-0.0315160779133039,0.5153364615848213,0.0,1.0
3000041,serial_dependence,Serial dependence,42,600,9.97,9.905,2.607123924672102,2.60396032014984,0.0542235651584078,0.4781145517075379,0.0,1.0
3000042,serial_dependence,Serial dependence,43,600,9.838333333333331,9.963333333333331,2.60835895720629,2.592912303294601,-0.0176509545819214,0.513886792531214,0.0,1.0
3000043,serial_dependence,Serial dependence,44,600,9.976666666666668,10.15,2.548256575552581,2.547216884450042,-0.0230173186636882,0.50873958748113,0.0,1.0
3000044,serial_dependence,Serial dependence,45,600,9.988333333333332,10.026666666666667,2.5701894246052777,2.5370619545366813,0.0441690287342895,0.4997930952296668,0.0,1.0
3000045,serial_dependence,Serial dependence,46,600,10.063333333333333,9.813333333333333,2.5930410702897166,2.559832701823389,0.0621790361077701,0.491889225714595,0.0,1.0
3000046,serial_dependence,Serial dependence,47,600,10.148333333333332,10.028333333333334,2.5801988810940304,2.6068224132160656,0.0007848540471155,0.5119367197239655,0.0,1.0
3000047,serial_dependence,Serial dependence,48,600,9.841666666666669,10.073333333333334,2.557505022893556,2.540087064001955,0.0214856675895547,0.5180551902662979,0.0,1.0
3000048,serial_dependence,Serial dependence,49,600,10.04,10.165,2.540174694608992,2.590165360420812,0.0140755691172739,0.4913152851755726,0.0,1.0
3000049,serial_dependence,Serial dependence,50,600,9.991666666666667,10.155,2.5597886798910543,2.5997897051206698,-0.0792902558134545,0.5066061610760582,0.0,1.0
3000050,serial_dependence,Serial dependence,51,600,10.068333333333332,10.14,2.6086405587643293,2.6290530360652813,0.0281446047304397,0.4963452025992999,0.0,1.0
3000051,serial_dependence,Serial dependence,52,600,10.206666666666669,10.01,2.5726094575853624,2.539813198867567,-0.017281622451336,0.5010843039614199,0.0,1.0
3000052,serial_dependence,Serial dependence,53,600,10.065,9.948333333333334,2.530107522113588,2.599408669538968,0.0691307290880593,0.5081771681743833,0.0,1.0
3000053,serial_dependence,Serial dependence,54,600,9.981666666666667,9.96,2.58052237252086,2.6652528249745946,-0.0462924554633625,0.4997058715904481,0.0,1.0
3000054,serial_dependence,Serial dependence,55,600,10.06,10.001666666666669,2.6396994820609136,2.643857129856688,0.0461382433295125,0.4986182088949887,0.0,1.0
3000055,serial_dependence,Serial dependence,56,600,10.025,9.886666666666668,2.6374169712935887,2.591334388317278,-0.0225758654564296,0.5063167395155399,0.0,1.0
3000056,serial_dependence,Serial dependence,57,600,10.08,10.046666666666669,2.5233996730303643,2.569466706175777,-0.0325403868386687,0.4951964075780857,0.0,1.0
3000057,serial_dependence,Serial dependence,58,600,9.946666666666667,10.128333333333334,2.6150627419106227,2.5474195046051915,-0.062576694806793,0.5042818984069115,0.0,1.0
3000058,serial_dependence,Serial dependence,59,600,10.095,10.055,2.4811762114611158,2.5728728024193206,0.0932847607132994,0.5112510767250468,0.0,1.0
3000059,serial_dependence,Serial dependence,60,600,10.03,9.943333333333332,2.561907938850505,2.600267526153448,-0.0893438226369506,0.4961133069049789,0.0,1.0
4000040,discrete_map_rounding,Integer MAP rounding,41,600,10.155,10.11,2.5557506599287443,2.512320226709942,-0.0560444771793103,0.2073350767231529,0.0,1.0
4000041,discrete_map_rounding,Integer MAP rounding,42,600,10.06,10.091666666666669,2.606605196627433,2.587357968594922,-0.0059724060149375,0.2334114080879318,0.0,1.0
4000042,discrete_map_rounding,Integer MAP rounding,43,600,9.931666666666668,9.87,2.5108107934070563,2.596343904310267,0.0385882746215418,0.2244016822375619,0.0,1.0
4000043,discrete_map_rounding,Integer MAP rounding,44,600,9.811666666666667,10.07,2.6352301516456698,2.574129672844986,-0.0234854660776739,0.2199739321376644,0.0,1.0
4000044,discrete_map_rounding,Integer MAP rounding,45,600,10.026666666666667,10.033333333333331,2.592390731557262,2.545523201525519,-0.0423651538296043,0.209960183639014,0.0,1.0
4000045,discrete_map_rounding,Integer MAP rounding,46,600,9.928333333333333,9.965,2.564011338859201,2.5680277017837145,-0.0474793069020003,0.2289487592257831,0.0,1.0
4000046,discrete_map_rounding,Integer MAP rounding,47,600,10.066666666666666,9.89,2.6160329258894635,2.54729553138363,0.0798413036348797,0.2276360089749186,0.0,1.0
4000047,discrete_map_rounding,Integer MAP rounding,48,600,10.046666666666669,9.955,2.5394034414838305,2.582781368860365,-0.0100665382077463,0.2214981977514001,0.0,1.0
4000048,discrete_map_rounding,Integer MAP rounding,49,600,9.803333333333333,10.041666666666666,2.6139453078331214,2.584129789084444,0.0579230573346675,0.224450141143694,0.0,1.0
4000049,discrete_map_rounding,Integer MAP rounding,50,600,9.901666666666667,10.058333333333334,2.555950970675373,2.60504145017902,0.0147215928111907,0.2333172612568644,0.0,1.0
4000050,discrete_map_rounding,Integer MAP rounding,51,600,9.81,9.988333333333332,2.550439420059281,2.534212753372234,0.0163847101249059,0.2059276147432267,0.0,1.0
4000051,discrete_map_rounding,Integer MAP rounding,52,600,9.91,10.063333333333333,2.587739165755178,2.631386684245704,0.0260022504258961,0.2166611571433737,0.0,1.0
4000052,discrete_map_rounding,Integer MAP rounding,53,600,10.1,9.913333333333334,2.572488320725113,2.518543360089314,0.0029620685682196,0.2351018484934397,0.0,1.0
4000053,discrete_map_rounding,Integer MAP rounding,54,600,9.871666666666666,9.966666666666669,2.60252809328727,2.535008086552592,-0.0267268947861415,0.2253208012837539,0.0,1.0
4000054,discrete_map_rounding,Integer MAP rounding,55,600,10.013333333333334,9.953333333333331,2.6479252385601626,2.584367197576369,0.0362475748917148,0.2225250529069022,0.0,1.0
4000055,discrete_map_rounding,Integer MAP rounding,56,600,9.836666666666666,9.905,2.6372170455104325,2.5717045788221005,0.0226690287866005,0.2291078412638789,0.0,1.0
4000056,discrete_map_rounding,Integer MAP rounding,57,600,9.903333333333334,9.991666666666667,2.6157329732220167,2.564349892827348,-0.0013633227923323,0.2123243256529207,0.0,1.0
4000057,discrete_map_rounding,Integer MAP rounding,58,600,9.83,9.8,2.5946715657716117,2.568591592932881,0.0094700794606819,0.2107728518022249,0.0,1.0
4000058,discrete_map_rounding,Integer MAP rounding,59,600,10.025,10.136666666666668,2.526198289194103,2.570148827834214,-0.0075334867522614,0.2326232713523703,0.0,1.0
4000059,discrete_map_rounding,Integer MAP rounding,60,600,9.896666666666668,10.171666666666669,2.550849586230997,2.523121239696162,0.0117182974078954,0.2090051791696613,0.0,1.0
5000040,informative_monitoring,Informative monitoring,41,600,5.943333333333333,5.875,3.9075444627587137,3.824100928739806,-0.7285752174689736,0.3206636966334525,0.0,1.0
5000041,informative_monitoring,Informative monitoring,42,600,6.093333333333334,6.133333333333334,4.064335155469119,4.012362642988997,-0.7218403607367786,0.3415338784053566,0.0,1.0
5000042,informative_monitoring,Informative monitoring,43,600,5.618333333333333,5.836666666666667,3.522311033102,3.7811573369671354,-0.7215881006853335,0.3042530299835923,0.0,1.0
5000043,informative_monitoring,Informative monitoring,44,600,5.961666666666667,5.84,3.972803691455229,3.9217385671385134,-0.7244677500191968,0.2956095180626134,0.0,1.0
5000044,informative_monitoring,Informative monitoring,45,600,5.968333333333334,5.801666666666667,4.107568309586434,3.9133772402614793,-0.7214627118606921,0.327431546145346,0.0,1.0
5000045,informative_monitoring,Informative monitoring,46,600,5.935,5.816666666666666,3.809413040463683,3.6854252791279887,-0.7334755020404292,0.3319889534295488,0.0,1.0
5000046,informative_monitoring,Informative monitoring,47,600,5.683333333333334,5.76,3.789942170841056,3.679896202354105,-0.734216926988645,0.3056570362494441,0.0,1.0
5000047,informative_monitoring,Informative monitoring,48,600,5.916666666666667,5.8116666666666665,3.823709823838242,3.703474507531468,-0.7142259648714993,0.2974336812950669,0.0,1.0
5000048,informative_monitoring,Informative monitoring,49,600,5.555,5.5183333333333335,3.224536824033686,3.30623893804041,-0.6891271024952947,0.2892722921990487,0.0,1.0
5000049,informative_monitoring,Informative monitoring,50,600,6.041666666666667,5.913333333333333,4.064167769049467,3.8666186936943054,-0.7200808322872242,0.3306879829859267,0.0,1.0
5000050,informative_monitoring,Informative monitoring,51,600,5.848333333333334,5.925,3.7530618181124034,3.765590851039057,-0.7272421262257667,0.3174140488388875,0.0,1.0
5000051,informative_monitoring,Informative monitoring,52,600,5.8933333333333335,6.025,3.812196693281885,3.9234377706164567,-0.7326374157096435,0.3336303608938686,0.0,1.0
5000052,informative_monitoring,Informative monitoring,53,600,5.855,5.873333333333333,3.913161089987691,3.793583312138069,-0.7220427566692091,0.3305626165496609,0.0,1.0
5000053,informative_monitoring,Informative monitoring,54,600,5.885,5.843333333333334,3.890630198168179,3.6961545087396375,-0.7068466792066197,0.314360706687189,0.0,1.0
5000054,informative_monitoring,Informative monitoring,55,600,5.866666666666666,5.92,3.8069730708476457,3.853788544221468,-0.7206462177670879,0.3252273075736729,0.0,1.0
5000055,informative_monitoring,Informative monitoring,56,600,5.956666666666667,5.976666666666667,3.86130007718026,3.841099534196977,-0.7257685781542181,0.306405062286684,0.0,1.0
5000056,informative_monitoring,Informative monitoring,57,600,6.095,6.125,3.961750553195255,4.052993081851472,-0.7254253069032564,0.3341982069824618,0.0,1.0
5000057,informative_monitoring,Informative monitoring,58,600,5.915,5.828333333333333,3.636364518515601,3.654374727177452,-0.7179278561821719,0.3383313677820582,0.0,1.0
5000058,informative_monitoring,Informative monitoring,59,600,5.948333333333333,5.925,3.76332320670873,3.746032960109985,-0.7354236462104483,0.3133638695685698,0.0,1.0
5000059,informative_monitoring,Informative monitoring,60,600,5.783333333333333,5.73,3.681346140281183,3.685521915049552,-0.7279572413678475,0.3244860823293569,0.0,1.0
6000040,cluster_size_informative,Cluster size--level association,41,600,11.565,11.596666666666666,4.045538980499124,3.997994767274483,-0.9358058615695638,0.0037422044570537,0.0,1.0
6000041,cluster_size_informative,Cluster size--level association,42,600,11.638333333333334,11.733333333333333,4.012193088306192,4.2283196071318505,-0.93999756146788,0.0225363896470737,0.0,1.0
6000042,cluster_size_informative,Cluster size--level association,43,600,11.293333333333331,11.316666666666666,4.107563229177575,4.154735282100345,-0.9330412315801556,0.0149401810090584,0.0,1.0
6000043,cluster_size_informative,Cluster size--level association,44,600,11.423333333333334,11.388333333333334,4.052343935861451,4.144815602998561,-0.9366613775799864,0.0053042166922919,0.0,1.0
6000044,cluster_size_informative,Cluster size--level association,45,600,11.535,11.538333333333334,4.037649401299353,4.114617927589262,-0.9356108265340164,0.0034170415017154,0.0,1.0
6000045,cluster_size_informative,Cluster size--level association,46,600,11.328333333333331,11.315,4.094525506179784,4.162690033362613,-0.9318782471600832,0.0105832264390864,0.0,1.0
6000046,cluster_size_informative,Cluster size--level association,47,600,11.675,11.668333333333331,4.113503354775535,4.150547228102587,-0.9397281185896909,0.0295645602693551,0.0,1.0
6000047,cluster_size_informative,Cluster size--level association,48,600,11.406666666666666,11.581666666666669,4.087272752477394,4.048124183441408,-0.9313920207688016,0.013078261869433,0.0,1.0
6000048,cluster_size_informative,Cluster size--level association,49,600,11.56,11.473333333333333,4.058388538473782,4.069835560729022,-0.9386283211502546,0.0205199569299517,0.0,1.0
6000049,cluster_size_informative,Cluster size--level association,50,600,11.611666666666666,11.275,4.013025189826148,4.098459542034807,-0.9270422293645636,0.0093604305566376,0.0,1.0
6000050,cluster_size_informative,Cluster size--level association,51,600,11.473333333333333,11.615,4.26844877918467,4.269718080562126,-0.934660693340455,0.0081128703840021,0.0,1.0
6000051,cluster_size_informative,Cluster size--level association,52,600,11.486666666666666,11.38,4.239470573093111,4.130055964566431,-0.9280795960147502,0.0206812854130542,0.0,1.0
6000052,cluster_size_informative,Cluster size--level association,53,600,11.33,11.42,4.169741547661016,4.074875173482714,-0.9369649953538272,0.01342658019863,0.0,1.0
6000053,cluster_size_informative,Cluster size--level association,54,600,11.301666666666666,11.238333333333332,4.1310741353076565,4.061077583695023,-0.9271302846322512,0.0144367995208422,0.0,1.0
6000054,cluster_size_informative,Cluster size--level association,55,600,11.731666666666667,11.781666666666666,4.01828008567934,4.042842008793937,-0.9303085255297204,0.0319107885226069,0.0,1.0
6000055,cluster_size_informative,Cluster size--level association,56,600,11.411666666666669,11.411666666666669,4.0322817422608885,4.095137051186716,-0.9264828320281135,0.0348466839722755,0.0,1.0
6000056,cluster_size_informative,Cluster size--level association,57,600,11.503333333333334,11.37,4.1026058198512505,4.137022874456092,-0.9289454098309784,0.0137302965901561,0.0,1.0
6000057,cluster_size_informative,Cluster size--level association,58,600,11.513333333333334,11.575,4.106246175236164,4.142822705186769,-0.9276991837197645,0.0096027448287697,0.0,1.0
6000058,cluster_size_informative,Cluster size--level association,59,600,11.431666666666668,11.488333333333332,4.143341165723808,4.079739085681127,-0.9308309047694902,0.0136929799399049,0.0,1.0
6000059,cluster_size_informative,Cluster size--level association,60,600,11.575,11.485,4.200052666813439,4.06866461133534,-0.9332166249759514,0.0146184141156618,0.0,1.0
7000040,common_time_misspecified,Misspecified common time,41,600,9.91,10.018333333333333,2.6401105354509307,2.554513610951496,0.0180794938510526,0.2234838589881692,0.0,1.0
7000041,common_time_misspecified,Misspecified common time,42,600,10.115,10.126666666666669,2.601227718354911,2.651856480570696,-0.0638203706221263,0.2350270619428922,0.0,1.0
7000042,common_time_misspecified,Misspecified common time,43,600,9.995,10.076666666666666,2.656451811542057,2.6195850686910456,0.0525422283841214,0.2240914626941312,0.0,1.0
7000043,common_time_misspecified,Misspecified common time,44,600,10.068333333333332,9.926666666666666,2.5497383849999444,2.54861687368599,-0.0590848952651104,0.2107281408769586,0.0,1.0
7000044,common_time_misspecified,Misspecified common time,45,600,9.99,10.171666666666669,2.589931706385241,2.5690199807822283,-0.0149663980777036,0.2224057546962841,0.0,1.0
7000045,common_time_misspecified,Misspecified common time,46,600,10.258333333333333,10.13,2.6197396082270745,2.602765961642564,0.0076635830648626,0.20747620342053,0.0,1.0
7000046,common_time_misspecified,Misspecified common time,47,600,10.033333333333331,9.853333333333332,2.619859091309955,2.605725471138596,-0.0453544384385269,0.2268958637346584,0.0,1.0
7000047,common_time_misspecified,Misspecified common time,48,600,10.021666666666668,10.141666666666667,2.66515208101034,2.55195049084717,-0.0455184126622496,0.2365943959756797,0.0,1.0
7000048,common_time_misspecified,Misspecified common time,49,600,9.963333333333331,10.095,2.6070385444361674,2.64088345869408,-0.0332437501808457,0.2040341410405259,0.0,1.0
7000049,common_time_misspecified,Misspecified common time,50,600,10.015,10.136666666666668,2.5070401706718366,2.622871450649703,0.0053828889804685,0.2249738691000694,0.0,1.0
7000050,common_time_misspecified,Misspecified common time,51,600,9.99,9.921666666666669,2.5358662614894083,2.572267123079629,-0.0513421077332184,0.2163103230826153,0.0,1.0
7000051,common_time_misspecified,Misspecified common time,52,600,10.11,9.906666666666666,2.575322726425189,2.567542797224912,0.0142342121153571,0.2135775578916549,0.0,1.0
7000052,common_time_misspecified,Misspecified common time,53,600,9.785,10.111666666666666,2.584551833548807,2.6616419340695607,-0.0030765426841488,0.2222230675459117,0.0,1.0
7000053,common_time_misspecified,Misspecified common time,54,600,9.846666666666666,10.05,2.5548713931000564,2.547216884450042,-0.029386052234436,0.2249287726794956,0.0,1.0
7000054,common_time_misspecified,Misspecified common time,55,600,10.176666666666666,10.07,2.5428788036210843,2.643245084037892,-0.0362130057417213,0.2170461723098278,0.0,1.0
7000055,common_time_misspecified,Misspecified common time,56,600,10.13,9.881666666666666,2.646022623903725,2.5413437263479275,0.0599790115817859,0.2310790325051822,0.0,1.0
7000056,common_time_misspecified,Misspecified common time,57,600,10.175,9.928333333333333,2.5785247040537915,2.573110708867583,-0.0064347051712841,0.1943185544805734,0.0,1.0
7000057,common_time_misspecified,Misspecified common time,58,600,10.09,9.928333333333333,2.5819263944796824,2.565313224954365,0.0882908293542658,0.2386447515585834,0.0,1.0
7000058,common_time_misspecified,Misspecified common time,59,600,10.066666666666666,10.105,2.5826353913842106,2.670679541869247,0.0006910820982922,0.2241926058037628,0.0,1.0
7000059,common_time_misspecified,Misspecified common time,60,600,9.946666666666667,9.986666666666666,2.6214389418342674,2.638451173804398,0.0404062420514661,0.2081683663579652,0.0,1.0
8000040,level_plus_shape,Persistent level plus shape,41,600,12.083333333333334,12.026666666666667,2.64979708591994,2.623119672625914,0.0407017577032927,0.2513907254270024,0.0,1.0
8000041,level_plus_shape,Persistent level plus shape,42,600,12.126666666666669,11.998333333333331,2.584909763679608,2.6172020938824336,0.0165897227816595,0.236025146948542,0.0,1.0
8000042,level_plus_shape,Persistent level plus shape,43,600,12.025,12.108333333333333,2.4989563764938687,2.555545978384061,0.0396546106192529,0.2483261882081062,0.0,1.0
8000043,level_plus_shape,Persistent level plus shape,44,600,12.0,12.29,2.5588238116039537,2.504600108368213,0.0078136935701499,0.2568216413128357,0.0,1.0
8000044,level_plus_shape,Persistent level plus shape,45,600,11.778333333333334,11.776666666666667,2.534410374979467,2.641037805492181,0.0298993425081429,0.2476143649915244,0.0,1.0
8000045,level_plus_shape,Persistent level plus shape,46,600,12.016666666666667,11.86,2.615554261665217,2.638560846161817,0.0021135636896878,0.2459611948494917,0.0,1.0
8000046,level_plus_shape,Persistent level plus shape,47,600,11.933333333333334,11.913333333333334,2.6445942385742387,2.5442636822921103,-0.0116726893061492,0.2426208852565704,0.0,1.0
8000047,level_plus_shape,Persistent level plus shape,48,600,12.146666666666668,12.141666666666667,2.5585280270103,2.6368894298644965,0.0196123720500943,0.2564845604816898,0.0,1.0
8000048,level_plus_shape,Persistent level plus shape,49,600,12.1,11.976666666666668,2.4792965774990825,2.604629669469479,0.0015200124748913,0.2418329198490469,0.0,1.0
8000049,level_plus_shape,Persistent level plus shape,50,600,11.951666666666666,12.066666666666666,2.587887005675827,2.612840174698743,-0.0269285719758447,0.2575995613626468,0.0,1.0
8000050,level_plus_shape,Persistent level plus shape,51,600,11.991666666666667,11.996666666666666,2.5434318610114635,2.6028087221876386,-0.0194821118493021,0.2582176390388217,0.0,1.0
8000051,level_plus_shape,Persistent level plus shape,52,600,11.998333333333331,11.926666666666666,2.5928495270658427,2.574685203161969,0.0158691175092378,0.2502390125038559,0.0,1.0
8000052,level_plus_shape,Persistent level plus shape,53,600,11.931666666666668,11.843333333333334,2.4820552409755736,2.588427221568692,0.0354030388708288,0.2444513797700204,0.0,1.0
8000053,level_plus_shape,Persistent level plus shape,54,600,11.828333333333331,12.085,2.566419308882298,2.6221940245725857,0.0305661713213525,0.2555289860648372,0.0,1.0
8000054,level_plus_shape,Persistent level plus shape,55,600,11.951666666666666,12.04,2.5717089065552594,2.601219695933208,-0.0245880921670269,0.2419338784713982,0.0,1.0
8000055,level_plus_shape,Persistent level plus shape,56,600,11.938333333333333,11.915,2.5655735228972114,2.552508668121369,-0.044444610332481,0.2491267997602548,0.0,1.0
8000056,level_plus_shape,Persistent level plus shape,57,600,12.02,11.79,2.5821268297551865,2.54821289958984,-0.0529512903008939,0.253940354888887,0.0,1.0
8000057,level_plus_shape,Persistent level plus shape,58,600,12.005,12.008333333333333,2.5143942871100693,2.600551608794865,0.0441360044067522,0.2369223205453272,0.0,1.0
8000058,level_plus_shape,Persistent level plus shape,59,600,12.08,11.92,2.585486653493365,2.6137430544318976,0.0736258865142272,0.2634101609734495,0.0,1.0
8000059,level_plus_shape,Persistent level plus shape,60,600,12.101666666666668,11.866666666666667,2.5070179737602234,2.573569698014761,0.0204514576830421,0.2506803631164421,0.0,1.0
9000040,treatment_feedback,Treatment feedback,41,600,10.071666666666667,9.956666666666669,2.552264480584574,2.49903932571592,0.0063886541460931,0.2559574887601935,0.2633333333333333,1.0
9000041,treatment_feedback,Treatment feedback,42,600,9.915,10.06,2.662628585622666,2.611723920400851,0.0206716227950825,0.2443994264393047,0.295,1.0
9000042,treatment_feedback,Treatment feedback,43,600,9.96,10.008333333333333,2.6552119031100627,2.637522466917526,-0.0418363460706925,0.2679220994150739,0.2683333333333333,1.0
9000043,treatment_feedback,Treatment feedback,44,600,10.161666666666669,9.998333333333331,2.581984048155689,2.5473801833556657,0.061685513578307,0.2582813486850731,0.2616666666666666,1.0
9000044,treatment_feedback,Treatment feedback,45,600,10.111666666666666,9.853333333333332,2.580108296226339,2.5506859640171204,-0.002982226397613,0.24976349785507,0.2783333333333333,1.0
9000045,treatment_feedback,Treatment feedback,46,600,9.911666666666669,10.011666666666668,2.6587551323213208,2.661453759836618,0.0062697569630348,0.2482714408386327,0.2533333333333333,1.0
9000046,treatment_feedback,Treatment feedback,47,600,9.776666666666667,9.94,2.531297691348438,2.6567204606450443,-0.0691686527484862,0.2420711677831988,0.28,1.0
9000047,treatment_feedback,Treatment feedback,48,600,9.843333333333334,10.118333333333334,2.597441059128831,2.5544482572015603,0.0219156103369437,0.2548162617118411,0.255,1.0
9000048,treatment_feedback,Treatment feedback,49,600,9.89,10.003333333333334,2.61392827657119,2.5718371123465347,0.0443094163918946,0.2523699043747233,0.275,1.0
9000049,treatment_feedback,Treatment feedback,50,600,9.823333333333334,10.036666666666669,2.607064158800545,2.528367713442711,0.0321750228891549,0.2569462342210726,0.2683333333333333,1.0
9000050,treatment_feedback,Treatment feedback,51,600,9.798333333333334,10.121666666666666,2.5149298218645644,2.5490573508361822,0.0471844875203217,0.2507218886376254,0.2516666666666666,1.0
9000051,treatment_feedback,Treatment feedback,52,600,10.095,9.951666666666666,2.515920924200132,2.5515056059087664,-0.0240657832071814,0.2645287174839255,0.29,1.0
9000052,treatment_feedback,Treatment feedback,53,600,9.868333333333334,9.94,2.6228093914850783,2.579565259537678,-0.0766458351205045,0.2565490426586495,0.25,1.0
9000053,treatment_feedback,Treatment feedback,54,600,10.091666666666669,10.036666666666669,2.5555459783840613,2.555296092253766,0.0564784996801559,0.245124286807265,0.275,1.0
9000054,treatment_feedback,Treatment feedback,55,600,10.03,9.895,2.574259379365987,2.595226451369864,0.0090363594658837,0.2515724519919601,0.2566666666666666,1.0
9000055,treatment_feedback,Treatment feedback,56,600,10.036666666666669,10.058333333333334,2.612156419030969,2.537517595630774,-0.0450852335927504,0.2641341288895393,0.27,1.0
9000056,treatment_feedback,Treatment feedback,57,600,9.943333333333332,10.018333333333333,2.6028343781774885,2.638104726845625,0.0439254444096084,0.2485783006613403,0.27,1.0
9000057,treatment_feedback,Treatment feedback,58,600,9.89,9.988333333333332,2.5440165159426504,2.583793826873293,-0.0164788710285915,0.261543896555027,0.2583333333333333,1.0
9000058,treatment_feedback,Treatment feedback,59,600,10.031666666666666,9.903333333333334,2.6348120007610563,2.614456194101113,-0.0893178499690301,0.2474627272786728,0.2566666666666666,1.0
9000059,treatment_feedback,Treatment feedback,60,600,9.928333333333333,10.091666666666669,2.593789401883744,2.5653262404787887,-0.0064035801461902,0.2513545792124222,0.3183333333333333,1.0
10000040,transient_nonpersistent,Transient non-persistence,41,600,9.943333333333332,9.845,2.560152245751138,2.585623861131407,,0.2400992882203992,0.0,1.0
10000041,transient_nonpersistent,Transient non-persistence,42,600,9.976666666666668,9.813333333333333,2.4979702388965546,2.531634025740958,,0.2623517463567524,0.0,1.0
10000042,transient_nonpersistent,Transient non-persistence,43,600,10.29,10.148333333333332,2.6033046931818355,2.541737845322789,,0.2739700522692496,0.0,1.0
10000043,transient_nonpersistent,Transient non-persistence,44,600,9.948333333333334,9.94,2.6013346816134915,2.607245586677394,,0.2491447179296034,0.0,1.0
10000044,transient_nonpersistent,Transient non-persistence,45,600,9.993333333333334,9.843333333333334,2.5989510319228364,2.5897168334945486,,0.2387164181004563,0.0,1.0
10000045,transient_nonpersistent,Transient non-persistence,46,600,10.005,9.941666666666666,2.592845234618618,2.589615299851362,,0.2550285991732129,0.0,1.0
10000046,transient_nonpersistent,Transient non-persistence,47,600,9.931666666666668,10.208333333333334,2.587435395412081,2.623560367877092,,0.2568813324205026,0.0,1.0
10000047,transient_nonpersistent,Transient non-persistence,48,600,9.995,9.968333333333334,2.51903769685906,2.582979583369252,,0.2528490721707299,0.0,1.0
10000048,transient_nonpersistent,Transient non-persistence,49,600,10.081666666666669,9.778333333333334,2.5283033346116857,2.631362892750535,,0.2483640547071452,0.0,1.0
10000049,transient_nonpersistent,Transient non-persistence,50,600,10.001666666666669,10.195,2.5302834715302924,2.6099159185376823,,0.2563793943162848,0.0,1.0
10000050,transient_nonpersistent,Transient non-persistence,51,600,10.193333333333332,10.101666666666668,2.5801260899334904,2.6241457257945675,,0.2589136724220114,0.0,1.0
10000051,transient_nonpersistent,Transient non-persistence,52,600,9.92,10.083333333333334,2.62394266804911,2.544375227382632,,0.2582509938540296,0.0,1.0
10000052,transient_nonpersistent,Transient non-persistence,53,600,10.131666666666666,9.905,2.543970032862493,2.579482742469472,,0.2712734058904567,0.0,1.0
10000053,transient_nonpersistent,Transient non-persistence,54,600,9.988333333333332,9.885,2.632441224457365,2.578019648654385,,0.2502054586182973,0.0,1.0
10000054,transient_nonpersistent,Transient non-persistence,55,600,10.101666666666668,10.173333333333334,2.5649487634559383,2.6283332706981155,,0.2787253166264606,0.0,1.0
10000055,transient_nonpersistent,Transient non-persistence,56,600,9.931666666666668,9.975,2.5945230400269987,2.599160324152992,,0.2584749883874315,0.0,1.0
10000056,transient_nonpersistent,Transient non-persistence,57,600,10.09,10.091666666666669,2.544803864973745,2.554892629734436,,0.2511993797000409,0.0,1.0
10000057,transient_nonpersistent,Transient non-persistence,58,600,10.09,10.078333333333331,2.501799018816443,2.635103446263493,,0.265882765026585,0.0,1.0
10000058,transient_nonpersistent,Transient non-persistence,59,600,10.021666666666668,9.893333333333333,2.6228475819140047,2.57675927659235,,0.262451741365741,0.0,1.0
10000059,transient_nonpersistent,Transient non-persistence,60,600,10.021666666666668,9.96,2.588893167993037,2.528977305226479,,0.2670812954316735,0.0,1.0
60,ideal_large_dense,"Ideal: large, dense",61,600,12.01,11.966666666666669,2.5672718609476006,2.574866751283841,0.0186614873893151,-0.0018380182404349,0.0,1.0
61,ideal_large_dense,"Ideal: large, dense",62,600,11.98,12.188333333333333,2.567863548816844,2.630791832319163,-0.0493143333961683,0.0141727534152768,0.0,1.0
62,ideal_large_dense,"Ideal: large, dense",63,600,11.93,11.945,2.564382986249703,2.554639956793928,-0.0044328600633352,0.0199950977183323,0.0,1.0
63,ideal_large_dense,"Ideal: large, dense",64,600,11.816666666666666,12.041666666666666,2.549618889761226,2.60600255264576,0.0697050346130299,0.0123528604187619,0.0,1.0
64,ideal_large_dense,"Ideal: large, dense",65,600,12.018333333333333,11.981666666666667,2.5328553352170453,2.598573620981645,-0.02729880271676,0.0017999848084039,0.0,1.0
65,ideal_large_dense,"Ideal: large, dense",66,600,12.085,11.835,2.6317266147832044,2.579832208440343,0.0483032685241036,0.0307029755633867,0.0,1.0
66,ideal_large_dense,"Ideal: large, dense",67,600,12.085,11.856666666666667,2.657607909317345,2.56262898884062,0.0123365304720329,0.028654691490838,0.0,1.0
67,ideal_large_dense,"Ideal: large, dense",68,600,11.973333333333333,12.188333333333333,2.613555689948656,2.5691499452719846,0.0328190420821802,0.0150432105920725,0.0,1.0
68,ideal_large_dense,"Ideal: large, dense",69,600,11.983333333333333,11.878333333333334,2.596978253465074,2.6207462818846547,0.0051787351081646,0.0230517326833059,0.0,1.0
69,ideal_large_dense,"Ideal: large, dense",70,600,11.896666666666668,11.823333333333334,2.570408636089411,2.5709541479653923,-0.0238936201291732,0.0221243546173406,0.0,1.0
70,ideal_large_dense,"Ideal: large, dense",71,600,12.028333333333334,12.106666666666667,2.5069247445852683,2.5356138872465483,-0.0019330185585815,0.0126270174844747,0.0,1.0
71,ideal_large_dense,"Ideal: large, dense",72,600,12.056666666666668,11.938333333333333,2.61179849423976,2.5953336619627705,0.0110258103853538,0.0109993053230773,0.0,1.0
72,ideal_large_dense,"Ideal: large, dense",73,600,12.083333333333334,11.993333333333334,2.5982636212089254,2.5886529500331017,0.0568253150101122,0.0174156530588758,0.0,1.0
73,ideal_large_dense,"Ideal: large, dense",74,600,12.005,12.058333333333334,2.5150581562292667,2.596696994457368,-0.002009857197505,0.0207062428168179,0.0,1.0
74,ideal_large_dense,"Ideal: large, dense",75,600,12.123333333333331,11.891666666666667,2.5786050937029903,2.582190944206643,-0.0163587361276031,0.0118934145538493,0.0,1.0
75,ideal_large_dense,"Ideal: large, dense",76,600,12.133333333333333,11.958333333333334,2.5852197503277545,2.6194209600276057,0.0502455190740346,0.0052579502196042,0.0,1.0
76,ideal_large_dense,"Ideal: large, dense",77,600,12.111666666666666,12.033333333333331,2.69406022384524,2.5690248545692485,0.0413847492712002,0.0163608512042761,0.0,1.0
77,ideal_large_dense,"Ideal: large, dense",78,600,12.175,12.193333333333332,2.575933628174699,2.577536623852522,-0.06161012346071,0.0053380295685707,0.0,1.0
78,ideal_large_dense,"Ideal: large, dense",79,600,12.125,11.981666666666667,2.5885406257100905,2.554513610951496,-0.0236767898376745,0.0144956790888975,0.0,1.0
79,ideal_large_dense,"Ideal: large, dense",80,600,12.075,12.008333333333333,2.616764049384325,2.572799263248205,-0.041606315732669,0.0112199058407236,0.0,1.0
1000060,ideal_small_dense,"Ideal: small, dense",61,240,12.095833333333331,11.970833333333331,2.5766864594244505,2.621759472875472,-0.0078109157841698,0.0126323024099014,0.0,1.0
1000061,ideal_small_dense,"Ideal: small, dense",62,240,11.9375,12.033333333333331,2.676460614803465,2.4966365100509496,-0.059748894782638,0.0105657671185083,0.0,1.0
1000062,ideal_small_dense,"Ideal: small, dense",63,240,12.054166666666667,11.9875,2.5762804699745145,2.604279146803773,-0.0423649828601862,0.0177873509841091,0.0,1.0
1000063,ideal_small_dense,"Ideal: small, dense",64,240,11.8375,12.1,2.527391779091821,2.6745351138681666,-0.0413298472798089,0.0012830050818454,0.0,1.0
1000064,ideal_small_dense,"Ideal: small, dense",65,240,11.65,12.433333333333334,2.5651347563026063,2.6630379774192345,-0.0719338307392121,0.008436725660018,0.0,1.0
1000065,ideal_small_dense,"Ideal: small, dense",66,240,11.966666666666669,11.9,2.450969693963033,2.4542679076138154,0.0185291482883282,0.029351596226714,0.0,1.0
1000066,ideal_small_dense,"Ideal: small, dense",67,240,11.9,11.7625,2.486448627710349,2.562574623875151,0.024155009708473,0.0146082874051827,0.0,1.0
1000067,ideal_small_dense,"Ideal: small, dense",68,240,11.85,11.666666666666666,2.4619276728021044,2.6301544996009776,-0.0654372393973129,0.0210497860267153,0.0,1.0
1000068,ideal_small_dense,"Ideal: small, dense",69,240,11.995833333333334,12.0375,2.6425832370191515,2.5570171724264354,0.0507363723529446,0.0194793764523566,0.0,1.0
1000069,ideal_small_dense,"Ideal: small, dense",70,240,12.0125,12.208333333333334,2.714414104932111,2.572450871591205,-0.0402135396551334,0.0139997338520894,0.0,1.0
1000070,ideal_small_dense,"Ideal: small, dense",71,240,11.816666666666666,11.841666666666669,2.6130772936936437,2.659146474360899,-0.0933379498472972,0.0221610492582558,0.0,1.0
1000071,ideal_small_dense,"Ideal: small, dense",72,240,12.020833333333334,12.008333333333333,2.5702643282113757,2.5135476714779434,0.0403161934660235,0.02762325037605,0.0,1.0
1000072,ideal_small_dense,"Ideal: small, dense",73,240,11.829166666666667,12.004166666666666,2.643374787084311,2.567087985489409,-0.0737438805433377,0.0155826377846715,0.0,1.0
1000073,ideal_small_dense,"Ideal: small, dense",74,240,11.933333333333334,11.8625,2.504333761136634,2.693912632578593,0.0457381083546009,0.0082590832125753,0.0,1.0
1000074,ideal_small_dense,"Ideal: small, dense",75,240,11.879166666666666,11.5875,2.5429332989484754,2.6371679528834493,0.0683050756369446,0.0100984610184052,0.0,1.0
1000075,ideal_small_dense,"Ideal: small, dense",76,240,11.7875,11.9625,2.510365540403133,2.543892924906456,0.1142947261279073,0.0203129429185821,0.0,1.0
1000076,ideal_small_dense,"Ideal: small, dense",77,240,12.195833333333333,11.633333333333333,2.598515695830676,2.606504041697678,-0.1070866079687512,0.0075186764061138,0.0,1.0
1000077,ideal_small_dense,"Ideal: small, dense",78,240,11.8875,12.220833333333331,2.601868092971233,2.5738431884473605,0.0973017994744384,0.0078171911907473,0.0,1.0
1000078,ideal_small_dense,"Ideal: small, dense",79,240,12.091666666666669,11.8625,2.6401972581729867,2.589375217448488,0.0120755325782623,0.0180607145930384,0.0,1.0
1000079,ideal_small_dense,"Ideal: small, dense",80,240,11.9375,11.920833333333333,2.5922821563716165,2.6366390370008066,0.0845754794777872,0.0068977450809295,0.0,1.0
2000060,ideal_large_sparse,"Ideal: large, sparse",61,600,3.5616666666666665,6.006666666666667,1.099186475111177,1.366162345701849,0.0171095082651441,-0.0058297475831695,0.0,1.0
2000061,ideal_large_sparse,"Ideal: large, sparse",62,600,3.523333333333333,5.92,1.1231910578687625,1.391699697041202,0.0135847425326716,0.0227969789230444,0.0,1.0
2000062,ideal_large_sparse,"Ideal: large, sparse",63,600,3.5383333333333336,6.006666666666667,1.110819707660564,1.4189119331418152,0.0097785754795956,0.0087493937793857,0.0,1.0
2000063,ideal_large_sparse,"Ideal: large, sparse",64,600,3.4616666666666664,5.996666666666667,1.089575994888203,1.4537920786350638,0.0303329846060662,0.0153580528095226,0.0,1.0
2000064,ideal_large_sparse,"Ideal: large, sparse",65,600,3.4433333333333334,6.096666666666667,1.136783187587468,1.3990178604454262,0.0061830305384774,0.0068175036538001,0.0,1.0
2000065,ideal_large_sparse,"Ideal: large, sparse",66,600,3.495,6.006666666666667,1.1367183237633232,1.3903875424088417,0.0352333776806999,0.0173752815706653,0.0,1.0
2000066,ideal_large_sparse,"Ideal: large, sparse",67,600,3.5383333333333336,5.971666666666667,1.1123215906790207,1.4402503569542116,-0.0370229053118068,0.0290047718129244,0.0,1.0
2000067,ideal_large_sparse,"Ideal: large, sparse",68,600,3.515,5.921666666666667,1.1336888538581786,1.4185265541623326,0.0591488234914444,0.0241030677007363,0.0,1.0
2000068,ideal_large_sparse,"Ideal: large, sparse",69,600,3.455,6.136666666666667,1.1075586411439446,1.4182175870069145,0.0123583533881021,0.0183644277360658,0.0,1.0
2000069,ideal_large_sparse,"Ideal: large, sparse",70,600,3.515,5.976666666666667,1.14249017778881,1.3997813645959165,-0.0156399828725125,0.0063793950367065,0.0,1.0
2000070,ideal_large_sparse,"Ideal: large, sparse",71,600,3.536666666666666,5.916666666666667,1.1272859049096209,1.3878998518938728,-0.0152292149795376,0.0141470100419654,0.0,1.0
2000071,ideal_large_sparse,"Ideal: large, sparse",72,600,3.4683333333333333,6.015,1.1095264622830767,1.4680031978785455,0.0110534104724499,0.0158013529095108,0.0,1.0
2000072,ideal_large_sparse,"Ideal: large, sparse",73,600,3.41,6.056666666666667,1.113837685953876,1.4201467942026376,-0.017347847004063,-0.009564947817316,0.0,1.0
2000073,ideal_large_sparse,"Ideal: large, sparse",74,600,3.5016666666666665,6.041666666666667,1.1129817771566133,1.413007976431126,-0.0164060717370681,0.0215911342206061,0.0,1.0
2000074,ideal_large_sparse,"Ideal: large, sparse",75,600,3.4516666666666667,5.961666666666667,1.1268452374679627,1.361354484429392,0.0370850843808059,-0.0008819455781453,0.0,1.0
2000075,ideal_large_sparse,"Ideal: large, sparse",76,600,3.466666666666667,5.966666666666667,1.0973738064156782,1.3983852680211513,-0.036071131705916,0.0271256320995565,0.0,1.0
2000076,ideal_large_sparse,"Ideal: large, sparse",77,600,3.44,6.078333333333333,1.1203386084852966,1.4161708189821065,0.0353639965209913,0.0305191079553086,0.0,1.0
2000077,ideal_large_sparse,"Ideal: large, sparse",78,600,3.53,6.0216666666666665,1.118563949377987,1.3920345382982593,-0.065467562946398,0.0230467164557774,0.0,1.0
2000078,ideal_large_sparse,"Ideal: large, sparse",79,600,3.563333333333333,5.998333333333333,1.1305392905015883,1.433558173665918,0.0211554612713891,0.0223996189690789,0.0,1.0
2000079,ideal_large_sparse,"Ideal: large, sparse",80,600,3.498333333333333,5.988333333333333,1.1114807862122886,1.388552250057876,0.0450873367880066,0.015533505172679,0.0,1.0
3000060,serial_dependence,Serial dependence,61,600,10.08,9.868333333333334,2.5267054439858594,2.5049528012419,0.0428803016646984,0.4995242900855992,0.0,1.0
3000061,serial_dependence,Serial dependence,62,600,10.135,10.111666666666666,2.5286554722808376,2.5264934535518373,0.0388499550035844,0.5105668022593673,0.0,1.0
3000062,serial_dependence,Serial dependence,63,600,9.935,10.11,2.536039068494059,2.6689146062195683,-0.0335805866036795,0.5071973518909673,0.0,1.0
3000063,serial_dependence,Serial dependence,64,600,9.863333333333332,9.94,2.5636450642749917,2.6604881121688275,0.0248449513945463,0.5070595414832795,0.0,1.0
3000064,serial_dependence,Serial dependence,65,600,10.225,9.875,2.662616045736164,2.654138105261858,-0.0092326779633958,0.5023813681985781,0.0,1.0
3000065,serial_dependence,Serial dependence,66,600,9.938333333333333,9.891666666666667,2.633645896230821,2.609203670703812,-0.0177765812531037,0.5041169041673822,0.0,1.0
3000066,serial_dependence,Serial dependence,67,600,10.148333333333332,9.828333333333331,2.627642428129393,2.556643228248675,0.0469776263639331,0.52405304790932,0.0,1.0
3000067,serial_dependence,Serial dependence,68,600,9.97,10.11,2.5968582533476807,2.573377246101172,-0.0686499420946042,0.5018801287171535,0.0,1.0
3000068,serial_dependence,Serial dependence,69,600,9.956666666666669,9.92,2.575365942628926,2.676229375966862,-0.0098310998208265,0.5050539689150199,0.0,1.0
3000069,serial_dependence,Serial dependence,70,600,10.033333333333331,9.93,2.607083369408677,2.568286099551329,-0.037616388221162,0.4881956116777272,0.0,1.0
3000070,serial_dependence,Serial dependence,71,600,9.955,10.058333333333334,2.5924588852643957,2.4789458464715306,0.0271996425167601,0.5132114347683586,0.0,1.0
3000071,serial_dependence,Serial dependence,72,600,9.95,10.04,2.4767702055469623,2.579306373610597,-0.0147175692451425,0.4979170544249409,0.0,1.0
3000072,serial_dependence,Serial dependence,73,600,9.881666666666666,10.055,2.655073051802197,2.5845259960723856,0.1115562890078467,0.513351612018125,0.0,1.0
3000073,serial_dependence,Serial dependence,74,600,9.936666666666667,9.938333333333333,2.5645565840921845,2.551871987376225,-0.0099999378957889,0.5066425580282626,0.0,1.0
3000074,serial_dependence,Serial dependence,75,600,10.278333333333334,10.021666666666668,2.555075584196513,2.572721395952324,0.0485802164133827,0.5053252260040181,0.0,1.0
3000075,serial_dependence,Serial dependence,76,600,10.068333333333332,9.965,2.5983808793578698,2.568027701783715,-0.0554405540082046,0.5117433949729598,0.0,1.0
3000076,serial_dependence,Serial dependence,77,600,9.95,9.918333333333331,2.585596420186285,2.6614788505030456,-0.021925044926827,0.4946317432025418,0.0,1.0
3000077,serial_dependence,Serial dependence,78,600,9.985,10.005,2.5315587390806664,2.5578400868408,0.0114249442893121,0.5115678728175965,0.0,1.0
3000078,serial_dependence,Serial dependence,79,600,9.813333333333333,9.913333333333334,2.599310725808748,2.631354962204343,-0.0332571312455154,0.5192000781388837,0.0,1.0
3000079,serial_dependence,Serial dependence,80,600,10.04,10.095,2.52369075463729,2.6237597435715494,-0.0153403899841339,0.5122660909646994,0.0,1.0
4000060,discrete_map_rounding,Integer MAP rounding,61,600,10.038333333333334,9.696666666666667,2.647996165980476,2.5908511609996,0.0174208571124239,0.2139866339764629,0.0,1.0
4000061,discrete_map_rounding,Integer MAP rounding,62,600,10.006666666666666,10.128333333333334,2.565331121283423,2.654607715984636,0.0180744096369874,0.2307763366571421,0.0,1.0
4000062,discrete_map_rounding,Integer MAP rounding,63,600,9.846666666666666,9.991666666666667,2.565955787628136,2.625468662617438,0.0041225024097973,0.2164955865430628,0.0,1.0
4000063,discrete_map_rounding,Integer MAP rounding,64,600,10.068333333333332,10.088333333333331,2.5220888384572566,2.5095205474058138,0.0133120554860421,0.2052498077891812,0.0,1.0
4000064,discrete_map_rounding,Integer MAP rounding,65,600,10.208333333333334,9.983333333333333,2.5558725900789243,2.5430626223888404,-0.0022752331741973,0.2202360882967571,0.0,1.0
4000065,discrete_map_rounding,Integer MAP rounding,66,600,9.965,9.991666666666667,2.5680277017837145,2.586389937810274,-0.0089673320069572,0.2206212457106731,0.0,1.0
4000066,discrete_map_rounding,Integer MAP rounding,67,600,9.996666666666666,9.936666666666667,2.669931918539925,2.5344350765968926,0.0586453781075418,0.2148930838011081,0.0,1.0
4000067,discrete_map_rounding,Integer MAP rounding,68,600,9.96,9.708333333333334,2.588351974372637,2.569227920810194,0.0346564421370478,0.2180901680413353,0.0,1.0
4000068,discrete_map_rounding,Integer MAP rounding,69,600,10.05,10.261666666666668,2.665083698222418,2.53849111036811,-0.0424112865400785,0.2219689094636631,0.0,1.0
4000069,discrete_map_rounding,Integer MAP rounding,70,600,9.888333333333334,9.811666666666667,2.6103423212187065,2.5593842948719034,0.0307559738847568,0.2178965804203768,0.0,1.0
4000070,discrete_map_rounding,Integer MAP rounding,71,600,10.051666666666666,10.02,2.592334382651027,2.504006805795953,0.012467281486172,0.2215821477243529,0.0,1.0
4000071,discrete_map_rounding,Integer MAP rounding,72,600,10.266666666666667,9.718333333333334,2.525771451378084,2.6186050439465904,-0.0447710001406237,0.2166135817835983,0.0,1.0
4000072,discrete_map_rounding,Integer MAP rounding,73,600,9.891666666666667,9.84,2.6136786494057542,2.506965255307473,-0.0143573077449886,0.2234533146503428,0.0,1.0
4000073,discrete_map_rounding,Integer MAP rounding,74,600,10.166666666666666,9.881666666666666,2.6051616073780304,2.568786028130685,0.0751648924935077,0.2388015521359902,0.0,1.0
4000074,discrete_map_rounding,Integer MAP rounding,75,600,10.071666666666667,10.068333333333332,2.6898431147917425,2.6041569226306294,0.0483211452318095,0.2273157482172493,0.0,1.0
4000075,discrete_map_rounding,Integer MAP rounding,76,600,9.981666666666667,9.945,2.626053595168369,2.6147089394545318,-0.0307199032108249,0.2344319611108775,0.0,1.0
4000076,discrete_map_rounding,Integer MAP rounding,77,600,9.916666666666666,10.133333333333333,2.558116916631088,2.548800278625762,0.0196711433246972,0.2081874419047771,0.0,1.0
4000077,discrete_map_rounding,Integer MAP rounding,78,600,9.958333333333334,10.036666666666669,2.57052716488231,2.5980580051040745,-0.0106181345854566,0.2207466505813561,0.0,1.0
4000078,discrete_map_rounding,Integer MAP rounding,79,600,10.021666666666668,9.886666666666668,2.5991902981310777,2.620802019917101,-0.0736155459955997,0.2078300774980502,0.0,1.0
4000079,discrete_map_rounding,Integer MAP rounding,80,600,9.956666666666669,10.063333333333333,2.633695022462001,2.5639055315761867,0.0243686083831955,0.2301138716693208,0.0,1.0
5000060,informative_monitoring,Informative monitoring,61,600,5.881666666666667,6.0633333333333335,3.957326278479717,4.014496547069501,-0.7283599574983773,0.3096218005361482,0.0,1.0
5000061,informative_monitoring,Informative monitoring,62,600,5.973333333333334,5.878333333333333,3.708397125122693,3.687754028110058,-0.7227523762458234,0.3127893235045572,0.0,1.0
5000062,informative_monitoring,Informative monitoring,63,600,6.02,6.0,4.185945161468879,4.159186385056906,-0.740803893180818,0.3159384648154709,0.0,1.0
5000063,informative_monitoring,Informative monitoring,64,600,5.985,5.9383333333333335,4.0733805430396535,4.057746426979512,-0.7240840090918444,0.3218579857358222,0.0,1.0
5000064,informative_monitoring,Informative monitoring,65,600,5.898333333333333,5.753333333333333,3.748076486831717,3.733504249207927,-0.731260472692352,0.3374205196639664,0.0,1.0
5000065,informative_monitoring,Informative monitoring,66,600,5.89,5.8933333333333335,3.7698257223149865,3.8747445030386976,-0.7251802277173618,0.2928496523134371,0.0,1.0
5000066,informative_monitoring,Informative monitoring,67,600,5.956666666666667,5.86,3.809940721681476,3.833391642633151,-0.7484818701754303,0.3009275208830642,0.0,1.0
5000067,informative_monitoring,Informative monitoring,68,600,5.721666666666667,5.801666666666667,3.647332671270026,3.7110578644115177,-0.7145761206705984,0.2958452912579861,0.0,1.0
5000068,informative_monitoring,Informative monitoring,69,600,5.781666666666666,5.678333333333334,3.762657732362468,3.666142143896539,-0.7130789998053471,0.3126046456206605,0.0,1.0
5000069,informative_monitoring,Informative monitoring,70,600,5.758333333333334,5.823333333333333,3.7233097661776338,3.9218733669935655,-0.7240002982855611,0.3031159297089152,0.0,1.0
5000070,informative_monitoring,Informative monitoring,71,600,5.631666666666667,5.705,3.340848095751591,3.5358372759602665,-0.6975323906959234,0.2966476649225663,0.0,1.0
5000071,informative_monitoring,Informative monitoring,72,600,5.818333333333333,5.683333333333334,3.8540134390272383,3.566172298650425,-0.7126854341275094,0.2856526587509242,0.0,1.0
5000072,informative_monitoring,Informative monitoring,73,600,6.095,6.056666666666667,4.126461900105429,4.071168494475049,-0.7338479936637456,0.3137750398091616,0.0,1.0
5000073,informative_monitoring,Informative monitoring,74,600,5.793333333333333,5.6466666666666665,3.84298970056126,3.5425138762128827,-0.7213884709142852,0.302513552258896,0.0,1.0
5000074,informative_monitoring,Informative monitoring,75,600,5.711666666666667,5.7316666666666665,3.604652515173615,3.713396389218544,-0.7121408045447848,0.2901062919833165,0.0,1.0
5000075,informative_monitoring,Informative monitoring,76,600,5.9383333333333335,6.028333333333333,3.9038353499631095,3.899941854224596,-0.7327789558620369,0.3205366415322689,0.0,1.0
5000076,informative_monitoring,Informative monitoring,77,600,5.81,5.903333333333333,3.722498487797242,3.850805551380966,-0.7127441331483608,0.3145209738032496,0.0,1.0
5000077,informative_monitoring,Informative monitoring,78,600,5.863333333333333,5.895,3.7835407830475223,3.7225085784805705,-0.7098507481135299,0.2972356848796774,0.0,1.0
5000078,informative_monitoring,Informative monitoring,79,600,5.6466666666666665,5.588333333333333,3.565530896399233,3.2521518068062374,-0.6887993890360318,0.2956566391279628,0.0,1.0
5000079,informative_monitoring,Informative monitoring,80,600,5.801666666666667,6.005,3.7119574713805368,3.911582262076092,-0.721436573287988,0.3160749530317923,0.0,1.0
6000060,cluster_size_informative,Cluster size--level association,61,600,11.623333333333331,11.583333333333334,4.265573124331663,4.265760981365355,-0.9379957451632032,0.0153107651938492,0.0,1.0
6000061,cluster_size_informative,Cluster size--level association,62,600,11.656666666666666,11.693333333333332,4.137308032018956,4.07762192417137,-0.9361917819178134,0.0175836212849422,0.0,1.0
6000062,cluster_size_informative,Cluster size--level association,63,600,11.875,11.858333333333333,3.990310676981353,4.069709422082761,-0.9251702267499484,6.936192348635229e-05,0.0,1.0
6000063,cluster_size_informative,Cluster size--level association,64,600,11.32,11.613333333333332,4.112881348679276,4.179665644169476,-0.9344747323436738,0.0001712533340696,0.0,1.0
6000064,cluster_size_informative,Cluster size--level association,65,600,11.44,11.34,4.078085904081528,4.106397956070832,-0.9349779913855384,0.0064358285668885,0.0,1.0
6000065,cluster_size_informative,Cluster size--level association,66,600,11.48,11.466666666666669,4.171963022259246,4.073476513626577,-0.9393234593146824,0.0141016184642532,0.0,1.0
6000066,cluster_size_informative,Cluster size--level association,67,600,11.38,11.285,4.119127579965616,4.122146911331237,-0.9314736028429847,0.0168183695742372,0.0,1.0
6000067,cluster_size_informative,Cluster size--level association,68,600,11.738333333333332,11.623333333333331,4.145097539452461,4.03674138680307,-0.934292110739671,0.0128785188676789,0.0,1.0
6000068,cluster_size_informative,Cluster size--level association,69,600,11.416666666666666,11.311666666666667,4.082176195737264,4.185338574978241,-0.92834716908583,0.018742038777778,0.0,1.0
6000069,cluster_size_informative,Cluster size--level association,70,600,11.665,11.55,4.070674676332441,4.114086717104996,-0.9296518177203964,0.0155395955760707,0.0,1.0
6000070,cluster_size_informative,Cluster size--level association,71,600,11.196666666666667,11.178333333333333,4.0995120303560455,4.082193576524258,-0.9317371550177768,0.0068624826554476,0.0,1.0
6000071,cluster_size_informative,Cluster size--level association,72,600,11.525,11.575,4.035242285229083,4.021774000386352,-0.9237478243842708,0.0275260585314003,0.0,1.0
6000072,cluster_size_informative,Cluster size--level association,73,600,11.471666666666666,11.451666666666666,4.176713874191887,4.260820132622336,-0.9369581314786944,0.0003123896685021,0.0,1.0
6000073,cluster_size_informative,Cluster size--level association,74,600,11.27,11.163333333333334,4.099403433938933,4.1519537676902525,-0.9366692100024554,0.0007600849002156,0.0,1.0
6000074,cluster_size_informative,Cluster size--level association,75,600,11.768333333333333,11.61,4.187747118930305,4.253789433070412,-0.931059123270646,0.0110269047697339,0.0,1.0
6000075,cluster_size_informative,Cluster size--level association,76,600,11.313333333333333,11.451666666666666,4.2648333568254895,4.071686170290852,-0.9311832152891588,0.0151563043407581,0.0,1.0
6000076,cluster_size_informative,Cluster size--level association,77,600,11.608333333333333,11.68,4.132399435846507,4.156889809478585,-0.9271824724842362,0.0122681376970898,0.0,1.0
6000077,cluster_size_informative,Cluster size--level association,78,600,11.385,11.473333333333333,3.9419970278543697,3.9873701554805416,-0.932457694226126,0.0089220034397005,0.0,1.0
6000078,cluster_size_informative,Cluster size--level association,79,600,11.431666666666668,11.53,4.144146934160122,4.153052661679656,-0.9336472519613932,0.0067079579169044,0.0,1.0
6000079,cluster_size_informative,Cluster size--level association,80,600,11.111666666666666,11.153333333333334,4.0410081415684616,4.024526918419609,-0.931098620156887,0.0212406402936938,0.0,1.0
7000060,common_time_misspecified,Misspecified common time,61,600,10.085,9.82,2.632995019229144,2.584970041772522,0.0796838047275487,0.22398989373979,0.0,1.0
7000061,common_time_misspecified,Misspecified common time,62,600,9.91,9.971666666666666,2.6153329828185097,2.5713583365698565,-0.0338603520827245,0.2124776732466378,0.0,1.0
7000062,common_time_misspecified,Misspecified common time,63,600,10.118333333333334,10.095,2.562278805415867,2.53706579301039,-0.0391389752958103,0.2089657933547167,0.0,1.0
7000063,common_time_misspecified,Misspecified common time,64,600,10.06,10.116666666666667,2.5860289847273075,2.543719009551726,-0.0089109766543368,0.2260943741234349,0.0,1.0
7000064,common_time_misspecified,Misspecified common time,65,600,10.051666666666666,9.993333333333334,2.6045415367360136,2.573777270463033,-0.0920950421256503,0.2227568821373097,0.0,1.0
7000065,common_time_misspecified,Misspecified common time,66,600,9.941666666666666,9.975,2.557178619698664,2.570743641721675,0.025635545438882,0.2197334769655757,0.0,1.0
7000066,common_time_misspecified,Misspecified common time,67,600,10.03,10.093333333333334,2.6211735765105284,2.649463149493326,-0.0300605297311991,0.233885619037208,0.0,1.0
7000067,common_time_misspecified,Misspecified common time,68,600,9.888333333333334,10.005,2.589151095348911,2.5779937457103217,0.0121264142711536,0.2194814884206279,0.0,1.0
7000068,common_time_misspecified,Misspecified common time,69,600,9.925,9.833333333333334,2.546930130270715,2.5722719907141576,-0.0692152429228691,0.224262339023507,0.0,1.0
7000069,common_time_misspecified,Misspecified common time,70,600,10.106666666666667,10.103333333333332,2.639488660619348,2.5865948678858035,-0.0298990322472007,0.2209547676190946,0.0,1.0
7000070,common_time_misspecified,Misspecified common time,71,600,10.15,10.115,2.5674539332769277,2.523037428003234,-0.003723348483191,0.2303512534494807,0.0,1.0
7000071,common_time_misspecified,Misspecified common time,72,600,10.05,10.095,2.5914009592405005,2.5317961317520394,0.0493774380700969,0.2164975608318828,0.0,1.0
7000072,common_time_misspecified,Misspecified common time,73,600,9.981666666666667,9.993333333333334,2.630499909112707,2.6340436339079707,0.0238953904848592,0.2063399396749488,0.0,1.0
7000073,common_time_misspecified,Misspecified common time,74,600,10.09,10.04,2.5780439324280757,2.570228938179975,0.079419962624476,0.2169461476943398,0.0,1.0
7000074,common_time_misspecified,Misspecified common time,75,600,10.011666666666668,9.986666666666666,2.6088709374304377,2.6422448761482045,-0.0339999253073027,0.2182219334114627,0.0,1.0
7000075,common_time_misspecified,Misspecified common time,76,600,9.981666666666667,9.878333333333334,2.617138305555561,2.535924962332256,0.0276551459267575,0.2083474621624031,0.0,1.0
7000076,common_time_misspecified,Misspecified common time,77,600,10.036666666666669,10.023333333333332,2.4897765363362176,2.5370948555514565,-0.026533754196735,0.2139363546660815,0.0,1.0
7000077,common_time_misspecified,Misspecified common time,78,600,9.986666666666666,10.058333333333334,2.5186759291903145,2.602476775015751,-0.0223430532984116,0.2263575832923167,0.0,1.0
7000078,common_time_misspecified,Misspecified common time,79,600,10.023333333333332,9.848333333333333,2.6167794672438878,2.575471279087492,0.0189371553088248,0.237644195432903,0.0,1.0
7000079,common_time_misspecified,Misspecified common time,80,600,9.946666666666667,10.048333333333334,2.590045581789724,2.5397009056262814,0.0032884456698492,0.2123444416911625,0.0,1.0
8000060,level_plus_shape,Persistent level plus shape,61,600,12.033333333333331,12.168333333333331,2.63384081104359,2.6219817955984435,0.0144221508675895,0.2465826027506569,0.0,1.0
8000061,level_plus_shape,Persistent level plus shape,62,600,11.958333333333334,12.028333333333334,2.611761740256693,2.5746025296859574,-0.0277479978929126,0.2503599388196693,0.0,1.0
8000062,level_plus_shape,Persistent level plus shape,63,600,12.19,11.828333333333331,2.5687020815916526,2.581984048155689,0.05259984263849,0.2381603015873361,0.0,1.0
8000063,level_plus_shape,Persistent level plus shape,64,600,11.99,12.076666666666666,2.62578074882529,2.418788909462016,0.043725672746895,0.2508688028586486,0.0,1.0
8000064,level_plus_shape,Persistent level plus shape,65,600,12.146666666666668,11.831666666666669,2.592880110546636,2.595102081533246,0.0859113455768998,0.2547660367792004,0.0,1.0
8000065,level_plus_shape,Persistent level plus shape,66,600,11.985,12.058333333333334,2.639391150007497,2.605682224545889,0.0247163667612532,0.2449833359670434,0.0,1.0
8000066,level_plus_shape,Persistent level plus shape,67,600,12.026666666666667,11.933333333333334,2.5429772796133943,2.533690628817935,0.0652265436077088,0.2446103406568509,0.0,1.0
8000067,level_plus_shape,Persistent level plus shape,68,600,12.018333333333333,11.93,2.566250173985646,2.599942210735707,-0.0949478521427007,0.2436594893184275,0.0,1.0
8000068,level_plus_shape,Persistent level plus shape,69,600,11.835,11.988333333333332,2.5765946000269717,2.4633942181494706,-0.010396624057157,0.2581800559402635,0.0,1.0
8000069,level_plus_shape,Persistent level plus shape,70,600,12.056666666666668,11.945,2.559500072916778,2.567676629196169,0.0264792637364783,0.2411928823327326,0.0,1.0
8000070,level_plus_shape,Persistent level plus shape,71,600,11.951666666666666,11.935,2.5697606903299053,2.5700421905944904,-0.0251391776125912,0.2345864644767697,0.0,1.0
8000071,level_plus_shape,Persistent level plus shape,72,600,11.861666666666666,11.781666666666666,2.628823896857688,2.620835462167579,0.0323479758305255,0.2359414219295954,0.0,1.0
8000072,level_plus_shape,Persistent level plus shape,73,600,11.791666666666666,11.921666666666669,2.5434318610114635,2.6249471998293683,-0.0470030584330955,0.2370959212927708,0.0,1.0
8000073,level_plus_shape,Persistent level plus shape,74,600,11.906666666666666,11.921666666666669,2.5972803720637097,2.5877966899281124,-0.028904950032339,0.2419725441707239,0.0,1.0
8000074,level_plus_shape,Persistent level plus shape,75,600,12.205,12.18,2.499343820396517,2.5208843878345646,0.0410733493742513,0.2596051542459034,0.0,1.0
8000075,level_plus_shape,Persistent level plus shape,76,600,12.05,12.19,2.597192525598563,2.59328141824028,0.0152971798573897,0.2570044338684529,0.0,1.0
8000076,level_plus_shape,Persistent level plus shape,77,600,12.011666666666668,11.986666666666666,2.5110501475733757,2.5718046557883785,0.0814991962863153,0.2557257346827317,0.0,1.0
8000077,level_plus_shape,Persistent level plus shape,78,600,11.96,12.046666666666669,2.6184908166591327,2.653845080584357,0.0404942780920689,0.2439914556067164,0.0,1.0
8000078,level_plus_shape,Persistent level plus shape,79,600,11.92,12.026666666666667,2.539885502131917,2.5762409147775456,0.0433581768190917,0.2445618426008985,0.0,1.0
8000079,level_plus_shape,Persistent level plus shape,80,600,12.101666666666668,12.058333333333334,2.633037288854144,2.5799271169492703,0.0236872534642823,0.2350085705748414,0.0,1.0
9000060,treatment_feedback,Treatment feedback,61,600,9.851666666666668,10.131666666666666,2.5756657350777576,2.571384306355984,0.0320125302858783,0.2586988179562288,0.2566666666666666,1.0
9000061,treatment_feedback,Treatment feedback,62,600,10.038333333333334,9.93,2.6054131185064877,2.5487107611968054,0.0188490860980198,0.2530854181738113,0.2616666666666666,1.0
9000062,treatment_feedback,Treatment feedback,63,600,9.963333333333331,10.016666666666667,2.6280855411448933,2.546342866192461,-0.0167031869782149,0.262550612169133,0.25,1.0
9000063,treatment_feedback,Treatment feedback,64,600,10.061666666666667,9.875,2.553833850203709,2.537736888290494,0.00195629643101,0.2586071928537648,0.26,1.0
9000064,treatment_feedback,Treatment feedback,65,600,9.968333333333334,10.041666666666666,2.5406210161037404,2.5180345613810395,0.0095337268983025,0.2584091474025856,0.2633333333333333,1.0
9000065,treatment_feedback,Treatment feedback,66,600,10.081666666666669,10.056666666666668,2.624209343787621,2.5989831494723004,-0.0009994845776507,0.2701036324459678,0.2416666666666666,1.0
9000066,treatment_feedback,Treatment feedback,67,600,9.99,9.968333333333334,2.602150131880957,2.5726175692249127,-0.0615662091254113,0.2591368296881912,0.2683333333333333,1.0
9000067,treatment_feedback,Treatment feedback,68,600,10.07,10.076666666666666,2.610195753153961,2.636735895482601,0.0282358271689197,0.2447869243466984,0.2766666666666666,1.0
9000068,treatment_feedback,Treatment feedback,69,600,10.085,10.161666666666669,2.5966026989048467,2.6722210170871894,0.0099887091824223,0.261350122187603,0.2983333333333333,1.0
9000069,treatment_feedback,Treatment feedback,70,600,10.015,9.965,2.608213877871445,2.5822900760231957,-0.037564586329337,0.2603576518347771,0.2783333333333333,1.0
9000070,treatment_feedback,Treatment feedback,71,600,9.97,10.12,2.526474180812168,2.509867005901346,0.0213966854560964,0.2515141775462892,0.275,1.0
9000071,treatment_feedback,Treatment feedback,72,600,10.103333333333332,10.113333333333332,2.511274521385204,2.5366407838582066,0.0195851201379245,0.2545586237672813,0.2916666666666667,1.0
9000072,treatment_feedback,Treatment feedback,73,600,10.011666666666668,9.98,2.581208040266052,2.573059344564576,-0.0136787004797402,0.250585073857221,0.2933333333333333,1.0
9000073,treatment_feedback,Treatment feedback,74,600,10.071666666666667,9.816666666666666,2.571163554812921,2.5821505361244084,-0.0562566231301953,0.2525205050334915,0.2766666666666666,1.0
9000074,treatment_feedback,Treatment feedback,75,600,9.943333333333332,9.948333333333334,2.578346111367821,2.520499703129921,0.0085152266138887,0.259049858131805,0.2933333333333333,1.0
9000075,treatment_feedback,Treatment feedback,76,600,9.906666666666666,9.928333333333333,2.524263999026949,2.5127117003423383,0.0427643256559434,0.2671422083340565,0.2583333333333333,1.0
9000076,treatment_feedback,Treatment feedback,77,600,10.085,10.128333333333334,2.643751887009592,2.4810192091320777,-0.0492947793030493,0.2462546553412656,0.2766666666666666,1.0
9000077,treatment_feedback,Treatment feedback,78,600,10.145,9.966666666666669,2.644294895144541,2.5670746013514543,0.0054227949113647,0.2495232852993616,0.24,1.0
9000078,treatment_feedback,Treatment feedback,79,600,9.998333333333331,10.006666666666666,2.607616407328444,2.65927467401834,-2.8265753127425144e-05,0.2528437810950221,0.2466666666666666,1.0
9000079,treatment_feedback,Treatment feedback,80,600,9.991666666666667,10.028333333333334,2.5322488745830127,2.676964846651128,0.0053031064183162,0.2580222284503487,0.285,1.0
10000060,transient_nonpersistent,Transient non-persistence,61,600,10.061666666666667,9.941666666666666,2.672658300807834,2.592836649702849,,0.2485223220739028,0.0,1.0
10000061,transient_nonpersistent,Transient non-persistence,62,600,10.181666666666668,9.831666666666669,2.619816078027879,2.608576561079608,,0.2645812877520302,0.0,1.0
10000062,transient_nonpersistent,Transient non-persistence,63,600,9.903333333333334,9.833333333333334,2.5693692454416235,2.5839278939547605,,0.2538960031771177,0.0,1.0
10000063,transient_nonpersistent,Transient non-persistence,64,600,10.065,10.171666666666669,2.621493603754205,2.626218878581763,,0.2520728889074157,0.0,1.0
10000064,transient_nonpersistent,Transient non-persistence,65,600,9.858333333333333,10.148333333333332,2.568253056422841,2.5450197966153745,,0.2710527416865597,0.0,1.0
10000065,transient_nonpersistent,Transient non-persistence,66,600,9.888333333333334,9.976666666666668,2.614176815543872,2.534461424723454,,0.2403218996313872,0.0,1.0
10000066,transient_nonpersistent,Transient non-persistence,67,600,9.951666666666666,9.953333333333331,2.691605181481337,2.461283964413293,,0.2452056182876696,0.0,1.0
10000067,transient_nonpersistent,Transient non-persistence,68,600,10.066666666666666,9.91,2.561866667801992,2.59160710351028,,0.252630703104811,0.0,1.0
10000068,transient_nonpersistent,Transient non-persistence,69,600,10.035,10.006666666666666,2.574520393930607,2.625155479403196,,0.241482591061471,0.0,1.0
10000069,transient_nonpersistent,Transient non-persistence,70,600,9.875,9.936666666666667,2.5600060647883085,2.603321793944601,,0.2490572023580253,0.0,1.0
10000070,transient_nonpersistent,Transient non-persistence,71,600,10.136666666666668,9.95,2.566248547634455,2.60873708563549,,0.2575633714874549,0.0,1.0
10000071,transient_nonpersistent,Transient non-persistence,72,600,10.03,10.153333333333334,2.558647649897737,2.6194002465529445,,0.255021259901305,0.0,1.0
10000072,transient_nonpersistent,Transient non-persistence,73,600,9.923333333333334,10.101666666666668,2.571992898124376,2.6820364317543586,,0.2565975808457639,0.0,1.0
10000073,transient_nonpersistent,Transient non-persistence,74,600,9.973333333333333,10.085,2.610999377979353,2.5314927927211905,,0.2549652841152426,0.0,1.0
10000074,transient_nonpersistent,Transient non-persistence,75,600,9.708333333333334,10.175,2.6315024664515247,2.6081370678976152,,0.2592580632691308,0.0,1.0
10000075,transient_nonpersistent,Transient non-persistence,76,600,9.903333333333334,9.948333333333334,2.637976577403048,2.5820099110686976,,0.2635984221887906,0.0,1.0
10000076,transient_nonpersistent,Transient non-persistence,77,600,10.108333333333333,10.208333333333334,2.5847757475257342,2.6419494791990163,,0.2731488890411327,0.0,1.0
10000077,transient_nonpersistent,Transient non-persistence,78,600,9.906666666666666,9.941666666666666,2.5934208956753944,2.528290128495007,,0.2563660361578048,0.0,1.0
10000078,transient_nonpersistent,Transient non-persistence,79,600,9.918333333333331,10.095,2.5084159955837446,2.6090842328724664,,0.2614908496238511,0.0,1.0
10000079,transient_nonpersistent,Transient non-persistence,80,600,9.953333333333331,10.096666666666666,2.571415145136354,2.5971582432451656,,0.2565611681522009,0.0,1.0
80,ideal_large_dense,"Ideal: large, dense",81,600,11.951666666666666,12.038333333333334,2.5904661253913788,2.6454731339389705,0.0084698198625139,0.0013497474226725,0.0,1.0
81,ideal_large_dense,"Ideal: large, dense",82,600,12.121666666666666,11.878333333333334,2.555598239060286,2.541186061643008,0.0260831583999219,0.017207136487786,0.0,1.0
82,ideal_large_dense,"Ideal: large, dense",83,600,11.918333333333331,11.961666666666666,2.662106040306926,2.560166917728857,0.0819394196413383,0.0213883522376291,0.0,1.0
83,ideal_large_dense,"Ideal: large, dense",84,600,11.895,12.113333333333332,2.571964229922337,2.54583798396977,-0.0285206547059024,0.0379079302725877,0.0,1.0
84,ideal_large_dense,"Ideal: large, dense",85,600,12.116666666666667,12.1,2.571135959537392,2.653626994708389,0.0800718055944306,0.013175242173948,0.0,1.0
85,ideal_large_dense,"Ideal: large, dense",86,600,11.868333333333334,11.89,2.55901898896146,2.610093417116865,0.0203635096014898,0.0248363549067538,0.0,1.0
86,ideal_large_dense,"Ideal: large, dense",87,600,12.03,12.108333333333333,2.6584856422124514,2.596375518283541,-0.0243561636037953,-0.0007742702102419,0.0,1.0
87,ideal_large_dense,"Ideal: large, dense",88,600,11.981666666666667,11.981666666666667,2.5532062181126767,2.6273247384029115,-0.0526321429421702,0.0097681405583187,0.0,1.0
88,ideal_large_dense,"Ideal: large, dense",89,600,12.078333333333331,11.878333333333334,2.560558139455428,2.569929594188792,0.0332224157564871,0.0122804009112446,0.0,1.0
89,ideal_large_dense,"Ideal: large, dense",90,600,11.916666666666666,12.061666666666667,2.5607260204497804,2.6068864539641905,0.0742215155975449,0.0144289557964984,0.0,1.0
90,ideal_large_dense,"Ideal: large, dense",91,600,11.94,12.191666666666666,2.597623159119632,2.654557404523789,-0.0158536159312205,0.0210445991116149,0.0,1.0
91,ideal_large_dense,"Ideal: large, dense",92,600,11.94,11.916666666666666,2.559423975261212,2.655461293263801,-0.0456604497933931,0.0151076857001712,0.0,1.0
92,ideal_large_dense,"Ideal: large, dense",93,600,11.78,12.051666666666666,2.538175964883941,2.651549562178697,0.0245933217620209,0.0179629104952891,0.0,1.0
93,ideal_large_dense,"Ideal: large, dense",94,600,12.055,11.811666666666667,2.6401247630761087,2.549581239416164,-0.0025204256086451,0.0166730239668489,0.0,1.0
94,ideal_large_dense,"Ideal: large, dense",95,600,12.0,12.05,2.5880165602626377,2.562246770744441,0.0038428585343709,0.0135119818192177,0.0,1.0
95,ideal_large_dense,"Ideal: large, dense",96,600,12.003333333333334,11.936666666666667,2.5457396186371297,2.511274521385204,0.083661464912007,0.0144834457284274,0.0,1.0
96,ideal_large_dense,"Ideal: large, dense",97,600,11.993333333333334,11.908333333333331,2.6642922094215185,2.537846527514535,0.0074436083360277,0.0085787509324798,0.0,1.0
97,ideal_large_dense,"Ideal: large, dense",98,600,11.778333333333334,11.97,2.589795801353858,2.6678885625722524,0.0897527034177749,0.0188768754265435,0.0,1.0
98,ideal_large_dense,"Ideal: large, dense",99,600,12.083333333333334,11.985,2.523953140342869,2.516345562845603,0.018601737045995,0.0186207932865925,0.0,1.0
99,ideal_large_dense,"Ideal: large, dense",100,600,12.185,11.963333333333331,2.561583726000157,2.6249074499412006,0.0285930502142456,0.0227371550414642,0.0,1.0
1000080,ideal_small_dense,"Ideal: small, dense",81,240,11.983333333333333,11.845833333333331,2.3571606681812423,2.5312241182794453,0.1129272984059014,0.0123327356365537,0.0,1.0
1000081,ideal_small_dense,"Ideal: small, dense",82,240,12.225,11.804166666666667,2.4663848834489395,2.603341780095123,-0.0032725700148869,0.0376286831326454,0.0,1.0
1000082,ideal_small_dense,"Ideal: small, dense",83,240,12.116666666666667,12.245833333333334,2.537363746848583,2.5139741940315585,0.0171177850786688,0.0019096690410467,0.0,1.0
1000083,ideal_small_dense,"Ideal: small, dense",84,240,12.270833333333334,12.2,2.7224433965502026,2.5072280447975306,-0.027230679989906,0.0038756317123029,0.0,1.0
1000084,ideal_small_dense,"Ideal: small, dense",85,240,11.858333333333333,12.033333333333331,2.7130425210563827,2.534889047387725,-0.0139779567580475,0.0375695475953838,0.0,1.0
1000085,ideal_small_dense,"Ideal: small, dense",86,240,12.229166666666666,11.9375,2.678283839246773,2.546687486679847,-0.0163827283375915,0.0143210669964507,0.0,1.0
1000086,ideal_small_dense,"Ideal: small, dense",87,240,12.083333333333334,11.891666666666667,2.4497744182147607,2.6458962725467354,-0.0503554642387601,0.0051473030375921,0.0,1.0
1000087,ideal_small_dense,"Ideal: small, dense",88,240,11.758333333333333,12.033333333333331,2.7382180729050454,2.4848775538166152,0.0097383289226958,0.011835742360486,0.0,1.0
1000088,ideal_small_dense,"Ideal: small, dense",89,240,11.7125,11.8375,2.575359990272798,2.634389959791649,-0.0617544861551081,0.0170699779818476,0.0,1.0
1000089,ideal_small_dense,"Ideal: small, dense",90,240,12.341666666666669,11.833333333333334,2.662291564382015,2.575498760108299,-0.1278127564571569,-0.0148640282692527,0.0,1.0
1000090,ideal_small_dense,"Ideal: small, dense",91,240,12.091666666666669,11.920833333333333,2.5760266940758503,2.663479833913237,-0.0692276156501731,0.0166717076575956,0.0,1.0
1000091,ideal_small_dense,"Ideal: small, dense",92,240,12.225,12.125,2.5579885534010005,2.727705366977463,-0.0588324629829209,0.0208705158512779,0.0,1.0
1000092,ideal_small_dense,"Ideal: small, dense",93,240,12.245833333333334,11.920833333333333,2.597468862360904,2.4643872105597437,0.0533458260689967,0.0218516780104343,0.0,1.0
1000093,ideal_small_dense,"Ideal: small, dense",94,240,12.029166666666669,11.3125,2.497526670531057,2.6287455843577434,0.0291184421666341,0.0031394306779671,0.0,1.0
1000094,ideal_small_dense,"Ideal: small, dense",95,240,11.758333333333333,11.879166666666666,2.6386120141520117,2.617526886470261,-0.0075327950477844,0.017065787059343,0.0,1.0
1000095,ideal_small_dense,"Ideal: small, dense",96,240,11.829166666666667,12.375,2.5986767097047805,2.5632174472737126,0.0238097662120949,0.0137601862110256,0.0,1.0
1000096,ideal_small_dense,"Ideal: small, dense",97,240,12.179166666666667,11.975,2.5394756429514445,2.451069273964744,-0.1256041635171388,0.0334173574407226,0.0,1.0
1000097,ideal_small_dense,"Ideal: small, dense",98,240,11.75,11.716666666666669,2.652069532147918,2.495798421928537,-0.0245118828328843,0.0247562835154011,0.0,1.0
1000098,ideal_small_dense,"Ideal: small, dense",99,240,11.854166666666666,11.95,2.4494007749256586,2.628616257836496,-0.062527750894995,0.0262900210573928,0.0,1.0
1000099,ideal_small_dense,"Ideal: small, dense",100,240,11.975,11.991666666666667,2.5791649908854617,2.55482424399658,0.0340561847426894,0.0022824294690227,0.0,1.0
2000080,ideal_large_sparse,"Ideal: large, sparse",81,600,3.4916666666666667,5.921666666666667,1.1248879249188646,1.395986575778989,0.0569082772277658,0.0225657340303299,0.0,1.0
2000081,ideal_large_sparse,"Ideal: large, sparse",82,600,3.5216666666666665,6.04,1.12024795530178,1.407729675066715,-0.0162740992584315,0.018361325764407,0.0,1.0
2000082,ideal_large_sparse,"Ideal: large, sparse",83,600,3.3783333333333334,6.046666666666667,1.1242644290377397,1.4240325382538015,0.0210103334809113,0.0023850566962602,0.0,1.0
2000083,ideal_large_sparse,"Ideal: large, sparse",84,600,3.4716666666666667,5.986666666666666,1.1319597063722304,1.384322748256751,-0.0282486596795506,0.0080957760978071,0.0,1.0
2000084,ideal_large_sparse,"Ideal: large, sparse",85,600,3.395,5.965,1.1095164312371897,1.4435771050057655,0.0157007511201754,0.00712589777665,0.0,1.0
2000085,ideal_large_sparse,"Ideal: large, sparse",86,600,3.495,5.9816666666666665,1.11746269353944,1.4531057828834433,0.0360866242062843,0.0101632928189164,0.0,1.0
2000086,ideal_large_sparse,"Ideal: large, sparse",87,600,3.485,5.93,1.1158779679691675,1.4077415341763115,-0.0198201473272579,0.0235159593084762,0.0,1.0
2000087,ideal_large_sparse,"Ideal: large, sparse",88,600,3.505,6.083333333333333,1.1024218293449928,1.4352079728845135,0.0002696650643821,0.0148604960613332,0.0,1.0
2000088,ideal_large_sparse,"Ideal: large, sparse",89,600,3.49,6.011666666666667,1.1366852785052763,1.3764767958468205,0.0602128475266671,0.0252062144731725,0.0,1.0
2000089,ideal_large_sparse,"Ideal: large, sparse",90,600,3.565,6.026666666666666,1.0913722963079926,1.4080458838074372,-0.0035963514402964,0.0168701992896138,0.0,1.0
2000090,ideal_large_sparse,"Ideal: large, sparse",91,600,3.495,6.008333333333334,1.1219356336008046,1.4076812493323048,-0.0034877628440486,0.0048898148132401,0.0,1.0
2000091,ideal_large_sparse,"Ideal: large, sparse",92,600,3.518333333333333,6.016666666666667,1.142441468845758,1.398683696322899,-0.0251445889435289,0.0023361546410637,0.0,1.0
2000092,ideal_large_sparse,"Ideal: large, sparse",93,600,3.4833333333333334,5.956666666666667,1.0778025419441437,1.3740216330061317,-0.0513996674242763,0.0250563443366695,0.0,1.0
2000093,ideal_large_sparse,"Ideal: large, sparse",94,600,3.48,6.013333333333334,1.093126193443062,1.370992921769277,-0.0222188019046146,0.0012570288957267,0.0,1.0
2000094,ideal_large_sparse,"Ideal: large, sparse",95,600,3.455,6.051666666666667,1.1135716125274768,1.3948380470571076,-0.0356899991215169,0.0257812114470963,0.0,1.0
2000095,ideal_large_sparse,"Ideal: large, sparse",96,600,3.473333333333333,6.0183333333333335,1.1111615644267585,1.419397185253208,-0.0437542399047834,0.0053986956253612,0.0,1.0
2000096,ideal_large_sparse,"Ideal: large, sparse",97,600,3.473333333333333,5.971666666666667,1.1096581113548962,1.4062336377580218,0.0042928842821901,0.0077039352725306,0.0,1.0
2000097,ideal_large_sparse,"Ideal: large, sparse",98,600,3.558333333333333,5.92,1.117442773841345,1.3868930939658437,0.0359643447745486,0.0207724511607261,0.0,1.0
2000098,ideal_large_sparse,"Ideal: large, sparse",99,600,3.5683333333333334,5.961666666666667,1.1123816238221715,1.3868680159668194,0.0103966780414462,0.0036408687185859,0.0,1.0
2000099,ideal_large_sparse,"Ideal: large, sparse",100,600,3.543333333333333,6.026666666666666,1.1270489287079444,1.3973342933724249,0.0053052009514883,0.0061117700890589,0.0,1.0
3000080,serial_dependence,Serial dependence,81,600,10.101666666666668,10.12,2.609472385836447,2.607732177937966,-0.0394286124979221,0.5116598583644533,0.0,1.0
3000081,serial_dependence,Serial dependence,82,600,10.033333333333331,9.968333333333334,2.5540348559938657,2.5366753356482903,-0.0069015803636174,0.5119683256243825,0.0,1.0
3000082,serial_dependence,Serial dependence,83,600,10.065,10.19,2.602318537307842,2.5777848937147128,-0.0273271071142281,0.4889750882488691,0.0,1.0
3000083,serial_dependence,Serial dependence,84,600,9.935,9.901666666666667,2.566141748316739,2.6070401453413137,-0.0763109973321379,0.5044447983007702,0.0,1.0
3000084,serial_dependence,Serial dependence,85,600,10.06,9.871666666666666,2.5600761674812547,2.5355957811721592,-0.0269431796267499,0.5021083912052363,0.0,1.0
3000085,serial_dependence,Serial dependence,86,600,10.07,10.146666666666668,2.568286099551329,2.5031176998404034,-0.0149335038940186,0.5017409199555947,0.0,1.0
3000086,serial_dependence,Serial dependence,87,600,10.215,10.038333333333334,2.659052324690585,2.602207337486325,-0.0330488628405633,0.482504307095467,0.0,1.0
3000087,serial_dependence,Serial dependence,88,600,10.068333333333332,10.056666666666668,2.575147153139556,2.5621077682087097,0.0659816943363899,0.5080704463263156,0.0,1.0
3000088,serial_dependence,Serial dependence,89,600,9.991666666666667,9.783333333333331,2.607603602890061,2.6742553402639846,0.0154485242863877,0.50857657251778,0.0,1.0
3000089,serial_dependence,Serial dependence,90,600,10.113333333333332,9.946666666666667,2.585529699810704,2.539271954515152,-0.051660103645505,0.5119766977020127,0.0,1.0
3000090,serial_dependence,Serial dependence,91,600,10.073333333333334,9.996666666666666,2.602417437002805,2.604732220169065,-0.0063464068608643,0.4974871759512337,0.0,1.0
3000091,serial_dependence,Serial dependence,92,600,9.946666666666667,9.876666666666669,2.5379567101627223,2.6069360844619247,-0.0710195239071211,0.4878918585970794,0.0,1.0
3000092,serial_dependence,Serial dependence,93,600,10.061666666666667,9.911666666666669,2.667656501045097,2.4914941556091623,-0.002261916505535,0.5099133211349263,0.0,1.0
3000093,serial_dependence,Serial dependence,94,600,9.848333333333333,9.948333333333334,2.5224197823027943,2.5501312065931607,-0.0031228014426822,0.498347527405572,0.0,1.0
3000094,serial_dependence,Serial dependence,95,600,10.035,9.963333333333331,2.531360894848186,2.678422196865783,-0.0206430065462357,0.5216017622623134,0.0,1.0
3000095,serial_dependence,Serial dependence,96,600,10.003333333333334,10.028333333333334,2.585432844588829,2.5978411267348798,-0.0603270069483654,0.5148775340067958,0.0,1.0
3000096,serial_dependence,Serial dependence,97,600,10.021666666666668,10.063333333333333,2.662018242630151,2.554119829294013,-0.0247949882087336,0.4881015861110019,0.0,1.0
3000097,serial_dependence,Serial dependence,98,600,9.948333333333334,10.06,2.600692836073026,2.5944077524507647,-0.0346525559351243,0.5118737313888484,0.0,1.0
3000098,serial_dependence,Serial dependence,99,600,10.03,9.933333333333334,2.622447085171445,2.513181720347344,-0.0134613873514901,0.5017495881345603,0.0,1.0
3000099,serial_dependence,Serial dependence,100,600,10.205,10.056666666666668,2.595676706102734,2.573809702145892,-0.0022414195263284,0.4998482704010841,0.0,1.0
4000080,discrete_map_rounding,Integer MAP rounding,81,600,9.981666666666667,10.023333333333332,2.619688627119768,2.5691353245950976,-0.0211760349091304,0.2254567301766889,0.0,1.0
4000081,discrete_map_rounding,Integer MAP rounding,82,600,9.84,10.111666666666666,2.6215493258974782,2.598804892061071,-0.0144563442733211,0.2291884342847119,0.0,1.0
4000082,discrete_map_rounding,Integer MAP rounding,83,600,9.926666666666666,10.021666666666668,2.651352800932745,2.5953336619627705,0.026302923367119,0.2254383730182526,0.0,1.0
4000083,discrete_map_rounding,Integer MAP rounding,84,600,10.028333333333334,10.073333333333334,2.502925944975655,2.6017758585728794,0.0081478485559506,0.2149942080956203,0.0,1.0
4000084,discrete_map_rounding,Integer MAP rounding,85,600,10.008333333333333,10.168333333333331,2.512392767446753,2.57378537842206,-0.0422835074523494,0.2271741676345218,0.0,1.0
4000085,discrete_map_rounding,Integer MAP rounding,86,600,9.748333333333331,10.058333333333334,2.544757396275472,2.6120813228057185,-0.0119587645151131,0.23260440020315,0.0,1.0
4000086,discrete_map_rounding,Integer MAP rounding,87,600,10.123333333333331,10.111666666666666,2.645711347908089,2.6109817946720866,0.1208711310256027,0.2305140708274898,0.0,1.0
4000087,discrete_map_rounding,Integer MAP rounding,88,600,9.956666666666669,10.191666666666666,2.514357215917742,2.5460560135752432,0.034618333888848,0.2157267657833579,0.0,1.0
4000088,discrete_map_rounding,Integer MAP rounding,89,600,10.015,10.21,2.507705986659097,2.602663333468039,0.0062789103936981,0.2140032112417865,0.0,1.0
4000089,discrete_map_rounding,Integer MAP rounding,90,600,10.018333333333333,10.121666666666666,2.5571263913211006,2.5114490204912445,0.0939451457201434,0.2322728478410239,0.0,1.0
4000090,discrete_map_rounding,Integer MAP rounding,91,600,9.965,10.13,2.5790555530871857,2.57892446943134,0.0396317697907705,0.2067600119318813,0.0,1.0
4000091,discrete_map_rounding,Integer MAP rounding,92,600,9.893333333333333,10.073333333333334,2.482383115497902,2.544027453014552,-0.033617337050445,0.2268880500821073,0.0,1.0
4000092,discrete_map_rounding,Integer MAP rounding,93,600,10.03,10.188333333333333,2.6205365900962705,2.6180694608289325,0.0349381649792948,0.2450986391107401,0.0,1.0
4000093,discrete_map_rounding,Integer MAP rounding,94,600,10.063333333333333,9.87,2.616753947978805,2.485302371905613,-0.0395119413825251,0.2158415844137981,0.0,1.0
4000094,discrete_map_rounding,Integer MAP rounding,95,600,9.921666666666669,10.025,2.56316475829898,2.5387234708482382,-0.0103153388348098,0.2127049992746871,0.0,1.0
4000095,discrete_map_rounding,Integer MAP rounding,96,600,10.03,10.028333333333334,2.579442291962083,2.5894734684155907,0.0221613762266758,0.2277242891373473,0.0,1.0
4000096,discrete_map_rounding,Integer MAP rounding,97,600,9.808333333333334,10.18,2.650781323483784,2.608756283924364,0.0639967587068513,0.2111232838196719,0.0,1.0
4000097,discrete_map_rounding,Integer MAP rounding,98,600,9.835,9.95,2.638695294034143,2.615767012134226,-0.0047217764491438,0.2090978732602207,0.0,1.0
4000098,discrete_map_rounding,Integer MAP rounding,99,600,10.085,10.096666666666666,2.5564299109923514,2.5300838779781385,0.0237512116948499,0.2094066640779585,0.0,1.0
4000099,discrete_map_rounding,Integer MAP rounding,100,600,10.108333333333333,10.068333333333332,2.6085637613542514,2.553663881743986,-0.020976820411757,0.2306549906765421,0.0,1.0
5000080,informative_monitoring,Informative monitoring,81,600,5.78,5.676666666666667,3.797231220451196,3.806959915104735,-0.711144279142812,0.3096540083845414,0.0,1.0
5000081,informative_monitoring,Informative monitoring,82,600,5.798333333333333,5.765,3.759150956720757,3.862811219504419,-0.7121011792245239,0.2993884306042215,0.0,1.0
5000082,informative_monitoring,Informative monitoring,83,600,5.691666666666666,5.69,3.613173433329916,3.5803069229845765,-0.7069676912742798,0.2780150529906745,0.0,1.0
5000083,informative_monitoring,Informative monitoring,84,600,5.776666666666666,5.596666666666667,3.842490091819597,3.4723792878591877,-0.7022901353881589,0.3244061763778805,0.0,1.0
5000084,informative_monitoring,Informative monitoring,85,600,5.616666666666666,5.626666666666667,3.4257771094397675,3.402437831057693,-0.7079987245854081,0.3231125227554717,0.0,1.0
5000085,informative_monitoring,Informative monitoring,86,600,5.53,5.546666666666667,3.31724386271815,3.3260978790052804,-0.6879923868200047,0.2905785706674125,0.0,1.0
5000086,informative_monitoring,Informative monitoring,87,600,5.593333333333334,5.573333333333333,3.340641959772784,3.3882772801382006,-0.6918128214892508,0.2735508335947561,0.0,1.0
5000087,informative_monitoring,Informative monitoring,88,600,6.12,6.075,4.283243742959613,4.02198154636063,-0.7376727462309081,0.3323091743109883,0.0,1.0
5000088,informative_monitoring,Informative monitoring,89,600,6.048333333333333,5.96,3.955849482825846,4.025179513619415,-0.7446761539048952,0.3274964942513886,0.0,1.0
5000089,informative_monitoring,Informative monitoring,90,600,5.74,5.758333333333334,3.539295271429602,3.684547512632132,-0.7174181514730299,0.304684614960488,0.0,1.0
5000090,informative_monitoring,Informative monitoring,91,600,5.87,5.9383333333333335,3.8882254515314,3.9383221288860666,-0.714567492718336,0.3089110797459886,0.0,1.0
5000091,informative_monitoring,Informative monitoring,92,600,5.841666666666667,5.8566666666666665,3.877497758908373,3.905749653542729,-0.7365922931517038,0.3127480438826231,0.0,1.0
5000092,informative_monitoring,Informative monitoring,93,600,5.803333333333334,5.773333333333333,3.765406489647036,3.7405804530533975,-0.7157427001582858,0.2989185971788718,0.0,1.0
5000093,informative_monitoring,Informative monitoring,94,600,5.961666666666667,5.928333333333334,3.978682413202991,3.8132355243496954,-0.7330810873620208,0.3408016188486409,0.0,1.0
5000094,informative_monitoring,Informative monitoring,95,600,5.796666666666667,5.6883333333333335,3.895374881146015,3.590173551855532,-0.7112146316061965,0.3045284819632748,0.0,1.0
5000095,informative_monitoring,Informative monitoring,96,600,5.611666666666666,5.661666666666667,3.3926460618604644,3.542802511894508,-0.7139954130370954,0.2980847793386041,0.0,1.0
5000096,informative_monitoring,Informative monitoring,97,600,5.696666666666666,5.658333333333333,3.5612441161735213,3.4835550541433435,-0.7485056328768805,0.3129238311460881,0.0,1.0
5000097,informative_monitoring,Informative monitoring,98,600,5.741666666666666,5.835,3.7751843995987593,3.7910061830336894,-0.7246581644736888,0.3043519210469854,0.0,1.0
5000098,informative_monitoring,Informative monitoring,99,600,5.456666666666667,5.555,3.268423658418086,3.282010713552459,-0.6795396845456487,0.307297626995156,0.0,1.0
5000099,informative_monitoring,Informative monitoring,100,600,6.0616666666666665,5.946666666666666,4.00890459880994,3.90930001405478,-0.7392160486753825,0.3246255680988831,0.0,1.0
6000080,cluster_size_informative,Cluster size--level association,81,600,11.545,11.516666666666667,4.13438389811933,4.23591318250328,-0.93075121644137,0.0356106811746934,0.0,1.0
6000081,cluster_size_informative,Cluster size--level association,82,600,11.64,11.775,4.049411012634892,4.090100635111835,-0.9372826922354072,0.0165006712124186,0.0,1.0
6000082,cluster_size_informative,Cluster size--level association,83,600,11.276666666666667,11.228333333333332,3.898133908530715,3.92792288440918,-0.9236126467939896,0.0096944877100639,0.0,1.0
6000083,cluster_size_informative,Cluster size--level association,84,600,11.52,11.576666666666666,4.028230927757938,4.005520675520924,-0.931726091733928,0.0086113243085817,0.0,1.0
6000084,cluster_size_informative,Cluster size--level association,85,600,11.69,11.685,4.240346002828799,4.113470886963525,-0.9337001336087104,0.010626542960008,0.0,1.0
6000085,cluster_size_informative,Cluster size--level association,86,600,11.466666666666669,11.508333333333333,4.100843460073664,4.054297238616574,-0.9310638629812596,0.0098488722481061,0.0,1.0
6000086,cluster_size_informative,Cluster size--level association,87,600,11.341666666666669,11.505,4.077496026398765,4.064583997383535,-0.9289415637203904,0.0221533996088977,0.0,1.0
6000087,cluster_size_informative,Cluster size--level association,88,600,11.133333333333333,11.196666666666667,4.21051496644928,4.082781412508647,-0.9349568606772928,0.0147988260650058,0.0,1.0
6000088,cluster_size_informative,Cluster size--level association,89,600,11.688333333333333,11.931666666666668,4.115348187788421,4.046102915591927,-0.930021308909714,0.0097446189987397,0.0,1.0
6000089,cluster_size_informative,Cluster size--level association,90,600,11.3,11.363333333333332,3.873198865160657,3.871645423593472,-0.9180739826507152,0.0160525928995278,0.0,1.0
6000090,cluster_size_informative,Cluster size--level association,91,600,11.58,11.481666666666667,4.1924011073697525,4.052616857605276,-0.928325080883967,0.0047092208872397,0.0,1.0
6000091,cluster_size_informative,Cluster size--level association,92,600,11.163333333333334,11.19,4.041932407260624,4.014651796658588,-0.9277871541230286,0.0013509828375102,0.0,1.0
6000092,cluster_size_informative,Cluster size--level association,93,600,11.481666666666667,11.651666666666667,4.096050121750063,4.1880261652505935,-0.929904391572475,0.0032314495586267,0.0,1.0
6000093,cluster_size_informative,Cluster size--level association,94,600,11.458333333333334,11.498333333333331,4.072169958286471,4.195951290741988,-0.941680124675997,0.0188993435915581,0.0,1.0
6000094,cluster_size_informative,Cluster size--level association,95,600,11.678333333333333,11.68,4.00852978958773,4.074137658790051,-0.9342566893786,-0.0076587625186361,0.0,1.0
6000095,cluster_size_informative,Cluster size--level association,96,600,11.923333333333334,11.898333333333332,4.095780094176849,3.941305244959525,-0.9322177149961808,0.0248189063068792,0.0,1.0
6000096,cluster_size_informative,Cluster size--level association,97,600,11.31,11.278333333333334,4.058080008525295,4.003862561899428,-0.924245696297896,0.0207498190730579,0.0,1.0
6000097,cluster_size_informative,Cluster size--level association,98,600,11.745,11.665,4.0588296955521335,4.079687252735626,-0.9376400362513044,0.0043561076036132,0.0,1.0
6000098,cluster_size_informative,Cluster size--level association,99,600,11.758333333333333,12.023333333333332,4.092004976793862,4.152693542949963,-0.934369021752544,0.008194412868552,0.0,1.0
6000099,cluster_size_informative,Cluster size--level association,100,600,11.715,11.565,3.9992205000074033,4.116310851362144,-0.9321912613352068,0.0196245159884605,0.0,1.0
7000080,common_time_misspecified,Misspecified common time,81,600,10.028333333333334,10.176666666666666,2.629141405434832,2.55270759828843,0.0302073553429999,0.2148876858357286,0.0,1.0
7000081,common_time_misspecified,Misspecified common time,82,600,9.915,9.833333333333334,2.527532862420921,2.618584324017886,-0.0121356396062504,0.2139876321582488,0.0,1.0
7000082,common_time_misspecified,Misspecified common time,83,600,10.101666666666668,9.946666666666667,2.5876289523191605,2.532029656063991,0.0363044319501768,0.2317624096325417,0.0,1.0
7000083,common_time_misspecified,Misspecified common time,84,600,9.955,9.945,2.6717420051788423,2.4830594650911264,0.0289281631344376,0.2133888526000212,0.0,1.0
7000084,common_time_misspecified,Misspecified common time,85,600,9.88,9.833333333333334,2.7364356622358086,2.589736172784776,0.0262796513320116,0.2150192527349814,0.0,1.0
7000085,common_time_misspecified,Misspecified common time,86,600,9.941666666666666,10.098333333333333,2.5805741273859546,2.617903662895669,-0.0202372856181476,0.1978113587462392,0.0,1.0
7000086,common_time_misspecified,Misspecified common time,87,600,9.988333333333332,10.168333333333331,2.6216379481998064,2.564037383059205,0.0500841067295511,0.2200539150637376,0.0,1.0
7000087,common_time_misspecified,Misspecified common time,88,600,9.926666666666666,10.031666666666666,2.5876208877370948,2.604862005109867,-0.0131637627710605,0.2201445666138289,0.0,1.0
7000088,common_time_misspecified,Misspecified common time,89,600,10.141666666666667,10.153333333333334,2.524986432246175,2.574399887389138,-0.0444895102389484,0.2097079035966754,0.0,1.0
7000089,common_time_misspecified,Misspecified common time,90,600,9.91,10.063333333333333,2.554625253073217,2.517250445472389,0.0091599673234506,0.2304108622683179,0.0,1.0
7000090,common_time_misspecified,Misspecified common time,91,600,10.071666666666667,10.12,2.6034259992898816,2.5468432783495185,-0.0222407649663388,0.2307232397177188,0.0,1.0
7000091,common_time_misspecified,Misspecified common time,92,600,10.0,9.87,2.535227596280375,2.58021883090542,-0.0096595259503143,0.2108895511309917,0.0,1.0
7000092,common_time_misspecified,Misspecified common time,93,600,9.938333333333333,9.841666666666669,2.629839789369651,2.5880031212916355,-0.0469590365928039,0.2328610413271005,0.0,1.0
7000093,common_time_misspecified,Misspecified common time,94,600,9.895,9.905,2.551762950771136,2.5704059298887687,-0.0235119283664897,0.2115372302516583,0.0,1.0
7000094,common_time_misspecified,Misspecified common time,95,600,9.771666666666668,10.0,2.61743171898743,2.586726100665945,-0.0077560525720381,0.2479495196396715,0.0,1.0
7000095,common_time_misspecified,Misspecified common time,96,600,9.991666666666667,9.881666666666666,2.4742271970442022,2.532789422617105,-0.040661797170628,0.2229314352871185,0.0,1.0
7000096,common_time_misspecified,Misspecified common time,97,600,10.061666666666667,10.0,2.504992788480529,2.5750828633116907,0.0652092583312243,0.2167634422477161,0.0,1.0
7000097,common_time_misspecified,Misspecified common time,98,600,9.916666666666666,9.958333333333334,2.575677077890687,2.647945728898954,0.0460364840809697,0.227018703450934,0.0,1.0
7000098,common_time_misspecified,Misspecified common time,99,600,9.786666666666669,9.951666666666666,2.551209518162872,2.5684610585402337,0.0405207046371605,0.205764326395153,0.0,1.0
7000099,common_time_misspecified,Misspecified common time,100,600,10.061666666666667,10.07,2.5485988599890432,2.536893055943725,-0.0288697577068968,0.2125499048291881,0.0,1.0
8000080,level_plus_shape,Persistent level plus shape,81,600,11.926666666666666,11.938333333333333,2.650723066797116,2.5577530614638966,-0.0063953301755533,0.2532431993379842,0.0,1.0
8000081,level_plus_shape,Persistent level plus shape,82,600,12.051666666666666,11.868333333333334,2.5755360993822087,2.55901898896146,-0.0440124849699604,0.239107856827388,0.0,1.0
8000082,level_plus_shape,Persistent level plus shape,83,600,12.05,12.128333333333334,2.644331196944113,2.5986764106690616,-0.0448692639815891,0.2466628826770256,0.0,1.0
8000083,level_plus_shape,Persistent level plus shape,84,600,12.048333333333334,11.975,2.604605633565196,2.583699060402457,-0.0450723162651842,0.2487609138044565,0.0,1.0
8000084,level_plus_shape,Persistent level plus shape,85,600,12.083333333333334,11.996666666666666,2.5272581873375466,2.607934897501258,0.015675217600078,0.2472209562217877,0.0,1.0
8000085,level_plus_shape,Persistent level plus shape,86,600,11.965,11.946666666666667,2.6233397643459497,2.5445261335455074,0.0179932376342655,0.2533323220356803,0.0,1.0
8000086,level_plus_shape,Persistent level plus shape,87,600,12.105,11.846666666666666,2.61189810026034,2.595068307660628,0.0556748778585455,0.232127938480675,0.0,1.0
8000087,level_plus_shape,Persistent level plus shape,88,600,11.903333333333334,12.021666666666668,2.506883123298469,2.604323595716855,-0.0088197071660035,0.2398882894308751,0.0,1.0
8000088,level_plus_shape,Persistent level plus shape,89,600,12.145,11.941666666666666,2.510872850381843,2.6381553520705183,0.0443474774993017,0.2511473505928453,0.0,1.0
8000089,level_plus_shape,Persistent level plus shape,90,600,11.92,11.95,2.5725402372208293,2.58042586848979,-0.0392582110729244,0.2583672267515381,0.0,1.0
8000090,level_plus_shape,Persistent level plus shape,91,600,12.07,12.158333333333331,2.6127528513882434,2.48734974154893,-0.0619627666186077,0.2421592981515133,0.0,1.0
8000091,level_plus_shape,Persistent level plus shape,92,600,11.901666666666667,11.921666666666669,2.566380278741652,2.5716180226294774,0.0318773912155682,0.2425637945586692,0.0,1.0
8000092,level_plus_shape,Persistent level plus shape,93,600,11.751666666666669,11.933333333333334,2.4846770257102584,2.5507645039896527,-0.0231783483586963,0.2513169700748581,0.0,1.0
8000093,level_plus_shape,Persistent level plus shape,94,600,11.905,12.073333333333334,2.4872244522344555,2.5538518269754413,-0.0417126977573248,0.2539830821654185,0.0,1.0
8000094,level_plus_shape,Persistent level plus shape,95,600,11.97,12.01,2.627534947404707,2.640363459576057,-0.0124643760021017,0.2512024867084648,0.0,1.0
8000095,level_plus_shape,Persistent level plus shape,96,600,12.063333333333333,11.996666666666666,2.5580386024011665,2.593813538018021,-0.009246530790923,0.2536284608036121,0.0,1.0
8000096,level_plus_shape,Persistent level plus shape,97,600,12.028333333333334,12.03,2.6437055788296058,2.6458964353461814,-0.014406397284228,0.2372844851508328,0.0,1.0
8000097,level_plus_shape,Persistent level plus shape,98,600,11.958333333333334,12.08,2.584129789084444,2.616296685631316,0.0315063592293464,0.2623496662926788,0.0,1.0
8000098,level_plus_shape,Persistent level plus shape,99,600,11.94,12.12,2.607245586677394,2.4851344340415,-0.0081626566626686,0.2669875408427604,0.0,1.0
8000099,level_plus_shape,Persistent level plus shape,100,600,11.901666666666667,12.101666666666668,2.5481009765182208,2.5895637256826047,0.0367352047811395,0.2571321052222252,0.0,1.0
9000080,treatment_feedback,Treatment feedback,81,600,9.926666666666666,10.02,2.610104077307938,2.5847116971910027,0.0402396546860066,0.2668032390949605,0.27,1.0
9000081,treatment_feedback,Treatment feedback,82,600,10.18,10.213333333333331,2.5327767891728943,2.6355389704948813,-0.0238187956931696,0.2550460154329198,0.2683333333333333,1.0
9000082,treatment_feedback,Treatment feedback,83,600,10.031666666666666,9.96,2.5569958157099424,2.6280368394264,-0.0059332970893137,0.2607199861982629,0.2833333333333333,1.0
9000083,treatment_feedback,Treatment feedback,84,600,10.0,10.035,2.556865777537133,2.630965278592999,-0.0328759753969022,0.2452563788860486,0.2633333333333333,1.0
9000084,treatment_feedback,Treatment feedback,85,600,9.976666666666668,9.975,2.56262898884062,2.579819266100419,0.0116443005796908,0.2443053353619209,0.2983333333333333,1.0
9000085,treatment_feedback,Treatment feedback,86,600,10.208333333333334,10.233333333333333,2.6614663051993994,2.6090037158919723,0.0140387105362342,0.2716717476662487,0.28,1.0
9000086,treatment_feedback,Treatment feedback,87,600,9.85,10.221666666666666,2.520202180722716,2.643389819616656,-0.0319314956102302,0.2453135662288436,0.28,1.0
9000087,treatment_feedback,Treatment feedback,88,600,9.928333333333333,9.893333333333333,2.601501535515154,2.5408756306648304,0.0452142314755493,0.2581838905452998,0.28,1.0
9000088,treatment_feedback,Treatment feedback,89,600,10.063333333333333,9.948333333333334,2.5416705209929087,2.5356879562045798,0.0017629692207032,0.2685017370144937,0.2566666666666666,1.0
9000089,treatment_feedback,Treatment feedback,90,600,9.905,9.825,2.532455439078484,2.564892354072577,0.0147469031813766,0.2464628487408755,0.26,1.0
9000090,treatment_feedback,Treatment feedback,91,600,10.025,10.063333333333333,2.46058240591406,2.612284237428504,-0.0626086958829695,0.2717097604798549,0.29,1.0
9000091,treatment_feedback,Treatment feedback,92,600,10.043333333333331,10.163333333333334,2.5831330814373947,2.5140650536622218,-0.0876211879031333,0.2599818106474253,0.2533333333333333,1.0
9000092,treatment_feedback,Treatment feedback,93,600,10.105,10.106666666666667,2.6398718160816514,2.618533320417963,-0.040556135935372,0.2656408518929025,0.2533333333333333,1.0
9000093,treatment_feedback,Treatment feedback,94,600,10.048333333333334,10.01,2.5547750092330817,2.5672718609476006,0.0028703840459321,0.2458285724565584,0.2416666666666666,1.0
9000094,treatment_feedback,Treatment feedback,95,600,10.068333333333332,9.978333333333332,2.595809623519828,2.62221100214848,-0.0615715445461253,0.260153669101876,0.2383333333333333,1.0
9000095,treatment_feedback,Treatment feedback,96,600,10.023333333333332,9.978333333333332,2.536436754169529,2.5636206441087164,-0.018138677620546,0.2613787894512437,0.255,1.0
9000096,treatment_feedback,Treatment feedback,97,600,10.003333333333334,9.978333333333332,2.535225401277177,2.6393447653169333,0.0009589341141323,0.2471740041673467,0.2833333333333333,1.0
9000097,treatment_feedback,Treatment feedback,98,600,9.981666666666667,9.933333333333334,2.485617504669901,2.6058023521978964,-0.0384704328848513,0.257591985487377,0.2883333333333333,1.0
9000098,treatment_feedback,Treatment feedback,99,600,9.983333333333333,10.023333333333332,2.616830505027464,2.550221219686203,-0.0329479362879852,0.2468482516750172,0.27,1.0
9000099,treatment_feedback,Treatment feedback,100,600,10.026666666666667,10.048333333333334,2.489233354544698,2.584013499416008,-0.0219325608707116,0.2475052056447261,0.2633333333333333,1.0
10000080,transient_nonpersistent,Transient non-persistence,81,600,9.836666666666666,9.746666666666666,2.55163482680637,2.5755668884507146,,0.2406426770169002,0.0,1.0
10000081,transient_nonpersistent,Transient non-persistence,82,600,10.038333333333334,10.1,2.5919221934020267,2.6517389638790347,,0.2489688384371567,0.0,1.0
10000082,transient_nonpersistent,Transient non-persistence,83,600,9.923333333333334,9.928333333333333,2.607448344071375,2.594432955288696,,0.2455913980021948,0.0,1.0
10000083,transient_nonpersistent,Transient non-persistence,84,600,10.026666666666667,10.03,2.5573793625954813,2.523168106863371,,0.2558925418873791,0.0,1.0
10000084,transient_nonpersistent,Transient non-persistence,85,600,10.165,10.063333333333333,2.545959842416739,2.6320210447846355,,0.2581796828976069,0.0,1.0
10000085,transient_nonpersistent,Transient non-persistence,86,600,10.028333333333334,10.043333333333331,2.601052289088625,2.6387611973518887,,0.2610951406053509,0.0,1.0
10000086,transient_nonpersistent,Transient non-persistence,87,600,10.008333333333333,9.841666666666669,2.581867661841131,2.549004956056164,,0.2493586111660761,0.0,1.0
10000087,transient_nonpersistent,Transient non-persistence,88,600,9.903333333333334,9.976666666666668,2.5498022226269,2.574328553505012,,0.2401829191781257,0.0,1.0
10000088,transient_nonpersistent,Transient non-persistence,89,600,10.125,10.121666666666666,2.541024007168832,2.5326312253784256,,0.2492533114076724,0.0,1.0
10000089,transient_nonpersistent,Transient non-persistence,90,600,9.923333333333334,10.095,2.514888333061431,2.536407684087839,,0.2499522147078642,0.0,1.0
10000090,transient_nonpersistent,Transient non-persistence,91,600,10.096666666666666,9.901666666666667,2.512869490711991,2.6287222860134656,,0.2436502620378952,0.0,1.0
10000091,transient_nonpersistent,Transient non-persistence,92,600,9.786666666666669,9.821666666666667,2.559702264266629,2.5305869555213167,,0.238317316423492,0.0,1.0
10000092,transient_nonpersistent,Transient non-persistence,93,600,10.09,10.056666666666668,2.611500186106968,2.5391996337801417,,0.2651520859271147,0.0,1.0
10000093,transient_nonpersistent,Transient non-persistence,94,600,9.943333333333332,9.978333333333332,2.555583540853117,2.552526109194397,,0.2455306115617529,0.0,1.0
10000094,transient_nonpersistent,Transient non-persistence,95,600,10.103333333333332,10.076666666666666,2.5396992622736936,2.565493809457775,,0.2645164680946291,0.0,1.0
10000095,transient_nonpersistent,Transient non-persistence,96,600,9.99,9.97,2.6123950083143583,2.545564737549429,,0.2430689619417618,0.0,1.0
10000096,transient_nonpersistent,Transient non-persistence,97,600,9.698333333333334,9.973333333333333,2.5373333751499767,2.5638990202161493,,0.2440392497340976,0.0,1.0
10000097,transient_nonpersistent,Transient non-persistence,98,600,10.14,9.926666666666666,2.6028878273441265,2.6323952457991053,,0.2591800078503987,0.0,1.0
10000098,transient_nonpersistent,Transient non-persistence,99,600,10.011666666666668,9.955,2.6095107714536794,2.551566673140079,,0.2673385392402423,0.0,1.0
10000099,transient_nonpersistent,Transient non-persistence,100,600,9.896666666666668,9.981666666666667,2.5521581863007747,2.607552384507767,,0.2599388756238558,0.0,1.0
100,ideal_large_dense,"Ideal: large, dense",101,600,12.005,12.216666666666669,2.6203852830680328,2.4859650559332267,0.0009342726261437,0.0131729635711371,0.0,1.0
101,ideal_large_dense,"Ideal: large, dense",102,600,11.968333333333334,12.153333333333334,2.589434785766665,2.600851707594466,-0.0329063553846991,0.0248332237087095,0.0,1.0
102,ideal_large_dense,"Ideal: large, dense",103,600,12.09,12.083333333333334,2.5097938378508684,2.553544570202154,-0.0929766388553676,-0.002167967266499,0.0,1.0
103,ideal_large_dense,"Ideal: large, dense",104,600,12.14,11.846666666666666,2.644880398153047,2.636552275616584,-0.0076843947853863,0.0276772498878673,0.0,1.0
104,ideal_large_dense,"Ideal: large, dense",105,600,12.105,12.193333333333332,2.591363915953948,2.5032777622176843,-0.0088454063457144,0.0148906420965698,0.0,1.0
105,ideal_large_dense,"Ideal: large, dense",106,600,11.951666666666666,12.156666666666666,2.6148408894265924,2.5806760167433933,-0.0855950366750887,0.0033049376856289,0.0,1.0
106,ideal_large_dense,"Ideal: large, dense",107,600,11.95,12.105,2.618318669380036,2.6054985520064124,0.0881588067349192,0.0131583915929531,0.0,1.0
107,ideal_large_dense,"Ideal: large, dense",108,600,11.99,12.05,2.650460633414905,2.5971925255985626,0.0131678532885508,0.0086205279922697,0.0,1.0
108,ideal_large_dense,"Ideal: large, dense",109,600,12.07,12.043333333333331,2.606355401859335,2.551922687810734,0.0653594259701395,0.0172713131300192,0.0,1.0
109,ideal_large_dense,"Ideal: large, dense",110,600,12.036666666666669,12.063333333333333,2.6369638195973284,2.4845409626758514,0.0008198656076886,0.0222609182298811,0.0,1.0
110,ideal_large_dense,"Ideal: large, dense",111,600,12.045,12.005,2.610427593396775,2.6076121391893032,-0.0181611519448987,0.017753943850014,0.0,1.0
111,ideal_large_dense,"Ideal: large, dense",112,600,11.908333333333331,11.78,2.616232343469118,2.5947680761386454,-0.0302989324069318,0.0136281265818824,0.0,1.0
112,ideal_large_dense,"Ideal: large, dense",113,600,12.056666666666668,11.821666666666667,2.5899746788241917,2.632758296787685,0.0188240318763975,0.0205441006637875,0.0,1.0
113,ideal_large_dense,"Ideal: large, dense",114,600,11.931666666666668,11.861666666666666,2.4820552409755736,2.603938949420551,0.0223942025606995,0.0271429456563179,0.0,1.0
114,ideal_large_dense,"Ideal: large, dense",115,600,11.795,11.883333333333333,2.538447266382938,2.613638728138276,0.0170112347520076,0.0196615618340723,0.0,1.0
115,ideal_large_dense,"Ideal: large, dense",116,600,11.896666666666668,11.87,2.691603630873568,2.5489727545632657,-0.1089736860765036,0.0069068200374268,0.0,1.0
116,ideal_large_dense,"Ideal: large, dense",117,600,11.943333333333332,12.153333333333334,2.5744582500059945,2.5944249118563807,0.055646307970467,0.0149522080251398,0.0,1.0
117,ideal_large_dense,"Ideal: large, dense",118,600,11.931666666666668,12.133333333333333,2.448193887557522,2.6102831620085456,-0.0347312100143471,0.0163441980484244,0.0,1.0
118,ideal_large_dense,"Ideal: large, dense",119,600,12.113333333333332,11.921666666666669,2.5628309333385646,2.586506120633717,0.0537794935293091,0.0021112527826619,0.0,1.0
119,ideal_large_dense,"Ideal: large, dense",120,600,11.878333333333334,12.04,2.5627739344873364,2.603144368067524,-0.0416726460442673,0.0164831601267458,0.0,1.0
1000100,ideal_small_dense,"Ideal: small, dense",101,240,12.145833333333334,12.004166666666666,2.6258258978359867,2.655219721843971,-0.0827791973715024,0.0106382321000599,0.0,1.0
1000101,ideal_small_dense,"Ideal: small, dense",102,240,12.116666666666667,11.683333333333334,2.579881393703749,2.6496493281308298,0.0746116706421093,0.0052407615770521,0.0,1.0
1000102,ideal_small_dense,"Ideal: small, dense",103,240,12.354166666666666,12.366666666666667,2.540793400064852,2.442419177074472,-0.0855359876919279,-0.0179962599625737,0.0,1.0
1000103,ideal_small_dense,"Ideal: small, dense",104,240,11.829166666666667,11.983333333333333,2.554834479759486,2.548223873474325,0.062179071430567,0.0161105564608004,0.0,1.0
1000104,ideal_small_dense,"Ideal: small, dense",105,240,11.8,11.945833333333333,2.525518298849618,2.6021360981626667,-0.0479622083206182,0.0167620351098643,0.0,1.0
1000105,ideal_small_dense,"Ideal: small, dense",106,240,12.029166666666669,11.820833333333333,2.6941714815701685,2.6836681271083918,-0.0506474254404154,0.0070424797546236,0.0,1.0
1000106,ideal_small_dense,"Ideal: small, dense",107,240,12.145833333333334,12.270833333333334,2.520124717420322,2.593357973516297,-0.0751674066938357,0.0229412451351499,0.0,1.0
1000107,ideal_small_dense,"Ideal: small, dense",108,240,11.95,11.7625,2.591747443659486,2.48296497413103,0.0163836503374562,0.0004184753539954,0.0,1.0
1000108,ideal_small_dense,"Ideal: small, dense",109,240,11.7875,12.254166666666666,2.5220056606402084,2.617526886470261,-0.003935157385569,0.0244333731824896,0.0,1.0
1000109,ideal_small_dense,"Ideal: small, dense",110,240,11.995833333333334,11.916666666666666,2.562193615387723,2.622986044188108,-0.0272551872218611,0.00461405685576,0.0,1.0
1000110,ideal_small_dense,"Ideal: small, dense",111,240,11.995833333333334,11.9375,2.6394146629321007,2.704453556202602,0.0608730451048151,0.0007882535008702,0.0,1.0
1000111,ideal_small_dense,"Ideal: small, dense",112,240,12.091666666666669,12.170833333333333,2.574401935936681,2.508559266897428,-0.1312130879654808,0.0001884357195673,0.0,1.0
1000112,ideal_small_dense,"Ideal: small, dense",113,240,11.720833333333331,12.091666666666669,2.4920760055211564,2.670138082190458,-0.0349469959115844,-0.0186136461847088,0.0,1.0
1000113,ideal_small_dense,"Ideal: small, dense",114,240,12.25,12.054166666666667,2.487626281986193,2.5287434104124373,-0.0108061805502856,0.0328202854675629,0.0,1.0
1000114,ideal_small_dense,"Ideal: small, dense",115,240,12.033333333333331,12.095833333333331,2.5546195201258617,2.4773415307486584,0.0255113573883006,0.0124571579408961,0.0,1.0
1000115,ideal_small_dense,"Ideal: small, dense",116,240,11.8625,11.816666666666666,2.5239128319463804,2.5776098472048194,0.1661941844208227,0.0148076022622691,0.0,1.0
1000116,ideal_small_dense,"Ideal: small, dense",117,240,12.1625,12.504166666666666,2.451762665382605,2.6951031320912544,-0.0243967889367838,0.014907072555321,0.0,1.0
1000117,ideal_small_dense,"Ideal: small, dense",118,240,12.220833333333331,12.025,2.6570312761109007,2.505099401730858,0.0163423793800101,-0.0103946083652825,0.0,1.0
1000118,ideal_small_dense,"Ideal: small, dense",119,240,12.241666666666667,11.975,2.5695214973305966,2.551437366658892,0.0525335605981967,0.024260033546394,0.0,1.0
1000119,ideal_small_dense,"Ideal: small, dense",120,240,11.745833333333334,11.908333333333331,2.5998839959101407,2.530139107867469,0.0129822125301237,0.0138704066403892,0.0,1.0
2000100,ideal_large_sparse,"Ideal: large, sparse",101,600,3.473333333333333,5.976666666666667,1.0945100010779505,1.461625626260406,-0.0905830653779273,0.0223732133959994,0.0,1.0
2000101,ideal_large_sparse,"Ideal: large, sparse",102,600,3.51,6.065,1.1233892196821915,1.4168465302036952,0.0026403529906645,0.0246827901049248,0.0,1.0
2000102,ideal_large_sparse,"Ideal: large, sparse",103,600,3.566666666666667,6.03,1.1094775600777522,1.4044170720220466,0.0305308728864174,0.0243746341932277,0.0,1.0
2000103,ideal_large_sparse,"Ideal: large, sparse",104,600,3.5,5.975,1.121946793604521,1.3919785704412309,-0.0014363997195244,-0.003155330188595,0.0,1.0
2000104,ideal_large_sparse,"Ideal: large, sparse",105,600,3.455,5.963333333333333,1.14316214925931,1.4602086281138915,-0.0021867377611872,0.0197045156368537,0.0,1.0
2000105,ideal_large_sparse,"Ideal: large, sparse",106,600,3.5716666666666668,6.068333333333333,1.1403352561342914,1.3857119294697149,0.0352184607853544,0.0209387351479154,0.0,1.0
2000106,ideal_large_sparse,"Ideal: large, sparse",107,600,3.4966666666666666,6.015,1.0887137908649769,1.3957154806184762,-0.0552714428173109,0.0383411365960009,0.0,1.0
2000107,ideal_large_sparse,"Ideal: large, sparse",108,600,3.495,6.053333333333334,1.1009064409170992,1.4143866886619074,0.0692622051028018,0.0148222088889891,0.0,1.0
2000108,ideal_large_sparse,"Ideal: large, sparse",109,600,3.4883333333333333,5.935,1.1337281220145476,1.4203769868035276,-0.0595648892334958,0.0220387472414305,0.0,1.0
2000109,ideal_large_sparse,"Ideal: large, sparse",110,600,3.591666666666667,6.011666666666667,1.1196815172430277,1.4589075505175613,0.0145490051807466,0.0159706938438158,0.0,1.0
2000110,ideal_large_sparse,"Ideal: large, sparse",111,600,3.518333333333333,6.008333333333334,1.1128317691665406,1.4112346347126608,-0.0586350753349374,0.0079851203016303,0.0,1.0
2000111,ideal_large_sparse,"Ideal: large, sparse",112,600,3.5316666666666667,5.898333333333333,1.1392220739515715,1.4158642855210073,0.0518108334613476,-0.0040141746217232,0.0,1.0
2000112,ideal_large_sparse,"Ideal: large, sparse",113,600,3.4233333333333333,5.966666666666667,1.119319890491978,1.4395634037946357,-0.0398684410385694,0.0157699228835087,0.0,1.0
2000113,ideal_large_sparse,"Ideal: large, sparse",114,600,3.4683333333333333,6.046666666666667,1.120009489982849,1.4158023812878415,-0.0104775460066799,0.0194180280396369,0.0,1.0
2000114,ideal_large_sparse,"Ideal: large, sparse",115,600,3.6016666666666666,5.94,1.0916272130062756,1.407017945573288,-0.014926602930291,0.0025899871148976,0.0,1.0
2000115,ideal_large_sparse,"Ideal: large, sparse",116,600,3.5483333333333333,5.966666666666667,1.1517558152601322,1.4325883583790429,0.012600415508366,0.0323351704475751,0.0,1.0
2000116,ideal_large_sparse,"Ideal: large, sparse",117,600,3.65,6.035,1.1073438267242506,1.4190835058801514,-0.0557091779194551,-0.0080122626307984,0.0,1.0
2000117,ideal_large_sparse,"Ideal: large, sparse",118,600,3.52,5.97,1.1424134602631033,1.4465779087476742,0.0459979371346545,-0.009425946577871,0.0,1.0
2000118,ideal_large_sparse,"Ideal: large, sparse",119,600,3.5216666666666665,5.97,1.14675875767431,1.403227855347581,-0.015424575708376,0.0089072658440659,0.0,1.0
2000119,ideal_large_sparse,"Ideal: large, sparse",120,600,3.5033333333333334,6.033333333333333,1.138192144507502,1.4114564242718417,-0.0569274854104844,0.0358641198430585,0.0,1.0
3000100,serial_dependence,Serial dependence,101,600,10.14,9.998333333333331,2.53662323356237,2.5747581481421893,-0.0333784608387105,0.4989804348233889,0.0,1.0
3000101,serial_dependence,Serial dependence,102,600,9.888333333333334,9.963333333333331,2.561275224084949,2.5735242893099604,-0.0332176102956944,0.5035352338412974,0.0,1.0
3000102,serial_dependence,Serial dependence,103,600,10.133333333333333,10.226666666666668,2.5605630293487542,2.599336416324548,0.0371476415697682,0.511563618659158,0.0,1.0
3000103,serial_dependence,Serial dependence,104,600,9.97,9.931666666666668,2.6440028842811065,2.631578594441004,-0.007270542080016,0.5167574295277733,0.0,1.0
3000104,serial_dependence,Serial dependence,105,600,10.068333333333332,10.061666666666667,2.557583353461896,2.5675249163118217,0.0584776214572239,0.5016462496298257,0.0,1.0
3000105,serial_dependence,Serial dependence,106,600,9.92,10.088333333333331,2.678723439521595,2.6637736463434374,-0.0385301278965637,0.4991296482818178,0.0,1.0
3000106,serial_dependence,Serial dependence,107,600,9.941666666666666,9.97,2.616551379983912,2.5917101694964115,-0.0057232971254255,0.5091999332087865,0.0,1.0
3000107,serial_dependence,Serial dependence,108,600,9.936666666666667,9.928333333333333,2.587240210868868,2.5640113388592014,0.038126925113076,0.498872940371687,0.0,1.0
3000108,serial_dependence,Serial dependence,109,600,10.073333333333334,10.125,2.558423624283328,2.53905224651198,0.059898723969303,0.506881425577769,0.0,1.0
3000109,serial_dependence,Serial dependence,110,600,9.938333333333333,9.988333333333332,2.597262695879626,2.668344804471141,-0.0187255163599358,0.5021747373482591,0.0,1.0
3000110,serial_dependence,Serial dependence,111,600,9.986666666666666,9.961666666666666,2.5834626675219616,2.644841999861101,-0.0105554896842891,0.4962583671448436,0.0,1.0
3000111,serial_dependence,Serial dependence,112,600,9.796666666666669,10.038333333333334,2.592912303294601,2.5326312253784256,0.0532752746425812,0.4843468807084711,0.0,1.0
3000112,serial_dependence,Serial dependence,113,600,10.025,10.063333333333333,2.662616045736164,2.56650875071592,-0.0666571542179133,0.503884687396234,0.0,1.0
3000113,serial_dependence,Serial dependence,114,600,10.106666666666667,9.958333333333334,2.6063916983121715,2.59958849104241,-0.0367195221742428,0.5190058365084478,0.0,1.0
3000114,serial_dependence,Serial dependence,115,600,10.113333333333332,10.101666666666668,2.653090091562189,2.530877210503629,0.0591516172003251,0.5059719165829821,0.0,1.0
3000115,serial_dependence,Serial dependence,116,600,10.198333333333334,10.135,2.6313248259108275,2.568612716132152,-0.0461409616144281,0.507049736711292,0.0,1.0
3000116,serial_dependence,Serial dependence,117,600,9.876666666666669,9.896666666666668,2.599882279771529,2.5904645142435,-0.0579801321321232,0.4863693942316289,0.0,1.0
3000117,serial_dependence,Serial dependence,118,600,10.238333333333332,10.005,2.6222746670791177,2.559797375641394,0.0497012442882234,0.5059939762826364,0.0,1.0
3000118,serial_dependence,Serial dependence,119,600,9.955,9.931666666666668,2.526581555632452,2.689930004281793,-0.0014467959354321,0.5066980518861635,0.0,1.0
3000119,serial_dependence,Serial dependence,120,600,9.936666666666667,9.856666666666667,2.5981865170764946,2.595640795794018,-0.0513838447647159,0.4954887663949669,0.0,1.0
4000100,discrete_map_rounding,Integer MAP rounding,101,600,9.958333333333334,9.855,2.639104395226481,2.64366347978026,-0.0007220481288922,0.2126914634084466,0.0,1.0
4000101,discrete_map_rounding,Integer MAP rounding,102,600,10.016666666666667,9.958333333333334,2.575677077890687,2.568578052329161,0.0954727682006679,0.2214017869750093,0.0,1.0
4000102,discrete_map_rounding,Integer MAP rounding,103,600,10.243333333333334,9.975,2.595254862608303,2.5583752278240786,-0.0038171326481728,0.2338106330877889,0.0,1.0
4000103,discrete_map_rounding,Integer MAP rounding,104,600,9.775,9.853333333333332,2.6348838091674978,2.546100272944627,-0.0908991217281555,0.2225421815683136,0.0,1.0
4000104,discrete_map_rounding,Integer MAP rounding,105,600,10.04,9.783333333333331,2.506432459251192,2.584735379852644,0.0222017277419048,0.2193599058691599,0.0,1.0
4000105,discrete_map_rounding,Integer MAP rounding,106,600,9.955,10.058333333333334,2.54632702184348,2.49973565658656,0.0434888853028024,0.2163584149074293,0.0,1.0
4000106,discrete_map_rounding,Integer MAP rounding,107,600,10.083333333333334,9.896666666666668,2.639064858575572,2.584657872152978,0.0308196096671226,0.2231765366553842,0.0,1.0
4000107,discrete_map_rounding,Integer MAP rounding,108,600,10.085,10.015,2.5235667182850663,2.5473364923665343,0.0998570590152482,0.2124992352291183,0.0,1.0
4000108,discrete_map_rounding,Integer MAP rounding,109,600,10.006666666666666,9.883333333333333,2.599593307518771,2.5782684115944816,-0.0700112800839449,0.2089083870209793,0.0,1.0
4000109,discrete_map_rounding,Integer MAP rounding,110,600,9.988333333333332,10.003333333333334,2.45796661667798,2.562733220246008,-0.0022475484324667,0.2200888812843728,0.0,1.0
4000110,discrete_map_rounding,Integer MAP rounding,111,600,10.038333333333334,9.991666666666667,2.6098945965749154,2.6292810970620533,-0.0674124389540632,0.2206925710065661,0.0,1.0
4000111,discrete_map_rounding,Integer MAP rounding,112,600,10.028333333333334,10.06,2.461902820594734,2.5763273156560795,0.0466262597687543,0.2261900513142609,0.0,1.0
4000112,discrete_map_rounding,Integer MAP rounding,113,600,9.818333333333332,9.886666666666668,2.59484474570498,2.617615085680767,-0.0313658302594758,0.2342856839058991,0.0,1.0
4000113,discrete_map_rounding,Integer MAP rounding,114,600,9.853333333333332,10.013333333333334,2.616594446933219,2.5815233216046822,-0.0046042741422592,0.2274475731527181,0.0,1.0
4000114,discrete_map_rounding,Integer MAP rounding,115,600,9.771666666666668,10.206666666666669,2.5691499452719846,2.5777956875141403,-0.0286547229313086,0.2199098508430138,0.0,1.0
4000115,discrete_map_rounding,Integer MAP rounding,116,600,10.13,9.965,2.593770629179585,2.629060973555219,-0.0051919104802833,0.2236403228064413,0.0,1.0
4000116,discrete_map_rounding,Integer MAP rounding,117,600,9.966666666666669,10.003333333333334,2.6426997544574067,2.55294302437371,-0.0444688505750288,0.226463758243201,0.0,1.0
4000117,discrete_map_rounding,Integer MAP rounding,118,600,10.051666666666666,9.965,2.569045974206157,2.633502209950916,0.0108611647912509,0.2396338745304402,0.0,1.0
4000118,discrete_map_rounding,Integer MAP rounding,119,600,10.133333333333333,9.915,2.5442111887926124,2.5623005236093626,-0.0496582704087249,0.2236993863835873,0.0,1.0
4000119,discrete_map_rounding,Integer MAP rounding,120,600,10.031666666666666,10.031666666666666,2.594587384353686,2.624654626562662,0.018947005344625,0.2294572535215058,0.0,1.0
5000100,informative_monitoring,Informative monitoring,101,600,5.875,5.946666666666666,3.8471690261619353,3.931443666694999,-0.7305809033724057,0.3369941865268314,0.0,1.0
5000101,informative_monitoring,Informative monitoring,102,600,5.91,5.766666666666667,3.951107703772621,3.8017071407718777,-0.7328265979551558,0.2932875645747867,0.0,1.0
5000102,informative_monitoring,Informative monitoring,103,600,5.653333333333333,5.711666666666667,3.473701180110833,3.6000181629418773,-0.7093094062357553,0.3135934383254105,0.0,1.0
5000103,informative_monitoring,Informative monitoring,104,600,5.9,5.803333333333334,3.7523504042035514,3.7467388899421,-0.7070316954257116,0.3023193054933043,0.0,1.0
5000104,informative_monitoring,Informative monitoring,105,600,5.505,5.6066666666666665,3.1922237004303624,3.34773073249892,-0.7016155136932194,0.2958669223987831,0.0,1.0
5000105,informative_monitoring,Informative monitoring,106,600,5.8933333333333335,5.848333333333334,3.870002207238251,3.77037001353366,-0.7157984792116107,0.3190352018874526,0.0,1.0
5000106,informative_monitoring,Informative monitoring,107,600,5.965,5.9383333333333335,3.8698062829784687,3.774689084551284,-0.7227866811837121,0.3077218464194703,0.0,1.0
5000107,informative_monitoring,Informative monitoring,108,600,5.87,5.721666666666667,3.8018227769556754,3.6390844244079914,-0.6918582580002957,0.3270198462876325,0.0,1.0
5000108,informative_monitoring,Informative monitoring,109,600,6.02,6.261666666666667,3.838944624031102,4.133805082849683,-0.7342775291339275,0.3313335204367357,0.0,1.0
5000109,informative_monitoring,Informative monitoring,110,600,5.905,6.036666666666667,3.7912087482694647,4.005670716043007,-0.7329839325654935,0.3195126069490471,0.0,1.0
5000110,informative_monitoring,Informative monitoring,111,600,5.806666666666667,5.71,3.562364330271617,3.598260570315396,-0.7144868682630157,0.2970614092654686,0.0,1.0
5000111,informative_monitoring,Informative monitoring,112,600,5.8116666666666665,5.958333333333333,3.729528056125144,3.849410408063171,-0.7091136591897641,0.3077418535619634,0.0,1.0
5000112,informative_monitoring,Informative monitoring,113,600,5.423333333333333,5.585,3.2871666619336124,3.311250866944353,-0.6946217168453979,0.2963219429594309,0.0,1.0
5000113,informative_monitoring,Informative monitoring,114,600,5.6883333333333335,5.705,3.4623465494183767,3.5846046715202977,-0.7000791309607031,0.3108470283077195,0.0,1.0
5000114,informative_monitoring,Informative monitoring,115,600,5.8133333333333335,5.851666666666667,3.583279043473247,3.669983449520603,-0.7227495939909804,0.3242180463584096,0.0,1.0
5000115,informative_monitoring,Informative monitoring,116,600,5.668333333333333,5.846666666666667,3.46482403086077,3.630673749505428,-0.7247871750117038,0.3142791493370873,0.0,1.0
5000116,informative_monitoring,Informative monitoring,117,600,5.76,5.916666666666667,3.7088172700432342,3.876178981253757,-0.7074612602675311,0.3240850220339113,0.0,1.0
5000117,informative_monitoring,Informative monitoring,118,600,5.868333333333333,5.806666666666667,3.86080824302,3.771338473100327,-0.7166002074389581,0.3214515172807722,0.0,1.0
5000118,informative_monitoring,Informative monitoring,119,600,6.08,6.09,4.268563504347931,4.431097423207551,-0.7400091953721448,0.3115428316565207,0.0,1.0
5000119,informative_monitoring,Informative monitoring,120,600,5.836666666666667,5.806666666666667,3.7833642829786327,3.7522554893892335,-0.7099989427846484,0.330593836172159,0.0,1.0
6000100,cluster_size_informative,Cluster size--level association,101,600,11.5,11.291666666666666,4.108300161505776,4.166396763656725,-0.9295572689569898,0.0177293690981483,0.0,1.0
6000101,cluster_size_informative,Cluster size--level association,102,600,11.678333333333333,11.601666666666668,4.086893896970826,4.026995369801521,-0.9312576385914498,0.0267494276901845,0.0,1.0
6000102,cluster_size_informative,Cluster size--level association,103,600,11.273333333333332,11.05,3.9184451733457255,4.014269206481238,-0.9285722928585723,0.0089052232493783,0.0,1.0
6000103,cluster_size_informative,Cluster size--level association,104,600,11.838333333333331,11.961666666666666,4.19581601227982,4.192791001571664,-0.9380451082784372,0.0222233779806531,0.0,1.0
6000104,cluster_size_informative,Cluster size--level association,105,600,11.718333333333334,11.693333333333332,4.082905102867392,4.152673442103309,-0.9267243670366608,0.0058434846073487,0.0,1.0
6000105,cluster_size_informative,Cluster size--level association,106,600,11.455,11.665,4.216349646384608,4.208201111439884,-0.9378314144732052,0.022248632505515,0.0,1.0
6000106,cluster_size_informative,Cluster size--level association,107,600,11.333333333333334,11.538333333333334,3.965488290807296,3.996475561927538,-0.932977170767489,0.0051176555640981,0.0,1.0
6000107,cluster_size_informative,Cluster size--level association,108,600,11.528333333333334,11.605,4.1582868433215525,4.054590959198064,-0.9281828364737638,0.0247680055620597,0.0,1.0
6000108,cluster_size_informative,Cluster size--level association,109,600,11.413333333333334,11.626666666666669,4.05913988219108,4.156049020563211,-0.93026317869311,0.0181376426156185,0.0,1.0
6000109,cluster_size_informative,Cluster size--level association,110,600,11.235,11.24,4.177582473816953,4.210932587376068,-0.9376834773163032,0.0251017688587524,0.0,1.0
6000110,cluster_size_informative,Cluster size--level association,111,600,11.538333333333334,11.493333333333334,4.098356349012945,4.002497828898781,-0.929354271525864,0.0076442699383189,0.0,1.0
6000111,cluster_size_informative,Cluster size--level association,112,600,11.625,11.665,4.10436166060795,4.1041664159668185,-0.9352892513154168,0.010981437637047,0.0,1.0
6000112,cluster_size_informative,Cluster size--level association,113,600,11.676666666666666,11.775,4.05621461676413,4.127076803044788,-0.9309901831545232,0.0020005462948034,0.0,1.0
6000113,cluster_size_informative,Cluster size--level association,114,600,11.203333333333331,11.213333333333331,3.952386344803166,3.992625366566692,-0.9279390071253084,0.010215205035541,0.0,1.0
6000114,cluster_size_informative,Cluster size--level association,115,600,11.571666666666667,11.751666666666669,4.129158162884101,4.0715631641776975,-0.9282562996346588,0.0270238915020279,0.0,1.0
6000115,cluster_size_informative,Cluster size--level association,116,600,11.415,11.398333333333332,4.221272347731532,4.190735933978197,-0.9365673985633552,0.0176901014377203,0.0,1.0
6000116,cluster_size_informative,Cluster size--level association,117,600,11.201666666666666,11.336666666666666,4.063477612349509,3.957620516903465,-0.927737752538078,0.0072284881803153,0.0,1.0
6000117,cluster_size_informative,Cluster size--level association,118,600,11.453333333333331,11.496666666666666,4.030495881481577,4.038626796270585,-0.9370744888008116,-0.0067656122682422,0.0,1.0
6000118,cluster_size_informative,Cluster size--level association,119,600,11.458333333333334,11.501666666666669,3.902603542881394,4.051834089401442,-0.9300091088940688,0.0086470907346043,0.0,1.0
6000119,cluster_size_informative,Cluster size--level association,120,600,11.581666666666669,11.461666666666666,4.168808242070406,4.0475302829265605,-0.93147319750505,0.0077617297963886,0.0,1.0
7000100,common_time_misspecified,Misspecified common time,101,600,9.828333333333331,9.921666666666669,2.5923086227430825,2.6439581590487062,0.0496704229189115,0.2116264412002866,0.0,1.0
7000101,common_time_misspecified,Misspecified common time,102,600,9.885,9.91,2.5973741073931302,2.583219251793789,-0.0335483124663122,0.2139844842489585,0.0,1.0
7000102,common_time_misspecified,Misspecified common time,103,600,10.11,10.001666666666669,2.550570331322985,2.5728122409017296,-0.0093334054080644,0.2060987153293916,0.0,1.0
7000103,common_time_misspecified,Misspecified common time,104,600,9.948333333333334,10.015,2.624972639441902,2.6298863417044864,-0.1514052956943847,0.2286401625386523,0.0,1.0
7000104,common_time_misspecified,Misspecified common time,105,600,10.048333333333334,9.98,2.579487057152821,2.5969546824510643,-0.0319343619190248,0.2056689456422142,0.0,1.0
7000105,common_time_misspecified,Misspecified common time,106,600,10.025,9.888333333333334,2.698736797188795,2.55147943379078,-0.0584979998371848,0.2178134486836924,0.0,1.0
7000106,common_time_misspecified,Misspecified common time,107,600,9.931666666666668,9.933333333333334,2.588725501430865,2.637008135887484,0.0075258831416361,0.2127137612178367,0.0,1.0
7000107,common_time_misspecified,Misspecified common time,108,600,10.063333333333333,10.198333333333334,2.574951037132215,2.5807164479132094,-0.0030776184829275,0.2136554084538735,0.0,1.0
7000108,common_time_misspecified,Misspecified common time,109,600,10.135,9.826666666666666,2.5970527150357303,2.562075188398505,0.0614019064546658,0.2248552426589498,0.0,1.0
7000109,common_time_misspecified,Misspecified common time,110,600,9.808333333333334,10.148333333333332,2.572799263248205,2.6604750392764904,-0.0126437470715939,0.2208080829265666,0.0,1.0
7000110,common_time_misspecified,Misspecified common time,111,600,10.0,9.776666666666667,2.500751139244778,2.6034756957548497,0.0457312068567775,0.2000160783256331,0.0,1.0
7000111,common_time_misspecified,Misspecified common time,112,600,9.935,9.98,2.541299931577747,2.511329919240425,0.031070030064149,0.2130190034754761,0.0,1.0
7000112,common_time_misspecified,Misspecified common time,113,600,10.1,10.046666666666669,2.642910319754299,2.544657349021429,-0.0133320930834315,0.2343915218773701,0.0,1.0
7000113,common_time_misspecified,Misspecified common time,114,600,10.003333333333334,9.891666666666667,2.570538530369804,2.593802274516641,0.0299217194321936,0.22337403522049,0.0,1.0
7000114,common_time_misspecified,Misspecified common time,115,600,10.055,10.063333333333333,2.596769856857259,2.5370685347737694,0.0625336654541427,0.2216076344031619,0.0,1.0
7000115,common_time_misspecified,Misspecified common time,116,600,9.911666666666669,9.966666666666669,2.5634903992930558,2.6534172798469786,-0.0499783505211801,0.2182326486224305,0.0,1.0
7000116,common_time_misspecified,Misspecified common time,117,600,9.973333333333333,10.096666666666666,2.4459340160574787,2.6221075433393173,-0.0641503832258854,0.2188396015702378,0.0,1.0
7000117,common_time_misspecified,Misspecified common time,118,600,9.913333333333334,9.905,2.6262745004680244,2.53706579301039,0.0757344751546566,0.2233312277915881,0.0,1.0
7000118,common_time_misspecified,Misspecified common time,119,600,9.961666666666666,9.953333333333331,2.5705791209863538,2.559049976754675,0.0388975023636203,0.2206256734924364,0.0,1.0
7000119,common_time_misspecified,Misspecified common time,120,600,10.081666666666669,10.036666666666669,2.675867023870572,2.590335619166384,0.0032809621688399,0.2101692984480923,0.0,1.0
8000100,level_plus_shape,Persistent level plus shape,101,600,11.828333333333331,11.943333333333332,2.502525713581004,2.555583540853117,0.0332005102380331,0.2522485722793358,0.0,1.0
8000101,level_plus_shape,Persistent level plus shape,102,600,12.123333333333331,12.035,2.575365942628926,2.5971169966889858,0.0069019435366922,0.2403519062157333,0.0,1.0
8000102,level_plus_shape,Persistent level plus shape,103,600,11.89,11.931666666666668,2.606252915028616,2.571254454802388,-0.0808508354425412,0.2473134182035171,0.0,1.0
8000103,level_plus_shape,Persistent level plus shape,104,600,11.901666666666667,12.006666666666666,2.504486236283824,2.543108575004744,0.019826929155319,0.2585814088354939,0.0,1.0
8000104,level_plus_shape,Persistent level plus shape,105,600,11.896666666666668,12.061666666666667,2.560647786016057,2.5817900680499486,-0.0449860940789217,0.2498117539384101,0.0,1.0
8000105,level_plus_shape,Persistent level plus shape,106,600,11.935,12.131666666666666,2.66319281940347,2.596581267619883,0.0466668905936046,0.2592291409813823,0.0,1.0
8000106,level_plus_shape,Persistent level plus shape,107,600,12.045,12.083333333333334,2.6717420051788423,2.615554261665217,-0.0070918745460388,0.2541126644428647,0.0,1.0
8000107,level_plus_shape,Persistent level plus shape,108,600,11.92,12.108333333333333,2.524722500825974,2.639736901107255,-0.0447785942746728,0.2586970102596388,0.0,1.0
8000108,level_plus_shape,Persistent level plus shape,109,600,12.063333333333333,11.825,2.6173918549629263,2.672629150785679,-0.0428466997125141,0.2467175768098616,0.0,1.0
8000109,level_plus_shape,Persistent level plus shape,110,600,12.228333333333332,11.976666666666668,2.567850004374054,2.501309618026313,-0.0458808175396727,0.2557035535705239,0.0,1.0
8000110,level_plus_shape,Persistent level plus shape,111,600,12.08,12.22,2.560832502366231,2.615275532364351,-0.042235197425774,0.2571029438546723,0.0,1.0
8000111,level_plus_shape,Persistent level plus shape,112,600,11.955,11.73,2.5827813688603647,2.6214283277370827,-0.0192480730433535,0.2554606686591491,0.0,1.0
8000112,level_plus_shape,Persistent level plus shape,113,600,11.611666666666666,12.086666666666666,2.488879552046774,2.5264851938242674,0.0275341735932174,0.2373389682596482,0.0,1.0
8000113,level_plus_shape,Persistent level plus shape,114,600,11.813333333333333,12.021666666666668,2.594167508854343,2.5577530614638966,0.04252438430863,0.2512776187251122,0.0,1.0
8000114,level_plus_shape,Persistent level plus shape,115,600,12.043333333333331,11.975,2.551922687810734,2.573339943362875,-0.1062017346988928,0.2564549854373433,0.0,1.0
8000115,level_plus_shape,Persistent level plus shape,116,600,12.243333333333334,12.09,2.5732907461710264,2.6476877492186026,0.0026073700787919,0.2524458760908351,0.0,1.0
8000116,level_plus_shape,Persistent level plus shape,117,600,12.135,12.136666666666668,2.6761997449975983,2.5733945457382967,-0.0732683585617024,0.2396850632426584,0.0,1.0
8000117,level_plus_shape,Persistent level plus shape,118,600,12.156666666666666,12.113333333333332,2.5494355437118736,2.6239850834979204,-0.0582197071684549,0.2467564981662007,0.0,1.0
8000118,level_plus_shape,Persistent level plus shape,119,600,11.873333333333331,11.876666666666669,2.5790906154871163,2.5427474963654326,0.02737891779575,0.2224471648617655,0.0,1.0
8000119,level_plus_shape,Persistent level plus shape,120,600,12.055,12.105,2.6006243631989814,2.580388667648128,0.026270698653183,0.2586259718232926,0.0,1.0
9000100,treatment_feedback,Treatment feedback,101,600,9.863333333333332,10.153333333333334,2.564947136279564,2.5259565150814374,0.0044125310541368,0.2527866403456525,0.28,1.0
9000101,treatment_feedback,Treatment feedback,102,600,9.87,9.95,2.625755317042119,2.617043151745272,-0.0234414665104157,0.2437983505139911,0.2833333333333333,1.0
9000102,treatment_feedback,Treatment feedback,103,600,9.95,10.138333333333334,2.617043151745272,2.5442718843035728,0.0134253250587704,0.2524211226399832,0.2566666666666666,1.0
9000103,treatment_feedback,Treatment feedback,104,600,9.975,10.048333333333334,2.534774836638176,2.55673464448165,0.0447033704285719,0.2517194274778129,0.2816666666666667,1.0
9000104,treatment_feedback,Treatment feedback,105,600,9.973333333333333,9.996666666666666,2.559337003741416,2.5944570854360207,-0.0178151343260957,0.2520871068235757,0.2666666666666666,1.0
9000105,treatment_feedback,Treatment feedback,106,600,9.983333333333333,10.063333333333333,2.596335330963029,2.5962581695638955,-0.050022152727777,0.2501001635271073,0.2083333333333333,1.0
9000106,treatment_feedback,Treatment feedback,107,600,10.156666666666666,10.028333333333334,2.574847300311631,2.547222892287575,0.0612886655838166,0.2795841479571521,0.2616666666666666,1.0
9000107,treatment_feedback,Treatment feedback,108,600,9.88,10.138333333333334,2.606451479603232,2.6020148650264447,0.0789216696598049,0.2538831469438096,0.2616666666666666,1.0
9000108,treatment_feedback,Treatment feedback,109,600,9.953333333333331,9.801666666666666,2.6317356014644746,2.61349979737395,-0.0236543222560364,0.2435790726253145,0.265,1.0
9000109,treatment_feedback,Treatment feedback,110,600,10.011666666666668,10.095,2.570838885756246,2.642147467256742,-0.0435768071908653,0.2549664113344302,0.2566666666666666,1.0
9000110,treatment_feedback,Treatment feedback,111,600,9.853333333333332,10.035,2.5526487383744683,2.564124195148689,-0.0794041498473053,0.2567783768011787,0.2666666666666666,1.0
9000111,treatment_feedback,Treatment feedback,112,600,9.936666666666667,10.13,2.592397171354272,2.628932383267586,0.0759676145289572,0.2633531125466704,0.2733333333333333,1.0
9000112,treatment_feedback,Treatment feedback,113,600,10.068333333333332,9.976666666666668,2.6080005112473934,2.5904902924893114,0.0220982856772614,0.2668281887342777,0.2816666666666667,1.0
9000113,treatment_feedback,Treatment feedback,114,600,10.011666666666668,9.975,2.6159005042181627,2.616445038801398,0.0251890226055421,0.2663428137726266,0.2466666666666666,1.0
9000114,treatment_feedback,Treatment feedback,115,600,10.051666666666666,10.068333333333332,2.601976368825968,2.494802053142258,-0.0163928221245832,0.2531543838141145,0.275,1.0
9000115,treatment_feedback,Treatment feedback,116,600,9.926666666666666,9.801666666666666,2.5525440951761413,2.523147705968171,-0.0306241622504828,0.2543442649540292,0.2583333333333333,1.0
9000116,treatment_feedback,Treatment feedback,117,600,10.108333333333333,9.956666666666669,2.6136786494057542,2.535515125270013,0.0360328665503895,0.2505100220908991,0.2416666666666666,1.0
9000117,treatment_feedback,Treatment feedback,118,600,9.936666666666667,10.03,2.5639055315761867,2.584614811315499,-0.0337891256610479,0.2499208514576381,0.2516666666666666,1.0
9000118,treatment_feedback,Treatment feedback,119,600,9.935,9.995,2.5907453758853105,2.615283511669564,0.0136070534482466,0.2597371331196297,0.2933333333333333,1.0
9000119,treatment_feedback,Treatment feedback,120,600,9.883333333333333,9.876666666666669,2.6422259211858727,2.670207026586192,0.026179018381075,0.2513135118477878,0.2483333333333333,1.0
10000100,transient_nonpersistent,Transient non-persistence,101,600,10.063333333333333,9.883333333333333,2.5645565840921845,2.623838747301739,,0.2803881985349228,0.0,1.0
10000101,transient_nonpersistent,Transient non-persistence,102,600,10.063333333333333,9.913333333333334,2.568459433588977,2.666647189689584,,0.247465575712612,0.0,1.0
10000102,transient_nonpersistent,Transient non-persistence,103,600,9.878333333333334,9.911666666666669,2.556904408814543,2.6290779067869936,,0.2501628698562096,0.0,1.0
10000103,transient_nonpersistent,Transient non-persistence,104,600,10.09,9.975,2.724752060215647,2.6087770819112115,,0.2647866663425761,0.0,1.0
10000104,transient_nonpersistent,Transient non-persistence,105,600,10.231666666666667,9.981666666666667,2.572747351979478,2.5564734465719114,,0.2556338592001957,0.0,1.0
10000105,transient_nonpersistent,Transient non-persistence,106,600,10.035,9.988333333333332,2.617606050521394,2.6178143827360363,,0.2513845586614352,0.0,1.0
10000106,transient_nonpersistent,Transient non-persistence,107,600,10.138333333333334,9.886666666666668,2.5878612014981126,2.5359825646421883,,0.2684407119765715,0.0,1.0
10000107,transient_nonpersistent,Transient non-persistence,108,600,9.958333333333334,10.081666666666669,2.58025064244774,2.580587065940045,,0.2625177945087944,0.0,1.0
10000108,transient_nonpersistent,Transient non-persistence,109,600,9.8,10.056666666666668,2.567941563416479,2.5352517411901268,,0.2412954131391667,0.0,1.0
10000109,transient_nonpersistent,Transient non-persistence,110,600,9.966666666666669,9.708333333333334,2.681580444132305,2.6027974976125563,,0.2538659290623271,0.0,1.0
10000110,transient_nonpersistent,Transient non-persistence,111,600,10.07,10.111666666666666,2.671515485946648,2.597519792162005,,0.2543880394255456,0.0,1.0
10000111,transient_nonpersistent,Transient non-persistence,112,600,9.841666666666669,10.118333333333334,2.6555005857949805,2.577868544478152,,0.2316284058722014,0.0,1.0
10000112,transient_nonpersistent,Transient non-persistence,113,600,9.79,10.038333333333334,2.587223003811697,2.567980028075871,,0.2667341799522791,0.0,1.0
10000113,transient_nonpersistent,Transient non-persistence,114,600,10.133333333333333,10.011666666666668,2.54552320152552,2.5322356890431155,,0.2576159616629745,0.0,1.0
10000114,transient_nonpersistent,Transient non-persistence,115,600,10.093333333333334,10.115,2.591489002028553,2.5572134380244225,,0.269197854419651,0.0,1.0
10000115,transient_nonpersistent,Transient non-persistence,116,600,10.205,10.17,2.604024431285394,2.528851877769732,,0.2615391134316032,0.0,1.0
10000116,transient_nonpersistent,Transient non-persistence,117,600,10.021666666666668,10.196666666666667,2.562969353842684,2.520299334758379,,0.2466199700571533,0.0,1.0
10000117,transient_nonpersistent,Transient non-persistence,118,600,10.05,10.115,2.5583344435801747,2.565686310471248,,0.2448262883061135,0.0,1.0
10000118,transient_nonpersistent,Transient non-persistence,119,600,9.936666666666667,9.885,2.5344350765968926,2.605075628790752,,0.2461490680683666,0.0,1.0
10000119,transient_nonpersistent,Transient non-persistence,120,600,9.921666666666669,10.053333333333333,2.637003387749162,2.6169772331107355,,0.2441096602179509,0.0,1.0
120,ideal_large_dense,"Ideal: large, dense",121,600,12.095,11.753333333333334,2.591106208869628,2.604571982926555,0.0231269437825781,0.0305219573491184,0.0,1.0
121,ideal_large_dense,"Ideal: large, dense",122,600,11.88,11.971666666666666,2.585228360537397,2.529465202879161,-0.0151669352870813,-0.0013225470600649,0.0,1.0
122,ideal_large_dense,"Ideal: large, dense",123,600,11.943333333333332,11.781666666666666,2.659306063014096,2.573915102292985,-0.0342855232452142,0.0049380479109649,0.0,1.0
123,ideal_large_dense,"Ideal: large, dense",124,600,12.096666666666666,12.066666666666666,2.579097088493442,2.481764321163183,0.0263769200712342,0.0265321685906846,0.0,1.0
124,ideal_large_dense,"Ideal: large, dense",125,600,11.911666666666669,11.898333333333332,2.510185705483876,2.535490434174792,0.0273813281855171,0.0117243110323306,0.0,1.0
125,ideal_large_dense,"Ideal: large, dense",126,600,11.978333333333332,11.948333333333334,2.579849464792576,2.5085490998848536,-0.0307274458932494,0.011317173427279,0.0,1.0
126,ideal_large_dense,"Ideal: large, dense",127,600,12.0,11.961666666666666,2.543117327789821,2.496113283639886,0.046548081868034,0.0177309509992937,0.0,1.0
127,ideal_large_dense,"Ideal: large, dense",128,600,11.895,12.058333333333334,2.6398718160816514,2.617827137230976,-0.0551219206776619,0.027973686435684,0.0,1.0
128,ideal_large_dense,"Ideal: large, dense",129,600,12.14,12.125,2.608013847172801,2.53444550609641,-0.0457989599332201,0.0139194837188335,0.0,1.0
129,ideal_large_dense,"Ideal: large, dense",130,600,12.036666666666669,12.29,2.6012688997301674,2.640237000542133,-0.0235477008825465,0.0143037771486603,0.0,1.0
130,ideal_large_dense,"Ideal: large, dense",131,600,11.933333333333334,12.141666666666667,2.5696746100543844,2.50440624499211,-0.0247432614300207,0.0083888102580088,0.0,1.0
131,ideal_large_dense,"Ideal: large, dense",132,600,12.015,11.965,2.661437032594254,2.623976070272416,-0.0419374443244099,0.0177130321017975,0.0,1.0
132,ideal_large_dense,"Ideal: large, dense",133,600,11.968333333333334,11.986666666666666,2.6138191674168056,2.5866916795972648,0.0130256687519724,0.0188228350400389,0.0,1.0
133,ideal_large_dense,"Ideal: large, dense",134,600,11.99,12.086666666666666,2.529934309955065,2.5383513550251773,-0.0261108449479772,0.0128689051322033,0.0,1.0
134,ideal_large_dense,"Ideal: large, dense",135,600,11.981666666666667,11.87,2.6005002515194025,2.656726744509426,-0.0052920901596007,0.010456568630533,0.0,1.0
135,ideal_large_dense,"Ideal: large, dense",136,600,11.906666666666666,11.858333333333333,2.510337004337824,2.569552793416099,0.0040093760242378,-0.0010899453458493,0.0,1.0
136,ideal_large_dense,"Ideal: large, dense",137,600,12.033333333333331,12.16,2.527753571669392,2.5209108775905964,0.0058522844438102,0.0067985644403795,0.0,1.0
137,ideal_large_dense,"Ideal: large, dense",138,600,12.033333333333331,11.865,2.5514189097396733,2.6251846266259298,0.009653093748303,0.0142805693575064,0.0,1.0
138,ideal_large_dense,"Ideal: large, dense",139,600,12.165,12.028333333333334,2.5933860270198696,2.599126067754768,-0.0158708052600166,0.0116091236255398,0.0,1.0
139,ideal_large_dense,"Ideal: large, dense",140,600,12.111666666666666,12.001666666666669,2.714432561163394,2.5163897919169163,-0.0399475370350248,-0.001663531379038,0.0,1.0
1000120,ideal_small_dense,"Ideal: small, dense",121,240,12.220833333333331,12.158333333333331,2.4608191932389323,2.633850557400111,-0.057802498944648,0.0399861111548201,0.0,1.0
1000121,ideal_small_dense,"Ideal: small, dense",122,240,11.816666666666666,11.816666666666666,2.580854301598773,2.6114755870925683,0.026463088681382,0.0271184210949078,0.0,1.0
1000122,ideal_small_dense,"Ideal: small, dense",123,240,12.179166666666667,12.120833333333334,2.4811387530436404,2.5346930304707267,-0.0086524464450285,0.0097901169106957,0.0,1.0
1000123,ideal_small_dense,"Ideal: small, dense",124,240,12.033333333333331,12.054166666666667,2.564427830458289,2.525432009385856,0.0037228348348204,0.0323968584643985,0.0,1.0
1000124,ideal_small_dense,"Ideal: small, dense",125,240,12.045833333333333,11.958333333333334,2.627896555580914,2.4796943843724826,-0.0312619118442789,0.0021781272321701,0.0,1.0
1000125,ideal_small_dense,"Ideal: small, dense",126,240,11.716666666666669,12.129166666666666,2.645540443820208,2.4808857857082875,-0.0396041096956418,0.0237357141547332,0.0,1.0
1000126,ideal_small_dense,"Ideal: small, dense",127,240,12.225,11.916666666666666,2.525062657162024,2.5649172614102107,-0.0669645767280438,0.0122252323310351,0.0,1.0
1000127,ideal_small_dense,"Ideal: small, dense",128,240,11.933333333333334,12.045833333333333,2.728229408301943,2.599079200750002,-0.0628070149395681,-0.0047696212816614,0.0,1.0
1000128,ideal_small_dense,"Ideal: small, dense",129,240,11.991666666666667,11.7,2.551546690938469,2.5973916752473727,-0.0665883335702288,0.0262273911290369,0.0,1.0
1000129,ideal_small_dense,"Ideal: small, dense",130,240,11.941666666666666,12.095833333333331,2.5704983263457235,2.5880283066533587,-0.0256948878505276,0.0206123236868294,0.0,1.0
1000130,ideal_small_dense,"Ideal: small, dense",131,240,12.2375,11.854166666666666,2.518103905786004,2.5017950320015903,-0.0965563538541053,0.0286875990513174,0.0,1.0
1000131,ideal_small_dense,"Ideal: small, dense",132,240,11.683333333333334,11.9,2.7305288875195592,2.5724644257515634,-0.1274011677483295,0.0087610540532983,0.0,1.0
1000132,ideal_small_dense,"Ideal: small, dense",133,240,11.991666666666667,11.908333333333331,2.5268295358980493,2.6481092436393663,-0.1028431051401319,0.0016698742192464,0.0,1.0
1000133,ideal_small_dense,"Ideal: small, dense",134,240,11.804166666666667,11.966666666666669,2.566109858276138,2.4781330985470427,-0.0475700617285807,0.0096153513905772,0.0,1.0
1000134,ideal_small_dense,"Ideal: small, dense",135,240,12.004166666666666,11.7,2.591421181088936,2.4378466388002398,0.0069950565333141,0.0246674070106013,0.0,1.0
1000135,ideal_small_dense,"Ideal: small, dense",136,240,11.995833333333334,11.966666666666669,2.599481629475476,2.6161178345799434,0.0614855970122864,0.027234862264936,0.0,1.0
1000136,ideal_small_dense,"Ideal: small, dense",137,240,11.95,12.195833333333333,2.599806880500854,2.6273392313405486,0.047739572306158,0.0292886899506954,0.0,1.0
1000137,ideal_small_dense,"Ideal: small, dense",138,240,11.9125,12.204166666666667,2.555789637168143,2.6599429267899035,-0.0306433634482693,-0.0021006244166366,0.0,1.0
1000138,ideal_small_dense,"Ideal: small, dense",139,240,12.104166666666666,11.845833333333331,2.618246109855081,2.534527951835054,0.0228449280784614,0.0602911655916999,0.0,1.0
1000139,ideal_small_dense,"Ideal: small, dense",140,240,12.145833333333334,12.154166666666669,2.6242319723891305,2.636480341544928,0.0883824918874431,0.0101451046978703,0.0,1.0
2000120,ideal_large_sparse,"Ideal: large, sparse",121,600,3.431666666666666,6.005,1.134670150075052,1.4288845948182267,-0.0224261294492736,0.0054995839960411,0.0,1.0
2000121,ideal_large_sparse,"Ideal: large, sparse",122,600,3.5283333333333333,6.02,1.1245613749512633,1.4696484083186208,0.0428632179303875,0.0029577983080016,0.0,1.0
2000122,ideal_large_sparse,"Ideal: large, sparse",123,600,3.5216666666666665,6.03,1.1247098185081503,1.3984608758806762,0.0605866232340508,0.0235993738490177,0.0,1.0
2000123,ideal_large_sparse,"Ideal: large, sparse",124,600,3.5866666666666664,5.966666666666667,1.1275080248638778,1.429088069389827,-0.0717229663872381,0.0272438033388062,0.0,1.0
2000124,ideal_large_sparse,"Ideal: large, sparse",125,600,3.418333333333333,6.066666666666666,1.1099777655230223,1.4325883583790429,-0.0091129852549175,0.0293069700811329,0.0,1.0
2000125,ideal_large_sparse,"Ideal: large, sparse",126,600,3.553333333333333,5.95,1.0904757912524858,1.407409441335131,0.0578426480646267,0.0008503372186842,0.0,1.0
2000126,ideal_large_sparse,"Ideal: large, sparse",127,600,3.453333333333333,5.865,1.113502897793511,1.4584192279339112,-0.0529216733656431,0.0263662082384405,0.0,1.0
2000127,ideal_large_sparse,"Ideal: large, sparse",128,600,3.51,6.0183333333333335,1.1483747679566396,1.364221042932139,-0.0103049253201261,0.0222062417011604,0.0,1.0
2000128,ideal_large_sparse,"Ideal: large, sparse",129,600,3.545,6.166666666666667,1.0969566337952374,1.4138200146926283,0.0390924230017475,0.0233560914545434,0.0,1.0
2000129,ideal_large_sparse,"Ideal: large, sparse",130,600,3.523333333333333,6.023333333333333,1.1510852347175962,1.4057319657345904,0.022422933609632,0.004891092395034,0.0,1.0
2000130,ideal_large_sparse,"Ideal: large, sparse",131,600,3.453333333333333,6.003333333333333,1.1474682397162392,1.4153896172090077,0.0189116322144988,0.0125262728708365,0.0,1.0
2000131,ideal_large_sparse,"Ideal: large, sparse",132,600,3.475,5.95,1.145234008790992,1.3907036928363934,0.0852096330745638,0.0179239736012135,0.0,1.0
2000132,ideal_large_sparse,"Ideal: large, sparse",133,600,3.47,5.956666666666667,1.0928970857618654,1.4519995615587609,0.0167955425797226,9.959603823971423e-06,0.0,1.0
2000133,ideal_large_sparse,"Ideal: large, sparse",134,600,3.4516666666666667,6.065,1.1134316798671462,1.4097590933094255,-0.0301668083369707,0.0011351866423432,0.0,1.0
2000134,ideal_large_sparse,"Ideal: large, sparse",135,600,3.518333333333333,5.933333333333334,1.1113305756176812,1.4043417848360906,-0.0048408465393595,0.0188288423579438,0.0,1.0
2000135,ideal_large_sparse,"Ideal: large, sparse",136,600,3.4816666666666665,6.056666666666667,1.0839536343210527,1.4130759102406327,-0.0460508774133407,0.0183049525911697,0.0,1.0
2000136,ideal_large_sparse,"Ideal: large, sparse",137,600,3.4166666666666665,6.025,1.105331844454943,1.422819627648343,-0.0024681146468559,0.0234112523149302,0.0,1.0
2000137,ideal_large_sparse,"Ideal: large, sparse",138,600,3.493333333333333,5.948333333333333,1.1454878697109718,1.4279573964579806,0.0175403408870764,0.0022411553687635,0.0,1.0
2000138,ideal_large_sparse,"Ideal: large, sparse",139,600,3.4616666666666664,5.993333333333333,1.075697803829757,1.4200880156440476,0.0877345906568287,0.019909486182996,0.0,1.0
2000139,ideal_large_sparse,"Ideal: large, sparse",140,600,3.523333333333333,5.945,1.135019531895904,1.4113686983460838,0.0527625941499593,-0.007108607036723,0.0,1.0
3000120,serial_dependence,Serial dependence,121,600,10.076666666666666,9.91,2.593324335173143,2.627433286712886,-0.0352473055035547,0.507228363439056,0.0,1.0
3000121,serial_dependence,Serial dependence,122,600,9.928333333333333,10.131666666666666,2.565313224954365,2.5920767720515605,0.0974465447754683,0.493777373186565,0.0,1.0
3000122,serial_dependence,Serial dependence,123,600,10.075,10.091666666666669,2.536420847939692,2.6636608337557472,-0.0697954882148835,0.4947972875233232,0.0,1.0
3000123,serial_dependence,Serial dependence,124,600,10.005,10.231666666666667,2.572158951046588,2.571449229673844,0.0282000783927431,0.5208007395735302,0.0,1.0
3000124,serial_dependence,Serial dependence,125,600,10.136666666666668,10.035,2.5889173497742566,2.600970988587234,0.0154424961760212,0.5043857571683412,0.0,1.0
3000125,serial_dependence,Serial dependence,126,600,9.911666666666669,10.046666666666669,2.507524014513352,2.532161519101863,0.0315523894048815,0.5052083126922795,0.0,1.0
3000126,serial_dependence,Serial dependence,127,600,9.991666666666667,9.788333333333334,2.5909043204162274,2.536583196495526,0.0559901765593854,0.4965195217766865,0.0,1.0
3000127,serial_dependence,Serial dependence,128,600,9.906666666666666,9.94,2.631760975457712,2.593120473416038,-0.0363448514024672,0.496842918705568,0.0,1.0
3000128,serial_dependence,Serial dependence,129,600,10.1,10.136666666666668,2.5226850575989577,2.544690151833215,0.0440395123251326,0.4988474004506247,0.0,1.0
3000129,serial_dependence,Serial dependence,130,600,10.0,10.076666666666666,2.6277064909036603,2.622769609196946,0.0149090478778473,0.4978840768311287,0.0,1.0
3000130,serial_dependence,Serial dependence,131,600,9.94,9.97,2.605323944302883,2.591065939822357,-0.0259086789673993,0.5003458023203097,0.0,1.0
3000131,serial_dependence,Serial dependence,132,600,10.011666666666668,10.163333333333334,2.698208870232478,2.582848698864156,-0.0344198544978481,0.5114036084534367,0.0,1.0
3000132,serial_dependence,Serial dependence,133,600,9.91,10.075,2.6076617558753843,2.5357625716339256,0.0478709887173452,0.4902301396547869,0.0,1.0
3000133,serial_dependence,Serial dependence,134,600,9.963333333333331,9.88,2.597415349866432,2.64397131360736,0.0724777024045064,0.5039789431119521,0.0,1.0
3000134,serial_dependence,Serial dependence,135,600,9.903333333333334,9.971666666666666,2.563514820700049,2.538688398931031,0.0104690540355845,0.5014497543198909,0.0,1.0
3000135,serial_dependence,Serial dependence,136,600,9.953333333333331,9.923333333333334,2.626655875958389,2.58558781120231,0.0136457940402487,0.4947119335955364,0.0,1.0
3000136,serial_dependence,Serial dependence,137,600,10.028333333333334,10.07,2.615772862527654,2.51906254921908,0.0161991621053361,0.4873871723671198,0.0,1.0
3000137,serial_dependence,Serial dependence,138,600,10.105,10.115,2.5379868588100467,2.553947156225958,-0.0044672396996306,0.4981303443028984,0.0,1.0
3000138,serial_dependence,Serial dependence,139,600,9.961666666666666,9.865,2.5127781396004,2.6060367186524718,0.0399283292778997,0.5065730555739231,0.0,1.0
3000139,serial_dependence,Serial dependence,140,600,10.015,10.036666666666669,2.622257689915416,2.56637865247291,0.0065787202828203,0.5126215194652172,0.0,1.0
4000120,discrete_map_rounding,Integer MAP rounding,121,600,9.885,10.118333333333334,2.6031523845577524,2.5096136801497715,0.0190260950141527,0.2004706725240269,0.0,1.0
4000121,discrete_map_rounding,Integer MAP rounding,122,600,10.098333333333333,9.808333333333334,2.56703070361024,2.643844500936236,-0.0494931967262565,0.2096980997707118,0.0,1.0
4000122,discrete_map_rounding,Integer MAP rounding,123,600,10.11,9.806666666666668,2.4929751051286733,2.530473153289998,-0.0473628741539738,0.2134994064575028,0.0,1.0
4000123,discrete_map_rounding,Integer MAP rounding,124,600,9.921666666666669,9.995,2.5145049441349325,2.57021107595432,0.0321699412211272,0.2251626984232281,0.0,1.0
4000124,discrete_map_rounding,Integer MAP rounding,125,600,9.956666666666669,9.87,2.611414948952945,2.6110910223912187,0.0433560517039977,0.216592070962282,0.0,1.0
4000125,discrete_map_rounding,Integer MAP rounding,126,600,10.121666666666666,9.883333333333333,2.5932100672674365,2.639697373929843,0.0244352874257158,0.219715218084356,0.0,1.0
4000126,discrete_map_rounding,Integer MAP rounding,127,600,9.87,10.016666666666667,2.584743991675805,2.5232916114636903,-0.0067649575771734,0.2037002382562748,0.0,1.0
4000127,discrete_map_rounding,Integer MAP rounding,128,600,9.993333333333334,10.088333333333331,2.56272670590737,2.569344879680445,-0.0151713759360223,0.231268063855255,0.0,1.0
4000128,discrete_map_rounding,Integer MAP rounding,129,600,9.968333333333334,9.86,2.558953750275485,2.5061660187470696,0.014647139698725,0.2241386695915594,0.0,1.0
4000129,discrete_map_rounding,Integer MAP rounding,130,600,9.826666666666666,9.901666666666667,2.5391667600378325,2.5572569602649624,-0.0204722917215641,0.2187673114208954,0.0,1.0
4000130,discrete_map_rounding,Integer MAP rounding,131,600,9.958333333333334,9.941666666666666,2.656129187242422,2.5170398695817267,-0.0398792457160402,0.2214199580021923,0.0,1.0
4000131,discrete_map_rounding,Integer MAP rounding,132,600,10.086666666666666,10.231666666666667,2.6071345970049937,2.680791231135024,0.0589301193351767,0.2389322902107426,0.0,1.0
4000132,discrete_map_rounding,Integer MAP rounding,133,600,9.946666666666667,10.268333333333333,2.5647844134289017,2.549607431019412,-0.0606709573119841,0.2274318839123141,0.0,1.0
4000133,discrete_map_rounding,Integer MAP rounding,134,600,9.971666666666666,9.78,2.576547084831975,2.5682535981168995,0.0206720683581579,0.2106188957332763,0.0,1.0
4000134,discrete_map_rounding,Integer MAP rounding,135,600,10.001666666666669,9.985,2.617202093882433,2.5434012299204,0.0269269146828395,0.2218421059654838,0.0,1.0
4000135,discrete_map_rounding,Integer MAP rounding,136,600,10.028333333333334,9.99,2.6506427649410718,2.6206894809558525,0.0346569353302834,0.2261374000357743,0.0,1.0
4000136,discrete_map_rounding,Integer MAP rounding,137,600,10.146666666666668,10.036666666666669,2.4722477431941234,2.56962913251829,0.0385546894967027,0.2279492862098862,0.0,1.0
4000137,discrete_map_rounding,Integer MAP rounding,138,600,10.085,10.103333333333332,2.613265567869766,2.600755422982429,0.0712877355806528,0.2125865626019932,0.0,1.0
4000138,discrete_map_rounding,Integer MAP rounding,139,600,9.793333333333331,9.891666666666667,2.535350513426518,2.5325784907695827,0.0012406913147927,0.230729088852273,0.0,1.0
4000139,discrete_map_rounding,Integer MAP rounding,140,600,10.118333333333334,9.848333333333333,2.5228830307541017,2.591625891886156,-0.0071328652515147,0.2201206461021396,0.0,1.0
5000120,informative_monitoring,Informative monitoring,121,600,5.9383333333333335,5.875,3.83436667981572,3.901034707139955,-0.7406821590744511,0.3086988185154863,0.0,1.0
5000121,informative_monitoring,Informative monitoring,122,600,5.951666666666667,5.948333333333333,3.8223484668318815,3.86530268287914,-0.7361634301983255,0.3218892560360608,0.0,1.0
5000122,informative_monitoring,Informative monitoring,123,600,5.946666666666666,6.033333333333333,3.934839321967933,4.077982195506375,-0.7315364507034922,0.3160419401100077,0.0,1.0
5000123,informative_monitoring,Informative monitoring,124,600,5.593333333333334,5.748333333333333,3.424056438355531,3.6074025018341502,-0.711945167788549,0.2972989147390482,0.0,1.0
5000124,informative_monitoring,Informative monitoring,125,600,5.711666666666667,5.7316666666666665,3.6952160412540778,3.743396708929328,-0.7132204122055198,0.3069985947762244,0.0,1.0
5000125,informative_monitoring,Informative monitoring,126,600,6.091666666666667,6.168333333333333,3.952970256060336,4.068691965821873,-0.7442407200019462,0.3281436154421194,0.0,1.0
5000126,informative_monitoring,Informative monitoring,127,600,5.908333333333333,5.815,3.962671889402485,3.713995773783199,-0.7135347113185154,0.2917170359798806,0.0,1.0
5000127,informative_monitoring,Informative monitoring,128,600,5.848333333333334,5.9,3.7849535899866473,3.721076549128508,-0.7240884880319286,0.3071129267675315,0.0,1.0
5000128,informative_monitoring,Informative monitoring,129,600,6.091666666666667,5.946666666666666,3.797890270452736,3.855549808968619,-0.7407433522045068,0.313400269150887,0.0,1.0
5000129,informative_monitoring,Informative monitoring,130,600,5.923333333333333,5.973333333333334,3.837359913716881,3.941892915230888,-0.73573868427988,0.320544703698906,0.0,1.0
5000130,informative_monitoring,Informative monitoring,131,600,5.935,5.966666666666667,3.961093127484846,4.156241827955029,-0.7474391994534716,0.3257778427787786,0.0,1.0
5000131,informative_monitoring,Informative monitoring,132,600,5.725,5.71,3.590384347987988,3.6084532547181225,-0.7092304221646822,0.2996315861985414,0.0,1.0
5000132,informative_monitoring,Informative monitoring,133,600,6.046666666666667,5.915,4.123043540349157,3.91791080063549,-0.7355053565030608,0.3349936587731846,0.0,1.0
5000133,informative_monitoring,Informative monitoring,134,600,6.008333333333334,5.956666666666667,3.98221386513436,3.949360873323064,-0.729176951017925,0.3094750925768125,0.0,1.0
5000134,informative_monitoring,Informative monitoring,135,600,5.565,5.611666666666666,3.23623707165796,3.35901804489528,-0.6950363127604197,0.2914779917453876,0.0,1.0
5000135,informative_monitoring,Informative monitoring,136,600,5.976666666666667,5.941666666666666,4.054650318366464,4.028479237110277,-0.7250875926533522,0.3036042500817661,0.0,1.0
5000136,informative_monitoring,Informative monitoring,137,600,5.773333333333333,6.0,3.660731778047512,3.970256695779754,-0.7043724688677396,0.3263051730727041,0.0,1.0
5000137,informative_monitoring,Informative monitoring,138,600,5.931666666666667,6.1,3.808916332537292,4.143099740423648,-0.7525456270126079,0.3213682397337082,0.0,1.0
5000138,informative_monitoring,Informative monitoring,139,600,6.026666666666666,5.973333333333334,3.974789782102789,3.9129879478503713,-0.7474713309978381,0.3090260472967742,0.0,1.0
5000139,informative_monitoring,Informative monitoring,140,600,5.903333333333333,5.848333333333334,3.923388482446759,3.909920248479673,-0.7258613037068291,0.3328983276676708,0.0,1.0
6000120,cluster_size_informative,Cluster size--level association,121,600,11.531666666666666,11.596666666666666,4.0413964621769525,4.065899833737365,-0.930591452025467,0.0133938504808556,0.0,1.0
6000121,cluster_size_informative,Cluster size--level association,122,600,11.426666666666666,11.333333333333334,4.053229577209368,4.068145183119754,-0.9269070249430515,0.0157778052425224,0.0,1.0
6000122,cluster_size_informative,Cluster size--level association,123,600,11.558333333333334,11.73,4.000825944220618,4.025017757299666,-0.9335717993184824,0.0203783643183362,0.0,1.0
6000123,cluster_size_informative,Cluster size--level association,124,600,11.56,11.59,4.118414204431779,4.127585444623905,-0.932665360921437,0.0372746948391656,0.0,1.0
6000124,cluster_size_informative,Cluster size--level association,125,600,11.616666666666667,11.548333333333334,4.0476777351094855,4.265519309594447,-0.9356591412726716,0.0166908435243752,0.0,1.0
6000125,cluster_size_informative,Cluster size--level association,126,600,11.438333333333333,11.481666666666667,4.147875601908009,4.1333769766306645,-0.9308083407456068,0.017377024036677,0.0,1.0
6000126,cluster_size_informative,Cluster size--level association,127,600,11.141666666666667,11.223333333333333,4.034276829633669,4.139083099398759,-0.934332383716786,0.0254401289492844,0.0,1.0
6000127,cluster_size_informative,Cluster size--level association,128,600,11.431666666666668,11.473333333333333,4.311184029372218,4.112275148915687,-0.9412699672061464,0.0230874750074113,0.0,1.0
6000128,cluster_size_informative,Cluster size--level association,129,600,11.416666666666666,11.506666666666666,4.159554308131185,4.046056497074415,-0.9317345767190052,0.0147664433438928,0.0,1.0
6000129,cluster_size_informative,Cluster size--level association,130,600,11.623333333333331,11.396666666666668,4.290548165618395,4.189898284558605,-0.9357962798341528,0.0258907768474598,0.0,1.0
6000130,cluster_size_informative,Cluster size--level association,131,600,11.835,11.858333333333333,4.024686966124466,4.072579903124608,-0.9296599648749512,0.0110964270874259,0.0,1.0
6000131,cluster_size_informative,Cluster size--level association,132,600,11.433333333333334,11.486666666666666,4.113038296556101,4.060455769654159,-0.9315196040887082,0.0074470231827306,0.0,1.0
6000132,cluster_size_informative,Cluster size--level association,133,600,11.326666666666666,11.425,3.904531277424073,3.9992956391530887,-0.9233375611959952,0.033262753093334,0.0,1.0
6000133,cluster_size_informative,Cluster size--level association,134,600,11.536666666666669,11.408333333333331,4.089400226509569,3.886313971193447,-0.9249594432625456,0.0259129460718585,0.0,1.0
6000134,cluster_size_informative,Cluster size--level association,135,600,11.526666666666667,11.733333333333333,4.119576078595278,4.162262558380604,-0.9372360757270232,0.0085046778822421,0.0,1.0
6000135,cluster_size_informative,Cluster size--level association,136,600,11.425,11.5,4.0601950247985625,3.930531999997584,-0.9306869774346256,-0.0045344919383757,0.0,1.0
6000136,cluster_size_informative,Cluster size--level association,137,600,11.298333333333334,11.33,4.173531017913333,4.221073611937567,-0.9399017053099736,0.0112711000808291,0.0,1.0
6000137,cluster_size_informative,Cluster size--level association,138,600,11.476666666666668,11.481666666666667,4.063287593275302,4.03941315704535,-0.932167186086118,0.0132159894679832,0.0,1.0
6000138,cluster_size_informative,Cluster size--level association,139,600,11.73,11.601666666666668,4.230081478591858,4.165963991946227,-0.9364923183204548,0.0255496667710646,0.0,1.0
6000139,cluster_size_informative,Cluster size--level association,140,600,11.36,11.473333333333333,4.099806583653952,4.073525693406999,-0.9366664453907988,0.0099162168988121,0.0,1.0
7000120,common_time_misspecified,Misspecified common time,121,600,9.928333333333333,10.105,2.603425999289882,2.579741610697333,0.0322224288593243,0.2202239270464857,0.0,1.0
7000121,common_time_misspecified,Misspecified common time,122,600,10.023333333333332,9.98,2.598212218708208,2.614892497080038,-0.0051708443669796,0.212407197854812,0.0,1.0
7000122,common_time_misspecified,Misspecified common time,123,600,9.873333333333331,9.941666666666666,2.622101176510036,2.5526045925483096,-0.0324082692378031,0.2303621515578454,0.0,1.0
7000123,common_time_misspecified,Misspecified common time,124,600,10.06,9.858333333333333,2.5600761674812547,2.6184647827661407,0.0659033667859153,0.2155497682581786,0.0,1.0
7000124,common_time_misspecified,Misspecified common time,125,600,9.886666666666668,9.995,2.530050885791967,2.560449472749692,-0.0447474578792139,0.21586954006365,0.0,1.0
7000125,common_time_misspecified,Misspecified common time,126,600,10.091666666666669,10.073333333333334,2.555545978384061,2.58439303664038,0.0186764733593934,0.2210506310598967,0.0,1.0
7000126,common_time_misspecified,Misspecified common time,127,600,10.125,10.171666666666669,2.497954087723383,2.630664913166345,0.0416673900319857,0.2345295319617243,0.0,1.0
7000127,common_time_misspecified,Misspecified common time,128,600,9.888333333333334,10.011666666666668,2.6224656525975663,2.5928237722758984,-0.0058074512811358,0.2139143790324503,0.0,1.0
7000128,common_time_misspecified,Misspecified common time,129,600,9.89,9.848333333333333,2.5675319603227527,2.6134359186820166,0.0191740354226962,0.2317045925022104,0.0,1.0
7000129,common_time_misspecified,Misspecified common time,130,600,9.871666666666666,10.033333333333331,2.6432635053698785,2.57032420128702,0.0264151852371922,0.2133678407914741,0.0,1.0
7000130,common_time_misspecified,Misspecified common time,131,600,9.935,9.89,2.5432699496372537,2.6088138779433048,0.0048781750234631,0.203948704872203,0.0,1.0
7000131,common_time_misspecified,Misspecified common time,132,600,9.975,10.1,2.656967091166022,2.603452183567081,-0.050708287224829,0.2255984973760136,0.0,1.0
7000132,common_time_misspecified,Misspecified common time,133,600,9.971666666666666,10.108333333333333,2.575250877881403,2.575717587529101,-0.0148439532277515,0.2239483366919819,0.0,1.0
7000133,common_time_misspecified,Misspecified common time,134,600,10.218333333333334,9.876666666666669,2.516854150239577,2.649494654727817,0.0617091275306004,0.2238408451559154,0.0,1.0
7000134,common_time_misspecified,Misspecified common time,135,600,9.926666666666666,9.986666666666666,2.600492226853492,2.6648936788212128,-0.010040061391409,0.2233636686553823,0.0,1.0
7000135,common_time_misspecified,Misspecified common time,136,600,10.04,9.976666666666668,2.618490816659133,2.6180551133458625,-0.0334664102300324,0.2167681387582644,0.0,1.0
7000136,common_time_misspecified,Misspecified common time,137,600,9.946666666666667,9.983333333333333,2.572583500166925,2.571135959537392,-0.0230494459844995,0.2209060103541981,0.0,1.0
7000137,common_time_misspecified,Misspecified common time,138,600,9.823333333333334,9.943333333333332,2.580029031858157,2.5581952284635703,0.0207706420268128,0.2127152992639394,0.0,1.0
7000138,common_time_misspecified,Misspecified common time,139,600,10.033333333333331,9.788333333333334,2.562518238326995,2.6028488095606463,-0.0720959984238862,0.2097802455356178,0.0,1.0
7000139,common_time_misspecified,Misspecified common time,140,600,9.95,10.128333333333334,2.5771890058653546,2.6852463826959827,0.0173661766828629,0.2253632656332905,0.0,1.0
8000120,level_plus_shape,Persistent level plus shape,121,600,11.933333333333334,11.908333333333331,2.553381120684494,2.5607667666040568,0.0182175419151294,0.2384678390950597,0.0,1.0
8000121,level_plus_shape,Persistent level plus shape,122,600,11.891666666666667,12.03,2.504739525187656,2.555383201304489,-0.0181773390850846,0.2512588578039251,0.0,1.0
8000122,level_plus_shape,Persistent level plus shape,123,600,12.013333333333334,12.22,2.6162116047490493,2.5421193161801354,0.0094981301405727,0.2386977709648243,0.0,1.0
8000123,level_plus_shape,Persistent level plus shape,124,600,12.206666666666669,12.045,2.5307370346969806,2.552874905632147,0.0074793919694193,0.2515207608919662,0.0,1.0
8000124,level_plus_shape,Persistent level plus shape,125,600,11.886666666666668,11.87,2.5260886951401926,2.541758097008088,-0.0227857854142211,0.2584349371928744,0.0,1.0
8000125,level_plus_shape,Persistent level plus shape,126,600,11.811666666666667,11.988333333333332,2.5252376649197674,2.6107899690821528,0.0143587012694334,0.2324840535859169,0.0,1.0
8000126,level_plus_shape,Persistent level plus shape,127,600,12.013333333333334,12.071666666666667,2.5391404607375465,2.5692149250515035,-0.0828945791549406,0.2557670188614252,0.0,1.0
8000127,level_plus_shape,Persistent level plus shape,128,600,12.108333333333333,11.925,2.646053644335918,2.5658684953101893,0.0093165834383761,0.2433805036182081,0.0,1.0
8000128,level_plus_shape,Persistent level plus shape,129,600,11.831666666666669,12.091666666666669,2.6111352449975347,2.481301806171727,-0.032757822517189,0.2497607067769905,0.0,1.0
8000129,level_plus_shape,Persistent level plus shape,130,600,11.995,11.943333333333332,2.581876283229538,2.428982396263468,-0.0107758759572803,0.2637803595647818,0.0,1.0
8000130,level_plus_shape,Persistent level plus shape,131,600,12.008333333333333,12.015,2.561092712500974,2.59022981299734,0.0005622316568442,0.2478312797326736,0.0,1.0
8000131,level_plus_shape,Persistent level plus shape,132,600,11.88,11.93,2.569683272350959,2.576722562728758,0.0068520753696955,0.2372312880379009,0.0,1.0
8000132,level_plus_shape,Persistent level plus shape,133,600,11.966666666666669,12.118333333333334,2.58263539138421,2.4962737951440266,-0.0869180100850059,0.2393160906658638,0.0,1.0
8000133,level_plus_shape,Persistent level plus shape,134,600,11.788333333333334,12.011666666666668,2.6404198372766454,2.5623830510658507,0.0082528229313019,0.2361386786453161,0.0,1.0
8000134,level_plus_shape,Persistent level plus shape,135,600,12.163333333333334,11.971666666666666,2.6466955279338165,2.5049261427281837,0.0364491074630551,0.2561651410056229,0.0,1.0
8000135,level_plus_shape,Persistent level plus shape,136,600,11.923333333333334,11.873333333333331,2.581064129829538,2.602289133970998,-0.0119818445359769,0.2562269213188924,0.0,1.0
8000136,level_plus_shape,Persistent level plus shape,137,600,12.213333333333331,11.9,2.5959687938905667,2.4954047918374305,-0.036126860374196,0.2516878869808419,0.0,1.0
8000137,level_plus_shape,Persistent level plus shape,138,600,11.965,12.091666666666669,2.6385687550498296,2.53653054404838,-0.0354824793384984,0.2466435894328834,0.0,1.0
8000138,level_plus_shape,Persistent level plus shape,139,600,11.846666666666666,11.936666666666667,2.5854005587085545,2.578838155567329,-0.0588041284071809,0.2508913425154176,0.0,1.0
8000139,level_plus_shape,Persistent level plus shape,140,600,12.203333333333331,11.823333333333334,2.6070385444361674,2.5217826767328715,0.0362862735036588,0.2503071679187254,0.0,1.0
9000120,treatment_feedback,Treatment feedback,121,600,10.036666666666669,9.923333333333334,2.525725183333511,2.5984692210434344,0.0116753292933104,0.2508486232504295,0.265,1.0
9000121,treatment_feedback,Treatment feedback,122,600,9.965,10.055,2.6016127655045165,2.587753681321309,-0.0752913173228383,0.2594465469172052,0.28,1.0
9000122,treatment_feedback,Treatment feedback,123,600,10.051666666666666,9.85,2.580716447913209,2.5022527412917683,0.0190473979875446,0.2547376505273991,0.2616666666666666,1.0
9000123,treatment_feedback,Treatment feedback,124,600,9.88,10.065,2.5435636798901053,2.5380131700641413,-0.0226026382909129,0.2426487790761565,0.2916666666666667,1.0
9000124,treatment_feedback,Treatment feedback,125,600,9.933333333333334,9.971666666666666,2.510523205794683,2.631680095001341,0.0127944267242601,0.2490545106068023,0.2866666666666667,1.0
9000125,treatment_feedback,Treatment feedback,126,600,9.885,9.836666666666666,2.624230549442581,2.611133646603124,-0.0466993185169585,0.2519118879071907,0.275,1.0
9000126,treatment_feedback,Treatment feedback,127,600,9.991666666666667,10.036666666666669,2.597982501355838,2.5683294341574423,-0.0295406055995174,0.262458780131105,0.2383333333333333,1.0
9000127,treatment_feedback,Treatment feedback,128,600,10.08,9.97,2.6092681861866445,2.5494966605266867,-0.0561699395412452,0.248590641221827,0.2783333333333333,1.0
9000128,treatment_feedback,Treatment feedback,129,600,10.191666666666666,9.956666666666669,2.648260944898749,2.585071219697258,-0.0385954600339812,0.2436923779030512,0.29,1.0
9000129,treatment_feedback,Treatment feedback,130,600,9.943333333333332,10.083333333333334,2.5854586730027678,2.454879415326792,0.0179871598505291,0.2730075136669863,0.2966666666666667,1.0
9000130,treatment_feedback,Treatment feedback,131,600,10.126666666666669,9.896666666666668,2.626554181242138,2.582072950833872,0.0041952213819694,0.2527155233702811,0.2883333333333333,1.0
9000131,treatment_feedback,Treatment feedback,132,600,9.946666666666667,10.191666666666666,2.5055175618309478,2.621013813630321,0.0429978992984071,0.2666528412082866,0.3066666666666666,1.0
9000132,treatment_feedback,Treatment feedback,133,600,10.088333333333331,10.066666666666666,2.529399201937123,2.5670746013514547,-0.0531368542739031,0.2557128578386342,0.2716666666666666,1.0
9000133,treatment_feedback,Treatment feedback,134,600,10.096666666666666,10.015,2.584270298785364,2.6532699452444013,0.0278356407294486,0.242784417570528,0.305,1.0
9000134,treatment_feedback,Treatment feedback,135,600,10.038333333333334,10.048333333333334,2.562122428988142,2.6313882703377334,-0.0757214046088727,0.2473644985799188,0.2883333333333333,1.0
9000135,treatment_feedback,Treatment feedback,136,600,9.996666666666666,9.871666666666666,2.569888993313163,2.5780369171391717,-0.0219014901080548,0.2428242980002563,0.26,1.0
9000136,treatment_feedback,Treatment feedback,137,600,10.033333333333331,9.973333333333333,2.5936011323277093,2.660404444547828,0.0118449152989482,0.2426922056817074,0.2666666666666666,1.0
9000137,treatment_feedback,Treatment feedback,138,600,10.041666666666666,10.123333333333331,2.607923694989375,2.622260342604489,0.0475822115535039,0.2517741108260636,0.2666666666666666,1.0
9000138,treatment_feedback,Treatment feedback,139,600,9.991666666666667,9.971666666666666,2.588970548897893,2.526163043383876,0.0474145011803255,0.2424384338241058,0.2766666666666666,1.0
9000139,treatment_feedback,Treatment feedback,140,600,9.92,10.158333333333331,2.61884782679327,2.4947217513348443,-0.0838837552001588,0.2518977343466119,0.285,1.0
10000120,transient_nonpersistent,Transient non-persistence,121,600,9.97,9.921666666666669,2.6647579423815984,2.5877966899281124,,0.2469080329924961,0.0,1.0
10000121,transient_nonpersistent,Transient non-persistence,122,600,9.956666666666669,10.036666666666669,2.613332112477427,2.612795448489664,,0.2429941898312824,0.0,1.0
10000122,transient_nonpersistent,Transient non-persistence,123,600,9.921666666666669,9.778333333333334,2.5330266999500792,2.540331874436097,,0.2507527654694772,0.0,1.0
10000123,transient_nonpersistent,Transient non-persistence,124,600,9.938333333333333,9.858333333333333,2.515633367753964,2.6063228413759525,,0.2696952051735421,0.0,1.0
10000124,transient_nonpersistent,Transient non-persistence,125,600,10.001666666666669,9.931666666666668,2.5408181392844877,2.5706050986445814,,0.257718891397318,0.0,1.0
10000125,transient_nonpersistent,Transient non-persistence,126,600,10.108333333333333,9.966666666666669,2.60472100388295,2.6483791412261373,,0.2533770548428277,0.0,1.0
10000126,transient_nonpersistent,Transient non-persistence,127,600,10.091666666666669,9.921666666666669,2.5627218201425244,2.6262188785817635,,0.2514422396513867,0.0,1.0
10000127,transient_nonpersistent,Transient non-persistence,128,600,10.09,10.13,2.6350469548169637,2.6110910223912187,,0.2523504791920287,0.0,1.0
10000128,transient_nonpersistent,Transient non-persistence,129,600,10.078333333333331,9.983333333333333,2.565117984163045,2.593118327417565,,0.2714875983107271,0.0,1.0
10000129,transient_nonpersistent,Transient non-persistence,130,600,10.038333333333334,10.203333333333331,2.6799566230428447,2.6306252496753078,,0.2511666569363286,0.0,1.0
10000130,transient_nonpersistent,Transient non-persistence,131,600,9.893333333333333,9.98,2.597408922511071,2.51796881333113,,0.2499651766776832,0.0,1.0
10000131,transient_nonpersistent,Transient non-persistence,132,600,10.238333333333332,10.128333333333334,2.577972159724787,2.679022051821485,,0.2508607775396102,0.0,1.0
10000132,transient_nonpersistent,Transient non-persistence,133,600,10.026666666666667,10.126666666666669,2.571051548620719,2.6650440249610368,,0.2657783643039888,0.0,1.0
10000133,transient_nonpersistent,Transient non-persistence,134,600,10.126666666666669,9.896666666666668,2.5287572529398803,2.6161158854490862,,0.2633399000529799,0.0,1.0
10000134,transient_nonpersistent,Transient non-persistence,135,600,9.795,10.025,2.5937464926460185,2.6682530409397343,,0.2615759979511218,0.0,1.0
10000135,transient_nonpersistent,Transient non-persistence,136,600,9.893333333333333,10.038333333333334,2.6809079932620064,2.553637731746071,,0.2570094401087579,0.0,1.0
10000136,transient_nonpersistent,Transient non-persistence,137,600,10.083333333333334,10.058333333333334,2.597621016841008,2.588325637337205,,0.2465527408861703,0.0,1.0
10000137,transient_nonpersistent,Transient non-persistence,138,600,9.906666666666666,9.965,2.542058021997313,2.528721492634605,,0.2444973879706821,0.0,1.0
10000138,transient_nonpersistent,Transient non-persistence,139,600,10.071666666666667,9.87,2.5047261948312856,2.5213148118857336,,0.2358826516963153,0.0,1.0
10000139,transient_nonpersistent,Transient non-persistence,140,600,9.91,10.028333333333334,2.603817667209717,2.6272357783954265,,0.2574779510816586,0.0,1.0
140,ideal_large_dense,"Ideal: large, dense",141,600,11.983333333333333,11.945,2.6193811262771054,2.5709254681803264,-0.0388840035622608,0.0133701443754681,0.0,1.0
141,ideal_large_dense,"Ideal: large, dense",142,600,12.076666666666666,11.908333333333331,2.586878838632603,2.636572854341276,-0.0048587578414089,0.0250434728633835,0.0,1.0
142,ideal_large_dense,"Ideal: large, dense",143,600,12.016666666666667,12.133333333333333,2.583443281269163,2.594888172915894,0.0352649483827896,0.0207760485499555,0.0,1.0
143,ideal_large_dense,"Ideal: large, dense",144,600,12.018333333333333,11.838333333333331,2.612030192225462,2.567069723861723,0.0311967849397359,0.0140882362276453,0.0,1.0
144,ideal_large_dense,"Ideal: large, dense",145,600,11.955,12.008333333333333,2.622550530585787,2.606963300785346,0.0499342895098524,0.0029074930107094,0.0,1.0
145,ideal_large_dense,"Ideal: large, dense",146,600,12.08,12.015,2.519427022334267,2.588295537539988,0.0068250186573708,0.0117405332932811,0.0,1.0
146,ideal_large_dense,"Ideal: large, dense",147,600,12.04,12.038333333333334,2.6814891335392006,2.6105341797024124,0.0054377812208974,0.0301598316349406,0.0,1.0
147,ideal_large_dense,"Ideal: large, dense",148,600,11.866666666666667,12.008333333333333,2.415632634306957,2.583806749304562,-0.1003217852984259,0.0137744285655839,0.0,1.0
148,ideal_large_dense,"Ideal: large, dense",149,600,12.121666666666666,12.02,2.5919221934020262,2.5199570709436694,0.0791602180327469,0.0147195639823486,0.0,1.0
149,ideal_large_dense,"Ideal: large, dense",150,600,11.888333333333334,11.961666666666666,2.6471764443335872,2.5919221934020267,0.0266770455169401,0.0275893475005566,0.0,1.0
150,ideal_large_dense,"Ideal: large, dense",151,600,12.091666666666669,11.85,2.531919215485583,2.6125739359780016,0.0363837693852148,0.0059341983006453,0.0,1.0
151,ideal_large_dense,"Ideal: large, dense",152,600,11.876666666666669,12.278333333333334,2.6400262220245434,2.534739710085705,0.0308917764062644,0.0184758617339997,0.0,1.0
152,ideal_large_dense,"Ideal: large, dense",153,600,11.973333333333333,12.125,2.5962517393437854,2.5613099867216644,0.0043570317720658,0.0070498847310425,0.0,1.0
153,ideal_large_dense,"Ideal: large, dense",154,600,11.933333333333334,12.021666666666668,2.5832817235047902,2.629204902549096,0.055953106718483,0.0249408547022444,0.0,1.0
154,ideal_large_dense,"Ideal: large, dense",155,600,12.073333333333334,12.051666666666666,2.5341649925049508,2.570345310247648,-0.0431480473627092,0.0167381613056597,0.0,1.0
155,ideal_large_dense,"Ideal: large, dense",156,600,11.915,11.973333333333333,2.567507577125657,2.5878789418979307,-0.0245918380189492,-0.0001398841754049,0.0,1.0
156,ideal_large_dense,"Ideal: large, dense",157,600,11.965,11.971666666666666,2.588102030484952,2.601052289088625,0.0211353405995242,0.0176784126890431,0.0,1.0
157,ideal_large_dense,"Ideal: large, dense",158,600,12.001666666666669,12.011666666666668,2.5676159451181424,2.543418733446179,0.0262964878308766,0.0204034351781397,0.0,1.0
158,ideal_large_dense,"Ideal: large, dense",159,600,12.06,11.878333333333334,2.5443774144923874,2.5925662103046814,0.0091806802663674,0.0167717809560041,0.0,1.0
159,ideal_large_dense,"Ideal: large, dense",160,600,12.166666666666666,11.895,2.51716422755244,2.5589494009706173,-0.018251008669401,0.0105868516215473,0.0,1.0
1000140,ideal_small_dense,"Ideal: small, dense",141,240,12.1,12.245833333333334,2.6255901906756858,2.512309305682683,-0.0362963483157015,0.0341560396029003,0.0,1.0
1000141,ideal_small_dense,"Ideal: small, dense",142,240,12.025,11.979166666666666,2.633744649479347,2.6755485366754237,0.0486620185557219,0.0232024547031701,0.0,1.0
1000142,ideal_small_dense,"Ideal: small, dense",143,240,11.916666666666666,12.05,2.5681777507707086,2.479539706238179,0.0086819208980567,0.0020403111061068,0.0,1.0
1000143,ideal_small_dense,"Ideal: small, dense",144,240,11.904166666666669,12.2875,2.5960992893614745,2.6268348837100803,-0.0157217011642585,-0.0111551319156437,0.0,1.0
1000144,ideal_small_dense,"Ideal: small, dense",145,240,11.9875,12.1375,2.648882688589276,2.5601242941844915,0.0227829376278677,-0.0169114210600842,0.0,1.0
1000145,ideal_small_dense,"Ideal: small, dense",146,240,12.120833333333334,11.825,2.455883409159794,2.615251373951264,0.0410892790275056,0.0062480577799172,0.0,1.0
1000146,ideal_small_dense,"Ideal: small, dense",147,240,11.741666666666667,12.0125,2.45629865210652,2.502686840696243,-0.0342312129531598,0.0281040658172951,0.0,1.0
1000147,ideal_small_dense,"Ideal: small, dense",148,240,11.945833333333333,11.970833333333331,2.713900243703783,2.5960992893614745,0.1188416109766376,-0.0131646112281712,0.0,1.0
1000148,ideal_small_dense,"Ideal: small, dense",149,240,12.125,11.795833333333333,2.6324734220864667,2.542521919805564,0.0134657284110155,0.0175811961445725,0.0,1.0
1000149,ideal_small_dense,"Ideal: small, dense",150,240,11.9375,12.120833333333334,2.6147813656132244,2.639810942683241,0.0750746421991781,-0.0064957831769774,0.0,1.0
1000150,ideal_small_dense,"Ideal: small, dense",151,240,12.0125,11.8125,2.6282680394185998,2.589456009817167,0.0442980229663412,0.0260164598952593,0.0,1.0
1000151,ideal_small_dense,"Ideal: small, dense",152,240,11.891666666666667,11.891666666666667,2.633215045981271,2.5112161228418075,-0.0582910919332932,0.0052432099119896,0.0,1.0
1000152,ideal_small_dense,"Ideal: small, dense",153,240,12.029166666666669,11.975,2.5125591092639645,2.551437366658892,0.0207641125837828,0.0125550517979122,0.0,1.0
1000153,ideal_small_dense,"Ideal: small, dense",154,240,12.329166666666667,11.983333333333333,2.532628774153616,2.707446212397672,-0.0693977250582558,0.022394429186962,0.0,1.0
1000154,ideal_small_dense,"Ideal: small, dense",155,240,12.033333333333331,11.7,2.635240204317073,2.6876441286641906,0.0978665371520495,0.0184623572087808,0.0,1.0
1000155,ideal_small_dense,"Ideal: small, dense",156,240,11.958333333333334,12.054166666666667,2.452548272001859,2.613367497926568,0.0720833530225369,0.0108366904549854,0.0,1.0
1000156,ideal_small_dense,"Ideal: small, dense",157,240,11.6375,11.666666666666666,2.7332314928131205,2.531255111743035,-0.1046782464144767,0.0292709749250021,0.0,1.0
1000157,ideal_small_dense,"Ideal: small, dense",158,240,12.233333333333333,11.979166666666666,2.4210835892559706,2.5686359251632083,-0.0462158481360328,0.0193774847960888,0.0,1.0
1000158,ideal_small_dense,"Ideal: small, dense",159,240,12.120833333333334,11.954166666666667,2.609522177949557,2.749283537961481,0.0633933185198762,0.0149666436066093,0.0,1.0
1000159,ideal_small_dense,"Ideal: small, dense",160,240,12.104166666666666,12.029166666666669,2.430968119332419,2.495850810681025,0.0251968609289178,0.0271522776374167,0.0,1.0
2000140,ideal_large_sparse,"Ideal: large, sparse",141,600,3.4916666666666667,6.016666666666667,1.129331456269189,1.468553700814461,-0.026214304142525,0.0240244764842886,0.0,1.0
2000141,ideal_large_sparse,"Ideal: large, sparse",142,600,3.4466666666666668,6.013333333333334,1.125136484641163,1.4352428687773309,0.0124393740627557,0.0396928627492437,0.0,1.0
2000142,ideal_large_sparse,"Ideal: large, sparse",143,600,3.431666666666666,6.005,1.137608959967595,1.3897940660075687,0.077097039831417,0.0109318318287763,0.0,1.0
2000143,ideal_large_sparse,"Ideal: large, sparse",144,600,3.47,5.9783333333333335,1.1050498746100224,1.4298968134276824,0.0301142383391393,0.0253247875961212,0.0,1.0
2000144,ideal_large_sparse,"Ideal: large, sparse",145,600,3.5,5.97,1.0933094450204626,1.4326621611927646,0.0211867802635256,0.0304027179444306,0.0,1.0
2000145,ideal_large_sparse,"Ideal: large, sparse",146,600,3.575,6.111666666666666,1.1298241032008578,1.4256875056132248,0.0852037674462963,0.0130532317682619,0.0,1.0
2000146,ideal_large_sparse,"Ideal: large, sparse",147,600,3.545,6.045,1.1195522894806964,1.408171359469217,-0.059304318891236,0.0187550662815951,0.0,1.0
2000147,ideal_large_sparse,"Ideal: large, sparse",148,600,3.4766666666666666,6.08,1.1052110090444618,1.410762353255243,-0.0701457903618804,0.0243609292826635,0.0,1.0
2000148,ideal_large_sparse,"Ideal: large, sparse",149,600,3.473333333333333,6.015,1.1275672494618614,1.4182597674426844,0.0092464201213956,0.0043379335702406,0.0,1.0
2000149,ideal_large_sparse,"Ideal: large, sparse",150,600,3.5083333333333333,6.02,1.109947684349226,1.4374899288316725,0.0135839659160753,0.0268494012330988,0.0,1.0
2000150,ideal_large_sparse,"Ideal: large, sparse",151,600,3.4033333333333333,6.038333333333333,1.1057546644043497,1.394071835557041,0.0582813787172336,0.0253819986874677,0.0,1.0
2000151,ideal_large_sparse,"Ideal: large, sparse",152,600,3.475,5.9783333333333335,1.094549403786271,1.4240471924176563,-0.0771645035333578,0.0316854776913784,0.0,1.0
2000152,ideal_large_sparse,"Ideal: large, sparse",153,600,3.5033333333333334,6.013333333333334,1.1249138964143577,1.4235635253616616,0.0041896344289264,0.027031491789653,0.0,1.0
2000153,ideal_large_sparse,"Ideal: large, sparse",154,600,3.49,6.01,1.099354796360332,1.3939650513100352,0.044104844320517,0.0440192490090428,0.0,1.0
2000154,ideal_large_sparse,"Ideal: large, sparse",155,600,3.4466666666666668,5.998333333333333,1.08279405266639,1.4612400874636948,0.00852133171657,0.0153280088243002,0.0,1.0
2000155,ideal_large_sparse,"Ideal: large, sparse",156,600,3.525,5.996666666666667,1.1246405472865548,1.4200997715503954,-0.0897158101653691,0.0008776545834028,0.0,1.0
2000156,ideal_large_sparse,"Ideal: large, sparse",157,600,3.49,6.065,1.112938026914761,1.3554225480662272,-0.0038847452152862,0.0118650921337873,0.0,1.0
2000157,ideal_large_sparse,"Ideal: large, sparse",158,600,3.54,5.975,1.1167565724320214,1.4484030697360115,-0.0731874550294156,0.0152155357917533,0.0,1.0
2000158,ideal_large_sparse,"Ideal: large, sparse",159,600,3.365,5.951666666666667,1.1182691431228746,1.4163358479821635,-0.0984393221635024,0.0095840866632364,0.0,1.0
2000159,ideal_large_sparse,"Ideal: large, sparse",160,600,3.47,6.1066666666666665,1.1610397734757645,1.4089940842451938,-0.0091247361841666,0.0318156111545529,0.0,1.0
3000140,serial_dependence,Serial dependence,141,600,9.965,10.098333333333333,2.6048192782713526,2.599344444558663,0.0635646782418253,0.514003774568623,0.0,1.0
3000141,serial_dependence,Serial dependence,142,600,10.061666666666667,10.023333333333332,2.5505632404683225,2.5462904155567463,0.0285566667037789,0.507846555894955,0.0,1.0
3000142,serial_dependence,Serial dependence,143,600,9.96,10.055,2.5870616820848165,2.597412671803631,-0.0236451577138844,0.5164469047354312,0.0,1.0
3000143,serial_dependence,Serial dependence,144,600,9.845,10.091666666666669,2.5452777972371727,2.531259768491082,-0.1207799182746326,0.5040242949744475,0.0,1.0
3000144,serial_dependence,Serial dependence,145,600,10.015,10.04,2.602446838890037,2.5335939882893284,0.081732784900331,0.5024181563777051,0.0,1.0
3000145,serial_dependence,Serial dependence,146,600,10.141666666666667,9.963333333333331,2.5960540023004763,2.4641649844670197,-0.0283937673668243,0.513588703584169,0.0,1.0
3000146,serial_dependence,Serial dependence,147,600,10.188333333333333,9.878333333333334,2.6345965637984983,2.627108687444869,0.0279806277395711,0.5160271454688692,0.0,1.0
3000147,serial_dependence,Serial dependence,148,600,9.941666666666666,10.201666666666666,2.5578313844363487,2.5635815713588235,-0.0286387795872584,0.4884577254572425,0.0,1.0
3000148,serial_dependence,Serial dependence,149,600,10.153333333333334,9.885,2.538482889678572,2.608917863923885,0.04027542146721,0.4977240041161108,0.0,1.0
3000149,serial_dependence,Serial dependence,150,600,9.933333333333334,9.906666666666666,2.639539259300988,2.5869756397171013,0.033782889886932,0.4915439310980415,0.0,1.0
3000150,serial_dependence,Serial dependence,151,600,10.123333333333331,10.025,2.592165328582792,2.553803343877258,-0.0578494050002464,0.5041988673316298,0.0,1.0
3000151,serial_dependence,Serial dependence,152,600,10.055,9.931666666666668,2.559862592827382,2.6530602021595167,-0.0337331340055298,0.5161140055186617,0.0,1.0
3000152,serial_dependence,Serial dependence,153,600,9.976666666666668,9.865,2.6282379928640616,2.522044709330064,-0.0665921971296765,0.4901887059128759,0.0,1.0
3000153,serial_dependence,Serial dependence,154,600,9.956666666666669,10.016666666666667,2.5831330814373947,2.657974844252045,-0.0542692804901446,0.5074570563444233,0.0,1.0
3000154,serial_dependence,Serial dependence,155,600,9.98,10.093333333333334,2.487283182386417,2.5571182305407447,0.0223579830706715,0.4913952293053345,0.0,1.0
3000155,serial_dependence,Serial dependence,156,600,10.028333333333334,9.976666666666668,2.6023356445509465,2.5994969762959603,-0.0202101730999056,0.4947357063834645,0.0,1.0
3000156,serial_dependence,Serial dependence,157,600,9.906666666666666,9.938333333333333,2.58439303664038,2.540068989813185,-0.0030892202595501,0.4875221861931589,0.0,1.0
3000157,serial_dependence,Serial dependence,158,600,9.878333333333334,9.978333333333332,2.5523298902512592,2.592115415273605,-0.0332639033503232,0.4900806299382229,0.0,1.0
3000158,serial_dependence,Serial dependence,159,600,10.011666666666668,9.966666666666669,2.653915849793508,2.6634649672200004,0.0227325290223538,0.5018350087696393,0.0,1.0
3000159,serial_dependence,Serial dependence,160,600,10.29,9.935,2.676659767792849,2.57134102323339,0.0236699065953076,0.5137236140232567,0.0,1.0
4000140,discrete_map_rounding,Integer MAP rounding,141,600,9.845,9.953333333333331,2.590784038965991,2.622203043923466,0.0076023024117783,0.2161776738016495,0.0,1.0
4000141,discrete_map_rounding,Integer MAP rounding,142,600,10.01,10.076666666666666,2.589931706385241,2.6405320622003567,0.0677376653601089,0.2211467566275994,0.0,1.0
4000142,discrete_map_rounding,Integer MAP rounding,143,600,9.946666666666667,9.908333333333331,2.6201649431739886,2.546383842499882,0.0302576935390847,0.222091328063975,0.0,1.0
4000143,discrete_map_rounding,Integer MAP rounding,144,600,9.776666666666667,9.966666666666669,2.54379776462958,2.679089040270664,-0.0276039672339392,0.221587791631961,0.0,1.0
4000144,discrete_map_rounding,Integer MAP rounding,145,600,9.916666666666666,9.995,2.619381126277105,2.6533076972388723,0.0583927552505186,0.2193309656873436,0.0,1.0
4000145,discrete_map_rounding,Integer MAP rounding,146,600,10.12,9.94,2.589100049265867,2.51135650977687,-0.023447007756606,0.2092429455108258,0.0,1.0
4000146,discrete_map_rounding,Integer MAP rounding,147,600,9.815,9.911666666666669,2.6303941318393127,2.51749084522968,-0.001610892314435,0.2221675599854854,0.0,1.0
4000147,discrete_map_rounding,Integer MAP rounding,148,600,9.943333333333332,10.071666666666667,2.582874553119219,2.552918501836134,0.0109546019137667,0.2025856627160629,0.0,1.0
4000148,discrete_map_rounding,Integer MAP rounding,149,600,10.11,9.946666666666667,2.602406745325089,2.6169772331107355,-0.0721925532751167,0.2006463530665468,0.0,1.0
4000149,discrete_map_rounding,Integer MAP rounding,150,600,9.96,9.998333333333331,2.5558992615239022,2.5928495270658427,-0.000929620105862,0.2185964974834713,0.0,1.0
4000150,discrete_map_rounding,Integer MAP rounding,151,600,10.198333333333334,9.931666666666668,2.594909082054534,2.588725501430865,-0.0214470966265706,0.2225298127612103,0.0,1.0
4000151,discrete_map_rounding,Integer MAP rounding,152,600,10.046666666666669,10.083333333333334,2.654474074069174,2.579563102262308,0.0309130301670743,0.211026718836517,0.0,1.0
4000152,discrete_map_rounding,Integer MAP rounding,153,600,9.97,9.855,2.562559498881704,2.484806922560384,-0.0029401708682337,0.2232219206360911,0.0,1.0
4000153,discrete_map_rounding,Integer MAP rounding,154,600,9.98,9.986666666666666,2.605298312829336,2.5424257649285478,0.0400107691463847,0.2061795440524243,0.0,1.0
4000154,discrete_map_rounding,Integer MAP rounding,155,600,9.95,9.986666666666666,2.653155112959356,2.618125255849004,0.0208892748862956,0.2127739690728629,0.0,1.0
4000155,discrete_map_rounding,Integer MAP rounding,156,600,9.995,9.935,2.6031267317021216,2.606805335417524,0.0205177533496907,0.2166762549366728,0.0,1.0
4000156,discrete_map_rounding,Integer MAP rounding,157,600,10.15,9.9,2.6487468294038843,2.6002439849564443,-0.0025905778702766,0.2393570403177979,0.0,1.0
4000157,discrete_map_rounding,Integer MAP rounding,158,600,9.918333333333331,10.116666666666667,2.653311891871767,2.627653546574128,-0.0082406552799957,0.2184519538163003,0.0,1.0
4000158,discrete_map_rounding,Integer MAP rounding,159,600,9.933333333333334,9.945,2.577458899676467,2.593553392291055,0.0250234331270799,0.2109498645256577,0.0,1.0
4000159,discrete_map_rounding,Integer MAP rounding,160,600,9.986666666666666,10.27,2.5351924760011504,2.5654243970986,-0.0367065430750167,0.226000079671697,0.0,1.0
5000140,informative_monitoring,Informative monitoring,141,600,5.846666666666667,5.848333333333334,3.673187907603307,3.6102243820900224,-0.7182598746856134,0.327946845723676,0.0,1.0
5000141,informative_monitoring,Informative monitoring,142,600,5.766666666666667,5.8566666666666665,3.715089775805252,3.825857315149381,-0.7226714947568963,0.3254284973042621,0.0,1.0
5000142,informative_monitoring,Informative monitoring,143,600,5.881666666666667,5.935,3.866425476521958,3.949274568326025,-0.7354817687659487,0.3133405344440184,0.0,1.0
5000143,informative_monitoring,Informative monitoring,144,600,5.776666666666666,5.805,3.724232189040496,3.926321646203872,-0.7222740911396103,0.3158805329434728,0.0,1.0
5000144,informative_monitoring,Informative monitoring,145,600,6.045,5.806666666666667,3.992017284949916,3.589907326553751,-0.7392149688585683,0.300455430537324,0.0,1.0
5000145,informative_monitoring,Informative monitoring,146,600,5.878333333333333,5.95,3.746588505730826,3.97582427064524,-0.7284800202791347,0.312915409192816,0.0,1.0
5000146,informative_monitoring,Informative monitoring,147,600,6.038333333333333,5.983333333333333,3.9381949572646335,3.886931430936692,-0.7390813692606039,0.3065788360113174,0.0,1.0
5000147,informative_monitoring,Informative monitoring,148,600,5.708333333333333,5.655,3.638955970671125,3.3587861011763995,-0.7003170945429292,0.3172351536211755,0.0,1.0
5000148,informative_monitoring,Informative monitoring,149,600,5.921666666666667,6.09,3.843194955763008,4.084487531787663,-0.7267718089919766,0.3213046167723014,0.0,1.0
5000149,informative_monitoring,Informative monitoring,150,600,5.8,5.693333333333333,3.8022926042604905,3.748249081128306,-0.7223768586558383,0.3125617649009621,0.0,1.0
5000150,informative_monitoring,Informative monitoring,151,600,6.013333333333334,5.951666666666667,4.066207770344285,4.034409248642413,-0.7363453462162116,0.3269732546089631,0.0,1.0
5000151,informative_monitoring,Informative monitoring,152,600,5.946666666666666,6.105,3.947969900186278,4.08637644546977,-0.733944580812036,0.3345177039164732,0.0,1.0
5000152,informative_monitoring,Informative monitoring,153,600,6.08,6.123333333333333,4.061332791100328,4.105632218722786,-0.7516663198659596,0.3272420844369205,0.0,1.0
5000153,informative_monitoring,Informative monitoring,154,600,5.7683333333333335,5.7716666666666665,3.648312055866913,3.6080318335266655,-0.7084465164169162,0.3244325178527605,0.0,1.0
5000154,informative_monitoring,Informative monitoring,155,600,5.8966666666666665,5.958333333333333,3.86015849349225,3.9356167268409,-0.7352819609807779,0.3479476508001268,0.0,1.0
5000155,informative_monitoring,Informative monitoring,156,600,5.928333333333334,6.02,3.73717469220028,3.859762031295503,-0.7282245118287749,0.3124808578821366,0.0,1.0
5000156,informative_monitoring,Informative monitoring,157,600,5.735,5.863333333333333,3.638246334979255,3.933672396089327,-0.7139100475309064,0.3094598842049572,0.0,1.0
5000157,informative_monitoring,Informative monitoring,158,600,5.778333333333333,5.738333333333333,3.8847156371509057,3.783347735675018,-0.7279259813883963,0.3125470624206827,0.0,1.0
5000158,informative_monitoring,Informative monitoring,159,600,5.753333333333333,5.913333333333333,3.8162059608265335,3.81839264956683,-0.7125632435068198,0.2952069298840306,0.0,1.0
5000159,informative_monitoring,Informative monitoring,160,600,5.8133333333333335,5.7,3.721321801296357,3.5750947078761155,-0.7247332506696307,0.3183247445803228,0.0,1.0
6000140,cluster_size_informative,Cluster size--level association,141,600,11.18,11.295,4.164112517102752,4.11820037036618,-0.9414261606857174,0.0049020554085082,0.0,1.0
6000141,cluster_size_informative,Cluster size--level association,142,600,11.27,11.193333333333332,4.199980125559146,4.216109761944475,-0.9337385484361332,0.0110701988035326,0.0,1.0
6000142,cluster_size_informative,Cluster size--level association,143,600,11.351666666666668,11.408333333333331,4.086869387588447,4.133207337372726,-0.9382579124797972,0.0089933056310414,0.0,1.0
6000143,cluster_size_informative,Cluster size--level association,144,600,11.483333333333333,11.343333333333334,4.022854851655064,4.034342005157701,-0.9268218646703372,0.0169788858847341,0.0,1.0
6000144,cluster_size_informative,Cluster size--level association,145,600,11.716666666666669,11.658333333333331,4.228813110408185,4.1267396965515095,-0.9370382275335154,-0.0018735167543472,0.0,1.0
6000145,cluster_size_informative,Cluster size--level association,146,600,11.6,11.61,4.175211050017349,4.13195131903052,-0.9410820558053876,0.0178651634042545,0.0,1.0
6000146,cluster_size_informative,Cluster size--level association,147,600,11.42,11.375,4.052691350032846,4.122219809795095,-0.932204151394682,0.0110884270262128,0.0,1.0
6000147,cluster_size_informative,Cluster size--level association,148,600,11.351666666666668,11.426666666666666,4.152115604790905,4.104391827788325,-0.9336922281566938,0.0217292320070183,0.0,1.0
6000148,cluster_size_informative,Cluster size--level association,149,600,11.42,11.516666666666667,4.069135424777024,4.172377833265834,-0.9299815634950536,0.0247762234826955,0.0,1.0
6000149,cluster_size_informative,Cluster size--level association,150,600,11.336666666666666,11.231666666666667,4.234762201950345,4.121039776191256,-0.9316795371311885,0.0024741136415988,0.0,1.0
6000150,cluster_size_informative,Cluster size--level association,151,600,11.163333333333334,11.221666666666666,4.000415949436141,4.129279453314039,-0.936908913696194,0.0076066946840182,0.0,1.0
6000151,cluster_size_informative,Cluster size--level association,152,600,11.341666666666669,11.188333333333333,4.112150312087853,4.177553168184765,-0.9345852105707746,0.0141847297386115,0.0,1.0
6000152,cluster_size_informative,Cluster size--level association,153,600,11.663333333333334,11.681666666666668,3.9631005326564863,4.201557532437965,-0.9327034246445068,0.0070124232733243,0.0,1.0
6000153,cluster_size_informative,Cluster size--level association,154,600,11.423333333333334,11.381666666666666,4.146014707178745,4.041024666609836,-0.9410556985586692,0.0160758931070576,0.0,1.0
6000154,cluster_size_informative,Cluster size--level association,155,600,11.24,11.373333333333331,4.166693600358136,4.141159768624124,-0.9364329474184544,0.0090760778537388,0.0,1.0
6000155,cluster_size_informative,Cluster size--level association,156,600,11.553333333333333,11.608333333333333,4.052718812333513,4.047497285898346,-0.937033481394778,0.0120524617900507,0.0,1.0
6000156,cluster_size_informative,Cluster size--level association,157,600,11.218333333333334,11.345,4.112848537698128,4.059158732548743,-0.9331312097626536,0.0167017204529249,0.0,1.0
6000157,cluster_size_informative,Cluster size--level association,158,600,11.806666666666668,11.913333333333334,4.092334405980632,4.093949551118177,-0.931914961754284,0.0183132964786715,0.0,1.0
6000158,cluster_size_informative,Cluster size--level association,159,600,11.845,11.806666666666668,4.134747298853417,3.906155694465412,-0.9293371145652516,0.0151538877091737,0.0,1.0
6000159,cluster_size_informative,Cluster size--level association,160,600,11.493333333333334,11.423333333333334,4.128158391874384,4.105144240781103,-0.9308833661880596,0.0203851882456325,0.0,1.0
7000140,common_time_misspecified,Misspecified common time,141,600,9.808333333333334,9.891666666666667,2.493717760561083,2.602156012889038,0.058043595879128,0.2244486988601099,0.0,1.0
7000141,common_time_misspecified,Misspecified common time,142,600,10.228333333333332,10.098333333333333,2.608486961683153,2.5572569602649624,0.0239132759007069,0.2315787596103657,0.0,1.0
7000142,common_time_misspecified,Misspecified common time,143,600,10.021666666666668,10.041666666666666,2.54269661298099,2.5905821254053443,-0.0206842558328951,0.2101430042621137,0.0,1.0
7000143,common_time_misspecified,Misspecified common time,144,600,9.928333333333333,9.995,2.5666144506826454,2.5368683782597703,-0.0375387149785914,0.2023022458401055,0.0,1.0
7000144,common_time_misspecified,Misspecified common time,145,600,9.956666666666669,10.068333333333332,2.581840180973454,2.5970955696480185,-0.0762023784987749,0.2295497637460432,0.0,1.0
7000145,common_time_misspecified,Misspecified common time,146,600,9.965,9.808333333333334,2.564775192158275,2.605041450179019,0.0194415062440267,0.2148288147902871,0.0,1.0
7000146,common_time_misspecified,Misspecified common time,147,600,10.023333333333332,10.015,2.694108248440055,2.602446838890037,-0.0012342692438998,0.2456410901549897,0.0,1.0
7000147,common_time_misspecified,Misspecified common time,148,600,10.07,10.171666666666669,2.628043191875647,2.567069723861723,-0.0567057234553569,0.2210844764957224,0.0,1.0
7000148,common_time_misspecified,Misspecified common time,149,600,10.091666666666669,9.838333333333331,2.531259768491082,2.509187902244504,-0.0610868536485695,0.2146410980676054,0.0,1.0
7000149,common_time_misspecified,Misspecified common time,150,600,10.17,10.023333333333332,2.555775155291902,2.5691353245950976,0.0206872411609625,0.2125540121339145,0.0,1.0
7000150,common_time_misspecified,Misspecified common time,151,600,9.958333333333334,10.096666666666666,2.5737724056753573,2.5894331739770857,-0.0837167161715593,0.2149662367492445,0.0,1.0
7000151,common_time_misspecified,Misspecified common time,152,600,9.831666666666669,9.918333333333331,2.525330218025425,2.5792928892566347,-0.0231548894239257,0.2214559787830405,0.0,1.0
7000152,common_time_misspecified,Misspecified common time,153,600,9.861666666666666,10.048333333333334,2.6928205832134178,2.597545500390684,0.0959831982891334,0.218073828477825,0.0,1.0
7000153,common_time_misspecified,Misspecified common time,154,600,10.166666666666666,9.816666666666666,2.5858654364928397,2.587317641209988,-0.0071094040803151,0.2279398465233044,0.0,1.0
7000154,common_time_misspecified,Misspecified common time,155,600,9.978333333333332,9.99,2.551871987376225,2.6705404528891767,-0.1084393005566766,0.2186528984988374,0.0,1.0
7000155,common_time_misspecified,Misspecified common time,156,600,10.016666666666667,10.086666666666666,2.489991094020765,2.5884981669214717,0.008724813455486,0.2227811647187311,0.0,1.0
7000156,common_time_misspecified,Misspecified common time,157,600,10.116666666666667,9.97,2.5265975238056924,2.628170237636189,-0.0635218444549554,0.2090441260358622,0.0,1.0
7000157,common_time_misspecified,Misspecified common time,158,600,10.133333333333333,10.026666666666667,2.624315900470952,2.59818009162884,-0.0111531619663418,0.2164269153914052,0.0,1.0
7000158,common_time_misspecified,Misspecified common time,159,600,9.938333333333333,10.011666666666668,2.5505632404683225,2.593467565296051,0.0768592897755133,0.2001286751082668,0.0,1.0
7000159,common_time_misspecified,Misspecified common time,160,600,10.071666666666667,10.068333333333332,2.559449522583579,2.623954862560866,0.0279992131825485,0.2226477375185349,0.0,1.0
8000140,level_plus_shape,Persistent level plus shape,141,600,12.0,11.845,2.603452183567081,2.5648793363463893,0.0013111987531468,0.255339392563373,0.0,1.0
8000141,level_plus_shape,Persistent level plus shape,142,600,11.938333333333333,12.12,2.587603145568078,2.570332861394403,0.0554223186351512,0.2407383430438436,0.0,1.0
8000142,level_plus_shape,Persistent level plus shape,143,600,11.906666666666666,11.946666666666667,2.582454389402544,2.577769782319584,-0.0316526314142448,0.2466431408249576,0.0,1.0
8000143,level_plus_shape,Persistent level plus shape,144,600,12.186666666666667,12.061666666666667,2.599952912548226,2.612643693145785,-0.0062049326128575,0.245299396161227,0.0,1.0
8000144,level_plus_shape,Persistent level plus shape,145,600,11.906666666666666,12.136666666666668,2.661408282400806,2.567549299344252,0.0102875192714918,0.2539595663245702,0.0,1.0
8000145,level_plus_shape,Persistent level plus shape,146,600,12.065,12.07,2.629124472612029,2.6121138115085625,0.0117405521247347,0.2389136187350678,0.0,1.0
8000146,level_plus_shape,Persistent level plus shape,147,600,11.885,12.025,2.5676376181677942,2.63804988175566,0.0352214071850939,0.2554386067069348,0.0,1.0
8000147,level_plus_shape,Persistent level plus shape,148,600,12.006666666666666,11.828333333333331,2.5776661589379217,2.616028139680756,0.0085962559957691,0.2655513478743677,0.0,1.0
8000148,level_plus_shape,Persistent level plus shape,149,600,11.78,11.905,2.57150170815779,2.5878827049974094,0.0399478233918652,0.2509304776006573,0.0,1.0
8000149,level_plus_shape,Persistent level plus shape,150,600,11.871666666666666,12.033333333333331,2.5773892697784007,2.538956358007886,-0.0120574335643132,0.2629129184022972,0.0,1.0
8000150,level_plus_shape,Persistent level plus shape,151,600,11.978333333333332,11.943333333333332,2.6017582129308527,2.567965400738077,-0.0462503608685753,0.2495442771079951,0.0,1.0
8000151,level_plus_shape,Persistent level plus shape,152,600,11.831666666666669,11.92,2.4920569419441527,2.5912914384269428,0.0192145889002939,0.2419583218822735,0.0,1.0
8000152,level_plus_shape,Persistent level plus shape,153,600,11.931666666666668,12.026666666666667,2.547118026179333,2.511267873560455,-0.0231296663109265,0.2435078644091854,0.0,1.0
8000153,level_plus_shape,Persistent level plus shape,154,600,12.046666666666669,11.851666666666668,2.6183803036571778,2.5730717802267438,0.0215357608321598,0.2510680210143465,0.0,1.0
8000154,level_plus_shape,Persistent level plus shape,155,600,12.076666666666666,11.915,2.5082412854692517,2.594029680498184,0.051919591194541,0.2402704477048011,0.0,1.0
8000155,level_plus_shape,Persistent level plus shape,156,600,12.11,11.998333333333331,2.585673899752203,2.635635567935591,0.0340896376017609,0.24458643611312,0.0,1.0
8000156,level_plus_shape,Persistent level plus shape,157,600,12.046666666666669,12.06,2.6030332035249395,2.569189474833648,0.0656391175613738,0.2410283571227572,0.0,1.0
8000157,level_plus_shape,Persistent level plus shape,158,600,11.84,12.036666666666669,2.578529559875535,2.679045420075392,0.0265651445638248,0.2481212514309575,0.0,1.0
8000158,level_plus_shape,Persistent level plus shape,159,600,11.901666666666667,12.175,2.566380278741652,2.647525382519522,0.0567190896743274,0.2521437357677182,0.0,1.0
8000159,level_plus_shape,Persistent level plus shape,160,600,12.06,11.95,2.5886099556526805,2.646855317501565,0.0399499652700108,0.2430480881961297,0.0,1.0
9000140,treatment_feedback,Treatment feedback,141,600,9.885,9.953333333333331,2.547402028569224,2.57011634995566,-0.0434207848560447,0.2408603822345404,0.2616666666666666,1.0
9000141,treatment_feedback,Treatment feedback,142,600,10.116666666666667,9.851666666666668,2.62256591442708,2.5943943465861583,0.0261753282411635,0.2420483751221417,0.295,1.0
9000142,treatment_feedback,Treatment feedback,143,600,9.845,9.976666666666668,2.6411995175461107,2.5423535339080034,-0.0123698856408667,0.2644380108026353,0.2833333333333333,1.0
9000143,treatment_feedback,Treatment feedback,144,600,10.001666666666669,9.826666666666666,2.603772251712286,2.6473199139444468,-0.0428896815068876,0.2591737888148619,0.2616666666666666,1.0
9000144,treatment_feedback,Treatment feedback,145,600,10.116666666666667,9.98,2.6021159148430253,2.629535591896108,0.0061342765407376,0.2693664183414889,0.2533333333333333,1.0
9000145,treatment_feedback,Treatment feedback,146,600,10.128333333333334,10.166666666666666,2.5210692584494225,2.5761631515092773,-0.0328095717200141,0.2803699072200623,0.2833333333333333,1.0
9000146,treatment_feedback,Treatment feedback,147,600,9.846666666666666,10.046666666666669,2.569856512150817,2.6253844088779688,-0.0179756912554363,0.252728607754511,0.265,1.0
9000147,treatment_feedback,Treatment feedback,148,600,10.108333333333333,9.915,2.5789562969396678,2.560997106004144,0.0303538150185182,0.2532371355934903,0.305,1.0
9000148,treatment_feedback,Treatment feedback,149,600,10.048333333333334,9.871666666666666,2.596259777116434,2.630601451293627,-0.0022620311194406,0.2500318056690901,0.2683333333333333,1.0
9000149,treatment_feedback,Treatment feedback,150,600,10.006666666666666,10.111666666666666,2.508740424945384,2.556055474398504,-0.059550056558974,0.2473446500416359,0.2666666666666666,1.0
9000150,treatment_feedback,Treatment feedback,151,600,10.025,10.101666666666668,2.596589840155095,2.5733961675733146,0.0113428293315316,0.2500416853847385,0.2633333333333333,1.0
9000151,treatment_feedback,Treatment feedback,152,600,10.015,10.086666666666666,2.563668398883207,2.6722756814654827,0.0573111742925191,0.2809044275246348,0.2533333333333333,1.0
9000152,treatment_feedback,Treatment feedback,153,600,10.138333333333334,10.053333333333333,2.5697347041354845,2.5247665831493946,-0.0241495980740108,0.2598031387455453,0.2633333333333333,1.0
9000153,treatment_feedback,Treatment feedback,154,600,9.968333333333334,9.903333333333334,2.526123391259554,2.6048604028660707,-0.0643169361814187,0.2528054831546971,0.27,1.0
9000154,treatment_feedback,Treatment feedback,155,600,10.026666666666667,9.89,2.612277846657163,2.549915707795345,0.0183071825656754,0.2495350892085144,0.2766666666666666,1.0
9000155,treatment_feedback,Treatment feedback,156,600,9.89,9.97,2.6406163594755454,2.580736393723663,-0.0009401895002077,0.238436769912904,0.2966666666666667,1.0
9000156,treatment_feedback,Treatment feedback,157,600,9.95,10.01,2.651896351122185,2.598940325984814,-0.0561700814127231,0.2642464439074919,0.265,1.0
9000157,treatment_feedback,Treatment feedback,158,600,10.016666666666667,10.168333333333331,2.659858448708784,2.592527573802015,0.0545569449862598,0.2535616719609545,0.2416666666666666,1.0
9000158,treatment_feedback,Treatment feedback,159,600,10.095,9.818333333333332,2.6135594160778037,2.585821857750889,-0.0420045026903072,0.2560211830158063,0.31,1.0
9000159,treatment_feedback,Treatment feedback,160,600,10.161666666666669,10.015,2.562513352164679,2.602446838890037,0.0559857564436525,0.2651159357423716,0.2966666666666667,1.0
10000140,transient_nonpersistent,Transient non-persistence,141,600,10.008333333333333,9.971666666666666,2.601193489183219,2.502925944975655,,0.2656684369936196,0.0,1.0
10000141,transient_nonpersistent,Transient non-persistence,142,600,9.933333333333334,10.031666666666666,2.5638208826058224,2.5386489424450134,,0.2506627667349569,0.0,1.0
10000142,transient_nonpersistent,Transient non-persistence,143,600,10.018333333333333,9.971666666666666,2.5688510171155863,2.5235182046309994,,0.2687666090228924,0.0,1.0
10000143,transient_nonpersistent,Transient non-persistence,144,600,10.123333333333331,9.891666666666667,2.608856539359819,2.60472100388295,,0.2465394920659048,0.0,1.0
10000144,transient_nonpersistent,Transient non-persistence,145,600,10.135,9.74,2.572509411927861,2.570358841541485,,0.2614380657095786,0.0,1.0
10000145,transient_nonpersistent,Transient non-persistence,146,600,10.033333333333331,9.803333333333333,2.623043299135081,2.575340012993708,,0.2687255332712065,0.0,1.0
10000146,transient_nonpersistent,Transient non-persistence,147,600,9.916666666666666,9.828333333333331,2.649166981974937,2.6287603905403163,,0.2593368854310581,0.0,1.0
10000147,transient_nonpersistent,Transient non-persistence,148,600,9.998333333333331,9.926666666666666,2.5786455573432794,2.608184540995653,,0.2667564344024465,0.0,1.0
10000148,transient_nonpersistent,Transient non-persistence,149,600,9.96,10.033333333333331,2.607629745218234,2.5638208826058224,,0.2674674520204851,0.0,1.0
10000149,transient_nonpersistent,Transient non-persistence,150,600,10.173333333333334,10.125,2.5886529500331017,2.576905586940794,,0.2585271520854065,0.0,1.0
10000150,transient_nonpersistent,Transient non-persistence,151,600,9.938333333333333,9.956666666666669,2.583729213747481,2.5960266716057387,,0.2622046678970093,0.0,1.0
10000151,transient_nonpersistent,Transient non-persistence,152,600,10.093333333333334,10.17,2.7024916881333056,2.584356431223451,,0.2559045277930216,0.0,1.0
10000152,transient_nonpersistent,Transient non-persistence,153,600,10.001666666666669,10.051666666666666,2.638800738552496,2.5012178447175377,,0.2499377798590556,0.0,1.0
10000153,transient_nonpersistent,Transient non-persistence,154,600,9.918333333333331,9.99,2.640698019894743,2.5319131713347973,,0.2478465900037658,0.0,1.0
10000154,transient_nonpersistent,Transient non-persistence,155,600,10.061666666666667,9.978333333333332,2.546632964258225,2.5649227285100817,,0.2439945734901839,0.0,1.0
10000155,transient_nonpersistent,Transient non-persistence,156,600,10.18,9.978333333333332,2.593995892662885,2.595976832539283,,0.2515036377941506,0.0,1.0
10000156,transient_nonpersistent,Transient non-persistence,157,600,10.083333333333334,9.888333333333334,2.5305589177655383,2.6446526302673834,,0.2582738220478234,0.0,1.0
10000157,transient_nonpersistent,Transient non-persistence,158,600,9.73,10.145,2.647410301062207,2.593295902784524,,0.2523422276718167,0.0,1.0
10000158,transient_nonpersistent,Transient non-persistence,159,600,10.245,9.84,2.426545254015052,2.607501698659886,,0.2741653595985309,0.0,1.0
10000159,transient_nonpersistent,Transient non-persistence,160,600,10.065,9.935,2.6010351734047763,2.5432699496372537,,0.2724882346117768,0.0,1.0
160,ideal_large_dense,"Ideal: large, dense",161,600,11.981666666666667,11.811666666666667,2.5486250616879675,2.59758406225664,0.0138842993382803,0.0093436394141208,0.0,1.0
161,ideal_large_dense,"Ideal: large, dense",162,600,11.956666666666669,12.185,2.561716783139239,2.5991089393863422,0.0145648781700199,0.0075968686060757,0.0,1.0
162,ideal_large_dense,"Ideal: large, dense",163,600,12.093333333333334,12.005,2.6235015067301277,2.5375263677010262,-0.0444692316407115,0.0118638714226311,0.0,1.0
163,ideal_large_dense,"Ideal: large, dense",164,600,11.806666666666668,11.95,2.645301164828552,2.555722898233346,-0.0239226159328241,0.0128535116550522,0.0,1.0
164,ideal_large_dense,"Ideal: large, dense",165,600,12.013333333333334,12.146666666666668,2.5982828968845224,2.559832701823389,0.0257228503098135,0.0063325623024679,0.0,1.0
165,ideal_large_dense,"Ideal: large, dense",166,600,12.003333333333334,12.076666666666666,2.5951004732635647,2.5609346339219443,0.028287044349031,0.0129173531200773,0.0,1.0
166,ideal_large_dense,"Ideal: large, dense",167,600,11.868333333333334,12.085,2.627261195847792,2.632995019229144,-0.0658617983906134,0.0126686627755421,0.0,1.0
167,ideal_large_dense,"Ideal: large, dense",168,600,12.051666666666666,12.061666666666667,2.6147770434973783,2.5998325146174945,-0.036459944416999,0.0119188545929743,0.0,1.0
168,ideal_large_dense,"Ideal: large, dense",169,600,11.731666666666667,12.24,2.569175937381009,2.605195784413373,0.0128769687058091,0.0195847727388438,0.0,1.0
169,ideal_large_dense,"Ideal: large, dense",170,600,11.816666666666666,11.961666666666666,2.563983666606829,2.644841999861101,0.0497419901566763,0.0122464459206117,0.0,1.0
170,ideal_large_dense,"Ideal: large, dense",171,600,12.143333333333333,12.211666666666666,2.560021824475697,2.5200757644668763,0.0116238722789632,0.0184624172028498,0.0,1.0
171,ideal_large_dense,"Ideal: large, dense",172,600,12.198333333333334,12.046666666666669,2.6408244568522035,2.504317918306061,-0.0293428862025999,0.0231605985828292,0.0,1.0
172,ideal_large_dense,"Ideal: large, dense",173,600,11.956666666666669,12.188333333333333,2.633695022462002,2.554160680835899,0.0970377444802423,0.0106930102198352,0.0,1.0
173,ideal_large_dense,"Ideal: large, dense",174,600,11.86,11.83,2.6718841557165764,2.6310905969862097,-0.0518191791523744,-0.0002434482833874,0.0,1.0
174,ideal_large_dense,"Ideal: large, dense",175,600,11.968333333333334,11.925,2.574563623602166,2.560658108751836,0.0062386564832059,0.0230985316875043,0.0,1.0
175,ideal_large_dense,"Ideal: large, dense",176,600,12.201666666666666,11.793333333333331,2.5726824614205808,2.540612802305963,-0.0146361585831781,0.0132731178253853,0.0,1.0
176,ideal_large_dense,"Ideal: large, dense",177,600,11.936666666666667,12.045,2.547575145262023,2.6174529795522488,-0.0496867180183693,0.0030784470304267,0.0,1.0
177,ideal_large_dense,"Ideal: large, dense",178,600,11.976666666666668,12.088333333333331,2.644070233791883,2.5055258906805054,-0.042804498467979,0.0065889674170996,0.0,1.0
178,ideal_large_dense,"Ideal: large, dense",179,600,11.843333333333334,12.021666666666668,2.617927576707136,2.588893167993037,0.0242794651123112,0.013377698929346,0.0,1.0
179,ideal_large_dense,"Ideal: large, dense",180,600,12.001666666666669,12.003333333333334,2.5598017235054864,2.5542505519282166,0.0600851920381292,0.0169319926736921,0.0,1.0
1000160,ideal_small_dense,"Ideal: small, dense",161,240,11.9875,12.304166666666667,2.4622356919089734,2.5864110878207724,-0.0483527802273421,-0.0095592364130188,0.0,1.0
1000161,ideal_small_dense,"Ideal: small, dense",162,240,11.608333333333333,12.095833333333331,2.545965167317468,2.720444703781339,0.0037369401503847,0.0155795607062341,0.0,1.0
1000162,ideal_small_dense,"Ideal: small, dense",163,240,11.979166666666666,12.0625,2.631397033644873,2.633913438213185,0.0328415634589094,0.0317572430536943,0.0,1.0
1000163,ideal_small_dense,"Ideal: small, dense",164,240,12.233333333333333,11.983333333333333,2.6583202716502514,2.6162777651638853,-0.0585618252100767,0.0241545007954282,0.0,1.0
1000164,ideal_small_dense,"Ideal: small, dense",165,240,11.933333333333334,11.741666666666667,2.6250589420227204,2.520197353410933,0.0403539736222744,0.0160865418155032,0.0,1.0
1000165,ideal_small_dense,"Ideal: small, dense",166,240,11.95,12.208333333333334,2.7116670288429234,2.5281538845877654,-0.0811767953364582,0.0250132756923489,0.0,1.0
1000166,ideal_small_dense,"Ideal: small, dense",167,240,11.954166666666667,12.079166666666667,2.684603422660329,2.7893220133720185,0.1770918706291046,-0.0060497876225949,0.0,1.0
1000167,ideal_small_dense,"Ideal: small, dense",168,240,11.916666666666666,12.0375,2.553472763125214,2.6800537838854708,-0.075399293987575,0.0206806828546431,0.0,1.0
1000168,ideal_small_dense,"Ideal: small, dense",169,240,11.870833333333334,12.041666666666666,2.593035275238884,2.615997880225535,0.0229175118097237,0.0096451768516476,0.0,1.0
1000169,ideal_small_dense,"Ideal: small, dense",170,240,11.770833333333334,12.058333333333334,2.456649956701789,2.460723550201452,-0.1143913520305579,0.0093452171817682,0.0,1.0
1000170,ideal_small_dense,"Ideal: small, dense",171,240,11.891666666666667,12.195833333333333,2.7037733847419703,2.6965000043317686,-0.0151387180169427,0.0114723132334847,0.0,1.0
1000171,ideal_small_dense,"Ideal: small, dense",172,240,12.095833333333331,12.066666666666666,2.6785962674016024,2.4774576431857795,-0.0723350958141636,0.0174682878582752,0.0,1.0
1000172,ideal_small_dense,"Ideal: small, dense",173,240,11.916666666666666,12.225,2.594114140307403,2.4218755483195493,0.0238833051700504,0.006552418271155,0.0,1.0
1000173,ideal_small_dense,"Ideal: small, dense",174,240,11.891666666666667,12.154166666666669,2.4178410554863894,2.7514133555824625,-0.1551228979490906,0.0327112860460115,0.0,1.0
1000174,ideal_small_dense,"Ideal: small, dense",175,240,11.995833333333334,12.204166666666667,2.539228487359523,2.607517161240665,-0.0502435686277507,0.0287172234491629,0.0,1.0
1000175,ideal_small_dense,"Ideal: small, dense",176,240,12.0875,12.104166666666666,2.465801659555728,2.6688939878814053,0.0487810101850689,0.0194457667475678,0.0,1.0
1000176,ideal_small_dense,"Ideal: small, dense",177,240,11.970833333333331,11.995833333333334,2.629726932173068,2.6378289485984787,-0.0175698023176515,0.0245520928585643,0.0,1.0
1000177,ideal_small_dense,"Ideal: small, dense",178,240,11.841666666666669,11.8625,2.4968459881266183,2.6038774595337206,0.0332184467296938,0.0150053585493655,0.0,1.0
1000178,ideal_small_dense,"Ideal: small, dense",179,240,11.854166666666666,12.054166666666667,2.5985962040148185,2.6420290108705715,0.00290204485658,0.0200428017415532,0.0,1.0
1000179,ideal_small_dense,"Ideal: small, dense",180,240,11.716666666666669,11.908333333333331,2.5340636105172734,2.68420401338928,-0.0259760190428189,0.0134492138486207,0.0,1.0
2000160,ideal_large_sparse,"Ideal: large, sparse",161,600,3.526666666666667,5.996666666666667,1.153909905063604,1.4130286522841102,0.0342451378484842,0.0005124475286859,0.0,1.0
2000161,ideal_large_sparse,"Ideal: large, sparse",162,600,3.533333333333333,6.058333333333334,1.122938350840569,1.4064947925812423,0.0360828505343399,0.0087079661009179,0.0,1.0
2000162,ideal_large_sparse,"Ideal: large, sparse",163,600,3.5116666666666667,5.968333333333334,1.1248582424754672,1.3870365314059494,-0.0071115151669883,0.0141301209851692,0.0,1.0
2000163,ideal_large_sparse,"Ideal: large, sparse",164,600,3.52,6.03,1.0746432416518734,1.406792489500207,-0.0134319796218529,0.0079016473749593,0.0,1.0
2000164,ideal_large_sparse,"Ideal: large, sparse",165,600,3.54,6.065,1.1212323294308522,1.4425359093449226,0.0147236929658914,0.0200673463816493,0.0,1.0
2000165,ideal_large_sparse,"Ideal: large, sparse",166,600,3.5516666666666667,6.058333333333334,1.107267186934116,1.4657801362762628,0.0510005040651347,-0.0110249315173794,0.0,1.0
2000166,ideal_large_sparse,"Ideal: large, sparse",167,600,3.515,6.023333333333333,1.1336888538581786,1.460482993114784,0.0475474307744691,-0.0014742432798575,0.0,1.0
2000167,ideal_large_sparse,"Ideal: large, sparse",168,600,3.44,5.976666666666667,1.1068462016876226,1.4397605378091904,-0.0220624063419824,0.0028446947475195,0.0,1.0
2000168,ideal_large_sparse,"Ideal: large, sparse",169,600,3.4566666666666666,6.04,1.1091314213105914,1.4171852466675932,-0.0496811952576541,0.0045047148444391,0.0,1.0
2000169,ideal_large_sparse,"Ideal: large, sparse",170,600,3.4916666666666667,5.95,1.126371049784162,1.4274321715376068,-0.0489981096961074,0.0289995302803413,0.0,1.0
2000170,ideal_large_sparse,"Ideal: large, sparse",171,600,3.465,5.983333333333333,1.0850824884209478,1.4293800875250935,0.0139681800158227,-0.0057153764697911,0.0,1.0
2000171,ideal_large_sparse,"Ideal: large, sparse",172,600,3.5083333333333333,5.985,1.1381664760045973,1.4462345328034183,-0.0129108908144999,-0.0065102859085588,0.0,1.0
2000172,ideal_large_sparse,"Ideal: large, sparse",173,600,3.5483333333333333,6.083333333333333,1.1253627375387116,1.4022598820654844,0.055476057033102,0.0248168965316786,0.0,1.0
2000173,ideal_large_sparse,"Ideal: large, sparse",174,600,3.4766666666666666,6.025,1.1202144241836638,1.4345050276863545,-0.0270218203196415,0.0244355422438712,0.0,1.0
2000174,ideal_large_sparse,"Ideal: large, sparse",175,600,3.4366666666666665,6.046666666666667,1.096049464944396,1.396808509511102,0.022529017709389,-0.0015303826268889,0.0,1.0
2000175,ideal_large_sparse,"Ideal: large, sparse",176,600,3.455,6.045,1.09238141779168,1.42232674009619,-0.0224676653747377,0.0315490258886507,0.0,1.0
2000176,ideal_large_sparse,"Ideal: large, sparse",177,600,3.5216666666666665,5.9783333333333335,1.1187567131392833,1.4240471924176563,-8.471150322693313e-05,0.0122660785441133,0.0,1.0
2000177,ideal_large_sparse,"Ideal: large, sparse",178,600,3.523333333333333,5.968333333333334,1.1127380039034829,1.4097196191311097,0.0031132979888212,0.0279937325401504,0.0,1.0
2000178,ideal_large_sparse,"Ideal: large, sparse",179,600,3.4433333333333334,5.91,1.1308936390868511,1.446393246102393,0.0314281537519807,0.0134305095822406,0.0,1.0
2000179,ideal_large_sparse,"Ideal: large, sparse",180,600,3.475,5.97,1.1379219850558542,1.4361537391951953,-0.0370211303641204,-0.0074583522656164,0.0,1.0
3000160,serial_dependence,Serial dependence,161,600,9.918333333333331,9.993333333333334,2.572163278015253,2.590586958626538,0.036994397942217,0.5067473489682891,0.0,1.0
3000161,serial_dependence,Serial dependence,162,600,10.133333333333333,9.971666666666666,2.573569698014761,2.584310673723154,0.010072968675474,0.506293715628311,0.0,1.0
3000162,serial_dependence,Serial dependence,163,600,9.963333333333331,10.051666666666666,2.6369638195973284,2.612860940178423,0.0238760973284843,0.4918957924631436,0.0,1.0
3000163,serial_dependence,Serial dependence,164,600,10.053333333333333,9.708333333333334,2.624621232974997,2.531259768491082,-0.0493428170997337,0.5033716191223043,0.0,1.0
3000164,serial_dependence,Serial dependence,165,600,10.011666666666668,10.018333333333333,2.510385218540107,2.5486250616879675,0.0201326160129638,0.4900558943996599,0.0,1.0
3000165,serial_dependence,Serial dependence,166,600,9.921666666666669,9.943333333333332,2.4669157554450445,2.586749764884969,-0.0022263111542619,0.4911735488032263,0.0,1.0
3000166,serial_dependence,Serial dependence,167,600,10.113333333333332,10.033333333333331,2.604828357783178,2.628765153567337,0.0310799798072851,0.4829444887070167,0.0,1.0
3000167,serial_dependence,Serial dependence,168,600,9.995,9.923333333333334,2.5754021356415606,2.537358048311493,-0.0218528367342046,0.4787722474929622,0.0,1.0
3000168,serial_dependence,Serial dependence,169,600,9.99,9.93,2.5757116461553364,2.595443548224471,-0.0184970417839797,0.5039153109994797,0.0,1.0
3000169,serial_dependence,Serial dependence,170,600,10.005,9.911666666666669,2.610811283732596,2.569344879680445,0.0351878060621638,0.4955514821139625,0.0,1.0
3000170,serial_dependence,Serial dependence,171,600,10.016666666666667,10.143333333333333,2.537147496287662,2.5528383932384378,-0.0153305516998701,0.4992487734401787,0.0,1.0
3000171,serial_dependence,Serial dependence,172,600,10.103333333333332,9.891666666666667,2.565858193536382,2.6136786494057542,-0.001377082711492,0.4748764038697948,0.0,1.0
3000172,serial_dependence,Serial dependence,173,600,10.006666666666666,9.918333333333331,2.5918754959552186,2.657712603479424,-0.0714022348388833,0.48272717190859,0.0,1.0
3000173,serial_dependence,Serial dependence,174,600,9.816666666666666,9.961666666666666,2.5802102039788832,2.5233858899247537,-0.0465930584819073,0.4949600032272825,0.0,1.0
3000174,serial_dependence,Serial dependence,175,600,10.148333333333332,10.121666666666666,2.5587580242375183,2.541186061643008,-0.0012295108638165,0.4984295664499621,0.0,1.0
3000175,serial_dependence,Serial dependence,176,600,9.983333333333333,9.938333333333333,2.581503920788028,2.4727963439164102,-0.0477889790803294,0.506867450393249,0.0,1.0
3000176,serial_dependence,Serial dependence,177,600,10.061666666666667,10.101666666666668,2.624120278165495,2.5616923445909965,-0.0604383306580673,0.504996673260947,0.0,1.0
3000177,serial_dependence,Serial dependence,178,600,10.135,10.053333333333333,2.542482125587425,2.508181382057071,0.0155125026096236,0.5009398802152877,0.0,1.0
3000178,serial_dependence,Serial dependence,179,600,10.128333333333334,10.091666666666669,2.6457886445206995,2.5679280193851737,-0.0191973323447401,0.5099073101162902,0.0,1.0
3000179,serial_dependence,Serial dependence,180,600,10.121666666666666,10.141666666666667,2.6181969905562528,2.617827137230976,0.0143154338135819,0.5017402027330357,0.0,1.0
4000160,discrete_map_rounding,Integer MAP rounding,161,600,9.971666666666666,9.771666666666668,2.575250877881403,2.573694567821964,0.0171640820564519,0.213230980625893,0.0,1.0
4000161,discrete_map_rounding,Integer MAP rounding,162,600,9.995,9.961666666666666,2.6018437664423586,2.5227242122966467,-0.1119350299013928,0.2409006440156707,0.0,1.0
4000162,discrete_map_rounding,Integer MAP rounding,163,600,9.965,9.895,2.4577447349083976,2.549144673076401,0.0167110455236832,0.2132733691232392,0.0,1.0
4000163,discrete_map_rounding,Integer MAP rounding,164,600,10.2,10.073333333333334,2.5509826578924666,2.5927770910670587,0.0163573171170997,0.2236479610218661,0.0,1.0
4000164,discrete_map_rounding,Integer MAP rounding,165,600,9.931666666666668,10.136666666666668,2.6207717622751483,2.671432163696271,-0.0196148432255648,0.2144253208553057,0.0,1.0
4000165,discrete_map_rounding,Integer MAP rounding,166,600,10.038333333333334,10.123333333333331,2.560166917728857,2.6488644788413898,-0.0180017095726093,0.2341566348641837,0.0,1.0
4000166,discrete_map_rounding,Integer MAP rounding,167,600,10.02,9.993333333333334,2.6116983517373225,2.529945307905003,-0.0044508729328052,0.2126390979566553,0.0,1.0
4000167,discrete_map_rounding,Integer MAP rounding,168,600,10.133333333333333,9.913333333333334,2.5605630293487542,2.552125479476642,-0.0409242108358576,0.19371251262767,0.0,1.0
4000168,discrete_map_rounding,Integer MAP rounding,169,600,9.996666666666666,10.101666666666668,2.520034360384414,2.528237303338476,-0.0170172124877206,0.2073029131980052,0.0,1.0
4000169,discrete_map_rounding,Integer MAP rounding,170,600,9.971666666666666,9.963333333333331,2.6594457395526856,2.554642679695883,-0.0213956806772067,0.2294837268648532,0.0,1.0
4000170,discrete_map_rounding,Integer MAP rounding,171,600,9.951666666666666,10.031666666666666,2.594329997471767,2.6016555450034056,0.0130042356661907,0.205904747511237,0.0,1.0
4000171,discrete_map_rounding,Integer MAP rounding,172,600,9.926666666666666,9.88,2.6601534258956563,2.6051701516789003,-0.0385403534075553,0.2310141936716159,0.0,1.0
4000172,discrete_map_rounding,Integer MAP rounding,173,600,9.931666666666668,9.895,2.5385831802721817,2.5075462069454697,0.0357458179073668,0.2195197072707738,0.0,1.0
4000173,discrete_map_rounding,Integer MAP rounding,174,600,9.981666666666667,10.061666666666667,2.621599740149414,2.663898988059896,-0.0017216402607308,0.2351566897561175,0.0,1.0
4000174,discrete_map_rounding,Integer MAP rounding,175,600,9.97,9.901666666666667,2.6395793159027385,2.5441668965599478,-0.0102500481438423,0.2374787630695978,0.0,1.0
4000175,discrete_map_rounding,Integer MAP rounding,176,600,10.016666666666667,10.046666666666669,2.549618889761226,2.619017814514338,-0.0261727581482551,0.2210591527338498,0.0,1.0
4000176,discrete_map_rounding,Integer MAP rounding,177,600,10.078333333333331,9.845,2.566419308882298,2.567481568126852,0.0151808407184546,0.2410945899009136,0.0,1.0
4000177,discrete_map_rounding,Integer MAP rounding,178,600,9.845,9.853333333333332,2.4734263812450665,2.544132446512541,-0.0032018723959408,0.2164144752817911,0.0,1.0
4000178,discrete_map_rounding,Integer MAP rounding,179,600,10.071666666666667,10.051666666666666,2.5672648162230134,2.531075092543821,-0.0479688491432293,0.2426911062284191,0.0,1.0
4000179,discrete_map_rounding,Integer MAP rounding,180,600,10.061666666666667,9.908333333333331,2.5901825479313683,2.6098434231535523,-0.0259962838308303,0.2231058052152728,0.0,1.0
5000160,informative_monitoring,Informative monitoring,161,600,5.5616666666666665,5.515,3.305208701906859,3.2936081670304804,-0.6795869819831641,0.2975396646149247,0.0,1.0
5000161,informative_monitoring,Informative monitoring,162,600,5.785,5.796666666666667,3.762849992595767,3.695232983212641,-0.710670936048413,0.2964726753252897,0.0,1.0
5000162,informative_monitoring,Informative monitoring,163,600,5.806666666666667,5.863333333333333,3.5721921117189748,3.678842030680314,-0.7286344667843448,0.3188219392401528,0.0,1.0
5000163,informative_monitoring,Informative monitoring,164,600,6.066666666666666,6.026666666666666,4.050460789824461,3.92278846457277,-0.7340564101727517,0.3192080856387933,0.0,1.0
5000164,informative_monitoring,Informative monitoring,165,600,5.541666666666667,5.625,3.536822360477199,3.5803733682061147,-0.6866119536606146,0.2983183412128709,0.0,1.0
5000165,informative_monitoring,Informative monitoring,166,600,5.753333333333333,5.918333333333333,3.578243787562217,3.864784360410856,-0.7001451990282596,0.324001630529368,0.0,1.0
5000166,informative_monitoring,Informative monitoring,167,600,6.025,5.951666666666667,3.8883896783223952,3.848464848703753,-0.7191897537474052,0.3070858123504461,0.0,1.0
5000167,informative_monitoring,Informative monitoring,168,600,5.546666666666667,5.53,3.4772557764872687,3.526541387383425,-0.6910011551666788,0.2966942108977302,0.0,1.0
5000168,informative_monitoring,Informative monitoring,169,600,5.888333333333334,5.818333333333333,3.914255938848861,3.747274654258252,-0.7185952352510423,0.311019220190717,0.0,1.0
5000169,informative_monitoring,Informative monitoring,170,600,5.93,5.621666666666667,3.762360818894513,3.466298110839705,-0.7272657503528783,0.3144356256456858,0.0,1.0
5000170,informative_monitoring,Informative monitoring,171,600,5.61,5.5183333333333335,3.3550947977421437,3.3924689088801414,-0.6907821666860445,0.2935051021459362,0.0,1.0
5000171,informative_monitoring,Informative monitoring,172,600,5.77,5.868333333333333,3.516775917620844,3.6253140634967354,-0.7274099752926017,0.3014199890507611,0.0,1.0
5000172,informative_monitoring,Informative monitoring,173,600,5.661666666666667,5.7,3.612332413367204,3.648129394653314,-0.6963495274395728,0.2823127109540044,0.0,1.0
5000173,informative_monitoring,Informative monitoring,174,600,5.713333333333333,5.74,3.6013105881251706,3.620439103041423,-0.7069589130885663,0.310472843871263,0.0,1.0
5000174,informative_monitoring,Informative monitoring,175,600,5.7,5.62,3.382662266126756,3.3517642925960454,-0.7010294384374788,0.2856330687762807,0.0,1.0
5000175,informative_monitoring,Informative monitoring,176,600,5.788333333333333,5.75,3.5648343526956694,3.57287592899707,-0.733609384040224,0.3392142001775965,0.0,1.0
5000176,informative_monitoring,Informative monitoring,177,600,5.683333333333334,5.6866666666666665,3.710255905868751,3.716383735434743,-0.7080620694783516,0.2841639648182792,0.0,1.0
5000177,informative_monitoring,Informative monitoring,178,600,5.638333333333334,5.571666666666666,3.40639640230527,3.384369041920331,-0.6956712816788404,0.3317797727872781,0.0,1.0
5000178,informative_monitoring,Informative monitoring,179,600,5.695,5.821666666666666,3.651144993872077,3.8272196050655216,-0.719971057111589,0.3002129371144311,0.0,1.0
5000179,informative_monitoring,Informative monitoring,180,600,5.883333333333334,5.8133333333333335,3.74741610107728,3.708739246728273,-0.7309908757493755,0.2954230434766091,0.0,1.0
6000160,cluster_size_informative,Cluster size--level association,161,600,11.651666666666667,11.576666666666666,4.249363761339164,4.223409072761248,-0.9417632514414654,0.0178580030136952,0.0,1.0
6000161,cluster_size_informative,Cluster size--level association,162,600,11.366666666666667,11.458333333333334,4.214478053606334,4.0762675514258015,-0.927464530941616,0.0249226212773286,0.0,1.0
6000162,cluster_size_informative,Cluster size--level association,163,600,11.488333333333332,11.435,4.057581854553221,4.09924155206427,-0.9288470277580084,-0.0017658792142325,0.0,1.0
6000163,cluster_size_informative,Cluster size--level association,164,600,11.593333333333334,11.601666666666668,3.995985743091084,4.1871490999083925,-0.9272110267912792,0.0124092265829742,0.0,1.0
6000164,cluster_size_informative,Cluster size--level association,165,600,11.156666666666666,11.135,4.232254188342993,4.2520867900499,-0.9439720882965444,0.0068175351546636,0.0,1.0
6000165,cluster_size_informative,Cluster size--level association,166,600,11.425,11.313333333333333,4.013047376838194,4.054942641015459,-0.9316882162601527,0.0189426731017356,0.0,1.0
6000166,cluster_size_informative,Cluster size--level association,167,600,11.476666666666668,11.543333333333331,4.015760547748123,4.13924443141425,-0.9258001567777084,-0.0066336440261536,0.0,1.0
6000167,cluster_size_informative,Cluster size--level association,168,600,11.563333333333333,11.395,4.011584504816981,4.022346801265328,-0.9276222458279236,0.0218293071422682,0.0,1.0
6000168,cluster_size_informative,Cluster size--level association,169,600,11.38,11.58,4.096368357810544,4.144743437609379,-0.9387272004072896,0.0146633691307595,0.0,1.0
6000169,cluster_size_informative,Cluster size--level association,170,600,11.768333333333333,11.696666666666667,4.232949364540067,4.058995931118551,-0.936583207594446,0.0083510263826177,0.0,1.0
6000170,cluster_size_informative,Cluster size--level association,171,600,11.323333333333334,11.458333333333334,4.146175769478171,4.049146807910144,-0.9301455492768028,0.0204545117909249,0.0,1.0
6000171,cluster_size_informative,Cluster size--level association,172,600,11.636666666666668,11.486666666666666,3.993900469109215,4.025771182217744,-0.9229646278205808,0.0168973272960432,0.0,1.0
6000172,cluster_size_informative,Cluster size--level association,173,600,11.383333333333333,11.41,4.201485017166114,4.0995826164845495,-0.9266838513188496,0.0170505381978294,0.0,1.0
6000173,cluster_size_informative,Cluster size--level association,174,600,11.433333333333334,11.303333333333333,4.047162144589286,4.121038763431504,-0.9272635045582748,0.0249802272408172,0.0,1.0
6000174,cluster_size_informative,Cluster size--level association,175,600,11.448333333333334,11.483333333333333,4.133498143266734,4.070299061039544,-0.9376444970647771,0.0245380925616886,0.0,1.0
6000175,cluster_size_informative,Cluster size--level association,176,600,11.523333333333332,11.565,4.175545575967751,4.070223523659881,-0.929485392068661,0.0039307901080867,0.0,1.0
6000176,cluster_size_informative,Cluster size--level association,177,600,11.663333333333334,11.566666666666666,3.8498516618938106,3.95241591200344,-0.925972700102318,0.0108825295805921,0.0,1.0
6000177,cluster_size_informative,Cluster size--level association,178,600,11.438333333333333,11.615,4.08583168888196,4.157192010121138,-0.926319376186472,0.0063560617060716,0.0,1.0
6000178,cluster_size_informative,Cluster size--level association,179,600,11.58,11.606666666666667,4.084695978330863,4.121520808939312,-0.9318218816545246,0.0040133719606874,0.0,1.0
6000179,cluster_size_informative,Cluster size--level association,180,600,11.85,11.845,4.170910470979713,4.12787765765827,-0.935319572573534,0.0336245919819204,0.0,1.0
7000160,common_time_misspecified,Misspecified common time,161,600,9.905,10.041666666666666,2.584009192290745,2.626422290042409,-0.0206689845172678,0.2124055548655576,0.0,1.0
7000161,common_time_misspecified,Misspecified common time,162,600,9.801666666666666,9.991666666666667,2.621790774833216,2.5322488745830127,-0.0476493977099651,0.2099838911527648,0.0,1.0
7000162,common_time_misspecified,Misspecified common time,163,600,9.956666666666669,10.078333333333331,2.5902324984865577,2.570319329963795,-0.0529980291778645,0.2113104779931322,0.0,1.0
7000163,common_time_misspecified,Misspecified common time,164,600,9.83,9.963333333333331,2.5479246194587613,2.5435089840891973,-0.0383276921867921,0.2182981385440103,0.0,1.0
7000164,common_time_misspecified,Misspecified common time,165,600,10.05,10.061666666666667,2.58042586848979,2.5882482371514173,0.0251188047459338,0.2245544595768763,0.0,1.0
7000165,common_time_misspecified,Misspecified common time,166,600,9.951666666666666,9.898333333333332,2.6199435227359578,2.5740448196262298,0.1072043505851883,0.2103192989171792,0.0,1.0
7000166,common_time_misspecified,Misspecified common time,167,600,10.03,10.013333333333334,2.630709864399928,2.5899166658631603,0.0231451022373003,0.215931267203666,0.0,1.0
7000167,common_time_misspecified,Misspecified common time,168,600,9.873333333333331,9.913333333333334,2.6562596034066472,2.5376935794919264,0.0059171651698003,0.209779544586601,0.0,1.0
7000168,common_time_misspecified,Misspecified common time,169,600,9.796666666666669,9.88,2.599342838913824,2.547498691390779,0.0262495143018048,0.2224985036104023,0.0,1.0
7000169,common_time_misspecified,Misspecified common time,170,600,9.891666666666667,10.076666666666666,2.5640243609922715,2.571992898124376,0.0856415781551572,0.2094010187190399,0.0,1.0
7000170,common_time_misspecified,Misspecified common time,171,600,9.986666666666666,9.825,2.5476734397252248,2.6087770819112115,-0.0053073065341457,0.2272115324473025,0.0,1.0
7000171,common_time_misspecified,Misspecified common time,172,600,10.191666666666666,9.938333333333333,2.563698787822006,2.583082993596716,0.0235912778592354,0.2159735747234354,0.0,1.0
7000172,common_time_misspecified,Misspecified common time,173,600,10.056666666666668,9.848333333333333,2.6372423667644425,2.585821857750889,-0.0183398058084269,0.2001946767610068,0.0,1.0
7000173,common_time_misspecified,Misspecified common time,174,600,10.085,10.09,2.530173504578712,2.581279722995407,0.0484916395917872,0.2107995579585824,0.0,1.0
7000174,common_time_misspecified,Misspecified common time,175,600,9.851666666666668,10.066666666666666,2.5312070053096085,2.540271084785221,0.0332894711399124,0.2238830590253775,0.0,1.0
7000175,common_time_misspecified,Misspecified common time,176,600,10.06,9.953333333333331,2.547655965431164,2.631101172104937,-0.0006459958121053,0.21137770725142,0.0,1.0
7000176,common_time_misspecified,Misspecified common time,177,600,10.143333333333333,9.878333333333334,2.5962838902850764,2.5647274579920807,-0.0345218028233058,0.2205247380277593,0.0,1.0
7000177,common_time_misspecified,Misspecified common time,178,600,9.878333333333334,10.108333333333333,2.551021378260636,2.5789562969396678,0.0575317121229888,0.2234689115987157,0.0,1.0
7000178,common_time_misspecified,Misspecified common time,179,600,9.956666666666669,10.088333333333331,2.636229326897709,2.5945616468144976,0.0213460998937901,0.2322018115453488,0.0,1.0
7000179,common_time_misspecified,Misspecified common time,180,600,9.981666666666667,10.208333333333334,2.542722875500109,2.570851873305751,-0.0484880338524054,0.2340992458595261,0.0,1.0
8000160,level_plus_shape,Persistent level plus shape,161,600,11.873333333333331,11.971666666666666,2.6246466757469924,2.6010522890886256,-0.0545462032605247,0.2768615060103204,0.0,1.0
8000161,level_plus_shape,Persistent level plus shape,162,600,12.03,11.985,2.576852138735977,2.5649704590422866,0.0136445551373069,0.239206414734246,0.0,1.0
8000162,level_plus_shape,Persistent level plus shape,163,600,12.208333333333334,12.08,2.5571786196986634,2.6079882421357903,-0.0404703782892996,0.2556177354667635,0.0,1.0
8000163,level_plus_shape,Persistent level plus shape,164,600,11.926666666666666,11.85,2.5571182305407447,2.532757014959794,0.0319855106770537,0.2350719154125646,0.0,1.0
8000164,level_plus_shape,Persistent level plus shape,165,600,11.838333333333331,11.911666666666669,2.6778377933763924,2.507524014513352,0.0101505924606472,0.2365752150933815,0.0,1.0
8000165,level_plus_shape,Persistent level plus shape,166,600,11.918333333333331,11.748333333333331,2.629928661293822,2.57799806288574,-0.040877128171671,0.2577762103465113,0.0,1.0
8000166,level_plus_shape,Persistent level plus shape,167,600,11.745,11.896666666666668,2.5770221973580525,2.587240210868868,0.0423061217099397,0.2567387975922603,0.0,1.0
8000167,level_plus_shape,Persistent level plus shape,168,600,12.051666666666666,12.103333333333332,2.5955523578407567,2.5396992622736936,-0.031614448571026,0.2590559204442095,0.0,1.0
8000168,level_plus_shape,Persistent level plus shape,169,600,12.051666666666666,12.158333333333331,2.574239383370108,2.6200582176729488,0.0054632524350242,0.2493886698419234,0.0,1.0
8000169,level_plus_shape,Persistent level plus shape,170,600,12.005,11.886666666666668,2.602485328131278,2.591334388317278,-0.051055904009503,0.2659757440985296,0.0,1.0
8000170,level_plus_shape,Persistent level plus shape,171,600,11.998333333333331,11.986666666666666,2.624209343787621,2.5937813564557413,0.0582352706781956,0.2575655857864261,0.0,1.0
8000171,level_plus_shape,Persistent level plus shape,172,600,12.045,11.978333333333332,2.6270027736226385,2.561666276549225,-0.0075538622156925,0.2513317012795765,0.0,1.0
8000172,level_plus_shape,Persistent level plus shape,173,600,12.255,11.816666666666666,2.659278336086936,2.62955887085922,0.0401240821988791,0.2515757044165977,0.0,1.0
8000173,level_plus_shape,Persistent level plus shape,174,600,12.076666666666666,12.013333333333334,2.5687454091801696,2.6504459363771824,-0.0582173328239416,0.2516815031340937,0.0,1.0
8000174,level_plus_shape,Persistent level plus shape,175,600,11.998333333333331,11.88,2.592205580551427,2.601322381062568,0.0527982252731771,0.2465180188111053,0.0,1.0
8000175,level_plus_shape,Persistent level plus shape,176,600,11.99,12.098333333333333,2.622599864654056,2.62236379538534,-0.0083407645554383,0.2399603705689777,0.0,1.0
8000176,level_plus_shape,Persistent level plus shape,177,600,12.196666666666667,11.856666666666667,2.580520755164601,2.552184351458296,0.0084604545740227,0.2562687901184678,0.0,1.0
8000177,level_plus_shape,Persistent level plus shape,178,600,11.981666666666667,11.99,2.5972884066530706,2.562064328369705,-0.0001570942485541,0.2411480939706455,0.0,1.0
8000178,level_plus_shape,Persistent level plus shape,179,600,12.051666666666666,11.946666666666667,2.565794755386104,2.60739071988949,0.011825203185738,0.2449304643214604,0.0,1.0
8000179,level_plus_shape,Persistent level plus shape,180,600,12.226666666666668,12.006666666666666,2.525718573543668,2.5607716560990013,0.0872357296012566,0.2541379040290351,0.0,1.0
9000160,treatment_feedback,Treatment feedback,161,600,10.261666666666668,10.108333333333333,2.560753727905228,2.558157704342985,0.0449832746915865,0.2529078417545697,0.2716666666666666,1.0
9000161,treatment_feedback,Treatment feedback,162,600,9.94,10.046666666666669,2.5226321150694897,2.527542219563308,-0.0507248979166353,0.2560834176883197,0.26,1.0
9000162,treatment_feedback,Treatment feedback,163,600,9.993333333333334,10.07,2.5646802653862446,2.619772001956861,0.0167227746142636,0.2556402719310487,0.2816666666666667,1.0
9000163,treatment_feedback,Treatment feedback,164,600,10.103333333333332,9.933333333333334,2.5390418359353477,2.561866667801992,0.0075208752577584,0.2530623010946006,0.2783333333333333,1.0
9000164,treatment_feedback,Treatment feedback,165,600,10.068333333333332,9.921666666666669,2.617584791199849,2.5618617803969546,-0.0099789782012158,0.2578247996505069,0.235,1.0
9000165,treatment_feedback,Treatment feedback,166,600,9.906666666666666,10.06,2.53086896508286,2.65042913966285,0.0535288101672176,0.2658217821688302,0.2766666666666666,1.0
9000166,treatment_feedback,Treatment feedback,167,600,10.0,9.961666666666666,2.6504795294865127,2.6347232935569487,-0.0515054737796052,0.2495738367374689,0.2783333333333333,1.0
9000167,treatment_feedback,Treatment feedback,168,600,9.968333333333334,10.12,2.510212308140912,2.616041434683321,0.0503792592471182,0.2551482081700575,0.3066666666666666,1.0
9000168,treatment_feedback,Treatment feedback,169,600,10.053333333333333,9.911666666666669,2.5699864343370926,2.5945616468144976,0.0510942060530589,0.2687983106827041,0.28,1.0
9000169,treatment_feedback,Treatment feedback,170,600,9.966666666666669,10.085,2.576811107038663,2.4983015933667883,-0.012668987353936,0.2522698549733727,0.25,1.0
9000170,treatment_feedback,Treatment feedback,171,600,10.128333333333334,9.866666666666667,2.539543138928672,2.651529099689408,-0.0235262242255046,0.2542273824931708,0.2466666666666666,1.0
9000171,treatment_feedback,Treatment feedback,172,600,9.986666666666666,9.943333333333332,2.554217871896878,2.556236712912746,-0.0058383736013583,0.2457800934829838,0.2683333333333333,1.0
9000172,treatment_feedback,Treatment feedback,173,600,10.063333333333333,10.088333333333331,2.5284997674534684,2.581014001838237,-0.0361021071016341,0.2504809763202392,0.2716666666666666,1.0
9000173,treatment_feedback,Treatment feedback,174,600,10.1,9.921666666666669,2.6175215436973067,2.576158291227072,0.0441235889243452,0.2307390310579989,0.2766666666666666,1.0
9000174,treatment_feedback,Treatment feedback,175,600,10.116666666666667,9.906666666666666,2.555505148987128,2.629857246591782,0.0121886023597711,0.2679814557006011,0.2416666666666666,1.0
9000175,treatment_feedback,Treatment feedback,176,600,9.868333333333334,10.131666666666666,2.6807289559211465,2.574628466748528,0.0180675221579378,0.2646322563317183,0.2616666666666666,1.0
9000176,treatment_feedback,Treatment feedback,177,600,9.86,10.015,2.6201479523404,2.590874250577176,0.0067907471374307,0.2311296801749758,0.2766666666666666,1.0
9000177,treatment_feedback,Treatment feedback,178,600,9.945,10.083333333333334,2.6312571501693243,2.5982636212089254,-0.0625941539588557,0.2483252299464039,0.2616666666666666,1.0
9000178,treatment_feedback,Treatment feedback,179,600,10.101666666666668,9.918333333333331,2.58052237252086,2.624845438913664,0.0148370229764053,0.2578826599460099,0.2883333333333333,1.0
9000179,treatment_feedback,Treatment feedback,180,600,10.22,9.925,2.5282906787512456,2.605895780987595,0.0344818497711268,0.2460849805581341,0.265,1.0
10000160,transient_nonpersistent,Transient non-persistence,161,600,9.903333333333334,9.84,2.595229131688664,2.578529559875535,,0.2531960853571042,0.0,1.0
10000161,transient_nonpersistent,Transient non-persistence,162,600,10.1,10.041666666666666,2.613053146144236,2.650466407228856,,0.2529668745313002,0.0,1.0
10000162,transient_nonpersistent,Transient non-persistence,163,600,10.018333333333333,9.898333333333332,2.590208328983362,2.594072585051624,,0.2498161555775166,0.0,1.0
10000163,transient_nonpersistent,Transient non-persistence,164,600,9.946666666666667,9.925,2.5628309333385646,2.5943385774459045,,0.2525068347993111,0.0,1.0
10000164,transient_nonpersistent,Transient non-persistence,165,600,9.955,10.08,2.6187282975700548,2.611186925889558,,0.2719521846062581,0.0,1.0
10000165,transient_nonpersistent,Transient non-persistence,166,600,10.095,10.023333333333332,2.5291571837472198,2.493287594175142,,0.2557131416634593,0.0,1.0
10000166,transient_nonpersistent,Transient non-persistence,167,600,9.796666666666669,10.125,2.5572553281943096,2.6078170019884,,0.2490384471323322,0.0,1.0
10000167,transient_nonpersistent,Transient non-persistence,168,600,9.976666666666668,9.953333333333331,2.596926825522317,2.554479300441258,,0.2605481465349561,0.0,1.0
10000168,transient_nonpersistent,Transient non-persistence,169,600,9.928333333333333,9.928333333333333,2.661767376167623,2.5450591543329555,,0.2442480051506093,0.0,1.0
10000169,transient_nonpersistent,Transient non-persistence,170,600,10.053333333333333,10.015,2.630974267874784,2.518997932573026,,0.2515231520965862,0.0,1.0
10000170,transient_nonpersistent,Transient non-persistence,171,600,9.785,10.246666666666666,2.637619519164923,2.561918799542243,,0.2794761304370997,0.0,1.0
10000171,transient_nonpersistent,Transient non-persistence,172,600,9.83,10.015,2.6119859847711795,2.596023992110375,,0.2575194185934819,0.0,1.0
10000172,transient_nonpersistent,Transient non-persistence,173,600,9.975,10.06,2.5882181364540706,2.5568135427691008,,0.2387248075312654,0.0,1.0
10000173,transient_nonpersistent,Transient non-persistence,174,600,9.956666666666669,9.906666666666666,2.53419793113044,2.601134121895493,,0.2731998700785748,0.0,1.0
10000174,transient_nonpersistent,Transient non-persistence,175,600,10.13,10.003333333333334,2.5821591565683453,2.5568636011097703,,0.2658860734651673,0.0,1.0
10000175,transient_nonpersistent,Transient non-persistence,176,600,9.933333333333334,10.098333333333333,2.6204962424096374,2.5780628196494724,,0.2615378546687118,0.0,1.0
10000176,transient_nonpersistent,Transient non-persistence,177,600,9.92,9.851666666666668,2.6315664352571364,2.590530570484854,,0.2624122708562298,0.0,1.0
10000177,transient_nonpersistent,Transient non-persistence,178,600,10.231666666666667,9.965,2.62668924367926,2.4901357982694514,,0.2528492711216942,0.0,1.0
10000178,transient_nonpersistent,Transient non-persistence,179,600,10.15,10.0,2.536050588542365,2.568591592932881,,0.2429632497547347,0.0,1.0
10000179,transient_nonpersistent,Transient non-persistence,180,600,9.885,10.01,2.653332864936774,2.5140473457676307,,0.2532624912342076,0.0,1.0
180,ideal_large_dense,"Ideal: large, dense",181,600,11.913333333333334,12.031666666666666,2.679761947583233,2.5524214609685663,0.0371344614801572,0.0032185102847718,0.0,1.0
181,ideal_large_dense,"Ideal: large, dense",182,600,11.858333333333333,12.06,2.569552793416099,2.4926737393043834,0.1208634445129929,0.030606711006063,0.0,1.0
182,ideal_large_dense,"Ideal: large, dense",183,600,12.16,12.25,2.514279751960496,2.6055353943387374,0.0492865686811063,0.0215792405146531,0.0,1.0
183,ideal_large_dense,"Ideal: large, dense",184,600,11.921666666666669,12.126666666666669,2.6634602662461493,2.5595979094352947,-0.0332227055825835,0.0180597380202649,0.0,1.0
184,ideal_large_dense,"Ideal: large, dense",185,600,12.066666666666666,12.055,2.638274001134832,2.534959243053012,-0.0185668659608246,0.0126551353091301,0.0,1.0
185,ideal_large_dense,"Ideal: large, dense",186,600,11.831666666666669,11.998333333333331,2.5847886650479746,2.493731149763554,0.0379160731175987,0.0213673952720739,0.0,1.0
186,ideal_large_dense,"Ideal: large, dense",187,600,11.925,12.003333333333334,2.5671694395876146,2.618157138183764,0.0228572054944999,0.0199222680540808,0.0,1.0
187,ideal_large_dense,"Ideal: large, dense",188,600,11.83,12.023333333333332,2.5596913941702,2.6497466831183534,0.0370106600627401,0.0020966913335912,0.0,1.0
188,ideal_large_dense,"Ideal: large, dense",189,600,12.076666666666666,12.038333333333334,2.5920365180826472,2.6124519895847587,0.0327956890367113,0.0144025772623326,0.0,1.0
189,ideal_large_dense,"Ideal: large, dense",190,600,11.84,12.266666666666667,2.626638927112436,2.576811107038663,0.0229561000452359,0.0144263841662619,0.0,1.0
190,ideal_large_dense,"Ideal: large, dense",191,600,12.036666666666669,12.021666666666668,2.648335015214321,2.496982597531705,-0.0582538327301816,0.0130043438966798,0.0,1.0
191,ideal_large_dense,"Ideal: large, dense",192,600,12.025,12.071666666666667,2.580466303578969,2.571812769966318,0.0003058184070121,0.0075400973966046,0.0,1.0
192,ideal_large_dense,"Ideal: large, dense",193,600,12.0,12.068333333333332,2.564037925643892,2.4941327924148746,0.0183374462796834,0.0167407206675899,0.0,1.0
193,ideal_large_dense,"Ideal: large, dense",194,600,11.975,12.12,2.5817598920569127,2.608372291299057,0.0156291658036729,0.0048620865675218,0.0,1.0
194,ideal_large_dense,"Ideal: large, dense",195,600,12.046666666666669,12.013333333333334,2.542688405888136,2.5252955110083164,0.0702206404123097,0.0241887999884341,0.0,1.0
195,ideal_large_dense,"Ideal: large, dense",196,600,12.028333333333334,12.066666666666666,2.586893359026198,2.57875399676833,-0.0225599573599348,0.0170016184617537,0.0,1.0
196,ideal_large_dense,"Ideal: large, dense",197,600,11.998333333333331,12.043333333333331,2.5421319031954845,2.540119925833868,-0.0350513615442362,0.0235040004104234,0.0,1.0
197,ideal_large_dense,"Ideal: large, dense",198,600,11.925,12.056666666666668,2.53180931958113,2.607320288604343,-0.0053082781588887,-0.0001812135822029,0.0,1.0
198,ideal_large_dense,"Ideal: large, dense",199,600,11.965,12.001666666666669,2.5280612115114187,2.5637118115426496,-0.0253056229647668,-0.0005219150305021,0.0,1.0
199,ideal_large_dense,"Ideal: large, dense",200,600,11.971666666666666,12.01,2.5733053432381707,2.6008666848804203,0.0040890502781195,0.0103919846220673,0.0,1.0
1000180,ideal_small_dense,"Ideal: small, dense",181,240,12.141666666666667,11.666666666666666,2.660090391811543,2.494624625532908,0.0203217687005666,0.0072116310498911,0.0,1.0
1000181,ideal_small_dense,"Ideal: small, dense",182,240,11.845833333333331,11.858333333333333,2.5163031871036874,2.6028495274376824,0.0700638006533375,0.0018829082247901,0.0,1.0
1000182,ideal_small_dense,"Ideal: small, dense",183,240,12.266666666666667,12.004166666666666,2.547402757501468,2.6123266160024925,0.0362320459606468,0.0150848747109499,0.0,1.0
1000183,ideal_small_dense,"Ideal: small, dense",184,240,11.9875,11.720833333333331,2.5556259212514623,2.577904044143017,-0.0270461700669586,-0.0133225264142572,0.0,1.0
1000184,ideal_small_dense,"Ideal: small, dense",185,240,12.1,12.045833333333333,2.5999678144129525,2.4972753632485998,0.0730483494126094,-0.0116410023160316,0.0,1.0
1000185,ideal_small_dense,"Ideal: small, dense",186,240,11.891666666666667,12.125,2.507881578932108,2.561584564516961,-0.072956001677528,0.0125779819112103,0.0,1.0
1000186,ideal_small_dense,"Ideal: small, dense",187,240,11.695833333333333,12.191666666666666,2.607356693297043,2.5278228624626453,0.0744001664171492,-0.0046048022313469,0.0,1.0
1000187,ideal_small_dense,"Ideal: small, dense",188,240,12.129166666666666,12.083333333333334,2.6818745655781737,2.710843970955817,-0.1170198546640484,0.01973033282858,0.0,1.0
1000188,ideal_small_dense,"Ideal: small, dense",189,240,12.020833333333334,12.1875,2.5440848066616706,2.49397810299984,0.0015910167087905,0.0132847704709199,0.0,1.0
1000189,ideal_small_dense,"Ideal: small, dense",190,240,12.004166666666666,11.979166666666666,2.542521919805564,2.6010102907861503,0.0817133818368869,0.0297907993358213,0.0,1.0
1000190,ideal_small_dense,"Ideal: small, dense",191,240,12.120833333333334,12.125,2.6111250828038512,2.498744454595625,0.0873635483892042,0.0178408803560423,0.0,1.0
1000191,ideal_small_dense,"Ideal: small, dense",192,240,12.0875,11.8875,2.589940711103111,2.632244933345174,0.0715683738380844,0.004223103927089,0.0,1.0
1000192,ideal_small_dense,"Ideal: small, dense",193,240,12.104166666666666,11.683333333333334,2.613447548595688,2.5986263939408283,-0.0561240067899398,0.0220590085709487,0.0,1.0
1000193,ideal_small_dense,"Ideal: small, dense",194,240,11.795833333333333,11.841666666666669,2.517716167509648,2.59221826568666,-0.0565643076186731,0.0168204690528426,0.0,1.0
1000194,ideal_small_dense,"Ideal: small, dense",195,240,12.1625,12.0875,2.6423193343036995,2.428183972819552,-0.0714844030639927,-0.0105908264488861,0.0,1.0
1000195,ideal_small_dense,"Ideal: small, dense",196,240,12.225,12.0,2.6210046302833057,2.5630133938205955,-0.0088830428360715,0.0189187309987438,0.0,1.0
1000196,ideal_small_dense,"Ideal: small, dense",197,240,12.008333333333333,11.941666666666666,2.541688673110484,2.5964115350104437,-0.0631075155868491,-0.0005357347610405,0.0,1.0
1000197,ideal_small_dense,"Ideal: small, dense",198,240,12.208333333333334,11.8,2.609592325631958,2.654750222670652,0.0111672192319368,0.0089570153387287,0.0,1.0
1000198,ideal_small_dense,"Ideal: small, dense",199,240,12.158333333333331,11.833333333333334,2.464801020878644,2.5559294695428405,-0.031383830541794,0.0082857215834825,0.0,1.0
1000199,ideal_small_dense,"Ideal: small, dense",200,240,12.125,11.958333333333334,2.541908155526023,2.430268794932084,0.1096120429566497,0.0273363553489679,0.0,1.0
2000180,ideal_large_sparse,"Ideal: large, sparse",181,600,3.5316666666666667,5.946666666666666,1.1170243781245015,1.4273113132262567,0.0082097227310667,0.0206325168102353,0.0,1.0
2000181,ideal_large_sparse,"Ideal: large, sparse",182,600,3.513333333333333,5.983333333333333,1.1203783445547018,1.3950983434398705,-0.0136273794210897,0.0229208516950886,0.0,1.0
2000182,ideal_large_sparse,"Ideal: large, sparse",183,600,3.433333333333333,6.088333333333333,1.1169758041847246,1.417937987283597,-0.0849898163279133,0.016331436400471,0.0,1.0
2000183,ideal_large_sparse,"Ideal: large, sparse",184,600,3.45,5.9,1.073664095974609,1.4035490431500943,0.0124566271021681,0.0014631491821262,0.0,1.0
2000184,ideal_large_sparse,"Ideal: large, sparse",185,600,3.5416666666666665,6.098333333333334,1.1016441903320582,1.4325096959312762,0.0985865233067081,0.0263526751892744,0.0,1.0
2000185,ideal_large_sparse,"Ideal: large, sparse",186,600,3.466666666666667,5.956666666666667,1.107971821912668,1.3933261709257216,-0.0360808172151654,0.0312969941851814,0.0,1.0
2000186,ideal_large_sparse,"Ideal: large, sparse",187,600,3.441666666666667,6.003333333333333,1.109947684349226,1.4777104822453502,0.0214949305833149,0.0243217589578495,0.0,1.0
2000187,ideal_large_sparse,"Ideal: large, sparse",188,600,3.4833333333333334,6.045,1.0977540687914282,1.440984290757658,0.015868305107098,0.0042786498556894,0.0,1.0
2000188,ideal_large_sparse,"Ideal: large, sparse",189,600,3.493333333333333,6.1066666666666665,1.1278633258031348,1.3887055341780163,-0.0197515763958817,0.0363722052678003,0.0,1.0
2000189,ideal_large_sparse,"Ideal: large, sparse",190,600,3.411666666666666,5.9,1.1109699873279482,1.4094837378790774,-0.0501931077054349,0.010810372621962,0.0,1.0
2000190,ideal_large_sparse,"Ideal: large, sparse",191,600,3.4766666666666666,5.9,1.106720503413885,1.4353049038252843,0.0131438786163352,0.0184504799553484,0.0,1.0
2000191,ideal_large_sparse,"Ideal: large, sparse",192,600,3.52,5.961666666666667,1.1097985198183429,1.4083689362722571,0.0090117972767352,0.0139169797263299,0.0,1.0
2000192,ideal_large_sparse,"Ideal: large, sparse",193,600,3.5316666666666667,6.0,1.0943765297512276,1.4353049038252843,0.0172650022863289,0.0033599270339169,0.0,1.0
2000193,ideal_large_sparse,"Ideal: large, sparse",194,600,3.473333333333333,6.035,1.1422770608285222,1.4108244786350497,-0.0031130800176461,0.0399654344731489,0.0,1.0
2000194,ideal_large_sparse,"Ideal: large, sparse",195,600,3.3916666666666666,6.026666666666666,1.0771246684923153,1.44433342894875,0.0009217656981218,0.0290229941321315,0.0,1.0
2000195,ideal_large_sparse,"Ideal: large, sparse",196,600,3.558333333333333,5.998333333333333,1.117442773841345,1.4218649920608857,0.0382546983578178,0.0520080192127329,0.0,1.0
2000196,ideal_large_sparse,"Ideal: large, sparse",197,600,3.4966666666666666,6.028333333333333,1.1263969870830348,1.3701555017785314,0.0375297749752082,0.0308316601653413,0.0,1.0
2000197,ideal_large_sparse,"Ideal: large, sparse",198,600,3.45,5.9783333333333335,1.137096439998133,1.4252190373399507,0.0209423574144621,0.0225402426952356,0.0,1.0
2000198,ideal_large_sparse,"Ideal: large, sparse",199,600,3.453333333333333,6.006666666666667,1.108995946297248,1.3795388485335396,0.0217429703802381,0.0339557460844814,0.0,1.0
2000199,ideal_large_sparse,"Ideal: large, sparse",200,600,3.43,6.005,1.0849247760172254,1.4300524757757858,-0.0278527817142494,0.0160535796683681,0.0,1.0
3000180,serial_dependence,Serial dependence,181,600,10.045,10.18,2.5046817597976605,2.5360703370748583,0.0017994174186555,0.51851081250882,0.0,1.0
3000181,serial_dependence,Serial dependence,182,600,10.096666666666666,10.116666666666667,2.525460778246151,2.5853811869868624,-0.0148064861019885,0.5002895964698674,0.0,1.0
3000182,serial_dependence,Serial dependence,183,600,10.145,10.011666666666668,2.5471791986004777,2.531576324486397,-0.0185482238299655,0.5085846448088266,0.0,1.0
3000183,serial_dependence,Serial dependence,184,600,9.92,10.061666666666667,2.606067147375085,2.592115415273605,-0.0020652542570054,0.5034115449808924,0.0,1.0
3000184,serial_dependence,Serial dependence,185,600,10.185,9.778333333333334,2.56744255413462,2.5619269450308324,-0.0275872680721757,0.5021440196947587,0.0,1.0
3000185,serial_dependence,Serial dependence,186,600,9.825,10.128333333333334,2.605575439761272,2.588377236175233,-0.1139126980607137,0.4969910477441425,0.0,1.0
3000186,serial_dependence,Serial dependence,187,600,10.011666666666668,9.951666666666666,2.597969649435472,2.61356367450461,-0.0780582404540978,0.5106844322351914,0.0,1.0
3000187,serial_dependence,Serial dependence,188,600,9.958333333333334,10.116666666666667,2.5633731733008016,2.6091636809673364,-0.0349861766629744,0.5090405317468553,0.0,1.0
3000188,serial_dependence,Serial dependence,189,600,9.923333333333334,10.098333333333333,2.5687454091801696,2.53628042999748,-0.0119113865300375,0.4891067892734295,0.0,1.0
3000189,serial_dependence,Serial dependence,190,600,10.07,10.075,2.603792020908527,2.580142805122365,0.0433849907972007,0.4913834496900266,0.0,1.0
3000190,serial_dependence,Serial dependence,191,600,10.266666666666667,9.74,2.4864686671952643,2.605195784413373,-0.0050642319936932,0.4985418978787637,0.0,1.0
3000191,serial_dependence,Serial dependence,192,600,9.856666666666667,10.013333333333334,2.517276973469047,2.564003199992447,0.088869325722671,0.4889368207142006,0.0,1.0
3000192,serial_dependence,Serial dependence,193,600,10.138333333333334,9.98,2.61609195507687,2.606579577752921,0.0235841461969087,0.4981966386118588,0.0,1.0
3000193,serial_dependence,Serial dependence,194,600,10.115,10.133333333333333,2.50043902655965,2.6691001695479115,0.0442238629065062,0.4943383971780457,0.0,1.0
3000194,serial_dependence,Serial dependence,195,600,10.198333333333334,9.921666666666669,2.580716447913209,2.552068241525795,-0.0667741344874631,0.5078410656507847,0.0,1.0
3000195,serial_dependence,Serial dependence,196,600,9.828333333333331,10.011666666666668,2.557296129648151,2.573435091307111,-0.0256943694566396,0.5049174075015238,0.0,1.0
3000196,serial_dependence,Serial dependence,197,600,9.933333333333334,9.89,2.6096435173605084,2.5772667381807586,0.04846609353508,0.490261330142859,0.0,1.0
3000197,serial_dependence,Serial dependence,198,600,10.043333333333331,9.985,2.544716393778194,2.551919962006544,-0.0079494658926857,0.4934126849390537,0.0,1.0
3000198,serial_dependence,Serial dependence,199,600,10.073333333333334,9.935,2.580514285729425,2.5320862481255606,0.0492124037400729,0.4968188183915024,0.0,1.0
3000199,serial_dependence,Serial dependence,200,600,9.955,10.083333333333334,2.54632702184348,2.53912073608357,-0.0133523213293786,0.50425318569212,0.0,1.0
4000180,discrete_map_rounding,Integer MAP rounding,181,600,9.858333333333333,10.006666666666666,2.589615299851362,2.518039533852801,-0.0049353433710584,0.2111236208010376,0.0,1.0
4000181,discrete_map_rounding,Integer MAP rounding,182,600,10.095,10.203333333333331,2.544949825836791,2.583236485520137,0.0566809514982796,0.220041066258746,0.0,1.0
4000182,discrete_map_rounding,Integer MAP rounding,183,600,9.94,10.033333333333331,2.603400883511241,2.5993877965944265,-0.084181065084019,0.2165768698537778,0.0,1.0
4000183,discrete_map_rounding,Integer MAP rounding,184,600,10.095,10.148333333333332,2.548882697381021,2.609792248728769,-0.0045714411650791,0.2293651816890692,0.0,1.0
4000184,discrete_map_rounding,Integer MAP rounding,185,600,10.196666666666667,9.803333333333333,2.53483026973856,2.599214384112987,-0.0121471383327552,0.2345387454118517,0.0,1.0
4000185,discrete_map_rounding,Integer MAP rounding,186,600,9.963333333333331,9.836666666666666,2.610238391985276,2.586078477549027,0.0598233621997703,0.2270469424287083,0.0,1.0
4000186,discrete_map_rounding,Integer MAP rounding,187,600,10.093333333333334,9.951666666666666,2.6273167956675656,2.584013499416008,-0.0123823287737478,0.2242485243096391,0.0,1.0
4000187,discrete_map_rounding,Integer MAP rounding,188,600,9.911666666666669,9.918333333333331,2.542565296316355,2.594780407760237,-0.0525108338517553,0.2302511497176333,0.0,1.0
4000188,discrete_map_rounding,Integer MAP rounding,189,600,9.991666666666667,10.091666666666669,2.5863899378102744,2.643528758316991,-0.0292146430306226,0.2383184786620166,0.0,1.0
4000189,discrete_map_rounding,Integer MAP rounding,190,600,10.03,9.948333333333334,2.6458964353461814,2.6609769922237447,0.0224381609885911,0.2249086468344608,0.0,1.0
4000190,discrete_map_rounding,Integer MAP rounding,191,600,9.961666666666666,10.001666666666669,2.6271086874448693,2.6159260318088853,-0.0105617148833902,0.2411849402415516,0.0,1.0
4000191,discrete_map_rounding,Integer MAP rounding,192,600,10.303333333333333,9.91,2.4903128958870324,2.530330206037539,-0.0550468461311987,0.2190977585827927,0.0,1.0
4000192,discrete_map_rounding,Integer MAP rounding,193,600,9.945,10.146666666666668,2.5864630905668795,2.5591804475575426,-0.0163543966668044,0.2252567374937633,0.0,1.0
4000193,discrete_map_rounding,Integer MAP rounding,194,600,9.938333333333333,9.95,2.5162969099692423,2.5817194772280154,0.0358805979741787,0.2293409424906765,0.0,1.0
4000194,discrete_map_rounding,Integer MAP rounding,195,600,9.955,10.013333333333334,2.7145145635133137,2.5186759291903145,-0.020897921675443,0.2008253946687447,0.0,1.0
4000195,discrete_map_rounding,Integer MAP rounding,196,600,9.925,10.086666666666666,2.617401953906556,2.4811453725019894,0.0481789370171602,0.204037263859756,0.0,1.0
4000196,discrete_map_rounding,Integer MAP rounding,197,600,9.953333333333331,10.08,2.590174491299996,2.581609545692509,0.0458218537952563,0.217475581513925,0.0,1.0
4000197,discrete_map_rounding,Integer MAP rounding,198,600,9.97,9.92,2.585260648568159,2.6410651971555046,-0.0558612451270025,0.2115441447504629,0.0,1.0
4000198,discrete_map_rounding,Integer MAP rounding,199,600,10.035,10.188333333333333,2.6086618909770056,2.594368607131931,-0.0463237344856584,0.2339371225236774,0.0,1.0
4000199,discrete_map_rounding,Integer MAP rounding,200,600,9.923333333333334,10.01,2.536700015210214,2.614949955949483,-0.0202040359687739,0.2052412080208446,0.0,1.0
5000180,informative_monitoring,Informative monitoring,181,600,5.721666666666667,5.781666666666666,3.6592139821507432,3.7586624120070447,-0.7108470428821612,0.2992815464503114,0.0,1.0
5000181,informative_monitoring,Informative monitoring,182,600,6.013333333333334,5.913333333333333,4.012479142667218,3.7872233439090928,-0.7368004065089092,0.3291522265687578,0.0,1.0
5000182,informative_monitoring,Informative monitoring,183,600,5.906666666666666,5.858333333333333,3.719903900721975,3.7538979926365545,-0.7247841465482113,0.2728925057562179,0.0,1.0
5000183,informative_monitoring,Informative monitoring,184,600,5.921666666666667,5.823333333333333,3.851872977043032,3.7512987919652425,-0.7150132193355316,0.3136118926624355,0.0,1.0
5000184,informative_monitoring,Informative monitoring,185,600,5.748333333333333,5.695,3.656128555669442,3.54159283369307,-0.6995455829123466,0.3161529261783552,0.0,1.0
5000185,informative_monitoring,Informative monitoring,186,600,5.77,5.88,3.6376486195249655,3.5203581544912668,-0.6964534329938872,0.2901110774558758,0.0,1.0
5000186,informative_monitoring,Informative monitoring,187,600,5.816666666666666,5.87,3.696280974704461,3.7313498387802784,-0.6963515531878937,0.3101335709715578,0.0,1.0
5000187,informative_monitoring,Informative monitoring,188,600,6.051666666666667,5.906666666666666,3.893704163013759,3.7980693921255866,-0.7362859400123981,0.3162589663264475,0.0,1.0
5000188,informative_monitoring,Informative monitoring,189,600,5.998333333333333,5.8133333333333335,3.960362526477102,3.824857921424973,-0.7146659038536425,0.3262539374737047,0.0,1.0
5000189,informative_monitoring,Informative monitoring,190,600,5.826666666666667,5.876666666666667,3.931800348295122,4.038808675184652,-0.7447880663601305,0.3107754571431311,0.0,1.0
5000190,informative_monitoring,Informative monitoring,191,600,5.845,5.828333333333333,3.899528031028194,3.802142953733231,-0.7059367409877831,0.3144219296021333,0.0,1.0
5000191,informative_monitoring,Informative monitoring,192,600,5.5633333333333335,5.466666666666667,3.31224100214886,3.1339951230457177,-0.6992991800884406,0.2827264472424769,0.0,1.0
5000192,informative_monitoring,Informative monitoring,193,600,5.788333333333333,5.776666666666666,3.6886593185287753,3.704906581393154,-0.7068611724014564,0.3069791077794116,0.0,1.0
5000193,informative_monitoring,Informative monitoring,194,600,5.753333333333333,5.948333333333333,3.833664547400073,3.887267502580261,-0.7115676802100301,0.3276460041943651,0.0,1.0
5000194,informative_monitoring,Informative monitoring,195,600,6.055,6.1,4.102848271615687,4.109519060853617,-0.7290235273721015,0.341405518097101,0.0,1.0
5000195,informative_monitoring,Informative monitoring,196,600,5.755,5.855,3.6483547644766032,3.631246560890162,-0.7090328687821535,0.3143638922407515,0.0,1.0
5000196,informative_monitoring,Informative monitoring,197,600,5.941666666666666,5.953333333333333,3.940915534191889,3.985091862279576,-0.7456378293475051,0.3166459830803387,0.0,1.0
5000197,informative_monitoring,Informative monitoring,198,600,5.775,5.7716666666666665,3.5813058026489184,3.689473889982644,-0.7177951039974596,0.3218809188120948,0.0,1.0
5000198,informative_monitoring,Informative monitoring,199,600,5.745,5.681666666666667,3.4645798960952505,3.486726160898029,-0.7145939978955771,0.3114957595165027,0.0,1.0
5000199,informative_monitoring,Informative monitoring,200,600,5.718333333333334,5.873333333333333,3.62181258942864,3.694595912114329,-0.7197298932971504,0.3175530457583591,0.0,1.0
6000180,cluster_size_informative,Cluster size--level association,181,600,11.523333333333332,11.515,4.101726769672007,3.976110842148193,-0.933140577129061,0.0230838938179121,0.0,1.0
6000181,cluster_size_informative,Cluster size--level association,182,600,11.293333333333331,11.323333333333334,4.035810761552214,4.213277631831744,-0.9300797383828626,0.013724107913584,0.0,1.0
6000182,cluster_size_informative,Cluster size--level association,183,600,11.685,11.545,4.249219706431116,4.199686966631699,-0.9307888709353624,0.021583752743045,0.0,1.0
6000183,cluster_size_informative,Cluster size--level association,184,600,11.565,11.471666666666666,3.928719009434477,3.9726776236426735,-0.925750688512916,-0.0005888472128735,0.0,1.0
6000184,cluster_size_informative,Cluster size--level association,185,600,11.498333333333331,11.471666666666666,4.255605815507806,4.144614208075164,-0.9374952829685426,0.0218813723251752,0.0,1.0
6000185,cluster_size_informative,Cluster size--level association,186,600,11.591666666666669,11.593333333333334,4.007705085912424,4.02346484236972,-0.9263016269537188,0.0018194572544477,0.0,1.0
6000186,cluster_size_informative,Cluster size--level association,187,600,11.663333333333334,11.68,4.038626796270585,4.0724982590686105,-0.9277358326841374,0.0182792858117446,0.0,1.0
6000187,cluster_size_informative,Cluster size--level association,188,600,11.418333333333331,11.453333333333331,4.04729929807964,4.0122294963575165,-0.931298899785536,0.0159954122408129,0.0,1.0
6000188,cluster_size_informative,Cluster size--level association,189,600,11.208333333333334,11.41,4.182593378256518,3.946457171566884,-0.9245509236126864,0.0059758792698544,0.0,1.0
6000189,cluster_size_informative,Cluster size--level association,190,600,11.621666666666666,11.57,4.1826253095022,4.189393555628296,-0.9424366767783036,0.0114460580430907,0.0,1.0
6000190,cluster_size_informative,Cluster size--level association,191,600,11.6,11.623333333333331,4.219360734560064,4.215575169800988,-0.9353506384915824,0.011072393379161,0.0,1.0
6000191,cluster_size_informative,Cluster size--level association,192,600,11.578333333333331,11.476666666666668,4.0847283342751535,4.146658918841074,-0.9328021585560328,0.0150600147590291,0.0,1.0
6000192,cluster_size_informative,Cluster size--level association,193,600,11.41,11.51,4.1949846834234,4.130173186552617,-0.9396412305161174,0.0223514691247855,0.0,1.0
6000193,cluster_size_informative,Cluster size--level association,194,600,11.553333333333333,11.538333333333334,4.209119071867353,4.192990082499854,-0.938367005840184,0.0147294283284075,0.0,1.0
6000194,cluster_size_informative,Cluster size--level association,195,600,11.588333333333331,11.575,4.110599177518924,4.044540209860939,-0.9293400646520092,0.0265709485785898,0.0,1.0
6000195,cluster_size_informative,Cluster size--level association,196,600,11.643333333333333,11.566666666666666,4.009519834643073,3.9515710477139057,-0.9306337025112756,0.006951281919236,0.0,1.0
6000196,cluster_size_informative,Cluster size--level association,197,600,11.265,11.226666666666668,4.085248718885865,4.102845898031497,-0.9330158472539074,0.0230576217777057,0.0,1.0
6000197,cluster_size_informative,Cluster size--level association,198,600,11.743333333333334,11.616666666666667,4.306394153647167,4.27943666688331,-0.9371404172882368,0.0147887479787595,0.0,1.0
6000198,cluster_size_informative,Cluster size--level association,199,600,11.65,11.78,3.988819935033861,3.95740256461618,-0.9283943489518184,0.0194148703610603,0.0,1.0
6000199,cluster_size_informative,Cluster size--level association,200,600,11.43,11.438333333333333,4.266001008869954,4.169152625123581,-0.9353273748529392,0.0084796664296172,0.0,1.0
7000180,common_time_misspecified,Misspecified common time,181,600,9.955,9.946666666666667,2.6698667846441784,2.595840172125573,-0.0050067306054514,0.2214262006634575,0.0,1.0
7000181,common_time_misspecified,Misspecified common time,182,600,10.091666666666669,9.948333333333334,2.6276932549212857,2.595552357840756,0.0143447305110404,0.2417958322952348,0.0,1.0
7000182,common_time_misspecified,Misspecified common time,183,600,10.085,10.061666666666667,2.6062288940946887,2.636813455205256,0.0371723550081222,0.2283980693599026,0.0,1.0
7000183,common_time_misspecified,Misspecified common time,184,600,10.01,10.016666666666667,2.537182589505036,2.5265975238056924,-0.0143138781917148,0.2064407136364594,0.0,1.0
7000184,common_time_misspecified,Misspecified common time,185,600,9.961666666666666,10.0,2.541842933395435,2.572488320725113,-0.0032614448108204,0.2321213076745213,0.0,1.0
7000185,common_time_misspecified,Misspecified common time,186,600,10.061666666666667,9.933333333333334,2.53348800892653,2.554034855993866,-0.0315408557119744,0.2360656762978056,0.0,1.0
7000186,common_time_misspecified,Misspecified common time,187,600,10.006666666666666,9.958333333333334,2.639109139584787,2.600230609181378,-0.0513074010525398,0.224139987126961,0.0,1.0
7000187,common_time_misspecified,Misspecified common time,188,600,10.136666666666668,10.195,2.599856594649686,2.607996243736861,-0.0144898337162159,0.2212630685256973,0.0,1.0
7000188,common_time_misspecified,Misspecified common time,189,600,9.791666666666666,9.726666666666668,2.588325637337205,2.5177743216539863,-0.0515925380562066,0.2219458287598872,0.0,1.0
7000189,common_time_misspecified,Misspecified common time,190,600,10.078333333333331,9.963333333333331,2.552722313054863,2.596772535582998,-0.0217246141509207,0.2066182064394655,0.0,1.0
7000190,common_time_misspecified,Misspecified common time,191,600,10.091666666666669,10.063333333333333,2.475913461331438,2.6110057718799102,-0.0315100737019903,0.2158443937534919,0.0,1.0
7000191,common_time_misspecified,Misspecified common time,192,600,9.918333333333331,9.895,2.5844657076228903,2.58749561466808,-0.07835970476482,0.2183427859122919,0.0,1.0
7000192,common_time_misspecified,Misspecified common time,193,600,10.048333333333334,9.806666666666668,2.550196670975917,2.589813528501535,-0.129436121738505,0.2146816278664859,0.0,1.0
7000193,common_time_misspecified,Misspecified common time,194,600,10.076666666666666,9.888333333333334,2.55179184592522,2.639597762817536,-0.0241173308545366,0.2313909602875706,0.0,1.0
7000194,common_time_misspecified,Misspecified common time,195,600,9.77,10.091666666666669,2.627789081927714,2.598946214256184,-0.0061673075897823,0.2011012290046932,0.0,1.0
7000195,common_time_misspecified,Misspecified common time,196,600,10.1,9.991666666666667,2.6573990321415244,2.6114421185978576,-0.0722671878737676,0.226626829185213,0.0,1.0
7000196,common_time_misspecified,Misspecified common time,197,600,10.165,10.075,2.549891156143788,2.511285047071733,0.0271282794337702,0.2276000645078374,0.0,1.0
7000197,common_time_misspecified,Misspecified common time,198,600,10.1,9.978333333333332,2.6092170004797715,2.594046842404715,-0.0292009318865708,0.2135050678443611,0.0,1.0
7000198,common_time_misspecified,Misspecified common time,199,600,10.105,10.34,2.617644316865076,2.624731483205768,0.0019976431052829,0.2086952987017258,0.0,1.0
7000199,common_time_misspecified,Misspecified common time,200,600,10.116666666666667,9.94,2.57632515566943,2.644754155096746,-0.0225823739183256,0.2176081489443745,0.0,1.0
8000180,level_plus_shape,Persistent level plus shape,181,600,11.943333333333332,12.165,2.5867497648849693,2.5888759719223056,-0.027563787051716,0.265461371626981,0.0,1.0
8000181,level_plus_shape,Persistent level plus shape,182,600,11.838333333333331,11.826666666666666,2.570319329963795,2.534560227758611,0.0173501882835045,0.245237664865443,0.0,1.0
8000182,level_plus_shape,Persistent level plus shape,183,600,11.988333333333332,12.203333333333331,2.611429332917817,2.5935560743388844,-0.0038611133043363,0.2607335322845327,0.0,1.0
8000183,level_plus_shape,Persistent level plus shape,184,600,12.111666666666666,11.973333333333333,2.4959126297437604,2.623756031928405,-0.0385491648101606,0.2526955006056534,0.0,1.0
8000184,level_plus_shape,Persistent level plus shape,185,600,12.021666666666668,11.931666666666668,2.603041220357518,2.5464625151617875,0.0349595611037614,0.2320323517768059,0.0,1.0
8000185,level_plus_shape,Persistent level plus shape,186,600,11.971666666666666,12.13,2.549843143342018,2.648545132495343,0.0777480167145106,0.2528083867524954,0.0,1.0
8000186,level_plus_shape,Persistent level plus shape,187,600,12.001666666666669,11.976666666666668,2.528963552519525,2.5924229303823427,-0.0229943477604291,0.2506357839734093,0.0,1.0
8000187,level_plus_shape,Persistent level plus shape,188,600,12.098333333333333,12.021666666666668,2.497143053158038,2.517623469752371,-0.0016710655766298,0.2717106884179759,0.0,1.0
8000188,level_plus_shape,Persistent level plus shape,189,600,12.065,11.781666666666666,2.590100906240433,2.4895099897108945,0.0433122949621307,0.266111048555382,0.0,1.0
8000189,level_plus_shape,Persistent level plus shape,190,600,12.145,11.76,2.5641632596300745,2.510558671173079,0.0713300461668076,0.256688957303802,0.0,1.0
8000190,level_plus_shape,Persistent level plus shape,191,600,12.083333333333334,12.031666666666666,2.6014742620513758,2.558953750275485,0.0054447112707856,0.2493407946308264,0.0,1.0
8000191,level_plus_shape,Persistent level plus shape,192,600,12.146666666666668,12.173333333333334,2.5909478136731194,2.4933880287657213,0.0231419027947469,0.2269503518068836,0.0,1.0
8000192,level_plus_shape,Persistent level plus shape,193,600,12.071666666666667,11.986666666666666,2.606630281531416,2.520001236628646,0.0440720931205437,0.2546764001731206,0.0,1.0
8000193,level_plus_shape,Persistent level plus shape,194,600,11.956666666666669,11.936666666666667,2.546028146170169,2.5846578721529783,-0.0136143503850416,0.2476665219832112,0.0,1.0
8000194,level_plus_shape,Persistent level plus shape,195,600,12.051666666666666,11.966666666666669,2.591690308140823,2.566424187608144,-0.0312580998383539,0.2550108276192981,0.0,1.0
8000195,level_plus_shape,Persistent level plus shape,196,600,12.053333333333333,12.023333333333332,2.5615277856290777,2.6078324727441213,-0.021705386388319,0.2538555752443599,0.0,1.0
8000196,level_plus_shape,Persistent level plus shape,197,600,12.121666666666666,12.063333333333333,2.54840233866012,2.56650875071592,0.0423378075129463,0.2405769389692085,0.0,1.0
8000197,level_plus_shape,Persistent level plus shape,198,600,12.035,12.025,2.5738718617291347,2.659479218981351,-0.017173900540897,0.248478987688701,0.0,1.0
8000198,level_plus_shape,Persistent level plus shape,199,600,12.001666666666669,11.988333333333332,2.619115021283604,2.6279981950293174,0.0213008977126639,0.2602647540420684,0.0,1.0
8000199,level_plus_shape,Persistent level plus shape,200,600,12.013333333333334,12.051666666666666,2.538482889678572,2.538320114543353,0.0160632981540131,0.2544076730748296,0.0,1.0
9000180,treatment_feedback,Treatment feedback,181,600,9.983333333333333,9.945,2.543719009551726,2.555293370048082,0.0151599968771353,0.2558795661638551,0.2616666666666666,1.0
9000181,treatment_feedback,Treatment feedback,182,600,9.94,10.095,2.5821526912380905,2.6026777657996094,0.0417814988372028,0.2626272242119475,0.24,1.0
9000182,treatment_feedback,Treatment feedback,183,600,10.023333333333332,10.1,2.6276027190141407,2.573785918951754,-0.0265672761557826,0.2732641960054993,0.2783333333333333,1.0
9000183,treatment_feedback,Treatment feedback,184,600,10.153333333333334,10.081666666666669,2.5769925053914355,2.6280236051078187,0.0524384145592679,0.2661407626540267,0.2716666666666666,1.0
9000184,treatment_feedback,Treatment feedback,185,600,10.011666666666668,9.965,2.556512627959636,2.518799101726475,-0.0291790615156489,0.2607377860821396,0.2533333333333333,1.0
9000185,treatment_feedback,Treatment feedback,186,600,9.945,9.953333333333331,2.6634184794472504,2.564263630915696,-0.0088472317591229,0.2669758531394598,0.265,1.0
9000186,treatment_feedback,Treatment feedback,187,600,9.91,9.946666666666667,2.6902222013223143,2.631608727828448,0.0349803348381163,0.2445667541170705,0.305,1.0
9000187,treatment_feedback,Treatment feedback,188,600,9.976666666666668,9.911666666666669,2.5691353245950976,2.529399201937123,-0.0769757513759321,0.242819724287827,0.255,1.0
9000188,treatment_feedback,Treatment feedback,189,600,10.038333333333334,9.946666666666667,2.5385568749260434,2.547804493110505,0.0546090759161085,0.2818968667213644,0.2966666666666667,1.0
9000189,treatment_feedback,Treatment feedback,190,600,9.861666666666666,10.175,2.6478070219708645,2.542009313958892,0.0537284283728173,0.2662749372013647,0.2783333333333333,1.0
9000190,treatment_feedback,Treatment feedback,191,600,9.86,9.978333333333332,2.5028331192279896,2.5420399618222747,-0.0236798238662728,0.2526844206669156,0.2866666666666667,1.0
9000191,treatment_feedback,Treatment feedback,192,600,10.021666666666668,10.163333333333334,2.5681750512855683,2.58349497762002,-0.0238442372226862,0.2652301079199767,0.2616666666666666,1.0
9000192,treatment_feedback,Treatment feedback,193,600,10.065,10.021666666666668,2.5745852381657457,2.612643693145785,0.0598477128698218,0.2355316435705682,0.2716666666666666,1.0
9000193,treatment_feedback,Treatment feedback,194,600,9.865,10.19,2.5594973551823235,2.5926375789968623,0.0005082932734699,0.2585954920056305,0.2383333333333333,1.0
9000194,treatment_feedback,Treatment feedback,195,600,9.981666666666667,10.173333333333334,2.5914970545732814,2.6283332706981155,-0.0508420572163916,0.2637404278013047,0.2533333333333333,1.0
9000195,treatment_feedback,Treatment feedback,196,600,9.978333333333332,10.215,2.5525261091943974,2.58196680606976,-0.0500896608989963,0.2465986537866059,0.28,1.0
9000196,treatment_feedback,Treatment feedback,197,600,10.071666666666667,9.94,2.48733631799567,2.528581197322408,0.0182631248555537,0.2665570312209722,0.2766666666666666,1.0
9000197,treatment_feedback,Treatment feedback,198,600,10.193333333333332,10.166666666666666,2.556726482450882,2.50519771306074,-0.0082631674530598,0.2502672007089822,0.2616666666666666,1.0
9000198,treatment_feedback,Treatment feedback,199,600,9.78,10.026666666666667,2.6608394874481385,2.5416639526701257,0.0004944309894842,0.2453910325110178,0.2383333333333333,1.0
9000199,treatment_feedback,Treatment feedback,200,600,10.065,9.815,2.5778253702295277,2.588811485639752,0.0185382260649804,0.2566684044620644,0.275,1.0
10000180,transient_nonpersistent,Transient non-persistence,181,600,10.03,9.93,2.65219850844798,2.542152151741579,,0.2501744928658148,0.0,1.0
10000181,transient_nonpersistent,Transient non-persistence,182,600,9.976666666666668,9.893333333333333,2.572382321292927,2.6728004026131917,,0.2429806420591177,0.0,1.0
10000182,transient_nonpersistent,Transient non-persistence,183,600,9.958333333333334,9.915,2.523332962099582,2.534788008969855,,0.2640784323836183,0.0,1.0
10000183,transient_nonpersistent,Transient non-persistence,184,600,10.046666666666669,9.993333333333334,2.629831854230373,2.607928496071789,,0.2536663210066378,0.0,1.0
10000184,transient_nonpersistent,Transient non-persistence,185,600,9.895,9.961666666666666,2.5706657121595544,2.6492567809433862,,0.2694028788884946,0.0,1.0
10000185,transient_nonpersistent,Transient non-persistence,186,600,9.923333333333334,10.111666666666666,2.468659424562183,2.583987656556745,,0.2710237218506794,0.0,1.0
10000186,transient_nonpersistent,Transient non-persistence,187,600,10.035,9.808333333333334,2.5148191835351623,2.6063228413759525,,0.2611388904814052,0.0,1.0
10000187,transient_nonpersistent,Transient non-persistence,188,600,10.003333333333334,10.011666666666668,2.4684971174624497,2.58702242560952,,0.2520275545114004,0.0,1.0
10000188,transient_nonpersistent,Transient non-persistence,189,600,10.09,10.006666666666666,2.590962848209394,2.6661713507715543,,0.2507406364368868,0.0,1.0
10000189,transient_nonpersistent,Transient non-persistence,190,600,9.858333333333333,9.798333333333334,2.5669526613278344,2.5347660550456936,,0.2578823540926639,0.0,1.0
10000190,transient_nonpersistent,Transient non-persistence,191,600,9.931666666666668,9.77,2.632847070197451,2.598400689572842,,0.2464249074008091,0.0,1.0
10000191,transient_nonpersistent,Transient non-persistence,192,600,10.086666666666666,9.818333333333332,2.50058201349858,2.4924588543825967,,0.254048412430605,0.0,1.0
10000192,transient_nonpersistent,Transient non-persistence,193,600,9.985,9.87,2.6107729172365084,2.613008423580536,,0.2650604960665271,0.0,1.0
10000193,transient_nonpersistent,Transient non-persistence,194,600,10.076666666666666,10.038333333333334,2.6544048920817263,2.5848274172273684,,0.2719782242152079,0.0,1.0
10000194,transient_nonpersistent,Transient non-persistence,195,600,9.991666666666667,10.125,2.5740967047291985,2.596911289797644,,0.2591041597159647,0.0,1.0
10000195,transient_nonpersistent,Transient non-persistence,196,600,10.015,10.0,2.6626912841693304,2.602169378767068,,0.2700030129214074,0.0,1.0
10000196,transient_nonpersistent,Transient non-persistence,197,600,10.066666666666666,10.038333333333334,2.5677248503426795,2.63218753909313,,0.2696921584664921,0.0,1.0
10000197,transient_nonpersistent,Transient non-persistence,198,600,9.875,10.051666666666666,2.558048935666029,2.525131885788,,0.2619300963818969,0.0,1.0
10000198,transient_nonpersistent,Transient non-persistence,199,600,10.073333333333334,10.006666666666666,2.6049821705859477,2.6149605963423093,,0.2657273415148329,0.0,1.0
10000199,transient_nonpersistent,Transient non-persistence,200,600,9.988333333333332,10.13,2.665841031062001,2.600199042079417,,0.2498125035547486,0.0,1.0
11000000,null_serial,Pure null with serial dependence,1,600,9.965,9.965,2.588746997750831,2.5582577674414395,,0.5200372818508224,0.0,1.0
11000001,null_serial,Pure null with serial dependence,2,600,9.976666666666668,9.971666666666666,2.5587172460951333,2.64307402268101,,0.4998881756593071,0.0,1.0
11000002,null_serial,Pure null with serial dependence,3,600,10.055,9.976666666666668,2.6451786234423804,2.541696794114299,,0.5039269673367712,0.0,1.0
11000003,null_serial,Pure null with serial dependence,4,600,10.061666666666667,10.025,2.5991902981310777,2.579819266100419,,0.5035709221726318,0.0,1.0
11000004,null_serial,Pure null with serial dependence,5,600,10.07,10.255,2.563080627650978,2.561427307137484,,0.5050989186668744,0.0,1.0
11000005,null_serial,Pure null with serial dependence,6,600,9.853333333333332,10.083333333333334,2.6394633609147853,2.5600739937831807,,0.514949323576411,0.0,1.0
11000006,null_serial,Pure null with serial dependence,7,600,10.051666666666666,10.016666666666667,2.632593423941848,2.556811366297274,,0.5291580401500587,0.0,1.0
11000007,null_serial,Pure null with serial dependence,8,600,9.97,9.93,2.38787281087894,2.5124265452430783,,0.5194430281364575,0.0,1.0
11000008,null_serial,Pure null with serial dependence,9,600,10.06,9.966666666666669,2.5860289847273075,2.5884465704941118,,0.4952393113633456,0.0,1.0
11000009,null_serial,Pure null with serial dependence,10,600,9.918333333333331,10.131666666666666,2.5381885714545835,2.5557550146771306,,0.4980734235301357,0.0,1.0
11000010,null_serial,Pure null with serial dependence,11,600,10.026666666666667,10.091666666666669,2.654121856082305,2.5246558248492934,,0.502072905502059,0.0,1.0
11000011,null_serial,Pure null with serial dependence,12,600,10.06,10.086666666666666,2.5430648106274747,2.577510716054254,,0.5068385100673516,0.0,1.0
11000012,null_serial,Pure null with serial dependence,13,600,10.043333333333331,9.953333333333331,2.5571508735059045,2.6017501921449138,,0.5045196986434983,0.0,1.0
11000013,null_serial,Pure null with serial dependence,14,600,9.918333333333331,10.196666666666667,2.571514151352577,2.538778817731961,,0.5105590263459838,0.0,1.0
11000014,null_serial,Pure null with serial dependence,15,600,9.981666666666667,10.025,2.5590842259843054,2.5726911135896664,,0.491056393769152,0.0,1.0
11000015,null_serial,Pure null with serial dependence,16,600,9.965,10.013333333333334,2.548450378606648,2.56920680266894,,0.5180921156389774,0.0,1.0
11000016,null_serial,Pure null with serial dependence,17,600,10.09,10.093333333333334,2.5342857653720925,2.54861687368599,,0.5157872954025806,0.0,1.0
11000017,null_serial,Pure null with serial dependence,18,600,9.991666666666667,9.933333333333334,2.6299159654885256,2.5501099303069217,,0.4958478229602298,0.0,1.0
11000018,null_serial,Pure null with serial dependence,19,600,9.921666666666669,10.008333333333333,2.489147842909696,2.5831605485505933,,0.5053945585988247,0.0,1.0
11000019,null_serial,Pure null with serial dependence,20,600,9.903333333333334,10.063333333333333,2.5674192538287235,2.6135620775953705,,0.5101871121127455,0.0,1.0
11000020,null_serial,Pure null with serial dependence,21,600,10.138333333333334,10.086666666666666,2.5599712844452367,2.5363775166696567,,0.51116479737648,0.0,1.0
11000021,null_serial,Pure null with serial dependence,22,600,10.091666666666669,9.898333333333332,2.552931580552155,2.6456876852282667,,0.5054288959568797,0.0,1.0
11000022,null_serial,Pure null with serial dependence,23,600,9.963333333333331,10.055,2.6147115998019976,2.578058502582495,,0.5067452332944107,0.0,1.0
11000023,null_serial,Pure null with serial dependence,24,600,9.923333333333334,10.031666666666666,2.543272684712271,2.5726175692249127,,0.4923534793756819,0.0,1.0
11000024,null_serial,Pure null with serial dependence,25,600,10.005,10.058333333333334,2.633096465189161,2.55195049084717,,0.5112889185967598,0.0,1.0
11000025,null_serial,Pure null with serial dependence,26,600,10.08,10.088333333333331,2.5699431276714617,2.5563167150155715,,0.5083235284917682,0.0,1.0
11000026,null_serial,Pure null with serial dependence,27,600,9.903333333333334,10.156666666666666,2.555034747282691,2.5690053593656903,,0.4954122472629959,0.0,1.0
11000027,null_serial,Pure null with serial dependence,28,600,9.896666666666668,10.065,2.5645565840921845,2.653773261013102,,0.5005021292351242,0.0,1.0
11000028,null_serial,Pure null with serial dependence,29,600,9.92,10.051666666666666,2.544482393549844,2.5696957243511283,,0.5037810022462573,0.0,1.0
11000029,null_serial,Pure null with serial dependence,30,600,10.031666666666666,9.848333333333333,2.6398760320635,2.595488037436572,,0.525056845557926,0.0,1.0
11000030,null_serial,Pure null with serial dependence,31,600,10.056666666666668,9.91,2.616907059836464,2.5709108576007744,,0.5112417961374531,0.0,1.0
11000031,null_serial,Pure null with serial dependence,32,600,10.116666666666667,10.148333333333332,2.62129246349726,2.5226183277700884,,0.519560435655603,0.0,1.0
11000032,null_serial,Pure null with serial dependence,33,600,10.056666666666668,9.933333333333334,2.6397732655877366,2.65844587048512,,0.5076996714202128,0.0,1.0
11000033,null_serial,Pure null with serial dependence,34,600,9.921666666666669,10.098333333333333,2.6051568011964763,2.638231288086386,,0.4934297748420111,0.0,1.0
11000034,null_serial,Pure null with serial dependence,35,600,10.126666666666669,10.055,2.5680629147496385,2.594840456558293,,0.509253402766829,0.0,1.0
11000035,null_serial,Pure null with serial dependence,36,600,9.945,9.906666666666666,2.53627604181152,2.6062635909281866,,0.4949511009606339,0.0,1.0
11000036,null_serial,Pure null with serial dependence,37,600,9.993333333333334,10.055,2.6523600645605567,2.493793631757914,,0.5085456535480085,0.0,1.0
11000037,null_serial,Pure null with serial dependence,38,600,10.18,10.185,2.6157861588276905,2.6694540593458926,,0.4968625447520134,0.0,1.0
11000038,null_serial,Pure null with serial dependence,39,600,10.01,9.87,2.598297888977791,2.6592390993752475,,0.5093644734522212,0.0,1.0
11000039,null_serial,Pure null with serial dependence,40,600,10.208333333333334,10.215,2.613997997597032,2.556625815262265,,0.5019434000403912,0.0,1.0
11000040,null_serial,Pure null with serial dependence,41,600,10.015,9.945,2.4849681643762103,2.640124763076109,,0.4853095605357519,0.0,1.0
11000041,null_serial,Pure null with serial dependence,42,600,9.906666666666666,9.911666666666669,2.551235693049816,2.5201420095839184,,0.5058569971929833,0.0,1.0
11000042,null_serial,Pure null with serial dependence,43,600,10.008333333333333,10.018333333333333,2.583806749304562,2.583755059191703,,0.4985710198511994,0.0,1.0
11000043,null_serial,Pure null with serial dependence,44,600,10.053333333333333,10.02,2.6354122799601005,2.558092987537425,,0.508471801937774,0.0,1.0
11000044,null_serial,Pure null with serial dependence,45,600,9.883333333333333,9.85,2.549618889761226,2.538024681152036,,0.4945212694401251,0.0,1.0
11000045,null_serial,Pure null with serial dependence,46,600,10.165,10.028333333333334,2.539394128047595,2.5978411267348798,,0.5167426788156241,0.0,1.0
11000046,null_serial,Pure null with serial dependence,47,600,10.046666666666669,10.0,2.5811352775650303,2.720723659013264,,0.4900433782018815,0.0,1.0
11000047,null_serial,Pure null with serial dependence,48,600,9.923333333333334,9.911666666666669,2.616396652132669,2.600988104693448,,0.4866605424597414,0.0,1.0
11000048,null_serial,Pure null with serial dependence,49,600,9.915,9.968333333333334,2.641856798839778,2.6214723759595016,,0.5103375357285855,0.0,1.0
11000049,null_serial,Pure null with serial dependence,50,600,10.176666666666666,9.965,2.523767929735384,2.630330663433465,,0.4904128901193441,0.0,1.0
11000050,null_serial,Pure null with serial dependence,51,600,10.051666666666666,10.035,2.515195333998767,2.553031848482429,,0.495936299248599,0.0,1.0
11000051,null_serial,Pure null with serial dependence,52,600,10.018333333333333,9.913333333333334,2.601142144581123,2.629450939383848,,0.4947301439252635,0.0,1.0
11000052,null_serial,Pure null with serial dependence,53,600,10.083333333333334,9.916666666666666,2.517330028623695,2.5430626223888404,,0.505338823320992,0.0,1.0
11000053,null_serial,Pure null with serial dependence,54,600,9.87,9.928333333333333,2.5607347130170965,2.613665874666504,,0.506746939049481,0.0,1.0
11000054,null_serial,Pure null with serial dependence,55,600,9.928333333333333,9.988333333333332,2.659257409912746,2.645725545414399,,0.5102172481460311,0.0,1.0
11000055,null_serial,Pure null with serial dependence,56,600,9.896666666666668,10.048333333333334,2.6020389248625246,2.580134177941629,,0.4979420451145243,0.0,1.0
11000056,null_serial,Pure null with serial dependence,57,600,9.91,10.046666666666669,2.582572904038617,2.5655653889862484,,0.4937281894636918,0.0,1.0
11000057,null_serial,Pure null with serial dependence,58,600,9.948333333333334,9.988333333333332,2.565794755386104,2.638142695855372,,0.5064320500198704,0.0,1.0
11000058,null_serial,Pure null with serial dependence,59,600,10.033333333333331,10.088333333333331,2.673474892761466,2.6341529616300434,,0.5085431553027306,0.0,1.0
11000059,null_serial,Pure null with serial dependence,60,600,9.94,9.976666666666668,2.6206576294290094,2.635849336570166,,0.5162258603685312,0.0,1.0
11000060,null_serial,Pure null with serial dependence,61,600,10.073333333333334,10.205,2.5785727223335835,2.647891087643152,,0.5058570717029154,0.0,1.0
11000061,null_serial,Pure null with serial dependence,62,600,9.99,9.931666666666668,2.5522715667127622,2.597095569648018,,0.4967775259881796,0.0,1.0
11000062,null_serial,Pure null with serial dependence,63,600,10.038333333333334,9.953333333333331,2.643579279670284,2.5707658295677205,,0.496192455418984,0.0,1.0
11000063,null_serial,Pure null with serial dependence,64,600,10.045,10.053333333333333,2.565269839396015,2.5932663971459817,,0.4904908945568484,0.0,1.0
11000064,null_serial,Pure null with serial dependence,65,600,10.095,9.986666666666666,2.5665060404031217,2.5931376413398843,,0.4999924715899509,0.0,1.0
11000065,null_serial,Pure null with serial dependence,66,600,9.881666666666666,9.921666666666669,2.489577048152296,2.548140286644934,,0.499920444440376,0.0,1.0
11000066,null_serial,Pure null with serial dependence,67,600,10.016666666666667,10.005,2.62192926627534,2.6311937025807954,,0.5223349060230801,0.0,1.0
11000067,null_serial,Pure null with serial dependence,68,600,9.965,10.045,2.592613431914904,2.6187282975700548,,0.5081329869381647,0.0,1.0
11000068,null_serial,Pure null with serial dependence,69,600,9.8,10.185,2.5925281104240505,2.57134102323339,,0.4949975985240862,0.0,1.0
11000069,null_serial,Pure null with serial dependence,70,600,10.078333333333331,10.005,2.62558311619641,2.589623895446296,,0.5107193160211377,0.0,1.0
11000070,null_serial,Pure null with serial dependence,71,600,10.118333333333334,10.055,2.6055668967894423,2.592909620580871,,0.5059824956431961,0.0,1.0
11000071,null_serial,Pure null with serial dependence,72,600,9.901666666666667,10.056666666666668,2.505819048547266,2.551660997330507,,0.482577167773022,0.0,1.0
11000072,null_serial,Pure null with serial dependence,73,600,9.79,10.218333333333334,2.621199052747337,2.5765082081115773,,0.507292470560051,0.0,1.0
11000073,null_serial,Pure null with serial dependence,74,600,10.051666666666666,10.101666666666668,2.5897571235195502,2.5407524332568734,,0.504047759219219,0.0,1.0
11000074,null_serial,Pure null with serial dependence,75,600,9.876666666666669,9.95,2.60180794125178,2.618318669380036,,0.4872904750342251,0.0,1.0
11000075,null_serial,Pure null with serial dependence,76,600,9.885,10.015,2.614670630150884,2.5844226435836264,,0.5041133315940758,0.0,1.0
11000076,null_serial,Pure null with serial dependence,77,600,10.113333333333332,9.8,2.587466042887142,2.5450859390982576,,0.5017242380722455,0.0,1.0
11000077,null_serial,Pure null with serial dependence,78,600,10.111666666666666,9.976666666666668,2.5885062287703424,2.6276027190141407,,0.4976944683132281,0.0,1.0
11000078,null_serial,Pure null with serial dependence,79,600,9.815,10.188333333333333,2.474735445633828,2.552853107250962,,0.4983467965934002,0.0,1.0
11000079,null_serial,Pure null with serial dependence,80,600,9.978333333333332,10.08,2.6100864879693204,2.5260446358891158,,0.5005411177643623,0.0,1.0
11000080,null_serial,Pure null with serial dependence,81,600,9.976666666666668,10.138333333333334,2.5859751871075862,2.631362892750535,,0.4884665621546875,0.0,1.0
11000081,null_serial,Pure null with serial dependence,82,600,9.971666666666666,9.913333333333334,2.583018362689706,2.5884981669214717,,0.4906902820985818,0.0,1.0
11000082,null_serial,Pure null with serial dependence,83,600,9.903333333333334,10.096666666666666,2.522153375915434,2.5425899187075784,,0.5277760600346357,0.0,1.0
11000083,null_serial,Pure null with serial dependence,84,600,9.955,9.981666666666667,2.606587583678255,2.5966455609441272,,0.5152593215950549,0.0,1.0
11000084,null_serial,Pure null with serial dependence,85,600,9.993333333333334,9.866666666666667,2.623246956836089,2.556648125629734,,0.5087798961759857,0.0,1.0
11000085,null_serial,Pure null with serial dependence,86,600,9.866666666666667,10.14,2.6090037158919723,2.6144072384923382,,0.4986204472574468,0.0,1.0
11000086,null_serial,Pure null with serial dependence,87,600,10.093333333333334,9.941666666666666,2.5636385522533964,2.622287399879764,,0.4943696265486162,0.0,1.0
11000087,null_serial,Pure null with serial dependence,88,600,9.848333333333333,10.136666666666668,2.61215801679954,2.561690715346157,,0.5017137662850538,0.0,1.0
11000088,null_serial,Pure null with serial dependence,89,600,10.04,10.161666666666669,2.673383305319672,2.591020300812196,,0.512087381299703,0.0,1.0
11000089,null_serial,Pure null with serial dependence,90,600,9.693333333333332,9.965,2.625028287734801,2.57776060750075,,0.490142655711335,0.0,1.0
11000090,null_serial,Pure null with serial dependence,91,600,9.993333333333334,9.69,2.626427057309576,2.7091448422507467,,0.4990394005509687,0.0,1.0
11000091,null_serial,Pure null with serial dependence,92,600,9.973333333333333,9.975,2.5032777622176843,2.5700941565026008,,0.4998608939230586,0.0,1.0
11000092,null_serial,Pure null with serial dependence,93,600,10.068333333333332,9.648333333333332,2.63411493511094,2.546659186183573,,0.499073296168292,0.0,1.0
11000093,null_serial,Pure null with serial dependence,94,600,9.936666666666667,10.07,2.5691093320751874,2.594800245463305,,0.4748944054674385,0.0,1.0
11000094,null_serial,Pure null with serial dependence,95,600,9.908333333333331,10.21,2.6295985504349595,2.6616487290013167,,0.5012429005813275,0.0,1.0
11000095,null_serial,Pure null with serial dependence,96,600,9.946666666666667,9.871666666666666,2.537298832320778,2.596105447533557,,0.5071595245930184,0.0,1.0
11000096,null_serial,Pure null with serial dependence,97,600,10.018333333333333,9.871666666666666,2.5818159329061205,2.610853912511451,,0.4894286403624063,0.0,1.0
11000097,null_serial,Pure null with serial dependence,98,600,9.946666666666667,10.008333333333333,2.533347977581198,2.613359262190655,,0.4998877214898938,0.0,1.0
11000098,null_serial,Pure null with serial dependence,99,600,9.97,10.143333333333333,2.572962019915285,2.495295517921372,,0.507746528047755,0.0,1.0
11000099,null_serial,Pure null with serial dependence,100,600,9.97,10.03,2.623083607643457,2.635148321783108,,0.4998826308628539,0.0,1.0
12000000,weak_level,Weak persistent level,1,600,12.058333333333334,12.158333333333331,2.57020241543659,2.5828373875461845,0.0589566782430658,0.0124229301869725,0.0,1.0
12000001,weak_level,Weak persistent level,2,600,12.186666666666667,12.056666666666668,2.559832701823389,2.5207232358210683,0.0033522111973811,0.0047655782294339,0.0,1.0
12000002,weak_level,Weak persistent level,3,600,11.853333333333332,11.958333333333334,2.56244005861188,2.5365305440483805,0.0061539140131697,0.0105185653216353,0.0,1.0
12000003,weak_level,Weak persistent level,4,600,12.001666666666669,12.166666666666666,2.5909172073832747,2.616671008648468,0.034950907243542,-0.0021696882839868,0.0,1.0
12000004,weak_level,Weak persistent level,5,600,11.926666666666666,12.021666666666668,2.595994517478839,2.5551409219010823,0.0291700353901265,0.0153119397536098,0.0,1.0
12000005,weak_level,Weak persistent level,6,600,11.923333333333334,11.98,2.5022438455634157,2.519294492756929,-0.0091769923363328,0.0211291465849737,0.0,1.0
12000006,weak_level,Weak persistent level,7,600,12.156666666666666,11.865,2.6192026636384798,2.6117958309250358,0.021589951641053,0.0200859307322671,0.0,1.0
12000007,weak_level,Weak persistent level,8,600,12.003333333333334,11.948333333333334,2.6175194177042864,2.604541536736013,0.0574788745377876,0.0137183114575154,0.0,1.0
12000008,weak_level,Weak persistent level,9,600,11.77,12.061666666666667,2.5569506567593043,2.6563680167897035,-0.0314997495086095,0.0115789517922123,0.0,1.0
12000009,weak_level,Weak persistent level,10,600,12.003333333333334,12.013333333333334,2.582848698864156,2.6504459363771824,0.0087420032422365,0.0174701824480894,0.0,1.0
12000010,weak_level,Weak persistent level,11,600,12.015,11.86,2.601805267710315,2.5796946927585074,-0.0222143396392257,0.0149359471286253,0.0,1.0
12000011,weak_level,Weak persistent level,12,600,11.918333333333331,12.138333333333334,2.660851512864145,2.6020148650264447,-0.0159263174898205,0.002789202764505,0.0,1.0
12000012,weak_level,Weak persistent level,13,600,11.911666666666669,12.021666666666668,2.5161642155249,2.588248237151417,-0.0606045856392374,0.0177608609539385,0.0,1.0
12000013,weak_level,Weak persistent level,14,600,12.045,11.918333333333331,2.5918148416935005,2.503086019614896,-0.0194456903904707,0.0158281812375511,0.0,1.0
12000014,weak_level,Weak persistent level,15,600,12.058333333333334,11.856666666666667,2.617189336341436,2.6288731131984515,-0.0126557185427648,0.0159313136815992,0.0,1.0
12000015,weak_level,Weak persistent level,16,600,11.868333333333334,11.92,2.642467586770765,2.585486653493365,0.0218167333229352,-0.004758602647017,0.0,1.0
12000016,weak_level,Weak persistent level,17,600,11.971666666666666,11.898333333333332,2.553114675541687,2.6024254557322664,0.0040526958646315,0.0279827780935809,0.0,1.0
12000017,weak_level,Weak persistent level,18,600,12.023333333333332,11.878333333333334,2.607192226847709,2.65114657947563,0.0423599393483795,0.0115003947425012,0.0,1.0
12000018,weak_level,Weak persistent level,19,600,11.991666666666667,12.018333333333333,2.5558725900789248,2.538122797353646,0.0225567194133937,0.0150470041256999,0.0,1.0
12000019,weak_level,Weak persistent level,20,600,11.901666666666667,12.173333333333334,2.563125678599481,2.6238832852688803,-0.0092702270189758,0.0060599589306524,0.0,1.0
12000020,weak_level,Weak persistent level,21,600,11.925,12.095,2.5370789534475886,2.6735534681228126,-0.0094918733171096,0.0117988392268764,0.0,1.0
12000021,weak_level,Weak persistent level,22,600,11.828333333333331,12.011666666666668,2.6025922397036827,2.635610231244488,0.0689770706875016,0.0036485998764958,0.0,1.0
12000022,weak_level,Weak persistent level,23,600,11.913333333333334,12.038333333333334,2.5801002081370674,2.545124749176421,-0.0098588947093951,0.0193819793165768,0.0,1.0
12000023,weak_level,Weak persistent level,24,600,11.868333333333334,11.82,2.5862737497675656,2.593995892662885,0.0280930047235233,0.0072041734218126,0.0,1.0
12000024,weak_level,Weak persistent level,25,600,12.006666666666666,11.981666666666667,2.5067432707128847,2.5538599981934884,-0.0339249111292577,0.0018221439429372,0.0,1.0
12000025,weak_level,Weak persistent level,26,600,12.138333333333334,11.998333333333331,2.534410374979467,2.5598017235054864,0.0599717865109771,0.0066744967954889,0.0,1.0
12000026,weak_level,Weak persistent level,27,600,11.91,12.06,2.596112413997164,2.562683276559929,0.0585771443342074,0.0145916677962415,0.0,1.0
12000027,weak_level,Weak persistent level,28,600,11.885,12.07,2.5217137162608214,2.581900530730087,-0.0632359547193345,0.012747150294659,0.0,1.0
12000028,weak_level,Weak persistent level,29,600,11.851666666666668,11.915,2.671121244607692,2.624103312942345,-0.0467555827334798,0.0113801964097928,0.0,1.0
12000029,weak_level,Weak persistent level,30,600,12.035,12.091666666666669,2.642362288579453,2.547694736359063,-0.0399464396702104,-0.0019505056790637,0.0,1.0
12000030,weak_level,Weak persistent level,31,600,12.07,12.05,2.582547046763701,2.5997624136985027,-0.0266390148048787,0.0277727252134415,0.0,1.0
12000031,weak_level,Weak persistent level,32,600,11.993333333333334,12.031666666666666,2.5633780578241763,2.605502823607874,-0.0469794984884926,0.0242098822790133,0.0,1.0
12000032,weak_level,Weak persistent level,33,600,12.031666666666666,11.84,2.506884788163209,2.5622923793083743,-0.0539378603598731,0.0126305254752555,0.0,1.0
12000033,weak_level,Weak persistent level,34,600,11.756666666666666,12.018333333333333,2.534066174059604,2.5733961675733146,0.0195714857537156,0.014182890886898,0.0,1.0
12000034,weak_level,Weak persistent level,35,600,12.09,12.005,2.608301886519024,2.58316916562396,0.0283071677089003,0.0110243741099034,0.0,1.0
12000035,weak_level,Weak persistent level,36,600,11.715,11.998333333333331,2.532020315505035,2.5838196716712023,-0.0207297327033868,0.0256850927685991,0.0,1.0
12000036,weak_level,Weak persistent level,37,600,11.94,12.105,2.558771616807232,2.5589494009706173,0.0163887097164647,0.0149552382256389,0.0,1.0
12000037,weak_level,Weak persistent level,38,600,11.94,11.993333333333334,2.6359021162803105,2.630872740083237,0.0141934211692338,0.0212387503803659,0.0,1.0
12000038,weak_level,Weak persistent level,39,600,12.08,11.996666666666666,2.5653918594087206,2.4385582830274446,-0.0032535395286313,0.0089603213225913,0.0,1.0
12000039,weak_level,Weak persistent level,40,600,12.073333333333334,12.008333333333333,2.5525440951761413,2.624196620312393,0.0059447162470119,0.0057130307877601,0.0,1.0
12000040,weak_level,Weak persistent level,41,600,12.193333333333332,11.886666666666668,2.627570951289865,2.609950566355665,0.0095019602650153,0.0038524859162556,0.0,1.0
12000041,weak_level,Weak persistent level,42,600,12.051666666666666,12.033333333333331,2.6032592687352487,2.6534172798469786,-0.0079920640015765,0.0257222035792936,0.0,1.0
12000042,weak_level,Weak persistent level,43,600,12.02,11.92,2.5885841586816585,2.584840872709327,0.0306100242040137,0.017729075939428,0.0,1.0
12000043,weak_level,Weak persistent level,44,600,12.016666666666667,12.118333333333334,2.556811366297274,2.6481474714612414,0.01192570166148,0.0118381670119621,0.0,1.0
12000044,weak_level,Weak persistent level,45,600,12.171666666666669,11.86,2.667844237772747,2.566068558400317,-0.0274913297297801,0.027877771862827,0.0,1.0
12000045,weak_level,Weak persistent level,46,600,11.955,12.006666666666666,2.669241418377633,2.511400826711971,0.0731508694699727,0.0185219353183719,0.0,1.0
12000046,weak_level,Weak persistent level,47,600,12.06,12.081666666666669,2.607245586677394,2.5545789630294875,-0.0186192300571961,0.036192035442329,0.0,1.0
12000047,weak_level,Weak persistent level,48,600,11.978333333333332,12.22,2.615198397825463,2.542775946846235,-0.0159719278075387,0.0138400135750851,0.0,1.0
12000048,weak_level,Weak persistent level,49,600,12.146666666666668,11.94,2.500448485092202,2.57373402758351,-0.0434603443536659,0.0067925667822063,0.0,1.0
12000049,weak_level,Weak persistent level,50,600,12.028333333333334,11.963333333333331,2.545911755475171,2.6108778908936903,0.0136544960434776,0.0270260589564761,0.0,1.0
12000050,weak_level,Weak persistent level,51,600,11.878333333333334,12.156666666666666,2.5627739344873364,2.642680802757747,-0.0722654026459562,0.032204223374123,0.0,1.0
12000051,weak_level,Weak persistent level,52,600,11.981666666666667,12.038333333333334,2.564297810510811,2.55232989025126,-0.0212655462925722,0.0152444133770756,0.0,1.0
12000052,weak_level,Weak persistent level,53,600,12.095,11.998333333333331,2.5697563593157504,2.476264060040306,-0.0575184867254042,0.0184643159659407,0.0,1.0
12000053,weak_level,Weak persistent level,54,600,12.005,11.995,2.4903771395437158,2.5941326502343105,0.0132504136091504,0.0254001079376814,0.0,1.0
12000054,weak_level,Weak persistent level,55,600,12.0,11.946666666666667,2.55947615675454,2.634145039483833,-0.0562229175532336,0.0173642580935264,0.0,1.0
12000055,weak_level,Weak persistent level,56,600,12.026666666666667,12.003333333333334,2.6421437814443904,2.621980203816236,-0.0637697860089452,0.0131901939955871,0.0,1.0
12000056,weak_level,Weak persistent level,57,600,12.008333333333333,11.765,2.561092712500974,2.504041807883016,-0.0311082202271952,0.023689605796886,0.0,1.0
12000057,weak_level,Weak persistent level,58,600,12.033333333333331,11.87,2.612840174698743,2.589905922579625,0.0551115024602995,0.0273266541250997,0.0,1.0
12000058,weak_level,Weak persistent level,59,600,11.9,11.995,2.564688944551335,2.6197481049818374,-0.0072377788269103,0.0182652190219592,0.0,1.0
12000059,weak_level,Weak persistent level,60,600,12.093333333333334,12.143333333333333,2.612661265268413,2.5410398845841247,0.0353628603452061,-0.0103143153427258,0.0,1.0
12000060,weak_level,Weak persistent level,61,600,12.058333333333334,12.075,2.5740967047291985,2.633299345384798,0.0071584380959976,0.0023516747055241,0.0,1.0
12000061,weak_level,Weak persistent level,62,600,12.19,12.093333333333334,2.550439420059281,2.5427146684920228,-0.0407993516657884,0.0212598603635289,0.0,1.0
12000062,weak_level,Weak persistent level,63,600,12.078333333333331,12.101666666666668,2.5677199740881225,2.6158622123649824,-0.0123043008645359,0.0107684380479898,0.0,1.0
12000063,weak_level,Weak persistent level,64,600,11.881666666666666,11.94,2.5940082279553502,2.543721197225702,-0.0122349307534687,0.0219051189005125,0.0,1.0
12000064,weak_level,Weak persistent level,65,600,11.825,12.023333333333332,2.4153878565348106,2.5762733154465627,-0.0191021129485671,0.0045443627127802,0.0,1.0
12000065,weak_level,Weak persistent level,66,600,11.766666666666667,11.97,2.503197732308406,2.6262639059138446,-0.0473180957026936,0.0067043114238545,0.0,1.0
12000066,weak_level,Weak persistent level,67,600,12.108333333333333,11.956666666666669,2.568578052329161,2.546028146170169,-0.0162320214925765,0.0013542020843356,0.0,1.0
12000067,weak_level,Weak persistent level,68,600,11.978333333333332,12.113333333333332,2.5374386456338502,2.625257228301029,-0.0024624909095961,0.0012210279303164,0.0,1.0
12000068,weak_level,Weak persistent level,69,600,11.926666666666666,12.108333333333333,2.558423624283328,2.576365655117755,-0.0178106684086389,0.0043312117694675,0.0,1.0
12000069,weak_level,Weak persistent level,70,600,11.88,11.88,2.5781151635113613,2.540936953370089,0.0509937627713507,0.0158944565020415,0.0,1.0
12000070,weak_level,Weak persistent level,71,600,11.93,11.963333333333331,2.6012261138725497,2.6382297061083486,-0.0111808339740539,0.0007995896699192,0.0,1.0
12000071,weak_level,Weak persistent level,72,600,12.123333333333331,12.081666666666669,2.5915212120573368,2.556538748551179,0.0113615270426515,0.0103472277793046,0.0,1.0
12000072,weak_level,Weak persistent level,73,600,12.148333333333332,12.02,2.604669728817056,2.5633085881721294,-0.1108931397880143,0.0132515434126533,0.0,1.0
12000073,weak_level,Weak persistent level,74,600,11.88,11.948333333333334,2.557309729988102,2.574239383370108,-0.0164153298584807,0.0113100004643897,0.0,1.0
12000074,weak_level,Weak persistent level,75,600,12.078333333333331,11.835,2.539608876243751,2.6062288940946887,-0.0362936344397439,-0.0004315645652876,0.0,1.0
12000075,weak_level,Weak persistent level,76,600,12.103333333333332,12.173333333333334,2.589819974706969,2.514058413216367,-0.0053171633631086,0.0153966310403341,0.0,1.0
12000076,weak_level,Weak persistent level,77,600,11.958333333333334,12.07,2.552931580552155,2.614669033917718,0.0360515310952756,0.0270796232667804,0.0,1.0
12000077,weak_level,Weak persistent level,78,600,12.048333333333334,12.103333333333332,2.524536795587661,2.5469197518950635,0.0194551742005144,0.0253001580444722,0.0,1.0
12000078,weak_level,Weak persistent level,79,600,11.836666666666666,11.981666666666667,2.5944570854360203,2.62668924367926,-0.0390853119199356,0.0157451136596106,0.0,1.0
12000079,weak_level,Weak persistent level,80,600,11.966666666666669,12.173333333333334,2.4884820930508247,2.586717495441716,-0.0028348182549854,0.020597195663219,0.0,1.0
12000080,weak_level,Weak persistent level,81,600,12.131666666666666,12.058333333333334,2.5700854955908827,2.5779851113377976,0.0082634332273036,0.0205336259861608,0.0,1.0
12000081,weak_level,Weak persistent level,82,600,12.128333333333334,12.0,2.670283614123285,2.624527940700803,-0.0684861712221249,0.0207144856719018,0.0,1.0
12000082,weak_level,Weak persistent level,83,600,11.916666666666666,12.001666666666669,2.5265975238056924,2.5117414870401014,0.0007288212955683,0.0174685962237503,0.0,1.0
12000083,weak_level,Weak persistent level,84,600,11.87,12.081666666666669,2.596343904310267,2.5786455573432794,-0.038491335759379,0.0184746147399748,0.0,1.0
12000084,weak_level,Weak persistent level,85,600,12.115,12.166666666666666,2.710600288350413,2.58328172350479,0.064253222714346,0.0205674118428142,0.0,1.0
12000085,weak_level,Weak persistent level,86,600,12.061666666666667,12.105,2.5149696504716603,2.595869648509613,0.0329352757067758,0.0289762164038685,0.0,1.0
12000086,weak_level,Weak persistent level,87,600,11.893333333333333,11.996666666666666,2.5210874688511344,2.6473262201225727,0.0130538741269994,0.0193120909023634,0.0,1.0
12000087,weak_level,Weak persistent level,88,600,12.263333333333334,11.933333333333334,2.5602565779879902,2.503864570059162,-0.0626819362183315,0.0132907878081156,0.0,1.0
12000088,weak_level,Weak persistent level,89,600,12.0,11.925,2.59188408405455,2.5645668910945107,0.0001504327558797,0.0386805258922355,0.0,1.0
12000089,weak_level,Weak persistent level,90,600,11.945,12.27,2.5851718555132,2.618242155845102,0.0283656713051823,0.0200935508092215,0.0,1.0
12000090,weak_level,Weak persistent level,91,600,11.941666666666666,11.966666666666669,2.613997997597032,2.540928193074233,-0.1188440115979106,0.0156411367910165,0.0,1.0
12000091,weak_level,Weak persistent level,92,600,12.118333333333334,11.738333333333332,2.612605353558901,2.542433972869218,-0.0003405950037308,0.0014818829127365,0.0,1.0
12000092,weak_level,Weak persistent level,93,600,12.095,11.768333333333333,2.5891725881354297,2.5766377948984323,0.0245313326042626,0.017513700894755,0.0,1.0
12000093,weak_level,Weak persistent level,94,600,12.221666666666666,12.013333333333334,2.4798077141963786,2.5731025987826435,0.0029561854535758,0.0090843349657545,0.0,1.0
12000094,weak_level,Weak persistent level,95,600,12.005,12.025,2.542127525110258,2.6087770819112115,0.0386249537317542,0.0145299000203897,0.0,1.0
12000095,weak_level,Weak persistent level,96,600,12.036666666666669,12.081666666666669,2.6063981035160846,2.6280236051078183,0.0325734683099808,0.0132233022936382,0.0,1.0
12000096,weak_level,Weak persistent level,97,600,11.758333333333333,12.095,2.5575050228935554,2.607163945695185,-0.0596253774678082,0.027419653510043,0.0,1.0
12000097,weak_level,Weak persistent level,98,600,12.076666666666666,11.845,2.5609346339219443,2.604280860044988,-0.0177750561357576,0.0253585890841875,0.0,1.0
12000098,weak_level,Weak persistent level,99,600,11.868333333333334,11.911666666666669,2.5116085519215963,2.6335191146260404,-0.0237038727505167,0.0117934013517239,0.0,1.0
12000099,weak_level,Weak persistent level,100,600,11.92,11.96,2.5497258355348698,2.578011554012324,0.0059789608131647,0.0304877685854146,0.0,1.0
13000000,heavy_tail_t3,Heavy-tailed t3 residual,1,600,12.023333333333332,12.06,2.5879111968587587,2.547000592860824,0.0331503197924125,0.009938207859236,0.0,1.0
13000001,heavy_tail_t3,Heavy-tailed t3 residual,2,600,11.828333333333331,11.931666666666668,2.631933829276813,2.6379148735992506,0.1357667704154757,-0.0049749360072986,0.0,1.0
13000002,heavy_tail_t3,Heavy-tailed t3 residual,3,600,11.966666666666669,12.098333333333333,2.5993877965944265,2.6306268362264307,-0.0248276369371252,-0.0075927846659066,0.0,1.0
13000003,heavy_tail_t3,Heavy-tailed t3 residual,4,600,12.061666666666667,11.948333333333334,2.6519650739551643,2.570994732020212,-0.0440014388871041,0.0038363197710813,0.0,1.0
13000004,heavy_tail_t3,Heavy-tailed t3 residual,5,600,11.841666666666669,11.921666666666669,2.541133504567522,2.5422369749790192,-0.0035059685160331,0.0176537804308857,0.0,1.0
13000005,heavy_tail_t3,Heavy-tailed t3 residual,6,600,12.021666666666668,11.84,2.608166938711785,2.5525004925773627,0.0768089693819849,0.0132735785485264,0.0,1.0
13000006,heavy_tail_t3,Heavy-tailed t3 residual,7,600,12.205,11.778333333333334,2.5535287705389087,2.5904403469050736,-0.0733879368516674,-0.0002482513585846,0.0,1.0
13000007,heavy_tail_t3,Heavy-tailed t3 residual,8,600,12.045,12.001666666666669,2.484605355575594,2.5565387485511786,-0.0225252815121337,0.0127231315128634,0.0,1.0
13000008,heavy_tail_t3,Heavy-tailed t3 residual,9,600,11.938333333333333,11.801666666666666,2.461970630992309,2.609024511906401,0.0034060173661896,-0.0028642693439662,0.0,1.0
13000009,heavy_tail_t3,Heavy-tailed t3 residual,10,600,12.011666666666668,12.021666666666668,2.61908952477514,2.5681750512855683,0.1040747100928693,0.0049027941981131,0.0,1.0
13000010,heavy_tail_t3,Heavy-tailed t3 residual,11,600,11.925,12.118333333333334,2.593051264070348,2.575924986896762,0.0203888467119028,0.0072719400416337,0.0,1.0
13000011,heavy_tail_t3,Heavy-tailed t3 residual,12,600,11.933333333333334,11.875,2.5586063262598358,2.570418919625869,0.036587514206689,-0.0057577339292879,0.0,1.0
13000012,heavy_tail_t3,Heavy-tailed t3 residual,13,600,12.115,12.105,2.571535791547926,2.5758558556296656,0.0046345092610075,0.0043360164106932,0.0,1.0
13000013,heavy_tail_t3,Heavy-tailed t3 residual,14,600,12.166666666666666,11.991666666666667,2.6179467075990304,2.5909043204162274,0.0014050808739371,-0.0055340561133322,0.0,1.0
13000014,heavy_tail_t3,Heavy-tailed t3 residual,15,600,12.07,12.055,2.5831934009886908,2.594840456558293,0.0272063108292353,0.006818796413944,0.0,1.0
13000015,heavy_tail_t3,Heavy-tailed t3 residual,16,600,11.908333333333331,11.908333333333331,2.6435287583169904,2.554892629734436,-0.0420202385302714,0.0280803169687524,0.0,1.0
13000016,heavy_tail_t3,Heavy-tailed t3 residual,17,600,11.905,12.001666666666669,2.51923650887448,2.588338537143146,0.0764195532491336,0.0181771070256842,0.0,1.0
13000017,heavy_tail_t3,Heavy-tailed t3 residual,18,600,11.975,12.025,2.595946821457068,2.575933628174699,0.0297592969783817,0.0121110196997922,0.0,1.0
13000018,heavy_tail_t3,Heavy-tailed t3 residual,19,600,11.916666666666666,11.948333333333334,2.529239142500266,2.6122219267410007,-0.0600613647509463,0.0088663121325616,0.0,1.0
13000019,heavy_tail_t3,Heavy-tailed t3 residual,20,600,11.756666666666666,11.94,2.574587939973434,2.618108251778381,-0.0397266523511045,0.000472617828876,0.0,1.0
13000020,heavy_tail_t3,Heavy-tailed t3 residual,21,600,12.143333333333333,11.9,2.6231514942574825,2.5692414579889298,0.0121648600080646,0.0179800044214188,0.0,1.0
13000021,heavy_tail_t3,Heavy-tailed t3 residual,22,600,12.043333333333331,11.885,2.5960266716057387,2.489062887265259,0.1018118372935583,0.0116003120807655,0.0,1.0
13000022,heavy_tail_t3,Heavy-tailed t3 residual,23,600,11.915,12.081666666666669,2.5439919073589534,2.5150625814353904,-0.0197742625061745,0.0091275978386316,0.0,1.0
13000023,heavy_tail_t3,Heavy-tailed t3 residual,24,600,11.778333333333334,11.976666666666668,2.576223094235891,2.519265777096236,0.0649214115800948,0.0189014188794834,0.0,1.0
13000024,heavy_tail_t3,Heavy-tailed t3 residual,25,600,12.275,11.995,2.649731457083484,2.5454089739649377,-0.0194264173324164,0.0085184281104783,0.0,1.0
13000025,heavy_tail_t3,Heavy-tailed t3 residual,26,600,11.943333333333332,12.111666666666666,2.591263520616474,2.6097026910707397,0.0491786745374203,0.0188097622392454,0.0,1.0
13000026,heavy_tail_t3,Heavy-tailed t3 residual,27,600,12.128333333333334,12.065,2.528342952547851,2.5327454799308566,-0.0056970002627252,0.0222833670804714,0.0,1.0
13000027,heavy_tail_t3,Heavy-tailed t3 residual,28,600,11.963333333333331,11.966666666666669,2.582590142078069,2.568374934706952,-0.0523665778843269,0.0095040483467721,0.0,1.0
13000028,heavy_tail_t3,Heavy-tailed t3 residual,29,600,11.98,11.988333333333332,2.657951814162681,2.5117149005792587,0.0470310599829695,-0.0063680308934382,0.0,1.0
13000029,heavy_tail_t3,Heavy-tailed t3 residual,30,600,11.893333333333333,11.841666666666669,2.430734389371865,2.598946214256184,0.0186097290486001,-0.0048640531353483,0.0,1.0
13000030,heavy_tail_t3,Heavy-tailed t3 residual,31,600,11.895,11.971666666666666,2.5360127367585656,2.57395401817937,0.006951829080204,0.008248563957067,0.0,1.0
13000031,heavy_tail_t3,Heavy-tailed t3 residual,32,600,11.88,11.928333333333333,2.5891000492658667,2.5782959305320023,0.1058838772373378,0.0166975302937938,0.0,1.0
13000032,heavy_tail_t3,Heavy-tailed t3 residual,33,600,12.083333333333334,12.061666666666667,2.6263825624794994,2.595976832539284,-0.0565521561060995,-0.0040211922527772,0.0,1.0
13000033,heavy_tail_t3,Heavy-tailed t3 residual,34,600,12.026666666666667,11.845,2.5885239647494784,2.583039906505059,0.0095951792172737,0.0068875359512474,0.0,1.0
13000034,heavy_tail_t3,Heavy-tailed t3 residual,35,600,12.116666666666667,12.041666666666666,2.5364894085635656,2.647315184300994,0.0391271578915679,0.0219107164683111,0.0,1.0
13000035,heavy_tail_t3,Heavy-tailed t3 residual,36,600,12.041666666666666,11.968333333333334,2.552931580552155,2.668807745078166,0.0108096828209085,0.0064952929900943,0.0,1.0
13000036,heavy_tail_t3,Heavy-tailed t3 residual,37,600,12.1,11.818333333333332,2.483333426702967,2.563776929153481,-0.0348880672997714,0.0080655299371049,0.0,1.0
13000037,heavy_tail_t3,Heavy-tailed t3 residual,38,600,11.843333333333334,11.873333333333331,2.6274756458124946,2.651856480570696,-0.0603138066717749,0.0002351025244744,0.0,1.0
13000038,heavy_tail_t3,Heavy-tailed t3 residual,39,600,12.073333333333334,12.143333333333333,2.5196302208138177,2.5547995139507576,-0.0607203184056891,0.0273464556973352,0.0,1.0
13000039,heavy_tail_t3,Heavy-tailed t3 residual,40,600,12.011666666666668,11.996666666666666,2.585731469870635,2.6238896477739013,0.0085275791039706,0.0063889713949551,0.0,1.0
13000040,heavy_tail_t3,Heavy-tailed t3 residual,41,600,11.993333333333334,11.978333333333332,2.4886967623330425,2.5649227285100817,-0.0439627978289505,0.0107786319610945,0.0,1.0
13000041,heavy_tail_t3,Heavy-tailed t3 residual,42,600,11.923333333333334,12.105,2.5550608829827266,2.545868039285572,0.0442261905110394,0.0128277546930442,0.0,1.0
13000042,heavy_tail_t3,Heavy-tailed t3 residual,43,600,11.805,12.161666666666669,2.5333122820787186,2.548140286644934,0.0356389629797552,0.0136877290099939,0.0,1.0
13000043,heavy_tail_t3,Heavy-tailed t3 residual,44,600,11.925,12.168333333333331,2.710772733869653,2.563386198675785,0.0441098875073888,0.0259589107437788,0.0,1.0
13000044,heavy_tail_t3,Heavy-tailed t3 residual,45,600,12.076666666666666,11.845,2.593324335173143,2.591428338720664,0.0149795202688462,0.0201989800036606,0.0,1.0
13000045,heavy_tail_t3,Heavy-tailed t3 residual,46,600,12.078333333333331,11.81,2.600667158956527,2.672540137143139,-0.0204663237431753,0.0112360088568951,0.0,1.0
13000046,heavy_tail_t3,Heavy-tailed t3 residual,47,600,12.006666666666666,12.026666666666667,2.569232794202756,2.582712959778904,0.0649476542643151,0.0035308610836176,0.0,1.0
13000047,heavy_tail_t3,Heavy-tailed t3 residual,48,600,12.11,12.051666666666666,2.541390257464319,2.508549099884854,-0.0416487133348818,0.0046948206782615,0.0,1.0
13000048,heavy_tail_t3,Heavy-tailed t3 residual,49,600,12.075,11.95,2.563915841195759,2.5946200921080176,0.0632220375599151,0.0069440537957787,0.0,1.0
13000049,heavy_tail_t3,Heavy-tailed t3 residual,50,600,11.846666666666666,12.151666666666667,2.500047857082285,2.607680428577256,-0.0568855206794256,0.0198169958983205,0.0,1.0
13000050,heavy_tail_t3,Heavy-tailed t3 residual,51,600,12.0,12.11,2.616883668326876,2.557760132386285,0.016632720098331,0.0064819299408272,0.0,1.0
13000051,heavy_tail_t3,Heavy-tailed t3 residual,52,600,12.22,11.855,2.55456643734405,2.6360746985547663,0.1017275445028994,0.0098090915665801,0.0,1.0
13000052,heavy_tail_t3,Heavy-tailed t3 residual,53,600,12.218333333333334,11.991666666666667,2.584271913794987,2.588970548897893,0.0295433381123083,0.0130129139058817,0.0,1.0
13000053,heavy_tail_t3,Heavy-tailed t3 residual,54,600,11.991666666666667,12.02,2.625468662617438,2.4859404323223617,-0.0808821001413686,0.0004036359474918,0.0,1.0
13000054,heavy_tail_t3,Heavy-tailed t3 residual,55,600,11.983333333333333,11.971666666666666,2.5873176412099883,2.6632095356179857,0.0768732712478662,0.0131388972344461,0.0,1.0
13000055,heavy_tail_t3,Heavy-tailed t3 residual,56,600,12.185,12.088333333333331,2.4915432928140366,2.580367101697242,-0.0419061475483606,0.0217395687298184,0.0,1.0
13000056,heavy_tail_t3,Heavy-tailed t3 residual,57,600,12.058333333333334,11.87,2.533567082031606,2.6798761589008318,-0.0337570476893583,0.0073952168296079,0.0,1.0
13000057,heavy_tail_t3,Heavy-tailed t3 residual,58,600,11.998333333333331,12.188333333333333,2.5283033346116857,2.657938728795733,0.0042003666120375,0.0064307528459818,0.0,1.0
13000058,heavy_tail_t3,Heavy-tailed t3 residual,59,600,11.89,12.23,2.628576742806146,2.583581135906067,0.0485663853197662,-0.0018516652051735,0.0,1.0
13000059,heavy_tail_t3,Heavy-tailed t3 residual,60,600,12.006666666666666,12.115,2.6473199139444468,2.5532933984622783,-0.0100340963690001,0.0001949152198575,0.0,1.0
13000060,heavy_tail_t3,Heavy-tailed t3 residual,61,600,12.228333333333332,11.801666666666666,2.5969412897341555,2.523809272567174,-0.0273998914254904,0.0182842408034197,0.0,1.0
13000061,heavy_tail_t3,Heavy-tailed t3 residual,62,600,12.021666666666668,12.0,2.6171127897894824,2.634052084521733,0.0376459994756226,0.0159399762326737,0.0,1.0
13000062,heavy_tail_t3,Heavy-tailed t3 residual,63,600,11.936666666666667,12.201666666666666,2.5885304141663075,2.558366527239935,-0.0028773401484024,0.0104716247894415,0.0,1.0
13000063,heavy_tail_t3,Heavy-tailed t3 residual,64,600,11.836666666666666,11.958333333333334,2.5880144100319677,2.5983037787050507,0.0115267820801989,0.002703796602368,0.0,1.0
13000064,heavy_tail_t3,Heavy-tailed t3 residual,65,600,12.035,11.911666666666669,2.595187854472196,2.5797200393371797,0.0993267533799251,-0.0062991282890574,0.0,1.0
13000065,heavy_tail_t3,Heavy-tailed t3 residual,66,600,11.955,11.973333333333333,2.523275622369477,2.637717095270079,0.0384821772547192,0.0034603002241955,0.0,1.0
13000066,heavy_tail_t3,Heavy-tailed t3 residual,67,600,11.876666666666669,12.081666666666669,2.549959354592214,2.5928495270658427,0.0417474526164249,0.0247810815513605,0.0,1.0
13000067,heavy_tail_t3,Heavy-tailed t3 residual,68,600,12.011666666666668,11.808333333333334,2.4983862348563632,2.533567082031606,0.0207903235053289,-0.0029118700249242,0.0,1.0
13000068,heavy_tail_t3,Heavy-tailed t3 residual,69,600,12.005,12.003333333333334,2.564358573110596,2.493394724261252,-0.0402875111530098,-0.0007580885801778,0.0,1.0
13000069,heavy_tail_t3,Heavy-tailed t3 residual,70,600,11.93,12.143333333333333,2.6994898423618903,2.584037726861838,-0.1072647755453491,-0.0012261979363438,0.0,1.0
13000070,heavy_tail_t3,Heavy-tailed t3 residual,71,600,12.095,11.98,2.5357494043647586,2.574356654968052,0.0618521864058994,0.0055134695838978,0.0,1.0
13000071,heavy_tail_t3,Heavy-tailed t3 residual,72,600,11.978333333333332,12.131666666666666,2.5636206441087164,2.574628466748528,-0.0115223123824261,0.0034568828839918,0.0,1.0
13000072,heavy_tail_t3,Heavy-tailed t3 residual,73,600,12.14,12.238333333333332,2.615045717926312,2.528937147112524,-0.068667609649873,0.0132587070296049,0.0,1.0
13000073,heavy_tail_t3,Heavy-tailed t3 residual,74,600,11.978333333333332,11.946666666666667,2.613282603450697,2.533347977581198,-0.0857065201096401,-0.0043344855865057,0.0,1.0
13000074,heavy_tail_t3,Heavy-tailed t3 residual,75,600,11.731666666666667,11.943333333333332,2.5639722720631624,2.6175449295065656,0.0684782935419992,0.017284317363668,0.0,1.0
13000075,heavy_tail_t3,Heavy-tailed t3 residual,76,600,12.078333333333331,11.868333333333334,2.5787491413692045,2.5946517270847087,0.0385286539305399,0.0076729709900317,0.0,1.0
13000076,heavy_tail_t3,Heavy-tailed t3 residual,77,600,12.07,12.053333333333333,2.578018029728006,2.577122067826114,-0.0304700165007889,0.023764373077915,0.0,1.0
13000077,heavy_tail_t3,Heavy-tailed t3 residual,78,600,12.045,12.053333333333333,2.639049570911761,2.5491146563937237,0.0592517045347515,-0.0116371915949218,0.0,1.0
13000078,heavy_tail_t3,Heavy-tailed t3 residual,79,600,12.018333333333333,12.17,2.54009527949979,2.724605008820572,0.0212679432971822,0.0026783053454832,0.0,1.0
13000079,heavy_tail_t3,Heavy-tailed t3 residual,80,600,11.793333333333331,11.996666666666666,2.5280969811564677,2.5905934029074373,0.0211266002392941,-0.0008085192432236,0.0,1.0
13000080,heavy_tail_t3,Heavy-tailed t3 residual,81,600,12.066666666666666,11.996666666666666,2.5761631515092778,2.5312713102904216,-0.1104114692583867,0.0122558461188387,0.0,1.0
13000081,heavy_tail_t3,Heavy-tailed t3 residual,82,600,11.981666666666667,11.853333333333332,2.486289057548424,2.555916679460188,-0.0028037648399207,0.0260114984793478,0.0,1.0
13000082,heavy_tail_t3,Heavy-tailed t3 residual,83,600,11.826666666666666,11.896666666666668,2.545077193083439,2.5019502687839346,0.0578396005364499,-0.0003354438679805,0.0,1.0
13000083,heavy_tail_t3,Heavy-tailed t3 residual,84,600,12.151666666666667,11.936666666666667,2.4485348190613534,2.5304797506605463,0.0138825944294555,0.0072546832697059,0.0,1.0
13000084,heavy_tail_t3,Heavy-tailed t3 residual,85,600,12.001666666666669,11.905,2.566965668539672,2.6256678934087345,0.0136352020338985,0.0094860896478003,0.0,1.0
13000085,heavy_tail_t3,Heavy-tailed t3 residual,86,600,12.085,11.951666666666666,2.583065758846299,2.640255442861825,0.0396714354056646,0.0215108851139391,0.0,1.0
13000086,heavy_tail_t3,Heavy-tailed t3 residual,87,600,12.125,11.923333333333334,2.5917633112939957,2.5261481739101934,0.0012384667703496,0.0069751500642529,0.0,1.0
13000087,heavy_tail_t3,Heavy-tailed t3 residual,88,600,12.051666666666666,11.991666666666667,2.515858991742736,2.585744382618403,-0.0054744166517571,0.0158333583293209,0.0,1.0
13000088,heavy_tail_t3,Heavy-tailed t3 residual,89,600,12.066666666666666,11.953333333333331,2.5415851314726985,2.50897997662278,-0.0235681797295472,-0.0066469773675847,0.0,1.0
13000089,heavy_tail_t3,Heavy-tailed t3 residual,90,600,12.126666666666669,11.983333333333333,2.544552377182005,2.616830505027464,0.0555778550487764,0.0054660550443549,0.0,1.0
13000090,heavy_tail_t3,Heavy-tailed t3 residual,91,600,12.03,12.153333333333334,2.580736393723663,2.5600935569994063,0.0969035224748591,0.0066115827434497,0.0,1.0
13000091,heavy_tail_t3,Heavy-tailed t3 residual,92,600,12.101666666666668,11.841666666666669,2.6133081566138725,2.584775747525734,-0.0082479160662908,0.0010231907586558,0.0,1.0
13000092,heavy_tail_t3,Heavy-tailed t3 residual,93,600,11.978333333333332,12.081666666666669,2.521598961855276,2.6024896046785,-0.0128285686718559,-0.0011450193854042,0.0,1.0
13000093,heavy_tail_t3,Heavy-tailed t3 residual,94,600,12.2,12.19,2.597674573276596,2.59328141824028,0.0417982573334066,0.0159654785995829,0.0,1.0
13000094,heavy_tail_t3,Heavy-tailed t3 residual,95,600,12.29,11.903333333333334,2.5859321482059827,2.627196063133812,0.0173131099170054,0.0136531143989109,0.0,1.0
13000095,heavy_tail_t3,Heavy-tailed t3 residual,96,600,11.961666666666666,11.965,2.582889096023964,2.554992820705457,-0.0474376953159689,0.0024156569411318,0.0,1.0
13000096,heavy_tail_t3,Heavy-tailed t3 residual,97,600,12.083333333333334,11.898333333333332,2.6422259211858727,2.6557646165250035,-0.0866592699049142,0.0231984756921776,0.0,1.0
13000097,heavy_tail_t3,Heavy-tailed t3 residual,98,600,11.996666666666666,11.843333333333334,2.610494210347788,2.6198399743828844,-0.017270157501818,0.0015493591611132,0.0,1.0
13000098,heavy_tail_t3,Heavy-tailed t3 residual,99,600,11.963333333333331,11.923333333333334,2.579355995426144,2.571992898124376,-0.0305620862799693,0.0005883033065532,0.0,1.0
13000099,heavy_tail_t3,Heavy-tailed t3 residual,100,600,11.993333333333334,12.043333333333331,2.56728269894768,2.6620668452733103,-0.0066600078052701,0.002931153893937,0.0,1.0
11000100,null_serial,Pure null with serial dependence,101,600,10.031666666666666,9.961666666666666,2.664425358880215,2.553637731746071,,0.4959799173965274,0.0,1.0
11000101,null_serial,Pure null with serial dependence,102,600,10.025,10.048333333333334,2.6234543108024795,2.5318005277027025,,0.4949131982719585,0.0,1.0
11000102,null_serial,Pure null with serial dependence,103,600,9.906666666666666,9.963333333333331,2.542058021997313,2.6640478236886795,,0.508393147500864,0.0,1.0
11000103,null_serial,Pure null with serial dependence,104,600,9.935,10.208333333333334,2.5745852381657457,2.616551379983912,,0.5026667388348374,0.0,1.0
11000104,null_serial,Pure null with serial dependence,105,600,10.051666666666666,10.006666666666666,2.5494764703124213,2.5731285509644746,,0.5003609791463587,0.0,1.0
11000105,null_serial,Pure null with serial dependence,106,600,9.798333333333334,10.126666666666669,2.507617221408416,2.617002750198491,,0.5022494203127945,0.0,1.0
11000106,null_serial,Pure null with serial dependence,107,600,10.068333333333332,10.17,2.615670744690535,2.5824177565055564,,0.496873151000094,0.0,1.0
11000107,null_serial,Pure null with serial dependence,108,600,10.08,10.015,2.5595283371840365,2.5786023961043947,,0.5093721053825289,0.0,1.0
11000108,null_serial,Pure null with serial dependence,109,600,9.94,10.075,2.556160518105988,2.579495686497867,,0.5091571459436401,0.0,1.0
11000109,null_serial,Pure null with serial dependence,110,600,9.991666666666667,9.958333333333334,2.650781323483784,2.506738275833379,,0.5188586364462042,0.0,1.0
11000110,null_serial,Pure null with serial dependence,111,600,9.825,9.87,2.530820041700408,2.608532295095768,,0.4884318807442842,0.0,1.0
11000111,null_serial,Pure null with serial dependence,112,600,10.041666666666666,9.905,2.5841297890844435,2.5704059298887687,,0.508754859758475,0.0,1.0
11000112,null_serial,Pure null with serial dependence,113,600,10.106666666666667,10.118333333333334,2.4984714303020588,2.5946517270847087,,0.4821659393163334,0.0,1.0
11000113,null_serial,Pure null with serial dependence,114,600,9.888333333333334,9.966666666666669,2.558014128712619,2.578106529545478,,0.5063382912108384,0.0,1.0
11000114,null_serial,Pure null with serial dependence,115,600,9.963333333333331,9.813333333333333,2.6031935354856373,2.545444499832023,,0.4930161083942216,0.0,1.0
11000115,null_serial,Pure null with serial dependence,116,600,9.99,10.0,2.525971936444697,2.4974110133528336,,0.4986865421152149,0.0,1.0
11000116,null_serial,Pure null with serial dependence,117,600,9.678333333333333,10.083333333333334,2.5662892061050275,2.550273589478367,,0.5030074932343218,0.0,1.0
11000117,null_serial,Pure null with serial dependence,118,600,9.923333333333334,9.941666666666666,2.630396776322989,2.588970548897893,,0.5154185875471027,0.0,1.0
11000118,null_serial,Pure null with serial dependence,119,600,9.843333333333334,10.031666666666666,2.5709541479653923,2.573266417541779,,0.4936496827619892,0.0,1.0
11000119,null_serial,Pure null with serial dependence,120,600,10.021666666666668,10.02,2.508322818370372,2.525251437918182,,0.489026593667074,0.0,1.0
11000120,null_serial,Pure null with serial dependence,121,600,9.87,9.966666666666669,2.5659449440234683,2.5586063262598358,,0.4953494326750732,0.0,1.0
11000121,null_serial,Pure null with serial dependence,122,600,10.135,9.953333333333331,2.572509411927861,2.616466839096004,,0.4946802773661873,0.0,1.0
11000122,null_serial,Pure null with serial dependence,123,600,9.908333333333331,9.978333333333332,2.4893624547812125,2.540068989813185,,0.5069537448273258,0.0,1.0
11000123,null_serial,Pure null with serial dependence,124,600,10.091666666666669,9.985,2.516708218284788,2.564970459042287,,0.518217634182494,0.0,1.0
11000124,null_serial,Pure null with serial dependence,125,600,9.886666666666668,9.906666666666666,2.591334388317278,2.526908057179357,,0.4949454614417502,0.0,1.0
11000125,null_serial,Pure null with serial dependence,126,600,9.895,9.971666666666666,2.533378181075073,2.5978411267348798,,0.5098175189077382,0.0,1.0
11000126,null_serial,Pure null with serial dependence,127,600,9.991666666666667,9.933333333333334,2.613359262190655,2.629400146568322,,0.5002952056068386,0.0,1.0
11000127,null_serial,Pure null with serial dependence,128,600,10.045,9.93,2.5450154234980724,2.6127528513882434,,0.5222133266530433,0.0,1.0
11000128,null_serial,Pure null with serial dependence,129,600,9.983333333333333,10.073333333333334,2.6263825624795,2.5902002724321798,,0.4938265632035343,0.0,1.0
11000129,null_serial,Pure null with serial dependence,130,600,10.11,10.063333333333333,2.6158435980672183,2.508613985670985,,0.5023836132239526,0.0,1.0
11000130,null_serial,Pure null with serial dependence,131,600,10.095,10.131666666666666,2.5032816524952866,2.5459379848286194,,0.5013871034723668,0.0,1.0
11000131,null_serial,Pure null with serial dependence,132,600,9.953333333333331,10.07,2.572064296785798,2.581900530730087,,0.5323142773680167,0.0,1.0
11000132,null_serial,Pure null with serial dependence,133,600,10.01,9.678333333333333,2.5581517221859364,2.537504437468536,,0.4914299246735522,0.0,1.0
11000133,null_serial,Pure null with serial dependence,134,600,10.063333333333333,10.078333333333331,2.609726680030496,2.5428935752630464,,0.5033785318539831,0.0,1.0
11000134,null_serial,Pure null with serial dependence,135,600,9.911666666666669,10.01,2.6009881046934487,2.628322684442671,,0.509515038555619,0.0,1.0
11000135,null_serial,Pure null with serial dependence,136,600,9.946666666666667,10.1,2.551732964887924,2.518048373778354,,0.5057671875433869,0.0,1.0
11000136,null_serial,Pure null with serial dependence,137,600,10.11,9.946666666666667,2.615205313428688,2.574529580296549,,0.4987732286292589,0.0,1.0
11000137,null_serial,Pure null with serial dependence,138,600,10.131666666666666,10.0,2.6030027393359654,2.5633867413983062,,0.506959356016154,0.0,1.0
11000138,null_serial,Pure null with serial dependence,139,600,10.076666666666666,9.956666666666669,2.507575611615497,2.6419226232931203,,0.501341324613289,0.0,1.0
11000139,null_serial,Pure null with serial dependence,140,600,10.033333333333331,10.036666666666669,2.567724850342679,2.624271369845964,,0.5043459858958902,0.0,1.0
11000140,null_serial,Pure null with serial dependence,141,600,10.14,10.178333333333333,2.632860280270434,2.5957195834325493,,0.5101415894328801,0.0,1.0
11000141,null_serial,Pure null with serial dependence,142,600,9.938333333333333,9.863333333333332,2.5440094068207,2.6190496859837618,,0.5042841176689329,0.0,1.0
11000142,null_serial,Pure null with serial dependence,143,600,9.956666666666669,10.098333333333333,2.62226034260449,2.4837361906336444,,0.4957490034456061,0.0,1.0
11000143,null_serial,Pure null with serial dependence,144,600,9.996666666666666,9.915,2.4920552671733893,2.601741101890959,,0.4878580628136831,0.0,1.0
11000144,null_serial,Pure null with serial dependence,145,600,9.738333333333332,9.896666666666668,2.545059154332956,2.625670542652513,,0.5008801741022565,0.0,1.0
11000145,null_serial,Pure null with serial dependence,146,600,9.833333333333334,10.146666666666668,2.592957372470278,2.5617884682024874,,0.5103310418365989,0.0,1.0
11000146,null_serial,Pure null with serial dependence,147,600,10.113333333333332,9.918333333333331,2.528070566698228,2.657712603479424,,0.5184324717923587,0.0,1.0
11000147,null_serial,Pure null with serial dependence,148,600,9.985,10.146666666666668,2.596666991698453,2.6197826227646805,,0.5026383717283728,0.0,1.0
11000148,null_serial,Pure null with serial dependence,149,600,10.016666666666667,10.16,2.525275678212944,2.566198672364126,,0.5081800066841046,0.0,1.0
11000149,null_serial,Pure null with serial dependence,150,600,9.923333333333334,9.935,2.608728553017306,2.61894503987193,,0.5062152189240128,0.0,1.0
11000150,null_serial,Pure null with serial dependence,151,600,9.875,10.065,2.5416809208026003,2.5797674960914243,,0.4920719524976576,0.0,1.0
11000151,null_serial,Pure null with serial dependence,152,600,9.926666666666666,9.965,2.629857246591781,2.557605111527354,,0.5050975009003682,0.0,1.0
11000152,null_serial,Pure null with serial dependence,153,600,9.845,10.118333333333334,2.583686137432577,2.595938246798424,,0.5044534792075671,0.0,1.0
11000153,null_serial,Pure null with serial dependence,154,600,9.81,10.071666666666667,2.536656140267457,2.5535723555797,,0.5002062989541783,0.0,1.0
11000154,null_serial,Pure null with serial dependence,155,600,9.923333333333334,9.888333333333334,2.6093684219541275,2.430165988866733,,0.513220921434738,0.0,1.0
11000155,null_serial,Pure null with serial dependence,156,600,10.213333333333331,10.13,2.6190178145143386,2.6529537512007284,,0.5153667738602159,0.0,1.0
11000156,null_serial,Pure null with serial dependence,157,600,10.048333333333334,9.865,2.574952657986876,2.5523124478373806,,0.5129381115722143,0.0,1.0
11000157,null_serial,Pure null with serial dependence,158,600,10.09,10.095,2.6790288026713283,2.5475724148061296,,0.4986928846625965,0.0,1.0
11000158,null_serial,Pure null with serial dependence,159,600,10.005,9.855,2.606331381869965,2.5576442755787343,,0.5069626499028803,0.0,1.0
11000159,null_serial,Pure null with serial dependence,160,600,10.005,10.125,2.68271689708708,2.605895780987595,,0.5020062213156916,0.0,1.0
11000160,null_serial,Pure null with serial dependence,161,600,9.978333333333332,10.235,2.512977446835273,2.5483193584375656,,0.5105844236663895,0.0,1.0
11000161,null_serial,Pure null with serial dependence,162,600,9.801666666666666,9.945,2.554709662170152,2.525061363905006,,0.507883199547184,0.0,1.0
11000162,null_serial,Pure null with serial dependence,163,600,10.085,10.071666666666667,2.5380789470060603,2.458306192846041,,0.4854835451359452,0.0,1.0
11000163,null_serial,Pure null with serial dependence,164,600,10.081666666666669,9.966666666666669,2.6305633734351126,2.5974603409086363,,0.49178685300269,0.0,1.0
11000164,null_serial,Pure null with serial dependence,165,600,10.135,9.951666666666666,2.607317620715235,2.533118968466127,,0.5141198891588159,0.0,1.0
11000165,null_serial,Pure null with serial dependence,166,600,9.835,10.101666666666668,2.630457598713777,2.648840844329182,,0.5073861178917051,0.0,1.0
11000166,null_serial,Pure null with serial dependence,167,600,9.978333333333332,9.946666666666667,2.6266638206922828,2.5608759631005555,,0.5113318330128036,0.0,1.0
11000167,null_serial,Pure null with serial dependence,168,600,10.175,10.111666666666666,2.676998106980023,2.549515759230858,,0.4964167066436926,0.0,1.0
11000168,null_serial,Pure null with serial dependence,169,600,10.043333333333331,10.101666666666668,2.587653145914554,2.5863382993245767,,0.5053877037220568,0.0,1.0
11000169,null_serial,Pure null with serial dependence,170,600,10.095,9.988333333333332,2.5781880114473066,2.5701894246052777,,0.5054220832080162,0.0,1.0
11000170,null_serial,Pure null with serial dependence,171,600,9.911666666666669,9.93,2.620172907589306,2.523035773797067,,0.5049770422976968,0.0,1.0
11000171,null_serial,Pure null with serial dependence,172,600,10.095,9.816666666666666,2.5032816524952866,2.43850351401606,,0.5012490679241897,0.0,1.0
11000172,null_serial,Pure null with serial dependence,173,600,9.983333333333333,10.01,2.606603061730841,2.5047334154497927,,0.4995052077802169,0.0,1.0
11000173,null_serial,Pure null with serial dependence,174,600,9.98,9.833333333333334,2.563959792266759,2.6426997544574067,,0.4988452301643593,0.0,1.0
11000174,null_serial,Pure null with serial dependence,175,600,10.056666666666668,9.688333333333333,2.539857019273488,2.575963872419197,,0.4997762613209311,0.0,1.0
11000175,null_serial,Pure null with serial dependence,176,600,10.083333333333334,10.01,2.6187437038651016,2.6053559832902127,,0.4981605835521775,0.0,1.0
11000176,null_serial,Pure null with serial dependence,177,600,10.105,9.87,2.502214378237357,2.5252844928078946,,0.488784315326252,0.0,1.0
11000177,null_serial,Pure null with serial dependence,178,600,10.076666666666666,10.2,2.62213301050185,2.6156074509048017,,0.5110631456289407,0.0,1.0
11000178,null_serial,Pure null with serial dependence,179,600,10.068333333333332,10.058333333333334,2.612477550872334,2.5480223544454,,0.5160902516491722,0.0,1.0
11000179,null_serial,Pure null with serial dependence,180,600,10.153333333333334,9.86,2.605981732515771,2.6461424974595444,,0.4950292450708873,0.0,1.0
11000180,null_serial,Pure null with serial dependence,181,600,9.768333333333333,10.06,2.564297810510811,2.563334639512278,,0.510927656863606,0.0,1.0
11000181,null_serial,Pure null with serial dependence,182,600,10.015,10.151666666666667,2.6146067800641197,2.615989849695855,,0.5084076216607645,0.0,1.0
11000182,null_serial,Pure null with serial dependence,183,600,9.97,9.811666666666667,2.598786155587024,2.5026591311576643,,0.5016158862762594,0.0,1.0
11000183,null_serial,Pure null with serial dependence,184,600,10.116666666666667,10.035,2.562681105073237,2.6315997407139142,,0.5034091482695018,0.0,1.0
11000184,null_serial,Pure null with serial dependence,185,600,9.816666666666666,10.008333333333333,2.632731347124587,2.553912293369906,,0.4955867879585739,0.0,1.0
11000185,null_serial,Pure null with serial dependence,186,600,9.963333333333331,9.898333333333332,2.5572553281943096,2.5837550591917027,,0.4982927166229436,0.0,1.0
11000186,null_serial,Pure null with serial dependence,187,600,10.021666666666668,9.991666666666667,2.589537938213037,2.5269691682959023,,0.4985920095669474,0.0,1.0
11000187,null_serial,Pure null with serial dependence,188,600,9.968333333333334,9.826666666666666,2.540621016103741,2.5542440159553985,,0.4907913924207878,0.0,1.0
11000188,null_serial,Pure null with serial dependence,189,600,10.048333333333334,9.83,2.497945176686585,2.5525070330146624,,0.4946912453425086,0.0,1.0
11000189,null_serial,Pure null with serial dependence,190,600,10.125,9.921666666666669,2.593051264070348,2.6477439709650668,,0.479716312020961,0.0,1.0
11000190,null_serial,Pure null with serial dependence,191,600,9.938333333333333,9.883333333333333,2.6107260240867154,2.642857680002868,,0.511998986145823,0.0,1.0
11000191,null_serial,Pure null with serial dependence,192,600,10.008333333333333,9.871666666666666,2.585744382618403,2.5922442218532917,,0.5013563700355638,0.0,1.0
11000192,null_serial,Pure null with serial dependence,193,600,10.09,10.01,2.614056008330952,2.525971936444698,,0.5014786959676067,0.0,1.0
11000193,null_serial,Pure null with serial dependence,194,600,9.931666666666668,9.97,2.6194974391305625,2.669765172593773,,0.4981624358203132,0.0,1.0
11000194,null_serial,Pure null with serial dependence,195,600,10.096666666666666,9.953333333333331,2.5524198258059942,2.5798413758918386,,0.4950733127411067,0.0,1.0
11000195,null_serial,Pure null with serial dependence,196,600,10.2,10.006666666666666,2.6251639586286424,2.600877382889012,,0.510363239106767,0.0,1.0
11000196,null_serial,Pure null with serial dependence,197,600,10.026666666666667,9.9,2.5749445537033675,2.5437737008367014,,0.5004131500308371,0.0,1.0
11000197,null_serial,Pure null with serial dependence,198,600,10.078333333333331,9.996666666666666,2.480413535629717,2.539173334820343,,0.5076194620973129,0.0,1.0
11000198,null_serial,Pure null with serial dependence,199,600,10.02,9.79,2.652292925552951,2.609069835978912,,0.4968693302835587,0.0,1.0
11000199,null_serial,Pure null with serial dependence,200,600,10.048333333333334,10.09,2.595616676651056,2.5819263944796824,,0.5048129770662639,0.0,1.0
12000100,weak_level,Weak persistent level,101,600,12.038333333333334,11.993333333333334,2.654922141014114,2.5568570718165664,-0.0049341972511697,0.0138292674799571,0.0,1.0
12000101,weak_level,Weak persistent level,102,600,12.09,11.796666666666669,2.6382128316169227,2.538252699561967,-0.0292482818847459,0.0104024865313348,0.0,1.0
12000102,weak_level,Weak persistent level,103,600,11.981666666666667,11.986666666666666,2.58116923374743,2.625765913648375,-0.0623916210378427,0.0159212177423655,0.0,1.0
12000103,weak_level,Weak persistent level,104,600,12.056666666666668,12.06,2.5614560932703507,2.565938437838672,-0.051022709603169,0.0184704381462002,0.0,1.0
12000104,weak_level,Weak persistent level,105,600,12.053333333333333,12.046666666666669,2.5346656134176677,2.6253844088779688,-0.0869647640853638,0.001422192802964,0.0,1.0
12000105,weak_level,Weak persistent level,106,600,12.035,11.988333333333332,2.533338641882965,2.585731469870635,0.0472392056449052,0.0233666650633116,0.0,1.0
12000106,weak_level,Weak persistent level,107,600,11.988333333333332,12.038333333333334,2.667093211573402,2.480682742109631,0.0205223931556931,0.0094879164878019,0.0,1.0
12000107,weak_level,Weak persistent level,108,600,12.061666666666667,11.886666666666668,2.5688250217189257,2.6455283510070715,0.0099866159604795,0.0060212822572268,0.0,1.0
12000108,weak_level,Weak persistent level,109,600,12.021666666666668,11.991666666666667,2.572072410144642,2.55195049084717,0.0219333239342063,0.0077307457757382,0.0,1.0
12000109,weak_level,Weak persistent level,110,600,11.955,11.86,2.6104275933967758,2.562813562394396,0.0293550850988821,0.0120979688549556,0.0,1.0
12000110,weak_level,Weak persistent level,111,600,12.06,12.041666666666666,2.630830435680371,2.551623377117656,-0.0125186675408956,0.0253312383053449,0.0,1.0
12000111,weak_level,Weak persistent level,112,600,12.138333333333334,12.103333333333332,2.596877003731547,2.6212160367676494,0.0597338997619833,0.0179982175880289,0.0,1.0
12000112,weak_level,Weak persistent level,113,600,12.008333333333333,12.053333333333333,2.5434318610114635,2.5589194992995346,0.0010404409995486,0.0210616292850924,0.0,1.0
12000113,weak_level,Weak persistent level,114,600,11.81,12.016666666666667,2.620816883192219,2.539778141998465,0.0509113021307188,0.0134451110754627,0.0,1.0
12000114,weak_level,Weak persistent level,115,600,12.023333333333332,12.033333333333331,2.571084014685864,2.645856474381645,-0.0482064886556044,-0.0097217292576954,0.0,1.0
12000115,weak_level,Weak persistent level,116,600,11.928333333333333,11.8,2.635293502052252,2.5698911587093893,-0.0678104880006612,0.0205821206850975,0.0,1.0
12000116,weak_level,Weak persistent level,117,600,12.075,12.141666666666667,2.5691196208124305,2.55195049084717,-0.0792401102513645,0.0093738770258962,0.0,1.0
12000117,weak_level,Weak persistent level,118,600,12.006666666666666,11.823333333333334,2.649841187584882,2.6274756458124946,-0.0002397564445681,0.0325216420360999,0.0,1.0
12000118,weak_level,Weak persistent level,119,600,12.175,12.08,2.6183585192939614,2.6328349168717677,-0.044429040505273,0.01500331961324,0.0,1.0
12000119,weak_level,Weak persistent level,120,600,12.05,12.111666666666666,2.577836703539784,2.6566193931176336,0.0264008535183213,0.0450945941763204,0.0,1.0
12000120,weak_level,Weak persistent level,121,600,11.928333333333333,12.156666666666666,2.5879902198138183,2.5585867516720917,0.0094108865508221,0.0117368536071474,0.0,1.0
12000121,weak_level,Weak persistent level,122,600,11.921666666666669,12.023333333333332,2.614751504689183,2.672331906516579,-0.0151782354113702,0.0142960662226254,0.0,1.0
12000122,weak_level,Weak persistent level,123,600,11.745,12.006666666666666,2.6168788836741563,2.6561339011912253,-0.0224991539477129,0.0224212007666239,0.0,1.0
12000123,weak_level,Weak persistent level,124,600,11.961666666666666,11.973333333333333,2.590633679299866,2.528493164916727,-0.0754169470580734,0.0096893062304065,0.0,1.0
12000124,weak_level,Weak persistent level,125,600,12.25,11.985,2.5713523851235958,2.5525740715307528,0.0151805224117069,0.009291421492163,0.0,1.0
12000125,weak_level,Weak persistent level,126,600,12.085,12.021666666666668,2.634262812935089,2.5972626958796257,-0.0406207825070182,0.0190553127203768,0.0,1.0
12000126,weak_level,Weak persistent level,127,600,12.09,12.05,2.669665120026945,2.568104086220566,-0.0148916620260818,0.0135120645428609,0.0,1.0
12000127,weak_level,Weak persistent level,128,600,12.143333333333333,11.92,2.56458262275504,2.612465302786579,-0.0201604822552354,0.011100688798646,0.0,1.0
12000128,weak_level,Weak persistent level,129,600,12.018333333333333,12.025,2.6062715978241657,2.54529091521417,0.0519779797841192,0.0342363110261516,0.0,1.0
12000129,weak_level,Weak persistent level,130,600,12.105,12.021666666666668,2.548489683343879,2.653223803188346,0.0400082262319357,0.011870518163187,0.0,1.0
12000130,weak_level,Weak persistent level,131,600,12.111666666666666,11.96,2.539674611857277,2.594150347746095,0.0291957424474547,-0.0019817336201077,0.0,1.0
12000131,weak_level,Weak persistent level,132,600,11.918333333333331,11.916666666666666,2.6564560012102905,2.504031251749557,0.0372385738473598,0.010613801760302,0.0,1.0
12000132,weak_level,Weak persistent level,133,600,12.12,12.241666666666667,2.606451479603232,2.469161494590049,0.0358032943954018,0.0196546838152581,0.0,1.0
12000133,weak_level,Weak persistent level,134,600,12.001666666666669,12.0,2.669620824724345,2.598959596641502,0.0234558333396023,0.0171891769019725,0.0,1.0
12000134,weak_level,Weak persistent level,135,600,12.013333333333334,11.851666666666668,2.589271989952416,2.505352644908058,-0.0048839380883843,0.0311545324190958,0.0,1.0
12000135,weak_level,Weak persistent level,136,600,12.056666666666668,12.203333333333331,2.5886851953498056,2.604475835849015,-0.004254252776244,0.0291386679696558,0.0,1.0
12000136,weak_level,Weak persistent level,137,600,11.93,12.061666666666667,2.622319762136472,2.6094467951112583,7.993252771553935e-05,0.0086635124617014,0.0,1.0
12000137,weak_level,Weak persistent level,138,600,11.936666666666667,11.978333333333332,2.6046040311636904,2.574018876682548,-0.0147794323378659,0.0093649225179609,0.0,1.0
12000138,weak_level,Weak persistent level,139,600,12.031666666666666,11.966666666666669,2.569370869817486,2.577458899676467,-0.0102951644262357,0.0061442409930774,0.0,1.0
12000139,weak_level,Weak persistent level,140,600,11.99,11.953333333333331,2.607917826987755,2.6036744721291325,-0.0031015005979615,0.0129981150347426,0.0,1.0
12000140,weak_level,Weak persistent level,141,600,11.901666666666667,11.833333333333334,2.5780628196494724,2.561214931518102,-0.0498505914684854,0.0075024168591292,0.0,1.0
12000141,weak_level,Weak persistent level,142,600,12.051666666666666,12.081666666666669,2.547511251827137,2.629293795932875,-0.0732476042712242,0.0217728290476897,0.0,1.0
12000142,weak_level,Weak persistent level,143,600,11.948333333333334,11.866666666666667,2.61349979737395,2.638274001134832,0.0011049250112242,0.0136913374295589,0.0,1.0
12000143,weak_level,Weak persistent level,144,600,11.828333333333331,11.85,2.5897313379757585,2.5399972394921444,0.0218617061608379,0.0178148199132819,0.0,1.0
12000144,weak_level,Weak persistent level,145,600,12.06,12.013333333333334,2.534516315774052,2.6416129707752107,-0.0235604485455031,0.0204708395109433,0.0,1.0
12000145,weak_level,Weak persistent level,146,600,11.951666666666666,12.201666666666666,2.5704102598084293,2.5862737497675656,0.0240429206923605,0.0152221446123383,0.0,1.0
12000146,weak_level,Weak persistent level,147,600,12.088333333333331,12.091666666666669,2.6449051200460163,2.567277821853306,0.0511996251015832,0.036539194713821,0.0,1.0
12000147,weak_level,Weak persistent level,148,600,11.988333333333332,12.033333333333331,2.611429332917817,2.57032420128702,-0.0171803966774831,0.0107145307182123,0.0,1.0
12000148,weak_level,Weak persistent level,149,600,11.838333333333331,11.985,2.60835895720629,2.508371625913808,-0.0297267669631727,0.0019834822928893,0.0,1.0
12000149,weak_level,Weak persistent level,150,600,12.023333333333332,11.921666666666669,2.6326806175986017,2.489147842909696,0.0179962312991165,-0.0004811069505889,0.0,1.0
12000150,weak_level,Weak persistent level,151,600,12.103333333333332,12.043333333333331,2.496606489248787,2.5960266716057387,-0.0430872516983456,0.0122638214498389,0.0,1.0
12000151,weak_level,Weak persistent level,152,600,12.156666666666666,12.0,2.6064237241743307,2.528634015294722,0.0449484996492499,0.0211496970856574,0.0,1.0
12000152,weak_level,Weak persistent level,153,600,11.955,12.023333333333332,2.649781860174692,2.6478558854676923,-0.0002747181949346,0.0279784848551659,0.0,1.0
12000153,weak_level,Weak persistent level,154,600,11.89,11.903333333333334,2.554494549613813,2.5939422602745585,-0.0103866301828061,0.0076587393976078,0.0,1.0
12000154,weak_level,Weak persistent level,155,600,12.166666666666666,12.126666666666669,2.5903807331729336,2.5932921475400805,0.0079761049738001,0.0208138952192399,0.0,1.0
12000155,weak_level,Weak persistent level,156,600,12.015,11.983333333333333,2.5656212413221104,2.6033987459869774,0.0410325059767468,0.0054094163775756,0.0,1.0
12000156,weak_level,Weak persistent level,157,600,12.281666666666666,11.99,2.6083845586042003,2.500731111792939,-0.0391485545264715,0.0126235390413325,0.0,1.0
12000157,weak_level,Weak persistent level,158,600,11.966666666666669,12.025,2.58004844376532,2.532798211062869,0.0425440518731607,0.0220568347479767,0.0,1.0
12000158,weak_level,Weak persistent level,159,600,11.99,12.13,2.608557894792473,2.5698456850054705,0.0095644734298158,0.0084772456376779,0.0,1.0
12000159,weak_level,Weak persistent level,160,600,12.008333333333333,12.046666666666669,2.608243747805952,2.5472802391144937,-0.1110884059418749,0.0074093095577795,0.0,1.0
12000160,weak_level,Weak persistent level,161,600,11.956666666666669,11.931666666666668,2.527601664129405,2.577739019562916,0.0099679667115004,0.0016369388321661,0.0,1.0
12000161,weak_level,Weak persistent level,162,600,12.016666666666667,12.058333333333334,2.631462815584752,2.599909569935454,-0.0007681164296786,0.0209604281821187,0.0,1.0
12000162,weak_level,Weak persistent level,163,600,11.873333333333331,11.888333333333334,2.644291212325436,2.652216867592743,0.039595800716169,0.0195596451018009,0.0,1.0
12000163,weak_level,Weak persistent level,164,600,12.116666666666667,11.913333333333334,2.553544570202154,2.6345252756304025,0.0336357863574326,0.0055395803143569,0.0,1.0
12000164,weak_level,Weak persistent level,165,600,11.911666666666669,12.046666666666669,2.5900536388220834,2.567516788582887,-0.0277857383019477,0.0131501792795779,0.0,1.0
12000165,weak_level,Weak persistent level,166,600,11.9,11.851666666666668,2.614969108625398,2.5711245966907947,-0.0005378514992341,0.0133165629689501,0.0,1.0
12000166,weak_level,Weak persistent level,167,600,12.015,12.018333333333333,2.647601049792958,2.585047001937476,0.075523743543238,0.0282914879634556,0.0,1.0
12000167,weak_level,Weak persistent level,168,600,11.981666666666667,11.985,2.58052237252086,2.5947375149108005,-0.0157597688894136,0.0174011327769783,0.0,1.0
12000168,weak_level,Weak persistent level,169,600,12.0,12.018333333333333,2.6117750569769744,2.577285631097698,-0.0242394821977082,0.0128650291412985,0.0,1.0
12000169,weak_level,Weak persistent level,170,600,11.9,12.15,2.5391755264107294,2.5367087901077023,0.0512908256779286,-0.0059517913230827,0.0,1.0
12000170,weak_level,Weak persistent level,171,600,11.981666666666667,12.048333333333334,2.533514366902437,2.6541297186009625,0.0065866093485839,0.0204079871503241,0.0,1.0
12000171,weak_level,Weak persistent level,172,600,12.005,11.978333333333332,2.672116891368195,2.5485988599890432,0.0335612964883262,0.0177483453507308,0.0,1.0
12000172,weak_level,Weak persistent level,173,600,11.946666666666667,12.12,2.572583500166925,2.6096520469870894,-0.0308639698939425,0.0120429109297567,0.0,1.0
12000173,weak_level,Weak persistent level,174,600,12.061666666666667,11.816666666666666,2.577259720776336,2.598906066686775,-0.1264915975408435,0.001202904182086,0.0,1.0
12000174,weak_level,Weak persistent level,175,600,12.056666666666668,11.996666666666666,2.5848128852281795,2.6028087221876386,-0.0143929658647729,0.003105578015028,0.0,1.0
12000175,weak_level,Weak persistent level,176,600,11.96,11.918333333333331,2.5889968793728464,2.5909172073832747,0.0842887845049506,0.0277931793870076,0.0,1.0
12000176,weak_level,Weak persistent level,177,600,11.906666666666666,12.178333333333333,2.673300041286073,2.5601017082953788,0.0346648848982531,0.0020528354388019,0.0,1.0
12000177,weak_level,Weak persistent level,178,600,11.858333333333333,11.758333333333333,2.5263084291816944,2.595732446493382,-0.0061402122867441,0.0186810044590478,0.0,1.0
12000178,weak_level,Weak persistent level,179,600,11.951666666666666,12.031666666666666,2.584659486920428,2.6016555450034056,-0.0096313217280778,0.0108516166359441,0.0,1.0
12000179,weak_level,Weak persistent level,180,600,11.81,11.96,2.632257833528145,2.64828668588159,-0.067581925317447,0.0092455657434266,0.0,1.0
12000180,weak_level,Weak persistent level,181,600,12.043333333333331,12.01,2.5578036453245616,2.5253109364081427,0.0008380529228299,0.0195962697029615,0.0,1.0
12000181,weak_level,Weak persistent level,182,600,11.953333333333331,11.79,2.6349054569061128,2.5690920035824822,-0.0200017674129159,0.0235410631333529,0.0,1.0
12000182,weak_level,Weak persistent level,183,600,12.006666666666666,12.025,2.558815112545102,2.5182555506469035,0.0270064846052042,0.0294344697193174,0.0,1.0
12000183,weak_level,Weak persistent level,184,600,11.951666666666666,11.883333333333333,2.532459833884693,2.5802102039788832,-0.0186611051582829,0.0141834316227213,0.0,1.0
12000184,weak_level,Weak persistent level,185,600,11.896666666666668,12.005,2.6503514534743835,2.579288574248478,-0.0817259932498425,0.024408368871722,0.0,1.0
12000185,weak_level,Weak persistent level,186,600,11.968333333333334,11.923333333333334,2.598445128154323,2.717184948734924,0.0488802341009396,0.0138013157439562,0.0,1.0
12000186,weak_level,Weak persistent level,187,600,11.995,11.99,2.5177118822196043,2.589931706385241,-0.0037985638529531,0.0168556612230095,0.0,1.0
12000187,weak_level,Weak persistent level,188,600,12.141666666666667,12.128333333333334,2.592192699989468,2.5408575620854665,0.0217016500484599,0.0197033890869172,0.0,1.0
12000188,weak_level,Weak persistent level,189,600,11.906666666666666,11.766666666666667,2.53086896508286,2.565773608987456,-0.0370589594840493,-0.0083284030260225,0.0,1.0
12000189,weak_level,Weak persistent level,190,600,12.136666666666668,12.023333333333332,2.592783529904453,2.6078324727441218,-0.0742664984817795,0.0042671059523485,0.0,1.0
12000190,weak_level,Weak persistent level,191,600,11.771666666666668,11.886666666666668,2.6091268898684503,2.590045581789724,0.0195393748137368,0.0127969997895977,0.0,1.0
12000191,weak_level,Weak persistent level,192,600,11.941666666666666,12.04,2.5947675399798555,2.599293598657149,0.0473016574369258,0.0124686331808519,0.0,1.0
12000192,weak_level,Weak persistent level,193,600,11.931666666666668,11.961666666666666,2.5738502411747946,2.611173606169868,-0.0189521156631335,0.0129940713359507,0.0,1.0
12000193,weak_level,Weak persistent level,194,600,11.961666666666666,11.981666666666667,2.5899891818614136,2.616500336755688,0.0005112563570751,0.0172222167494258,0.0,1.0
12000194,weak_level,Weak persistent level,195,600,12.076666666666666,11.853333333333332,2.592680506587269,2.632496714872007,-0.0246589645834891,0.0081728562236511,0.0,1.0
12000195,weak_level,Weak persistent level,196,600,11.861666666666666,12.03,2.631362892750535,2.569715755703053,0.0772663124176538,0.0209176227252508,0.0,1.0
12000196,weak_level,Weak persistent level,197,600,11.893333333333333,12.033333333333331,2.558554127026388,2.629400146568322,-0.076815153543176,0.0051694925267525,0.0,1.0
12000197,weak_level,Weak persistent level,198,600,11.933333333333334,11.998333333333331,2.6325728141100946,2.6280236051078183,-0.0400828785885983,0.0130247126350684,0.0,1.0
12000198,weak_level,Weak persistent level,199,600,12.1,12.023333333333332,2.604093348995732,2.579511327112183,-0.0509361457405028,-0.0012476052036354,0.0,1.0
12000199,weak_level,Weak persistent level,200,600,11.831666666666669,12.108333333333333,2.5672908274177133,2.649836462441604,0.050732262902697,-0.0058837624895646,0.0,1.0
13000100,heavy_tail_t3,Heavy-tailed t3 residual,101,600,11.89,11.946666666666667,2.6056122810064344,2.488133215965242,-0.0353013289579366,0.0129860645207618,0.0,1.0
13000101,heavy_tail_t3,Heavy-tailed t3 residual,102,600,12.12,11.976666666666668,2.4938522072058804,2.5717332499185805,-0.0188311828942402,-0.000573441078936,0.0,1.0
13000102,heavy_tail_t3,Heavy-tailed t3 residual,103,600,12.028333333333334,12.093333333333334,2.555075584196513,2.621591780068825,0.0265675705067555,-0.0110475330810248,0.0,1.0
13000103,heavy_tail_t3,Heavy-tailed t3 residual,104,600,12.128333333333334,12.081666666666669,2.622338330464103,2.6889368142211296,0.053366219803204,-0.0126438198669526,0.0,1.0
13000104,heavy_tail_t3,Heavy-tailed t3 residual,105,600,12.028333333333334,12.008333333333333,2.661955528230957,2.539490547851399,0.0277581047168292,0.0062047393262996,0.0,1.0
13000105,heavy_tail_t3,Heavy-tailed t3 residual,106,600,11.933333333333334,12.02,2.54945518856213,2.5272339660582803,-0.0487922000069143,0.0183659804885299,0.0,1.0
13000106,heavy_tail_t3,Heavy-tailed t3 residual,107,600,11.918333333333331,11.985,2.6159260318088853,2.6152452107825126,-0.0707718809928695,0.0033199525427667,0.0,1.0
13000107,heavy_tail_t3,Heavy-tailed t3 residual,108,600,11.923333333333334,11.991666666666667,2.6100081340208465,2.479619206229468,0.0013320921159287,-0.0063827961787175,0.0,1.0
13000108,heavy_tail_t3,Heavy-tailed t3 residual,109,600,11.918333333333331,12.055,2.568916004456382,2.615347345234863,0.0320082188090081,0.0028561004696012,0.0,1.0
13000109,heavy_tail_t3,Heavy-tailed t3 residual,110,600,12.178333333333333,12.111666666666666,2.6021431815815417,2.6402301505048658,0.006958499548004,0.0066153524994471,0.0,1.0
13000110,heavy_tail_t3,Heavy-tailed t3 residual,111,600,11.931666666666668,11.881666666666666,2.593235818220882,2.6443622372180653,-0.0171242697952516,0.0056680315585349,0.0,1.0
13000111,heavy_tail_t3,Heavy-tailed t3 residual,112,600,11.903333333333334,12.101666666666668,2.621470783867969,2.532196132011469,0.0075321353485956,0.0221322034449408,0.0,1.0
13000112,heavy_tail_t3,Heavy-tailed t3 residual,113,600,12.033333333333331,12.018333333333333,2.490493891164046,2.544691791962704,-0.0132483585767727,0.0104700542517711,0.0,1.0
13000113,heavy_tail_t3,Heavy-tailed t3 residual,114,600,12.086666666666666,12.048333333333334,2.5897877435193464,2.605246515123504,-0.0342607264769988,0.0110263622626852,0.0,1.0
13000114,heavy_tail_t3,Heavy-tailed t3 residual,115,600,11.915,11.883333333333333,2.6393278979546166,2.5160033141240814,-0.0373383496275081,0.0200262256849569,0.0,1.0
13000115,heavy_tail_t3,Heavy-tailed t3 residual,116,600,11.986666666666666,11.866666666666667,2.5995676195417263,2.548800278625762,-0.0581658333508696,0.0205317853707985,0.0,1.0
13000116,heavy_tail_t3,Heavy-tailed t3 residual,117,600,11.891666666666667,12.098333333333333,2.626422290042409,2.650856897818151,-0.0290545029295512,0.0088804932958519,0.0,1.0
13000117,heavy_tail_t3,Heavy-tailed t3 residual,118,600,11.97,11.965,2.5606043214089187,2.5738718617291347,0.0346019325474502,0.0056020572719853,0.0,1.0
13000118,heavy_tail_t3,Heavy-tailed t3 residual,119,600,12.008333333333333,11.98,2.5902598903175464,2.641570838375705,-0.042178614221051,0.0177379505800126,0.0,1.0
13000119,heavy_tail_t3,Heavy-tailed t3 residual,120,600,12.155,11.938333333333333,2.616432277569052,2.6595085131357057,0.0403193160476185,0.0036857952994196,0.0,1.0
13000120,heavy_tail_t3,Heavy-tailed t3 residual,121,600,12.02,12.056666666666668,2.5212817049521083,2.493421506063584,0.0281926573168062,0.012209177105672,0.0,1.0
13000121,heavy_tail_t3,Heavy-tailed t3 residual,122,600,11.958333333333334,11.781666666666666,2.589292944443031,2.4955380326380108,0.0348796611622377,0.0055045563372192,0.0,1.0
13000122,heavy_tail_t3,Heavy-tailed t3 residual,123,600,11.908333333333331,12.17,2.518697471010167,2.587584327983156,0.0074720560156684,0.0077829362776795,0.0,1.0
13000123,heavy_tail_t3,Heavy-tailed t3 residual,124,600,12.006666666666666,11.953333333333331,2.5020770448007963,2.674523761558455,-0.0049054734311127,0.0041629788254393,0.0,1.0
13000124,heavy_tail_t3,Heavy-tailed t3 residual,125,600,11.791666666666666,12.153333333333334,2.664600792713568,2.5828163806813835,-0.0330275144107338,0.0126689293631978,0.0,1.0
13000125,heavy_tail_t3,Heavy-tailed t3 residual,126,600,11.858333333333333,12.256666666666666,2.6280109000992797,2.5195308323006778,-0.0024302705148096,0.0193943122073243,0.0,1.0
13000126,heavy_tail_t3,Heavy-tailed t3 residual,127,600,11.783333333333331,12.008333333333333,2.615554261665217,2.638155352070518,0.0012541164449049,0.0152611877288987,0.0,1.0
13000127,heavy_tail_t3,Heavy-tailed t3 residual,128,600,12.001666666666669,12.136666666666668,2.512406057125724,2.575340012993708,0.0134504385286869,0.016116035081789,0.0,1.0
13000128,heavy_tail_t3,Heavy-tailed t3 residual,129,600,11.916666666666666,11.983333333333333,2.57632515566943,2.6403297377592283,0.0025371941357182,0.0080307024932851,0.0,1.0
13000129,heavy_tail_t3,Heavy-tailed t3 residual,130,600,12.016666666666667,12.043333333333331,2.53517272063028,2.5786050937029907,0.0138603113293082,0.0044169750296671,0.0,1.0
13000130,heavy_tail_t3,Heavy-tailed t3 residual,131,600,12.02,12.07,2.6754807035356567,2.576074584927978,0.0005174260862431,0.0144366714958268,0.0,1.0
13000131,heavy_tail_t3,Heavy-tailed t3 residual,132,600,12.241666666666667,11.908333333333331,2.589292944443031,2.584129789084444,-0.0109876725899054,-0.0007173789874941,0.0,1.0
13000132,heavy_tail_t3,Heavy-tailed t3 residual,133,600,11.906666666666666,12.106666666666667,2.6171303319053845,2.5644198767745148,0.0764270938647244,-0.011930082610805,0.0,1.0
13000133,heavy_tail_t3,Heavy-tailed t3 residual,134,600,11.84,12.011666666666668,2.5328031545502108,2.579914175085462,0.0351587824798259,0.0164925242096917,0.0,1.0
13000134,heavy_tail_t3,Heavy-tailed t3 residual,135,600,12.116666666666667,12.04,2.568537430089708,2.587706908650036,-0.0650053055491643,0.0086327902122507,0.0,1.0
13000135,heavy_tail_t3,Heavy-tailed t3 residual,136,600,11.843333333333334,12.025,2.584554524937747,2.54529091521417,0.0497717032732654,0.0107393775919764,0.0,1.0
13000136,heavy_tail_t3,Heavy-tailed t3 residual,137,600,12.108333333333333,11.916666666666666,2.601514369987407,2.593118327417565,-0.0035304631663951,0.0241883399886526,0.0,1.0
13000137,heavy_tail_t3,Heavy-tailed t3 residual,138,600,12.048333333333334,12.081666666666669,2.47714033971836,2.593493313692783,-0.0189546527953811,0.0174259240870405,0.0,1.0
13000138,heavy_tail_t3,Heavy-tailed t3 residual,139,600,12.083333333333334,12.086666666666666,2.6295588708592192,2.6395898570126946,0.063456361273778,0.0114847447564555,0.0,1.0
13000139,heavy_tail_t3,Heavy-tailed t3 residual,140,600,11.86,12.118333333333334,2.599678932275714,2.5288315227273355,0.0201135773989969,-0.0018190786067585,0.0,1.0
13000140,heavy_tail_t3,Heavy-tailed t3 residual,141,600,11.911666666666669,12.161666666666669,2.5784254274713096,2.600667158956527,-0.022086155966979,0.009436649902039,0.0,1.0
13000141,heavy_tail_t3,Heavy-tailed t3 residual,142,600,12.166666666666666,11.95,2.518490330495014,2.587532713333486,-0.0616935710425645,-0.0077015225060959,0.0,1.0
13000142,heavy_tail_t3,Heavy-tailed t3 residual,143,600,11.92,11.903333333333334,2.575134727499636,2.5849162221139395,-0.0323274023344344,0.0159111276747067,0.0,1.0
13000143,heavy_tail_t3,Heavy-tailed t3 residual,144,600,11.956666666666669,12.03,2.618437685990365,2.6084042928435918,-0.022934583142945,0.0115496395739303,0.0,1.0
13000144,heavy_tail_t3,Heavy-tailed t3 residual,145,600,11.946666666666667,12.088333333333331,2.587466042887142,2.521466546436197,0.018413799121052,-0.0010133864340425,0.0,1.0
13000145,heavy_tail_t3,Heavy-tailed t3 residual,146,600,11.991666666666667,12.091666666666669,2.5170398695817267,2.4617129415442616,-0.045776413995675,0.0104193317391179,0.0,1.0
13000146,heavy_tail_t3,Heavy-tailed t3 residual,147,600,11.926666666666666,12.273333333333332,2.492986266126239,2.6076724260071127,-0.0229504970688358,0.0198938752458073,0.0,1.0
13000147,heavy_tail_t3,Heavy-tailed t3 residual,148,600,11.935,11.99,2.586230715834509,2.5489989524188488,-0.0424518018620051,0.0085333788559691,0.0,1.0
13000148,heavy_tail_t3,Heavy-tailed t3 residual,149,600,11.946666666666667,11.973333333333333,2.5686869167630126,2.5132614323360127,-0.0085250823017129,0.0186200602448773,0.0,1.0
13000149,heavy_tail_t3,Heavy-tailed t3 residual,150,600,12.136666666666668,11.991666666666667,2.53483026973856,2.55195049084717,0.0443268724001922,0.0070998573211467,0.0,1.0
13000150,heavy_tail_t3,Heavy-tailed t3 residual,151,600,12.008333333333333,11.945,2.668357317435468,2.539565051556101,0.0047866696031347,0.0149560739954622,0.0,1.0
13000151,heavy_tail_t3,Heavy-tailed t3 residual,152,600,11.745,12.081666666666669,2.60665163019572,2.695757606067976,0.0760616228505194,0.0010842655705876,0.0,1.0
13000152,heavy_tail_t3,Heavy-tailed t3 residual,153,600,11.965,11.916666666666666,2.5725743068517555,2.5305589177655383,-0.0148578399579511,0.0034725516871716,0.0,1.0
13000153,heavy_tail_t3,Heavy-tailed t3 residual,154,600,12.006666666666666,12.021666666666668,2.543108575004744,2.636813455205255,-0.0258846232783483,-0.0049444880108711,0.0,1.0
13000154,heavy_tail_t3,Heavy-tailed t3 residual,155,600,11.858333333333333,12.02,2.5799271169492703,2.4926469494678045,-0.0680887407524124,0.0071639232247793,0.0,1.0
13000155,heavy_tail_t3,Heavy-tailed t3 residual,156,600,11.98,11.89,2.525251437918182,2.6349202406254024,0.0565987616471245,0.0039611680626963,0.0,1.0
13000156,heavy_tail_t3,Heavy-tailed t3 residual,157,600,12.11,11.926666666666666,2.5610215511867014,2.633029363351145,0.0306922559211779,0.0021261153966739,0.0,1.0
13000157,heavy_tail_t3,Heavy-tailed t3 residual,158,600,12.046666666666669,11.796666666666669,2.549900431239937,2.555296092253766,-0.0599211781747428,0.008189435540592,0.0,1.0
13000158,heavy_tail_t3,Heavy-tailed t3 residual,159,600,12.07,11.965,2.547400390184705,2.518136218852048,-0.0071055551773057,0.0192805988200713,0.0,1.0
13000159,heavy_tail_t3,Heavy-tailed t3 residual,160,600,12.006666666666666,11.943333333333332,2.543764950310124,2.6015512687424365,-0.0610761220737663,0.0077324705262508,0.0,1.0
13000160,heavy_tail_t3,Heavy-tailed t3 residual,161,600,11.951666666666666,11.92,2.647201670323052,2.5647410189250937,0.017040641235327,0.0015483599201019,0.0,1.0
13000161,heavy_tail_t3,Heavy-tailed t3 residual,162,600,11.996666666666666,11.833333333333334,2.569239292045125,2.596817537762252,-0.016246308523395,0.0054786263418759,0.0,1.0
13000162,heavy_tail_t3,Heavy-tailed t3 residual,163,600,11.986666666666666,12.068333333333332,2.573751324822505,2.576443412273977,-0.0028171609851263,0.0082990217768584,0.0,1.0
13000163,heavy_tail_t3,Heavy-tailed t3 residual,164,600,12.035,12.053333333333333,2.564775192158275,2.5595718200626814,-0.056137144255599,0.0192819080480822,0.0,1.0
13000164,heavy_tail_t3,Heavy-tailed t3 residual,165,600,11.921666666666669,12.036666666666669,2.5923086227430825,2.574821365453446,0.0180820607445349,0.0066260901293932,0.0,1.0
13000165,heavy_tail_t3,Heavy-tailed t3 residual,166,600,11.975,12.14,2.5564168501739086,2.518127931711859,-0.0124366435113116,-0.0030408853737947,0.0,1.0
13000166,heavy_tail_t3,Heavy-tailed t3 residual,167,600,12.006666666666666,12.093333333333334,2.610487815194257,2.5759816947541383,0.0313183710144187,-0.002600716428342,0.0,1.0
13000167,heavy_tail_t3,Heavy-tailed t3 residual,168,600,12.133333333333333,11.891666666666667,2.557301025778865,2.576365655117755,0.0499278490662869,0.013161816572893,0.0,1.0
13000168,heavy_tail_t3,Heavy-tailed t3 residual,169,600,11.893333333333333,11.905,2.665920875121685,2.5891725881354297,0.0207986357377919,0.0269254106743375,0.0,1.0
13000169,heavy_tail_t3,Heavy-tailed t3 residual,170,600,12.085,12.028333333333334,2.6462765601352407,2.5419742873768474,0.0312941510867192,-0.0046327871211472,0.0,1.0
13000170,heavy_tail_t3,Heavy-tailed t3 residual,171,600,12.055,12.031666666666666,2.605754835699812,2.6035798949403848,0.0070644530885751,-0.0097217398688023,0.0,1.0
13000171,heavy_tail_t3,Heavy-tailed t3 residual,172,600,12.136666666666668,12.133333333333333,2.475520664390004,2.702046875565228,0.0732420621613063,0.0066386876170084,0.0,1.0
13000172,heavy_tail_t3,Heavy-tailed t3 residual,173,600,11.883333333333333,12.065,2.53912073608357,2.603601268616844,0.0771686561536424,0.001867499675648,0.0,1.0
13000173,heavy_tail_t3,Heavy-tailed t3 residual,174,600,11.961666666666666,11.865,2.5770653850624425,2.557539836775664,0.0457109423104582,0.0096456883423681,0.0,1.0
13000174,heavy_tail_t3,Heavy-tailed t3 residual,175,600,12.033333333333331,12.128333333333334,2.577458899676467,2.650201848656046,0.0011649907216376,8.3090897184289e-05,0.0,1.0
13000175,heavy_tail_t3,Heavy-tailed t3 residual,176,600,12.19,12.006666666666666,2.55958703889569,2.602802308150662,0.0109924130603039,0.0096124767489974,0.0,1.0
13000176,heavy_tail_t3,Heavy-tailed t3 residual,177,600,12.013333333333334,11.935,2.5613974343933985,2.517539475032565,-0.0307422075671976,0.0188246728638092,0.0,1.0
13000177,heavy_tail_t3,Heavy-tailed t3 residual,178,600,12.03,12.121666666666666,2.4486240216358697,2.6836916533709387,-0.0210039149516047,0.0058353066754144,0.0,1.0
13000178,heavy_tail_t3,Heavy-tailed t3 residual,179,600,12.041666666666666,12.015,2.6917168228932686,2.5740664385462324,-0.0559619010614333,0.0117361432198484,0.0,1.0
13000179,heavy_tail_t3,Heavy-tailed t3 residual,180,600,11.973333333333333,12.163333333333334,2.64845478410739,2.5404879493101067,-0.0104227529975373,0.005343113188059,0.0,1.0
13000180,heavy_tail_t3,Heavy-tailed t3 residual,181,600,12.133333333333333,12.023333333333332,2.630669672745084,2.584037726861838,-0.0011873960157258,0.0050331900149179,0.0,1.0
13000181,heavy_tail_t3,Heavy-tailed t3 residual,182,600,11.93,11.898333333333332,2.623592714431624,2.569500816559393,0.0209975066325872,0.0063129048769369,0.0,1.0
13000182,heavy_tail_t3,Heavy-tailed t3 residual,183,600,12.146666666666668,12.146666666666668,2.5533026611994845,2.5754372477796803,0.0270158054109736,0.0019933427548939,0.0,1.0
13000183,heavy_tail_t3,Heavy-tailed t3 residual,184,600,11.973333333333333,11.946666666666667,2.598822557755734,2.5366407838582066,-0.0002563996392547,0.0041346552436667,0.0,1.0
13000184,heavy_tail_t3,Heavy-tailed t3 residual,185,600,11.978333333333332,12.073333333333334,2.6017582129308527,2.570142332291336,0.0449691933138645,-0.0046450774052644,0.0,1.0
13000185,heavy_tail_t3,Heavy-tailed t3 residual,186,600,11.981666666666667,11.876666666666669,2.56234395944411,2.6037321785567045,0.0347112727512509,0.0082588350897008,0.0,1.0
13000186,heavy_tail_t3,Heavy-tailed t3 residual,187,600,12.068333333333332,12.191666666666666,2.664362701140294,2.586389937810274,-0.0165896422374335,0.0108576543366002,0.0,1.0
13000187,heavy_tail_t3,Heavy-tailed t3 residual,188,600,11.9,12.095,2.629611776827151,2.5755965968521144,-0.1022847679195542,0.018265960907124,0.0,1.0
13000188,heavy_tail_t3,Heavy-tailed t3 residual,189,600,11.851666666666668,11.878333333333334,2.5528792652860486,2.602207337486325,0.0993978493184935,0.0082110388018567,0.0,1.0
13000189,heavy_tail_t3,Heavy-tailed t3 residual,190,600,11.956666666666669,11.595,2.5688753875610466,2.568781695473232,-0.0178876206221997,0.0079172368986481,0.0,1.0
13000190,heavy_tail_t3,Heavy-tailed t3 residual,191,600,12.101666666666668,11.906666666666666,2.54009527949979,2.562987266538069,-0.0101131524626538,0.0187499543861628,0.0,1.0
13000191,heavy_tail_t3,Heavy-tailed t3 residual,192,600,12.015,11.995,2.625438988652862,2.651419439043213,-0.0133415633236967,0.0093058608209808,0.0,1.0
13000192,heavy_tail_t3,Heavy-tailed t3 residual,193,600,11.971666666666666,12.185,2.575899062889022,2.654402271516456,0.0176729568888811,0.0127563112766328,0.0,1.0
13000193,heavy_tail_t3,Heavy-tailed t3 residual,194,600,12.016666666666667,12.01,2.561377881135889,2.5535794380785632,0.0044569534906276,0.0010567083790986,0.0,1.0
13000194,heavy_tail_t3,Heavy-tailed t3 residual,195,600,11.976666666666668,11.853333333333332,2.640279154226429,2.574140481971363,-0.0061556158476961,-0.0045804205568826,0.0,1.0
13000195,heavy_tail_t3,Heavy-tailed t3 residual,196,600,12.066666666666666,12.061666666666667,2.599387796594427,2.5380964872360066,-0.0808341666659398,0.0180932676043803,0.0,1.0
13000196,heavy_tail_t3,Heavy-tailed t3 residual,197,600,12.063333333333333,11.83,2.6275773048654463,2.504306807810512,0.014098426449842,0.0186351908770821,0.0,1.0
13000197,heavy_tail_t3,Heavy-tailed t3 residual,198,600,12.113333333333332,11.88,2.573232357074408,2.5936097147130206,-0.074641005819944,0.0030690330307659,0.0,1.0
13000198,heavy_tail_t3,Heavy-tailed t3 residual,199,600,12.26,11.943333333333332,2.5820233812332902,2.5431413977934536,0.0146627642328114,0.0146106553934548,0.0,1.0
13000199,heavy_tail_t3,Heavy-tailed t3 residual,200,600,11.946666666666667,12.038333333333334,2.6067503654938315,2.613090946761894,0.0943320692807318,-0.0036425279569831,0.0,1.0
