group_id,scenario_key,scenario_label,rep,method,selected_penalty
0,ideal_large_dense,"Ideal: large, dense",1,tuned_level,0.03
0,ideal_large_dense,"Ideal: large, dense",1,tuned_level_slope,0.1
1,ideal_large_dense,"Ideal: large, dense",2,tuned_level,0.03
1,ideal_large_dense,"Ideal: large, dense",2,tuned_level_slope,0.1
2,ideal_large_dense,"Ideal: large, dense",3,tuned_level,0.03
2,ideal_large_dense,"Ideal: large, dense",3,tuned_level_slope,0.1
3,ideal_large_dense,"Ideal: large, dense",4,tuned_level,0.03
3,ideal_large_dense,"Ideal: large, dense",4,tuned_level_slope,0.1
4,ideal_large_dense,"Ideal: large, dense",5,tuned_level,0.0
4,ideal_large_dense,"Ideal: large, dense",5,tuned_level_slope,0.1
5,ideal_large_dense,"Ideal: large, dense",6,tuned_level,0.03
5,ideal_large_dense,"Ideal: large, dense",6,tuned_level_slope,0.1
6,ideal_large_dense,"Ideal: large, dense",7,tuned_level,0.03
6,ideal_large_dense,"Ideal: large, dense",7,tuned_level_slope,0.1
7,ideal_large_dense,"Ideal: large, dense",8,tuned_level,0.0
7,ideal_large_dense,"Ideal: large, dense",8,tuned_level_slope,0.1
8,ideal_large_dense,"Ideal: large, dense",9,tuned_level,0.1
8,ideal_large_dense,"Ideal: large, dense",9,tuned_level_slope,0.1
9,ideal_large_dense,"Ideal: large, dense",10,tuned_level,0.03
9,ideal_large_dense,"Ideal: large, dense",10,tuned_level_slope,0.1
10,ideal_large_dense,"Ideal: large, dense",11,tuned_level,0.03
10,ideal_large_dense,"Ideal: large, dense",11,tuned_level_slope,0.1
11,ideal_large_dense,"Ideal: large, dense",12,tuned_level,0.03
11,ideal_large_dense,"Ideal: large, dense",12,tuned_level_slope,0.1
12,ideal_large_dense,"Ideal: large, dense",13,tuned_level,0.03
12,ideal_large_dense,"Ideal: large, dense",13,tuned_level_slope,0.1
13,ideal_large_dense,"Ideal: large, dense",14,tuned_level,0.03
13,ideal_large_dense,"Ideal: large, dense",14,tuned_level_slope,0.1
14,ideal_large_dense,"Ideal: large, dense",15,tuned_level,0.0
14,ideal_large_dense,"Ideal: large, dense",15,tuned_level_slope,0.1
15,ideal_large_dense,"Ideal: large, dense",16,tuned_level,0.03
15,ideal_large_dense,"Ideal: large, dense",16,tuned_level_slope,0.1
16,ideal_large_dense,"Ideal: large, dense",17,tuned_level,0.03
16,ideal_large_dense,"Ideal: large, dense",17,tuned_level_slope,0.1
17,ideal_large_dense,"Ideal: large, dense",18,tuned_level,0.03
17,ideal_large_dense,"Ideal: large, dense",18,tuned_level_slope,0.1
18,ideal_large_dense,"Ideal: large, dense",19,tuned_level,0.03
18,ideal_large_dense,"Ideal: large, dense",19,tuned_level_slope,0.1
19,ideal_large_dense,"Ideal: large, dense",20,tuned_level,0.03
19,ideal_large_dense,"Ideal: large, dense",20,tuned_level_slope,0.1
1000000,ideal_small_dense,"Ideal: small, dense",1,tuned_level,0.1
1000000,ideal_small_dense,"Ideal: small, dense",1,tuned_level_slope,0.1
1000001,ideal_small_dense,"Ideal: small, dense",2,tuned_level,0.03
1000001,ideal_small_dense,"Ideal: small, dense",2,tuned_level_slope,0.1
1000002,ideal_small_dense,"Ideal: small, dense",3,tuned_level,0.0
1000002,ideal_small_dense,"Ideal: small, dense",3,tuned_level_slope,0.1
1000003,ideal_small_dense,"Ideal: small, dense",4,tuned_level,0.03
1000003,ideal_small_dense,"Ideal: small, dense",4,tuned_level_slope,0.1
1000004,ideal_small_dense,"Ideal: small, dense",5,tuned_level,0.03
1000004,ideal_small_dense,"Ideal: small, dense",5,tuned_level_slope,0.1
1000005,ideal_small_dense,"Ideal: small, dense",6,tuned_level,0.0
1000005,ideal_small_dense,"Ideal: small, dense",6,tuned_level_slope,0.1
1000006,ideal_small_dense,"Ideal: small, dense",7,tuned_level,0.03
1000006,ideal_small_dense,"Ideal: small, dense",7,tuned_level_slope,0.1
1000007,ideal_small_dense,"Ideal: small, dense",8,tuned_level,0.03
1000007,ideal_small_dense,"Ideal: small, dense",8,tuned_level_slope,0.1
1000008,ideal_small_dense,"Ideal: small, dense",9,tuned_level,0.03
1000008,ideal_small_dense,"Ideal: small, dense",9,tuned_level_slope,0.1
1000009,ideal_small_dense,"Ideal: small, dense",10,tuned_level,0.03
1000009,ideal_small_dense,"Ideal: small, dense",10,tuned_level_slope,0.1
1000010,ideal_small_dense,"Ideal: small, dense",11,tuned_level,0.03
1000010,ideal_small_dense,"Ideal: small, dense",11,tuned_level_slope,0.1
1000011,ideal_small_dense,"Ideal: small, dense",12,tuned_level,0.0
1000011,ideal_small_dense,"Ideal: small, dense",12,tuned_level_slope,0.1
1000012,ideal_small_dense,"Ideal: small, dense",13,tuned_level,0.03
1000012,ideal_small_dense,"Ideal: small, dense",13,tuned_level_slope,0.1
1000013,ideal_small_dense,"Ideal: small, dense",14,tuned_level,0.03
1000013,ideal_small_dense,"Ideal: small, dense",14,tuned_level_slope,0.1
1000014,ideal_small_dense,"Ideal: small, dense",15,tuned_level,0.1
1000014,ideal_small_dense,"Ideal: small, dense",15,tuned_level_slope,0.1
1000015,ideal_small_dense,"Ideal: small, dense",16,tuned_level,0.03
1000015,ideal_small_dense,"Ideal: small, dense",16,tuned_level_slope,0.1
1000016,ideal_small_dense,"Ideal: small, dense",17,tuned_level,0.03
1000016,ideal_small_dense,"Ideal: small, dense",17,tuned_level_slope,0.1
1000017,ideal_small_dense,"Ideal: small, dense",18,tuned_level,0.03
1000017,ideal_small_dense,"Ideal: small, dense",18,tuned_level_slope,0.1
1000018,ideal_small_dense,"Ideal: small, dense",19,tuned_level,0.03
1000018,ideal_small_dense,"Ideal: small, dense",19,tuned_level_slope,0.1
1000019,ideal_small_dense,"Ideal: small, dense",20,tuned_level,0.0
1000019,ideal_small_dense,"Ideal: small, dense",20,tuned_level_slope,0.1
2000000,ideal_large_sparse,"Ideal: large, sparse",1,tuned_level,0.03
2000000,ideal_large_sparse,"Ideal: large, sparse",1,tuned_level_slope,0.1
2000001,ideal_large_sparse,"Ideal: large, sparse",2,tuned_level,0.03
2000001,ideal_large_sparse,"Ideal: large, sparse",2,tuned_level_slope,0.1
2000002,ideal_large_sparse,"Ideal: large, sparse",3,tuned_level,0.03
2000002,ideal_large_sparse,"Ideal: large, sparse",3,tuned_level_slope,0.1
2000003,ideal_large_sparse,"Ideal: large, sparse",4,tuned_level,0.03
2000003,ideal_large_sparse,"Ideal: large, sparse",4,tuned_level_slope,0.1
2000004,ideal_large_sparse,"Ideal: large, sparse",5,tuned_level,0.1
2000004,ideal_large_sparse,"Ideal: large, sparse",5,tuned_level_slope,0.1
2000005,ideal_large_sparse,"Ideal: large, sparse",6,tuned_level,0.03
2000005,ideal_large_sparse,"Ideal: large, sparse",6,tuned_level_slope,0.1
2000006,ideal_large_sparse,"Ideal: large, sparse",7,tuned_level,0.1
2000006,ideal_large_sparse,"Ideal: large, sparse",7,tuned_level_slope,0.1
2000007,ideal_large_sparse,"Ideal: large, sparse",8,tuned_level,0.03
2000007,ideal_large_sparse,"Ideal: large, sparse",8,tuned_level_slope,0.1
2000008,ideal_large_sparse,"Ideal: large, sparse",9,tuned_level,0.03
2000008,ideal_large_sparse,"Ideal: large, sparse",9,tuned_level_slope,0.1
2000009,ideal_large_sparse,"Ideal: large, sparse",10,tuned_level,0.03
2000009,ideal_large_sparse,"Ideal: large, sparse",10,tuned_level_slope,0.1
2000010,ideal_large_sparse,"Ideal: large, sparse",11,tuned_level,0.03
2000010,ideal_large_sparse,"Ideal: large, sparse",11,tuned_level_slope,0.1
2000011,ideal_large_sparse,"Ideal: large, sparse",12,tuned_level,0.1
2000011,ideal_large_sparse,"Ideal: large, sparse",12,tuned_level_slope,0.1
2000012,ideal_large_sparse,"Ideal: large, sparse",13,tuned_level,0.1
2000012,ideal_large_sparse,"Ideal: large, sparse",13,tuned_level_slope,0.1
2000013,ideal_large_sparse,"Ideal: large, sparse",14,tuned_level,0.03
2000013,ideal_large_sparse,"Ideal: large, sparse",14,tuned_level_slope,0.1
2000014,ideal_large_sparse,"Ideal: large, sparse",15,tuned_level,0.1
2000014,ideal_large_sparse,"Ideal: large, sparse",15,tuned_level_slope,0.1
2000015,ideal_large_sparse,"Ideal: large, sparse",16,tuned_level,0.1
2000015,ideal_large_sparse,"Ideal: large, sparse",16,tuned_level_slope,0.1
2000016,ideal_large_sparse,"Ideal: large, sparse",17,tuned_level,0.03
2000016,ideal_large_sparse,"Ideal: large, sparse",17,tuned_level_slope,0.1
2000017,ideal_large_sparse,"Ideal: large, sparse",18,tuned_level,0.03
2000017,ideal_large_sparse,"Ideal: large, sparse",18,tuned_level_slope,0.1
2000018,ideal_large_sparse,"Ideal: large, sparse",19,tuned_level,0.1
2000018,ideal_large_sparse,"Ideal: large, sparse",19,tuned_level_slope,0.1
2000019,ideal_large_sparse,"Ideal: large, sparse",20,tuned_level,0.1
2000019,ideal_large_sparse,"Ideal: large, sparse",20,tuned_level_slope,0.1
3000000,serial_dependence,Serial dependence,1,tuned_level,0.1
3000000,serial_dependence,Serial dependence,1,tuned_level_slope,0.1
3000001,serial_dependence,Serial dependence,2,tuned_level,0.1
3000001,serial_dependence,Serial dependence,2,tuned_level_slope,0.1
3000002,serial_dependence,Serial dependence,3,tuned_level,0.1
3000002,serial_dependence,Serial dependence,3,tuned_level_slope,0.1
3000003,serial_dependence,Serial dependence,4,tuned_level,0.03
3000003,serial_dependence,Serial dependence,4,tuned_level_slope,0.1
3000004,serial_dependence,Serial dependence,5,tuned_level,0.1
3000004,serial_dependence,Serial dependence,5,tuned_level_slope,0.1
3000005,serial_dependence,Serial dependence,6,tuned_level,0.1
3000005,serial_dependence,Serial dependence,6,tuned_level_slope,0.1
3000006,serial_dependence,Serial dependence,7,tuned_level,0.03
3000006,serial_dependence,Serial dependence,7,tuned_level_slope,0.1
3000007,serial_dependence,Serial dependence,8,tuned_level,0.1
3000007,serial_dependence,Serial dependence,8,tuned_level_slope,0.1
3000008,serial_dependence,Serial dependence,9,tuned_level,0.1
3000008,serial_dependence,Serial dependence,9,tuned_level_slope,0.1
3000009,serial_dependence,Serial dependence,10,tuned_level,0.03
3000009,serial_dependence,Serial dependence,10,tuned_level_slope,0.1
3000010,serial_dependence,Serial dependence,11,tuned_level,0.03
3000010,serial_dependence,Serial dependence,11,tuned_level_slope,0.1
3000011,serial_dependence,Serial dependence,12,tuned_level,0.03
3000011,serial_dependence,Serial dependence,12,tuned_level_slope,0.1
3000012,serial_dependence,Serial dependence,13,tuned_level,0.03
3000012,serial_dependence,Serial dependence,13,tuned_level_slope,0.1
3000013,serial_dependence,Serial dependence,14,tuned_level,0.03
3000013,serial_dependence,Serial dependence,14,tuned_level_slope,0.1
3000014,serial_dependence,Serial dependence,15,tuned_level,0.03
3000014,serial_dependence,Serial dependence,15,tuned_level_slope,0.1
3000015,serial_dependence,Serial dependence,16,tuned_level,0.1
3000015,serial_dependence,Serial dependence,16,tuned_level_slope,0.1
3000016,serial_dependence,Serial dependence,17,tuned_level,0.1
3000016,serial_dependence,Serial dependence,17,tuned_level_slope,0.1
3000017,serial_dependence,Serial dependence,18,tuned_level,0.1
3000017,serial_dependence,Serial dependence,18,tuned_level_slope,0.1
3000018,serial_dependence,Serial dependence,19,tuned_level,0.03
3000018,serial_dependence,Serial dependence,19,tuned_level_slope,0.1
3000019,serial_dependence,Serial dependence,20,tuned_level,0.1
3000019,serial_dependence,Serial dependence,20,tuned_level_slope,0.1
4000000,discrete_map_rounding,Integer MAP rounding,1,tuned_level,0.1
4000000,discrete_map_rounding,Integer MAP rounding,1,tuned_level_slope,0.1
4000001,discrete_map_rounding,Integer MAP rounding,2,tuned_level,0.03
4000001,discrete_map_rounding,Integer MAP rounding,2,tuned_level_slope,0.1
4000002,discrete_map_rounding,Integer MAP rounding,3,tuned_level,0.03
4000002,discrete_map_rounding,Integer MAP rounding,3,tuned_level_slope,0.1
4000003,discrete_map_rounding,Integer MAP rounding,4,tuned_level,0.1
4000003,discrete_map_rounding,Integer MAP rounding,4,tuned_level_slope,0.1
4000004,discrete_map_rounding,Integer MAP rounding,5,tuned_level,0.03
4000004,discrete_map_rounding,Integer MAP rounding,5,tuned_level_slope,0.1
4000005,discrete_map_rounding,Integer MAP rounding,6,tuned_level,0.03
4000005,discrete_map_rounding,Integer MAP rounding,6,tuned_level_slope,0.1
4000006,discrete_map_rounding,Integer MAP rounding,7,tuned_level,0.03
4000006,discrete_map_rounding,Integer MAP rounding,7,tuned_level_slope,0.1
4000007,discrete_map_rounding,Integer MAP rounding,8,tuned_level,0.03
4000007,discrete_map_rounding,Integer MAP rounding,8,tuned_level_slope,0.1
4000008,discrete_map_rounding,Integer MAP rounding,9,tuned_level,0.03
4000008,discrete_map_rounding,Integer MAP rounding,9,tuned_level_slope,0.1
4000009,discrete_map_rounding,Integer MAP rounding,10,tuned_level,0.03
4000009,discrete_map_rounding,Integer MAP rounding,10,tuned_level_slope,0.1
4000010,discrete_map_rounding,Integer MAP rounding,11,tuned_level,0.03
4000010,discrete_map_rounding,Integer MAP rounding,11,tuned_level_slope,0.1
4000011,discrete_map_rounding,Integer MAP rounding,12,tuned_level,0.03
4000011,discrete_map_rounding,Integer MAP rounding,12,tuned_level_slope,0.1
4000012,discrete_map_rounding,Integer MAP rounding,13,tuned_level,0.03
4000012,discrete_map_rounding,Integer MAP rounding,13,tuned_level_slope,0.1
4000013,discrete_map_rounding,Integer MAP rounding,14,tuned_level,0.03
4000013,discrete_map_rounding,Integer MAP rounding,14,tuned_level_slope,0.1
4000014,discrete_map_rounding,Integer MAP rounding,15,tuned_level,0.03
4000014,discrete_map_rounding,Integer MAP rounding,15,tuned_level_slope,0.1
4000015,discrete_map_rounding,Integer MAP rounding,16,tuned_level,0.03
4000015,discrete_map_rounding,Integer MAP rounding,16,tuned_level_slope,0.1
4000016,discrete_map_rounding,Integer MAP rounding,17,tuned_level,0.0
4000016,discrete_map_rounding,Integer MAP rounding,17,tuned_level_slope,0.1
4000017,discrete_map_rounding,Integer MAP rounding,18,tuned_level,0.03
4000017,discrete_map_rounding,Integer MAP rounding,18,tuned_level_slope,0.1
4000018,discrete_map_rounding,Integer MAP rounding,19,tuned_level,0.03
4000018,discrete_map_rounding,Integer MAP rounding,19,tuned_level_slope,0.1
4000019,discrete_map_rounding,Integer MAP rounding,20,tuned_level,0.03
4000019,discrete_map_rounding,Integer MAP rounding,20,tuned_level_slope,0.1
5000000,informative_monitoring,Informative monitoring,1,tuned_level,0.03
5000000,informative_monitoring,Informative monitoring,1,tuned_level_slope,0.1
5000001,informative_monitoring,Informative monitoring,2,tuned_level,0.03
5000001,informative_monitoring,Informative monitoring,2,tuned_level_slope,0.1
5000002,informative_monitoring,Informative monitoring,3,tuned_level,0.03
5000002,informative_monitoring,Informative monitoring,3,tuned_level_slope,0.1
5000003,informative_monitoring,Informative monitoring,4,tuned_level,0.03
5000003,informative_monitoring,Informative monitoring,4,tuned_level_slope,0.1
5000004,informative_monitoring,Informative monitoring,5,tuned_level,0.03
5000004,informative_monitoring,Informative monitoring,5,tuned_level_slope,0.1
5000005,informative_monitoring,Informative monitoring,6,tuned_level,0.03
5000005,informative_monitoring,Informative monitoring,6,tuned_level_slope,0.1
5000006,informative_monitoring,Informative monitoring,7,tuned_level,0.03
5000006,informative_monitoring,Informative monitoring,7,tuned_level_slope,0.1
5000007,informative_monitoring,Informative monitoring,8,tuned_level,0.03
5000007,informative_monitoring,Informative monitoring,8,tuned_level_slope,0.1
5000008,informative_monitoring,Informative monitoring,9,tuned_level,0.03
5000008,informative_monitoring,Informative monitoring,9,tuned_level_slope,0.1
5000009,informative_monitoring,Informative monitoring,10,tuned_level,0.0
5000009,informative_monitoring,Informative monitoring,10,tuned_level_slope,0.1
5000010,informative_monitoring,Informative monitoring,11,tuned_level,0.03
5000010,informative_monitoring,Informative monitoring,11,tuned_level_slope,0.1
5000011,informative_monitoring,Informative monitoring,12,tuned_level,0.03
5000011,informative_monitoring,Informative monitoring,12,tuned_level_slope,0.1
5000012,informative_monitoring,Informative monitoring,13,tuned_level,0.03
5000012,informative_monitoring,Informative monitoring,13,tuned_level_slope,0.1
5000013,informative_monitoring,Informative monitoring,14,tuned_level,0.03
5000013,informative_monitoring,Informative monitoring,14,tuned_level_slope,0.1
5000014,informative_monitoring,Informative monitoring,15,tuned_level,0.03
5000014,informative_monitoring,Informative monitoring,15,tuned_level_slope,0.1
5000015,informative_monitoring,Informative monitoring,16,tuned_level,0.03
5000015,informative_monitoring,Informative monitoring,16,tuned_level_slope,0.1
5000016,informative_monitoring,Informative monitoring,17,tuned_level,0.03
5000016,informative_monitoring,Informative monitoring,17,tuned_level_slope,0.1
5000017,informative_monitoring,Informative monitoring,18,tuned_level,0.03
5000017,informative_monitoring,Informative monitoring,18,tuned_level_slope,0.1
5000018,informative_monitoring,Informative monitoring,19,tuned_level,0.03
5000018,informative_monitoring,Informative monitoring,19,tuned_level_slope,0.1
5000019,informative_monitoring,Informative monitoring,20,tuned_level,0.03
5000019,informative_monitoring,Informative monitoring,20,tuned_level_slope,0.1
6000000,cluster_size_informative,Cluster size--level association,1,tuned_level,0.03
6000000,cluster_size_informative,Cluster size--level association,1,tuned_level_slope,0.1
6000001,cluster_size_informative,Cluster size--level association,2,tuned_level,0.03
6000001,cluster_size_informative,Cluster size--level association,2,tuned_level_slope,0.1
6000002,cluster_size_informative,Cluster size--level association,3,tuned_level,0.03
6000002,cluster_size_informative,Cluster size--level association,3,tuned_level_slope,0.1
6000003,cluster_size_informative,Cluster size--level association,4,tuned_level,0.03
6000003,cluster_size_informative,Cluster size--level association,4,tuned_level_slope,0.1
6000004,cluster_size_informative,Cluster size--level association,5,tuned_level,0.03
6000004,cluster_size_informative,Cluster size--level association,5,tuned_level_slope,0.1
6000005,cluster_size_informative,Cluster size--level association,6,tuned_level,0.03
6000005,cluster_size_informative,Cluster size--level association,6,tuned_level_slope,0.1
6000006,cluster_size_informative,Cluster size--level association,7,tuned_level,0.0
6000006,cluster_size_informative,Cluster size--level association,7,tuned_level_slope,0.1
6000007,cluster_size_informative,Cluster size--level association,8,tuned_level,0.03
6000007,cluster_size_informative,Cluster size--level association,8,tuned_level_slope,0.1
6000008,cluster_size_informative,Cluster size--level association,9,tuned_level,0.03
6000008,cluster_size_informative,Cluster size--level association,9,tuned_level_slope,0.1
6000009,cluster_size_informative,Cluster size--level association,10,tuned_level,0.03
6000009,cluster_size_informative,Cluster size--level association,10,tuned_level_slope,0.1
6000010,cluster_size_informative,Cluster size--level association,11,tuned_level,0.0
6000010,cluster_size_informative,Cluster size--level association,11,tuned_level_slope,0.1
6000011,cluster_size_informative,Cluster size--level association,12,tuned_level,0.03
6000011,cluster_size_informative,Cluster size--level association,12,tuned_level_slope,0.1
6000012,cluster_size_informative,Cluster size--level association,13,tuned_level,0.03
6000012,cluster_size_informative,Cluster size--level association,13,tuned_level_slope,0.1
6000013,cluster_size_informative,Cluster size--level association,14,tuned_level,0.0
6000013,cluster_size_informative,Cluster size--level association,14,tuned_level_slope,0.1
6000014,cluster_size_informative,Cluster size--level association,15,tuned_level,0.0
6000014,cluster_size_informative,Cluster size--level association,15,tuned_level_slope,0.1
6000015,cluster_size_informative,Cluster size--level association,16,tuned_level,0.0
6000015,cluster_size_informative,Cluster size--level association,16,tuned_level_slope,0.1
6000016,cluster_size_informative,Cluster size--level association,17,tuned_level,0.03
6000016,cluster_size_informative,Cluster size--level association,17,tuned_level_slope,0.1
6000017,cluster_size_informative,Cluster size--level association,18,tuned_level,0.03
6000017,cluster_size_informative,Cluster size--level association,18,tuned_level_slope,0.1
6000018,cluster_size_informative,Cluster size--level association,19,tuned_level,0.03
6000018,cluster_size_informative,Cluster size--level association,19,tuned_level_slope,0.1
6000019,cluster_size_informative,Cluster size--level association,20,tuned_level,0.03
6000019,cluster_size_informative,Cluster size--level association,20,tuned_level_slope,0.1
7000000,common_time_misspecified,Misspecified common time,1,tuned_level,0.1
7000000,common_time_misspecified,Misspecified common time,1,tuned_level_slope,0.1
7000001,common_time_misspecified,Misspecified common time,2,tuned_level,0.3
7000001,common_time_misspecified,Misspecified common time,2,tuned_level_slope,0.3
7000002,common_time_misspecified,Misspecified common time,3,tuned_level,0.1
7000002,common_time_misspecified,Misspecified common time,3,tuned_level_slope,0.1
7000003,common_time_misspecified,Misspecified common time,4,tuned_level,0.3
7000003,common_time_misspecified,Misspecified common time,4,tuned_level_slope,0.1
7000004,common_time_misspecified,Misspecified common time,5,tuned_level,0.3
7000004,common_time_misspecified,Misspecified common time,5,tuned_level_slope,0.1
7000005,common_time_misspecified,Misspecified common time,6,tuned_level,0.1
7000005,common_time_misspecified,Misspecified common time,6,tuned_level_slope,0.1
7000006,common_time_misspecified,Misspecified common time,7,tuned_level,0.1
7000006,common_time_misspecified,Misspecified common time,7,tuned_level_slope,0.1
7000007,common_time_misspecified,Misspecified common time,8,tuned_level,0.1
7000007,common_time_misspecified,Misspecified common time,8,tuned_level_slope,0.1
7000008,common_time_misspecified,Misspecified common time,9,tuned_level,0.1
7000008,common_time_misspecified,Misspecified common time,9,tuned_level_slope,0.1
7000009,common_time_misspecified,Misspecified common time,10,tuned_level,0.3
7000009,common_time_misspecified,Misspecified common time,10,tuned_level_slope,0.1
7000010,common_time_misspecified,Misspecified common time,11,tuned_level,0.3
7000010,common_time_misspecified,Misspecified common time,11,tuned_level_slope,0.1
7000011,common_time_misspecified,Misspecified common time,12,tuned_level,0.3
7000011,common_time_misspecified,Misspecified common time,12,tuned_level_slope,0.3
7000012,common_time_misspecified,Misspecified common time,13,tuned_level,0.1
7000012,common_time_misspecified,Misspecified common time,13,tuned_level_slope,0.1
7000013,common_time_misspecified,Misspecified common time,14,tuned_level,0.3
7000013,common_time_misspecified,Misspecified common time,14,tuned_level_slope,0.1
7000014,common_time_misspecified,Misspecified common time,15,tuned_level,0.1
7000014,common_time_misspecified,Misspecified common time,15,tuned_level_slope,0.1
7000015,common_time_misspecified,Misspecified common time,16,tuned_level,0.1
7000015,common_time_misspecified,Misspecified common time,16,tuned_level_slope,0.1
7000016,common_time_misspecified,Misspecified common time,17,tuned_level,0.1
7000016,common_time_misspecified,Misspecified common time,17,tuned_level_slope,0.1
7000017,common_time_misspecified,Misspecified common time,18,tuned_level,0.1
7000017,common_time_misspecified,Misspecified common time,18,tuned_level_slope,0.1
7000018,common_time_misspecified,Misspecified common time,19,tuned_level,0.1
7000018,common_time_misspecified,Misspecified common time,19,tuned_level_slope,0.1
7000019,common_time_misspecified,Misspecified common time,20,tuned_level,0.1
7000019,common_time_misspecified,Misspecified common time,20,tuned_level_slope,0.1
8000000,level_plus_shape,Persistent level plus shape,1,tuned_level,0.3
8000000,level_plus_shape,Persistent level plus shape,1,tuned_level_slope,0.1
8000001,level_plus_shape,Persistent level plus shape,2,tuned_level,1.0
8000001,level_plus_shape,Persistent level plus shape,2,tuned_level_slope,0.3
8000002,level_plus_shape,Persistent level plus shape,3,tuned_level,3.0
8000002,level_plus_shape,Persistent level plus shape,3,tuned_level_slope,3.0
8000003,level_plus_shape,Persistent level plus shape,4,tuned_level,1.0
8000003,level_plus_shape,Persistent level plus shape,4,tuned_level_slope,0.3
8000004,level_plus_shape,Persistent level plus shape,5,tuned_level,1.0
8000004,level_plus_shape,Persistent level plus shape,5,tuned_level_slope,0.3
8000005,level_plus_shape,Persistent level plus shape,6,tuned_level,10.0
8000005,level_plus_shape,Persistent level plus shape,6,tuned_level_slope,1.0
8000006,level_plus_shape,Persistent level plus shape,7,tuned_level,0.3
8000006,level_plus_shape,Persistent level plus shape,7,tuned_level_slope,0.3
8000007,level_plus_shape,Persistent level plus shape,8,tuned_level,10.0
8000007,level_plus_shape,Persistent level plus shape,8,tuned_level_slope,0.3
8000008,level_plus_shape,Persistent level plus shape,9,tuned_level,1.0
8000008,level_plus_shape,Persistent level plus shape,9,tuned_level_slope,0.1
8000009,level_plus_shape,Persistent level plus shape,10,tuned_level,10.0
8000009,level_plus_shape,Persistent level plus shape,10,tuned_level_slope,3.0
8000010,level_plus_shape,Persistent level plus shape,11,tuned_level,1.0
8000010,level_plus_shape,Persistent level plus shape,11,tuned_level_slope,0.1
8000011,level_plus_shape,Persistent level plus shape,12,tuned_level,10.0
8000011,level_plus_shape,Persistent level plus shape,12,tuned_level_slope,1.0
8000012,level_plus_shape,Persistent level plus shape,13,tuned_level,1.0
8000012,level_plus_shape,Persistent level plus shape,13,tuned_level_slope,0.3
8000013,level_plus_shape,Persistent level plus shape,14,tuned_level,1.0
8000013,level_plus_shape,Persistent level plus shape,14,tuned_level_slope,0.3
8000014,level_plus_shape,Persistent level plus shape,15,tuned_level,0.3
8000014,level_plus_shape,Persistent level plus shape,15,tuned_level_slope,0.1
8000015,level_plus_shape,Persistent level plus shape,16,tuned_level,10.0
8000015,level_plus_shape,Persistent level plus shape,16,tuned_level_slope,0.3
8000016,level_plus_shape,Persistent level plus shape,17,tuned_level,1.0
8000016,level_plus_shape,Persistent level plus shape,17,tuned_level_slope,0.3
8000017,level_plus_shape,Persistent level plus shape,18,tuned_level,1.0
8000017,level_plus_shape,Persistent level plus shape,18,tuned_level_slope,0.3
8000018,level_plus_shape,Persistent level plus shape,19,tuned_level,0.3
8000018,level_plus_shape,Persistent level plus shape,19,tuned_level_slope,0.1
8000019,level_plus_shape,Persistent level plus shape,20,tuned_level,0.1
8000019,level_plus_shape,Persistent level plus shape,20,tuned_level_slope,0.1
9000000,treatment_feedback,Treatment feedback,1,tuned_level,0.03
9000000,treatment_feedback,Treatment feedback,1,tuned_level_slope,0.1
9000001,treatment_feedback,Treatment feedback,2,tuned_level,0.03
9000001,treatment_feedback,Treatment feedback,2,tuned_level_slope,0.1
9000002,treatment_feedback,Treatment feedback,3,tuned_level,0.1
9000002,treatment_feedback,Treatment feedback,3,tuned_level_slope,0.1
9000003,treatment_feedback,Treatment feedback,4,tuned_level,0.1
9000003,treatment_feedback,Treatment feedback,4,tuned_level_slope,0.1
9000004,treatment_feedback,Treatment feedback,5,tuned_level,0.1
9000004,treatment_feedback,Treatment feedback,5,tuned_level_slope,0.1
9000005,treatment_feedback,Treatment feedback,6,tuned_level,0.1
9000005,treatment_feedback,Treatment feedback,6,tuned_level_slope,0.1
9000006,treatment_feedback,Treatment feedback,7,tuned_level,0.03
9000006,treatment_feedback,Treatment feedback,7,tuned_level_slope,0.1
9000007,treatment_feedback,Treatment feedback,8,tuned_level,0.03
9000007,treatment_feedback,Treatment feedback,8,tuned_level_slope,0.1
9000008,treatment_feedback,Treatment feedback,9,tuned_level,0.03
9000008,treatment_feedback,Treatment feedback,9,tuned_level_slope,0.1
9000009,treatment_feedback,Treatment feedback,10,tuned_level,0.1
9000009,treatment_feedback,Treatment feedback,10,tuned_level_slope,0.1
9000010,treatment_feedback,Treatment feedback,11,tuned_level,0.1
9000010,treatment_feedback,Treatment feedback,11,tuned_level_slope,0.1
9000011,treatment_feedback,Treatment feedback,12,tuned_level,0.1
9000011,treatment_feedback,Treatment feedback,12,tuned_level_slope,0.1
9000012,treatment_feedback,Treatment feedback,13,tuned_level,0.1
9000012,treatment_feedback,Treatment feedback,13,tuned_level_slope,0.1
9000013,treatment_feedback,Treatment feedback,14,tuned_level,0.03
9000013,treatment_feedback,Treatment feedback,14,tuned_level_slope,0.1
9000014,treatment_feedback,Treatment feedback,15,tuned_level,0.1
9000014,treatment_feedback,Treatment feedback,15,tuned_level_slope,0.1
9000015,treatment_feedback,Treatment feedback,16,tuned_level,0.03
9000015,treatment_feedback,Treatment feedback,16,tuned_level_slope,0.1
9000016,treatment_feedback,Treatment feedback,17,tuned_level,0.03
9000016,treatment_feedback,Treatment feedback,17,tuned_level_slope,0.1
9000017,treatment_feedback,Treatment feedback,18,tuned_level,0.03
9000017,treatment_feedback,Treatment feedback,18,tuned_level_slope,0.1
9000018,treatment_feedback,Treatment feedback,19,tuned_level,0.1
9000018,treatment_feedback,Treatment feedback,19,tuned_level_slope,0.1
9000019,treatment_feedback,Treatment feedback,20,tuned_level,0.03
9000019,treatment_feedback,Treatment feedback,20,tuned_level_slope,0.1
10000000,transient_nonpersistent,Transient non-persistence,1,tuned_level,10.0
10000000,transient_nonpersistent,Transient non-persistence,1,tuned_level_slope,10.0
10000001,transient_nonpersistent,Transient non-persistence,2,tuned_level,10.0
10000001,transient_nonpersistent,Transient non-persistence,2,tuned_level_slope,10.0
10000002,transient_nonpersistent,Transient non-persistence,3,tuned_level,10.0
10000002,transient_nonpersistent,Transient non-persistence,3,tuned_level_slope,10.0
10000003,transient_nonpersistent,Transient non-persistence,4,tuned_level,10.0
10000003,transient_nonpersistent,Transient non-persistence,4,tuned_level_slope,10.0
10000004,transient_nonpersistent,Transient non-persistence,5,tuned_level,10.0
10000004,transient_nonpersistent,Transient non-persistence,5,tuned_level_slope,10.0
10000005,transient_nonpersistent,Transient non-persistence,6,tuned_level,10.0
10000005,transient_nonpersistent,Transient non-persistence,6,tuned_level_slope,10.0
10000006,transient_nonpersistent,Transient non-persistence,7,tuned_level,10.0
10000006,transient_nonpersistent,Transient non-persistence,7,tuned_level_slope,10.0
10000007,transient_nonpersistent,Transient non-persistence,8,tuned_level,10.0
10000007,transient_nonpersistent,Transient non-persistence,8,tuned_level_slope,0.3
10000008,transient_nonpersistent,Transient non-persistence,9,tuned_level,10.0
10000008,transient_nonpersistent,Transient non-persistence,9,tuned_level_slope,10.0
10000009,transient_nonpersistent,Transient non-persistence,10,tuned_level,10.0
10000009,transient_nonpersistent,Transient non-persistence,10,tuned_level_slope,10.0
10000010,transient_nonpersistent,Transient non-persistence,11,tuned_level,10.0
10000010,transient_nonpersistent,Transient non-persistence,11,tuned_level_slope,10.0
10000011,transient_nonpersistent,Transient non-persistence,12,tuned_level,10.0
10000011,transient_nonpersistent,Transient non-persistence,12,tuned_level_slope,0.3
10000012,transient_nonpersistent,Transient non-persistence,13,tuned_level,10.0
10000012,transient_nonpersistent,Transient non-persistence,13,tuned_level_slope,10.0
10000013,transient_nonpersistent,Transient non-persistence,14,tuned_level,10.0
10000013,transient_nonpersistent,Transient non-persistence,14,tuned_level_slope,10.0
10000014,transient_nonpersistent,Transient non-persistence,15,tuned_level,0.3
10000014,transient_nonpersistent,Transient non-persistence,15,tuned_level_slope,0.3
10000015,transient_nonpersistent,Transient non-persistence,16,tuned_level,10.0
10000015,transient_nonpersistent,Transient non-persistence,16,tuned_level_slope,10.0
10000016,transient_nonpersistent,Transient non-persistence,17,tuned_level,10.0
10000016,transient_nonpersistent,Transient non-persistence,17,tuned_level_slope,3.0
10000017,transient_nonpersistent,Transient non-persistence,18,tuned_level,0.3
10000017,transient_nonpersistent,Transient non-persistence,18,tuned_level_slope,0.3
10000018,transient_nonpersistent,Transient non-persistence,19,tuned_level,10.0
10000018,transient_nonpersistent,Transient non-persistence,19,tuned_level_slope,10.0
10000019,transient_nonpersistent,Transient non-persistence,20,tuned_level,10.0
10000019,transient_nonpersistent,Transient non-persistence,20,tuned_level_slope,0.3
20,ideal_large_dense,"Ideal: large, dense",21,tuned_level,0.03
20,ideal_large_dense,"Ideal: large, dense",21,tuned_level_slope,0.1
21,ideal_large_dense,"Ideal: large, dense",22,tuned_level,0.03
21,ideal_large_dense,"Ideal: large, dense",22,tuned_level_slope,0.1
22,ideal_large_dense,"Ideal: large, dense",23,tuned_level,0.03
22,ideal_large_dense,"Ideal: large, dense",23,tuned_level_slope,0.1
23,ideal_large_dense,"Ideal: large, dense",24,tuned_level,0.03
23,ideal_large_dense,"Ideal: large, dense",24,tuned_level_slope,0.1
24,ideal_large_dense,"Ideal: large, dense",25,tuned_level,0.03
24,ideal_large_dense,"Ideal: large, dense",25,tuned_level_slope,0.1
25,ideal_large_dense,"Ideal: large, dense",26,tuned_level,0.03
25,ideal_large_dense,"Ideal: large, dense",26,tuned_level_slope,0.1
26,ideal_large_dense,"Ideal: large, dense",27,tuned_level,0.03
26,ideal_large_dense,"Ideal: large, dense",27,tuned_level_slope,0.1
27,ideal_large_dense,"Ideal: large, dense",28,tuned_level,0.03
27,ideal_large_dense,"Ideal: large, dense",28,tuned_level_slope,0.1
28,ideal_large_dense,"Ideal: large, dense",29,tuned_level,0.0
28,ideal_large_dense,"Ideal: large, dense",29,tuned_level_slope,0.1
29,ideal_large_dense,"Ideal: large, dense",30,tuned_level,0.03
29,ideal_large_dense,"Ideal: large, dense",30,tuned_level_slope,0.1
30,ideal_large_dense,"Ideal: large, dense",31,tuned_level,0.03
30,ideal_large_dense,"Ideal: large, dense",31,tuned_level_slope,0.1
31,ideal_large_dense,"Ideal: large, dense",32,tuned_level,0.03
31,ideal_large_dense,"Ideal: large, dense",32,tuned_level_slope,0.1
32,ideal_large_dense,"Ideal: large, dense",33,tuned_level,0.03
32,ideal_large_dense,"Ideal: large, dense",33,tuned_level_slope,0.1
33,ideal_large_dense,"Ideal: large, dense",34,tuned_level,0.03
33,ideal_large_dense,"Ideal: large, dense",34,tuned_level_slope,0.1
34,ideal_large_dense,"Ideal: large, dense",35,tuned_level,0.03
34,ideal_large_dense,"Ideal: large, dense",35,tuned_level_slope,0.1
35,ideal_large_dense,"Ideal: large, dense",36,tuned_level,0.03
35,ideal_large_dense,"Ideal: large, dense",36,tuned_level_slope,0.1
36,ideal_large_dense,"Ideal: large, dense",37,tuned_level,0.1
36,ideal_large_dense,"Ideal: large, dense",37,tuned_level_slope,0.1
37,ideal_large_dense,"Ideal: large, dense",38,tuned_level,0.03
37,ideal_large_dense,"Ideal: large, dense",38,tuned_level_slope,0.1
38,ideal_large_dense,"Ideal: large, dense",39,tuned_level,0.03
38,ideal_large_dense,"Ideal: large, dense",39,tuned_level_slope,0.1
39,ideal_large_dense,"Ideal: large, dense",40,tuned_level,0.03
39,ideal_large_dense,"Ideal: large, dense",40,tuned_level_slope,0.1
1000020,ideal_small_dense,"Ideal: small, dense",21,tuned_level,0.03
1000020,ideal_small_dense,"Ideal: small, dense",21,tuned_level_slope,0.1
1000021,ideal_small_dense,"Ideal: small, dense",22,tuned_level,0.03
1000021,ideal_small_dense,"Ideal: small, dense",22,tuned_level_slope,0.1
1000022,ideal_small_dense,"Ideal: small, dense",23,tuned_level,0.03
1000022,ideal_small_dense,"Ideal: small, dense",23,tuned_level_slope,0.1
1000023,ideal_small_dense,"Ideal: small, dense",24,tuned_level,0.03
1000023,ideal_small_dense,"Ideal: small, dense",24,tuned_level_slope,0.1
1000024,ideal_small_dense,"Ideal: small, dense",25,tuned_level,0.03
1000024,ideal_small_dense,"Ideal: small, dense",25,tuned_level_slope,0.1
1000025,ideal_small_dense,"Ideal: small, dense",26,tuned_level,0.03
1000025,ideal_small_dense,"Ideal: small, dense",26,tuned_level_slope,0.1
1000026,ideal_small_dense,"Ideal: small, dense",27,tuned_level,0.1
1000026,ideal_small_dense,"Ideal: small, dense",27,tuned_level_slope,0.1
1000027,ideal_small_dense,"Ideal: small, dense",28,tuned_level,0.0
1000027,ideal_small_dense,"Ideal: small, dense",28,tuned_level_slope,0.1
1000028,ideal_small_dense,"Ideal: small, dense",29,tuned_level,0.1
1000028,ideal_small_dense,"Ideal: small, dense",29,tuned_level_slope,0.1
1000029,ideal_small_dense,"Ideal: small, dense",30,tuned_level,0.1
1000029,ideal_small_dense,"Ideal: small, dense",30,tuned_level_slope,0.1
1000030,ideal_small_dense,"Ideal: small, dense",31,tuned_level,0.0
1000030,ideal_small_dense,"Ideal: small, dense",31,tuned_level_slope,0.1
1000031,ideal_small_dense,"Ideal: small, dense",32,tuned_level,0.03
1000031,ideal_small_dense,"Ideal: small, dense",32,tuned_level_slope,0.1
1000032,ideal_small_dense,"Ideal: small, dense",33,tuned_level,0.03
1000032,ideal_small_dense,"Ideal: small, dense",33,tuned_level_slope,0.1
1000033,ideal_small_dense,"Ideal: small, dense",34,tuned_level,0.03
1000033,ideal_small_dense,"Ideal: small, dense",34,tuned_level_slope,0.1
1000034,ideal_small_dense,"Ideal: small, dense",35,tuned_level,0.0
1000034,ideal_small_dense,"Ideal: small, dense",35,tuned_level_slope,0.1
1000035,ideal_small_dense,"Ideal: small, dense",36,tuned_level,0.03
1000035,ideal_small_dense,"Ideal: small, dense",36,tuned_level_slope,0.1
1000036,ideal_small_dense,"Ideal: small, dense",37,tuned_level,0.03
1000036,ideal_small_dense,"Ideal: small, dense",37,tuned_level_slope,0.1
1000037,ideal_small_dense,"Ideal: small, dense",38,tuned_level,0.0
1000037,ideal_small_dense,"Ideal: small, dense",38,tuned_level_slope,0.1
1000038,ideal_small_dense,"Ideal: small, dense",39,tuned_level,0.03
1000038,ideal_small_dense,"Ideal: small, dense",39,tuned_level_slope,0.1
1000039,ideal_small_dense,"Ideal: small, dense",40,tuned_level,0.1
1000039,ideal_small_dense,"Ideal: small, dense",40,tuned_level_slope,0.1
2000020,ideal_large_sparse,"Ideal: large, sparse",21,tuned_level,0.03
2000020,ideal_large_sparse,"Ideal: large, sparse",21,tuned_level_slope,0.1
2000021,ideal_large_sparse,"Ideal: large, sparse",22,tuned_level,0.03
2000021,ideal_large_sparse,"Ideal: large, sparse",22,tuned_level_slope,0.1
2000022,ideal_large_sparse,"Ideal: large, sparse",23,tuned_level,0.1
2000022,ideal_large_sparse,"Ideal: large, sparse",23,tuned_level_slope,0.1
2000023,ideal_large_sparse,"Ideal: large, sparse",24,tuned_level,0.03
2000023,ideal_large_sparse,"Ideal: large, sparse",24,tuned_level_slope,0.1
2000024,ideal_large_sparse,"Ideal: large, sparse",25,tuned_level,0.03
2000024,ideal_large_sparse,"Ideal: large, sparse",25,tuned_level_slope,0.1
2000025,ideal_large_sparse,"Ideal: large, sparse",26,tuned_level,0.03
2000025,ideal_large_sparse,"Ideal: large, sparse",26,tuned_level_slope,0.1
2000026,ideal_large_sparse,"Ideal: large, sparse",27,tuned_level,0.03
2000026,ideal_large_sparse,"Ideal: large, sparse",27,tuned_level_slope,0.1
2000027,ideal_large_sparse,"Ideal: large, sparse",28,tuned_level,0.03
2000027,ideal_large_sparse,"Ideal: large, sparse",28,tuned_level_slope,0.1
2000028,ideal_large_sparse,"Ideal: large, sparse",29,tuned_level,0.1
2000028,ideal_large_sparse,"Ideal: large, sparse",29,tuned_level_slope,0.1
2000029,ideal_large_sparse,"Ideal: large, sparse",30,tuned_level,0.03
2000029,ideal_large_sparse,"Ideal: large, sparse",30,tuned_level_slope,0.1
2000030,ideal_large_sparse,"Ideal: large, sparse",31,tuned_level,0.03
2000030,ideal_large_sparse,"Ideal: large, sparse",31,tuned_level_slope,0.1
2000031,ideal_large_sparse,"Ideal: large, sparse",32,tuned_level,0.03
2000031,ideal_large_sparse,"Ideal: large, sparse",32,tuned_level_slope,0.1
2000032,ideal_large_sparse,"Ideal: large, sparse",33,tuned_level,0.03
2000032,ideal_large_sparse,"Ideal: large, sparse",33,tuned_level_slope,0.1
2000033,ideal_large_sparse,"Ideal: large, sparse",34,tuned_level,0.03
2000033,ideal_large_sparse,"Ideal: large, sparse",34,tuned_level_slope,0.1
2000034,ideal_large_sparse,"Ideal: large, sparse",35,tuned_level,0.03
2000034,ideal_large_sparse,"Ideal: large, sparse",35,tuned_level_slope,0.1
2000035,ideal_large_sparse,"Ideal: large, sparse",36,tuned_level,0.1
2000035,ideal_large_sparse,"Ideal: large, sparse",36,tuned_level_slope,0.1
2000036,ideal_large_sparse,"Ideal: large, sparse",37,tuned_level,0.1
2000036,ideal_large_sparse,"Ideal: large, sparse",37,tuned_level_slope,0.1
2000037,ideal_large_sparse,"Ideal: large, sparse",38,tuned_level,0.1
2000037,ideal_large_sparse,"Ideal: large, sparse",38,tuned_level_slope,0.1
2000038,ideal_large_sparse,"Ideal: large, sparse",39,tuned_level,0.1
2000038,ideal_large_sparse,"Ideal: large, sparse",39,tuned_level_slope,0.1
2000039,ideal_large_sparse,"Ideal: large, sparse",40,tuned_level,0.1
2000039,ideal_large_sparse,"Ideal: large, sparse",40,tuned_level_slope,0.1
3000020,serial_dependence,Serial dependence,21,tuned_level,0.03
3000020,serial_dependence,Serial dependence,21,tuned_level_slope,0.1
3000021,serial_dependence,Serial dependence,22,tuned_level,0.03
3000021,serial_dependence,Serial dependence,22,tuned_level_slope,0.1
3000022,serial_dependence,Serial dependence,23,tuned_level,0.1
3000022,serial_dependence,Serial dependence,23,tuned_level_slope,0.1
3000023,serial_dependence,Serial dependence,24,tuned_level,0.3
3000023,serial_dependence,Serial dependence,24,tuned_level_slope,0.1
3000024,serial_dependence,Serial dependence,25,tuned_level,0.1
3000024,serial_dependence,Serial dependence,25,tuned_level_slope,0.1
3000025,serial_dependence,Serial dependence,26,tuned_level,0.03
3000025,serial_dependence,Serial dependence,26,tuned_level_slope,0.1
3000026,serial_dependence,Serial dependence,27,tuned_level,0.1
3000026,serial_dependence,Serial dependence,27,tuned_level_slope,0.1
3000027,serial_dependence,Serial dependence,28,tuned_level,0.03
3000027,serial_dependence,Serial dependence,28,tuned_level_slope,0.1
3000028,serial_dependence,Serial dependence,29,tuned_level,0.1
3000028,serial_dependence,Serial dependence,29,tuned_level_slope,0.1
3000029,serial_dependence,Serial dependence,30,tuned_level,0.03
3000029,serial_dependence,Serial dependence,30,tuned_level_slope,0.1
3000030,serial_dependence,Serial dependence,31,tuned_level,0.1
3000030,serial_dependence,Serial dependence,31,tuned_level_slope,0.1
3000031,serial_dependence,Serial dependence,32,tuned_level,0.03
3000031,serial_dependence,Serial dependence,32,tuned_level_slope,0.1
3000032,serial_dependence,Serial dependence,33,tuned_level,0.03
3000032,serial_dependence,Serial dependence,33,tuned_level_slope,0.1
3000033,serial_dependence,Serial dependence,34,tuned_level,0.03
3000033,serial_dependence,Serial dependence,34,tuned_level_slope,0.1
3000034,serial_dependence,Serial dependence,35,tuned_level,0.03
3000034,serial_dependence,Serial dependence,35,tuned_level_slope,0.1
3000035,serial_dependence,Serial dependence,36,tuned_level,0.1
3000035,serial_dependence,Serial dependence,36,tuned_level_slope,0.1
3000036,serial_dependence,Serial dependence,37,tuned_level,0.1
3000036,serial_dependence,Serial dependence,37,tuned_level_slope,0.1
3000037,serial_dependence,Serial dependence,38,tuned_level,0.1
3000037,serial_dependence,Serial dependence,38,tuned_level_slope,0.1
3000038,serial_dependence,Serial dependence,39,tuned_level,0.0
3000038,serial_dependence,Serial dependence,39,tuned_level_slope,0.1
3000039,serial_dependence,Serial dependence,40,tuned_level,0.1
3000039,serial_dependence,Serial dependence,40,tuned_level_slope,0.1
4000020,discrete_map_rounding,Integer MAP rounding,21,tuned_level,0.03
4000020,discrete_map_rounding,Integer MAP rounding,21,tuned_level_slope,0.1
4000021,discrete_map_rounding,Integer MAP rounding,22,tuned_level,0.03
4000021,discrete_map_rounding,Integer MAP rounding,22,tuned_level_slope,0.1
4000022,discrete_map_rounding,Integer MAP rounding,23,tuned_level,0.1
4000022,discrete_map_rounding,Integer MAP rounding,23,tuned_level_slope,0.1
4000023,discrete_map_rounding,Integer MAP rounding,24,tuned_level,0.03
4000023,discrete_map_rounding,Integer MAP rounding,24,tuned_level_slope,0.1
4000024,discrete_map_rounding,Integer MAP rounding,25,tuned_level,0.03
4000024,discrete_map_rounding,Integer MAP rounding,25,tuned_level_slope,0.1
4000025,discrete_map_rounding,Integer MAP rounding,26,tuned_level,0.03
4000025,discrete_map_rounding,Integer MAP rounding,26,tuned_level_slope,0.1
4000026,discrete_map_rounding,Integer MAP rounding,27,tuned_level,0.03
4000026,discrete_map_rounding,Integer MAP rounding,27,tuned_level_slope,0.1
4000027,discrete_map_rounding,Integer MAP rounding,28,tuned_level,0.03
4000027,discrete_map_rounding,Integer MAP rounding,28,tuned_level_slope,0.1
4000028,discrete_map_rounding,Integer MAP rounding,29,tuned_level,0.03
4000028,discrete_map_rounding,Integer MAP rounding,29,tuned_level_slope,0.1
4000029,discrete_map_rounding,Integer MAP rounding,30,tuned_level,0.03
4000029,discrete_map_rounding,Integer MAP rounding,30,tuned_level_slope,0.1
4000030,discrete_map_rounding,Integer MAP rounding,31,tuned_level,0.03
4000030,discrete_map_rounding,Integer MAP rounding,31,tuned_level_slope,0.1
4000031,discrete_map_rounding,Integer MAP rounding,32,tuned_level,0.03
4000031,discrete_map_rounding,Integer MAP rounding,32,tuned_level_slope,0.1
4000032,discrete_map_rounding,Integer MAP rounding,33,tuned_level,0.03
4000032,discrete_map_rounding,Integer MAP rounding,33,tuned_level_slope,0.1
4000033,discrete_map_rounding,Integer MAP rounding,34,tuned_level,0.03
4000033,discrete_map_rounding,Integer MAP rounding,34,tuned_level_slope,0.1
4000034,discrete_map_rounding,Integer MAP rounding,35,tuned_level,0.03
4000034,discrete_map_rounding,Integer MAP rounding,35,tuned_level_slope,0.1
4000035,discrete_map_rounding,Integer MAP rounding,36,tuned_level,0.03
4000035,discrete_map_rounding,Integer MAP rounding,36,tuned_level_slope,0.1
4000036,discrete_map_rounding,Integer MAP rounding,37,tuned_level,0.0
4000036,discrete_map_rounding,Integer MAP rounding,37,tuned_level_slope,0.1
4000037,discrete_map_rounding,Integer MAP rounding,38,tuned_level,0.1
4000037,discrete_map_rounding,Integer MAP rounding,38,tuned_level_slope,0.1
4000038,discrete_map_rounding,Integer MAP rounding,39,tuned_level,0.1
4000038,discrete_map_rounding,Integer MAP rounding,39,tuned_level_slope,0.1
4000039,discrete_map_rounding,Integer MAP rounding,40,tuned_level,0.03
4000039,discrete_map_rounding,Integer MAP rounding,40,tuned_level_slope,0.1
5000020,informative_monitoring,Informative monitoring,21,tuned_level,0.03
5000020,informative_monitoring,Informative monitoring,21,tuned_level_slope,0.1
5000021,informative_monitoring,Informative monitoring,22,tuned_level,0.03
5000021,informative_monitoring,Informative monitoring,22,tuned_level_slope,0.1
5000022,informative_monitoring,Informative monitoring,23,tuned_level,0.0
5000022,informative_monitoring,Informative monitoring,23,tuned_level_slope,0.1
5000023,informative_monitoring,Informative monitoring,24,tuned_level,0.03
5000023,informative_monitoring,Informative monitoring,24,tuned_level_slope,0.1
5000024,informative_monitoring,Informative monitoring,25,tuned_level,0.03
5000024,informative_monitoring,Informative monitoring,25,tuned_level_slope,0.1
5000025,informative_monitoring,Informative monitoring,26,tuned_level,0.03
5000025,informative_monitoring,Informative monitoring,26,tuned_level_slope,0.1
5000026,informative_monitoring,Informative monitoring,27,tuned_level,0.03
5000026,informative_monitoring,Informative monitoring,27,tuned_level_slope,0.1
5000027,informative_monitoring,Informative monitoring,28,tuned_level,0.03
5000027,informative_monitoring,Informative monitoring,28,tuned_level_slope,0.1
5000028,informative_monitoring,Informative monitoring,29,tuned_level,0.03
5000028,informative_monitoring,Informative monitoring,29,tuned_level_slope,0.1
5000029,informative_monitoring,Informative monitoring,30,tuned_level,0.03
5000029,informative_monitoring,Informative monitoring,30,tuned_level_slope,0.1
5000030,informative_monitoring,Informative monitoring,31,tuned_level,0.03
5000030,informative_monitoring,Informative monitoring,31,tuned_level_slope,0.1
5000031,informative_monitoring,Informative monitoring,32,tuned_level,0.03
5000031,informative_monitoring,Informative monitoring,32,tuned_level_slope,0.1
5000032,informative_monitoring,Informative monitoring,33,tuned_level,0.03
5000032,informative_monitoring,Informative monitoring,33,tuned_level_slope,0.1
5000033,informative_monitoring,Informative monitoring,34,tuned_level,0.03
5000033,informative_monitoring,Informative monitoring,34,tuned_level_slope,0.1
5000034,informative_monitoring,Informative monitoring,35,tuned_level,0.03
5000034,informative_monitoring,Informative monitoring,35,tuned_level_slope,0.1
5000035,informative_monitoring,Informative monitoring,36,tuned_level,0.03
5000035,informative_monitoring,Informative monitoring,36,tuned_level_slope,0.1
5000036,informative_monitoring,Informative monitoring,37,tuned_level,0.03
5000036,informative_monitoring,Informative monitoring,37,tuned_level_slope,0.1
5000037,informative_monitoring,Informative monitoring,38,tuned_level,0.03
5000037,informative_monitoring,Informative monitoring,38,tuned_level_slope,0.1
5000038,informative_monitoring,Informative monitoring,39,tuned_level,0.03
5000038,informative_monitoring,Informative monitoring,39,tuned_level_slope,0.1
5000039,informative_monitoring,Informative monitoring,40,tuned_level,0.03
5000039,informative_monitoring,Informative monitoring,40,tuned_level_slope,0.1
6000020,cluster_size_informative,Cluster size--level association,21,tuned_level,0.0
6000020,cluster_size_informative,Cluster size--level association,21,tuned_level_slope,0.1
6000021,cluster_size_informative,Cluster size--level association,22,tuned_level,0.0
6000021,cluster_size_informative,Cluster size--level association,22,tuned_level_slope,0.1
6000022,cluster_size_informative,Cluster size--level association,23,tuned_level,0.03
6000022,cluster_size_informative,Cluster size--level association,23,tuned_level_slope,0.1
6000023,cluster_size_informative,Cluster size--level association,24,tuned_level,0.0
6000023,cluster_size_informative,Cluster size--level association,24,tuned_level_slope,0.1
6000024,cluster_size_informative,Cluster size--level association,25,tuned_level,0.03
6000024,cluster_size_informative,Cluster size--level association,25,tuned_level_slope,0.1
6000025,cluster_size_informative,Cluster size--level association,26,tuned_level,0.03
6000025,cluster_size_informative,Cluster size--level association,26,tuned_level_slope,0.1
6000026,cluster_size_informative,Cluster size--level association,27,tuned_level,0.03
6000026,cluster_size_informative,Cluster size--level association,27,tuned_level_slope,0.1
6000027,cluster_size_informative,Cluster size--level association,28,tuned_level,0.0
6000027,cluster_size_informative,Cluster size--level association,28,tuned_level_slope,0.1
6000028,cluster_size_informative,Cluster size--level association,29,tuned_level,0.03
6000028,cluster_size_informative,Cluster size--level association,29,tuned_level_slope,0.1
6000029,cluster_size_informative,Cluster size--level association,30,tuned_level,0.0
6000029,cluster_size_informative,Cluster size--level association,30,tuned_level_slope,0.1
6000030,cluster_size_informative,Cluster size--level association,31,tuned_level,0.03
6000030,cluster_size_informative,Cluster size--level association,31,tuned_level_slope,0.1
6000031,cluster_size_informative,Cluster size--level association,32,tuned_level,0.03
6000031,cluster_size_informative,Cluster size--level association,32,tuned_level_slope,0.1
6000032,cluster_size_informative,Cluster size--level association,33,tuned_level,0.03
6000032,cluster_size_informative,Cluster size--level association,33,tuned_level_slope,0.1
6000033,cluster_size_informative,Cluster size--level association,34,tuned_level,0.03
6000033,cluster_size_informative,Cluster size--level association,34,tuned_level_slope,0.1
6000034,cluster_size_informative,Cluster size--level association,35,tuned_level,0.03
6000034,cluster_size_informative,Cluster size--level association,35,tuned_level_slope,0.1
6000035,cluster_size_informative,Cluster size--level association,36,tuned_level,0.0
6000035,cluster_size_informative,Cluster size--level association,36,tuned_level_slope,0.1
6000036,cluster_size_informative,Cluster size--level association,37,tuned_level,0.03
6000036,cluster_size_informative,Cluster size--level association,37,tuned_level_slope,0.1
6000037,cluster_size_informative,Cluster size--level association,38,tuned_level,0.0
6000037,cluster_size_informative,Cluster size--level association,38,tuned_level_slope,0.1
6000038,cluster_size_informative,Cluster size--level association,39,tuned_level,0.03
6000038,cluster_size_informative,Cluster size--level association,39,tuned_level_slope,0.1
6000039,cluster_size_informative,Cluster size--level association,40,tuned_level,0.03
6000039,cluster_size_informative,Cluster size--level association,40,tuned_level_slope,0.1
7000020,common_time_misspecified,Misspecified common time,21,tuned_level,0.1
7000020,common_time_misspecified,Misspecified common time,21,tuned_level_slope,0.1
7000021,common_time_misspecified,Misspecified common time,22,tuned_level,0.1
7000021,common_time_misspecified,Misspecified common time,22,tuned_level_slope,0.1
7000022,common_time_misspecified,Misspecified common time,23,tuned_level,0.3
7000022,common_time_misspecified,Misspecified common time,23,tuned_level_slope,0.1
7000023,common_time_misspecified,Misspecified common time,24,tuned_level,0.1
7000023,common_time_misspecified,Misspecified common time,24,tuned_level_slope,0.1
7000024,common_time_misspecified,Misspecified common time,25,tuned_level,0.1
7000024,common_time_misspecified,Misspecified common time,25,tuned_level_slope,0.1
7000025,common_time_misspecified,Misspecified common time,26,tuned_level,0.3
7000025,common_time_misspecified,Misspecified common time,26,tuned_level_slope,0.3
7000026,common_time_misspecified,Misspecified common time,27,tuned_level,0.1
7000026,common_time_misspecified,Misspecified common time,27,tuned_level_slope,0.1
7000027,common_time_misspecified,Misspecified common time,28,tuned_level,0.1
7000027,common_time_misspecified,Misspecified common time,28,tuned_level_slope,0.1
7000028,common_time_misspecified,Misspecified common time,29,tuned_level,0.1
7000028,common_time_misspecified,Misspecified common time,29,tuned_level_slope,0.1
7000029,common_time_misspecified,Misspecified common time,30,tuned_level,0.1
7000029,common_time_misspecified,Misspecified common time,30,tuned_level_slope,0.1
7000030,common_time_misspecified,Misspecified common time,31,tuned_level,0.3
7000030,common_time_misspecified,Misspecified common time,31,tuned_level_slope,0.1
7000031,common_time_misspecified,Misspecified common time,32,tuned_level,0.1
7000031,common_time_misspecified,Misspecified common time,32,tuned_level_slope,0.1
7000032,common_time_misspecified,Misspecified common time,33,tuned_level,0.1
7000032,common_time_misspecified,Misspecified common time,33,tuned_level_slope,0.1
7000033,common_time_misspecified,Misspecified common time,34,tuned_level,0.1
7000033,common_time_misspecified,Misspecified common time,34,tuned_level_slope,0.1
7000034,common_time_misspecified,Misspecified common time,35,tuned_level,0.1
7000034,common_time_misspecified,Misspecified common time,35,tuned_level_slope,0.1
7000035,common_time_misspecified,Misspecified common time,36,tuned_level,0.1
7000035,common_time_misspecified,Misspecified common time,36,tuned_level_slope,0.1
7000036,common_time_misspecified,Misspecified common time,37,tuned_level,0.1
7000036,common_time_misspecified,Misspecified common time,37,tuned_level_slope,0.1
7000037,common_time_misspecified,Misspecified common time,38,tuned_level,0.3
7000037,common_time_misspecified,Misspecified common time,38,tuned_level_slope,0.1
7000038,common_time_misspecified,Misspecified common time,39,tuned_level,0.3
7000038,common_time_misspecified,Misspecified common time,39,tuned_level_slope,0.1
7000039,common_time_misspecified,Misspecified common time,40,tuned_level,0.1
7000039,common_time_misspecified,Misspecified common time,40,tuned_level_slope,0.1
8000020,level_plus_shape,Persistent level plus shape,21,tuned_level,3.0
8000020,level_plus_shape,Persistent level plus shape,21,tuned_level_slope,0.3
8000021,level_plus_shape,Persistent level plus shape,22,tuned_level,1.0
8000021,level_plus_shape,Persistent level plus shape,22,tuned_level_slope,1.0
8000022,level_plus_shape,Persistent level plus shape,23,tuned_level,1.0
8000022,level_plus_shape,Persistent level plus shape,23,tuned_level_slope,0.3
8000023,level_plus_shape,Persistent level plus shape,24,tuned_level,10.0
8000023,level_plus_shape,Persistent level plus shape,24,tuned_level_slope,0.1
8000024,level_plus_shape,Persistent level plus shape,25,tuned_level,0.3
8000024,level_plus_shape,Persistent level plus shape,25,tuned_level_slope,0.1
8000025,level_plus_shape,Persistent level plus shape,26,tuned_level,1.0
8000025,level_plus_shape,Persistent level plus shape,26,tuned_level_slope,0.1
8000026,level_plus_shape,Persistent level plus shape,27,tuned_level,10.0
8000026,level_plus_shape,Persistent level plus shape,27,tuned_level_slope,3.0
8000027,level_plus_shape,Persistent level plus shape,28,tuned_level,10.0
8000027,level_plus_shape,Persistent level plus shape,28,tuned_level_slope,10.0
8000028,level_plus_shape,Persistent level plus shape,29,tuned_level,3.0
8000028,level_plus_shape,Persistent level plus shape,29,tuned_level_slope,0.3
8000029,level_plus_shape,Persistent level plus shape,30,tuned_level,10.0
8000029,level_plus_shape,Persistent level plus shape,30,tuned_level_slope,0.3
8000030,level_plus_shape,Persistent level plus shape,31,tuned_level,0.3
8000030,level_plus_shape,Persistent level plus shape,31,tuned_level_slope,0.3
8000031,level_plus_shape,Persistent level plus shape,32,tuned_level,3.0
8000031,level_plus_shape,Persistent level plus shape,32,tuned_level_slope,1.0
8000032,level_plus_shape,Persistent level plus shape,33,tuned_level,0.3
8000032,level_plus_shape,Persistent level plus shape,33,tuned_level_slope,0.3
8000033,level_plus_shape,Persistent level plus shape,34,tuned_level,10.0
8000033,level_plus_shape,Persistent level plus shape,34,tuned_level_slope,0.1
8000034,level_plus_shape,Persistent level plus shape,35,tuned_level,1.0
8000034,level_plus_shape,Persistent level plus shape,35,tuned_level_slope,0.3
8000035,level_plus_shape,Persistent level plus shape,36,tuned_level,1.0
8000035,level_plus_shape,Persistent level plus shape,36,tuned_level_slope,0.1
8000036,level_plus_shape,Persistent level plus shape,37,tuned_level,10.0
8000036,level_plus_shape,Persistent level plus shape,37,tuned_level_slope,1.0
8000037,level_plus_shape,Persistent level plus shape,38,tuned_level,1.0
8000037,level_plus_shape,Persistent level plus shape,38,tuned_level_slope,0.1
8000038,level_plus_shape,Persistent level plus shape,39,tuned_level,3.0
8000038,level_plus_shape,Persistent level plus shape,39,tuned_level_slope,0.3
8000039,level_plus_shape,Persistent level plus shape,40,tuned_level,3.0
8000039,level_plus_shape,Persistent level plus shape,40,tuned_level_slope,0.1
9000020,treatment_feedback,Treatment feedback,21,tuned_level,0.03
9000020,treatment_feedback,Treatment feedback,21,tuned_level_slope,0.1
9000021,treatment_feedback,Treatment feedback,22,tuned_level,0.03
9000021,treatment_feedback,Treatment feedback,22,tuned_level_slope,0.1
9000022,treatment_feedback,Treatment feedback,23,tuned_level,0.03
9000022,treatment_feedback,Treatment feedback,23,tuned_level_slope,0.1
9000023,treatment_feedback,Treatment feedback,24,tuned_level,0.03
9000023,treatment_feedback,Treatment feedback,24,tuned_level_slope,0.1
9000024,treatment_feedback,Treatment feedback,25,tuned_level,0.1
9000024,treatment_feedback,Treatment feedback,25,tuned_level_slope,0.1
9000025,treatment_feedback,Treatment feedback,26,tuned_level,0.1
9000025,treatment_feedback,Treatment feedback,26,tuned_level_slope,0.1
9000026,treatment_feedback,Treatment feedback,27,tuned_level,0.1
9000026,treatment_feedback,Treatment feedback,27,tuned_level_slope,0.1
9000027,treatment_feedback,Treatment feedback,28,tuned_level,0.03
9000027,treatment_feedback,Treatment feedback,28,tuned_level_slope,0.1
9000028,treatment_feedback,Treatment feedback,29,tuned_level,0.3
9000028,treatment_feedback,Treatment feedback,29,tuned_level_slope,0.1
9000029,treatment_feedback,Treatment feedback,30,tuned_level,0.03
9000029,treatment_feedback,Treatment feedback,30,tuned_level_slope,0.1
9000030,treatment_feedback,Treatment feedback,31,tuned_level,0.1
9000030,treatment_feedback,Treatment feedback,31,tuned_level_slope,0.1
9000031,treatment_feedback,Treatment feedback,32,tuned_level,0.03
9000031,treatment_feedback,Treatment feedback,32,tuned_level_slope,0.1
9000032,treatment_feedback,Treatment feedback,33,tuned_level,0.03
9000032,treatment_feedback,Treatment feedback,33,tuned_level_slope,0.1
9000033,treatment_feedback,Treatment feedback,34,tuned_level,0.03
9000033,treatment_feedback,Treatment feedback,34,tuned_level_slope,0.1
9000034,treatment_feedback,Treatment feedback,35,tuned_level,0.1
9000034,treatment_feedback,Treatment feedback,35,tuned_level_slope,0.1
9000035,treatment_feedback,Treatment feedback,36,tuned_level,0.03
9000035,treatment_feedback,Treatment feedback,36,tuned_level_slope,0.1
9000036,treatment_feedback,Treatment feedback,37,tuned_level,0.03
9000036,treatment_feedback,Treatment feedback,37,tuned_level_slope,0.1
9000037,treatment_feedback,Treatment feedback,38,tuned_level,0.1
9000037,treatment_feedback,Treatment feedback,38,tuned_level_slope,0.1
9000038,treatment_feedback,Treatment feedback,39,tuned_level,0.1
9000038,treatment_feedback,Treatment feedback,39,tuned_level_slope,0.1
9000039,treatment_feedback,Treatment feedback,40,tuned_level,0.1
9000039,treatment_feedback,Treatment feedback,40,tuned_level_slope,0.1
10000020,transient_nonpersistent,Transient non-persistence,21,tuned_level,10.0
10000020,transient_nonpersistent,Transient non-persistence,21,tuned_level_slope,0.3
10000021,transient_nonpersistent,Transient non-persistence,22,tuned_level,10.0
10000021,transient_nonpersistent,Transient non-persistence,22,tuned_level_slope,10.0
10000022,transient_nonpersistent,Transient non-persistence,23,tuned_level,0.3
10000022,transient_nonpersistent,Transient non-persistence,23,tuned_level_slope,0.3
10000023,transient_nonpersistent,Transient non-persistence,24,tuned_level,10.0
10000023,transient_nonpersistent,Transient non-persistence,24,tuned_level_slope,10.0
10000024,transient_nonpersistent,Transient non-persistence,25,tuned_level,10.0
10000024,transient_nonpersistent,Transient non-persistence,25,tuned_level_slope,10.0
10000025,transient_nonpersistent,Transient non-persistence,26,tuned_level,10.0
10000025,transient_nonpersistent,Transient non-persistence,26,tuned_level_slope,10.0
10000026,transient_nonpersistent,Transient non-persistence,27,tuned_level,10.0
10000026,transient_nonpersistent,Transient non-persistence,27,tuned_level_slope,10.0
10000027,transient_nonpersistent,Transient non-persistence,28,tuned_level,10.0
10000027,transient_nonpersistent,Transient non-persistence,28,tuned_level_slope,10.0
10000028,transient_nonpersistent,Transient non-persistence,29,tuned_level,10.0
10000028,transient_nonpersistent,Transient non-persistence,29,tuned_level_slope,10.0
10000029,transient_nonpersistent,Transient non-persistence,30,tuned_level,0.3
10000029,transient_nonpersistent,Transient non-persistence,30,tuned_level_slope,0.3
10000030,transient_nonpersistent,Transient non-persistence,31,tuned_level,10.0
10000030,transient_nonpersistent,Transient non-persistence,31,tuned_level_slope,10.0
10000031,transient_nonpersistent,Transient non-persistence,32,tuned_level,10.0
10000031,transient_nonpersistent,Transient non-persistence,32,tuned_level_slope,10.0
10000032,transient_nonpersistent,Transient non-persistence,33,tuned_level,10.0
10000032,transient_nonpersistent,Transient non-persistence,33,tuned_level_slope,10.0
10000033,transient_nonpersistent,Transient non-persistence,34,tuned_level,10.0
10000033,transient_nonpersistent,Transient non-persistence,34,tuned_level_slope,10.0
10000034,transient_nonpersistent,Transient non-persistence,35,tuned_level,10.0
10000034,transient_nonpersistent,Transient non-persistence,35,tuned_level_slope,0.3
10000035,transient_nonpersistent,Transient non-persistence,36,tuned_level,10.0
10000035,transient_nonpersistent,Transient non-persistence,36,tuned_level_slope,10.0
10000036,transient_nonpersistent,Transient non-persistence,37,tuned_level,10.0
10000036,transient_nonpersistent,Transient non-persistence,37,tuned_level_slope,10.0
10000037,transient_nonpersistent,Transient non-persistence,38,tuned_level,1.0
10000037,transient_nonpersistent,Transient non-persistence,38,tuned_level_slope,0.3
10000038,transient_nonpersistent,Transient non-persistence,39,tuned_level,10.0
10000038,transient_nonpersistent,Transient non-persistence,39,tuned_level_slope,10.0
10000039,transient_nonpersistent,Transient non-persistence,40,tuned_level,10.0
10000039,transient_nonpersistent,Transient non-persistence,40,tuned_level_slope,10.0
40,ideal_large_dense,"Ideal: large, dense",41,tuned_level,0.03
40,ideal_large_dense,"Ideal: large, dense",41,tuned_level_slope,0.1
41,ideal_large_dense,"Ideal: large, dense",42,tuned_level,0.03
41,ideal_large_dense,"Ideal: large, dense",42,tuned_level_slope,0.1
42,ideal_large_dense,"Ideal: large, dense",43,tuned_level,0.03
42,ideal_large_dense,"Ideal: large, dense",43,tuned_level_slope,0.1
43,ideal_large_dense,"Ideal: large, dense",44,tuned_level,0.03
43,ideal_large_dense,"Ideal: large, dense",44,tuned_level_slope,0.1
44,ideal_large_dense,"Ideal: large, dense",45,tuned_level,0.03
44,ideal_large_dense,"Ideal: large, dense",45,tuned_level_slope,0.1
45,ideal_large_dense,"Ideal: large, dense",46,tuned_level,0.03
45,ideal_large_dense,"Ideal: large, dense",46,tuned_level_slope,0.1
46,ideal_large_dense,"Ideal: large, dense",47,tuned_level,0.03
46,ideal_large_dense,"Ideal: large, dense",47,tuned_level_slope,0.1
47,ideal_large_dense,"Ideal: large, dense",48,tuned_level,0.03
47,ideal_large_dense,"Ideal: large, dense",48,tuned_level_slope,0.1
48,ideal_large_dense,"Ideal: large, dense",49,tuned_level,0.1
48,ideal_large_dense,"Ideal: large, dense",49,tuned_level_slope,0.1
49,ideal_large_dense,"Ideal: large, dense",50,tuned_level,0.03
49,ideal_large_dense,"Ideal: large, dense",50,tuned_level_slope,0.1
50,ideal_large_dense,"Ideal: large, dense",51,tuned_level,0.03
50,ideal_large_dense,"Ideal: large, dense",51,tuned_level_slope,0.1
51,ideal_large_dense,"Ideal: large, dense",52,tuned_level,0.03
51,ideal_large_dense,"Ideal: large, dense",52,tuned_level_slope,0.1
52,ideal_large_dense,"Ideal: large, dense",53,tuned_level,0.03
52,ideal_large_dense,"Ideal: large, dense",53,tuned_level_slope,0.1
53,ideal_large_dense,"Ideal: large, dense",54,tuned_level,0.03
53,ideal_large_dense,"Ideal: large, dense",54,tuned_level_slope,0.1
54,ideal_large_dense,"Ideal: large, dense",55,tuned_level,0.03
54,ideal_large_dense,"Ideal: large, dense",55,tuned_level_slope,0.1
55,ideal_large_dense,"Ideal: large, dense",56,tuned_level,0.03
55,ideal_large_dense,"Ideal: large, dense",56,tuned_level_slope,0.1
56,ideal_large_dense,"Ideal: large, dense",57,tuned_level,0.03
56,ideal_large_dense,"Ideal: large, dense",57,tuned_level_slope,0.1
57,ideal_large_dense,"Ideal: large, dense",58,tuned_level,0.0
57,ideal_large_dense,"Ideal: large, dense",58,tuned_level_slope,0.1
58,ideal_large_dense,"Ideal: large, dense",59,tuned_level,0.03
58,ideal_large_dense,"Ideal: large, dense",59,tuned_level_slope,0.1
59,ideal_large_dense,"Ideal: large, dense",60,tuned_level,0.03
59,ideal_large_dense,"Ideal: large, dense",60,tuned_level_slope,0.1
1000040,ideal_small_dense,"Ideal: small, dense",41,tuned_level,0.1
1000040,ideal_small_dense,"Ideal: small, dense",41,tuned_level_slope,0.1
1000041,ideal_small_dense,"Ideal: small, dense",42,tuned_level,0.03
1000041,ideal_small_dense,"Ideal: small, dense",42,tuned_level_slope,0.1
1000042,ideal_small_dense,"Ideal: small, dense",43,tuned_level,0.03
1000042,ideal_small_dense,"Ideal: small, dense",43,tuned_level_slope,0.1
1000043,ideal_small_dense,"Ideal: small, dense",44,tuned_level,0.03
1000043,ideal_small_dense,"Ideal: small, dense",44,tuned_level_slope,0.1
1000044,ideal_small_dense,"Ideal: small, dense",45,tuned_level,0.03
1000044,ideal_small_dense,"Ideal: small, dense",45,tuned_level_slope,0.1
1000045,ideal_small_dense,"Ideal: small, dense",46,tuned_level,0.03
1000045,ideal_small_dense,"Ideal: small, dense",46,tuned_level_slope,0.1
1000046,ideal_small_dense,"Ideal: small, dense",47,tuned_level,0.1
1000046,ideal_small_dense,"Ideal: small, dense",47,tuned_level_slope,0.1
1000047,ideal_small_dense,"Ideal: small, dense",48,tuned_level,0.1
1000047,ideal_small_dense,"Ideal: small, dense",48,tuned_level_slope,0.1
1000048,ideal_small_dense,"Ideal: small, dense",49,tuned_level,0.03
1000048,ideal_small_dense,"Ideal: small, dense",49,tuned_level_slope,0.1
1000049,ideal_small_dense,"Ideal: small, dense",50,tuned_level,0.03
1000049,ideal_small_dense,"Ideal: small, dense",50,tuned_level_slope,0.1
1000050,ideal_small_dense,"Ideal: small, dense",51,tuned_level,0.1
1000050,ideal_small_dense,"Ideal: small, dense",51,tuned_level_slope,0.1
1000051,ideal_small_dense,"Ideal: small, dense",52,tuned_level,0.03
1000051,ideal_small_dense,"Ideal: small, dense",52,tuned_level_slope,0.1
1000052,ideal_small_dense,"Ideal: small, dense",53,tuned_level,0.03
1000052,ideal_small_dense,"Ideal: small, dense",53,tuned_level_slope,0.1
1000053,ideal_small_dense,"Ideal: small, dense",54,tuned_level,0.03
1000053,ideal_small_dense,"Ideal: small, dense",54,tuned_level_slope,0.1
1000054,ideal_small_dense,"Ideal: small, dense",55,tuned_level,0.03
1000054,ideal_small_dense,"Ideal: small, dense",55,tuned_level_slope,0.1
1000055,ideal_small_dense,"Ideal: small, dense",56,tuned_level,0.03
1000055,ideal_small_dense,"Ideal: small, dense",56,tuned_level_slope,0.1
1000056,ideal_small_dense,"Ideal: small, dense",57,tuned_level,0.1
1000056,ideal_small_dense,"Ideal: small, dense",57,tuned_level_slope,0.1
1000057,ideal_small_dense,"Ideal: small, dense",58,tuned_level,0.1
1000057,ideal_small_dense,"Ideal: small, dense",58,tuned_level_slope,0.1
1000058,ideal_small_dense,"Ideal: small, dense",59,tuned_level,0.1
1000058,ideal_small_dense,"Ideal: small, dense",59,tuned_level_slope,0.1
1000059,ideal_small_dense,"Ideal: small, dense",60,tuned_level,0.0
1000059,ideal_small_dense,"Ideal: small, dense",60,tuned_level_slope,0.1
2000040,ideal_large_sparse,"Ideal: large, sparse",41,tuned_level,0.03
2000040,ideal_large_sparse,"Ideal: large, sparse",41,tuned_level_slope,0.1
2000041,ideal_large_sparse,"Ideal: large, sparse",42,tuned_level,0.03
2000041,ideal_large_sparse,"Ideal: large, sparse",42,tuned_level_slope,0.1
2000042,ideal_large_sparse,"Ideal: large, sparse",43,tuned_level,0.03
2000042,ideal_large_sparse,"Ideal: large, sparse",43,tuned_level_slope,0.1
2000043,ideal_large_sparse,"Ideal: large, sparse",44,tuned_level,0.1
2000043,ideal_large_sparse,"Ideal: large, sparse",44,tuned_level_slope,0.1
2000044,ideal_large_sparse,"Ideal: large, sparse",45,tuned_level,0.03
2000044,ideal_large_sparse,"Ideal: large, sparse",45,tuned_level_slope,0.1
2000045,ideal_large_sparse,"Ideal: large, sparse",46,tuned_level,0.03
2000045,ideal_large_sparse,"Ideal: large, sparse",46,tuned_level_slope,0.1
2000046,ideal_large_sparse,"Ideal: large, sparse",47,tuned_level,0.03
2000046,ideal_large_sparse,"Ideal: large, sparse",47,tuned_level_slope,0.1
2000047,ideal_large_sparse,"Ideal: large, sparse",48,tuned_level,0.03
2000047,ideal_large_sparse,"Ideal: large, sparse",48,tuned_level_slope,0.1
2000048,ideal_large_sparse,"Ideal: large, sparse",49,tuned_level,0.03
2000048,ideal_large_sparse,"Ideal: large, sparse",49,tuned_level_slope,0.1
2000049,ideal_large_sparse,"Ideal: large, sparse",50,tuned_level,0.03
2000049,ideal_large_sparse,"Ideal: large, sparse",50,tuned_level_slope,0.1
2000050,ideal_large_sparse,"Ideal: large, sparse",51,tuned_level,0.03
2000050,ideal_large_sparse,"Ideal: large, sparse",51,tuned_level_slope,0.1
2000051,ideal_large_sparse,"Ideal: large, sparse",52,tuned_level,0.03
2000051,ideal_large_sparse,"Ideal: large, sparse",52,tuned_level_slope,0.1
2000052,ideal_large_sparse,"Ideal: large, sparse",53,tuned_level,0.03
2000052,ideal_large_sparse,"Ideal: large, sparse",53,tuned_level_slope,0.1
2000053,ideal_large_sparse,"Ideal: large, sparse",54,tuned_level,0.1
2000053,ideal_large_sparse,"Ideal: large, sparse",54,tuned_level_slope,0.1
2000054,ideal_large_sparse,"Ideal: large, sparse",55,tuned_level,0.03
2000054,ideal_large_sparse,"Ideal: large, sparse",55,tuned_level_slope,0.1
2000055,ideal_large_sparse,"Ideal: large, sparse",56,tuned_level,0.03
2000055,ideal_large_sparse,"Ideal: large, sparse",56,tuned_level_slope,0.1
2000056,ideal_large_sparse,"Ideal: large, sparse",57,tuned_level,0.03
2000056,ideal_large_sparse,"Ideal: large, sparse",57,tuned_level_slope,0.1
2000057,ideal_large_sparse,"Ideal: large, sparse",58,tuned_level,0.03
2000057,ideal_large_sparse,"Ideal: large, sparse",58,tuned_level_slope,0.1
2000058,ideal_large_sparse,"Ideal: large, sparse",59,tuned_level,0.03
2000058,ideal_large_sparse,"Ideal: large, sparse",59,tuned_level_slope,0.1
2000059,ideal_large_sparse,"Ideal: large, sparse",60,tuned_level,0.1
2000059,ideal_large_sparse,"Ideal: large, sparse",60,tuned_level_slope,0.1
3000040,serial_dependence,Serial dependence,41,tuned_level,0.1
3000040,serial_dependence,Serial dependence,41,tuned_level_slope,0.1
3000041,serial_dependence,Serial dependence,42,tuned_level,0.1
3000041,serial_dependence,Serial dependence,42,tuned_level_slope,0.1
3000042,serial_dependence,Serial dependence,43,tuned_level,0.03
3000042,serial_dependence,Serial dependence,43,tuned_level_slope,0.1
3000043,serial_dependence,Serial dependence,44,tuned_level,0.03
3000043,serial_dependence,Serial dependence,44,tuned_level_slope,0.1
3000044,serial_dependence,Serial dependence,45,tuned_level,0.03
3000044,serial_dependence,Serial dependence,45,tuned_level_slope,0.1
3000045,serial_dependence,Serial dependence,46,tuned_level,0.1
3000045,serial_dependence,Serial dependence,46,tuned_level_slope,0.1
3000046,serial_dependence,Serial dependence,47,tuned_level,0.1
3000046,serial_dependence,Serial dependence,47,tuned_level_slope,0.1
3000047,serial_dependence,Serial dependence,48,tuned_level,0.03
3000047,serial_dependence,Serial dependence,48,tuned_level_slope,0.1
3000048,serial_dependence,Serial dependence,49,tuned_level,0.1
3000048,serial_dependence,Serial dependence,49,tuned_level_slope,0.1
3000049,serial_dependence,Serial dependence,50,tuned_level,0.1
3000049,serial_dependence,Serial dependence,50,tuned_level_slope,0.1
3000050,serial_dependence,Serial dependence,51,tuned_level,0.1
3000050,serial_dependence,Serial dependence,51,tuned_level_slope,0.1
3000051,serial_dependence,Serial dependence,52,tuned_level,0.1
3000051,serial_dependence,Serial dependence,52,tuned_level_slope,0.1
3000052,serial_dependence,Serial dependence,53,tuned_level,0.03
3000052,serial_dependence,Serial dependence,53,tuned_level_slope,0.1
3000053,serial_dependence,Serial dependence,54,tuned_level,0.03
3000053,serial_dependence,Serial dependence,54,tuned_level_slope,0.1
3000054,serial_dependence,Serial dependence,55,tuned_level,0.03
3000054,serial_dependence,Serial dependence,55,tuned_level_slope,0.1
3000055,serial_dependence,Serial dependence,56,tuned_level,0.1
3000055,serial_dependence,Serial dependence,56,tuned_level_slope,0.1
3000056,serial_dependence,Serial dependence,57,tuned_level,0.03
3000056,serial_dependence,Serial dependence,57,tuned_level_slope,0.1
3000057,serial_dependence,Serial dependence,58,tuned_level,0.1
3000057,serial_dependence,Serial dependence,58,tuned_level_slope,0.1
3000058,serial_dependence,Serial dependence,59,tuned_level,0.1
3000058,serial_dependence,Serial dependence,59,tuned_level_slope,0.1
3000059,serial_dependence,Serial dependence,60,tuned_level,0.0
3000059,serial_dependence,Serial dependence,60,tuned_level_slope,0.1
4000040,discrete_map_rounding,Integer MAP rounding,41,tuned_level,0.03
4000040,discrete_map_rounding,Integer MAP rounding,41,tuned_level_slope,0.1
4000041,discrete_map_rounding,Integer MAP rounding,42,tuned_level,0.03
4000041,discrete_map_rounding,Integer MAP rounding,42,tuned_level_slope,0.1
4000042,discrete_map_rounding,Integer MAP rounding,43,tuned_level,0.03
4000042,discrete_map_rounding,Integer MAP rounding,43,tuned_level_slope,0.1
4000043,discrete_map_rounding,Integer MAP rounding,44,tuned_level,0.03
4000043,discrete_map_rounding,Integer MAP rounding,44,tuned_level_slope,0.1
4000044,discrete_map_rounding,Integer MAP rounding,45,tuned_level,0.03
4000044,discrete_map_rounding,Integer MAP rounding,45,tuned_level_slope,0.1
4000045,discrete_map_rounding,Integer MAP rounding,46,tuned_level,0.03
4000045,discrete_map_rounding,Integer MAP rounding,46,tuned_level_slope,0.1
4000046,discrete_map_rounding,Integer MAP rounding,47,tuned_level,0.03
4000046,discrete_map_rounding,Integer MAP rounding,47,tuned_level_slope,0.1
4000047,discrete_map_rounding,Integer MAP rounding,48,tuned_level,0.03
4000047,discrete_map_rounding,Integer MAP rounding,48,tuned_level_slope,0.1
4000048,discrete_map_rounding,Integer MAP rounding,49,tuned_level,0.03
4000048,discrete_map_rounding,Integer MAP rounding,49,tuned_level_slope,0.1
4000049,discrete_map_rounding,Integer MAP rounding,50,tuned_level,0.03
4000049,discrete_map_rounding,Integer MAP rounding,50,tuned_level_slope,0.1
4000050,discrete_map_rounding,Integer MAP rounding,51,tuned_level,0.03
4000050,discrete_map_rounding,Integer MAP rounding,51,tuned_level_slope,0.1
4000051,discrete_map_rounding,Integer MAP rounding,52,tuned_level,0.03
4000051,discrete_map_rounding,Integer MAP rounding,52,tuned_level_slope,0.1
4000052,discrete_map_rounding,Integer MAP rounding,53,tuned_level,0.0
4000052,discrete_map_rounding,Integer MAP rounding,53,tuned_level_slope,0.1
4000053,discrete_map_rounding,Integer MAP rounding,54,tuned_level,0.1
4000053,discrete_map_rounding,Integer MAP rounding,54,tuned_level_slope,0.1
4000054,discrete_map_rounding,Integer MAP rounding,55,tuned_level,0.03
4000054,discrete_map_rounding,Integer MAP rounding,55,tuned_level_slope,0.1
4000055,discrete_map_rounding,Integer MAP rounding,56,tuned_level,0.03
4000055,discrete_map_rounding,Integer MAP rounding,56,tuned_level_slope,0.1
4000056,discrete_map_rounding,Integer MAP rounding,57,tuned_level,0.03
4000056,discrete_map_rounding,Integer MAP rounding,57,tuned_level_slope,0.1
4000057,discrete_map_rounding,Integer MAP rounding,58,tuned_level,0.03
4000057,discrete_map_rounding,Integer MAP rounding,58,tuned_level_slope,0.1
4000058,discrete_map_rounding,Integer MAP rounding,59,tuned_level,0.03
4000058,discrete_map_rounding,Integer MAP rounding,59,tuned_level_slope,0.1
4000059,discrete_map_rounding,Integer MAP rounding,60,tuned_level,0.1
4000059,discrete_map_rounding,Integer MAP rounding,60,tuned_level_slope,0.1
5000040,informative_monitoring,Informative monitoring,41,tuned_level,0.03
5000040,informative_monitoring,Informative monitoring,41,tuned_level_slope,0.1
5000041,informative_monitoring,Informative monitoring,42,tuned_level,0.03
5000041,informative_monitoring,Informative monitoring,42,tuned_level_slope,0.1
5000042,informative_monitoring,Informative monitoring,43,tuned_level,0.03
5000042,informative_monitoring,Informative monitoring,43,tuned_level_slope,0.1
5000043,informative_monitoring,Informative monitoring,44,tuned_level,0.03
5000043,informative_monitoring,Informative monitoring,44,tuned_level_slope,0.1
5000044,informative_monitoring,Informative monitoring,45,tuned_level,0.03
5000044,informative_monitoring,Informative monitoring,45,tuned_level_slope,0.1
5000045,informative_monitoring,Informative monitoring,46,tuned_level,0.03
5000045,informative_monitoring,Informative monitoring,46,tuned_level_slope,0.1
5000046,informative_monitoring,Informative monitoring,47,tuned_level,0.03
5000046,informative_monitoring,Informative monitoring,47,tuned_level_slope,0.1
5000047,informative_monitoring,Informative monitoring,48,tuned_level,0.03
5000047,informative_monitoring,Informative monitoring,48,tuned_level_slope,0.1
5000048,informative_monitoring,Informative monitoring,49,tuned_level,0.03
5000048,informative_monitoring,Informative monitoring,49,tuned_level_slope,0.1
5000049,informative_monitoring,Informative monitoring,50,tuned_level,0.03
5000049,informative_monitoring,Informative monitoring,50,tuned_level_slope,0.1
5000050,informative_monitoring,Informative monitoring,51,tuned_level,0.03
5000050,informative_monitoring,Informative monitoring,51,tuned_level_slope,0.1
5000051,informative_monitoring,Informative monitoring,52,tuned_level,0.03
5000051,informative_monitoring,Informative monitoring,52,tuned_level_slope,0.1
5000052,informative_monitoring,Informative monitoring,53,tuned_level,0.03
5000052,informative_monitoring,Informative monitoring,53,tuned_level_slope,0.1
5000053,informative_monitoring,Informative monitoring,54,tuned_level,0.03
5000053,informative_monitoring,Informative monitoring,54,tuned_level_slope,0.1
5000054,informative_monitoring,Informative monitoring,55,tuned_level,0.03
5000054,informative_monitoring,Informative monitoring,55,tuned_level_slope,0.1
5000055,informative_monitoring,Informative monitoring,56,tuned_level,0.03
5000055,informative_monitoring,Informative monitoring,56,tuned_level_slope,0.1
5000056,informative_monitoring,Informative monitoring,57,tuned_level,0.03
5000056,informative_monitoring,Informative monitoring,57,tuned_level_slope,0.1
5000057,informative_monitoring,Informative monitoring,58,tuned_level,0.0
5000057,informative_monitoring,Informative monitoring,58,tuned_level_slope,0.1
5000058,informative_monitoring,Informative monitoring,59,tuned_level,0.03
5000058,informative_monitoring,Informative monitoring,59,tuned_level_slope,0.1
5000059,informative_monitoring,Informative monitoring,60,tuned_level,0.03
5000059,informative_monitoring,Informative monitoring,60,tuned_level_slope,0.1
6000040,cluster_size_informative,Cluster size--level association,41,tuned_level,0.03
6000040,cluster_size_informative,Cluster size--level association,41,tuned_level_slope,0.1
6000041,cluster_size_informative,Cluster size--level association,42,tuned_level,0.0
6000041,cluster_size_informative,Cluster size--level association,42,tuned_level_slope,0.1
6000042,cluster_size_informative,Cluster size--level association,43,tuned_level,0.03
6000042,cluster_size_informative,Cluster size--level association,43,tuned_level_slope,0.1
6000043,cluster_size_informative,Cluster size--level association,44,tuned_level,0.03
6000043,cluster_size_informative,Cluster size--level association,44,tuned_level_slope,0.1
6000044,cluster_size_informative,Cluster size--level association,45,tuned_level,0.03
6000044,cluster_size_informative,Cluster size--level association,45,tuned_level_slope,0.1
6000045,cluster_size_informative,Cluster size--level association,46,tuned_level,0.0
6000045,cluster_size_informative,Cluster size--level association,46,tuned_level_slope,0.1
6000046,cluster_size_informative,Cluster size--level association,47,tuned_level,0.0
6000046,cluster_size_informative,Cluster size--level association,47,tuned_level_slope,0.1
6000047,cluster_size_informative,Cluster size--level association,48,tuned_level,0.03
6000047,cluster_size_informative,Cluster size--level association,48,tuned_level_slope,0.1
6000048,cluster_size_informative,Cluster size--level association,49,tuned_level,0.03
6000048,cluster_size_informative,Cluster size--level association,49,tuned_level_slope,0.1
6000049,cluster_size_informative,Cluster size--level association,50,tuned_level,0.03
6000049,cluster_size_informative,Cluster size--level association,50,tuned_level_slope,0.1
6000050,cluster_size_informative,Cluster size--level association,51,tuned_level,0.0
6000050,cluster_size_informative,Cluster size--level association,51,tuned_level_slope,0.1
6000051,cluster_size_informative,Cluster size--level association,52,tuned_level,0.03
6000051,cluster_size_informative,Cluster size--level association,52,tuned_level_slope,0.1
6000052,cluster_size_informative,Cluster size--level association,53,tuned_level,0.03
6000052,cluster_size_informative,Cluster size--level association,53,tuned_level_slope,0.1
6000053,cluster_size_informative,Cluster size--level association,54,tuned_level,0.03
6000053,cluster_size_informative,Cluster size--level association,54,tuned_level_slope,0.1
6000054,cluster_size_informative,Cluster size--level association,55,tuned_level,0.03
6000054,cluster_size_informative,Cluster size--level association,55,tuned_level_slope,0.1
6000055,cluster_size_informative,Cluster size--level association,56,tuned_level,0.0
6000055,cluster_size_informative,Cluster size--level association,56,tuned_level_slope,0.1
6000056,cluster_size_informative,Cluster size--level association,57,tuned_level,0.03
6000056,cluster_size_informative,Cluster size--level association,57,tuned_level_slope,0.1
6000057,cluster_size_informative,Cluster size--level association,58,tuned_level,0.0
6000057,cluster_size_informative,Cluster size--level association,58,tuned_level_slope,0.1
6000058,cluster_size_informative,Cluster size--level association,59,tuned_level,0.0
6000058,cluster_size_informative,Cluster size--level association,59,tuned_level_slope,0.1
6000059,cluster_size_informative,Cluster size--level association,60,tuned_level,0.03
6000059,cluster_size_informative,Cluster size--level association,60,tuned_level_slope,0.1
7000040,common_time_misspecified,Misspecified common time,41,tuned_level,0.1
7000040,common_time_misspecified,Misspecified common time,41,tuned_level_slope,0.1
7000041,common_time_misspecified,Misspecified common time,42,tuned_level,0.1
7000041,common_time_misspecified,Misspecified common time,42,tuned_level_slope,0.1
7000042,common_time_misspecified,Misspecified common time,43,tuned_level,0.1
7000042,common_time_misspecified,Misspecified common time,43,tuned_level_slope,0.1
7000043,common_time_misspecified,Misspecified common time,44,tuned_level,0.3
7000043,common_time_misspecified,Misspecified common time,44,tuned_level_slope,0.1
7000044,common_time_misspecified,Misspecified common time,45,tuned_level,0.1
7000044,common_time_misspecified,Misspecified common time,45,tuned_level_slope,0.1
7000045,common_time_misspecified,Misspecified common time,46,tuned_level,0.3
7000045,common_time_misspecified,Misspecified common time,46,tuned_level_slope,0.1
7000046,common_time_misspecified,Misspecified common time,47,tuned_level,0.1
7000046,common_time_misspecified,Misspecified common time,47,tuned_level_slope,0.1
7000047,common_time_misspecified,Misspecified common time,48,tuned_level,0.3
7000047,common_time_misspecified,Misspecified common time,48,tuned_level_slope,0.1
7000048,common_time_misspecified,Misspecified common time,49,tuned_level,0.1
7000048,common_time_misspecified,Misspecified common time,49,tuned_level_slope,0.1
7000049,common_time_misspecified,Misspecified common time,50,tuned_level,0.1
7000049,common_time_misspecified,Misspecified common time,50,tuned_level_slope,0.1
7000050,common_time_misspecified,Misspecified common time,51,tuned_level,0.3
7000050,common_time_misspecified,Misspecified common time,51,tuned_level_slope,0.1
7000051,common_time_misspecified,Misspecified common time,52,tuned_level,0.3
7000051,common_time_misspecified,Misspecified common time,52,tuned_level_slope,0.1
7000052,common_time_misspecified,Misspecified common time,53,tuned_level,0.3
7000052,common_time_misspecified,Misspecified common time,53,tuned_level_slope,0.1
7000053,common_time_misspecified,Misspecified common time,54,tuned_level,0.3
7000053,common_time_misspecified,Misspecified common time,54,tuned_level_slope,0.1
7000054,common_time_misspecified,Misspecified common time,55,tuned_level,0.3
7000054,common_time_misspecified,Misspecified common time,55,tuned_level_slope,0.1
7000055,common_time_misspecified,Misspecified common time,56,tuned_level,0.1
7000055,common_time_misspecified,Misspecified common time,56,tuned_level_slope,0.1
7000056,common_time_misspecified,Misspecified common time,57,tuned_level,0.3
7000056,common_time_misspecified,Misspecified common time,57,tuned_level_slope,0.1
7000057,common_time_misspecified,Misspecified common time,58,tuned_level,0.3
7000057,common_time_misspecified,Misspecified common time,58,tuned_level_slope,0.1
7000058,common_time_misspecified,Misspecified common time,59,tuned_level,0.1
7000058,common_time_misspecified,Misspecified common time,59,tuned_level_slope,0.1
7000059,common_time_misspecified,Misspecified common time,60,tuned_level,0.1
7000059,common_time_misspecified,Misspecified common time,60,tuned_level_slope,0.1
8000040,level_plus_shape,Persistent level plus shape,41,tuned_level,1.0
8000040,level_plus_shape,Persistent level plus shape,41,tuned_level_slope,0.3
8000041,level_plus_shape,Persistent level plus shape,42,tuned_level,3.0
8000041,level_plus_shape,Persistent level plus shape,42,tuned_level_slope,1.0
8000042,level_plus_shape,Persistent level plus shape,43,tuned_level,1.0
8000042,level_plus_shape,Persistent level plus shape,43,tuned_level_slope,0.3
8000043,level_plus_shape,Persistent level plus shape,44,tuned_level,1.0
8000043,level_plus_shape,Persistent level plus shape,44,tuned_level_slope,1.0
8000044,level_plus_shape,Persistent level plus shape,45,tuned_level,1.0
8000044,level_plus_shape,Persistent level plus shape,45,tuned_level_slope,0.1
8000045,level_plus_shape,Persistent level plus shape,46,tuned_level,0.3
8000045,level_plus_shape,Persistent level plus shape,46,tuned_level_slope,0.1
8000046,level_plus_shape,Persistent level plus shape,47,tuned_level,1.0
8000046,level_plus_shape,Persistent level plus shape,47,tuned_level_slope,0.3
8000047,level_plus_shape,Persistent level plus shape,48,tuned_level,10.0
8000047,level_plus_shape,Persistent level plus shape,48,tuned_level_slope,3.0
8000048,level_plus_shape,Persistent level plus shape,49,tuned_level,1.0
8000048,level_plus_shape,Persistent level plus shape,49,tuned_level_slope,0.3
8000049,level_plus_shape,Persistent level plus shape,50,tuned_level,3.0
8000049,level_plus_shape,Persistent level plus shape,50,tuned_level_slope,1.0
8000050,level_plus_shape,Persistent level plus shape,51,tuned_level,1.0
8000050,level_plus_shape,Persistent level plus shape,51,tuned_level_slope,0.1
8000051,level_plus_shape,Persistent level plus shape,52,tuned_level,1.0
8000051,level_plus_shape,Persistent level plus shape,52,tuned_level_slope,0.3
8000052,level_plus_shape,Persistent level plus shape,53,tuned_level,3.0
8000052,level_plus_shape,Persistent level plus shape,53,tuned_level_slope,1.0
8000053,level_plus_shape,Persistent level plus shape,54,tuned_level,0.3
8000053,level_plus_shape,Persistent level plus shape,54,tuned_level_slope,0.3
8000054,level_plus_shape,Persistent level plus shape,55,tuned_level,10.0
8000054,level_plus_shape,Persistent level plus shape,55,tuned_level_slope,0.3
8000055,level_plus_shape,Persistent level plus shape,56,tuned_level,10.0
8000055,level_plus_shape,Persistent level plus shape,56,tuned_level_slope,10.0
8000056,level_plus_shape,Persistent level plus shape,57,tuned_level,3.0
8000056,level_plus_shape,Persistent level plus shape,57,tuned_level_slope,0.3
8000057,level_plus_shape,Persistent level plus shape,58,tuned_level,3.0
8000057,level_plus_shape,Persistent level plus shape,58,tuned_level_slope,1.0
8000058,level_plus_shape,Persistent level plus shape,59,tuned_level,0.3
8000058,level_plus_shape,Persistent level plus shape,59,tuned_level_slope,0.3
8000059,level_plus_shape,Persistent level plus shape,60,tuned_level,10.0
8000059,level_plus_shape,Persistent level plus shape,60,tuned_level_slope,0.3
9000040,treatment_feedback,Treatment feedback,41,tuned_level,0.1
9000040,treatment_feedback,Treatment feedback,41,tuned_level_slope,0.1
9000041,treatment_feedback,Treatment feedback,42,tuned_level,0.1
9000041,treatment_feedback,Treatment feedback,42,tuned_level_slope,0.1
9000042,treatment_feedback,Treatment feedback,43,tuned_level,0.03
9000042,treatment_feedback,Treatment feedback,43,tuned_level_slope,0.1
9000043,treatment_feedback,Treatment feedback,44,tuned_level,0.1
9000043,treatment_feedback,Treatment feedback,44,tuned_level_slope,0.1
9000044,treatment_feedback,Treatment feedback,45,tuned_level,0.1
9000044,treatment_feedback,Treatment feedback,45,tuned_level_slope,0.1
9000045,treatment_feedback,Treatment feedback,46,tuned_level,0.1
9000045,treatment_feedback,Treatment feedback,46,tuned_level_slope,0.1
9000046,treatment_feedback,Treatment feedback,47,tuned_level,0.1
9000046,treatment_feedback,Treatment feedback,47,tuned_level_slope,0.1
9000047,treatment_feedback,Treatment feedback,48,tuned_level,0.1
9000047,treatment_feedback,Treatment feedback,48,tuned_level_slope,0.1
9000048,treatment_feedback,Treatment feedback,49,tuned_level,0.03
9000048,treatment_feedback,Treatment feedback,49,tuned_level_slope,0.1
9000049,treatment_feedback,Treatment feedback,50,tuned_level,0.03
9000049,treatment_feedback,Treatment feedback,50,tuned_level_slope,0.1
9000050,treatment_feedback,Treatment feedback,51,tuned_level,0.1
9000050,treatment_feedback,Treatment feedback,51,tuned_level_slope,0.1
9000051,treatment_feedback,Treatment feedback,52,tuned_level,0.1
9000051,treatment_feedback,Treatment feedback,52,tuned_level_slope,0.1
9000052,treatment_feedback,Treatment feedback,53,tuned_level,0.1
9000052,treatment_feedback,Treatment feedback,53,tuned_level_slope,0.1
9000053,treatment_feedback,Treatment feedback,54,tuned_level,0.1
9000053,treatment_feedback,Treatment feedback,54,tuned_level_slope,0.1
9000054,treatment_feedback,Treatment feedback,55,tuned_level,0.1
9000054,treatment_feedback,Treatment feedback,55,tuned_level_slope,0.1
9000055,treatment_feedback,Treatment feedback,56,tuned_level,0.1
9000055,treatment_feedback,Treatment feedback,56,tuned_level_slope,0.1
9000056,treatment_feedback,Treatment feedback,57,tuned_level,0.03
9000056,treatment_feedback,Treatment feedback,57,tuned_level_slope,0.1
9000057,treatment_feedback,Treatment feedback,58,tuned_level,0.03
9000057,treatment_feedback,Treatment feedback,58,tuned_level_slope,0.1
9000058,treatment_feedback,Treatment feedback,59,tuned_level,0.1
9000058,treatment_feedback,Treatment feedback,59,tuned_level_slope,0.1
9000059,treatment_feedback,Treatment feedback,60,tuned_level,0.1
9000059,treatment_feedback,Treatment feedback,60,tuned_level_slope,0.1
10000040,transient_nonpersistent,Transient non-persistence,41,tuned_level,10.0
10000040,transient_nonpersistent,Transient non-persistence,41,tuned_level_slope,10.0
10000041,transient_nonpersistent,Transient non-persistence,42,tuned_level,10.0
10000041,transient_nonpersistent,Transient non-persistence,42,tuned_level_slope,3.0
10000042,transient_nonpersistent,Transient non-persistence,43,tuned_level,10.0
10000042,transient_nonpersistent,Transient non-persistence,43,tuned_level_slope,10.0
10000043,transient_nonpersistent,Transient non-persistence,44,tuned_level,3.0
10000043,transient_nonpersistent,Transient non-persistence,44,tuned_level_slope,1.0
10000044,transient_nonpersistent,Transient non-persistence,45,tuned_level,1.0
10000044,transient_nonpersistent,Transient non-persistence,45,tuned_level_slope,0.3
10000045,transient_nonpersistent,Transient non-persistence,46,tuned_level,10.0
10000045,transient_nonpersistent,Transient non-persistence,46,tuned_level_slope,10.0
10000046,transient_nonpersistent,Transient non-persistence,47,tuned_level,10.0
10000046,transient_nonpersistent,Transient non-persistence,47,tuned_level_slope,10.0
10000047,transient_nonpersistent,Transient non-persistence,48,tuned_level,1.0
10000047,transient_nonpersistent,Transient non-persistence,48,tuned_level_slope,0.3
10000048,transient_nonpersistent,Transient non-persistence,49,tuned_level,10.0
10000048,transient_nonpersistent,Transient non-persistence,49,tuned_level_slope,10.0
10000049,transient_nonpersistent,Transient non-persistence,50,tuned_level,10.0
10000049,transient_nonpersistent,Transient non-persistence,50,tuned_level_slope,10.0
10000050,transient_nonpersistent,Transient non-persistence,51,tuned_level,10.0
10000050,transient_nonpersistent,Transient non-persistence,51,tuned_level_slope,10.0
10000051,transient_nonpersistent,Transient non-persistence,52,tuned_level,10.0
10000051,transient_nonpersistent,Transient non-persistence,52,tuned_level_slope,10.0
10000052,transient_nonpersistent,Transient non-persistence,53,tuned_level,10.0
10000052,transient_nonpersistent,Transient non-persistence,53,tuned_level_slope,10.0
10000053,transient_nonpersistent,Transient non-persistence,54,tuned_level,10.0
10000053,transient_nonpersistent,Transient non-persistence,54,tuned_level_slope,10.0
10000054,transient_nonpersistent,Transient non-persistence,55,tuned_level,10.0
10000054,transient_nonpersistent,Transient non-persistence,55,tuned_level_slope,10.0
10000055,transient_nonpersistent,Transient non-persistence,56,tuned_level,10.0
10000055,transient_nonpersistent,Transient non-persistence,56,tuned_level_slope,10.0
10000056,transient_nonpersistent,Transient non-persistence,57,tuned_level,10.0
10000056,transient_nonpersistent,Transient non-persistence,57,tuned_level_slope,10.0
10000057,transient_nonpersistent,Transient non-persistence,58,tuned_level,10.0
10000057,transient_nonpersistent,Transient non-persistence,58,tuned_level_slope,0.1
10000058,transient_nonpersistent,Transient non-persistence,59,tuned_level,10.0
10000058,transient_nonpersistent,Transient non-persistence,59,tuned_level_slope,10.0
10000059,transient_nonpersistent,Transient non-persistence,60,tuned_level,10.0
10000059,transient_nonpersistent,Transient non-persistence,60,tuned_level_slope,10.0
60,ideal_large_dense,"Ideal: large, dense",61,tuned_level,0.03
60,ideal_large_dense,"Ideal: large, dense",61,tuned_level_slope,0.1
61,ideal_large_dense,"Ideal: large, dense",62,tuned_level,0.03
61,ideal_large_dense,"Ideal: large, dense",62,tuned_level_slope,0.1
62,ideal_large_dense,"Ideal: large, dense",63,tuned_level,0.03
62,ideal_large_dense,"Ideal: large, dense",63,tuned_level_slope,0.1
63,ideal_large_dense,"Ideal: large, dense",64,tuned_level,0.03
63,ideal_large_dense,"Ideal: large, dense",64,tuned_level_slope,0.1
64,ideal_large_dense,"Ideal: large, dense",65,tuned_level,0.03
64,ideal_large_dense,"Ideal: large, dense",65,tuned_level_slope,0.1
65,ideal_large_dense,"Ideal: large, dense",66,tuned_level,0.03
65,ideal_large_dense,"Ideal: large, dense",66,tuned_level_slope,0.1
66,ideal_large_dense,"Ideal: large, dense",67,tuned_level,0.03
66,ideal_large_dense,"Ideal: large, dense",67,tuned_level_slope,0.1
67,ideal_large_dense,"Ideal: large, dense",68,tuned_level,0.03
67,ideal_large_dense,"Ideal: large, dense",68,tuned_level_slope,0.1
68,ideal_large_dense,"Ideal: large, dense",69,tuned_level,0.03
68,ideal_large_dense,"Ideal: large, dense",69,tuned_level_slope,0.1
69,ideal_large_dense,"Ideal: large, dense",70,tuned_level,0.03
69,ideal_large_dense,"Ideal: large, dense",70,tuned_level_slope,0.1
70,ideal_large_dense,"Ideal: large, dense",71,tuned_level,0.03
70,ideal_large_dense,"Ideal: large, dense",71,tuned_level_slope,0.1
71,ideal_large_dense,"Ideal: large, dense",72,tuned_level,0.03
71,ideal_large_dense,"Ideal: large, dense",72,tuned_level_slope,0.1
72,ideal_large_dense,"Ideal: large, dense",73,tuned_level,0.03
72,ideal_large_dense,"Ideal: large, dense",73,tuned_level_slope,0.1
73,ideal_large_dense,"Ideal: large, dense",74,tuned_level,0.03
73,ideal_large_dense,"Ideal: large, dense",74,tuned_level_slope,0.1
74,ideal_large_dense,"Ideal: large, dense",75,tuned_level,0.03
74,ideal_large_dense,"Ideal: large, dense",75,tuned_level_slope,0.1
75,ideal_large_dense,"Ideal: large, dense",76,tuned_level,0.03
75,ideal_large_dense,"Ideal: large, dense",76,tuned_level_slope,0.1
76,ideal_large_dense,"Ideal: large, dense",77,tuned_level,0.1
76,ideal_large_dense,"Ideal: large, dense",77,tuned_level_slope,0.1
77,ideal_large_dense,"Ideal: large, dense",78,tuned_level,0.03
77,ideal_large_dense,"Ideal: large, dense",78,tuned_level_slope,0.1
78,ideal_large_dense,"Ideal: large, dense",79,tuned_level,0.03
78,ideal_large_dense,"Ideal: large, dense",79,tuned_level_slope,0.1
79,ideal_large_dense,"Ideal: large, dense",80,tuned_level,0.03
79,ideal_large_dense,"Ideal: large, dense",80,tuned_level_slope,0.1
1000060,ideal_small_dense,"Ideal: small, dense",61,tuned_level,0.0
1000060,ideal_small_dense,"Ideal: small, dense",61,tuned_level_slope,0.1
1000061,ideal_small_dense,"Ideal: small, dense",62,tuned_level,0.03
1000061,ideal_small_dense,"Ideal: small, dense",62,tuned_level_slope,0.1
1000062,ideal_small_dense,"Ideal: small, dense",63,tuned_level,0.03
1000062,ideal_small_dense,"Ideal: small, dense",63,tuned_level_slope,0.1
1000063,ideal_small_dense,"Ideal: small, dense",64,tuned_level,0.03
1000063,ideal_small_dense,"Ideal: small, dense",64,tuned_level_slope,0.1
1000064,ideal_small_dense,"Ideal: small, dense",65,tuned_level,0.0
1000064,ideal_small_dense,"Ideal: small, dense",65,tuned_level_slope,0.1
1000065,ideal_small_dense,"Ideal: small, dense",66,tuned_level,0.03
1000065,ideal_small_dense,"Ideal: small, dense",66,tuned_level_slope,0.1
1000066,ideal_small_dense,"Ideal: small, dense",67,tuned_level,0.1
1000066,ideal_small_dense,"Ideal: small, dense",67,tuned_level_slope,0.1
1000067,ideal_small_dense,"Ideal: small, dense",68,tuned_level,0.03
1000067,ideal_small_dense,"Ideal: small, dense",68,tuned_level_slope,0.1
1000068,ideal_small_dense,"Ideal: small, dense",69,tuned_level,0.1
1000068,ideal_small_dense,"Ideal: small, dense",69,tuned_level_slope,0.1
1000069,ideal_small_dense,"Ideal: small, dense",70,tuned_level,0.0
1000069,ideal_small_dense,"Ideal: small, dense",70,tuned_level_slope,0.1
1000070,ideal_small_dense,"Ideal: small, dense",71,tuned_level,0.03
1000070,ideal_small_dense,"Ideal: small, dense",71,tuned_level_slope,0.1
1000071,ideal_small_dense,"Ideal: small, dense",72,tuned_level,0.03
1000071,ideal_small_dense,"Ideal: small, dense",72,tuned_level_slope,0.1
1000072,ideal_small_dense,"Ideal: small, dense",73,tuned_level,0.0
1000072,ideal_small_dense,"Ideal: small, dense",73,tuned_level_slope,0.1
1000073,ideal_small_dense,"Ideal: small, dense",74,tuned_level,0.03
1000073,ideal_small_dense,"Ideal: small, dense",74,tuned_level_slope,0.1
1000074,ideal_small_dense,"Ideal: small, dense",75,tuned_level,0.1
1000074,ideal_small_dense,"Ideal: small, dense",75,tuned_level_slope,0.1
1000075,ideal_small_dense,"Ideal: small, dense",76,tuned_level,0.03
1000075,ideal_small_dense,"Ideal: small, dense",76,tuned_level_slope,0.1
1000076,ideal_small_dense,"Ideal: small, dense",77,tuned_level,0.03
1000076,ideal_small_dense,"Ideal: small, dense",77,tuned_level_slope,0.1
1000077,ideal_small_dense,"Ideal: small, dense",78,tuned_level,0.03
1000077,ideal_small_dense,"Ideal: small, dense",78,tuned_level_slope,0.1
1000078,ideal_small_dense,"Ideal: small, dense",79,tuned_level,0.03
1000078,ideal_small_dense,"Ideal: small, dense",79,tuned_level_slope,0.1
1000079,ideal_small_dense,"Ideal: small, dense",80,tuned_level,0.0
1000079,ideal_small_dense,"Ideal: small, dense",80,tuned_level_slope,0.1
2000060,ideal_large_sparse,"Ideal: large, sparse",61,tuned_level,0.03
2000060,ideal_large_sparse,"Ideal: large, sparse",61,tuned_level_slope,0.1
2000061,ideal_large_sparse,"Ideal: large, sparse",62,tuned_level,0.03
2000061,ideal_large_sparse,"Ideal: large, sparse",62,tuned_level_slope,0.1
2000062,ideal_large_sparse,"Ideal: large, sparse",63,tuned_level,0.03
2000062,ideal_large_sparse,"Ideal: large, sparse",63,tuned_level_slope,0.1
2000063,ideal_large_sparse,"Ideal: large, sparse",64,tuned_level,0.03
2000063,ideal_large_sparse,"Ideal: large, sparse",64,tuned_level_slope,0.1
2000064,ideal_large_sparse,"Ideal: large, sparse",65,tuned_level,0.03
2000064,ideal_large_sparse,"Ideal: large, sparse",65,tuned_level_slope,0.1
2000065,ideal_large_sparse,"Ideal: large, sparse",66,tuned_level,0.03
2000065,ideal_large_sparse,"Ideal: large, sparse",66,tuned_level_slope,0.1
2000066,ideal_large_sparse,"Ideal: large, sparse",67,tuned_level,0.03
2000066,ideal_large_sparse,"Ideal: large, sparse",67,tuned_level_slope,0.1
2000067,ideal_large_sparse,"Ideal: large, sparse",68,tuned_level,0.03
2000067,ideal_large_sparse,"Ideal: large, sparse",68,tuned_level_slope,0.1
2000068,ideal_large_sparse,"Ideal: large, sparse",69,tuned_level,0.03
2000068,ideal_large_sparse,"Ideal: large, sparse",69,tuned_level_slope,0.1
2000069,ideal_large_sparse,"Ideal: large, sparse",70,tuned_level,0.03
2000069,ideal_large_sparse,"Ideal: large, sparse",70,tuned_level_slope,0.1
2000070,ideal_large_sparse,"Ideal: large, sparse",71,tuned_level,0.03
2000070,ideal_large_sparse,"Ideal: large, sparse",71,tuned_level_slope,0.1
2000071,ideal_large_sparse,"Ideal: large, sparse",72,tuned_level,0.03
2000071,ideal_large_sparse,"Ideal: large, sparse",72,tuned_level_slope,0.1
2000072,ideal_large_sparse,"Ideal: large, sparse",73,tuned_level,0.03
2000072,ideal_large_sparse,"Ideal: large, sparse",73,tuned_level_slope,0.1
2000073,ideal_large_sparse,"Ideal: large, sparse",74,tuned_level,0.03
2000073,ideal_large_sparse,"Ideal: large, sparse",74,tuned_level_slope,0.1
2000074,ideal_large_sparse,"Ideal: large, sparse",75,tuned_level,0.03
2000074,ideal_large_sparse,"Ideal: large, sparse",75,tuned_level_slope,0.1
2000075,ideal_large_sparse,"Ideal: large, sparse",76,tuned_level,0.1
2000075,ideal_large_sparse,"Ideal: large, sparse",76,tuned_level_slope,0.1
2000076,ideal_large_sparse,"Ideal: large, sparse",77,tuned_level,0.1
2000076,ideal_large_sparse,"Ideal: large, sparse",77,tuned_level_slope,0.1
2000077,ideal_large_sparse,"Ideal: large, sparse",78,tuned_level,0.03
2000077,ideal_large_sparse,"Ideal: large, sparse",78,tuned_level_slope,0.1
2000078,ideal_large_sparse,"Ideal: large, sparse",79,tuned_level,0.03
2000078,ideal_large_sparse,"Ideal: large, sparse",79,tuned_level_slope,0.1
2000079,ideal_large_sparse,"Ideal: large, sparse",80,tuned_level,0.03
2000079,ideal_large_sparse,"Ideal: large, sparse",80,tuned_level_slope,0.1
3000060,serial_dependence,Serial dependence,61,tuned_level,0.03
3000060,serial_dependence,Serial dependence,61,tuned_level_slope,0.1
3000061,serial_dependence,Serial dependence,62,tuned_level,0.1
3000061,serial_dependence,Serial dependence,62,tuned_level_slope,0.1
3000062,serial_dependence,Serial dependence,63,tuned_level,0.1
3000062,serial_dependence,Serial dependence,63,tuned_level_slope,0.1
3000063,serial_dependence,Serial dependence,64,tuned_level,0.1
3000063,serial_dependence,Serial dependence,64,tuned_level_slope,0.1
3000064,serial_dependence,Serial dependence,65,tuned_level,0.03
3000064,serial_dependence,Serial dependence,65,tuned_level_slope,0.1
3000065,serial_dependence,Serial dependence,66,tuned_level,0.1
3000065,serial_dependence,Serial dependence,66,tuned_level_slope,0.1
3000066,serial_dependence,Serial dependence,67,tuned_level,0.03
3000066,serial_dependence,Serial dependence,67,tuned_level_slope,0.1
3000067,serial_dependence,Serial dependence,68,tuned_level,0.1
3000067,serial_dependence,Serial dependence,68,tuned_level_slope,0.1
3000068,serial_dependence,Serial dependence,69,tuned_level,0.03
3000068,serial_dependence,Serial dependence,69,tuned_level_slope,0.1
3000069,serial_dependence,Serial dependence,70,tuned_level,0.03
3000069,serial_dependence,Serial dependence,70,tuned_level_slope,0.1
3000070,serial_dependence,Serial dependence,71,tuned_level,0.03
3000070,serial_dependence,Serial dependence,71,tuned_level_slope,0.1
3000071,serial_dependence,Serial dependence,72,tuned_level,0.03
3000071,serial_dependence,Serial dependence,72,tuned_level_slope,0.1
3000072,serial_dependence,Serial dependence,73,tuned_level,0.03
3000072,serial_dependence,Serial dependence,73,tuned_level_slope,0.1
3000073,serial_dependence,Serial dependence,74,tuned_level,0.1
3000073,serial_dependence,Serial dependence,74,tuned_level_slope,0.1
3000074,serial_dependence,Serial dependence,75,tuned_level,0.1
3000074,serial_dependence,Serial dependence,75,tuned_level_slope,0.1
3000075,serial_dependence,Serial dependence,76,tuned_level,0.03
3000075,serial_dependence,Serial dependence,76,tuned_level_slope,0.1
3000076,serial_dependence,Serial dependence,77,tuned_level,0.03
3000076,serial_dependence,Serial dependence,77,tuned_level_slope,0.1
3000077,serial_dependence,Serial dependence,78,tuned_level,0.1
3000077,serial_dependence,Serial dependence,78,tuned_level_slope,0.1
3000078,serial_dependence,Serial dependence,79,tuned_level,0.1
3000078,serial_dependence,Serial dependence,79,tuned_level_slope,0.1
3000079,serial_dependence,Serial dependence,80,tuned_level,0.1
3000079,serial_dependence,Serial dependence,80,tuned_level_slope,0.1
4000060,discrete_map_rounding,Integer MAP rounding,61,tuned_level,0.1
4000060,discrete_map_rounding,Integer MAP rounding,61,tuned_level_slope,0.1
4000061,discrete_map_rounding,Integer MAP rounding,62,tuned_level,0.03
4000061,discrete_map_rounding,Integer MAP rounding,62,tuned_level_slope,0.1
4000062,discrete_map_rounding,Integer MAP rounding,63,tuned_level,0.03
4000062,discrete_map_rounding,Integer MAP rounding,63,tuned_level_slope,0.1
4000063,discrete_map_rounding,Integer MAP rounding,64,tuned_level,0.1
4000063,discrete_map_rounding,Integer MAP rounding,64,tuned_level_slope,0.1
4000064,discrete_map_rounding,Integer MAP rounding,65,tuned_level,0.03
4000064,discrete_map_rounding,Integer MAP rounding,65,tuned_level_slope,0.1
4000065,discrete_map_rounding,Integer MAP rounding,66,tuned_level,0.1
4000065,discrete_map_rounding,Integer MAP rounding,66,tuned_level_slope,0.1
4000066,discrete_map_rounding,Integer MAP rounding,67,tuned_level,0.03
4000066,discrete_map_rounding,Integer MAP rounding,67,tuned_level_slope,0.1
4000067,discrete_map_rounding,Integer MAP rounding,68,tuned_level,0.03
4000067,discrete_map_rounding,Integer MAP rounding,68,tuned_level_slope,0.1
4000068,discrete_map_rounding,Integer MAP rounding,69,tuned_level,0.1
4000068,discrete_map_rounding,Integer MAP rounding,69,tuned_level_slope,0.1
4000069,discrete_map_rounding,Integer MAP rounding,70,tuned_level,0.03
4000069,discrete_map_rounding,Integer MAP rounding,70,tuned_level_slope,0.1
4000070,discrete_map_rounding,Integer MAP rounding,71,tuned_level,0.1
4000070,discrete_map_rounding,Integer MAP rounding,71,tuned_level_slope,0.1
4000071,discrete_map_rounding,Integer MAP rounding,72,tuned_level,0.1
4000071,discrete_map_rounding,Integer MAP rounding,72,tuned_level_slope,0.1
4000072,discrete_map_rounding,Integer MAP rounding,73,tuned_level,0.03
4000072,discrete_map_rounding,Integer MAP rounding,73,tuned_level_slope,0.1
4000073,discrete_map_rounding,Integer MAP rounding,74,tuned_level,0.03
4000073,discrete_map_rounding,Integer MAP rounding,74,tuned_level_slope,0.1
4000074,discrete_map_rounding,Integer MAP rounding,75,tuned_level,0.03
4000074,discrete_map_rounding,Integer MAP rounding,75,tuned_level_slope,0.1
4000075,discrete_map_rounding,Integer MAP rounding,76,tuned_level,0.03
4000075,discrete_map_rounding,Integer MAP rounding,76,tuned_level_slope,0.1
4000076,discrete_map_rounding,Integer MAP rounding,77,tuned_level,0.03
4000076,discrete_map_rounding,Integer MAP rounding,77,tuned_level_slope,0.1
4000077,discrete_map_rounding,Integer MAP rounding,78,tuned_level,0.03
4000077,discrete_map_rounding,Integer MAP rounding,78,tuned_level_slope,0.1
4000078,discrete_map_rounding,Integer MAP rounding,79,tuned_level,0.1
4000078,discrete_map_rounding,Integer MAP rounding,79,tuned_level_slope,0.1
4000079,discrete_map_rounding,Integer MAP rounding,80,tuned_level,0.03
4000079,discrete_map_rounding,Integer MAP rounding,80,tuned_level_slope,0.1
5000060,informative_monitoring,Informative monitoring,61,tuned_level,0.03
5000060,informative_monitoring,Informative monitoring,61,tuned_level_slope,0.1
5000061,informative_monitoring,Informative monitoring,62,tuned_level,0.03
5000061,informative_monitoring,Informative monitoring,62,tuned_level_slope,0.1
5000062,informative_monitoring,Informative monitoring,63,tuned_level,0.03
5000062,informative_monitoring,Informative monitoring,63,tuned_level_slope,0.1
5000063,informative_monitoring,Informative monitoring,64,tuned_level,0.03
5000063,informative_monitoring,Informative monitoring,64,tuned_level_slope,0.1
5000064,informative_monitoring,Informative monitoring,65,tuned_level,0.03
5000064,informative_monitoring,Informative monitoring,65,tuned_level_slope,0.1
5000065,informative_monitoring,Informative monitoring,66,tuned_level,0.03
5000065,informative_monitoring,Informative monitoring,66,tuned_level_slope,0.1
5000066,informative_monitoring,Informative monitoring,67,tuned_level,0.03
5000066,informative_monitoring,Informative monitoring,67,tuned_level_slope,0.1
5000067,informative_monitoring,Informative monitoring,68,tuned_level,0.03
5000067,informative_monitoring,Informative monitoring,68,tuned_level_slope,0.1
5000068,informative_monitoring,Informative monitoring,69,tuned_level,0.03
5000068,informative_monitoring,Informative monitoring,69,tuned_level_slope,0.1
5000069,informative_monitoring,Informative monitoring,70,tuned_level,0.03
5000069,informative_monitoring,Informative monitoring,70,tuned_level_slope,0.1
5000070,informative_monitoring,Informative monitoring,71,tuned_level,0.03
5000070,informative_monitoring,Informative monitoring,71,tuned_level_slope,0.1
5000071,informative_monitoring,Informative monitoring,72,tuned_level,0.03
5000071,informative_monitoring,Informative monitoring,72,tuned_level_slope,0.1
5000072,informative_monitoring,Informative monitoring,73,tuned_level,0.03
5000072,informative_monitoring,Informative monitoring,73,tuned_level_slope,0.1
5000073,informative_monitoring,Informative monitoring,74,tuned_level,0.03
5000073,informative_monitoring,Informative monitoring,74,tuned_level_slope,0.1
5000074,informative_monitoring,Informative monitoring,75,tuned_level,0.0
5000074,informative_monitoring,Informative monitoring,75,tuned_level_slope,0.1
5000075,informative_monitoring,Informative monitoring,76,tuned_level,0.03
5000075,informative_monitoring,Informative monitoring,76,tuned_level_slope,0.1
5000076,informative_monitoring,Informative monitoring,77,tuned_level,0.03
5000076,informative_monitoring,Informative monitoring,77,tuned_level_slope,0.1
5000077,informative_monitoring,Informative monitoring,78,tuned_level,0.03
5000077,informative_monitoring,Informative monitoring,78,tuned_level_slope,0.1
5000078,informative_monitoring,Informative monitoring,79,tuned_level,0.03
5000078,informative_monitoring,Informative monitoring,79,tuned_level_slope,0.1
5000079,informative_monitoring,Informative monitoring,80,tuned_level,0.03
5000079,informative_monitoring,Informative monitoring,80,tuned_level_slope,0.1
6000060,cluster_size_informative,Cluster size--level association,61,tuned_level,0.0
6000060,cluster_size_informative,Cluster size--level association,61,tuned_level_slope,0.1
6000061,cluster_size_informative,Cluster size--level association,62,tuned_level,0.03
6000061,cluster_size_informative,Cluster size--level association,62,tuned_level_slope,0.1
6000062,cluster_size_informative,Cluster size--level association,63,tuned_level,0.0
6000062,cluster_size_informative,Cluster size--level association,63,tuned_level_slope,0.1
6000063,cluster_size_informative,Cluster size--level association,64,tuned_level,0.03
6000063,cluster_size_informative,Cluster size--level association,64,tuned_level_slope,0.1
6000064,cluster_size_informative,Cluster size--level association,65,tuned_level,0.03
6000064,cluster_size_informative,Cluster size--level association,65,tuned_level_slope,0.1
6000065,cluster_size_informative,Cluster size--level association,66,tuned_level,0.0
6000065,cluster_size_informative,Cluster size--level association,66,tuned_level_slope,0.1
6000066,cluster_size_informative,Cluster size--level association,67,tuned_level,0.03
6000066,cluster_size_informative,Cluster size--level association,67,tuned_level_slope,0.1
6000067,cluster_size_informative,Cluster size--level association,68,tuned_level,0.0
6000067,cluster_size_informative,Cluster size--level association,68,tuned_level_slope,0.1
6000068,cluster_size_informative,Cluster size--level association,69,tuned_level,0.0
6000068,cluster_size_informative,Cluster size--level association,69,tuned_level_slope,0.1
6000069,cluster_size_informative,Cluster size--level association,70,tuned_level,0.03
6000069,cluster_size_informative,Cluster size--level association,70,tuned_level_slope,0.1
6000070,cluster_size_informative,Cluster size--level association,71,tuned_level,0.03
6000070,cluster_size_informative,Cluster size--level association,71,tuned_level_slope,0.1
6000071,cluster_size_informative,Cluster size--level association,72,tuned_level,0.03
6000071,cluster_size_informative,Cluster size--level association,72,tuned_level_slope,0.1
6000072,cluster_size_informative,Cluster size--level association,73,tuned_level,0.03
6000072,cluster_size_informative,Cluster size--level association,73,tuned_level_slope,0.1
6000073,cluster_size_informative,Cluster size--level association,74,tuned_level,0.03
6000073,cluster_size_informative,Cluster size--level association,74,tuned_level_slope,0.1
6000074,cluster_size_informative,Cluster size--level association,75,tuned_level,0.03
6000074,cluster_size_informative,Cluster size--level association,75,tuned_level_slope,0.1
6000075,cluster_size_informative,Cluster size--level association,76,tuned_level,0.03
6000075,cluster_size_informative,Cluster size--level association,76,tuned_level_slope,0.1
6000076,cluster_size_informative,Cluster size--level association,77,tuned_level,0.03
6000076,cluster_size_informative,Cluster size--level association,77,tuned_level_slope,0.1
6000077,cluster_size_informative,Cluster size--level association,78,tuned_level,0.03
6000077,cluster_size_informative,Cluster size--level association,78,tuned_level_slope,0.1
6000078,cluster_size_informative,Cluster size--level association,79,tuned_level,0.03
6000078,cluster_size_informative,Cluster size--level association,79,tuned_level_slope,0.1
6000079,cluster_size_informative,Cluster size--level association,80,tuned_level,0.0
6000079,cluster_size_informative,Cluster size--level association,80,tuned_level_slope,0.1
7000060,common_time_misspecified,Misspecified common time,61,tuned_level,0.1
7000060,common_time_misspecified,Misspecified common time,61,tuned_level_slope,0.1
7000061,common_time_misspecified,Misspecified common time,62,tuned_level,0.3
7000061,common_time_misspecified,Misspecified common time,62,tuned_level_slope,0.3
7000062,common_time_misspecified,Misspecified common time,63,tuned_level,0.3
7000062,common_time_misspecified,Misspecified common time,63,tuned_level_slope,0.1
7000063,common_time_misspecified,Misspecified common time,64,tuned_level,0.1
7000063,common_time_misspecified,Misspecified common time,64,tuned_level_slope,0.1
7000064,common_time_misspecified,Misspecified common time,65,tuned_level,0.1
7000064,common_time_misspecified,Misspecified common time,65,tuned_level_slope,0.1
7000065,common_time_misspecified,Misspecified common time,66,tuned_level,0.1
7000065,common_time_misspecified,Misspecified common time,66,tuned_level_slope,0.1
7000066,common_time_misspecified,Misspecified common time,67,tuned_level,0.3
7000066,common_time_misspecified,Misspecified common time,67,tuned_level_slope,0.1
7000067,common_time_misspecified,Misspecified common time,68,tuned_level,0.1
7000067,common_time_misspecified,Misspecified common time,68,tuned_level_slope,0.1
7000068,common_time_misspecified,Misspecified common time,69,tuned_level,0.1
7000068,common_time_misspecified,Misspecified common time,69,tuned_level_slope,0.1
7000069,common_time_misspecified,Misspecified common time,70,tuned_level,0.3
7000069,common_time_misspecified,Misspecified common time,70,tuned_level_slope,0.1
7000070,common_time_misspecified,Misspecified common time,71,tuned_level,0.3
7000070,common_time_misspecified,Misspecified common time,71,tuned_level_slope,0.1
7000071,common_time_misspecified,Misspecified common time,72,tuned_level,0.3
7000071,common_time_misspecified,Misspecified common time,72,tuned_level_slope,0.1
7000072,common_time_misspecified,Misspecified common time,73,tuned_level,0.3
7000072,common_time_misspecified,Misspecified common time,73,tuned_level_slope,0.1
7000073,common_time_misspecified,Misspecified common time,74,tuned_level,0.1
7000073,common_time_misspecified,Misspecified common time,74,tuned_level_slope,0.1
7000074,common_time_misspecified,Misspecified common time,75,tuned_level,0.3
7000074,common_time_misspecified,Misspecified common time,75,tuned_level_slope,0.1
7000075,common_time_misspecified,Misspecified common time,76,tuned_level,0.1
7000075,common_time_misspecified,Misspecified common time,76,tuned_level_slope,0.1
7000076,common_time_misspecified,Misspecified common time,77,tuned_level,0.3
7000076,common_time_misspecified,Misspecified common time,77,tuned_level_slope,0.1
7000077,common_time_misspecified,Misspecified common time,78,tuned_level,0.1
7000077,common_time_misspecified,Misspecified common time,78,tuned_level_slope,0.1
7000078,common_time_misspecified,Misspecified common time,79,tuned_level,0.3
7000078,common_time_misspecified,Misspecified common time,79,tuned_level_slope,0.1
7000079,common_time_misspecified,Misspecified common time,80,tuned_level,0.1
7000079,common_time_misspecified,Misspecified common time,80,tuned_level_slope,0.1
8000060,level_plus_shape,Persistent level plus shape,61,tuned_level,1.0
8000060,level_plus_shape,Persistent level plus shape,61,tuned_level_slope,0.3
8000061,level_plus_shape,Persistent level plus shape,62,tuned_level,1.0
8000061,level_plus_shape,Persistent level plus shape,62,tuned_level_slope,1.0
8000062,level_plus_shape,Persistent level plus shape,63,tuned_level,1.0
8000062,level_plus_shape,Persistent level plus shape,63,tuned_level_slope,0.1
8000063,level_plus_shape,Persistent level plus shape,64,tuned_level,10.0
8000063,level_plus_shape,Persistent level plus shape,64,tuned_level_slope,1.0
8000064,level_plus_shape,Persistent level plus shape,65,tuned_level,3.0
8000064,level_plus_shape,Persistent level plus shape,65,tuned_level_slope,1.0
8000065,level_plus_shape,Persistent level plus shape,66,tuned_level,1.0
8000065,level_plus_shape,Persistent level plus shape,66,tuned_level_slope,0.1
8000066,level_plus_shape,Persistent level plus shape,67,tuned_level,1.0
8000066,level_plus_shape,Persistent level plus shape,67,tuned_level_slope,0.3
8000067,level_plus_shape,Persistent level plus shape,68,tuned_level,10.0
8000067,level_plus_shape,Persistent level plus shape,68,tuned_level_slope,1.0
8000068,level_plus_shape,Persistent level plus shape,69,tuned_level,1.0
8000068,level_plus_shape,Persistent level plus shape,69,tuned_level_slope,0.1
8000069,level_plus_shape,Persistent level plus shape,70,tuned_level,3.0
8000069,level_plus_shape,Persistent level plus shape,70,tuned_level_slope,1.0
8000070,level_plus_shape,Persistent level plus shape,71,tuned_level,1.0
8000070,level_plus_shape,Persistent level plus shape,71,tuned_level_slope,0.3
8000071,level_plus_shape,Persistent level plus shape,72,tuned_level,1.0
8000071,level_plus_shape,Persistent level plus shape,72,tuned_level_slope,0.1
8000072,level_plus_shape,Persistent level plus shape,73,tuned_level,1.0
8000072,level_plus_shape,Persistent level plus shape,73,tuned_level_slope,0.3
8000073,level_plus_shape,Persistent level plus shape,74,tuned_level,1.0
8000073,level_plus_shape,Persistent level plus shape,74,tuned_level_slope,0.3
8000074,level_plus_shape,Persistent level plus shape,75,tuned_level,3.0
8000074,level_plus_shape,Persistent level plus shape,75,tuned_level_slope,0.1
8000075,level_plus_shape,Persistent level plus shape,76,tuned_level,1.0
8000075,level_plus_shape,Persistent level plus shape,76,tuned_level_slope,0.3
8000076,level_plus_shape,Persistent level plus shape,77,tuned_level,1.0
8000076,level_plus_shape,Persistent level plus shape,77,tuned_level_slope,0.3
8000077,level_plus_shape,Persistent level plus shape,78,tuned_level,1.0
8000077,level_plus_shape,Persistent level plus shape,78,tuned_level_slope,0.3
8000078,level_plus_shape,Persistent level plus shape,79,tuned_level,3.0
8000078,level_plus_shape,Persistent level plus shape,79,tuned_level_slope,1.0
8000079,level_plus_shape,Persistent level plus shape,80,tuned_level,1.0
8000079,level_plus_shape,Persistent level plus shape,80,tuned_level_slope,0.3
9000060,treatment_feedback,Treatment feedback,61,tuned_level,0.03
9000060,treatment_feedback,Treatment feedback,61,tuned_level_slope,0.1
9000061,treatment_feedback,Treatment feedback,62,tuned_level,0.03
9000061,treatment_feedback,Treatment feedback,62,tuned_level_slope,0.1
9000062,treatment_feedback,Treatment feedback,63,tuned_level,0.1
9000062,treatment_feedback,Treatment feedback,63,tuned_level_slope,0.1
9000063,treatment_feedback,Treatment feedback,64,tuned_level,0.03
9000063,treatment_feedback,Treatment feedback,64,tuned_level_slope,0.1
9000064,treatment_feedback,Treatment feedback,65,tuned_level,0.1
9000064,treatment_feedback,Treatment feedback,65,tuned_level_slope,0.1
9000065,treatment_feedback,Treatment feedback,66,tuned_level,0.1
9000065,treatment_feedback,Treatment feedback,66,tuned_level_slope,0.1
9000066,treatment_feedback,Treatment feedback,67,tuned_level,0.1
9000066,treatment_feedback,Treatment feedback,67,tuned_level_slope,0.1
9000067,treatment_feedback,Treatment feedback,68,tuned_level,0.03
9000067,treatment_feedback,Treatment feedback,68,tuned_level_slope,0.1
9000068,treatment_feedback,Treatment feedback,69,tuned_level,0.03
9000068,treatment_feedback,Treatment feedback,69,tuned_level_slope,0.1
9000069,treatment_feedback,Treatment feedback,70,tuned_level,0.03
9000069,treatment_feedback,Treatment feedback,70,tuned_level_slope,0.1
9000070,treatment_feedback,Treatment feedback,71,tuned_level,0.1
9000070,treatment_feedback,Treatment feedback,71,tuned_level_slope,0.1
9000071,treatment_feedback,Treatment feedback,72,tuned_level,0.03
9000071,treatment_feedback,Treatment feedback,72,tuned_level_slope,0.1
9000072,treatment_feedback,Treatment feedback,73,tuned_level,0.03
9000072,treatment_feedback,Treatment feedback,73,tuned_level_slope,0.1
9000073,treatment_feedback,Treatment feedback,74,tuned_level,0.03
9000073,treatment_feedback,Treatment feedback,74,tuned_level_slope,0.1
9000074,treatment_feedback,Treatment feedback,75,tuned_level,0.03
9000074,treatment_feedback,Treatment feedback,75,tuned_level_slope,0.1
9000075,treatment_feedback,Treatment feedback,76,tuned_level,0.03
9000075,treatment_feedback,Treatment feedback,76,tuned_level_slope,0.1
9000076,treatment_feedback,Treatment feedback,77,tuned_level,0.03
9000076,treatment_feedback,Treatment feedback,77,tuned_level_slope,0.1
9000077,treatment_feedback,Treatment feedback,78,tuned_level,0.03
9000077,treatment_feedback,Treatment feedback,78,tuned_level_slope,0.1
9000078,treatment_feedback,Treatment feedback,79,tuned_level,0.1
9000078,treatment_feedback,Treatment feedback,79,tuned_level_slope,0.1
9000079,treatment_feedback,Treatment feedback,80,tuned_level,0.03
9000079,treatment_feedback,Treatment feedback,80,tuned_level_slope,0.1
10000060,transient_nonpersistent,Transient non-persistence,61,tuned_level,0.3
10000060,transient_nonpersistent,Transient non-persistence,61,tuned_level_slope,0.3
10000061,transient_nonpersistent,Transient non-persistence,62,tuned_level,10.0
10000061,transient_nonpersistent,Transient non-persistence,62,tuned_level_slope,10.0
10000062,transient_nonpersistent,Transient non-persistence,63,tuned_level,10.0
10000062,transient_nonpersistent,Transient non-persistence,63,tuned_level_slope,10.0
10000063,transient_nonpersistent,Transient non-persistence,64,tuned_level,10.0
10000063,transient_nonpersistent,Transient non-persistence,64,tuned_level_slope,0.3
10000064,transient_nonpersistent,Transient non-persistence,65,tuned_level,3.0
10000064,transient_nonpersistent,Transient non-persistence,65,tuned_level_slope,0.3
10000065,transient_nonpersistent,Transient non-persistence,66,tuned_level,10.0
10000065,transient_nonpersistent,Transient non-persistence,66,tuned_level_slope,10.0
10000066,transient_nonpersistent,Transient non-persistence,67,tuned_level,10.0
10000066,transient_nonpersistent,Transient non-persistence,67,tuned_level_slope,10.0
10000067,transient_nonpersistent,Transient non-persistence,68,tuned_level,3.0
10000067,transient_nonpersistent,Transient non-persistence,68,tuned_level_slope,0.3
10000068,transient_nonpersistent,Transient non-persistence,69,tuned_level,3.0
10000068,transient_nonpersistent,Transient non-persistence,69,tuned_level_slope,3.0
10000069,transient_nonpersistent,Transient non-persistence,70,tuned_level,10.0
10000069,transient_nonpersistent,Transient non-persistence,70,tuned_level_slope,10.0
10000070,transient_nonpersistent,Transient non-persistence,71,tuned_level,3.0
10000070,transient_nonpersistent,Transient non-persistence,71,tuned_level_slope,1.0
10000071,transient_nonpersistent,Transient non-persistence,72,tuned_level,10.0
10000071,transient_nonpersistent,Transient non-persistence,72,tuned_level_slope,10.0
10000072,transient_nonpersistent,Transient non-persistence,73,tuned_level,10.0
10000072,transient_nonpersistent,Transient non-persistence,73,tuned_level_slope,10.0
10000073,transient_nonpersistent,Transient non-persistence,74,tuned_level,10.0
10000073,transient_nonpersistent,Transient non-persistence,74,tuned_level_slope,10.0
10000074,transient_nonpersistent,Transient non-persistence,75,tuned_level,10.0
10000074,transient_nonpersistent,Transient non-persistence,75,tuned_level_slope,10.0
10000075,transient_nonpersistent,Transient non-persistence,76,tuned_level,10.0
10000075,transient_nonpersistent,Transient non-persistence,76,tuned_level_slope,10.0
10000076,transient_nonpersistent,Transient non-persistence,77,tuned_level,10.0
10000076,transient_nonpersistent,Transient non-persistence,77,tuned_level_slope,10.0
10000077,transient_nonpersistent,Transient non-persistence,78,tuned_level,10.0
10000077,transient_nonpersistent,Transient non-persistence,78,tuned_level_slope,10.0
10000078,transient_nonpersistent,Transient non-persistence,79,tuned_level,1.0
10000078,transient_nonpersistent,Transient non-persistence,79,tuned_level_slope,0.3
10000079,transient_nonpersistent,Transient non-persistence,80,tuned_level,10.0
10000079,transient_nonpersistent,Transient non-persistence,80,tuned_level_slope,10.0
80,ideal_large_dense,"Ideal: large, dense",81,tuned_level,0.0
80,ideal_large_dense,"Ideal: large, dense",81,tuned_level_slope,0.1
81,ideal_large_dense,"Ideal: large, dense",82,tuned_level,0.03
81,ideal_large_dense,"Ideal: large, dense",82,tuned_level_slope,0.1
82,ideal_large_dense,"Ideal: large, dense",83,tuned_level,0.03
82,ideal_large_dense,"Ideal: large, dense",83,tuned_level_slope,0.1
83,ideal_large_dense,"Ideal: large, dense",84,tuned_level,0.03
83,ideal_large_dense,"Ideal: large, dense",84,tuned_level_slope,0.1
84,ideal_large_dense,"Ideal: large, dense",85,tuned_level,0.03
84,ideal_large_dense,"Ideal: large, dense",85,tuned_level_slope,0.1
85,ideal_large_dense,"Ideal: large, dense",86,tuned_level,0.03
85,ideal_large_dense,"Ideal: large, dense",86,tuned_level_slope,0.1
86,ideal_large_dense,"Ideal: large, dense",87,tuned_level,0.03
86,ideal_large_dense,"Ideal: large, dense",87,tuned_level_slope,0.1
87,ideal_large_dense,"Ideal: large, dense",88,tuned_level,0.03
87,ideal_large_dense,"Ideal: large, dense",88,tuned_level_slope,0.1
88,ideal_large_dense,"Ideal: large, dense",89,tuned_level,0.03
88,ideal_large_dense,"Ideal: large, dense",89,tuned_level_slope,0.1
89,ideal_large_dense,"Ideal: large, dense",90,tuned_level,0.03
89,ideal_large_dense,"Ideal: large, dense",90,tuned_level_slope,0.1
90,ideal_large_dense,"Ideal: large, dense",91,tuned_level,0.03
90,ideal_large_dense,"Ideal: large, dense",91,tuned_level_slope,0.1
91,ideal_large_dense,"Ideal: large, dense",92,tuned_level,0.03
91,ideal_large_dense,"Ideal: large, dense",92,tuned_level_slope,0.1
92,ideal_large_dense,"Ideal: large, dense",93,tuned_level,0.03
92,ideal_large_dense,"Ideal: large, dense",93,tuned_level_slope,0.1
93,ideal_large_dense,"Ideal: large, dense",94,tuned_level,0.03
93,ideal_large_dense,"Ideal: large, dense",94,tuned_level_slope,0.1
94,ideal_large_dense,"Ideal: large, dense",95,tuned_level,0.03
94,ideal_large_dense,"Ideal: large, dense",95,tuned_level_slope,0.1
95,ideal_large_dense,"Ideal: large, dense",96,tuned_level,0.1
95,ideal_large_dense,"Ideal: large, dense",96,tuned_level_slope,0.1
96,ideal_large_dense,"Ideal: large, dense",97,tuned_level,0.03
96,ideal_large_dense,"Ideal: large, dense",97,tuned_level_slope,0.1
97,ideal_large_dense,"Ideal: large, dense",98,tuned_level,0.03
97,ideal_large_dense,"Ideal: large, dense",98,tuned_level_slope,0.1
98,ideal_large_dense,"Ideal: large, dense",99,tuned_level,0.03
98,ideal_large_dense,"Ideal: large, dense",99,tuned_level_slope,0.1
99,ideal_large_dense,"Ideal: large, dense",100,tuned_level,0.03
99,ideal_large_dense,"Ideal: large, dense",100,tuned_level_slope,0.1
1000080,ideal_small_dense,"Ideal: small, dense",81,tuned_level,0.03
1000080,ideal_small_dense,"Ideal: small, dense",81,tuned_level_slope,0.1
1000081,ideal_small_dense,"Ideal: small, dense",82,tuned_level,0.0
1000081,ideal_small_dense,"Ideal: small, dense",82,tuned_level_slope,0.1
1000082,ideal_small_dense,"Ideal: small, dense",83,tuned_level,0.03
1000082,ideal_small_dense,"Ideal: small, dense",83,tuned_level_slope,0.1
1000083,ideal_small_dense,"Ideal: small, dense",84,tuned_level,0.0
1000083,ideal_small_dense,"Ideal: small, dense",84,tuned_level_slope,0.1
1000084,ideal_small_dense,"Ideal: small, dense",85,tuned_level,0.1
1000084,ideal_small_dense,"Ideal: small, dense",85,tuned_level_slope,0.1
1000085,ideal_small_dense,"Ideal: small, dense",86,tuned_level,0.03
1000085,ideal_small_dense,"Ideal: small, dense",86,tuned_level_slope,0.1
1000086,ideal_small_dense,"Ideal: small, dense",87,tuned_level,0.03
1000086,ideal_small_dense,"Ideal: small, dense",87,tuned_level_slope,0.1
1000087,ideal_small_dense,"Ideal: small, dense",88,tuned_level,0.03
1000087,ideal_small_dense,"Ideal: small, dense",88,tuned_level_slope,0.1
1000088,ideal_small_dense,"Ideal: small, dense",89,tuned_level,0.03
1000088,ideal_small_dense,"Ideal: small, dense",89,tuned_level_slope,0.1
1000089,ideal_small_dense,"Ideal: small, dense",90,tuned_level,0.1
1000089,ideal_small_dense,"Ideal: small, dense",90,tuned_level_slope,0.1
1000090,ideal_small_dense,"Ideal: small, dense",91,tuned_level,0.03
1000090,ideal_small_dense,"Ideal: small, dense",91,tuned_level_slope,0.1
1000091,ideal_small_dense,"Ideal: small, dense",92,tuned_level,0.03
1000091,ideal_small_dense,"Ideal: small, dense",92,tuned_level_slope,0.1
1000092,ideal_small_dense,"Ideal: small, dense",93,tuned_level,0.0
1000092,ideal_small_dense,"Ideal: small, dense",93,tuned_level_slope,0.1
1000093,ideal_small_dense,"Ideal: small, dense",94,tuned_level,0.03
1000093,ideal_small_dense,"Ideal: small, dense",94,tuned_level_slope,0.1
1000094,ideal_small_dense,"Ideal: small, dense",95,tuned_level,0.03
1000094,ideal_small_dense,"Ideal: small, dense",95,tuned_level_slope,0.1
1000095,ideal_small_dense,"Ideal: small, dense",96,tuned_level,0.03
1000095,ideal_small_dense,"Ideal: small, dense",96,tuned_level_slope,0.1
1000096,ideal_small_dense,"Ideal: small, dense",97,tuned_level,0.03
1000096,ideal_small_dense,"Ideal: small, dense",97,tuned_level_slope,0.1
1000097,ideal_small_dense,"Ideal: small, dense",98,tuned_level,0.03
1000097,ideal_small_dense,"Ideal: small, dense",98,tuned_level_slope,0.1
1000098,ideal_small_dense,"Ideal: small, dense",99,tuned_level,0.03
1000098,ideal_small_dense,"Ideal: small, dense",99,tuned_level_slope,0.1
1000099,ideal_small_dense,"Ideal: small, dense",100,tuned_level,0.03
1000099,ideal_small_dense,"Ideal: small, dense",100,tuned_level_slope,0.1
2000080,ideal_large_sparse,"Ideal: large, sparse",81,tuned_level,0.03
2000080,ideal_large_sparse,"Ideal: large, sparse",81,tuned_level_slope,0.1
2000081,ideal_large_sparse,"Ideal: large, sparse",82,tuned_level,0.03
2000081,ideal_large_sparse,"Ideal: large, sparse",82,tuned_level_slope,0.1
2000082,ideal_large_sparse,"Ideal: large, sparse",83,tuned_level,0.03
2000082,ideal_large_sparse,"Ideal: large, sparse",83,tuned_level_slope,0.1
2000083,ideal_large_sparse,"Ideal: large, sparse",84,tuned_level,0.1
2000083,ideal_large_sparse,"Ideal: large, sparse",84,tuned_level_slope,0.1
2000084,ideal_large_sparse,"Ideal: large, sparse",85,tuned_level,0.03
2000084,ideal_large_sparse,"Ideal: large, sparse",85,tuned_level_slope,0.1
2000085,ideal_large_sparse,"Ideal: large, sparse",86,tuned_level,0.03
2000085,ideal_large_sparse,"Ideal: large, sparse",86,tuned_level_slope,0.1
2000086,ideal_large_sparse,"Ideal: large, sparse",87,tuned_level,0.03
2000086,ideal_large_sparse,"Ideal: large, sparse",87,tuned_level_slope,0.1
2000087,ideal_large_sparse,"Ideal: large, sparse",88,tuned_level,0.03
2000087,ideal_large_sparse,"Ideal: large, sparse",88,tuned_level_slope,0.1
2000088,ideal_large_sparse,"Ideal: large, sparse",89,tuned_level,0.1
2000088,ideal_large_sparse,"Ideal: large, sparse",89,tuned_level_slope,0.1
2000089,ideal_large_sparse,"Ideal: large, sparse",90,tuned_level,0.03
2000089,ideal_large_sparse,"Ideal: large, sparse",90,tuned_level_slope,0.1
2000090,ideal_large_sparse,"Ideal: large, sparse",91,tuned_level,0.03
2000090,ideal_large_sparse,"Ideal: large, sparse",91,tuned_level_slope,0.1
2000091,ideal_large_sparse,"Ideal: large, sparse",92,tuned_level,0.1
2000091,ideal_large_sparse,"Ideal: large, sparse",92,tuned_level_slope,0.1
2000092,ideal_large_sparse,"Ideal: large, sparse",93,tuned_level,0.03
2000092,ideal_large_sparse,"Ideal: large, sparse",93,tuned_level_slope,0.1
2000093,ideal_large_sparse,"Ideal: large, sparse",94,tuned_level,0.03
2000093,ideal_large_sparse,"Ideal: large, sparse",94,tuned_level_slope,0.1
2000094,ideal_large_sparse,"Ideal: large, sparse",95,tuned_level,0.03
2000094,ideal_large_sparse,"Ideal: large, sparse",95,tuned_level_slope,0.1
2000095,ideal_large_sparse,"Ideal: large, sparse",96,tuned_level,0.1
2000095,ideal_large_sparse,"Ideal: large, sparse",96,tuned_level_slope,0.1
2000096,ideal_large_sparse,"Ideal: large, sparse",97,tuned_level,0.03
2000096,ideal_large_sparse,"Ideal: large, sparse",97,tuned_level_slope,0.1
2000097,ideal_large_sparse,"Ideal: large, sparse",98,tuned_level,0.03
2000097,ideal_large_sparse,"Ideal: large, sparse",98,tuned_level_slope,0.1
2000098,ideal_large_sparse,"Ideal: large, sparse",99,tuned_level,0.03
2000098,ideal_large_sparse,"Ideal: large, sparse",99,tuned_level_slope,0.1
2000099,ideal_large_sparse,"Ideal: large, sparse",100,tuned_level,0.03
2000099,ideal_large_sparse,"Ideal: large, sparse",100,tuned_level_slope,0.1
3000080,serial_dependence,Serial dependence,81,tuned_level,0.03
3000080,serial_dependence,Serial dependence,81,tuned_level_slope,0.1
3000081,serial_dependence,Serial dependence,82,tuned_level,0.1
3000081,serial_dependence,Serial dependence,82,tuned_level_slope,0.1
3000082,serial_dependence,Serial dependence,83,tuned_level,0.03
3000082,serial_dependence,Serial dependence,83,tuned_level_slope,0.1
3000083,serial_dependence,Serial dependence,84,tuned_level,0.03
3000083,serial_dependence,Serial dependence,84,tuned_level_slope,0.1
3000084,serial_dependence,Serial dependence,85,tuned_level,0.03
3000084,serial_dependence,Serial dependence,85,tuned_level_slope,0.1
3000085,serial_dependence,Serial dependence,86,tuned_level,0.1
3000085,serial_dependence,Serial dependence,86,tuned_level_slope,0.1
3000086,serial_dependence,Serial dependence,87,tuned_level,0.03
3000086,serial_dependence,Serial dependence,87,tuned_level_slope,0.1
3000087,serial_dependence,Serial dependence,88,tuned_level,0.03
3000087,serial_dependence,Serial dependence,88,tuned_level_slope,0.1
3000088,serial_dependence,Serial dependence,89,tuned_level,0.03
3000088,serial_dependence,Serial dependence,89,tuned_level_slope,0.1
3000089,serial_dependence,Serial dependence,90,tuned_level,0.03
3000089,serial_dependence,Serial dependence,90,tuned_level_slope,0.1
3000090,serial_dependence,Serial dependence,91,tuned_level,0.03
3000090,serial_dependence,Serial dependence,91,tuned_level_slope,0.1
3000091,serial_dependence,Serial dependence,92,tuned_level,0.1
3000091,serial_dependence,Serial dependence,92,tuned_level_slope,0.1
3000092,serial_dependence,Serial dependence,93,tuned_level,0.03
3000092,serial_dependence,Serial dependence,93,tuned_level_slope,0.1
3000093,serial_dependence,Serial dependence,94,tuned_level,0.1
3000093,serial_dependence,Serial dependence,94,tuned_level_slope,0.1
3000094,serial_dependence,Serial dependence,95,tuned_level,0.1
3000094,serial_dependence,Serial dependence,95,tuned_level_slope,0.1
3000095,serial_dependence,Serial dependence,96,tuned_level,0.03
3000095,serial_dependence,Serial dependence,96,tuned_level_slope,0.1
3000096,serial_dependence,Serial dependence,97,tuned_level,0.1
3000096,serial_dependence,Serial dependence,97,tuned_level_slope,0.1
3000097,serial_dependence,Serial dependence,98,tuned_level,0.03
3000097,serial_dependence,Serial dependence,98,tuned_level_slope,0.1
3000098,serial_dependence,Serial dependence,99,tuned_level,0.03
3000098,serial_dependence,Serial dependence,99,tuned_level_slope,0.1
3000099,serial_dependence,Serial dependence,100,tuned_level,0.1
3000099,serial_dependence,Serial dependence,100,tuned_level_slope,0.1
4000080,discrete_map_rounding,Integer MAP rounding,81,tuned_level,0.03
4000080,discrete_map_rounding,Integer MAP rounding,81,tuned_level_slope,0.1
4000081,discrete_map_rounding,Integer MAP rounding,82,tuned_level,0.03
4000081,discrete_map_rounding,Integer MAP rounding,82,tuned_level_slope,0.1
4000082,discrete_map_rounding,Integer MAP rounding,83,tuned_level,0.1
4000082,discrete_map_rounding,Integer MAP rounding,83,tuned_level_slope,0.1
4000083,discrete_map_rounding,Integer MAP rounding,84,tuned_level,0.03
4000083,discrete_map_rounding,Integer MAP rounding,84,tuned_level_slope,0.1
4000084,discrete_map_rounding,Integer MAP rounding,85,tuned_level,0.03
4000084,discrete_map_rounding,Integer MAP rounding,85,tuned_level_slope,0.1
4000085,discrete_map_rounding,Integer MAP rounding,86,tuned_level,0.03
4000085,discrete_map_rounding,Integer MAP rounding,86,tuned_level_slope,0.1
4000086,discrete_map_rounding,Integer MAP rounding,87,tuned_level,0.0
4000086,discrete_map_rounding,Integer MAP rounding,87,tuned_level_slope,0.1
4000087,discrete_map_rounding,Integer MAP rounding,88,tuned_level,0.03
4000087,discrete_map_rounding,Integer MAP rounding,88,tuned_level_slope,0.1
4000088,discrete_map_rounding,Integer MAP rounding,89,tuned_level,0.03
4000088,discrete_map_rounding,Integer MAP rounding,89,tuned_level_slope,0.1
4000089,discrete_map_rounding,Integer MAP rounding,90,tuned_level,0.1
4000089,discrete_map_rounding,Integer MAP rounding,90,tuned_level_slope,0.1
4000090,discrete_map_rounding,Integer MAP rounding,91,tuned_level,0.03
4000090,discrete_map_rounding,Integer MAP rounding,91,tuned_level_slope,0.1
4000091,discrete_map_rounding,Integer MAP rounding,92,tuned_level,0.03
4000091,discrete_map_rounding,Integer MAP rounding,92,tuned_level_slope,0.1
4000092,discrete_map_rounding,Integer MAP rounding,93,tuned_level,0.03
4000092,discrete_map_rounding,Integer MAP rounding,93,tuned_level_slope,0.1
4000093,discrete_map_rounding,Integer MAP rounding,94,tuned_level,0.03
4000093,discrete_map_rounding,Integer MAP rounding,94,tuned_level_slope,0.1
4000094,discrete_map_rounding,Integer MAP rounding,95,tuned_level,0.0
4000094,discrete_map_rounding,Integer MAP rounding,95,tuned_level_slope,0.1
4000095,discrete_map_rounding,Integer MAP rounding,96,tuned_level,0.03
4000095,discrete_map_rounding,Integer MAP rounding,96,tuned_level_slope,0.1
4000096,discrete_map_rounding,Integer MAP rounding,97,tuned_level,0.03
4000096,discrete_map_rounding,Integer MAP rounding,97,tuned_level_slope,0.1
4000097,discrete_map_rounding,Integer MAP rounding,98,tuned_level,0.03
4000097,discrete_map_rounding,Integer MAP rounding,98,tuned_level_slope,0.1
4000098,discrete_map_rounding,Integer MAP rounding,99,tuned_level,0.1
4000098,discrete_map_rounding,Integer MAP rounding,99,tuned_level_slope,0.1
4000099,discrete_map_rounding,Integer MAP rounding,100,tuned_level,0.03
4000099,discrete_map_rounding,Integer MAP rounding,100,tuned_level_slope,0.1
5000080,informative_monitoring,Informative monitoring,81,tuned_level,0.0
5000080,informative_monitoring,Informative monitoring,81,tuned_level_slope,0.1
5000081,informative_monitoring,Informative monitoring,82,tuned_level,0.03
5000081,informative_monitoring,Informative monitoring,82,tuned_level_slope,0.1
5000082,informative_monitoring,Informative monitoring,83,tuned_level,0.03
5000082,informative_monitoring,Informative monitoring,83,tuned_level_slope,0.1
5000083,informative_monitoring,Informative monitoring,84,tuned_level,0.03
5000083,informative_monitoring,Informative monitoring,84,tuned_level_slope,0.1
5000084,informative_monitoring,Informative monitoring,85,tuned_level,0.03
5000084,informative_monitoring,Informative monitoring,85,tuned_level_slope,0.1
5000085,informative_monitoring,Informative monitoring,86,tuned_level,0.03
5000085,informative_monitoring,Informative monitoring,86,tuned_level_slope,0.1
5000086,informative_monitoring,Informative monitoring,87,tuned_level,0.03
5000086,informative_monitoring,Informative monitoring,87,tuned_level_slope,0.1
5000087,informative_monitoring,Informative monitoring,88,tuned_level,0.03
5000087,informative_monitoring,Informative monitoring,88,tuned_level_slope,0.1
5000088,informative_monitoring,Informative monitoring,89,tuned_level,0.03
5000088,informative_monitoring,Informative monitoring,89,tuned_level_slope,0.1
5000089,informative_monitoring,Informative monitoring,90,tuned_level,0.03
5000089,informative_monitoring,Informative monitoring,90,tuned_level_slope,0.1
5000090,informative_monitoring,Informative monitoring,91,tuned_level,0.03
5000090,informative_monitoring,Informative monitoring,91,tuned_level_slope,0.1
5000091,informative_monitoring,Informative monitoring,92,tuned_level,0.03
5000091,informative_monitoring,Informative monitoring,92,tuned_level_slope,0.1
5000092,informative_monitoring,Informative monitoring,93,tuned_level,0.03
5000092,informative_monitoring,Informative monitoring,93,tuned_level_slope,0.1
5000093,informative_monitoring,Informative monitoring,94,tuned_level,0.03
5000093,informative_monitoring,Informative monitoring,94,tuned_level_slope,0.1
5000094,informative_monitoring,Informative monitoring,95,tuned_level,0.03
5000094,informative_monitoring,Informative monitoring,95,tuned_level_slope,0.1
5000095,informative_monitoring,Informative monitoring,96,tuned_level,0.03
5000095,informative_monitoring,Informative monitoring,96,tuned_level_slope,0.1
5000096,informative_monitoring,Informative monitoring,97,tuned_level,0.03
5000096,informative_monitoring,Informative monitoring,97,tuned_level_slope,0.1
5000097,informative_monitoring,Informative monitoring,98,tuned_level,0.03
5000097,informative_monitoring,Informative monitoring,98,tuned_level_slope,0.1
5000098,informative_monitoring,Informative monitoring,99,tuned_level,0.03
5000098,informative_monitoring,Informative monitoring,99,tuned_level_slope,0.1
5000099,informative_monitoring,Informative monitoring,100,tuned_level,0.03
5000099,informative_monitoring,Informative monitoring,100,tuned_level_slope,0.1
6000080,cluster_size_informative,Cluster size--level association,81,tuned_level,0.03
6000080,cluster_size_informative,Cluster size--level association,81,tuned_level_slope,0.1
6000081,cluster_size_informative,Cluster size--level association,82,tuned_level,0.03
6000081,cluster_size_informative,Cluster size--level association,82,tuned_level_slope,0.1
6000082,cluster_size_informative,Cluster size--level association,83,tuned_level,0.0
6000082,cluster_size_informative,Cluster size--level association,83,tuned_level_slope,0.1
6000083,cluster_size_informative,Cluster size--level association,84,tuned_level,0.03
6000083,cluster_size_informative,Cluster size--level association,84,tuned_level_slope,0.1
6000084,cluster_size_informative,Cluster size--level association,85,tuned_level,0.03
6000084,cluster_size_informative,Cluster size--level association,85,tuned_level_slope,0.1
6000085,cluster_size_informative,Cluster size--level association,86,tuned_level,0.03
6000085,cluster_size_informative,Cluster size--level association,86,tuned_level_slope,0.1
6000086,cluster_size_informative,Cluster size--level association,87,tuned_level,0.03
6000086,cluster_size_informative,Cluster size--level association,87,tuned_level_slope,0.1
6000087,cluster_size_informative,Cluster size--level association,88,tuned_level,0.0
6000087,cluster_size_informative,Cluster size--level association,88,tuned_level_slope,0.1
6000088,cluster_size_informative,Cluster size--level association,89,tuned_level,0.0
6000088,cluster_size_informative,Cluster size--level association,89,tuned_level_slope,0.1
6000089,cluster_size_informative,Cluster size--level association,90,tuned_level,0.03
6000089,cluster_size_informative,Cluster size--level association,90,tuned_level_slope,0.1
6000090,cluster_size_informative,Cluster size--level association,91,tuned_level,0.0
6000090,cluster_size_informative,Cluster size--level association,91,tuned_level_slope,0.1
6000091,cluster_size_informative,Cluster size--level association,92,tuned_level,0.03
6000091,cluster_size_informative,Cluster size--level association,92,tuned_level_slope,0.1
6000092,cluster_size_informative,Cluster size--level association,93,tuned_level,0.03
6000092,cluster_size_informative,Cluster size--level association,93,tuned_level_slope,0.1
6000093,cluster_size_informative,Cluster size--level association,94,tuned_level,0.0
6000093,cluster_size_informative,Cluster size--level association,94,tuned_level_slope,0.1
6000094,cluster_size_informative,Cluster size--level association,95,tuned_level,0.03
6000094,cluster_size_informative,Cluster size--level association,95,tuned_level_slope,0.1
6000095,cluster_size_informative,Cluster size--level association,96,tuned_level,0.03
6000095,cluster_size_informative,Cluster size--level association,96,tuned_level_slope,0.1
6000096,cluster_size_informative,Cluster size--level association,97,tuned_level,0.03
6000096,cluster_size_informative,Cluster size--level association,97,tuned_level_slope,0.1
6000097,cluster_size_informative,Cluster size--level association,98,tuned_level,0.03
6000097,cluster_size_informative,Cluster size--level association,98,tuned_level_slope,0.1
6000098,cluster_size_informative,Cluster size--level association,99,tuned_level,0.03
6000098,cluster_size_informative,Cluster size--level association,99,tuned_level_slope,0.1
6000099,cluster_size_informative,Cluster size--level association,100,tuned_level,0.03
6000099,cluster_size_informative,Cluster size--level association,100,tuned_level_slope,0.1
7000080,common_time_misspecified,Misspecified common time,81,tuned_level,0.3
7000080,common_time_misspecified,Misspecified common time,81,tuned_level_slope,0.1
7000081,common_time_misspecified,Misspecified common time,82,tuned_level,0.3
7000081,common_time_misspecified,Misspecified common time,82,tuned_level_slope,0.1
7000082,common_time_misspecified,Misspecified common time,83,tuned_level,0.1
7000082,common_time_misspecified,Misspecified common time,83,tuned_level_slope,0.1
7000083,common_time_misspecified,Misspecified common time,84,tuned_level,0.3
7000083,common_time_misspecified,Misspecified common time,84,tuned_level_slope,0.1
7000084,common_time_misspecified,Misspecified common time,85,tuned_level,0.3
7000084,common_time_misspecified,Misspecified common time,85,tuned_level_slope,0.1
7000085,common_time_misspecified,Misspecified common time,86,tuned_level,0.1
7000085,common_time_misspecified,Misspecified common time,86,tuned_level_slope,0.1
7000086,common_time_misspecified,Misspecified common time,87,tuned_level,0.3
7000086,common_time_misspecified,Misspecified common time,87,tuned_level_slope,0.1
7000087,common_time_misspecified,Misspecified common time,88,tuned_level,0.1
7000087,common_time_misspecified,Misspecified common time,88,tuned_level_slope,0.1
7000088,common_time_misspecified,Misspecified common time,89,tuned_level,0.1
7000088,common_time_misspecified,Misspecified common time,89,tuned_level_slope,0.1
7000089,common_time_misspecified,Misspecified common time,90,tuned_level,0.1
7000089,common_time_misspecified,Misspecified common time,90,tuned_level_slope,0.1
7000090,common_time_misspecified,Misspecified common time,91,tuned_level,0.1
7000090,common_time_misspecified,Misspecified common time,91,tuned_level_slope,0.1
7000091,common_time_misspecified,Misspecified common time,92,tuned_level,0.1
7000091,common_time_misspecified,Misspecified common time,92,tuned_level_slope,0.1
7000092,common_time_misspecified,Misspecified common time,93,tuned_level,0.1
7000092,common_time_misspecified,Misspecified common time,93,tuned_level_slope,0.1
7000093,common_time_misspecified,Misspecified common time,94,tuned_level,0.3
7000093,common_time_misspecified,Misspecified common time,94,tuned_level_slope,0.1
7000094,common_time_misspecified,Misspecified common time,95,tuned_level,0.3
7000094,common_time_misspecified,Misspecified common time,95,tuned_level_slope,0.1
7000095,common_time_misspecified,Misspecified common time,96,tuned_level,0.1
7000095,common_time_misspecified,Misspecified common time,96,tuned_level_slope,0.1
7000096,common_time_misspecified,Misspecified common time,97,tuned_level,0.1
7000096,common_time_misspecified,Misspecified common time,97,tuned_level_slope,0.1
7000097,common_time_misspecified,Misspecified common time,98,tuned_level,0.3
7000097,common_time_misspecified,Misspecified common time,98,tuned_level_slope,0.1
7000098,common_time_misspecified,Misspecified common time,99,tuned_level,0.1
7000098,common_time_misspecified,Misspecified common time,99,tuned_level_slope,0.1
7000099,common_time_misspecified,Misspecified common time,100,tuned_level,0.1
7000099,common_time_misspecified,Misspecified common time,100,tuned_level_slope,0.1
8000080,level_plus_shape,Persistent level plus shape,81,tuned_level,10.0
8000080,level_plus_shape,Persistent level plus shape,81,tuned_level_slope,3.0
8000081,level_plus_shape,Persistent level plus shape,82,tuned_level,0.3
8000081,level_plus_shape,Persistent level plus shape,82,tuned_level_slope,0.1
8000082,level_plus_shape,Persistent level plus shape,83,tuned_level,3.0
8000082,level_plus_shape,Persistent level plus shape,83,tuned_level_slope,1.0
8000083,level_plus_shape,Persistent level plus shape,84,tuned_level,1.0
8000083,level_plus_shape,Persistent level plus shape,84,tuned_level_slope,1.0
8000084,level_plus_shape,Persistent level plus shape,85,tuned_level,1.0
8000084,level_plus_shape,Persistent level plus shape,85,tuned_level_slope,0.3
8000085,level_plus_shape,Persistent level plus shape,86,tuned_level,1.0
8000085,level_plus_shape,Persistent level plus shape,86,tuned_level_slope,0.1
8000086,level_plus_shape,Persistent level plus shape,87,tuned_level,0.3
8000086,level_plus_shape,Persistent level plus shape,87,tuned_level_slope,0.1
8000087,level_plus_shape,Persistent level plus shape,88,tuned_level,1.0
8000087,level_plus_shape,Persistent level plus shape,88,tuned_level_slope,0.1
8000088,level_plus_shape,Persistent level plus shape,89,tuned_level,10.0
8000088,level_plus_shape,Persistent level plus shape,89,tuned_level_slope,1.0
8000089,level_plus_shape,Persistent level plus shape,90,tuned_level,10.0
8000089,level_plus_shape,Persistent level plus shape,90,tuned_level_slope,10.0
8000090,level_plus_shape,Persistent level plus shape,91,tuned_level,10.0
8000090,level_plus_shape,Persistent level plus shape,91,tuned_level_slope,3.0
8000091,level_plus_shape,Persistent level plus shape,92,tuned_level,10.0
8000091,level_plus_shape,Persistent level plus shape,92,tuned_level_slope,0.3
8000092,level_plus_shape,Persistent level plus shape,93,tuned_level,3.0
8000092,level_plus_shape,Persistent level plus shape,93,tuned_level_slope,0.3
8000093,level_plus_shape,Persistent level plus shape,94,tuned_level,1.0
8000093,level_plus_shape,Persistent level plus shape,94,tuned_level_slope,0.3
8000094,level_plus_shape,Persistent level plus shape,95,tuned_level,10.0
8000094,level_plus_shape,Persistent level plus shape,95,tuned_level_slope,10.0
8000095,level_plus_shape,Persistent level plus shape,96,tuned_level,3.0
8000095,level_plus_shape,Persistent level plus shape,96,tuned_level_slope,1.0
8000096,level_plus_shape,Persistent level plus shape,97,tuned_level,1.0
8000096,level_plus_shape,Persistent level plus shape,97,tuned_level_slope,0.3
8000097,level_plus_shape,Persistent level plus shape,98,tuned_level,1.0
8000097,level_plus_shape,Persistent level plus shape,98,tuned_level_slope,1.0
8000098,level_plus_shape,Persistent level plus shape,99,tuned_level,3.0
8000098,level_plus_shape,Persistent level plus shape,99,tuned_level_slope,1.0
8000099,level_plus_shape,Persistent level plus shape,100,tuned_level,1.0
8000099,level_plus_shape,Persistent level plus shape,100,tuned_level_slope,0.1
9000080,treatment_feedback,Treatment feedback,81,tuned_level,0.03
9000080,treatment_feedback,Treatment feedback,81,tuned_level_slope,0.1
9000081,treatment_feedback,Treatment feedback,82,tuned_level,0.1
9000081,treatment_feedback,Treatment feedback,82,tuned_level_slope,0.1
9000082,treatment_feedback,Treatment feedback,83,tuned_level,0.1
9000082,treatment_feedback,Treatment feedback,83,tuned_level_slope,0.1
9000083,treatment_feedback,Treatment feedback,84,tuned_level,0.3
9000083,treatment_feedback,Treatment feedback,84,tuned_level_slope,0.1
9000084,treatment_feedback,Treatment feedback,85,tuned_level,0.03
9000084,treatment_feedback,Treatment feedback,85,tuned_level_slope,0.1
9000085,treatment_feedback,Treatment feedback,86,tuned_level,0.1
9000085,treatment_feedback,Treatment feedback,86,tuned_level_slope,0.1
9000086,treatment_feedback,Treatment feedback,87,tuned_level,0.03
9000086,treatment_feedback,Treatment feedback,87,tuned_level_slope,0.1
9000087,treatment_feedback,Treatment feedback,88,tuned_level,0.1
9000087,treatment_feedback,Treatment feedback,88,tuned_level_slope,0.1
9000088,treatment_feedback,Treatment feedback,89,tuned_level,0.1
9000088,treatment_feedback,Treatment feedback,89,tuned_level_slope,0.1
9000089,treatment_feedback,Treatment feedback,90,tuned_level,0.03
9000089,treatment_feedback,Treatment feedback,90,tuned_level_slope,0.1
9000090,treatment_feedback,Treatment feedback,91,tuned_level,0.03
9000090,treatment_feedback,Treatment feedback,91,tuned_level_slope,0.1
9000091,treatment_feedback,Treatment feedback,92,tuned_level,0.03
9000091,treatment_feedback,Treatment feedback,92,tuned_level_slope,0.1
9000092,treatment_feedback,Treatment feedback,93,tuned_level,0.1
9000092,treatment_feedback,Treatment feedback,93,tuned_level_slope,0.1
9000093,treatment_feedback,Treatment feedback,94,tuned_level,0.03
9000093,treatment_feedback,Treatment feedback,94,tuned_level_slope,0.1
9000094,treatment_feedback,Treatment feedback,95,tuned_level,0.1
9000094,treatment_feedback,Treatment feedback,95,tuned_level_slope,0.1
9000095,treatment_feedback,Treatment feedback,96,tuned_level,0.1
9000095,treatment_feedback,Treatment feedback,96,tuned_level_slope,0.1
9000096,treatment_feedback,Treatment feedback,97,tuned_level,0.1
9000096,treatment_feedback,Treatment feedback,97,tuned_level_slope,0.1
9000097,treatment_feedback,Treatment feedback,98,tuned_level,0.03
9000097,treatment_feedback,Treatment feedback,98,tuned_level_slope,0.1
9000098,treatment_feedback,Treatment feedback,99,tuned_level,0.1
9000098,treatment_feedback,Treatment feedback,99,tuned_level_slope,0.1
9000099,treatment_feedback,Treatment feedback,100,tuned_level,0.1
9000099,treatment_feedback,Treatment feedback,100,tuned_level_slope,0.1
10000080,transient_nonpersistent,Transient non-persistence,81,tuned_level,10.0
10000080,transient_nonpersistent,Transient non-persistence,81,tuned_level_slope,10.0
10000081,transient_nonpersistent,Transient non-persistence,82,tuned_level,10.0
10000081,transient_nonpersistent,Transient non-persistence,82,tuned_level_slope,10.0
10000082,transient_nonpersistent,Transient non-persistence,83,tuned_level,10.0
10000082,transient_nonpersistent,Transient non-persistence,83,tuned_level_slope,10.0
10000083,transient_nonpersistent,Transient non-persistence,84,tuned_level,10.0
10000083,transient_nonpersistent,Transient non-persistence,84,tuned_level_slope,10.0
10000084,transient_nonpersistent,Transient non-persistence,85,tuned_level,10.0
10000084,transient_nonpersistent,Transient non-persistence,85,tuned_level_slope,10.0
10000085,transient_nonpersistent,Transient non-persistence,86,tuned_level,10.0
10000085,transient_nonpersistent,Transient non-persistence,86,tuned_level_slope,1.0
10000086,transient_nonpersistent,Transient non-persistence,87,tuned_level,10.0
10000086,transient_nonpersistent,Transient non-persistence,87,tuned_level_slope,10.0
10000087,transient_nonpersistent,Transient non-persistence,88,tuned_level,10.0
10000087,transient_nonpersistent,Transient non-persistence,88,tuned_level_slope,10.0
10000088,transient_nonpersistent,Transient non-persistence,89,tuned_level,10.0
10000088,transient_nonpersistent,Transient non-persistence,89,tuned_level_slope,10.0
10000089,transient_nonpersistent,Transient non-persistence,90,tuned_level,10.0
10000089,transient_nonpersistent,Transient non-persistence,90,tuned_level_slope,10.0
10000090,transient_nonpersistent,Transient non-persistence,91,tuned_level,10.0
10000090,transient_nonpersistent,Transient non-persistence,91,tuned_level_slope,10.0
10000091,transient_nonpersistent,Transient non-persistence,92,tuned_level,10.0
10000091,transient_nonpersistent,Transient non-persistence,92,tuned_level_slope,10.0
10000092,transient_nonpersistent,Transient non-persistence,93,tuned_level,10.0
10000092,transient_nonpersistent,Transient non-persistence,93,tuned_level_slope,10.0
10000093,transient_nonpersistent,Transient non-persistence,94,tuned_level,10.0
10000093,transient_nonpersistent,Transient non-persistence,94,tuned_level_slope,10.0
10000094,transient_nonpersistent,Transient non-persistence,95,tuned_level,10.0
10000094,transient_nonpersistent,Transient non-persistence,95,tuned_level_slope,10.0
10000095,transient_nonpersistent,Transient non-persistence,96,tuned_level,10.0
10000095,transient_nonpersistent,Transient non-persistence,96,tuned_level_slope,10.0
10000096,transient_nonpersistent,Transient non-persistence,97,tuned_level,10.0
10000096,transient_nonpersistent,Transient non-persistence,97,tuned_level_slope,0.3
10000097,transient_nonpersistent,Transient non-persistence,98,tuned_level,10.0
10000097,transient_nonpersistent,Transient non-persistence,98,tuned_level_slope,10.0
10000098,transient_nonpersistent,Transient non-persistence,99,tuned_level,10.0
10000098,transient_nonpersistent,Transient non-persistence,99,tuned_level_slope,10.0
10000099,transient_nonpersistent,Transient non-persistence,100,tuned_level,10.0
10000099,transient_nonpersistent,Transient non-persistence,100,tuned_level_slope,10.0
100,ideal_large_dense,"Ideal: large, dense",101,tuned_level,0.1
100,ideal_large_dense,"Ideal: large, dense",101,tuned_level_slope,0.1
101,ideal_large_dense,"Ideal: large, dense",102,tuned_level,0.03
101,ideal_large_dense,"Ideal: large, dense",102,tuned_level_slope,0.1
102,ideal_large_dense,"Ideal: large, dense",103,tuned_level,0.03
102,ideal_large_dense,"Ideal: large, dense",103,tuned_level_slope,0.1
103,ideal_large_dense,"Ideal: large, dense",104,tuned_level,0.03
103,ideal_large_dense,"Ideal: large, dense",104,tuned_level_slope,0.1
104,ideal_large_dense,"Ideal: large, dense",105,tuned_level,0.03
104,ideal_large_dense,"Ideal: large, dense",105,tuned_level_slope,0.1
105,ideal_large_dense,"Ideal: large, dense",106,tuned_level,0.03
105,ideal_large_dense,"Ideal: large, dense",106,tuned_level_slope,0.1
106,ideal_large_dense,"Ideal: large, dense",107,tuned_level,0.03
106,ideal_large_dense,"Ideal: large, dense",107,tuned_level_slope,0.1
107,ideal_large_dense,"Ideal: large, dense",108,tuned_level,0.03
107,ideal_large_dense,"Ideal: large, dense",108,tuned_level_slope,0.1
108,ideal_large_dense,"Ideal: large, dense",109,tuned_level,0.03
108,ideal_large_dense,"Ideal: large, dense",109,tuned_level_slope,0.1
109,ideal_large_dense,"Ideal: large, dense",110,tuned_level,0.03
109,ideal_large_dense,"Ideal: large, dense",110,tuned_level_slope,0.1
110,ideal_large_dense,"Ideal: large, dense",111,tuned_level,0.03
110,ideal_large_dense,"Ideal: large, dense",111,tuned_level_slope,0.1
111,ideal_large_dense,"Ideal: large, dense",112,tuned_level,0.03
111,ideal_large_dense,"Ideal: large, dense",112,tuned_level_slope,0.1
112,ideal_large_dense,"Ideal: large, dense",113,tuned_level,0.03
112,ideal_large_dense,"Ideal: large, dense",113,tuned_level_slope,0.1
113,ideal_large_dense,"Ideal: large, dense",114,tuned_level,0.03
113,ideal_large_dense,"Ideal: large, dense",114,tuned_level_slope,0.1
114,ideal_large_dense,"Ideal: large, dense",115,tuned_level,0.03
114,ideal_large_dense,"Ideal: large, dense",115,tuned_level_slope,0.1
115,ideal_large_dense,"Ideal: large, dense",116,tuned_level,0.03
115,ideal_large_dense,"Ideal: large, dense",116,tuned_level_slope,0.1
116,ideal_large_dense,"Ideal: large, dense",117,tuned_level,0.03
116,ideal_large_dense,"Ideal: large, dense",117,tuned_level_slope,0.1
117,ideal_large_dense,"Ideal: large, dense",118,tuned_level,0.03
117,ideal_large_dense,"Ideal: large, dense",118,tuned_level_slope,0.1
118,ideal_large_dense,"Ideal: large, dense",119,tuned_level,0.03
118,ideal_large_dense,"Ideal: large, dense",119,tuned_level_slope,0.1
119,ideal_large_dense,"Ideal: large, dense",120,tuned_level,0.03
119,ideal_large_dense,"Ideal: large, dense",120,tuned_level_slope,0.1
1000100,ideal_small_dense,"Ideal: small, dense",101,tuned_level,0.1
1000100,ideal_small_dense,"Ideal: small, dense",101,tuned_level_slope,0.1
1000101,ideal_small_dense,"Ideal: small, dense",102,tuned_level,0.1
1000101,ideal_small_dense,"Ideal: small, dense",102,tuned_level_slope,0.1
1000102,ideal_small_dense,"Ideal: small, dense",103,tuned_level,0.0
1000102,ideal_small_dense,"Ideal: small, dense",103,tuned_level_slope,0.1
1000103,ideal_small_dense,"Ideal: small, dense",104,tuned_level,0.03
1000103,ideal_small_dense,"Ideal: small, dense",104,tuned_level_slope,0.1
1000104,ideal_small_dense,"Ideal: small, dense",105,tuned_level,0.03
1000104,ideal_small_dense,"Ideal: small, dense",105,tuned_level_slope,0.1
1000105,ideal_small_dense,"Ideal: small, dense",106,tuned_level,0.03
1000105,ideal_small_dense,"Ideal: small, dense",106,tuned_level_slope,0.1
1000106,ideal_small_dense,"Ideal: small, dense",107,tuned_level,0.0
1000106,ideal_small_dense,"Ideal: small, dense",107,tuned_level_slope,0.1
1000107,ideal_small_dense,"Ideal: small, dense",108,tuned_level,0.03
1000107,ideal_small_dense,"Ideal: small, dense",108,tuned_level_slope,0.1
1000108,ideal_small_dense,"Ideal: small, dense",109,tuned_level,0.03
1000108,ideal_small_dense,"Ideal: small, dense",109,tuned_level_slope,0.1
1000109,ideal_small_dense,"Ideal: small, dense",110,tuned_level,0.03
1000109,ideal_small_dense,"Ideal: small, dense",110,tuned_level_slope,0.1
1000110,ideal_small_dense,"Ideal: small, dense",111,tuned_level,0.0
1000110,ideal_small_dense,"Ideal: small, dense",111,tuned_level_slope,0.1
1000111,ideal_small_dense,"Ideal: small, dense",112,tuned_level,0.0
1000111,ideal_small_dense,"Ideal: small, dense",112,tuned_level_slope,0.1
1000112,ideal_small_dense,"Ideal: small, dense",113,tuned_level,0.0
1000112,ideal_small_dense,"Ideal: small, dense",113,tuned_level_slope,0.1
1000113,ideal_small_dense,"Ideal: small, dense",114,tuned_level,0.1
1000113,ideal_small_dense,"Ideal: small, dense",114,tuned_level_slope,0.3
1000114,ideal_small_dense,"Ideal: small, dense",115,tuned_level,0.03
1000114,ideal_small_dense,"Ideal: small, dense",115,tuned_level_slope,0.1
1000115,ideal_small_dense,"Ideal: small, dense",116,tuned_level,0.03
1000115,ideal_small_dense,"Ideal: small, dense",116,tuned_level_slope,0.1
1000116,ideal_small_dense,"Ideal: small, dense",117,tuned_level,0.0
1000116,ideal_small_dense,"Ideal: small, dense",117,tuned_level_slope,0.1
1000117,ideal_small_dense,"Ideal: small, dense",118,tuned_level,0.1
1000117,ideal_small_dense,"Ideal: small, dense",118,tuned_level_slope,0.1
1000118,ideal_small_dense,"Ideal: small, dense",119,tuned_level,0.0
1000118,ideal_small_dense,"Ideal: small, dense",119,tuned_level_slope,0.1
1000119,ideal_small_dense,"Ideal: small, dense",120,tuned_level,0.03
1000119,ideal_small_dense,"Ideal: small, dense",120,tuned_level_slope,0.1
2000100,ideal_large_sparse,"Ideal: large, sparse",101,tuned_level,0.03
2000100,ideal_large_sparse,"Ideal: large, sparse",101,tuned_level_slope,0.1
2000101,ideal_large_sparse,"Ideal: large, sparse",102,tuned_level,0.03
2000101,ideal_large_sparse,"Ideal: large, sparse",102,tuned_level_slope,0.1
2000102,ideal_large_sparse,"Ideal: large, sparse",103,tuned_level,0.03
2000102,ideal_large_sparse,"Ideal: large, sparse",103,tuned_level_slope,0.1
2000103,ideal_large_sparse,"Ideal: large, sparse",104,tuned_level,0.03
2000103,ideal_large_sparse,"Ideal: large, sparse",104,tuned_level_slope,0.1
2000104,ideal_large_sparse,"Ideal: large, sparse",105,tuned_level,0.03
2000104,ideal_large_sparse,"Ideal: large, sparse",105,tuned_level_slope,0.1
2000105,ideal_large_sparse,"Ideal: large, sparse",106,tuned_level,0.03
2000105,ideal_large_sparse,"Ideal: large, sparse",106,tuned_level_slope,0.1
2000106,ideal_large_sparse,"Ideal: large, sparse",107,tuned_level,0.03
2000106,ideal_large_sparse,"Ideal: large, sparse",107,tuned_level_slope,0.1
2000107,ideal_large_sparse,"Ideal: large, sparse",108,tuned_level,0.1
2000107,ideal_large_sparse,"Ideal: large, sparse",108,tuned_level_slope,0.1
2000108,ideal_large_sparse,"Ideal: large, sparse",109,tuned_level,0.1
2000108,ideal_large_sparse,"Ideal: large, sparse",109,tuned_level_slope,0.1
2000109,ideal_large_sparse,"Ideal: large, sparse",110,tuned_level,0.03
2000109,ideal_large_sparse,"Ideal: large, sparse",110,tuned_level_slope,0.1
2000110,ideal_large_sparse,"Ideal: large, sparse",111,tuned_level,0.03
2000110,ideal_large_sparse,"Ideal: large, sparse",111,tuned_level_slope,0.1
2000111,ideal_large_sparse,"Ideal: large, sparse",112,tuned_level,0.03
2000111,ideal_large_sparse,"Ideal: large, sparse",112,tuned_level_slope,0.1
2000112,ideal_large_sparse,"Ideal: large, sparse",113,tuned_level,0.03
2000112,ideal_large_sparse,"Ideal: large, sparse",113,tuned_level_slope,0.1
2000113,ideal_large_sparse,"Ideal: large, sparse",114,tuned_level,0.1
2000113,ideal_large_sparse,"Ideal: large, sparse",114,tuned_level_slope,0.1
2000114,ideal_large_sparse,"Ideal: large, sparse",115,tuned_level,0.1
2000114,ideal_large_sparse,"Ideal: large, sparse",115,tuned_level_slope,0.1
2000115,ideal_large_sparse,"Ideal: large, sparse",116,tuned_level,0.03
2000115,ideal_large_sparse,"Ideal: large, sparse",116,tuned_level_slope,0.1
2000116,ideal_large_sparse,"Ideal: large, sparse",117,tuned_level,0.03
2000116,ideal_large_sparse,"Ideal: large, sparse",117,tuned_level_slope,0.1
2000117,ideal_large_sparse,"Ideal: large, sparse",118,tuned_level,0.03
2000117,ideal_large_sparse,"Ideal: large, sparse",118,tuned_level_slope,0.1
2000118,ideal_large_sparse,"Ideal: large, sparse",119,tuned_level,0.1
2000118,ideal_large_sparse,"Ideal: large, sparse",119,tuned_level_slope,0.1
2000119,ideal_large_sparse,"Ideal: large, sparse",120,tuned_level,0.03
2000119,ideal_large_sparse,"Ideal: large, sparse",120,tuned_level_slope,0.1
3000100,serial_dependence,Serial dependence,101,tuned_level,0.1
3000100,serial_dependence,Serial dependence,101,tuned_level_slope,0.1
3000101,serial_dependence,Serial dependence,102,tuned_level,0.03
3000101,serial_dependence,Serial dependence,102,tuned_level_slope,0.1
3000102,serial_dependence,Serial dependence,103,tuned_level,0.03
3000102,serial_dependence,Serial dependence,103,tuned_level_slope,0.1
3000103,serial_dependence,Serial dependence,104,tuned_level,0.1
3000103,serial_dependence,Serial dependence,104,tuned_level_slope,0.1
3000104,serial_dependence,Serial dependence,105,tuned_level,0.1
3000104,serial_dependence,Serial dependence,105,tuned_level_slope,0.1
3000105,serial_dependence,Serial dependence,106,tuned_level,0.1
3000105,serial_dependence,Serial dependence,106,tuned_level_slope,0.1
3000106,serial_dependence,Serial dependence,107,tuned_level,0.03
3000106,serial_dependence,Serial dependence,107,tuned_level_slope,0.1
3000107,serial_dependence,Serial dependence,108,tuned_level,0.1
3000107,serial_dependence,Serial dependence,108,tuned_level_slope,0.1
3000108,serial_dependence,Serial dependence,109,tuned_level,0.03
3000108,serial_dependence,Serial dependence,109,tuned_level_slope,0.1
3000109,serial_dependence,Serial dependence,110,tuned_level,0.1
3000109,serial_dependence,Serial dependence,110,tuned_level_slope,0.1
3000110,serial_dependence,Serial dependence,111,tuned_level,0.1
3000110,serial_dependence,Serial dependence,111,tuned_level_slope,0.1
3000111,serial_dependence,Serial dependence,112,tuned_level,0.1
3000111,serial_dependence,Serial dependence,112,tuned_level_slope,0.1
3000112,serial_dependence,Serial dependence,113,tuned_level,0.1
3000112,serial_dependence,Serial dependence,113,tuned_level_slope,0.1
3000113,serial_dependence,Serial dependence,114,tuned_level,0.1
3000113,serial_dependence,Serial dependence,114,tuned_level_slope,0.1
3000114,serial_dependence,Serial dependence,115,tuned_level,0.03
3000114,serial_dependence,Serial dependence,115,tuned_level_slope,0.1
3000115,serial_dependence,Serial dependence,116,tuned_level,0.03
3000115,serial_dependence,Serial dependence,116,tuned_level_slope,0.1
3000116,serial_dependence,Serial dependence,117,tuned_level,0.03
3000116,serial_dependence,Serial dependence,117,tuned_level_slope,0.1
3000117,serial_dependence,Serial dependence,118,tuned_level,0.1
3000117,serial_dependence,Serial dependence,118,tuned_level_slope,0.1
3000118,serial_dependence,Serial dependence,119,tuned_level,0.1
3000118,serial_dependence,Serial dependence,119,tuned_level_slope,0.1
3000119,serial_dependence,Serial dependence,120,tuned_level,0.1
3000119,serial_dependence,Serial dependence,120,tuned_level_slope,0.1
4000100,discrete_map_rounding,Integer MAP rounding,101,tuned_level,0.0
4000100,discrete_map_rounding,Integer MAP rounding,101,tuned_level_slope,0.1
4000101,discrete_map_rounding,Integer MAP rounding,102,tuned_level,0.03
4000101,discrete_map_rounding,Integer MAP rounding,102,tuned_level_slope,0.1
4000102,discrete_map_rounding,Integer MAP rounding,103,tuned_level,0.03
4000102,discrete_map_rounding,Integer MAP rounding,103,tuned_level_slope,0.1
4000103,discrete_map_rounding,Integer MAP rounding,104,tuned_level,0.03
4000103,discrete_map_rounding,Integer MAP rounding,104,tuned_level_slope,0.1
4000104,discrete_map_rounding,Integer MAP rounding,105,tuned_level,0.03
4000104,discrete_map_rounding,Integer MAP rounding,105,tuned_level_slope,0.1
4000105,discrete_map_rounding,Integer MAP rounding,106,tuned_level,0.0
4000105,discrete_map_rounding,Integer MAP rounding,106,tuned_level_slope,0.1
4000106,discrete_map_rounding,Integer MAP rounding,107,tuned_level,0.03
4000106,discrete_map_rounding,Integer MAP rounding,107,tuned_level_slope,0.1
4000107,discrete_map_rounding,Integer MAP rounding,108,tuned_level,0.03
4000107,discrete_map_rounding,Integer MAP rounding,108,tuned_level_slope,0.1
4000108,discrete_map_rounding,Integer MAP rounding,109,tuned_level,0.03
4000108,discrete_map_rounding,Integer MAP rounding,109,tuned_level_slope,0.1
4000109,discrete_map_rounding,Integer MAP rounding,110,tuned_level,0.1
4000109,discrete_map_rounding,Integer MAP rounding,110,tuned_level_slope,0.1
4000110,discrete_map_rounding,Integer MAP rounding,111,tuned_level,0.03
4000110,discrete_map_rounding,Integer MAP rounding,111,tuned_level_slope,0.1
4000111,discrete_map_rounding,Integer MAP rounding,112,tuned_level,0.03
4000111,discrete_map_rounding,Integer MAP rounding,112,tuned_level_slope,0.1
4000112,discrete_map_rounding,Integer MAP rounding,113,tuned_level,0.03
4000112,discrete_map_rounding,Integer MAP rounding,113,tuned_level_slope,0.1
4000113,discrete_map_rounding,Integer MAP rounding,114,tuned_level,0.0
4000113,discrete_map_rounding,Integer MAP rounding,114,tuned_level_slope,0.1
4000114,discrete_map_rounding,Integer MAP rounding,115,tuned_level,0.03
4000114,discrete_map_rounding,Integer MAP rounding,115,tuned_level_slope,0.1
4000115,discrete_map_rounding,Integer MAP rounding,116,tuned_level,0.03
4000115,discrete_map_rounding,Integer MAP rounding,116,tuned_level_slope,0.1
4000116,discrete_map_rounding,Integer MAP rounding,117,tuned_level,0.03
4000116,discrete_map_rounding,Integer MAP rounding,117,tuned_level_slope,0.1
4000117,discrete_map_rounding,Integer MAP rounding,118,tuned_level,0.03
4000117,discrete_map_rounding,Integer MAP rounding,118,tuned_level_slope,0.1
4000118,discrete_map_rounding,Integer MAP rounding,119,tuned_level,0.03
4000118,discrete_map_rounding,Integer MAP rounding,119,tuned_level_slope,0.1
4000119,discrete_map_rounding,Integer MAP rounding,120,tuned_level,0.03
4000119,discrete_map_rounding,Integer MAP rounding,120,tuned_level_slope,0.1
5000100,informative_monitoring,Informative monitoring,101,tuned_level,0.03
5000100,informative_monitoring,Informative monitoring,101,tuned_level_slope,0.1
5000101,informative_monitoring,Informative monitoring,102,tuned_level,0.03
5000101,informative_monitoring,Informative monitoring,102,tuned_level_slope,0.1
5000102,informative_monitoring,Informative monitoring,103,tuned_level,0.03
5000102,informative_monitoring,Informative monitoring,103,tuned_level_slope,0.1
5000103,informative_monitoring,Informative monitoring,104,tuned_level,0.03
5000103,informative_monitoring,Informative monitoring,104,tuned_level_slope,0.1
5000104,informative_monitoring,Informative monitoring,105,tuned_level,0.03
5000104,informative_monitoring,Informative monitoring,105,tuned_level_slope,0.1
5000105,informative_monitoring,Informative monitoring,106,tuned_level,0.03
5000105,informative_monitoring,Informative monitoring,106,tuned_level_slope,0.1
5000106,informative_monitoring,Informative monitoring,107,tuned_level,0.03
5000106,informative_monitoring,Informative monitoring,107,tuned_level_slope,0.1
5000107,informative_monitoring,Informative monitoring,108,tuned_level,0.03
5000107,informative_monitoring,Informative monitoring,108,tuned_level_slope,0.1
5000108,informative_monitoring,Informative monitoring,109,tuned_level,0.03
5000108,informative_monitoring,Informative monitoring,109,tuned_level_slope,0.1
5000109,informative_monitoring,Informative monitoring,110,tuned_level,0.03
5000109,informative_monitoring,Informative monitoring,110,tuned_level_slope,0.1
5000110,informative_monitoring,Informative monitoring,111,tuned_level,0.03
5000110,informative_monitoring,Informative monitoring,111,tuned_level_slope,0.1
5000111,informative_monitoring,Informative monitoring,112,tuned_level,0.03
5000111,informative_monitoring,Informative monitoring,112,tuned_level_slope,0.1
5000112,informative_monitoring,Informative monitoring,113,tuned_level,0.03
5000112,informative_monitoring,Informative monitoring,113,tuned_level_slope,0.1
5000113,informative_monitoring,Informative monitoring,114,tuned_level,0.03
5000113,informative_monitoring,Informative monitoring,114,tuned_level_slope,0.1
5000114,informative_monitoring,Informative monitoring,115,tuned_level,0.03
5000114,informative_monitoring,Informative monitoring,115,tuned_level_slope,0.1
5000115,informative_monitoring,Informative monitoring,116,tuned_level,0.03
5000115,informative_monitoring,Informative monitoring,116,tuned_level_slope,0.1
5000116,informative_monitoring,Informative monitoring,117,tuned_level,0.03
5000116,informative_monitoring,Informative monitoring,117,tuned_level_slope,0.1
5000117,informative_monitoring,Informative monitoring,118,tuned_level,0.03
5000117,informative_monitoring,Informative monitoring,118,tuned_level_slope,0.1
5000118,informative_monitoring,Informative monitoring,119,tuned_level,0.03
5000118,informative_monitoring,Informative monitoring,119,tuned_level_slope,0.1
5000119,informative_monitoring,Informative monitoring,120,tuned_level,0.03
5000119,informative_monitoring,Informative monitoring,120,tuned_level_slope,0.1
6000100,cluster_size_informative,Cluster size--level association,101,tuned_level,0.03
6000100,cluster_size_informative,Cluster size--level association,101,tuned_level_slope,0.1
6000101,cluster_size_informative,Cluster size--level association,102,tuned_level,0.03
6000101,cluster_size_informative,Cluster size--level association,102,tuned_level_slope,0.1
6000102,cluster_size_informative,Cluster size--level association,103,tuned_level,0.03
6000102,cluster_size_informative,Cluster size--level association,103,tuned_level_slope,0.1
6000103,cluster_size_informative,Cluster size--level association,104,tuned_level,0.0
6000103,cluster_size_informative,Cluster size--level association,104,tuned_level_slope,0.1
6000104,cluster_size_informative,Cluster size--level association,105,tuned_level,0.03
6000104,cluster_size_informative,Cluster size--level association,105,tuned_level_slope,0.1
6000105,cluster_size_informative,Cluster size--level association,106,tuned_level,0.0
6000105,cluster_size_informative,Cluster size--level association,106,tuned_level_slope,0.1
6000106,cluster_size_informative,Cluster size--level association,107,tuned_level,0.03
6000106,cluster_size_informative,Cluster size--level association,107,tuned_level_slope,0.1
6000107,cluster_size_informative,Cluster size--level association,108,tuned_level,0.0
6000107,cluster_size_informative,Cluster size--level association,108,tuned_level_slope,0.1
6000108,cluster_size_informative,Cluster size--level association,109,tuned_level,0.03
6000108,cluster_size_informative,Cluster size--level association,109,tuned_level_slope,0.1
6000109,cluster_size_informative,Cluster size--level association,110,tuned_level,0.03
6000109,cluster_size_informative,Cluster size--level association,110,tuned_level_slope,0.1
6000110,cluster_size_informative,Cluster size--level association,111,tuned_level,0.03
6000110,cluster_size_informative,Cluster size--level association,111,tuned_level_slope,0.1
6000111,cluster_size_informative,Cluster size--level association,112,tuned_level,0.03
6000111,cluster_size_informative,Cluster size--level association,112,tuned_level_slope,0.1
6000112,cluster_size_informative,Cluster size--level association,113,tuned_level,0.03
6000112,cluster_size_informative,Cluster size--level association,113,tuned_level_slope,0.1
6000113,cluster_size_informative,Cluster size--level association,114,tuned_level,0.03
6000113,cluster_size_informative,Cluster size--level association,114,tuned_level_slope,0.1
6000114,cluster_size_informative,Cluster size--level association,115,tuned_level,0.03
6000114,cluster_size_informative,Cluster size--level association,115,tuned_level_slope,0.1
6000115,cluster_size_informative,Cluster size--level association,116,tuned_level,0.03
6000115,cluster_size_informative,Cluster size--level association,116,tuned_level_slope,0.1
6000116,cluster_size_informative,Cluster size--level association,117,tuned_level,0.03
6000116,cluster_size_informative,Cluster size--level association,117,tuned_level_slope,0.1
6000117,cluster_size_informative,Cluster size--level association,118,tuned_level,0.0
6000117,cluster_size_informative,Cluster size--level association,118,tuned_level_slope,0.1
6000118,cluster_size_informative,Cluster size--level association,119,tuned_level,0.0
6000118,cluster_size_informative,Cluster size--level association,119,tuned_level_slope,0.1
6000119,cluster_size_informative,Cluster size--level association,120,tuned_level,0.03
6000119,cluster_size_informative,Cluster size--level association,120,tuned_level_slope,0.1
7000100,common_time_misspecified,Misspecified common time,101,tuned_level,0.3
7000100,common_time_misspecified,Misspecified common time,101,tuned_level_slope,0.1
7000101,common_time_misspecified,Misspecified common time,102,tuned_level,0.3
7000101,common_time_misspecified,Misspecified common time,102,tuned_level_slope,0.1
7000102,common_time_misspecified,Misspecified common time,103,tuned_level,0.3
7000102,common_time_misspecified,Misspecified common time,103,tuned_level_slope,0.1
7000103,common_time_misspecified,Misspecified common time,104,tuned_level,0.1
7000103,common_time_misspecified,Misspecified common time,104,tuned_level_slope,0.1
7000104,common_time_misspecified,Misspecified common time,105,tuned_level,0.1
7000104,common_time_misspecified,Misspecified common time,105,tuned_level_slope,0.1
7000105,common_time_misspecified,Misspecified common time,106,tuned_level,0.3
7000105,common_time_misspecified,Misspecified common time,106,tuned_level_slope,0.3
7000106,common_time_misspecified,Misspecified common time,107,tuned_level,0.3
7000106,common_time_misspecified,Misspecified common time,107,tuned_level_slope,0.1
7000107,common_time_misspecified,Misspecified common time,108,tuned_level,0.1
7000107,common_time_misspecified,Misspecified common time,108,tuned_level_slope,0.1
7000108,common_time_misspecified,Misspecified common time,109,tuned_level,0.3
7000108,common_time_misspecified,Misspecified common time,109,tuned_level_slope,0.3
7000109,common_time_misspecified,Misspecified common time,110,tuned_level,0.1
7000109,common_time_misspecified,Misspecified common time,110,tuned_level_slope,0.1
7000110,common_time_misspecified,Misspecified common time,111,tuned_level,0.1
7000110,common_time_misspecified,Misspecified common time,111,tuned_level_slope,0.1
7000111,common_time_misspecified,Misspecified common time,112,tuned_level,0.1
7000111,common_time_misspecified,Misspecified common time,112,tuned_level_slope,0.1
7000112,common_time_misspecified,Misspecified common time,113,tuned_level,0.3
7000112,common_time_misspecified,Misspecified common time,113,tuned_level_slope,0.1
7000113,common_time_misspecified,Misspecified common time,114,tuned_level,0.3
7000113,common_time_misspecified,Misspecified common time,114,tuned_level_slope,0.3
7000114,common_time_misspecified,Misspecified common time,115,tuned_level,0.1
7000114,common_time_misspecified,Misspecified common time,115,tuned_level_slope,0.1
7000115,common_time_misspecified,Misspecified common time,116,tuned_level,0.1
7000115,common_time_misspecified,Misspecified common time,116,tuned_level_slope,0.1
7000116,common_time_misspecified,Misspecified common time,117,tuned_level,0.3
7000116,common_time_misspecified,Misspecified common time,117,tuned_level_slope,0.3
7000117,common_time_misspecified,Misspecified common time,118,tuned_level,0.3
7000117,common_time_misspecified,Misspecified common time,118,tuned_level_slope,0.1
7000118,common_time_misspecified,Misspecified common time,119,tuned_level,0.3
7000118,common_time_misspecified,Misspecified common time,119,tuned_level_slope,0.1
7000119,common_time_misspecified,Misspecified common time,120,tuned_level,0.1
7000119,common_time_misspecified,Misspecified common time,120,tuned_level_slope,0.1
8000100,level_plus_shape,Persistent level plus shape,101,tuned_level,1.0
8000100,level_plus_shape,Persistent level plus shape,101,tuned_level_slope,0.3
8000101,level_plus_shape,Persistent level plus shape,102,tuned_level,0.3
8000101,level_plus_shape,Persistent level plus shape,102,tuned_level_slope,0.1
8000102,level_plus_shape,Persistent level plus shape,103,tuned_level,3.0
8000102,level_plus_shape,Persistent level plus shape,103,tuned_level_slope,1.0
8000103,level_plus_shape,Persistent level plus shape,104,tuned_level,10.0
8000103,level_plus_shape,Persistent level plus shape,104,tuned_level_slope,0.3
8000104,level_plus_shape,Persistent level plus shape,105,tuned_level,1.0
8000104,level_plus_shape,Persistent level plus shape,105,tuned_level_slope,1.0
8000105,level_plus_shape,Persistent level plus shape,106,tuned_level,3.0
8000105,level_plus_shape,Persistent level plus shape,106,tuned_level_slope,0.3
8000106,level_plus_shape,Persistent level plus shape,107,tuned_level,1.0
8000106,level_plus_shape,Persistent level plus shape,107,tuned_level_slope,0.3
8000107,level_plus_shape,Persistent level plus shape,108,tuned_level,10.0
8000107,level_plus_shape,Persistent level plus shape,108,tuned_level_slope,10.0
8000108,level_plus_shape,Persistent level plus shape,109,tuned_level,3.0
8000108,level_plus_shape,Persistent level plus shape,109,tuned_level_slope,0.3
8000109,level_plus_shape,Persistent level plus shape,110,tuned_level,1.0
8000109,level_plus_shape,Persistent level plus shape,110,tuned_level_slope,0.1
8000110,level_plus_shape,Persistent level plus shape,111,tuned_level,1.0
8000110,level_plus_shape,Persistent level plus shape,111,tuned_level_slope,0.3
8000111,level_plus_shape,Persistent level plus shape,112,tuned_level,10.0
8000111,level_plus_shape,Persistent level plus shape,112,tuned_level_slope,10.0
8000112,level_plus_shape,Persistent level plus shape,113,tuned_level,0.3
8000112,level_plus_shape,Persistent level plus shape,113,tuned_level_slope,0.3
8000113,level_plus_shape,Persistent level plus shape,114,tuned_level,10.0
8000113,level_plus_shape,Persistent level plus shape,114,tuned_level_slope,3.0
8000114,level_plus_shape,Persistent level plus shape,115,tuned_level,1.0
8000114,level_plus_shape,Persistent level plus shape,115,tuned_level_slope,1.0
8000115,level_plus_shape,Persistent level plus shape,116,tuned_level,10.0
8000115,level_plus_shape,Persistent level plus shape,116,tuned_level_slope,1.0
8000116,level_plus_shape,Persistent level plus shape,117,tuned_level,10.0
8000116,level_plus_shape,Persistent level plus shape,117,tuned_level_slope,1.0
8000117,level_plus_shape,Persistent level plus shape,118,tuned_level,0.3
8000117,level_plus_shape,Persistent level plus shape,118,tuned_level_slope,0.1
8000118,level_plus_shape,Persistent level plus shape,119,tuned_level,1.0
8000118,level_plus_shape,Persistent level plus shape,119,tuned_level_slope,0.3
8000119,level_plus_shape,Persistent level plus shape,120,tuned_level,1.0
8000119,level_plus_shape,Persistent level plus shape,120,tuned_level_slope,0.3
9000100,treatment_feedback,Treatment feedback,101,tuned_level,0.1
9000100,treatment_feedback,Treatment feedback,101,tuned_level_slope,0.1
9000101,treatment_feedback,Treatment feedback,102,tuned_level,0.03
9000101,treatment_feedback,Treatment feedback,102,tuned_level_slope,0.1
9000102,treatment_feedback,Treatment feedback,103,tuned_level,0.1
9000102,treatment_feedback,Treatment feedback,103,tuned_level_slope,0.1
9000103,treatment_feedback,Treatment feedback,104,tuned_level,0.03
9000103,treatment_feedback,Treatment feedback,104,tuned_level_slope,0.1
9000104,treatment_feedback,Treatment feedback,105,tuned_level,0.1
9000104,treatment_feedback,Treatment feedback,105,tuned_level_slope,0.1
9000105,treatment_feedback,Treatment feedback,106,tuned_level,0.1
9000105,treatment_feedback,Treatment feedback,106,tuned_level_slope,0.1
9000106,treatment_feedback,Treatment feedback,107,tuned_level,0.03
9000106,treatment_feedback,Treatment feedback,107,tuned_level_slope,0.1
9000107,treatment_feedback,Treatment feedback,108,tuned_level,0.03
9000107,treatment_feedback,Treatment feedback,108,tuned_level_slope,0.1
9000108,treatment_feedback,Treatment feedback,109,tuned_level,0.03
9000108,treatment_feedback,Treatment feedback,109,tuned_level_slope,0.1
9000109,treatment_feedback,Treatment feedback,110,tuned_level,0.03
9000109,treatment_feedback,Treatment feedback,110,tuned_level_slope,0.1
9000110,treatment_feedback,Treatment feedback,111,tuned_level,0.03
9000110,treatment_feedback,Treatment feedback,111,tuned_level_slope,0.1
9000111,treatment_feedback,Treatment feedback,112,tuned_level,0.1
9000111,treatment_feedback,Treatment feedback,112,tuned_level_slope,0.1
9000112,treatment_feedback,Treatment feedback,113,tuned_level,0.1
9000112,treatment_feedback,Treatment feedback,113,tuned_level_slope,0.1
9000113,treatment_feedback,Treatment feedback,114,tuned_level,0.1
9000113,treatment_feedback,Treatment feedback,114,tuned_level_slope,0.1
9000114,treatment_feedback,Treatment feedback,115,tuned_level,0.03
9000114,treatment_feedback,Treatment feedback,115,tuned_level_slope,0.1
9000115,treatment_feedback,Treatment feedback,116,tuned_level,0.03
9000115,treatment_feedback,Treatment feedback,116,tuned_level_slope,0.1
9000116,treatment_feedback,Treatment feedback,117,tuned_level,0.1
9000116,treatment_feedback,Treatment feedback,117,tuned_level_slope,0.1
9000117,treatment_feedback,Treatment feedback,118,tuned_level,0.1
9000117,treatment_feedback,Treatment feedback,118,tuned_level_slope,0.1
9000118,treatment_feedback,Treatment feedback,119,tuned_level,0.1
9000118,treatment_feedback,Treatment feedback,119,tuned_level_slope,0.1
9000119,treatment_feedback,Treatment feedback,120,tuned_level,0.1
9000119,treatment_feedback,Treatment feedback,120,tuned_level_slope,0.1
10000100,transient_nonpersistent,Transient non-persistence,101,tuned_level,10.0
10000100,transient_nonpersistent,Transient non-persistence,101,tuned_level_slope,10.0
10000101,transient_nonpersistent,Transient non-persistence,102,tuned_level,3.0
10000101,transient_nonpersistent,Transient non-persistence,102,tuned_level_slope,1.0
10000102,transient_nonpersistent,Transient non-persistence,103,tuned_level,10.0
10000102,transient_nonpersistent,Transient non-persistence,103,tuned_level_slope,10.0
10000103,transient_nonpersistent,Transient non-persistence,104,tuned_level,10.0
10000103,transient_nonpersistent,Transient non-persistence,104,tuned_level_slope,10.0
10000104,transient_nonpersistent,Transient non-persistence,105,tuned_level,10.0
10000104,transient_nonpersistent,Transient non-persistence,105,tuned_level_slope,10.0
10000105,transient_nonpersistent,Transient non-persistence,106,tuned_level,10.0
10000105,transient_nonpersistent,Transient non-persistence,106,tuned_level_slope,10.0
10000106,transient_nonpersistent,Transient non-persistence,107,tuned_level,10.0
10000106,transient_nonpersistent,Transient non-persistence,107,tuned_level_slope,10.0
10000107,transient_nonpersistent,Transient non-persistence,108,tuned_level,10.0
10000107,transient_nonpersistent,Transient non-persistence,108,tuned_level_slope,10.0
10000108,transient_nonpersistent,Transient non-persistence,109,tuned_level,10.0
10000108,transient_nonpersistent,Transient non-persistence,109,tuned_level_slope,10.0
10000109,transient_nonpersistent,Transient non-persistence,110,tuned_level,10.0
10000109,transient_nonpersistent,Transient non-persistence,110,tuned_level_slope,10.0
10000110,transient_nonpersistent,Transient non-persistence,111,tuned_level,10.0
10000110,transient_nonpersistent,Transient non-persistence,111,tuned_level_slope,10.0
10000111,transient_nonpersistent,Transient non-persistence,112,tuned_level,10.0
10000111,transient_nonpersistent,Transient non-persistence,112,tuned_level_slope,10.0
10000112,transient_nonpersistent,Transient non-persistence,113,tuned_level,3.0
10000112,transient_nonpersistent,Transient non-persistence,113,tuned_level_slope,3.0
10000113,transient_nonpersistent,Transient non-persistence,114,tuned_level,10.0
10000113,transient_nonpersistent,Transient non-persistence,114,tuned_level_slope,10.0
10000114,transient_nonpersistent,Transient non-persistence,115,tuned_level,10.0
10000114,transient_nonpersistent,Transient non-persistence,115,tuned_level_slope,10.0
10000115,transient_nonpersistent,Transient non-persistence,116,tuned_level,10.0
10000115,transient_nonpersistent,Transient non-persistence,116,tuned_level_slope,10.0
10000116,transient_nonpersistent,Transient non-persistence,117,tuned_level,10.0
10000116,transient_nonpersistent,Transient non-persistence,117,tuned_level_slope,10.0
10000117,transient_nonpersistent,Transient non-persistence,118,tuned_level,10.0
10000117,transient_nonpersistent,Transient non-persistence,118,tuned_level_slope,10.0
10000118,transient_nonpersistent,Transient non-persistence,119,tuned_level,10.0
10000118,transient_nonpersistent,Transient non-persistence,119,tuned_level_slope,10.0
10000119,transient_nonpersistent,Transient non-persistence,120,tuned_level,10.0
10000119,transient_nonpersistent,Transient non-persistence,120,tuned_level_slope,10.0
120,ideal_large_dense,"Ideal: large, dense",121,tuned_level,0.03
120,ideal_large_dense,"Ideal: large, dense",121,tuned_level_slope,0.1
121,ideal_large_dense,"Ideal: large, dense",122,tuned_level,0.03
121,ideal_large_dense,"Ideal: large, dense",122,tuned_level_slope,0.1
122,ideal_large_dense,"Ideal: large, dense",123,tuned_level,0.03
122,ideal_large_dense,"Ideal: large, dense",123,tuned_level_slope,0.1
123,ideal_large_dense,"Ideal: large, dense",124,tuned_level,0.03
123,ideal_large_dense,"Ideal: large, dense",124,tuned_level_slope,0.1
124,ideal_large_dense,"Ideal: large, dense",125,tuned_level,0.03
124,ideal_large_dense,"Ideal: large, dense",125,tuned_level_slope,0.1
125,ideal_large_dense,"Ideal: large, dense",126,tuned_level,0.03
125,ideal_large_dense,"Ideal: large, dense",126,tuned_level_slope,0.1
126,ideal_large_dense,"Ideal: large, dense",127,tuned_level,0.03
126,ideal_large_dense,"Ideal: large, dense",127,tuned_level_slope,0.1
127,ideal_large_dense,"Ideal: large, dense",128,tuned_level,0.03
127,ideal_large_dense,"Ideal: large, dense",128,tuned_level_slope,0.1
128,ideal_large_dense,"Ideal: large, dense",129,tuned_level,0.03
128,ideal_large_dense,"Ideal: large, dense",129,tuned_level_slope,0.1
129,ideal_large_dense,"Ideal: large, dense",130,tuned_level,0.1
129,ideal_large_dense,"Ideal: large, dense",130,tuned_level_slope,0.1
130,ideal_large_dense,"Ideal: large, dense",131,tuned_level,0.03
130,ideal_large_dense,"Ideal: large, dense",131,tuned_level_slope,0.1
131,ideal_large_dense,"Ideal: large, dense",132,tuned_level,0.03
131,ideal_large_dense,"Ideal: large, dense",132,tuned_level_slope,0.1
132,ideal_large_dense,"Ideal: large, dense",133,tuned_level,0.03
132,ideal_large_dense,"Ideal: large, dense",133,tuned_level_slope,0.1
133,ideal_large_dense,"Ideal: large, dense",134,tuned_level,0.03
133,ideal_large_dense,"Ideal: large, dense",134,tuned_level_slope,0.1
134,ideal_large_dense,"Ideal: large, dense",135,tuned_level,0.03
134,ideal_large_dense,"Ideal: large, dense",135,tuned_level_slope,0.1
135,ideal_large_dense,"Ideal: large, dense",136,tuned_level,0.03
135,ideal_large_dense,"Ideal: large, dense",136,tuned_level_slope,0.1
136,ideal_large_dense,"Ideal: large, dense",137,tuned_level,0.1
136,ideal_large_dense,"Ideal: large, dense",137,tuned_level_slope,0.1
137,ideal_large_dense,"Ideal: large, dense",138,tuned_level,0.03
137,ideal_large_dense,"Ideal: large, dense",138,tuned_level_slope,0.1
138,ideal_large_dense,"Ideal: large, dense",139,tuned_level,0.03
138,ideal_large_dense,"Ideal: large, dense",139,tuned_level_slope,0.1
139,ideal_large_dense,"Ideal: large, dense",140,tuned_level,0.03
139,ideal_large_dense,"Ideal: large, dense",140,tuned_level_slope,0.1
1000120,ideal_small_dense,"Ideal: small, dense",121,tuned_level,0.03
1000120,ideal_small_dense,"Ideal: small, dense",121,tuned_level_slope,0.1
1000121,ideal_small_dense,"Ideal: small, dense",122,tuned_level,0.03
1000121,ideal_small_dense,"Ideal: small, dense",122,tuned_level_slope,0.1
1000122,ideal_small_dense,"Ideal: small, dense",123,tuned_level,0.03
1000122,ideal_small_dense,"Ideal: small, dense",123,tuned_level_slope,0.1
1000123,ideal_small_dense,"Ideal: small, dense",124,tuned_level,0.03
1000123,ideal_small_dense,"Ideal: small, dense",124,tuned_level_slope,0.1
1000124,ideal_small_dense,"Ideal: small, dense",125,tuned_level,0.1
1000124,ideal_small_dense,"Ideal: small, dense",125,tuned_level_slope,0.1
1000125,ideal_small_dense,"Ideal: small, dense",126,tuned_level,0.03
1000125,ideal_small_dense,"Ideal: small, dense",126,tuned_level_slope,0.1
1000126,ideal_small_dense,"Ideal: small, dense",127,tuned_level,0.03
1000126,ideal_small_dense,"Ideal: small, dense",127,tuned_level_slope,0.1
1000127,ideal_small_dense,"Ideal: small, dense",128,tuned_level,0.1
1000127,ideal_small_dense,"Ideal: small, dense",128,tuned_level_slope,0.1
1000128,ideal_small_dense,"Ideal: small, dense",129,tuned_level,0.03
1000128,ideal_small_dense,"Ideal: small, dense",129,tuned_level_slope,0.1
1000129,ideal_small_dense,"Ideal: small, dense",130,tuned_level,0.03
1000129,ideal_small_dense,"Ideal: small, dense",130,tuned_level_slope,0.1
1000130,ideal_small_dense,"Ideal: small, dense",131,tuned_level,0.0
1000130,ideal_small_dense,"Ideal: small, dense",131,tuned_level_slope,0.1
1000131,ideal_small_dense,"Ideal: small, dense",132,tuned_level,0.03
1000131,ideal_small_dense,"Ideal: small, dense",132,tuned_level_slope,0.1
1000132,ideal_small_dense,"Ideal: small, dense",133,tuned_level,0.1
1000132,ideal_small_dense,"Ideal: small, dense",133,tuned_level_slope,0.1
1000133,ideal_small_dense,"Ideal: small, dense",134,tuned_level,0.1
1000133,ideal_small_dense,"Ideal: small, dense",134,tuned_level_slope,0.1
1000134,ideal_small_dense,"Ideal: small, dense",135,tuned_level,0.1
1000134,ideal_small_dense,"Ideal: small, dense",135,tuned_level_slope,0.1
1000135,ideal_small_dense,"Ideal: small, dense",136,tuned_level,0.03
1000135,ideal_small_dense,"Ideal: small, dense",136,tuned_level_slope,0.1
1000136,ideal_small_dense,"Ideal: small, dense",137,tuned_level,0.03
1000136,ideal_small_dense,"Ideal: small, dense",137,tuned_level_slope,0.1
1000137,ideal_small_dense,"Ideal: small, dense",138,tuned_level,0.03
1000137,ideal_small_dense,"Ideal: small, dense",138,tuned_level_slope,0.1
1000138,ideal_small_dense,"Ideal: small, dense",139,tuned_level,0.1
1000138,ideal_small_dense,"Ideal: small, dense",139,tuned_level_slope,0.1
1000139,ideal_small_dense,"Ideal: small, dense",140,tuned_level,0.03
1000139,ideal_small_dense,"Ideal: small, dense",140,tuned_level_slope,0.1
2000120,ideal_large_sparse,"Ideal: large, sparse",121,tuned_level,0.03
2000120,ideal_large_sparse,"Ideal: large, sparse",121,tuned_level_slope,0.1
2000121,ideal_large_sparse,"Ideal: large, sparse",122,tuned_level,0.03
2000121,ideal_large_sparse,"Ideal: large, sparse",122,tuned_level_slope,0.1
2000122,ideal_large_sparse,"Ideal: large, sparse",123,tuned_level,0.03
2000122,ideal_large_sparse,"Ideal: large, sparse",123,tuned_level_slope,0.1
2000123,ideal_large_sparse,"Ideal: large, sparse",124,tuned_level,0.03
2000123,ideal_large_sparse,"Ideal: large, sparse",124,tuned_level_slope,0.1
2000124,ideal_large_sparse,"Ideal: large, sparse",125,tuned_level,0.03
2000124,ideal_large_sparse,"Ideal: large, sparse",125,tuned_level_slope,0.1
2000125,ideal_large_sparse,"Ideal: large, sparse",126,tuned_level,0.03
2000125,ideal_large_sparse,"Ideal: large, sparse",126,tuned_level_slope,0.1
2000126,ideal_large_sparse,"Ideal: large, sparse",127,tuned_level,0.1
2000126,ideal_large_sparse,"Ideal: large, sparse",127,tuned_level_slope,0.1
2000127,ideal_large_sparse,"Ideal: large, sparse",128,tuned_level,0.03
2000127,ideal_large_sparse,"Ideal: large, sparse",128,tuned_level_slope,0.1
2000128,ideal_large_sparse,"Ideal: large, sparse",129,tuned_level,0.03
2000128,ideal_large_sparse,"Ideal: large, sparse",129,tuned_level_slope,0.1
2000129,ideal_large_sparse,"Ideal: large, sparse",130,tuned_level,0.03
2000129,ideal_large_sparse,"Ideal: large, sparse",130,tuned_level_slope,0.1
2000130,ideal_large_sparse,"Ideal: large, sparse",131,tuned_level,0.03
2000130,ideal_large_sparse,"Ideal: large, sparse",131,tuned_level_slope,0.1
2000131,ideal_large_sparse,"Ideal: large, sparse",132,tuned_level,0.03
2000131,ideal_large_sparse,"Ideal: large, sparse",132,tuned_level_slope,0.1
2000132,ideal_large_sparse,"Ideal: large, sparse",133,tuned_level,0.03
2000132,ideal_large_sparse,"Ideal: large, sparse",133,tuned_level_slope,0.1
2000133,ideal_large_sparse,"Ideal: large, sparse",134,tuned_level,0.03
2000133,ideal_large_sparse,"Ideal: large, sparse",134,tuned_level_slope,0.1
2000134,ideal_large_sparse,"Ideal: large, sparse",135,tuned_level,0.1
2000134,ideal_large_sparse,"Ideal: large, sparse",135,tuned_level_slope,0.1
2000135,ideal_large_sparse,"Ideal: large, sparse",136,tuned_level,0.03
2000135,ideal_large_sparse,"Ideal: large, sparse",136,tuned_level_slope,0.1
2000136,ideal_large_sparse,"Ideal: large, sparse",137,tuned_level,0.03
2000136,ideal_large_sparse,"Ideal: large, sparse",137,tuned_level_slope,0.1
2000137,ideal_large_sparse,"Ideal: large, sparse",138,tuned_level,0.03
2000137,ideal_large_sparse,"Ideal: large, sparse",138,tuned_level_slope,0.1
2000138,ideal_large_sparse,"Ideal: large, sparse",139,tuned_level,0.03
2000138,ideal_large_sparse,"Ideal: large, sparse",139,tuned_level_slope,0.1
2000139,ideal_large_sparse,"Ideal: large, sparse",140,tuned_level,0.1
2000139,ideal_large_sparse,"Ideal: large, sparse",140,tuned_level_slope,0.1
3000120,serial_dependence,Serial dependence,121,tuned_level,0.1
3000120,serial_dependence,Serial dependence,121,tuned_level_slope,0.1
3000121,serial_dependence,Serial dependence,122,tuned_level,0.1
3000121,serial_dependence,Serial dependence,122,tuned_level_slope,0.1
3000122,serial_dependence,Serial dependence,123,tuned_level,0.03
3000122,serial_dependence,Serial dependence,123,tuned_level_slope,0.1
3000123,serial_dependence,Serial dependence,124,tuned_level,0.03
3000123,serial_dependence,Serial dependence,124,tuned_level_slope,0.1
3000124,serial_dependence,Serial dependence,125,tuned_level,0.1
3000124,serial_dependence,Serial dependence,125,tuned_level_slope,0.1
3000125,serial_dependence,Serial dependence,126,tuned_level,0.1
3000125,serial_dependence,Serial dependence,126,tuned_level_slope,0.1
3000126,serial_dependence,Serial dependence,127,tuned_level,0.03
3000126,serial_dependence,Serial dependence,127,tuned_level_slope,0.1
3000127,serial_dependence,Serial dependence,128,tuned_level,0.1
3000127,serial_dependence,Serial dependence,128,tuned_level_slope,0.1
3000128,serial_dependence,Serial dependence,129,tuned_level,0.1
3000128,serial_dependence,Serial dependence,129,tuned_level_slope,0.1
3000129,serial_dependence,Serial dependence,130,tuned_level,0.03
3000129,serial_dependence,Serial dependence,130,tuned_level_slope,0.1
3000130,serial_dependence,Serial dependence,131,tuned_level,0.1
3000130,serial_dependence,Serial dependence,131,tuned_level_slope,0.1
3000131,serial_dependence,Serial dependence,132,tuned_level,0.1
3000131,serial_dependence,Serial dependence,132,tuned_level_slope,0.1
3000132,serial_dependence,Serial dependence,133,tuned_level,0.03
3000132,serial_dependence,Serial dependence,133,tuned_level_slope,0.1
3000133,serial_dependence,Serial dependence,134,tuned_level,0.1
3000133,serial_dependence,Serial dependence,134,tuned_level_slope,0.1
3000134,serial_dependence,Serial dependence,135,tuned_level,0.1
3000134,serial_dependence,Serial dependence,135,tuned_level_slope,0.1
3000135,serial_dependence,Serial dependence,136,tuned_level,0.1
3000135,serial_dependence,Serial dependence,136,tuned_level_slope,0.1
3000136,serial_dependence,Serial dependence,137,tuned_level,0.03
3000136,serial_dependence,Serial dependence,137,tuned_level_slope,0.1
3000137,serial_dependence,Serial dependence,138,tuned_level,0.1
3000137,serial_dependence,Serial dependence,138,tuned_level_slope,0.1
3000138,serial_dependence,Serial dependence,139,tuned_level,0.1
3000138,serial_dependence,Serial dependence,139,tuned_level_slope,0.1
3000139,serial_dependence,Serial dependence,140,tuned_level,0.1
3000139,serial_dependence,Serial dependence,140,tuned_level_slope,0.1
4000120,discrete_map_rounding,Integer MAP rounding,121,tuned_level,0.03
4000120,discrete_map_rounding,Integer MAP rounding,121,tuned_level_slope,0.1
4000121,discrete_map_rounding,Integer MAP rounding,122,tuned_level,0.03
4000121,discrete_map_rounding,Integer MAP rounding,122,tuned_level_slope,0.1
4000122,discrete_map_rounding,Integer MAP rounding,123,tuned_level,0.03
4000122,discrete_map_rounding,Integer MAP rounding,123,tuned_level_slope,0.1
4000123,discrete_map_rounding,Integer MAP rounding,124,tuned_level,0.03
4000123,discrete_map_rounding,Integer MAP rounding,124,tuned_level_slope,0.1
4000124,discrete_map_rounding,Integer MAP rounding,125,tuned_level,0.03
4000124,discrete_map_rounding,Integer MAP rounding,125,tuned_level_slope,0.1
4000125,discrete_map_rounding,Integer MAP rounding,126,tuned_level,0.1
4000125,discrete_map_rounding,Integer MAP rounding,126,tuned_level_slope,0.1
4000126,discrete_map_rounding,Integer MAP rounding,127,tuned_level,0.03
4000126,discrete_map_rounding,Integer MAP rounding,127,tuned_level_slope,0.1
4000127,discrete_map_rounding,Integer MAP rounding,128,tuned_level,0.1
4000127,discrete_map_rounding,Integer MAP rounding,128,tuned_level_slope,0.1
4000128,discrete_map_rounding,Integer MAP rounding,129,tuned_level,0.03
4000128,discrete_map_rounding,Integer MAP rounding,129,tuned_level_slope,0.1
4000129,discrete_map_rounding,Integer MAP rounding,130,tuned_level,0.0
4000129,discrete_map_rounding,Integer MAP rounding,130,tuned_level_slope,0.1
4000130,discrete_map_rounding,Integer MAP rounding,131,tuned_level,0.1
4000130,discrete_map_rounding,Integer MAP rounding,131,tuned_level_slope,0.1
4000131,discrete_map_rounding,Integer MAP rounding,132,tuned_level,0.03
4000131,discrete_map_rounding,Integer MAP rounding,132,tuned_level_slope,0.1
4000132,discrete_map_rounding,Integer MAP rounding,133,tuned_level,0.03
4000132,discrete_map_rounding,Integer MAP rounding,133,tuned_level_slope,0.1
4000133,discrete_map_rounding,Integer MAP rounding,134,tuned_level,0.03
4000133,discrete_map_rounding,Integer MAP rounding,134,tuned_level_slope,0.1
4000134,discrete_map_rounding,Integer MAP rounding,135,tuned_level,0.1
4000134,discrete_map_rounding,Integer MAP rounding,135,tuned_level_slope,0.1
4000135,discrete_map_rounding,Integer MAP rounding,136,tuned_level,0.03
4000135,discrete_map_rounding,Integer MAP rounding,136,tuned_level_slope,0.1
4000136,discrete_map_rounding,Integer MAP rounding,137,tuned_level,0.0
4000136,discrete_map_rounding,Integer MAP rounding,137,tuned_level_slope,0.1
4000137,discrete_map_rounding,Integer MAP rounding,138,tuned_level,0.03
4000137,discrete_map_rounding,Integer MAP rounding,138,tuned_level_slope,0.1
4000138,discrete_map_rounding,Integer MAP rounding,139,tuned_level,0.03
4000138,discrete_map_rounding,Integer MAP rounding,139,tuned_level_slope,0.1
4000139,discrete_map_rounding,Integer MAP rounding,140,tuned_level,0.03
4000139,discrete_map_rounding,Integer MAP rounding,140,tuned_level_slope,0.1
5000120,informative_monitoring,Informative monitoring,121,tuned_level,0.03
5000120,informative_monitoring,Informative monitoring,121,tuned_level_slope,0.1
5000121,informative_monitoring,Informative monitoring,122,tuned_level,0.03
5000121,informative_monitoring,Informative monitoring,122,tuned_level_slope,0.1
5000122,informative_monitoring,Informative monitoring,123,tuned_level,0.03
5000122,informative_monitoring,Informative monitoring,123,tuned_level_slope,0.1
5000123,informative_monitoring,Informative monitoring,124,tuned_level,0.03
5000123,informative_monitoring,Informative monitoring,124,tuned_level_slope,0.1
5000124,informative_monitoring,Informative monitoring,125,tuned_level,0.03
5000124,informative_monitoring,Informative monitoring,125,tuned_level_slope,0.1
5000125,informative_monitoring,Informative monitoring,126,tuned_level,0.03
5000125,informative_monitoring,Informative monitoring,126,tuned_level_slope,0.1
5000126,informative_monitoring,Informative monitoring,127,tuned_level,0.03
5000126,informative_monitoring,Informative monitoring,127,tuned_level_slope,0.1
5000127,informative_monitoring,Informative monitoring,128,tuned_level,0.03
5000127,informative_monitoring,Informative monitoring,128,tuned_level_slope,0.1
5000128,informative_monitoring,Informative monitoring,129,tuned_level,0.03
5000128,informative_monitoring,Informative monitoring,129,tuned_level_slope,0.1
5000129,informative_monitoring,Informative monitoring,130,tuned_level,0.03
5000129,informative_monitoring,Informative monitoring,130,tuned_level_slope,0.1
5000130,informative_monitoring,Informative monitoring,131,tuned_level,0.03
5000130,informative_monitoring,Informative monitoring,131,tuned_level_slope,0.1
5000131,informative_monitoring,Informative monitoring,132,tuned_level,0.03
5000131,informative_monitoring,Informative monitoring,132,tuned_level_slope,0.1
5000132,informative_monitoring,Informative monitoring,133,tuned_level,0.0
5000132,informative_monitoring,Informative monitoring,133,tuned_level_slope,0.1
5000133,informative_monitoring,Informative monitoring,134,tuned_level,0.03
5000133,informative_monitoring,Informative monitoring,134,tuned_level_slope,0.1
5000134,informative_monitoring,Informative monitoring,135,tuned_level,0.03
5000134,informative_monitoring,Informative monitoring,135,tuned_level_slope,0.1
5000135,informative_monitoring,Informative monitoring,136,tuned_level,0.03
5000135,informative_monitoring,Informative monitoring,136,tuned_level_slope,0.1
5000136,informative_monitoring,Informative monitoring,137,tuned_level,0.03
5000136,informative_monitoring,Informative monitoring,137,tuned_level_slope,0.1
5000137,informative_monitoring,Informative monitoring,138,tuned_level,0.03
5000137,informative_monitoring,Informative monitoring,138,tuned_level_slope,0.1
5000138,informative_monitoring,Informative monitoring,139,tuned_level,0.03
5000138,informative_monitoring,Informative monitoring,139,tuned_level_slope,0.1
5000139,informative_monitoring,Informative monitoring,140,tuned_level,0.03
5000139,informative_monitoring,Informative monitoring,140,tuned_level_slope,0.1
6000120,cluster_size_informative,Cluster size--level association,121,tuned_level,0.03
6000120,cluster_size_informative,Cluster size--level association,121,tuned_level_slope,0.1
6000121,cluster_size_informative,Cluster size--level association,122,tuned_level,0.03
6000121,cluster_size_informative,Cluster size--level association,122,tuned_level_slope,0.1
6000122,cluster_size_informative,Cluster size--level association,123,tuned_level,0.03
6000122,cluster_size_informative,Cluster size--level association,123,tuned_level_slope,0.1
6000123,cluster_size_informative,Cluster size--level association,124,tuned_level,0.03
6000123,cluster_size_informative,Cluster size--level association,124,tuned_level_slope,0.1
6000124,cluster_size_informative,Cluster size--level association,125,tuned_level,0.03
6000124,cluster_size_informative,Cluster size--level association,125,tuned_level_slope,0.1
6000125,cluster_size_informative,Cluster size--level association,126,tuned_level,0.0
6000125,cluster_size_informative,Cluster size--level association,126,tuned_level_slope,0.1
6000126,cluster_size_informative,Cluster size--level association,127,tuned_level,0.03
6000126,cluster_size_informative,Cluster size--level association,127,tuned_level_slope,0.1
6000127,cluster_size_informative,Cluster size--level association,128,tuned_level,0.03
6000127,cluster_size_informative,Cluster size--level association,128,tuned_level_slope,0.1
6000128,cluster_size_informative,Cluster size--level association,129,tuned_level,0.0
6000128,cluster_size_informative,Cluster size--level association,129,tuned_level_slope,0.1
6000129,cluster_size_informative,Cluster size--level association,130,tuned_level,0.03
6000129,cluster_size_informative,Cluster size--level association,130,tuned_level_slope,0.1
6000130,cluster_size_informative,Cluster size--level association,131,tuned_level,0.03
6000130,cluster_size_informative,Cluster size--level association,131,tuned_level_slope,0.1
6000131,cluster_size_informative,Cluster size--level association,132,tuned_level,0.0
6000131,cluster_size_informative,Cluster size--level association,132,tuned_level_slope,0.1
6000132,cluster_size_informative,Cluster size--level association,133,tuned_level,0.03
6000132,cluster_size_informative,Cluster size--level association,133,tuned_level_slope,0.1
6000133,cluster_size_informative,Cluster size--level association,134,tuned_level,0.03
6000133,cluster_size_informative,Cluster size--level association,134,tuned_level_slope,0.1
6000134,cluster_size_informative,Cluster size--level association,135,tuned_level,0.03
6000134,cluster_size_informative,Cluster size--level association,135,tuned_level_slope,0.1
6000135,cluster_size_informative,Cluster size--level association,136,tuned_level,0.0
6000135,cluster_size_informative,Cluster size--level association,136,tuned_level_slope,0.1
6000136,cluster_size_informative,Cluster size--level association,137,tuned_level,0.0
6000136,cluster_size_informative,Cluster size--level association,137,tuned_level_slope,0.1
6000137,cluster_size_informative,Cluster size--level association,138,tuned_level,0.03
6000137,cluster_size_informative,Cluster size--level association,138,tuned_level_slope,0.1
6000138,cluster_size_informative,Cluster size--level association,139,tuned_level,0.03
6000138,cluster_size_informative,Cluster size--level association,139,tuned_level_slope,0.1
6000139,cluster_size_informative,Cluster size--level association,140,tuned_level,0.03
6000139,cluster_size_informative,Cluster size--level association,140,tuned_level_slope,0.1
7000120,common_time_misspecified,Misspecified common time,121,tuned_level,0.1
7000120,common_time_misspecified,Misspecified common time,121,tuned_level_slope,0.1
7000121,common_time_misspecified,Misspecified common time,122,tuned_level,0.3
7000121,common_time_misspecified,Misspecified common time,122,tuned_level_slope,0.1
7000122,common_time_misspecified,Misspecified common time,123,tuned_level,0.1
7000122,common_time_misspecified,Misspecified common time,123,tuned_level_slope,0.1
7000123,common_time_misspecified,Misspecified common time,124,tuned_level,0.1
7000123,common_time_misspecified,Misspecified common time,124,tuned_level_slope,0.1
7000124,common_time_misspecified,Misspecified common time,125,tuned_level,0.3
7000124,common_time_misspecified,Misspecified common time,125,tuned_level_slope,0.3
7000125,common_time_misspecified,Misspecified common time,126,tuned_level,0.1
7000125,common_time_misspecified,Misspecified common time,126,tuned_level_slope,0.1
7000126,common_time_misspecified,Misspecified common time,127,tuned_level,0.1
7000126,common_time_misspecified,Misspecified common time,127,tuned_level_slope,0.1
7000127,common_time_misspecified,Misspecified common time,128,tuned_level,0.1
7000127,common_time_misspecified,Misspecified common time,128,tuned_level_slope,0.1
7000128,common_time_misspecified,Misspecified common time,129,tuned_level,0.1
7000128,common_time_misspecified,Misspecified common time,129,tuned_level_slope,0.1
7000129,common_time_misspecified,Misspecified common time,130,tuned_level,0.1
7000129,common_time_misspecified,Misspecified common time,130,tuned_level_slope,0.1
7000130,common_time_misspecified,Misspecified common time,131,tuned_level,0.3
7000130,common_time_misspecified,Misspecified common time,131,tuned_level_slope,0.3
7000131,common_time_misspecified,Misspecified common time,132,tuned_level,0.1
7000131,common_time_misspecified,Misspecified common time,132,tuned_level_slope,0.1
7000132,common_time_misspecified,Misspecified common time,133,tuned_level,0.1
7000132,common_time_misspecified,Misspecified common time,133,tuned_level_slope,0.1
7000133,common_time_misspecified,Misspecified common time,134,tuned_level,0.1
7000133,common_time_misspecified,Misspecified common time,134,tuned_level_slope,0.1
7000134,common_time_misspecified,Misspecified common time,135,tuned_level,0.3
7000134,common_time_misspecified,Misspecified common time,135,tuned_level_slope,0.3
7000135,common_time_misspecified,Misspecified common time,136,tuned_level,0.1
7000135,common_time_misspecified,Misspecified common time,136,tuned_level_slope,0.1
7000136,common_time_misspecified,Misspecified common time,137,tuned_level,0.1
7000136,common_time_misspecified,Misspecified common time,137,tuned_level_slope,0.1
7000137,common_time_misspecified,Misspecified common time,138,tuned_level,0.3
7000137,common_time_misspecified,Misspecified common time,138,tuned_level_slope,0.1
7000138,common_time_misspecified,Misspecified common time,139,tuned_level,0.1
7000138,common_time_misspecified,Misspecified common time,139,tuned_level_slope,0.1
7000139,common_time_misspecified,Misspecified common time,140,tuned_level,0.1
7000139,common_time_misspecified,Misspecified common time,140,tuned_level_slope,0.1
8000120,level_plus_shape,Persistent level plus shape,121,tuned_level,1.0
8000120,level_plus_shape,Persistent level plus shape,121,tuned_level_slope,1.0
8000121,level_plus_shape,Persistent level plus shape,122,tuned_level,10.0
8000121,level_plus_shape,Persistent level plus shape,122,tuned_level_slope,1.0
8000122,level_plus_shape,Persistent level plus shape,123,tuned_level,3.0
8000122,level_plus_shape,Persistent level plus shape,123,tuned_level_slope,1.0
8000123,level_plus_shape,Persistent level plus shape,124,tuned_level,1.0
8000123,level_plus_shape,Persistent level plus shape,124,tuned_level_slope,1.0
8000124,level_plus_shape,Persistent level plus shape,125,tuned_level,10.0
8000124,level_plus_shape,Persistent level plus shape,125,tuned_level_slope,3.0
8000125,level_plus_shape,Persistent level plus shape,126,tuned_level,1.0
8000125,level_plus_shape,Persistent level plus shape,126,tuned_level_slope,0.3
8000126,level_plus_shape,Persistent level plus shape,127,tuned_level,1.0
8000126,level_plus_shape,Persistent level plus shape,127,tuned_level_slope,1.0
8000127,level_plus_shape,Persistent level plus shape,128,tuned_level,3.0
8000127,level_plus_shape,Persistent level plus shape,128,tuned_level_slope,0.3
8000128,level_plus_shape,Persistent level plus shape,129,tuned_level,10.0
8000128,level_plus_shape,Persistent level plus shape,129,tuned_level_slope,10.0
8000129,level_plus_shape,Persistent level plus shape,130,tuned_level,3.0
8000129,level_plus_shape,Persistent level plus shape,130,tuned_level_slope,1.0
8000130,level_plus_shape,Persistent level plus shape,131,tuned_level,1.0
8000130,level_plus_shape,Persistent level plus shape,131,tuned_level_slope,0.1
8000131,level_plus_shape,Persistent level plus shape,132,tuned_level,1.0
8000131,level_plus_shape,Persistent level plus shape,132,tuned_level_slope,0.3
8000132,level_plus_shape,Persistent level plus shape,133,tuned_level,1.0
8000132,level_plus_shape,Persistent level plus shape,133,tuned_level_slope,1.0
8000133,level_plus_shape,Persistent level plus shape,134,tuned_level,1.0
8000133,level_plus_shape,Persistent level plus shape,134,tuned_level_slope,0.3
8000134,level_plus_shape,Persistent level plus shape,135,tuned_level,3.0
8000134,level_plus_shape,Persistent level plus shape,135,tuned_level_slope,1.0
8000135,level_plus_shape,Persistent level plus shape,136,tuned_level,3.0
8000135,level_plus_shape,Persistent level plus shape,136,tuned_level_slope,0.1
8000136,level_plus_shape,Persistent level plus shape,137,tuned_level,10.0
8000136,level_plus_shape,Persistent level plus shape,137,tuned_level_slope,10.0
8000137,level_plus_shape,Persistent level plus shape,138,tuned_level,3.0
8000137,level_plus_shape,Persistent level plus shape,138,tuned_level_slope,3.0
8000138,level_plus_shape,Persistent level plus shape,139,tuned_level,3.0
8000138,level_plus_shape,Persistent level plus shape,139,tuned_level_slope,1.0
8000139,level_plus_shape,Persistent level plus shape,140,tuned_level,3.0
8000139,level_plus_shape,Persistent level plus shape,140,tuned_level_slope,1.0
9000120,treatment_feedback,Treatment feedback,121,tuned_level,0.03
9000120,treatment_feedback,Treatment feedback,121,tuned_level_slope,0.1
9000121,treatment_feedback,Treatment feedback,122,tuned_level,0.1
9000121,treatment_feedback,Treatment feedback,122,tuned_level_slope,0.1
9000122,treatment_feedback,Treatment feedback,123,tuned_level,0.03
9000122,treatment_feedback,Treatment feedback,123,tuned_level_slope,0.1
9000123,treatment_feedback,Treatment feedback,124,tuned_level,0.1
9000123,treatment_feedback,Treatment feedback,124,tuned_level_slope,0.1
9000124,treatment_feedback,Treatment feedback,125,tuned_level,0.1
9000124,treatment_feedback,Treatment feedback,125,tuned_level_slope,0.1
9000125,treatment_feedback,Treatment feedback,126,tuned_level,0.03
9000125,treatment_feedback,Treatment feedback,126,tuned_level_slope,0.1
9000126,treatment_feedback,Treatment feedback,127,tuned_level,0.03
9000126,treatment_feedback,Treatment feedback,127,tuned_level_slope,0.1
9000127,treatment_feedback,Treatment feedback,128,tuned_level,0.03
9000127,treatment_feedback,Treatment feedback,128,tuned_level_slope,0.1
9000128,treatment_feedback,Treatment feedback,129,tuned_level,0.03
9000128,treatment_feedback,Treatment feedback,129,tuned_level_slope,0.1
9000129,treatment_feedback,Treatment feedback,130,tuned_level,0.03
9000129,treatment_feedback,Treatment feedback,130,tuned_level_slope,0.1
9000130,treatment_feedback,Treatment feedback,131,tuned_level,0.03
9000130,treatment_feedback,Treatment feedback,131,tuned_level_slope,0.1
9000131,treatment_feedback,Treatment feedback,132,tuned_level,0.03
9000131,treatment_feedback,Treatment feedback,132,tuned_level_slope,0.1
9000132,treatment_feedback,Treatment feedback,133,tuned_level,0.03
9000132,treatment_feedback,Treatment feedback,133,tuned_level_slope,0.1
9000133,treatment_feedback,Treatment feedback,134,tuned_level,0.03
9000133,treatment_feedback,Treatment feedback,134,tuned_level_slope,0.1
9000134,treatment_feedback,Treatment feedback,135,tuned_level,0.1
9000134,treatment_feedback,Treatment feedback,135,tuned_level_slope,0.1
9000135,treatment_feedback,Treatment feedback,136,tuned_level,0.1
9000135,treatment_feedback,Treatment feedback,136,tuned_level_slope,0.1
9000136,treatment_feedback,Treatment feedback,137,tuned_level,0.1
9000136,treatment_feedback,Treatment feedback,137,tuned_level_slope,0.1
9000137,treatment_feedback,Treatment feedback,138,tuned_level,0.03
9000137,treatment_feedback,Treatment feedback,138,tuned_level_slope,0.1
9000138,treatment_feedback,Treatment feedback,139,tuned_level,0.03
9000138,treatment_feedback,Treatment feedback,139,tuned_level_slope,0.1
9000139,treatment_feedback,Treatment feedback,140,tuned_level,0.1
9000139,treatment_feedback,Treatment feedback,140,tuned_level_slope,0.1
10000120,transient_nonpersistent,Transient non-persistence,121,tuned_level,10.0
10000120,transient_nonpersistent,Transient non-persistence,121,tuned_level_slope,10.0
10000121,transient_nonpersistent,Transient non-persistence,122,tuned_level,10.0
10000121,transient_nonpersistent,Transient non-persistence,122,tuned_level_slope,10.0
10000122,transient_nonpersistent,Transient non-persistence,123,tuned_level,3.0
10000122,transient_nonpersistent,Transient non-persistence,123,tuned_level_slope,1.0
10000123,transient_nonpersistent,Transient non-persistence,124,tuned_level,10.0
10000123,transient_nonpersistent,Transient non-persistence,124,tuned_level_slope,10.0
10000124,transient_nonpersistent,Transient non-persistence,125,tuned_level,10.0
10000124,transient_nonpersistent,Transient non-persistence,125,tuned_level_slope,3.0
10000125,transient_nonpersistent,Transient non-persistence,126,tuned_level,10.0
10000125,transient_nonpersistent,Transient non-persistence,126,tuned_level_slope,10.0
10000126,transient_nonpersistent,Transient non-persistence,127,tuned_level,10.0
10000126,transient_nonpersistent,Transient non-persistence,127,tuned_level_slope,10.0
10000127,transient_nonpersistent,Transient non-persistence,128,tuned_level,3.0
10000127,transient_nonpersistent,Transient non-persistence,128,tuned_level_slope,1.0
10000128,transient_nonpersistent,Transient non-persistence,129,tuned_level,10.0
10000128,transient_nonpersistent,Transient non-persistence,129,tuned_level_slope,10.0
10000129,transient_nonpersistent,Transient non-persistence,130,tuned_level,10.0
10000129,transient_nonpersistent,Transient non-persistence,130,tuned_level_slope,10.0
10000130,transient_nonpersistent,Transient non-persistence,131,tuned_level,10.0
10000130,transient_nonpersistent,Transient non-persistence,131,tuned_level_slope,3.0
10000131,transient_nonpersistent,Transient non-persistence,132,tuned_level,10.0
10000131,transient_nonpersistent,Transient non-persistence,132,tuned_level_slope,0.3
10000132,transient_nonpersistent,Transient non-persistence,133,tuned_level,10.0
10000132,transient_nonpersistent,Transient non-persistence,133,tuned_level_slope,10.0
10000133,transient_nonpersistent,Transient non-persistence,134,tuned_level,10.0
10000133,transient_nonpersistent,Transient non-persistence,134,tuned_level_slope,10.0
10000134,transient_nonpersistent,Transient non-persistence,135,tuned_level,10.0
10000134,transient_nonpersistent,Transient non-persistence,135,tuned_level_slope,10.0
10000135,transient_nonpersistent,Transient non-persistence,136,tuned_level,10.0
10000135,transient_nonpersistent,Transient non-persistence,136,tuned_level_slope,10.0
10000136,transient_nonpersistent,Transient non-persistence,137,tuned_level,10.0
10000136,transient_nonpersistent,Transient non-persistence,137,tuned_level_slope,10.0
10000137,transient_nonpersistent,Transient non-persistence,138,tuned_level,3.0
10000137,transient_nonpersistent,Transient non-persistence,138,tuned_level_slope,1.0
10000138,transient_nonpersistent,Transient non-persistence,139,tuned_level,10.0
10000138,transient_nonpersistent,Transient non-persistence,139,tuned_level_slope,10.0
10000139,transient_nonpersistent,Transient non-persistence,140,tuned_level,10.0
10000139,transient_nonpersistent,Transient non-persistence,140,tuned_level_slope,10.0
140,ideal_large_dense,"Ideal: large, dense",141,tuned_level,0.1
140,ideal_large_dense,"Ideal: large, dense",141,tuned_level_slope,0.1
141,ideal_large_dense,"Ideal: large, dense",142,tuned_level,0.03
141,ideal_large_dense,"Ideal: large, dense",142,tuned_level_slope,0.1
142,ideal_large_dense,"Ideal: large, dense",143,tuned_level,0.03
142,ideal_large_dense,"Ideal: large, dense",143,tuned_level_slope,0.1
143,ideal_large_dense,"Ideal: large, dense",144,tuned_level,0.1
143,ideal_large_dense,"Ideal: large, dense",144,tuned_level_slope,0.1
144,ideal_large_dense,"Ideal: large, dense",145,tuned_level,0.0
144,ideal_large_dense,"Ideal: large, dense",145,tuned_level_slope,0.1
145,ideal_large_dense,"Ideal: large, dense",146,tuned_level,0.03
145,ideal_large_dense,"Ideal: large, dense",146,tuned_level_slope,0.1
146,ideal_large_dense,"Ideal: large, dense",147,tuned_level,0.03
146,ideal_large_dense,"Ideal: large, dense",147,tuned_level_slope,0.1
147,ideal_large_dense,"Ideal: large, dense",148,tuned_level,0.03
147,ideal_large_dense,"Ideal: large, dense",148,tuned_level_slope,0.1
148,ideal_large_dense,"Ideal: large, dense",149,tuned_level,0.03
148,ideal_large_dense,"Ideal: large, dense",149,tuned_level_slope,0.1
149,ideal_large_dense,"Ideal: large, dense",150,tuned_level,0.03
149,ideal_large_dense,"Ideal: large, dense",150,tuned_level_slope,0.1
150,ideal_large_dense,"Ideal: large, dense",151,tuned_level,0.03
150,ideal_large_dense,"Ideal: large, dense",151,tuned_level_slope,0.1
151,ideal_large_dense,"Ideal: large, dense",152,tuned_level,0.03
151,ideal_large_dense,"Ideal: large, dense",152,tuned_level_slope,0.1
152,ideal_large_dense,"Ideal: large, dense",153,tuned_level,0.03
152,ideal_large_dense,"Ideal: large, dense",153,tuned_level_slope,0.1
153,ideal_large_dense,"Ideal: large, dense",154,tuned_level,0.03
153,ideal_large_dense,"Ideal: large, dense",154,tuned_level_slope,0.1
154,ideal_large_dense,"Ideal: large, dense",155,tuned_level,0.03
154,ideal_large_dense,"Ideal: large, dense",155,tuned_level_slope,0.1
155,ideal_large_dense,"Ideal: large, dense",156,tuned_level,0.03
155,ideal_large_dense,"Ideal: large, dense",156,tuned_level_slope,0.1
156,ideal_large_dense,"Ideal: large, dense",157,tuned_level,0.03
156,ideal_large_dense,"Ideal: large, dense",157,tuned_level_slope,0.1
157,ideal_large_dense,"Ideal: large, dense",158,tuned_level,0.03
157,ideal_large_dense,"Ideal: large, dense",158,tuned_level_slope,0.1
158,ideal_large_dense,"Ideal: large, dense",159,tuned_level,0.03
158,ideal_large_dense,"Ideal: large, dense",159,tuned_level_slope,0.1
159,ideal_large_dense,"Ideal: large, dense",160,tuned_level,0.0
159,ideal_large_dense,"Ideal: large, dense",160,tuned_level_slope,0.1
1000140,ideal_small_dense,"Ideal: small, dense",141,tuned_level,0.03
1000140,ideal_small_dense,"Ideal: small, dense",141,tuned_level_slope,0.1
1000141,ideal_small_dense,"Ideal: small, dense",142,tuned_level,0.03
1000141,ideal_small_dense,"Ideal: small, dense",142,tuned_level_slope,0.1
1000142,ideal_small_dense,"Ideal: small, dense",143,tuned_level,0.0
1000142,ideal_small_dense,"Ideal: small, dense",143,tuned_level_slope,0.1
1000143,ideal_small_dense,"Ideal: small, dense",144,tuned_level,0.03
1000143,ideal_small_dense,"Ideal: small, dense",144,tuned_level_slope,0.1
1000144,ideal_small_dense,"Ideal: small, dense",145,tuned_level,0.03
1000144,ideal_small_dense,"Ideal: small, dense",145,tuned_level_slope,0.1
1000145,ideal_small_dense,"Ideal: small, dense",146,tuned_level,0.0
1000145,ideal_small_dense,"Ideal: small, dense",146,tuned_level_slope,0.1
1000146,ideal_small_dense,"Ideal: small, dense",147,tuned_level,0.03
1000146,ideal_small_dense,"Ideal: small, dense",147,tuned_level_slope,0.1
1000147,ideal_small_dense,"Ideal: small, dense",148,tuned_level,0.03
1000147,ideal_small_dense,"Ideal: small, dense",148,tuned_level_slope,0.1
1000148,ideal_small_dense,"Ideal: small, dense",149,tuned_level,0.03
1000148,ideal_small_dense,"Ideal: small, dense",149,tuned_level_slope,0.1
1000149,ideal_small_dense,"Ideal: small, dense",150,tuned_level,0.03
1000149,ideal_small_dense,"Ideal: small, dense",150,tuned_level_slope,0.1
1000150,ideal_small_dense,"Ideal: small, dense",151,tuned_level,0.03
1000150,ideal_small_dense,"Ideal: small, dense",151,tuned_level_slope,0.1
1000151,ideal_small_dense,"Ideal: small, dense",152,tuned_level,0.03
1000151,ideal_small_dense,"Ideal: small, dense",152,tuned_level_slope,0.1
1000152,ideal_small_dense,"Ideal: small, dense",153,tuned_level,0.03
1000152,ideal_small_dense,"Ideal: small, dense",153,tuned_level_slope,0.1
1000153,ideal_small_dense,"Ideal: small, dense",154,tuned_level,0.03
1000153,ideal_small_dense,"Ideal: small, dense",154,tuned_level_slope,0.1
1000154,ideal_small_dense,"Ideal: small, dense",155,tuned_level,0.03
1000154,ideal_small_dense,"Ideal: small, dense",155,tuned_level_slope,0.1
1000155,ideal_small_dense,"Ideal: small, dense",156,tuned_level,0.1
1000155,ideal_small_dense,"Ideal: small, dense",156,tuned_level_slope,0.1
1000156,ideal_small_dense,"Ideal: small, dense",157,tuned_level,0.03
1000156,ideal_small_dense,"Ideal: small, dense",157,tuned_level_slope,0.1
1000157,ideal_small_dense,"Ideal: small, dense",158,tuned_level,0.1
1000157,ideal_small_dense,"Ideal: small, dense",158,tuned_level_slope,0.1
1000158,ideal_small_dense,"Ideal: small, dense",159,tuned_level,0.03
1000158,ideal_small_dense,"Ideal: small, dense",159,tuned_level_slope,0.1
1000159,ideal_small_dense,"Ideal: small, dense",160,tuned_level,0.03
1000159,ideal_small_dense,"Ideal: small, dense",160,tuned_level_slope,0.1
2000140,ideal_large_sparse,"Ideal: large, sparse",141,tuned_level,0.03
2000140,ideal_large_sparse,"Ideal: large, sparse",141,tuned_level_slope,0.1
2000141,ideal_large_sparse,"Ideal: large, sparse",142,tuned_level,0.1
2000141,ideal_large_sparse,"Ideal: large, sparse",142,tuned_level_slope,0.1
2000142,ideal_large_sparse,"Ideal: large, sparse",143,tuned_level,0.03
2000142,ideal_large_sparse,"Ideal: large, sparse",143,tuned_level_slope,0.1
2000143,ideal_large_sparse,"Ideal: large, sparse",144,tuned_level,0.03
2000143,ideal_large_sparse,"Ideal: large, sparse",144,tuned_level_slope,0.1
2000144,ideal_large_sparse,"Ideal: large, sparse",145,tuned_level,0.1
2000144,ideal_large_sparse,"Ideal: large, sparse",145,tuned_level_slope,0.1
2000145,ideal_large_sparse,"Ideal: large, sparse",146,tuned_level,0.03
2000145,ideal_large_sparse,"Ideal: large, sparse",146,tuned_level_slope,0.1
2000146,ideal_large_sparse,"Ideal: large, sparse",147,tuned_level,0.03
2000146,ideal_large_sparse,"Ideal: large, sparse",147,tuned_level_slope,0.1
2000147,ideal_large_sparse,"Ideal: large, sparse",148,tuned_level,0.03
2000147,ideal_large_sparse,"Ideal: large, sparse",148,tuned_level_slope,0.1
2000148,ideal_large_sparse,"Ideal: large, sparse",149,tuned_level,0.03
2000148,ideal_large_sparse,"Ideal: large, sparse",149,tuned_level_slope,0.1
2000149,ideal_large_sparse,"Ideal: large, sparse",150,tuned_level,0.1
2000149,ideal_large_sparse,"Ideal: large, sparse",150,tuned_level_slope,0.1
2000150,ideal_large_sparse,"Ideal: large, sparse",151,tuned_level,0.1
2000150,ideal_large_sparse,"Ideal: large, sparse",151,tuned_level_slope,0.1
2000151,ideal_large_sparse,"Ideal: large, sparse",152,tuned_level,0.03
2000151,ideal_large_sparse,"Ideal: large, sparse",152,tuned_level_slope,0.1
2000152,ideal_large_sparse,"Ideal: large, sparse",153,tuned_level,0.03
2000152,ideal_large_sparse,"Ideal: large, sparse",153,tuned_level_slope,0.1
2000153,ideal_large_sparse,"Ideal: large, sparse",154,tuned_level,0.03
2000153,ideal_large_sparse,"Ideal: large, sparse",154,tuned_level_slope,0.1
2000154,ideal_large_sparse,"Ideal: large, sparse",155,tuned_level,0.1
2000154,ideal_large_sparse,"Ideal: large, sparse",155,tuned_level_slope,0.1
2000155,ideal_large_sparse,"Ideal: large, sparse",156,tuned_level,0.03
2000155,ideal_large_sparse,"Ideal: large, sparse",156,tuned_level_slope,0.1
2000156,ideal_large_sparse,"Ideal: large, sparse",157,tuned_level,0.03
2000156,ideal_large_sparse,"Ideal: large, sparse",157,tuned_level_slope,0.1
2000157,ideal_large_sparse,"Ideal: large, sparse",158,tuned_level,0.1
2000157,ideal_large_sparse,"Ideal: large, sparse",158,tuned_level_slope,0.1
2000158,ideal_large_sparse,"Ideal: large, sparse",159,tuned_level,0.1
2000158,ideal_large_sparse,"Ideal: large, sparse",159,tuned_level_slope,0.1
2000159,ideal_large_sparse,"Ideal: large, sparse",160,tuned_level,0.1
2000159,ideal_large_sparse,"Ideal: large, sparse",160,tuned_level_slope,0.1
3000140,serial_dependence,Serial dependence,141,tuned_level,0.1
3000140,serial_dependence,Serial dependence,141,tuned_level_slope,0.1
3000141,serial_dependence,Serial dependence,142,tuned_level,0.1
3000141,serial_dependence,Serial dependence,142,tuned_level_slope,0.1
3000142,serial_dependence,Serial dependence,143,tuned_level,0.1
3000142,serial_dependence,Serial dependence,143,tuned_level_slope,0.1
3000143,serial_dependence,Serial dependence,144,tuned_level,0.03
3000143,serial_dependence,Serial dependence,144,tuned_level_slope,0.1
3000144,serial_dependence,Serial dependence,145,tuned_level,0.03
3000144,serial_dependence,Serial dependence,145,tuned_level_slope,0.1
3000145,serial_dependence,Serial dependence,146,tuned_level,0.03
3000145,serial_dependence,Serial dependence,146,tuned_level_slope,0.1
3000146,serial_dependence,Serial dependence,147,tuned_level,0.1
3000146,serial_dependence,Serial dependence,147,tuned_level_slope,0.1
3000147,serial_dependence,Serial dependence,148,tuned_level,0.1
3000147,serial_dependence,Serial dependence,148,tuned_level_slope,0.1
3000148,serial_dependence,Serial dependence,149,tuned_level,0.03
3000148,serial_dependence,Serial dependence,149,tuned_level_slope,0.1
3000149,serial_dependence,Serial dependence,150,tuned_level,0.03
3000149,serial_dependence,Serial dependence,150,tuned_level_slope,0.1
3000150,serial_dependence,Serial dependence,151,tuned_level,0.1
3000150,serial_dependence,Serial dependence,151,tuned_level_slope,0.1
3000151,serial_dependence,Serial dependence,152,tuned_level,0.03
3000151,serial_dependence,Serial dependence,152,tuned_level_slope,0.1
3000152,serial_dependence,Serial dependence,153,tuned_level,0.03
3000152,serial_dependence,Serial dependence,153,tuned_level_slope,0.1
3000153,serial_dependence,Serial dependence,154,tuned_level,0.1
3000153,serial_dependence,Serial dependence,154,tuned_level_slope,0.1
3000154,serial_dependence,Serial dependence,155,tuned_level,0.1
3000154,serial_dependence,Serial dependence,155,tuned_level_slope,0.1
3000155,serial_dependence,Serial dependence,156,tuned_level,0.1
3000155,serial_dependence,Serial dependence,156,tuned_level_slope,0.1
3000156,serial_dependence,Serial dependence,157,tuned_level,0.1
3000156,serial_dependence,Serial dependence,157,tuned_level_slope,0.1
3000157,serial_dependence,Serial dependence,158,tuned_level,0.03
3000157,serial_dependence,Serial dependence,158,tuned_level_slope,0.1
3000158,serial_dependence,Serial dependence,159,tuned_level,0.1
3000158,serial_dependence,Serial dependence,159,tuned_level_slope,0.1
3000159,serial_dependence,Serial dependence,160,tuned_level,0.1
3000159,serial_dependence,Serial dependence,160,tuned_level_slope,0.1
4000140,discrete_map_rounding,Integer MAP rounding,141,tuned_level,0.03
4000140,discrete_map_rounding,Integer MAP rounding,141,tuned_level_slope,0.1
4000141,discrete_map_rounding,Integer MAP rounding,142,tuned_level,0.03
4000141,discrete_map_rounding,Integer MAP rounding,142,tuned_level_slope,0.1
4000142,discrete_map_rounding,Integer MAP rounding,143,tuned_level,0.03
4000142,discrete_map_rounding,Integer MAP rounding,143,tuned_level_slope,0.1
4000143,discrete_map_rounding,Integer MAP rounding,144,tuned_level,0.03
4000143,discrete_map_rounding,Integer MAP rounding,144,tuned_level_slope,0.1
4000144,discrete_map_rounding,Integer MAP rounding,145,tuned_level,0.1
4000144,discrete_map_rounding,Integer MAP rounding,145,tuned_level_slope,0.1
4000145,discrete_map_rounding,Integer MAP rounding,146,tuned_level,0.03
4000145,discrete_map_rounding,Integer MAP rounding,146,tuned_level_slope,0.1
4000146,discrete_map_rounding,Integer MAP rounding,147,tuned_level,0.1
4000146,discrete_map_rounding,Integer MAP rounding,147,tuned_level_slope,0.1
4000147,discrete_map_rounding,Integer MAP rounding,148,tuned_level,0.03
4000147,discrete_map_rounding,Integer MAP rounding,148,tuned_level_slope,0.1
4000148,discrete_map_rounding,Integer MAP rounding,149,tuned_level,0.03
4000148,discrete_map_rounding,Integer MAP rounding,149,tuned_level_slope,0.1
4000149,discrete_map_rounding,Integer MAP rounding,150,tuned_level,0.03
4000149,discrete_map_rounding,Integer MAP rounding,150,tuned_level_slope,0.1
4000150,discrete_map_rounding,Integer MAP rounding,151,tuned_level,0.03
4000150,discrete_map_rounding,Integer MAP rounding,151,tuned_level_slope,0.1
4000151,discrete_map_rounding,Integer MAP rounding,152,tuned_level,0.03
4000151,discrete_map_rounding,Integer MAP rounding,152,tuned_level_slope,0.1
4000152,discrete_map_rounding,Integer MAP rounding,153,tuned_level,0.03
4000152,discrete_map_rounding,Integer MAP rounding,153,tuned_level_slope,0.1
4000153,discrete_map_rounding,Integer MAP rounding,154,tuned_level,0.1
4000153,discrete_map_rounding,Integer MAP rounding,154,tuned_level_slope,0.1
4000154,discrete_map_rounding,Integer MAP rounding,155,tuned_level,0.1
4000154,discrete_map_rounding,Integer MAP rounding,155,tuned_level_slope,0.1
4000155,discrete_map_rounding,Integer MAP rounding,156,tuned_level,0.1
4000155,discrete_map_rounding,Integer MAP rounding,156,tuned_level_slope,0.1
4000156,discrete_map_rounding,Integer MAP rounding,157,tuned_level,0.03
4000156,discrete_map_rounding,Integer MAP rounding,157,tuned_level_slope,0.1
4000157,discrete_map_rounding,Integer MAP rounding,158,tuned_level,0.03
4000157,discrete_map_rounding,Integer MAP rounding,158,tuned_level_slope,0.1
4000158,discrete_map_rounding,Integer MAP rounding,159,tuned_level,0.03
4000158,discrete_map_rounding,Integer MAP rounding,159,tuned_level_slope,0.1
4000159,discrete_map_rounding,Integer MAP rounding,160,tuned_level,0.1
4000159,discrete_map_rounding,Integer MAP rounding,160,tuned_level_slope,0.1
5000140,informative_monitoring,Informative monitoring,141,tuned_level,0.03
5000140,informative_monitoring,Informative monitoring,141,tuned_level_slope,0.1
5000141,informative_monitoring,Informative monitoring,142,tuned_level,0.03
5000141,informative_monitoring,Informative monitoring,142,tuned_level_slope,0.1
5000142,informative_monitoring,Informative monitoring,143,tuned_level,0.03
5000142,informative_monitoring,Informative monitoring,143,tuned_level_slope,0.1
5000143,informative_monitoring,Informative monitoring,144,tuned_level,0.03
5000143,informative_monitoring,Informative monitoring,144,tuned_level_slope,0.1
5000144,informative_monitoring,Informative monitoring,145,tuned_level,0.03
5000144,informative_monitoring,Informative monitoring,145,tuned_level_slope,0.1
5000145,informative_monitoring,Informative monitoring,146,tuned_level,0.03
5000145,informative_monitoring,Informative monitoring,146,tuned_level_slope,0.1
5000146,informative_monitoring,Informative monitoring,147,tuned_level,0.03
5000146,informative_monitoring,Informative monitoring,147,tuned_level_slope,0.1
5000147,informative_monitoring,Informative monitoring,148,tuned_level,0.03
5000147,informative_monitoring,Informative monitoring,148,tuned_level_slope,0.1
5000148,informative_monitoring,Informative monitoring,149,tuned_level,0.03
5000148,informative_monitoring,Informative monitoring,149,tuned_level_slope,0.1
5000149,informative_monitoring,Informative monitoring,150,tuned_level,0.03
5000149,informative_monitoring,Informative monitoring,150,tuned_level_slope,0.1
5000150,informative_monitoring,Informative monitoring,151,tuned_level,0.03
5000150,informative_monitoring,Informative monitoring,151,tuned_level_slope,0.1
5000151,informative_monitoring,Informative monitoring,152,tuned_level,0.03
5000151,informative_monitoring,Informative monitoring,152,tuned_level_slope,0.1
5000152,informative_monitoring,Informative monitoring,153,tuned_level,0.03
5000152,informative_monitoring,Informative monitoring,153,tuned_level_slope,0.1
5000153,informative_monitoring,Informative monitoring,154,tuned_level,0.03
5000153,informative_monitoring,Informative monitoring,154,tuned_level_slope,0.1
5000154,informative_monitoring,Informative monitoring,155,tuned_level,0.03
5000154,informative_monitoring,Informative monitoring,155,tuned_level_slope,0.1
5000155,informative_monitoring,Informative monitoring,156,tuned_level,0.03
5000155,informative_monitoring,Informative monitoring,156,tuned_level_slope,0.1
5000156,informative_monitoring,Informative monitoring,157,tuned_level,0.03
5000156,informative_monitoring,Informative monitoring,157,tuned_level_slope,0.1
5000157,informative_monitoring,Informative monitoring,158,tuned_level,0.03
5000157,informative_monitoring,Informative monitoring,158,tuned_level_slope,0.1
5000158,informative_monitoring,Informative monitoring,159,tuned_level,0.03
5000158,informative_monitoring,Informative monitoring,159,tuned_level_slope,0.1
5000159,informative_monitoring,Informative monitoring,160,tuned_level,0.03
5000159,informative_monitoring,Informative monitoring,160,tuned_level_slope,0.1
6000140,cluster_size_informative,Cluster size--level association,141,tuned_level,0.03
6000140,cluster_size_informative,Cluster size--level association,141,tuned_level_slope,0.1
6000141,cluster_size_informative,Cluster size--level association,142,tuned_level,0.03
6000141,cluster_size_informative,Cluster size--level association,142,tuned_level_slope,0.1
6000142,cluster_size_informative,Cluster size--level association,143,tuned_level,0.0
6000142,cluster_size_informative,Cluster size--level association,143,tuned_level_slope,0.1
6000143,cluster_size_informative,Cluster size--level association,144,tuned_level,0.03
6000143,cluster_size_informative,Cluster size--level association,144,tuned_level_slope,0.1
6000144,cluster_size_informative,Cluster size--level association,145,tuned_level,0.03
6000144,cluster_size_informative,Cluster size--level association,145,tuned_level_slope,0.1
6000145,cluster_size_informative,Cluster size--level association,146,tuned_level,0.03
6000145,cluster_size_informative,Cluster size--level association,146,tuned_level_slope,0.1
6000146,cluster_size_informative,Cluster size--level association,147,tuned_level,0.03
6000146,cluster_size_informative,Cluster size--level association,147,tuned_level_slope,0.1
6000147,cluster_size_informative,Cluster size--level association,148,tuned_level,0.03
6000147,cluster_size_informative,Cluster size--level association,148,tuned_level_slope,0.1
6000148,cluster_size_informative,Cluster size--level association,149,tuned_level,0.03
6000148,cluster_size_informative,Cluster size--level association,149,tuned_level_slope,0.1
6000149,cluster_size_informative,Cluster size--level association,150,tuned_level,0.0
6000149,cluster_size_informative,Cluster size--level association,150,tuned_level_slope,0.1
6000150,cluster_size_informative,Cluster size--level association,151,tuned_level,0.03
6000150,cluster_size_informative,Cluster size--level association,151,tuned_level_slope,0.1
6000151,cluster_size_informative,Cluster size--level association,152,tuned_level,0.0
6000151,cluster_size_informative,Cluster size--level association,152,tuned_level_slope,0.1
6000152,cluster_size_informative,Cluster size--level association,153,tuned_level,0.03
6000152,cluster_size_informative,Cluster size--level association,153,tuned_level_slope,0.1
6000153,cluster_size_informative,Cluster size--level association,154,tuned_level,0.03
6000153,cluster_size_informative,Cluster size--level association,154,tuned_level_slope,0.1
6000154,cluster_size_informative,Cluster size--level association,155,tuned_level,0.03
6000154,cluster_size_informative,Cluster size--level association,155,tuned_level_slope,0.1
6000155,cluster_size_informative,Cluster size--level association,156,tuned_level,0.03
6000155,cluster_size_informative,Cluster size--level association,156,tuned_level_slope,0.1
6000156,cluster_size_informative,Cluster size--level association,157,tuned_level,0.03
6000156,cluster_size_informative,Cluster size--level association,157,tuned_level_slope,0.1
6000157,cluster_size_informative,Cluster size--level association,158,tuned_level,0.03
6000157,cluster_size_informative,Cluster size--level association,158,tuned_level_slope,0.1
6000158,cluster_size_informative,Cluster size--level association,159,tuned_level,0.03
6000158,cluster_size_informative,Cluster size--level association,159,tuned_level_slope,0.1
6000159,cluster_size_informative,Cluster size--level association,160,tuned_level,0.03
6000159,cluster_size_informative,Cluster size--level association,160,tuned_level_slope,0.1
7000140,common_time_misspecified,Misspecified common time,141,tuned_level,0.1
7000140,common_time_misspecified,Misspecified common time,141,tuned_level_slope,0.1
7000141,common_time_misspecified,Misspecified common time,142,tuned_level,0.1
7000141,common_time_misspecified,Misspecified common time,142,tuned_level_slope,0.1
7000142,common_time_misspecified,Misspecified common time,143,tuned_level,0.1
7000142,common_time_misspecified,Misspecified common time,143,tuned_level_slope,0.1
7000143,common_time_misspecified,Misspecified common time,144,tuned_level,0.1
7000143,common_time_misspecified,Misspecified common time,144,tuned_level_slope,0.1
7000144,common_time_misspecified,Misspecified common time,145,tuned_level,0.3
7000144,common_time_misspecified,Misspecified common time,145,tuned_level_slope,0.1
7000145,common_time_misspecified,Misspecified common time,146,tuned_level,0.3
7000145,common_time_misspecified,Misspecified common time,146,tuned_level_slope,0.1
7000146,common_time_misspecified,Misspecified common time,147,tuned_level,0.3
7000146,common_time_misspecified,Misspecified common time,147,tuned_level_slope,0.1
7000147,common_time_misspecified,Misspecified common time,148,tuned_level,0.1
7000147,common_time_misspecified,Misspecified common time,148,tuned_level_slope,0.1
7000148,common_time_misspecified,Misspecified common time,149,tuned_level,0.3
7000148,common_time_misspecified,Misspecified common time,149,tuned_level_slope,0.1
7000149,common_time_misspecified,Misspecified common time,150,tuned_level,0.3
7000149,common_time_misspecified,Misspecified common time,150,tuned_level_slope,0.3
7000150,common_time_misspecified,Misspecified common time,151,tuned_level,0.1
7000150,common_time_misspecified,Misspecified common time,151,tuned_level_slope,0.1
7000151,common_time_misspecified,Misspecified common time,152,tuned_level,0.3
7000151,common_time_misspecified,Misspecified common time,152,tuned_level_slope,0.1
7000152,common_time_misspecified,Misspecified common time,153,tuned_level,0.1
7000152,common_time_misspecified,Misspecified common time,153,tuned_level_slope,0.1
7000153,common_time_misspecified,Misspecified common time,154,tuned_level,0.3
7000153,common_time_misspecified,Misspecified common time,154,tuned_level_slope,0.3
7000154,common_time_misspecified,Misspecified common time,155,tuned_level,0.3
7000154,common_time_misspecified,Misspecified common time,155,tuned_level_slope,0.3
7000155,common_time_misspecified,Misspecified common time,156,tuned_level,0.3
7000155,common_time_misspecified,Misspecified common time,156,tuned_level_slope,0.1
7000156,common_time_misspecified,Misspecified common time,157,tuned_level,0.1
7000156,common_time_misspecified,Misspecified common time,157,tuned_level_slope,0.1
7000157,common_time_misspecified,Misspecified common time,158,tuned_level,0.1
7000157,common_time_misspecified,Misspecified common time,158,tuned_level_slope,0.1
7000158,common_time_misspecified,Misspecified common time,159,tuned_level,0.1
7000158,common_time_misspecified,Misspecified common time,159,tuned_level_slope,0.1
7000159,common_time_misspecified,Misspecified common time,160,tuned_level,0.3
7000159,common_time_misspecified,Misspecified common time,160,tuned_level_slope,0.1
8000140,level_plus_shape,Persistent level plus shape,141,tuned_level,10.0
8000140,level_plus_shape,Persistent level plus shape,141,tuned_level_slope,0.1
8000141,level_plus_shape,Persistent level plus shape,142,tuned_level,3.0
8000141,level_plus_shape,Persistent level plus shape,142,tuned_level_slope,1.0
8000142,level_plus_shape,Persistent level plus shape,143,tuned_level,1.0
8000142,level_plus_shape,Persistent level plus shape,143,tuned_level_slope,1.0
8000143,level_plus_shape,Persistent level plus shape,144,tuned_level,10.0
8000143,level_plus_shape,Persistent level plus shape,144,tuned_level_slope,10.0
8000144,level_plus_shape,Persistent level plus shape,145,tuned_level,1.0
8000144,level_plus_shape,Persistent level plus shape,145,tuned_level_slope,0.3
8000145,level_plus_shape,Persistent level plus shape,146,tuned_level,1.0
8000145,level_plus_shape,Persistent level plus shape,146,tuned_level_slope,0.3
8000146,level_plus_shape,Persistent level plus shape,147,tuned_level,1.0
8000146,level_plus_shape,Persistent level plus shape,147,tuned_level_slope,0.1
8000147,level_plus_shape,Persistent level plus shape,148,tuned_level,10.0
8000147,level_plus_shape,Persistent level plus shape,148,tuned_level_slope,10.0
8000148,level_plus_shape,Persistent level plus shape,149,tuned_level,1.0
8000148,level_plus_shape,Persistent level plus shape,149,tuned_level_slope,1.0
8000149,level_plus_shape,Persistent level plus shape,150,tuned_level,0.3
8000149,level_plus_shape,Persistent level plus shape,150,tuned_level_slope,0.1
8000150,level_plus_shape,Persistent level plus shape,151,tuned_level,3.0
8000150,level_plus_shape,Persistent level plus shape,151,tuned_level_slope,0.3
8000151,level_plus_shape,Persistent level plus shape,152,tuned_level,10.0
8000151,level_plus_shape,Persistent level plus shape,152,tuned_level_slope,10.0
8000152,level_plus_shape,Persistent level plus shape,153,tuned_level,1.0
8000152,level_plus_shape,Persistent level plus shape,153,tuned_level_slope,0.3
8000153,level_plus_shape,Persistent level plus shape,154,tuned_level,1.0
8000153,level_plus_shape,Persistent level plus shape,154,tuned_level_slope,1.0
8000154,level_plus_shape,Persistent level plus shape,155,tuned_level,1.0
8000154,level_plus_shape,Persistent level plus shape,155,tuned_level_slope,0.3
8000155,level_plus_shape,Persistent level plus shape,156,tuned_level,10.0
8000155,level_plus_shape,Persistent level plus shape,156,tuned_level_slope,0.3
8000156,level_plus_shape,Persistent level plus shape,157,tuned_level,10.0
8000156,level_plus_shape,Persistent level plus shape,157,tuned_level_slope,3.0
8000157,level_plus_shape,Persistent level plus shape,158,tuned_level,0.3
8000157,level_plus_shape,Persistent level plus shape,158,tuned_level_slope,0.3
8000158,level_plus_shape,Persistent level plus shape,159,tuned_level,10.0
8000158,level_plus_shape,Persistent level plus shape,159,tuned_level_slope,10.0
8000159,level_plus_shape,Persistent level plus shape,160,tuned_level,10.0
8000159,level_plus_shape,Persistent level plus shape,160,tuned_level_slope,10.0
9000140,treatment_feedback,Treatment feedback,141,tuned_level,0.03
9000140,treatment_feedback,Treatment feedback,141,tuned_level_slope,0.1
9000141,treatment_feedback,Treatment feedback,142,tuned_level,0.1
9000141,treatment_feedback,Treatment feedback,142,tuned_level_slope,0.1
9000142,treatment_feedback,Treatment feedback,143,tuned_level,0.03
9000142,treatment_feedback,Treatment feedback,143,tuned_level_slope,0.1
9000143,treatment_feedback,Treatment feedback,144,tuned_level,0.1
9000143,treatment_feedback,Treatment feedback,144,tuned_level_slope,0.1
9000144,treatment_feedback,Treatment feedback,145,tuned_level,0.1
9000144,treatment_feedback,Treatment feedback,145,tuned_level_slope,0.1
9000145,treatment_feedback,Treatment feedback,146,tuned_level,0.03
9000145,treatment_feedback,Treatment feedback,146,tuned_level_slope,0.1
9000146,treatment_feedback,Treatment feedback,147,tuned_level,0.1
9000146,treatment_feedback,Treatment feedback,147,tuned_level_slope,0.1
9000147,treatment_feedback,Treatment feedback,148,tuned_level,0.03
9000147,treatment_feedback,Treatment feedback,148,tuned_level_slope,0.1
9000148,treatment_feedback,Treatment feedback,149,tuned_level,0.03
9000148,treatment_feedback,Treatment feedback,149,tuned_level_slope,0.1
9000149,treatment_feedback,Treatment feedback,150,tuned_level,0.1
9000149,treatment_feedback,Treatment feedback,150,tuned_level_slope,0.1
9000150,treatment_feedback,Treatment feedback,151,tuned_level,0.1
9000150,treatment_feedback,Treatment feedback,151,tuned_level_slope,0.1
9000151,treatment_feedback,Treatment feedback,152,tuned_level,0.1
9000151,treatment_feedback,Treatment feedback,152,tuned_level_slope,0.1
9000152,treatment_feedback,Treatment feedback,153,tuned_level,0.1
9000152,treatment_feedback,Treatment feedback,153,tuned_level_slope,0.1
9000153,treatment_feedback,Treatment feedback,154,tuned_level,0.03
9000153,treatment_feedback,Treatment feedback,154,tuned_level_slope,0.1
9000154,treatment_feedback,Treatment feedback,155,tuned_level,0.1
9000154,treatment_feedback,Treatment feedback,155,tuned_level_slope,0.1
9000155,treatment_feedback,Treatment feedback,156,tuned_level,0.03
9000155,treatment_feedback,Treatment feedback,156,tuned_level_slope,0.1
9000156,treatment_feedback,Treatment feedback,157,tuned_level,0.1
9000156,treatment_feedback,Treatment feedback,157,tuned_level_slope,0.1
9000157,treatment_feedback,Treatment feedback,158,tuned_level,0.03
9000157,treatment_feedback,Treatment feedback,158,tuned_level_slope,0.1
9000158,treatment_feedback,Treatment feedback,159,tuned_level,0.1
9000158,treatment_feedback,Treatment feedback,159,tuned_level_slope,0.1
9000159,treatment_feedback,Treatment feedback,160,tuned_level,0.1
9000159,treatment_feedback,Treatment feedback,160,tuned_level_slope,0.1
10000140,transient_nonpersistent,Transient non-persistence,141,tuned_level,10.0
10000140,transient_nonpersistent,Transient non-persistence,141,tuned_level_slope,10.0
10000141,transient_nonpersistent,Transient non-persistence,142,tuned_level,10.0
10000141,transient_nonpersistent,Transient non-persistence,142,tuned_level_slope,10.0
10000142,transient_nonpersistent,Transient non-persistence,143,tuned_level,10.0
10000142,transient_nonpersistent,Transient non-persistence,143,tuned_level_slope,10.0
10000143,transient_nonpersistent,Transient non-persistence,144,tuned_level,3.0
10000143,transient_nonpersistent,Transient non-persistence,144,tuned_level_slope,3.0
10000144,transient_nonpersistent,Transient non-persistence,145,tuned_level,1.0
10000144,transient_nonpersistent,Transient non-persistence,145,tuned_level_slope,0.3
10000145,transient_nonpersistent,Transient non-persistence,146,tuned_level,10.0
10000145,transient_nonpersistent,Transient non-persistence,146,tuned_level_slope,3.0
10000146,transient_nonpersistent,Transient non-persistence,147,tuned_level,10.0
10000146,transient_nonpersistent,Transient non-persistence,147,tuned_level_slope,10.0
10000147,transient_nonpersistent,Transient non-persistence,148,tuned_level,10.0
10000147,transient_nonpersistent,Transient non-persistence,148,tuned_level_slope,10.0
10000148,transient_nonpersistent,Transient non-persistence,149,tuned_level,10.0
10000148,transient_nonpersistent,Transient non-persistence,149,tuned_level_slope,10.0
10000149,transient_nonpersistent,Transient non-persistence,150,tuned_level,10.0
10000149,transient_nonpersistent,Transient non-persistence,150,tuned_level_slope,10.0
10000150,transient_nonpersistent,Transient non-persistence,151,tuned_level,10.0
10000150,transient_nonpersistent,Transient non-persistence,151,tuned_level_slope,10.0
10000151,transient_nonpersistent,Transient non-persistence,152,tuned_level,10.0
10000151,transient_nonpersistent,Transient non-persistence,152,tuned_level_slope,10.0
10000152,transient_nonpersistent,Transient non-persistence,153,tuned_level,10.0
10000152,transient_nonpersistent,Transient non-persistence,153,tuned_level_slope,10.0
10000153,transient_nonpersistent,Transient non-persistence,154,tuned_level,10.0
10000153,transient_nonpersistent,Transient non-persistence,154,tuned_level_slope,10.0
10000154,transient_nonpersistent,Transient non-persistence,155,tuned_level,10.0
10000154,transient_nonpersistent,Transient non-persistence,155,tuned_level_slope,10.0
10000155,transient_nonpersistent,Transient non-persistence,156,tuned_level,10.0
10000155,transient_nonpersistent,Transient non-persistence,156,tuned_level_slope,10.0
10000156,transient_nonpersistent,Transient non-persistence,157,tuned_level,10.0
10000156,transient_nonpersistent,Transient non-persistence,157,tuned_level_slope,10.0
10000157,transient_nonpersistent,Transient non-persistence,158,tuned_level,10.0
10000157,transient_nonpersistent,Transient non-persistence,158,tuned_level_slope,10.0
10000158,transient_nonpersistent,Transient non-persistence,159,tuned_level,10.0
10000158,transient_nonpersistent,Transient non-persistence,159,tuned_level_slope,10.0
10000159,transient_nonpersistent,Transient non-persistence,160,tuned_level,3.0
10000159,transient_nonpersistent,Transient non-persistence,160,tuned_level_slope,3.0
160,ideal_large_dense,"Ideal: large, dense",161,tuned_level,0.1
160,ideal_large_dense,"Ideal: large, dense",161,tuned_level_slope,0.1
161,ideal_large_dense,"Ideal: large, dense",162,tuned_level,0.03
161,ideal_large_dense,"Ideal: large, dense",162,tuned_level_slope,0.1
162,ideal_large_dense,"Ideal: large, dense",163,tuned_level,0.03
162,ideal_large_dense,"Ideal: large, dense",163,tuned_level_slope,0.1
163,ideal_large_dense,"Ideal: large, dense",164,tuned_level,0.1
163,ideal_large_dense,"Ideal: large, dense",164,tuned_level_slope,0.1
164,ideal_large_dense,"Ideal: large, dense",165,tuned_level,0.03
164,ideal_large_dense,"Ideal: large, dense",165,tuned_level_slope,0.1
165,ideal_large_dense,"Ideal: large, dense",166,tuned_level,0.03
165,ideal_large_dense,"Ideal: large, dense",166,tuned_level_slope,0.1
166,ideal_large_dense,"Ideal: large, dense",167,tuned_level,0.03
166,ideal_large_dense,"Ideal: large, dense",167,tuned_level_slope,0.1
167,ideal_large_dense,"Ideal: large, dense",168,tuned_level,0.1
167,ideal_large_dense,"Ideal: large, dense",168,tuned_level_slope,0.1
168,ideal_large_dense,"Ideal: large, dense",169,tuned_level,0.03
168,ideal_large_dense,"Ideal: large, dense",169,tuned_level_slope,0.1
169,ideal_large_dense,"Ideal: large, dense",170,tuned_level,0.03
169,ideal_large_dense,"Ideal: large, dense",170,tuned_level_slope,0.1
170,ideal_large_dense,"Ideal: large, dense",171,tuned_level,0.03
170,ideal_large_dense,"Ideal: large, dense",171,tuned_level_slope,0.1
171,ideal_large_dense,"Ideal: large, dense",172,tuned_level,0.03
171,ideal_large_dense,"Ideal: large, dense",172,tuned_level_slope,0.1
172,ideal_large_dense,"Ideal: large, dense",173,tuned_level,0.03
172,ideal_large_dense,"Ideal: large, dense",173,tuned_level_slope,0.1
173,ideal_large_dense,"Ideal: large, dense",174,tuned_level,0.0
173,ideal_large_dense,"Ideal: large, dense",174,tuned_level_slope,0.1
174,ideal_large_dense,"Ideal: large, dense",175,tuned_level,0.0
174,ideal_large_dense,"Ideal: large, dense",175,tuned_level_slope,0.1
175,ideal_large_dense,"Ideal: large, dense",176,tuned_level,0.03
175,ideal_large_dense,"Ideal: large, dense",176,tuned_level_slope,0.1
176,ideal_large_dense,"Ideal: large, dense",177,tuned_level,0.03
176,ideal_large_dense,"Ideal: large, dense",177,tuned_level_slope,0.1
177,ideal_large_dense,"Ideal: large, dense",178,tuned_level,0.0
177,ideal_large_dense,"Ideal: large, dense",178,tuned_level_slope,0.1
178,ideal_large_dense,"Ideal: large, dense",179,tuned_level,0.03
178,ideal_large_dense,"Ideal: large, dense",179,tuned_level_slope,0.1
179,ideal_large_dense,"Ideal: large, dense",180,tuned_level,0.03
179,ideal_large_dense,"Ideal: large, dense",180,tuned_level_slope,0.1
1000160,ideal_small_dense,"Ideal: small, dense",161,tuned_level,0.03
1000160,ideal_small_dense,"Ideal: small, dense",161,tuned_level_slope,0.1
1000161,ideal_small_dense,"Ideal: small, dense",162,tuned_level,0.03
1000161,ideal_small_dense,"Ideal: small, dense",162,tuned_level_slope,0.1
1000162,ideal_small_dense,"Ideal: small, dense",163,tuned_level,0.1
1000162,ideal_small_dense,"Ideal: small, dense",163,tuned_level_slope,0.1
1000163,ideal_small_dense,"Ideal: small, dense",164,tuned_level,0.03
1000163,ideal_small_dense,"Ideal: small, dense",164,tuned_level_slope,0.1
1000164,ideal_small_dense,"Ideal: small, dense",165,tuned_level,0.03
1000164,ideal_small_dense,"Ideal: small, dense",165,tuned_level_slope,0.1
1000165,ideal_small_dense,"Ideal: small, dense",166,tuned_level,0.0
1000165,ideal_small_dense,"Ideal: small, dense",166,tuned_level_slope,0.1
1000166,ideal_small_dense,"Ideal: small, dense",167,tuned_level,0.1
1000166,ideal_small_dense,"Ideal: small, dense",167,tuned_level_slope,0.1
1000167,ideal_small_dense,"Ideal: small, dense",168,tuned_level,0.03
1000167,ideal_small_dense,"Ideal: small, dense",168,tuned_level_slope,0.1
1000168,ideal_small_dense,"Ideal: small, dense",169,tuned_level,0.03
1000168,ideal_small_dense,"Ideal: small, dense",169,tuned_level_slope,0.1
1000169,ideal_small_dense,"Ideal: small, dense",170,tuned_level,0.03
1000169,ideal_small_dense,"Ideal: small, dense",170,tuned_level_slope,0.1
1000170,ideal_small_dense,"Ideal: small, dense",171,tuned_level,0.0
1000170,ideal_small_dense,"Ideal: small, dense",171,tuned_level_slope,0.1
1000171,ideal_small_dense,"Ideal: small, dense",172,tuned_level,0.03
1000171,ideal_small_dense,"Ideal: small, dense",172,tuned_level_slope,0.1
1000172,ideal_small_dense,"Ideal: small, dense",173,tuned_level,0.1
1000172,ideal_small_dense,"Ideal: small, dense",173,tuned_level_slope,0.1
1000173,ideal_small_dense,"Ideal: small, dense",174,tuned_level,0.0
1000173,ideal_small_dense,"Ideal: small, dense",174,tuned_level_slope,0.1
1000174,ideal_small_dense,"Ideal: small, dense",175,tuned_level,0.0
1000174,ideal_small_dense,"Ideal: small, dense",175,tuned_level_slope,0.1
1000175,ideal_small_dense,"Ideal: small, dense",176,tuned_level,0.03
1000175,ideal_small_dense,"Ideal: small, dense",176,tuned_level_slope,0.1
1000176,ideal_small_dense,"Ideal: small, dense",177,tuned_level,0.03
1000176,ideal_small_dense,"Ideal: small, dense",177,tuned_level_slope,0.1
1000177,ideal_small_dense,"Ideal: small, dense",178,tuned_level,0.0
1000177,ideal_small_dense,"Ideal: small, dense",178,tuned_level_slope,0.1
1000178,ideal_small_dense,"Ideal: small, dense",179,tuned_level,0.0
1000178,ideal_small_dense,"Ideal: small, dense",179,tuned_level_slope,0.1
1000179,ideal_small_dense,"Ideal: small, dense",180,tuned_level,0.1
1000179,ideal_small_dense,"Ideal: small, dense",180,tuned_level_slope,0.1
2000160,ideal_large_sparse,"Ideal: large, sparse",161,tuned_level,0.03
2000160,ideal_large_sparse,"Ideal: large, sparse",161,tuned_level_slope,0.1
2000161,ideal_large_sparse,"Ideal: large, sparse",162,tuned_level,0.03
2000161,ideal_large_sparse,"Ideal: large, sparse",162,tuned_level_slope,0.1
2000162,ideal_large_sparse,"Ideal: large, sparse",163,tuned_level,0.1
2000162,ideal_large_sparse,"Ideal: large, sparse",163,tuned_level_slope,0.1
2000163,ideal_large_sparse,"Ideal: large, sparse",164,tuned_level,0.03
2000163,ideal_large_sparse,"Ideal: large, sparse",164,tuned_level_slope,0.1
2000164,ideal_large_sparse,"Ideal: large, sparse",165,tuned_level,0.03
2000164,ideal_large_sparse,"Ideal: large, sparse",165,tuned_level_slope,0.1
2000165,ideal_large_sparse,"Ideal: large, sparse",166,tuned_level,0.03
2000165,ideal_large_sparse,"Ideal: large, sparse",166,tuned_level_slope,0.1
2000166,ideal_large_sparse,"Ideal: large, sparse",167,tuned_level,0.03
2000166,ideal_large_sparse,"Ideal: large, sparse",167,tuned_level_slope,0.1
2000167,ideal_large_sparse,"Ideal: large, sparse",168,tuned_level,0.03
2000167,ideal_large_sparse,"Ideal: large, sparse",168,tuned_level_slope,0.1
2000168,ideal_large_sparse,"Ideal: large, sparse",169,tuned_level,0.03
2000168,ideal_large_sparse,"Ideal: large, sparse",169,tuned_level_slope,0.1
2000169,ideal_large_sparse,"Ideal: large, sparse",170,tuned_level,0.03
2000169,ideal_large_sparse,"Ideal: large, sparse",170,tuned_level_slope,0.1
2000170,ideal_large_sparse,"Ideal: large, sparse",171,tuned_level,0.03
2000170,ideal_large_sparse,"Ideal: large, sparse",171,tuned_level_slope,0.1
2000171,ideal_large_sparse,"Ideal: large, sparse",172,tuned_level,0.1
2000171,ideal_large_sparse,"Ideal: large, sparse",172,tuned_level_slope,0.1
2000172,ideal_large_sparse,"Ideal: large, sparse",173,tuned_level,0.03
2000172,ideal_large_sparse,"Ideal: large, sparse",173,tuned_level_slope,0.1
2000173,ideal_large_sparse,"Ideal: large, sparse",174,tuned_level,0.03
2000173,ideal_large_sparse,"Ideal: large, sparse",174,tuned_level_slope,0.1
2000174,ideal_large_sparse,"Ideal: large, sparse",175,tuned_level,0.03
2000174,ideal_large_sparse,"Ideal: large, sparse",175,tuned_level_slope,0.1
2000175,ideal_large_sparse,"Ideal: large, sparse",176,tuned_level,0.03
2000175,ideal_large_sparse,"Ideal: large, sparse",176,tuned_level_slope,0.1
2000176,ideal_large_sparse,"Ideal: large, sparse",177,tuned_level,0.1
2000176,ideal_large_sparse,"Ideal: large, sparse",177,tuned_level_slope,0.1
2000177,ideal_large_sparse,"Ideal: large, sparse",178,tuned_level,0.03
2000177,ideal_large_sparse,"Ideal: large, sparse",178,tuned_level_slope,0.1
2000178,ideal_large_sparse,"Ideal: large, sparse",179,tuned_level,0.03
2000178,ideal_large_sparse,"Ideal: large, sparse",179,tuned_level_slope,0.1
2000179,ideal_large_sparse,"Ideal: large, sparse",180,tuned_level,0.03
2000179,ideal_large_sparse,"Ideal: large, sparse",180,tuned_level_slope,0.1
3000160,serial_dependence,Serial dependence,161,tuned_level,0.03
3000160,serial_dependence,Serial dependence,161,tuned_level_slope,0.1
3000161,serial_dependence,Serial dependence,162,tuned_level,0.03
3000161,serial_dependence,Serial dependence,162,tuned_level_slope,0.1
3000162,serial_dependence,Serial dependence,163,tuned_level,0.03
3000162,serial_dependence,Serial dependence,163,tuned_level_slope,0.1
3000163,serial_dependence,Serial dependence,164,tuned_level,0.03
3000163,serial_dependence,Serial dependence,164,tuned_level_slope,0.1
3000164,serial_dependence,Serial dependence,165,tuned_level,0.1
3000164,serial_dependence,Serial dependence,165,tuned_level_slope,0.1
3000165,serial_dependence,Serial dependence,166,tuned_level,0.1
3000165,serial_dependence,Serial dependence,166,tuned_level_slope,0.1
3000166,serial_dependence,Serial dependence,167,tuned_level,0.03
3000166,serial_dependence,Serial dependence,167,tuned_level_slope,0.1
3000167,serial_dependence,Serial dependence,168,tuned_level,0.03
3000167,serial_dependence,Serial dependence,168,tuned_level_slope,0.1
3000168,serial_dependence,Serial dependence,169,tuned_level,0.1
3000168,serial_dependence,Serial dependence,169,tuned_level_slope,0.1
3000169,serial_dependence,Serial dependence,170,tuned_level,0.1
3000169,serial_dependence,Serial dependence,170,tuned_level_slope,0.1
3000170,serial_dependence,Serial dependence,171,tuned_level,0.1
3000170,serial_dependence,Serial dependence,171,tuned_level_slope,0.1
3000171,serial_dependence,Serial dependence,172,tuned_level,0.0
3000171,serial_dependence,Serial dependence,172,tuned_level_slope,0.1
3000172,serial_dependence,Serial dependence,173,tuned_level,0.03
3000172,serial_dependence,Serial dependence,173,tuned_level_slope,0.1
3000173,serial_dependence,Serial dependence,174,tuned_level,0.03
3000173,serial_dependence,Serial dependence,174,tuned_level_slope,0.1
3000174,serial_dependence,Serial dependence,175,tuned_level,0.03
3000174,serial_dependence,Serial dependence,175,tuned_level_slope,0.1
3000175,serial_dependence,Serial dependence,176,tuned_level,0.1
3000175,serial_dependence,Serial dependence,176,tuned_level_slope,0.1
3000176,serial_dependence,Serial dependence,177,tuned_level,0.1
3000176,serial_dependence,Serial dependence,177,tuned_level_slope,0.1
3000177,serial_dependence,Serial dependence,178,tuned_level,0.03
3000177,serial_dependence,Serial dependence,178,tuned_level_slope,0.1
3000178,serial_dependence,Serial dependence,179,tuned_level,0.03
3000178,serial_dependence,Serial dependence,179,tuned_level_slope,0.1
3000179,serial_dependence,Serial dependence,180,tuned_level,0.1
3000179,serial_dependence,Serial dependence,180,tuned_level_slope,0.1
4000160,discrete_map_rounding,Integer MAP rounding,161,tuned_level,0.1
4000160,discrete_map_rounding,Integer MAP rounding,161,tuned_level_slope,0.1
4000161,discrete_map_rounding,Integer MAP rounding,162,tuned_level,0.03
4000161,discrete_map_rounding,Integer MAP rounding,162,tuned_level_slope,0.1
4000162,discrete_map_rounding,Integer MAP rounding,163,tuned_level,0.03
4000162,discrete_map_rounding,Integer MAP rounding,163,tuned_level_slope,0.1
4000163,discrete_map_rounding,Integer MAP rounding,164,tuned_level,0.03
4000163,discrete_map_rounding,Integer MAP rounding,164,tuned_level_slope,0.1
4000164,discrete_map_rounding,Integer MAP rounding,165,tuned_level,0.03
4000164,discrete_map_rounding,Integer MAP rounding,165,tuned_level_slope,0.1
4000165,discrete_map_rounding,Integer MAP rounding,166,tuned_level,0.1
4000165,discrete_map_rounding,Integer MAP rounding,166,tuned_level_slope,0.1
4000166,discrete_map_rounding,Integer MAP rounding,167,tuned_level,0.03
4000166,discrete_map_rounding,Integer MAP rounding,167,tuned_level_slope,0.1
4000167,discrete_map_rounding,Integer MAP rounding,168,tuned_level,0.03
4000167,discrete_map_rounding,Integer MAP rounding,168,tuned_level_slope,0.1
4000168,discrete_map_rounding,Integer MAP rounding,169,tuned_level,0.1
4000168,discrete_map_rounding,Integer MAP rounding,169,tuned_level_slope,0.1
4000169,discrete_map_rounding,Integer MAP rounding,170,tuned_level,0.03
4000169,discrete_map_rounding,Integer MAP rounding,170,tuned_level_slope,0.1
4000170,discrete_map_rounding,Integer MAP rounding,171,tuned_level,0.03
4000170,discrete_map_rounding,Integer MAP rounding,171,tuned_level_slope,0.1
4000171,discrete_map_rounding,Integer MAP rounding,172,tuned_level,0.03
4000171,discrete_map_rounding,Integer MAP rounding,172,tuned_level_slope,0.1
4000172,discrete_map_rounding,Integer MAP rounding,173,tuned_level,0.1
4000172,discrete_map_rounding,Integer MAP rounding,173,tuned_level_slope,0.1
4000173,discrete_map_rounding,Integer MAP rounding,174,tuned_level,0.03
4000173,discrete_map_rounding,Integer MAP rounding,174,tuned_level_slope,0.1
4000174,discrete_map_rounding,Integer MAP rounding,175,tuned_level,0.03
4000174,discrete_map_rounding,Integer MAP rounding,175,tuned_level_slope,0.1
4000175,discrete_map_rounding,Integer MAP rounding,176,tuned_level,0.03
4000175,discrete_map_rounding,Integer MAP rounding,176,tuned_level_slope,0.1
4000176,discrete_map_rounding,Integer MAP rounding,177,tuned_level,0.03
4000176,discrete_map_rounding,Integer MAP rounding,177,tuned_level_slope,0.1
4000177,discrete_map_rounding,Integer MAP rounding,178,tuned_level,0.0
4000177,discrete_map_rounding,Integer MAP rounding,178,tuned_level_slope,0.1
4000178,discrete_map_rounding,Integer MAP rounding,179,tuned_level,0.1
4000178,discrete_map_rounding,Integer MAP rounding,179,tuned_level_slope,0.1
4000179,discrete_map_rounding,Integer MAP rounding,180,tuned_level,0.03
4000179,discrete_map_rounding,Integer MAP rounding,180,tuned_level_slope,0.1
5000160,informative_monitoring,Informative monitoring,161,tuned_level,0.03
5000160,informative_monitoring,Informative monitoring,161,tuned_level_slope,0.1
5000161,informative_monitoring,Informative monitoring,162,tuned_level,0.03
5000161,informative_monitoring,Informative monitoring,162,tuned_level_slope,0.1
5000162,informative_monitoring,Informative monitoring,163,tuned_level,0.03
5000162,informative_monitoring,Informative monitoring,163,tuned_level_slope,0.1
5000163,informative_monitoring,Informative monitoring,164,tuned_level,0.03
5000163,informative_monitoring,Informative monitoring,164,tuned_level_slope,0.1
5000164,informative_monitoring,Informative monitoring,165,tuned_level,0.03
5000164,informative_monitoring,Informative monitoring,165,tuned_level_slope,0.1
5000165,informative_monitoring,Informative monitoring,166,tuned_level,0.03
5000165,informative_monitoring,Informative monitoring,166,tuned_level_slope,0.1
5000166,informative_monitoring,Informative monitoring,167,tuned_level,0.03
5000166,informative_monitoring,Informative monitoring,167,tuned_level_slope,0.1
5000167,informative_monitoring,Informative monitoring,168,tuned_level,0.03
5000167,informative_monitoring,Informative monitoring,168,tuned_level_slope,0.1
5000168,informative_monitoring,Informative monitoring,169,tuned_level,0.03
5000168,informative_monitoring,Informative monitoring,169,tuned_level_slope,0.1
5000169,informative_monitoring,Informative monitoring,170,tuned_level,0.03
5000169,informative_monitoring,Informative monitoring,170,tuned_level_slope,0.1
5000170,informative_monitoring,Informative monitoring,171,tuned_level,0.03
5000170,informative_monitoring,Informative monitoring,171,tuned_level_slope,0.1
5000171,informative_monitoring,Informative monitoring,172,tuned_level,0.03
5000171,informative_monitoring,Informative monitoring,172,tuned_level_slope,0.1
5000172,informative_monitoring,Informative monitoring,173,tuned_level,0.03
5000172,informative_monitoring,Informative monitoring,173,tuned_level_slope,0.1
5000173,informative_monitoring,Informative monitoring,174,tuned_level,0.03
5000173,informative_monitoring,Informative monitoring,174,tuned_level_slope,0.1
5000174,informative_monitoring,Informative monitoring,175,tuned_level,0.03
5000174,informative_monitoring,Informative monitoring,175,tuned_level_slope,0.1
5000175,informative_monitoring,Informative monitoring,176,tuned_level,0.03
5000175,informative_monitoring,Informative monitoring,176,tuned_level_slope,0.1
5000176,informative_monitoring,Informative monitoring,177,tuned_level,0.03
5000176,informative_monitoring,Informative monitoring,177,tuned_level_slope,0.1
5000177,informative_monitoring,Informative monitoring,178,tuned_level,0.03
5000177,informative_monitoring,Informative monitoring,178,tuned_level_slope,0.1
5000178,informative_monitoring,Informative monitoring,179,tuned_level,0.03
5000178,informative_monitoring,Informative monitoring,179,tuned_level_slope,0.1
5000179,informative_monitoring,Informative monitoring,180,tuned_level,0.03
5000179,informative_monitoring,Informative monitoring,180,tuned_level_slope,0.1
6000160,cluster_size_informative,Cluster size--level association,161,tuned_level,0.03
6000160,cluster_size_informative,Cluster size--level association,161,tuned_level_slope,0.1
6000161,cluster_size_informative,Cluster size--level association,162,tuned_level,0.03
6000161,cluster_size_informative,Cluster size--level association,162,tuned_level_slope,0.1
6000162,cluster_size_informative,Cluster size--level association,163,tuned_level,0.0
6000162,cluster_size_informative,Cluster size--level association,163,tuned_level_slope,0.1
6000163,cluster_size_informative,Cluster size--level association,164,tuned_level,0.0
6000163,cluster_size_informative,Cluster size--level association,164,tuned_level_slope,0.1
6000164,cluster_size_informative,Cluster size--level association,165,tuned_level,0.03
6000164,cluster_size_informative,Cluster size--level association,165,tuned_level_slope,0.1
6000165,cluster_size_informative,Cluster size--level association,166,tuned_level,0.03
6000165,cluster_size_informative,Cluster size--level association,166,tuned_level_slope,0.1
6000166,cluster_size_informative,Cluster size--level association,167,tuned_level,0.0
6000166,cluster_size_informative,Cluster size--level association,167,tuned_level_slope,0.1
6000167,cluster_size_informative,Cluster size--level association,168,tuned_level,0.03
6000167,cluster_size_informative,Cluster size--level association,168,tuned_level_slope,0.1
6000168,cluster_size_informative,Cluster size--level association,169,tuned_level,0.03
6000168,cluster_size_informative,Cluster size--level association,169,tuned_level_slope,0.1
6000169,cluster_size_informative,Cluster size--level association,170,tuned_level,0.03
6000169,cluster_size_informative,Cluster size--level association,170,tuned_level_slope,0.1
6000170,cluster_size_informative,Cluster size--level association,171,tuned_level,0.03
6000170,cluster_size_informative,Cluster size--level association,171,tuned_level_slope,0.1
6000171,cluster_size_informative,Cluster size--level association,172,tuned_level,0.0
6000171,cluster_size_informative,Cluster size--level association,172,tuned_level_slope,0.1
6000172,cluster_size_informative,Cluster size--level association,173,tuned_level,0.03
6000172,cluster_size_informative,Cluster size--level association,173,tuned_level_slope,0.1
6000173,cluster_size_informative,Cluster size--level association,174,tuned_level,0.03
6000173,cluster_size_informative,Cluster size--level association,174,tuned_level_slope,0.1
6000174,cluster_size_informative,Cluster size--level association,175,tuned_level,0.03
6000174,cluster_size_informative,Cluster size--level association,175,tuned_level_slope,0.1
6000175,cluster_size_informative,Cluster size--level association,176,tuned_level,0.03
6000175,cluster_size_informative,Cluster size--level association,176,tuned_level_slope,0.1
6000176,cluster_size_informative,Cluster size--level association,177,tuned_level,0.03
6000176,cluster_size_informative,Cluster size--level association,177,tuned_level_slope,0.1
6000177,cluster_size_informative,Cluster size--level association,178,tuned_level,0.03
6000177,cluster_size_informative,Cluster size--level association,178,tuned_level_slope,0.1
6000178,cluster_size_informative,Cluster size--level association,179,tuned_level,0.0
6000178,cluster_size_informative,Cluster size--level association,179,tuned_level_slope,0.1
6000179,cluster_size_informative,Cluster size--level association,180,tuned_level,0.03
6000179,cluster_size_informative,Cluster size--level association,180,tuned_level_slope,0.1
7000160,common_time_misspecified,Misspecified common time,161,tuned_level,0.3
7000160,common_time_misspecified,Misspecified common time,161,tuned_level_slope,0.3
7000161,common_time_misspecified,Misspecified common time,162,tuned_level,0.1
7000161,common_time_misspecified,Misspecified common time,162,tuned_level_slope,0.1
7000162,common_time_misspecified,Misspecified common time,163,tuned_level,0.3
7000162,common_time_misspecified,Misspecified common time,163,tuned_level_slope,0.1
7000163,common_time_misspecified,Misspecified common time,164,tuned_level,0.1
7000163,common_time_misspecified,Misspecified common time,164,tuned_level_slope,0.1
7000164,common_time_misspecified,Misspecified common time,165,tuned_level,0.3
7000164,common_time_misspecified,Misspecified common time,165,tuned_level_slope,0.1
7000165,common_time_misspecified,Misspecified common time,166,tuned_level,0.1
7000165,common_time_misspecified,Misspecified common time,166,tuned_level_slope,0.1
7000166,common_time_misspecified,Misspecified common time,167,tuned_level,0.1
7000166,common_time_misspecified,Misspecified common time,167,tuned_level_slope,0.1
7000167,common_time_misspecified,Misspecified common time,168,tuned_level,0.3
7000167,common_time_misspecified,Misspecified common time,168,tuned_level_slope,0.1
7000168,common_time_misspecified,Misspecified common time,169,tuned_level,0.1
7000168,common_time_misspecified,Misspecified common time,169,tuned_level_slope,0.1
7000169,common_time_misspecified,Misspecified common time,170,tuned_level,0.1
7000169,common_time_misspecified,Misspecified common time,170,tuned_level_slope,0.1
7000170,common_time_misspecified,Misspecified common time,171,tuned_level,0.1
7000170,common_time_misspecified,Misspecified common time,171,tuned_level_slope,0.1
7000171,common_time_misspecified,Misspecified common time,172,tuned_level,0.3
7000171,common_time_misspecified,Misspecified common time,172,tuned_level_slope,0.1
7000172,common_time_misspecified,Misspecified common time,173,tuned_level,0.3
7000172,common_time_misspecified,Misspecified common time,173,tuned_level_slope,0.1
7000173,common_time_misspecified,Misspecified common time,174,tuned_level,0.1
7000173,common_time_misspecified,Misspecified common time,174,tuned_level_slope,0.1
7000174,common_time_misspecified,Misspecified common time,175,tuned_level,0.1
7000174,common_time_misspecified,Misspecified common time,175,tuned_level_slope,0.1
7000175,common_time_misspecified,Misspecified common time,176,tuned_level,0.1
7000175,common_time_misspecified,Misspecified common time,176,tuned_level_slope,0.1
7000176,common_time_misspecified,Misspecified common time,177,tuned_level,0.3
7000176,common_time_misspecified,Misspecified common time,177,tuned_level_slope,0.1
7000177,common_time_misspecified,Misspecified common time,178,tuned_level,0.1
7000177,common_time_misspecified,Misspecified common time,178,tuned_level_slope,0.1
7000178,common_time_misspecified,Misspecified common time,179,tuned_level,0.3
7000178,common_time_misspecified,Misspecified common time,179,tuned_level_slope,0.1
7000179,common_time_misspecified,Misspecified common time,180,tuned_level,0.3
7000179,common_time_misspecified,Misspecified common time,180,tuned_level_slope,0.1
8000160,level_plus_shape,Persistent level plus shape,161,tuned_level,3.0
8000160,level_plus_shape,Persistent level plus shape,161,tuned_level_slope,1.0
8000161,level_plus_shape,Persistent level plus shape,162,tuned_level,0.3
8000161,level_plus_shape,Persistent level plus shape,162,tuned_level_slope,0.1
8000162,level_plus_shape,Persistent level plus shape,163,tuned_level,0.3
8000162,level_plus_shape,Persistent level plus shape,163,tuned_level_slope,0.3
8000163,level_plus_shape,Persistent level plus shape,164,tuned_level,3.0
8000163,level_plus_shape,Persistent level plus shape,164,tuned_level_slope,0.1
8000164,level_plus_shape,Persistent level plus shape,165,tuned_level,1.0
8000164,level_plus_shape,Persistent level plus shape,165,tuned_level_slope,1.0
8000165,level_plus_shape,Persistent level plus shape,166,tuned_level,10.0
8000165,level_plus_shape,Persistent level plus shape,166,tuned_level_slope,3.0
8000166,level_plus_shape,Persistent level plus shape,167,tuned_level,1.0
8000166,level_plus_shape,Persistent level plus shape,167,tuned_level_slope,0.3
8000167,level_plus_shape,Persistent level plus shape,168,tuned_level,1.0
8000167,level_plus_shape,Persistent level plus shape,168,tuned_level_slope,0.1
8000168,level_plus_shape,Persistent level plus shape,169,tuned_level,1.0
8000168,level_plus_shape,Persistent level plus shape,169,tuned_level_slope,0.1
8000169,level_plus_shape,Persistent level plus shape,170,tuned_level,10.0
8000169,level_plus_shape,Persistent level plus shape,170,tuned_level_slope,10.0
8000170,level_plus_shape,Persistent level plus shape,171,tuned_level,1.0
8000170,level_plus_shape,Persistent level plus shape,171,tuned_level_slope,0.3
8000171,level_plus_shape,Persistent level plus shape,172,tuned_level,10.0
8000171,level_plus_shape,Persistent level plus shape,172,tuned_level_slope,10.0
8000172,level_plus_shape,Persistent level plus shape,173,tuned_level,1.0
8000172,level_plus_shape,Persistent level plus shape,173,tuned_level_slope,1.0
8000173,level_plus_shape,Persistent level plus shape,174,tuned_level,1.0
8000173,level_plus_shape,Persistent level plus shape,174,tuned_level_slope,0.3
8000174,level_plus_shape,Persistent level plus shape,175,tuned_level,10.0
8000174,level_plus_shape,Persistent level plus shape,175,tuned_level_slope,0.3
8000175,level_plus_shape,Persistent level plus shape,176,tuned_level,1.0
8000175,level_plus_shape,Persistent level plus shape,176,tuned_level_slope,0.3
8000176,level_plus_shape,Persistent level plus shape,177,tuned_level,0.3
8000176,level_plus_shape,Persistent level plus shape,177,tuned_level_slope,0.1
8000177,level_plus_shape,Persistent level plus shape,178,tuned_level,3.0
8000177,level_plus_shape,Persistent level plus shape,178,tuned_level_slope,1.0
8000178,level_plus_shape,Persistent level plus shape,179,tuned_level,3.0
8000178,level_plus_shape,Persistent level plus shape,179,tuned_level_slope,1.0
8000179,level_plus_shape,Persistent level plus shape,180,tuned_level,0.3
8000179,level_plus_shape,Persistent level plus shape,180,tuned_level_slope,0.3
9000160,treatment_feedback,Treatment feedback,161,tuned_level,0.03
9000160,treatment_feedback,Treatment feedback,161,tuned_level_slope,0.1
9000161,treatment_feedback,Treatment feedback,162,tuned_level,0.03
9000161,treatment_feedback,Treatment feedback,162,tuned_level_slope,0.1
9000162,treatment_feedback,Treatment feedback,163,tuned_level,0.03
9000162,treatment_feedback,Treatment feedback,163,tuned_level_slope,0.1
9000163,treatment_feedback,Treatment feedback,164,tuned_level,0.1
9000163,treatment_feedback,Treatment feedback,164,tuned_level_slope,0.1
9000164,treatment_feedback,Treatment feedback,165,tuned_level,0.1
9000164,treatment_feedback,Treatment feedback,165,tuned_level_slope,0.1
9000165,treatment_feedback,Treatment feedback,166,tuned_level,0.1
9000165,treatment_feedback,Treatment feedback,166,tuned_level_slope,0.1
9000166,treatment_feedback,Treatment feedback,167,tuned_level,0.03
9000166,treatment_feedback,Treatment feedback,167,tuned_level_slope,0.1
9000167,treatment_feedback,Treatment feedback,168,tuned_level,0.1
9000167,treatment_feedback,Treatment feedback,168,tuned_level_slope,0.1
9000168,treatment_feedback,Treatment feedback,169,tuned_level,0.1
9000168,treatment_feedback,Treatment feedback,169,tuned_level_slope,0.1
9000169,treatment_feedback,Treatment feedback,170,tuned_level,0.1
9000169,treatment_feedback,Treatment feedback,170,tuned_level_slope,0.1
9000170,treatment_feedback,Treatment feedback,171,tuned_level,0.1
9000170,treatment_feedback,Treatment feedback,171,tuned_level_slope,0.1
9000171,treatment_feedback,Treatment feedback,172,tuned_level,0.03
9000171,treatment_feedback,Treatment feedback,172,tuned_level_slope,0.1
9000172,treatment_feedback,Treatment feedback,173,tuned_level,0.03
9000172,treatment_feedback,Treatment feedback,173,tuned_level_slope,0.1
9000173,treatment_feedback,Treatment feedback,174,tuned_level,0.1
9000173,treatment_feedback,Treatment feedback,174,tuned_level_slope,0.1
9000174,treatment_feedback,Treatment feedback,175,tuned_level,0.1
9000174,treatment_feedback,Treatment feedback,175,tuned_level_slope,0.1
9000175,treatment_feedback,Treatment feedback,176,tuned_level,0.03
9000175,treatment_feedback,Treatment feedback,176,tuned_level_slope,0.1
9000176,treatment_feedback,Treatment feedback,177,tuned_level,0.03
9000176,treatment_feedback,Treatment feedback,177,tuned_level_slope,0.1
9000177,treatment_feedback,Treatment feedback,178,tuned_level,0.03
9000177,treatment_feedback,Treatment feedback,178,tuned_level_slope,0.1
9000178,treatment_feedback,Treatment feedback,179,tuned_level,0.1
9000178,treatment_feedback,Treatment feedback,179,tuned_level_slope,0.1
9000179,treatment_feedback,Treatment feedback,180,tuned_level,0.03
9000179,treatment_feedback,Treatment feedback,180,tuned_level_slope,0.1
10000160,transient_nonpersistent,Transient non-persistence,161,tuned_level,10.0
10000160,transient_nonpersistent,Transient non-persistence,161,tuned_level_slope,0.3
10000161,transient_nonpersistent,Transient non-persistence,162,tuned_level,10.0
10000161,transient_nonpersistent,Transient non-persistence,162,tuned_level_slope,10.0
10000162,transient_nonpersistent,Transient non-persistence,163,tuned_level,10.0
10000162,transient_nonpersistent,Transient non-persistence,163,tuned_level_slope,10.0
10000163,transient_nonpersistent,Transient non-persistence,164,tuned_level,10.0
10000163,transient_nonpersistent,Transient non-persistence,164,tuned_level_slope,10.0
10000164,transient_nonpersistent,Transient non-persistence,165,tuned_level,10.0
10000164,transient_nonpersistent,Transient non-persistence,165,tuned_level_slope,10.0
10000165,transient_nonpersistent,Transient non-persistence,166,tuned_level,10.0
10000165,transient_nonpersistent,Transient non-persistence,166,tuned_level_slope,10.0
10000166,transient_nonpersistent,Transient non-persistence,167,tuned_level,10.0
10000166,transient_nonpersistent,Transient non-persistence,167,tuned_level_slope,10.0
10000167,transient_nonpersistent,Transient non-persistence,168,tuned_level,10.0
10000167,transient_nonpersistent,Transient non-persistence,168,tuned_level_slope,10.0
10000168,transient_nonpersistent,Transient non-persistence,169,tuned_level,10.0
10000168,transient_nonpersistent,Transient non-persistence,169,tuned_level_slope,10.0
10000169,transient_nonpersistent,Transient non-persistence,170,tuned_level,10.0
10000169,transient_nonpersistent,Transient non-persistence,170,tuned_level_slope,10.0
10000170,transient_nonpersistent,Transient non-persistence,171,tuned_level,10.0
10000170,transient_nonpersistent,Transient non-persistence,171,tuned_level_slope,10.0
10000171,transient_nonpersistent,Transient non-persistence,172,tuned_level,10.0
10000171,transient_nonpersistent,Transient non-persistence,172,tuned_level_slope,10.0
10000172,transient_nonpersistent,Transient non-persistence,173,tuned_level,10.0
10000172,transient_nonpersistent,Transient non-persistence,173,tuned_level_slope,10.0
10000173,transient_nonpersistent,Transient non-persistence,174,tuned_level,10.0
10000173,transient_nonpersistent,Transient non-persistence,174,tuned_level_slope,10.0
10000174,transient_nonpersistent,Transient non-persistence,175,tuned_level,10.0
10000174,transient_nonpersistent,Transient non-persistence,175,tuned_level_slope,10.0
10000175,transient_nonpersistent,Transient non-persistence,176,tuned_level,10.0
10000175,transient_nonpersistent,Transient non-persistence,176,tuned_level_slope,10.0
10000176,transient_nonpersistent,Transient non-persistence,177,tuned_level,10.0
10000176,transient_nonpersistent,Transient non-persistence,177,tuned_level_slope,10.0
10000177,transient_nonpersistent,Transient non-persistence,178,tuned_level,1.0
10000177,transient_nonpersistent,Transient non-persistence,178,tuned_level_slope,0.3
10000178,transient_nonpersistent,Transient non-persistence,179,tuned_level,10.0
10000178,transient_nonpersistent,Transient non-persistence,179,tuned_level_slope,10.0
10000179,transient_nonpersistent,Transient non-persistence,180,tuned_level,10.0
10000179,transient_nonpersistent,Transient non-persistence,180,tuned_level_slope,10.0
180,ideal_large_dense,"Ideal: large, dense",181,tuned_level,0.03
180,ideal_large_dense,"Ideal: large, dense",181,tuned_level_slope,0.1
181,ideal_large_dense,"Ideal: large, dense",182,tuned_level,0.03
181,ideal_large_dense,"Ideal: large, dense",182,tuned_level_slope,0.1
182,ideal_large_dense,"Ideal: large, dense",183,tuned_level,0.03
182,ideal_large_dense,"Ideal: large, dense",183,tuned_level_slope,0.1
183,ideal_large_dense,"Ideal: large, dense",184,tuned_level,0.03
183,ideal_large_dense,"Ideal: large, dense",184,tuned_level_slope,0.1
184,ideal_large_dense,"Ideal: large, dense",185,tuned_level,0.03
184,ideal_large_dense,"Ideal: large, dense",185,tuned_level_slope,0.1
185,ideal_large_dense,"Ideal: large, dense",186,tuned_level,0.03
185,ideal_large_dense,"Ideal: large, dense",186,tuned_level_slope,0.1
186,ideal_large_dense,"Ideal: large, dense",187,tuned_level,0.03
186,ideal_large_dense,"Ideal: large, dense",187,tuned_level_slope,0.1
187,ideal_large_dense,"Ideal: large, dense",188,tuned_level,0.03
187,ideal_large_dense,"Ideal: large, dense",188,tuned_level_slope,0.1
188,ideal_large_dense,"Ideal: large, dense",189,tuned_level,0.03
188,ideal_large_dense,"Ideal: large, dense",189,tuned_level_slope,0.1
189,ideal_large_dense,"Ideal: large, dense",190,tuned_level,0.03
189,ideal_large_dense,"Ideal: large, dense",190,tuned_level_slope,0.1
190,ideal_large_dense,"Ideal: large, dense",191,tuned_level,0.03
190,ideal_large_dense,"Ideal: large, dense",191,tuned_level_slope,0.1
191,ideal_large_dense,"Ideal: large, dense",192,tuned_level,0.03
191,ideal_large_dense,"Ideal: large, dense",192,tuned_level_slope,0.1
192,ideal_large_dense,"Ideal: large, dense",193,tuned_level,0.03
192,ideal_large_dense,"Ideal: large, dense",193,tuned_level_slope,0.1
193,ideal_large_dense,"Ideal: large, dense",194,tuned_level,0.03
193,ideal_large_dense,"Ideal: large, dense",194,tuned_level_slope,0.1
194,ideal_large_dense,"Ideal: large, dense",195,tuned_level,0.1
194,ideal_large_dense,"Ideal: large, dense",195,tuned_level_slope,0.1
195,ideal_large_dense,"Ideal: large, dense",196,tuned_level,0.03
195,ideal_large_dense,"Ideal: large, dense",196,tuned_level_slope,0.1
196,ideal_large_dense,"Ideal: large, dense",197,tuned_level,0.03
196,ideal_large_dense,"Ideal: large, dense",197,tuned_level_slope,0.1
197,ideal_large_dense,"Ideal: large, dense",198,tuned_level,0.03
197,ideal_large_dense,"Ideal: large, dense",198,tuned_level_slope,0.1
198,ideal_large_dense,"Ideal: large, dense",199,tuned_level,0.03
198,ideal_large_dense,"Ideal: large, dense",199,tuned_level_slope,0.1
199,ideal_large_dense,"Ideal: large, dense",200,tuned_level,0.03
199,ideal_large_dense,"Ideal: large, dense",200,tuned_level_slope,0.1
1000180,ideal_small_dense,"Ideal: small, dense",181,tuned_level,0.03
1000180,ideal_small_dense,"Ideal: small, dense",181,tuned_level_slope,0.1
1000181,ideal_small_dense,"Ideal: small, dense",182,tuned_level,0.03
1000181,ideal_small_dense,"Ideal: small, dense",182,tuned_level_slope,0.1
1000182,ideal_small_dense,"Ideal: small, dense",183,tuned_level,0.03
1000182,ideal_small_dense,"Ideal: small, dense",183,tuned_level_slope,0.1
1000183,ideal_small_dense,"Ideal: small, dense",184,tuned_level,0.03
1000183,ideal_small_dense,"Ideal: small, dense",184,tuned_level_slope,0.1
1000184,ideal_small_dense,"Ideal: small, dense",185,tuned_level,0.03
1000184,ideal_small_dense,"Ideal: small, dense",185,tuned_level_slope,0.1
1000185,ideal_small_dense,"Ideal: small, dense",186,tuned_level,0.03
1000185,ideal_small_dense,"Ideal: small, dense",186,tuned_level_slope,0.1
1000186,ideal_small_dense,"Ideal: small, dense",187,tuned_level,0.03
1000186,ideal_small_dense,"Ideal: small, dense",187,tuned_level_slope,0.1
1000187,ideal_small_dense,"Ideal: small, dense",188,tuned_level,0.03
1000187,ideal_small_dense,"Ideal: small, dense",188,tuned_level_slope,0.1
1000188,ideal_small_dense,"Ideal: small, dense",189,tuned_level,0.03
1000188,ideal_small_dense,"Ideal: small, dense",189,tuned_level_slope,0.1
1000189,ideal_small_dense,"Ideal: small, dense",190,tuned_level,0.03
1000189,ideal_small_dense,"Ideal: small, dense",190,tuned_level_slope,0.1
1000190,ideal_small_dense,"Ideal: small, dense",191,tuned_level,0.0
1000190,ideal_small_dense,"Ideal: small, dense",191,tuned_level_slope,0.1
1000191,ideal_small_dense,"Ideal: small, dense",192,tuned_level,0.03
1000191,ideal_small_dense,"Ideal: small, dense",192,tuned_level_slope,0.1
1000192,ideal_small_dense,"Ideal: small, dense",193,tuned_level,0.1
1000192,ideal_small_dense,"Ideal: small, dense",193,tuned_level_slope,0.1
1000193,ideal_small_dense,"Ideal: small, dense",194,tuned_level,0.03
1000193,ideal_small_dense,"Ideal: small, dense",194,tuned_level_slope,0.1
1000194,ideal_small_dense,"Ideal: small, dense",195,tuned_level,0.0
1000194,ideal_small_dense,"Ideal: small, dense",195,tuned_level_slope,0.1
1000195,ideal_small_dense,"Ideal: small, dense",196,tuned_level,0.03
1000195,ideal_small_dense,"Ideal: small, dense",196,tuned_level_slope,0.1
1000196,ideal_small_dense,"Ideal: small, dense",197,tuned_level,0.03
1000196,ideal_small_dense,"Ideal: small, dense",197,tuned_level_slope,0.1
1000197,ideal_small_dense,"Ideal: small, dense",198,tuned_level,0.0
1000197,ideal_small_dense,"Ideal: small, dense",198,tuned_level_slope,0.1
1000198,ideal_small_dense,"Ideal: small, dense",199,tuned_level,0.03
1000198,ideal_small_dense,"Ideal: small, dense",199,tuned_level_slope,0.1
1000199,ideal_small_dense,"Ideal: small, dense",200,tuned_level,0.03
1000199,ideal_small_dense,"Ideal: small, dense",200,tuned_level_slope,0.1
2000180,ideal_large_sparse,"Ideal: large, sparse",181,tuned_level,0.03
2000180,ideal_large_sparse,"Ideal: large, sparse",181,tuned_level_slope,0.1
2000181,ideal_large_sparse,"Ideal: large, sparse",182,tuned_level,0.03
2000181,ideal_large_sparse,"Ideal: large, sparse",182,tuned_level_slope,0.1
2000182,ideal_large_sparse,"Ideal: large, sparse",183,tuned_level,0.03
2000182,ideal_large_sparse,"Ideal: large, sparse",183,tuned_level_slope,0.1
2000183,ideal_large_sparse,"Ideal: large, sparse",184,tuned_level,0.03
2000183,ideal_large_sparse,"Ideal: large, sparse",184,tuned_level_slope,0.1
2000184,ideal_large_sparse,"Ideal: large, sparse",185,tuned_level,0.03
2000184,ideal_large_sparse,"Ideal: large, sparse",185,tuned_level_slope,0.1
2000185,ideal_large_sparse,"Ideal: large, sparse",186,tuned_level,0.1
2000185,ideal_large_sparse,"Ideal: large, sparse",186,tuned_level_slope,0.1
2000186,ideal_large_sparse,"Ideal: large, sparse",187,tuned_level,0.1
2000186,ideal_large_sparse,"Ideal: large, sparse",187,tuned_level_slope,0.1
2000187,ideal_large_sparse,"Ideal: large, sparse",188,tuned_level,0.03
2000187,ideal_large_sparse,"Ideal: large, sparse",188,tuned_level_slope,0.1
2000188,ideal_large_sparse,"Ideal: large, sparse",189,tuned_level,0.1
2000188,ideal_large_sparse,"Ideal: large, sparse",189,tuned_level_slope,0.1
2000189,ideal_large_sparse,"Ideal: large, sparse",190,tuned_level,0.1
2000189,ideal_large_sparse,"Ideal: large, sparse",190,tuned_level_slope,0.1
2000190,ideal_large_sparse,"Ideal: large, sparse",191,tuned_level,0.03
2000190,ideal_large_sparse,"Ideal: large, sparse",191,tuned_level_slope,0.1
2000191,ideal_large_sparse,"Ideal: large, sparse",192,tuned_level,0.03
2000191,ideal_large_sparse,"Ideal: large, sparse",192,tuned_level_slope,0.1
2000192,ideal_large_sparse,"Ideal: large, sparse",193,tuned_level,0.03
2000192,ideal_large_sparse,"Ideal: large, sparse",193,tuned_level_slope,0.1
2000193,ideal_large_sparse,"Ideal: large, sparse",194,tuned_level,0.03
2000193,ideal_large_sparse,"Ideal: large, sparse",194,tuned_level_slope,0.1
2000194,ideal_large_sparse,"Ideal: large, sparse",195,tuned_level,0.03
2000194,ideal_large_sparse,"Ideal: large, sparse",195,tuned_level_slope,0.1
2000195,ideal_large_sparse,"Ideal: large, sparse",196,tuned_level,0.03
2000195,ideal_large_sparse,"Ideal: large, sparse",196,tuned_level_slope,0.1
2000196,ideal_large_sparse,"Ideal: large, sparse",197,tuned_level,0.03
2000196,ideal_large_sparse,"Ideal: large, sparse",197,tuned_level_slope,0.1
2000197,ideal_large_sparse,"Ideal: large, sparse",198,tuned_level,0.03
2000197,ideal_large_sparse,"Ideal: large, sparse",198,tuned_level_slope,0.1
2000198,ideal_large_sparse,"Ideal: large, sparse",199,tuned_level,0.03
2000198,ideal_large_sparse,"Ideal: large, sparse",199,tuned_level_slope,0.1
2000199,ideal_large_sparse,"Ideal: large, sparse",200,tuned_level,0.03
2000199,ideal_large_sparse,"Ideal: large, sparse",200,tuned_level_slope,0.1
3000180,serial_dependence,Serial dependence,181,tuned_level,0.03
3000180,serial_dependence,Serial dependence,181,tuned_level_slope,0.1
3000181,serial_dependence,Serial dependence,182,tuned_level,0.03
3000181,serial_dependence,Serial dependence,182,tuned_level_slope,0.1
3000182,serial_dependence,Serial dependence,183,tuned_level,0.1
3000182,serial_dependence,Serial dependence,183,tuned_level_slope,0.1
3000183,serial_dependence,Serial dependence,184,tuned_level,0.1
3000183,serial_dependence,Serial dependence,184,tuned_level_slope,0.1
3000184,serial_dependence,Serial dependence,185,tuned_level,0.1
3000184,serial_dependence,Serial dependence,185,tuned_level_slope,0.1
3000185,serial_dependence,Serial dependence,186,tuned_level,0.1
3000185,serial_dependence,Serial dependence,186,tuned_level_slope,0.1
3000186,serial_dependence,Serial dependence,187,tuned_level,0.1
3000186,serial_dependence,Serial dependence,187,tuned_level_slope,0.1
3000187,serial_dependence,Serial dependence,188,tuned_level,0.03
3000187,serial_dependence,Serial dependence,188,tuned_level_slope,0.1
3000188,serial_dependence,Serial dependence,189,tuned_level,0.1
3000188,serial_dependence,Serial dependence,189,tuned_level_slope,0.1
3000189,serial_dependence,Serial dependence,190,tuned_level,0.03
3000189,serial_dependence,Serial dependence,190,tuned_level_slope,0.1
3000190,serial_dependence,Serial dependence,191,tuned_level,0.1
3000190,serial_dependence,Serial dependence,191,tuned_level_slope,0.1
3000191,serial_dependence,Serial dependence,192,tuned_level,0.1
3000191,serial_dependence,Serial dependence,192,tuned_level_slope,0.1
3000192,serial_dependence,Serial dependence,193,tuned_level,0.1
3000192,serial_dependence,Serial dependence,193,tuned_level_slope,0.1
3000193,serial_dependence,Serial dependence,194,tuned_level,0.03
3000193,serial_dependence,Serial dependence,194,tuned_level_slope,0.1
3000194,serial_dependence,Serial dependence,195,tuned_level,0.03
3000194,serial_dependence,Serial dependence,195,tuned_level_slope,0.1
3000195,serial_dependence,Serial dependence,196,tuned_level,0.1
3000195,serial_dependence,Serial dependence,196,tuned_level_slope,0.1
3000196,serial_dependence,Serial dependence,197,tuned_level,0.03
3000196,serial_dependence,Serial dependence,197,tuned_level_slope,0.1
3000197,serial_dependence,Serial dependence,198,tuned_level,0.03
3000197,serial_dependence,Serial dependence,198,tuned_level_slope,0.1
3000198,serial_dependence,Serial dependence,199,tuned_level,0.03
3000198,serial_dependence,Serial dependence,199,tuned_level_slope,0.1
3000199,serial_dependence,Serial dependence,200,tuned_level,0.1
3000199,serial_dependence,Serial dependence,200,tuned_level_slope,0.1
4000180,discrete_map_rounding,Integer MAP rounding,181,tuned_level,0.0
4000180,discrete_map_rounding,Integer MAP rounding,181,tuned_level_slope,0.1
4000181,discrete_map_rounding,Integer MAP rounding,182,tuned_level,0.1
4000181,discrete_map_rounding,Integer MAP rounding,182,tuned_level_slope,0.1
4000182,discrete_map_rounding,Integer MAP rounding,183,tuned_level,0.03
4000182,discrete_map_rounding,Integer MAP rounding,183,tuned_level_slope,0.1
4000183,discrete_map_rounding,Integer MAP rounding,184,tuned_level,0.03
4000183,discrete_map_rounding,Integer MAP rounding,184,tuned_level_slope,0.1
4000184,discrete_map_rounding,Integer MAP rounding,185,tuned_level,0.03
4000184,discrete_map_rounding,Integer MAP rounding,185,tuned_level_slope,0.1
4000185,discrete_map_rounding,Integer MAP rounding,186,tuned_level,0.03
4000185,discrete_map_rounding,Integer MAP rounding,186,tuned_level_slope,0.1
4000186,discrete_map_rounding,Integer MAP rounding,187,tuned_level,0.03
4000186,discrete_map_rounding,Integer MAP rounding,187,tuned_level_slope,0.1
4000187,discrete_map_rounding,Integer MAP rounding,188,tuned_level,0.03
4000187,discrete_map_rounding,Integer MAP rounding,188,tuned_level_slope,0.1
4000188,discrete_map_rounding,Integer MAP rounding,189,tuned_level,0.03
4000188,discrete_map_rounding,Integer MAP rounding,189,tuned_level_slope,0.1
4000189,discrete_map_rounding,Integer MAP rounding,190,tuned_level,0.03
4000189,discrete_map_rounding,Integer MAP rounding,190,tuned_level_slope,0.1
4000190,discrete_map_rounding,Integer MAP rounding,191,tuned_level,0.03
4000190,discrete_map_rounding,Integer MAP rounding,191,tuned_level_slope,0.1
4000191,discrete_map_rounding,Integer MAP rounding,192,tuned_level,0.03
4000191,discrete_map_rounding,Integer MAP rounding,192,tuned_level_slope,0.1
4000192,discrete_map_rounding,Integer MAP rounding,193,tuned_level,0.1
4000192,discrete_map_rounding,Integer MAP rounding,193,tuned_level_slope,0.1
4000193,discrete_map_rounding,Integer MAP rounding,194,tuned_level,0.0
4000193,discrete_map_rounding,Integer MAP rounding,194,tuned_level_slope,0.1
4000194,discrete_map_rounding,Integer MAP rounding,195,tuned_level,0.03
4000194,discrete_map_rounding,Integer MAP rounding,195,tuned_level_slope,0.1
4000195,discrete_map_rounding,Integer MAP rounding,196,tuned_level,0.03
4000195,discrete_map_rounding,Integer MAP rounding,196,tuned_level_slope,0.1
4000196,discrete_map_rounding,Integer MAP rounding,197,tuned_level,0.03
4000196,discrete_map_rounding,Integer MAP rounding,197,tuned_level_slope,0.1
4000197,discrete_map_rounding,Integer MAP rounding,198,tuned_level,0.03
4000197,discrete_map_rounding,Integer MAP rounding,198,tuned_level_slope,0.1
4000198,discrete_map_rounding,Integer MAP rounding,199,tuned_level,0.1
4000198,discrete_map_rounding,Integer MAP rounding,199,tuned_level_slope,0.1
4000199,discrete_map_rounding,Integer MAP rounding,200,tuned_level,0.0
4000199,discrete_map_rounding,Integer MAP rounding,200,tuned_level_slope,0.1
5000180,informative_monitoring,Informative monitoring,181,tuned_level,0.03
5000180,informative_monitoring,Informative monitoring,181,tuned_level_slope,0.1
5000181,informative_monitoring,Informative monitoring,182,tuned_level,0.03
5000181,informative_monitoring,Informative monitoring,182,tuned_level_slope,0.1
5000182,informative_monitoring,Informative monitoring,183,tuned_level,0.03
5000182,informative_monitoring,Informative monitoring,183,tuned_level_slope,0.1
5000183,informative_monitoring,Informative monitoring,184,tuned_level,0.03
5000183,informative_monitoring,Informative monitoring,184,tuned_level_slope,0.1
5000184,informative_monitoring,Informative monitoring,185,tuned_level,0.03
5000184,informative_monitoring,Informative monitoring,185,tuned_level_slope,0.1
5000185,informative_monitoring,Informative monitoring,186,tuned_level,0.03
5000185,informative_monitoring,Informative monitoring,186,tuned_level_slope,0.1
5000186,informative_monitoring,Informative monitoring,187,tuned_level,0.03
5000186,informative_monitoring,Informative monitoring,187,tuned_level_slope,0.1
5000187,informative_monitoring,Informative monitoring,188,tuned_level,0.03
5000187,informative_monitoring,Informative monitoring,188,tuned_level_slope,0.1
5000188,informative_monitoring,Informative monitoring,189,tuned_level,0.03
5000188,informative_monitoring,Informative monitoring,189,tuned_level_slope,0.1
5000189,informative_monitoring,Informative monitoring,190,tuned_level,0.03
5000189,informative_monitoring,Informative monitoring,190,tuned_level_slope,0.1
5000190,informative_monitoring,Informative monitoring,191,tuned_level,0.03
5000190,informative_monitoring,Informative monitoring,191,tuned_level_slope,0.1
5000191,informative_monitoring,Informative monitoring,192,tuned_level,0.03
5000191,informative_monitoring,Informative monitoring,192,tuned_level_slope,0.1
5000192,informative_monitoring,Informative monitoring,193,tuned_level,0.03
5000192,informative_monitoring,Informative monitoring,193,tuned_level_slope,0.1
5000193,informative_monitoring,Informative monitoring,194,tuned_level,0.03
5000193,informative_monitoring,Informative monitoring,194,tuned_level_slope,0.1
5000194,informative_monitoring,Informative monitoring,195,tuned_level,0.03
5000194,informative_monitoring,Informative monitoring,195,tuned_level_slope,0.1
5000195,informative_monitoring,Informative monitoring,196,tuned_level,0.03
5000195,informative_monitoring,Informative monitoring,196,tuned_level_slope,0.1
5000196,informative_monitoring,Informative monitoring,197,tuned_level,0.03
5000196,informative_monitoring,Informative monitoring,197,tuned_level_slope,0.1
5000197,informative_monitoring,Informative monitoring,198,tuned_level,0.03
5000197,informative_monitoring,Informative monitoring,198,tuned_level_slope,0.1
5000198,informative_monitoring,Informative monitoring,199,tuned_level,0.03
5000198,informative_monitoring,Informative monitoring,199,tuned_level_slope,0.1
5000199,informative_monitoring,Informative monitoring,200,tuned_level,0.03
5000199,informative_monitoring,Informative monitoring,200,tuned_level_slope,0.1
6000180,cluster_size_informative,Cluster size--level association,181,tuned_level,0.03
6000180,cluster_size_informative,Cluster size--level association,181,tuned_level_slope,0.1
6000181,cluster_size_informative,Cluster size--level association,182,tuned_level,0.03
6000181,cluster_size_informative,Cluster size--level association,182,tuned_level_slope,0.1
6000182,cluster_size_informative,Cluster size--level association,183,tuned_level,0.03
6000182,cluster_size_informative,Cluster size--level association,183,tuned_level_slope,0.1
6000183,cluster_size_informative,Cluster size--level association,184,tuned_level,0.03
6000183,cluster_size_informative,Cluster size--level association,184,tuned_level_slope,0.1
6000184,cluster_size_informative,Cluster size--level association,185,tuned_level,0.03
6000184,cluster_size_informative,Cluster size--level association,185,tuned_level_slope,0.1
6000185,cluster_size_informative,Cluster size--level association,186,tuned_level,0.03
6000185,cluster_size_informative,Cluster size--level association,186,tuned_level_slope,0.1
6000186,cluster_size_informative,Cluster size--level association,187,tuned_level,0.03
6000186,cluster_size_informative,Cluster size--level association,187,tuned_level_slope,0.1
6000187,cluster_size_informative,Cluster size--level association,188,tuned_level,0.03
6000187,cluster_size_informative,Cluster size--level association,188,tuned_level_slope,0.1
6000188,cluster_size_informative,Cluster size--level association,189,tuned_level,0.03
6000188,cluster_size_informative,Cluster size--level association,189,tuned_level_slope,0.1
6000189,cluster_size_informative,Cluster size--level association,190,tuned_level,0.0
6000189,cluster_size_informative,Cluster size--level association,190,tuned_level_slope,0.1
6000190,cluster_size_informative,Cluster size--level association,191,tuned_level,0.03
6000190,cluster_size_informative,Cluster size--level association,191,tuned_level_slope,0.1
6000191,cluster_size_informative,Cluster size--level association,192,tuned_level,0.0
6000191,cluster_size_informative,Cluster size--level association,192,tuned_level_slope,0.1
6000192,cluster_size_informative,Cluster size--level association,193,tuned_level,0.03
6000192,cluster_size_informative,Cluster size--level association,193,tuned_level_slope,0.1
6000193,cluster_size_informative,Cluster size--level association,194,tuned_level,0.03
6000193,cluster_size_informative,Cluster size--level association,194,tuned_level_slope,0.1
6000194,cluster_size_informative,Cluster size--level association,195,tuned_level,0.0
6000194,cluster_size_informative,Cluster size--level association,195,tuned_level_slope,0.1
6000195,cluster_size_informative,Cluster size--level association,196,tuned_level,0.03
6000195,cluster_size_informative,Cluster size--level association,196,tuned_level_slope,0.1
6000196,cluster_size_informative,Cluster size--level association,197,tuned_level,0.03
6000196,cluster_size_informative,Cluster size--level association,197,tuned_level_slope,0.1
6000197,cluster_size_informative,Cluster size--level association,198,tuned_level,0.03
6000197,cluster_size_informative,Cluster size--level association,198,tuned_level_slope,0.1
6000198,cluster_size_informative,Cluster size--level association,199,tuned_level,0.0
6000198,cluster_size_informative,Cluster size--level association,199,tuned_level_slope,0.1
6000199,cluster_size_informative,Cluster size--level association,200,tuned_level,0.0
6000199,cluster_size_informative,Cluster size--level association,200,tuned_level_slope,0.1
7000180,common_time_misspecified,Misspecified common time,181,tuned_level,0.1
7000180,common_time_misspecified,Misspecified common time,181,tuned_level_slope,0.1
7000181,common_time_misspecified,Misspecified common time,182,tuned_level,0.3
7000181,common_time_misspecified,Misspecified common time,182,tuned_level_slope,0.1
7000182,common_time_misspecified,Misspecified common time,183,tuned_level,0.3
7000182,common_time_misspecified,Misspecified common time,183,tuned_level_slope,0.1
7000183,common_time_misspecified,Misspecified common time,184,tuned_level,0.3
7000183,common_time_misspecified,Misspecified common time,184,tuned_level_slope,0.1
7000184,common_time_misspecified,Misspecified common time,185,tuned_level,0.3
7000184,common_time_misspecified,Misspecified common time,185,tuned_level_slope,0.1
7000185,common_time_misspecified,Misspecified common time,186,tuned_level,0.3
7000185,common_time_misspecified,Misspecified common time,186,tuned_level_slope,0.1
7000186,common_time_misspecified,Misspecified common time,187,tuned_level,0.1
7000186,common_time_misspecified,Misspecified common time,187,tuned_level_slope,0.1
7000187,common_time_misspecified,Misspecified common time,188,tuned_level,0.1
7000187,common_time_misspecified,Misspecified common time,188,tuned_level_slope,0.1
7000188,common_time_misspecified,Misspecified common time,189,tuned_level,0.3
7000188,common_time_misspecified,Misspecified common time,189,tuned_level_slope,0.1
7000189,common_time_misspecified,Misspecified common time,190,tuned_level,0.1
7000189,common_time_misspecified,Misspecified common time,190,tuned_level_slope,0.1
7000190,common_time_misspecified,Misspecified common time,191,tuned_level,0.3
7000190,common_time_misspecified,Misspecified common time,191,tuned_level_slope,0.1
7000191,common_time_misspecified,Misspecified common time,192,tuned_level,0.1
7000191,common_time_misspecified,Misspecified common time,192,tuned_level_slope,0.1
7000192,common_time_misspecified,Misspecified common time,193,tuned_level,0.1
7000192,common_time_misspecified,Misspecified common time,193,tuned_level_slope,0.1
7000193,common_time_misspecified,Misspecified common time,194,tuned_level,0.1
7000193,common_time_misspecified,Misspecified common time,194,tuned_level_slope,0.1
7000194,common_time_misspecified,Misspecified common time,195,tuned_level,0.1
7000194,common_time_misspecified,Misspecified common time,195,tuned_level_slope,0.1
7000195,common_time_misspecified,Misspecified common time,196,tuned_level,0.3
7000195,common_time_misspecified,Misspecified common time,196,tuned_level_slope,0.1
7000196,common_time_misspecified,Misspecified common time,197,tuned_level,0.1
7000196,common_time_misspecified,Misspecified common time,197,tuned_level_slope,0.1
7000197,common_time_misspecified,Misspecified common time,198,tuned_level,0.1
7000197,common_time_misspecified,Misspecified common time,198,tuned_level_slope,0.1
7000198,common_time_misspecified,Misspecified common time,199,tuned_level,0.1
7000198,common_time_misspecified,Misspecified common time,199,tuned_level_slope,0.1
7000199,common_time_misspecified,Misspecified common time,200,tuned_level,0.1
7000199,common_time_misspecified,Misspecified common time,200,tuned_level_slope,0.1
8000180,level_plus_shape,Persistent level plus shape,181,tuned_level,1.0
8000180,level_plus_shape,Persistent level plus shape,181,tuned_level_slope,0.3
8000181,level_plus_shape,Persistent level plus shape,182,tuned_level,1.0
8000181,level_plus_shape,Persistent level plus shape,182,tuned_level_slope,0.3
8000182,level_plus_shape,Persistent level plus shape,183,tuned_level,1.0
8000182,level_plus_shape,Persistent level plus shape,183,tuned_level_slope,1.0
8000183,level_plus_shape,Persistent level plus shape,184,tuned_level,10.0
8000183,level_plus_shape,Persistent level plus shape,184,tuned_level_slope,1.0
8000184,level_plus_shape,Persistent level plus shape,185,tuned_level,0.3
8000184,level_plus_shape,Persistent level plus shape,185,tuned_level_slope,0.3
8000185,level_plus_shape,Persistent level plus shape,186,tuned_level,10.0
8000185,level_plus_shape,Persistent level plus shape,186,tuned_level_slope,3.0
8000186,level_plus_shape,Persistent level plus shape,187,tuned_level,10.0
8000186,level_plus_shape,Persistent level plus shape,187,tuned_level_slope,0.1
8000187,level_plus_shape,Persistent level plus shape,188,tuned_level,1.0
8000187,level_plus_shape,Persistent level plus shape,188,tuned_level_slope,0.3
8000188,level_plus_shape,Persistent level plus shape,189,tuned_level,1.0
8000188,level_plus_shape,Persistent level plus shape,189,tuned_level_slope,0.3
8000189,level_plus_shape,Persistent level plus shape,190,tuned_level,1.0
8000189,level_plus_shape,Persistent level plus shape,190,tuned_level_slope,0.3
8000190,level_plus_shape,Persistent level plus shape,191,tuned_level,0.3
8000190,level_plus_shape,Persistent level plus shape,191,tuned_level_slope,0.1
8000191,level_plus_shape,Persistent level plus shape,192,tuned_level,1.0
8000191,level_plus_shape,Persistent level plus shape,192,tuned_level_slope,0.3
8000192,level_plus_shape,Persistent level plus shape,193,tuned_level,1.0
8000192,level_plus_shape,Persistent level plus shape,193,tuned_level_slope,0.1
8000193,level_plus_shape,Persistent level plus shape,194,tuned_level,0.3
8000193,level_plus_shape,Persistent level plus shape,194,tuned_level_slope,0.1
8000194,level_plus_shape,Persistent level plus shape,195,tuned_level,3.0
8000194,level_plus_shape,Persistent level plus shape,195,tuned_level_slope,1.0
8000195,level_plus_shape,Persistent level plus shape,196,tuned_level,3.0
8000195,level_plus_shape,Persistent level plus shape,196,tuned_level_slope,3.0
8000196,level_plus_shape,Persistent level plus shape,197,tuned_level,3.0
8000196,level_plus_shape,Persistent level plus shape,197,tuned_level_slope,1.0
8000197,level_plus_shape,Persistent level plus shape,198,tuned_level,10.0
8000197,level_plus_shape,Persistent level plus shape,198,tuned_level_slope,1.0
8000198,level_plus_shape,Persistent level plus shape,199,tuned_level,1.0
8000198,level_plus_shape,Persistent level plus shape,199,tuned_level_slope,0.3
8000199,level_plus_shape,Persistent level plus shape,200,tuned_level,1.0
8000199,level_plus_shape,Persistent level plus shape,200,tuned_level_slope,0.3
9000180,treatment_feedback,Treatment feedback,181,tuned_level,0.1
9000180,treatment_feedback,Treatment feedback,181,tuned_level_slope,0.1
9000181,treatment_feedback,Treatment feedback,182,tuned_level,0.03
9000181,treatment_feedback,Treatment feedback,182,tuned_level_slope,0.1
9000182,treatment_feedback,Treatment feedback,183,tuned_level,0.1
9000182,treatment_feedback,Treatment feedback,183,tuned_level_slope,0.1
9000183,treatment_feedback,Treatment feedback,184,tuned_level,0.03
9000183,treatment_feedback,Treatment feedback,184,tuned_level_slope,0.1
9000184,treatment_feedback,Treatment feedback,185,tuned_level,0.03
9000184,treatment_feedback,Treatment feedback,185,tuned_level_slope,0.1
9000185,treatment_feedback,Treatment feedback,186,tuned_level,0.1
9000185,treatment_feedback,Treatment feedback,186,tuned_level_slope,0.1
9000186,treatment_feedback,Treatment feedback,187,tuned_level,0.1
9000186,treatment_feedback,Treatment feedback,187,tuned_level_slope,0.1
9000187,treatment_feedback,Treatment feedback,188,tuned_level,0.03
9000187,treatment_feedback,Treatment feedback,188,tuned_level_slope,0.1
9000188,treatment_feedback,Treatment feedback,189,tuned_level,0.03
9000188,treatment_feedback,Treatment feedback,189,tuned_level_slope,0.1
9000189,treatment_feedback,Treatment feedback,190,tuned_level,0.03
9000189,treatment_feedback,Treatment feedback,190,tuned_level_slope,0.1
9000190,treatment_feedback,Treatment feedback,191,tuned_level,0.03
9000190,treatment_feedback,Treatment feedback,191,tuned_level_slope,0.1
9000191,treatment_feedback,Treatment feedback,192,tuned_level,0.03
9000191,treatment_feedback,Treatment feedback,192,tuned_level_slope,0.1
9000192,treatment_feedback,Treatment feedback,193,tuned_level,0.1
9000192,treatment_feedback,Treatment feedback,193,tuned_level_slope,0.1
9000193,treatment_feedback,Treatment feedback,194,tuned_level,0.03
9000193,treatment_feedback,Treatment feedback,194,tuned_level_slope,0.1
9000194,treatment_feedback,Treatment feedback,195,tuned_level,0.1
9000194,treatment_feedback,Treatment feedback,195,tuned_level_slope,0.1
9000195,treatment_feedback,Treatment feedback,196,tuned_level,0.03
9000195,treatment_feedback,Treatment feedback,196,tuned_level_slope,0.1
9000196,treatment_feedback,Treatment feedback,197,tuned_level,0.03
9000196,treatment_feedback,Treatment feedback,197,tuned_level_slope,0.1
9000197,treatment_feedback,Treatment feedback,198,tuned_level,0.03
9000197,treatment_feedback,Treatment feedback,198,tuned_level_slope,0.1
9000198,treatment_feedback,Treatment feedback,199,tuned_level,0.03
9000198,treatment_feedback,Treatment feedback,199,tuned_level_slope,0.1
9000199,treatment_feedback,Treatment feedback,200,tuned_level,0.1
9000199,treatment_feedback,Treatment feedback,200,tuned_level_slope,0.1
10000180,transient_nonpersistent,Transient non-persistence,181,tuned_level,10.0
10000180,transient_nonpersistent,Transient non-persistence,181,tuned_level_slope,10.0
10000181,transient_nonpersistent,Transient non-persistence,182,tuned_level,10.0
10000181,transient_nonpersistent,Transient non-persistence,182,tuned_level_slope,10.0
10000182,transient_nonpersistent,Transient non-persistence,183,tuned_level,10.0
10000182,transient_nonpersistent,Transient non-persistence,183,tuned_level_slope,10.0
10000183,transient_nonpersistent,Transient non-persistence,184,tuned_level,10.0
10000183,transient_nonpersistent,Transient non-persistence,184,tuned_level_slope,10.0
10000184,transient_nonpersistent,Transient non-persistence,185,tuned_level,10.0
10000184,transient_nonpersistent,Transient non-persistence,185,tuned_level_slope,10.0
10000185,transient_nonpersistent,Transient non-persistence,186,tuned_level,10.0
10000185,transient_nonpersistent,Transient non-persistence,186,tuned_level_slope,10.0
10000186,transient_nonpersistent,Transient non-persistence,187,tuned_level,10.0
10000186,transient_nonpersistent,Transient non-persistence,187,tuned_level_slope,10.0
10000187,transient_nonpersistent,Transient non-persistence,188,tuned_level,10.0
10000187,transient_nonpersistent,Transient non-persistence,188,tuned_level_slope,10.0
10000188,transient_nonpersistent,Transient non-persistence,189,tuned_level,10.0
10000188,transient_nonpersistent,Transient non-persistence,189,tuned_level_slope,10.0
10000189,transient_nonpersistent,Transient non-persistence,190,tuned_level,10.0
10000189,transient_nonpersistent,Transient non-persistence,190,tuned_level_slope,10.0
10000190,transient_nonpersistent,Transient non-persistence,191,tuned_level,10.0
10000190,transient_nonpersistent,Transient non-persistence,191,tuned_level_slope,10.0
10000191,transient_nonpersistent,Transient non-persistence,192,tuned_level,10.0
10000191,transient_nonpersistent,Transient non-persistence,192,tuned_level_slope,10.0
10000192,transient_nonpersistent,Transient non-persistence,193,tuned_level,3.0
10000192,transient_nonpersistent,Transient non-persistence,193,tuned_level_slope,1.0
10000193,transient_nonpersistent,Transient non-persistence,194,tuned_level,10.0
10000193,transient_nonpersistent,Transient non-persistence,194,tuned_level_slope,10.0
10000194,transient_nonpersistent,Transient non-persistence,195,tuned_level,10.0
10000194,transient_nonpersistent,Transient non-persistence,195,tuned_level_slope,10.0
10000195,transient_nonpersistent,Transient non-persistence,196,tuned_level,10.0
10000195,transient_nonpersistent,Transient non-persistence,196,tuned_level_slope,0.3
10000196,transient_nonpersistent,Transient non-persistence,197,tuned_level,10.0
10000196,transient_nonpersistent,Transient non-persistence,197,tuned_level_slope,10.0
10000197,transient_nonpersistent,Transient non-persistence,198,tuned_level,10.0
10000197,transient_nonpersistent,Transient non-persistence,198,tuned_level_slope,10.0
10000198,transient_nonpersistent,Transient non-persistence,199,tuned_level,10.0
10000198,transient_nonpersistent,Transient non-persistence,199,tuned_level_slope,3.0
10000199,transient_nonpersistent,Transient non-persistence,200,tuned_level,10.0
10000199,transient_nonpersistent,Transient non-persistence,200,tuned_level_slope,10.0
11000000,null_serial,Pure null with serial dependence,1,tuned_level,10.0
11000000,null_serial,Pure null with serial dependence,1,tuned_level_slope,10.0
11000001,null_serial,Pure null with serial dependence,2,tuned_level,10.0
11000001,null_serial,Pure null with serial dependence,2,tuned_level_slope,1.0
11000002,null_serial,Pure null with serial dependence,3,tuned_level,10.0
11000002,null_serial,Pure null with serial dependence,3,tuned_level_slope,10.0
11000003,null_serial,Pure null with serial dependence,4,tuned_level,1.0
11000003,null_serial,Pure null with serial dependence,4,tuned_level_slope,1.0
11000004,null_serial,Pure null with serial dependence,5,tuned_level,10.0
11000004,null_serial,Pure null with serial dependence,5,tuned_level_slope,10.0
11000005,null_serial,Pure null with serial dependence,6,tuned_level,10.0
11000005,null_serial,Pure null with serial dependence,6,tuned_level_slope,10.0
11000006,null_serial,Pure null with serial dependence,7,tuned_level,10.0
11000006,null_serial,Pure null with serial dependence,7,tuned_level_slope,1.0
11000007,null_serial,Pure null with serial dependence,8,tuned_level,3.0
11000007,null_serial,Pure null with serial dependence,8,tuned_level_slope,3.0
11000008,null_serial,Pure null with serial dependence,9,tuned_level,10.0
11000008,null_serial,Pure null with serial dependence,9,tuned_level_slope,10.0
11000009,null_serial,Pure null with serial dependence,10,tuned_level,1.0
11000009,null_serial,Pure null with serial dependence,10,tuned_level_slope,1.0
11000010,null_serial,Pure null with serial dependence,11,tuned_level,1.0
11000010,null_serial,Pure null with serial dependence,11,tuned_level_slope,1.0
11000011,null_serial,Pure null with serial dependence,12,tuned_level,1.0
11000011,null_serial,Pure null with serial dependence,12,tuned_level_slope,1.0
11000012,null_serial,Pure null with serial dependence,13,tuned_level,3.0
11000012,null_serial,Pure null with serial dependence,13,tuned_level_slope,10.0
11000013,null_serial,Pure null with serial dependence,14,tuned_level,1.0
11000013,null_serial,Pure null with serial dependence,14,tuned_level_slope,1.0
11000014,null_serial,Pure null with serial dependence,15,tuned_level,10.0
11000014,null_serial,Pure null with serial dependence,15,tuned_level_slope,10.0
11000015,null_serial,Pure null with serial dependence,16,tuned_level,10.0
11000015,null_serial,Pure null with serial dependence,16,tuned_level_slope,10.0
11000016,null_serial,Pure null with serial dependence,17,tuned_level,10.0
11000016,null_serial,Pure null with serial dependence,17,tuned_level_slope,10.0
11000017,null_serial,Pure null with serial dependence,18,tuned_level,10.0
11000017,null_serial,Pure null with serial dependence,18,tuned_level_slope,10.0
11000018,null_serial,Pure null with serial dependence,19,tuned_level,1.0
11000018,null_serial,Pure null with serial dependence,19,tuned_level_slope,1.0
11000019,null_serial,Pure null with serial dependence,20,tuned_level,10.0
11000019,null_serial,Pure null with serial dependence,20,tuned_level_slope,10.0
11000020,null_serial,Pure null with serial dependence,21,tuned_level,10.0
11000020,null_serial,Pure null with serial dependence,21,tuned_level_slope,10.0
11000021,null_serial,Pure null with serial dependence,22,tuned_level,10.0
11000021,null_serial,Pure null with serial dependence,22,tuned_level_slope,10.0
11000022,null_serial,Pure null with serial dependence,23,tuned_level,1.0
11000022,null_serial,Pure null with serial dependence,23,tuned_level_slope,1.0
11000023,null_serial,Pure null with serial dependence,24,tuned_level,10.0
11000023,null_serial,Pure null with serial dependence,24,tuned_level_slope,10.0
11000024,null_serial,Pure null with serial dependence,25,tuned_level,10.0
11000024,null_serial,Pure null with serial dependence,25,tuned_level_slope,10.0
11000025,null_serial,Pure null with serial dependence,26,tuned_level,3.0
11000025,null_serial,Pure null with serial dependence,26,tuned_level_slope,1.0
11000026,null_serial,Pure null with serial dependence,27,tuned_level,10.0
11000026,null_serial,Pure null with serial dependence,27,tuned_level_slope,10.0
11000027,null_serial,Pure null with serial dependence,28,tuned_level,3.0
11000027,null_serial,Pure null with serial dependence,28,tuned_level_slope,1.0
11000028,null_serial,Pure null with serial dependence,29,tuned_level,1.0
11000028,null_serial,Pure null with serial dependence,29,tuned_level_slope,1.0
11000029,null_serial,Pure null with serial dependence,30,tuned_level,0.3
11000029,null_serial,Pure null with serial dependence,30,tuned_level_slope,0.3
11000030,null_serial,Pure null with serial dependence,31,tuned_level,0.3
11000030,null_serial,Pure null with serial dependence,31,tuned_level_slope,0.3
11000031,null_serial,Pure null with serial dependence,32,tuned_level,10.0
11000031,null_serial,Pure null with serial dependence,32,tuned_level_slope,10.0
11000032,null_serial,Pure null with serial dependence,33,tuned_level,10.0
11000032,null_serial,Pure null with serial dependence,33,tuned_level_slope,3.0
11000033,null_serial,Pure null with serial dependence,34,tuned_level,10.0
11000033,null_serial,Pure null with serial dependence,34,tuned_level_slope,10.0
11000034,null_serial,Pure null with serial dependence,35,tuned_level,1.0
11000034,null_serial,Pure null with serial dependence,35,tuned_level_slope,1.0
11000035,null_serial,Pure null with serial dependence,36,tuned_level,10.0
11000035,null_serial,Pure null with serial dependence,36,tuned_level_slope,10.0
11000036,null_serial,Pure null with serial dependence,37,tuned_level,1.0
11000036,null_serial,Pure null with serial dependence,37,tuned_level_slope,1.0
11000037,null_serial,Pure null with serial dependence,38,tuned_level,3.0
11000037,null_serial,Pure null with serial dependence,38,tuned_level_slope,3.0
11000038,null_serial,Pure null with serial dependence,39,tuned_level,1.0
11000038,null_serial,Pure null with serial dependence,39,tuned_level_slope,1.0
11000039,null_serial,Pure null with serial dependence,40,tuned_level,10.0
11000039,null_serial,Pure null with serial dependence,40,tuned_level_slope,10.0
11000040,null_serial,Pure null with serial dependence,41,tuned_level,1.0
11000040,null_serial,Pure null with serial dependence,41,tuned_level_slope,1.0
11000041,null_serial,Pure null with serial dependence,42,tuned_level,1.0
11000041,null_serial,Pure null with serial dependence,42,tuned_level_slope,3.0
11000042,null_serial,Pure null with serial dependence,43,tuned_level,10.0
11000042,null_serial,Pure null with serial dependence,43,tuned_level_slope,10.0
11000043,null_serial,Pure null with serial dependence,44,tuned_level,10.0
11000043,null_serial,Pure null with serial dependence,44,tuned_level_slope,1.0
11000044,null_serial,Pure null with serial dependence,45,tuned_level,10.0
11000044,null_serial,Pure null with serial dependence,45,tuned_level_slope,1.0
11000045,null_serial,Pure null with serial dependence,46,tuned_level,10.0
11000045,null_serial,Pure null with serial dependence,46,tuned_level_slope,3.0
11000046,null_serial,Pure null with serial dependence,47,tuned_level,3.0
11000046,null_serial,Pure null with serial dependence,47,tuned_level_slope,3.0
11000047,null_serial,Pure null with serial dependence,48,tuned_level,10.0
11000047,null_serial,Pure null with serial dependence,48,tuned_level_slope,10.0
11000048,null_serial,Pure null with serial dependence,49,tuned_level,1.0
11000048,null_serial,Pure null with serial dependence,49,tuned_level_slope,1.0
11000049,null_serial,Pure null with serial dependence,50,tuned_level,1.0
11000049,null_serial,Pure null with serial dependence,50,tuned_level_slope,1.0
11000050,null_serial,Pure null with serial dependence,51,tuned_level,3.0
11000050,null_serial,Pure null with serial dependence,51,tuned_level_slope,3.0
11000051,null_serial,Pure null with serial dependence,52,tuned_level,1.0
11000051,null_serial,Pure null with serial dependence,52,tuned_level_slope,1.0
11000052,null_serial,Pure null with serial dependence,53,tuned_level,1.0
11000052,null_serial,Pure null with serial dependence,53,tuned_level_slope,1.0
11000053,null_serial,Pure null with serial dependence,54,tuned_level,10.0
11000053,null_serial,Pure null with serial dependence,54,tuned_level_slope,10.0
11000054,null_serial,Pure null with serial dependence,55,tuned_level,3.0
11000054,null_serial,Pure null with serial dependence,55,tuned_level_slope,3.0
11000055,null_serial,Pure null with serial dependence,56,tuned_level,1.0
11000055,null_serial,Pure null with serial dependence,56,tuned_level_slope,1.0
11000056,null_serial,Pure null with serial dependence,57,tuned_level,10.0
11000056,null_serial,Pure null with serial dependence,57,tuned_level_slope,10.0
11000057,null_serial,Pure null with serial dependence,58,tuned_level,10.0
11000057,null_serial,Pure null with serial dependence,58,tuned_level_slope,3.0
11000058,null_serial,Pure null with serial dependence,59,tuned_level,10.0
11000058,null_serial,Pure null with serial dependence,59,tuned_level_slope,10.0
11000059,null_serial,Pure null with serial dependence,60,tuned_level,3.0
11000059,null_serial,Pure null with serial dependence,60,tuned_level_slope,10.0
11000060,null_serial,Pure null with serial dependence,61,tuned_level,10.0
11000060,null_serial,Pure null with serial dependence,61,tuned_level_slope,10.0
11000061,null_serial,Pure null with serial dependence,62,tuned_level,3.0
11000061,null_serial,Pure null with serial dependence,62,tuned_level_slope,1.0
11000062,null_serial,Pure null with serial dependence,63,tuned_level,10.0
11000062,null_serial,Pure null with serial dependence,63,tuned_level_slope,10.0
11000063,null_serial,Pure null with serial dependence,64,tuned_level,10.0
11000063,null_serial,Pure null with serial dependence,64,tuned_level_slope,10.0
11000064,null_serial,Pure null with serial dependence,65,tuned_level,3.0
11000064,null_serial,Pure null with serial dependence,65,tuned_level_slope,1.0
11000065,null_serial,Pure null with serial dependence,66,tuned_level,10.0
11000065,null_serial,Pure null with serial dependence,66,tuned_level_slope,10.0
11000066,null_serial,Pure null with serial dependence,67,tuned_level,10.0
11000066,null_serial,Pure null with serial dependence,67,tuned_level_slope,10.0
11000067,null_serial,Pure null with serial dependence,68,tuned_level,3.0
11000067,null_serial,Pure null with serial dependence,68,tuned_level_slope,1.0
11000068,null_serial,Pure null with serial dependence,69,tuned_level,10.0
11000068,null_serial,Pure null with serial dependence,69,tuned_level_slope,10.0
11000069,null_serial,Pure null with serial dependence,70,tuned_level,10.0
11000069,null_serial,Pure null with serial dependence,70,tuned_level_slope,10.0
11000070,null_serial,Pure null with serial dependence,71,tuned_level,10.0
11000070,null_serial,Pure null with serial dependence,71,tuned_level_slope,1.0
11000071,null_serial,Pure null with serial dependence,72,tuned_level,10.0
11000071,null_serial,Pure null with serial dependence,72,tuned_level_slope,10.0
11000072,null_serial,Pure null with serial dependence,73,tuned_level,10.0
11000072,null_serial,Pure null with serial dependence,73,tuned_level_slope,10.0
11000073,null_serial,Pure null with serial dependence,74,tuned_level,10.0
11000073,null_serial,Pure null with serial dependence,74,tuned_level_slope,10.0
11000074,null_serial,Pure null with serial dependence,75,tuned_level,10.0
11000074,null_serial,Pure null with serial dependence,75,tuned_level_slope,10.0
11000075,null_serial,Pure null with serial dependence,76,tuned_level,10.0
11000075,null_serial,Pure null with serial dependence,76,tuned_level_slope,10.0
11000076,null_serial,Pure null with serial dependence,77,tuned_level,3.0
11000076,null_serial,Pure null with serial dependence,77,tuned_level_slope,3.0
11000077,null_serial,Pure null with serial dependence,78,tuned_level,10.0
11000077,null_serial,Pure null with serial dependence,78,tuned_level_slope,3.0
11000078,null_serial,Pure null with serial dependence,79,tuned_level,3.0
11000078,null_serial,Pure null with serial dependence,79,tuned_level_slope,3.0
11000079,null_serial,Pure null with serial dependence,80,tuned_level,1.0
11000079,null_serial,Pure null with serial dependence,80,tuned_level_slope,0.3
11000080,null_serial,Pure null with serial dependence,81,tuned_level,10.0
11000080,null_serial,Pure null with serial dependence,81,tuned_level_slope,10.0
11000081,null_serial,Pure null with serial dependence,82,tuned_level,10.0
11000081,null_serial,Pure null with serial dependence,82,tuned_level_slope,10.0
11000082,null_serial,Pure null with serial dependence,83,tuned_level,10.0
11000082,null_serial,Pure null with serial dependence,83,tuned_level_slope,10.0
11000083,null_serial,Pure null with serial dependence,84,tuned_level,1.0
11000083,null_serial,Pure null with serial dependence,84,tuned_level_slope,1.0
11000084,null_serial,Pure null with serial dependence,85,tuned_level,10.0
11000084,null_serial,Pure null with serial dependence,85,tuned_level_slope,10.0
11000085,null_serial,Pure null with serial dependence,86,tuned_level,1.0
11000085,null_serial,Pure null with serial dependence,86,tuned_level_slope,1.0
11000086,null_serial,Pure null with serial dependence,87,tuned_level,10.0
11000086,null_serial,Pure null with serial dependence,87,tuned_level_slope,10.0
11000087,null_serial,Pure null with serial dependence,88,tuned_level,1.0
11000087,null_serial,Pure null with serial dependence,88,tuned_level_slope,1.0
11000088,null_serial,Pure null with serial dependence,89,tuned_level,10.0
11000088,null_serial,Pure null with serial dependence,89,tuned_level_slope,10.0
11000089,null_serial,Pure null with serial dependence,90,tuned_level,3.0
11000089,null_serial,Pure null with serial dependence,90,tuned_level_slope,1.0
11000090,null_serial,Pure null with serial dependence,91,tuned_level,1.0
11000090,null_serial,Pure null with serial dependence,91,tuned_level_slope,1.0
11000091,null_serial,Pure null with serial dependence,92,tuned_level,10.0
11000091,null_serial,Pure null with serial dependence,92,tuned_level_slope,10.0
11000092,null_serial,Pure null with serial dependence,93,tuned_level,10.0
11000092,null_serial,Pure null with serial dependence,93,tuned_level_slope,10.0
11000093,null_serial,Pure null with serial dependence,94,tuned_level,1.0
11000093,null_serial,Pure null with serial dependence,94,tuned_level_slope,0.3
11000094,null_serial,Pure null with serial dependence,95,tuned_level,10.0
11000094,null_serial,Pure null with serial dependence,95,tuned_level_slope,10.0
11000095,null_serial,Pure null with serial dependence,96,tuned_level,1.0
11000095,null_serial,Pure null with serial dependence,96,tuned_level_slope,1.0
11000096,null_serial,Pure null with serial dependence,97,tuned_level,3.0
11000096,null_serial,Pure null with serial dependence,97,tuned_level_slope,1.0
11000097,null_serial,Pure null with serial dependence,98,tuned_level,1.0
11000097,null_serial,Pure null with serial dependence,98,tuned_level_slope,1.0
11000098,null_serial,Pure null with serial dependence,99,tuned_level,3.0
11000098,null_serial,Pure null with serial dependence,99,tuned_level_slope,1.0
11000099,null_serial,Pure null with serial dependence,100,tuned_level,1.0
11000099,null_serial,Pure null with serial dependence,100,tuned_level_slope,1.0
12000000,weak_level,Weak persistent level,1,tuned_level,0.3
12000000,weak_level,Weak persistent level,1,tuned_level_slope,0.3
12000001,weak_level,Weak persistent level,2,tuned_level,0.3
12000001,weak_level,Weak persistent level,2,tuned_level_slope,0.3
12000002,weak_level,Weak persistent level,3,tuned_level,0.3
12000002,weak_level,Weak persistent level,3,tuned_level_slope,0.1
12000003,weak_level,Weak persistent level,4,tuned_level,0.1
12000003,weak_level,Weak persistent level,4,tuned_level_slope,0.1
12000004,weak_level,Weak persistent level,5,tuned_level,0.1
12000004,weak_level,Weak persistent level,5,tuned_level_slope,0.1
12000005,weak_level,Weak persistent level,6,tuned_level,0.3
12000005,weak_level,Weak persistent level,6,tuned_level_slope,0.1
12000006,weak_level,Weak persistent level,7,tuned_level,0.3
12000006,weak_level,Weak persistent level,7,tuned_level_slope,0.1
12000007,weak_level,Weak persistent level,8,tuned_level,0.3
12000007,weak_level,Weak persistent level,8,tuned_level_slope,0.3
12000008,weak_level,Weak persistent level,9,tuned_level,0.3
12000008,weak_level,Weak persistent level,9,tuned_level_slope,0.3
12000009,weak_level,Weak persistent level,10,tuned_level,0.3
12000009,weak_level,Weak persistent level,10,tuned_level_slope,0.3
12000010,weak_level,Weak persistent level,11,tuned_level,0.3
12000010,weak_level,Weak persistent level,11,tuned_level_slope,0.3
12000011,weak_level,Weak persistent level,12,tuned_level,0.3
12000011,weak_level,Weak persistent level,12,tuned_level_slope,0.3
12000012,weak_level,Weak persistent level,13,tuned_level,0.3
12000012,weak_level,Weak persistent level,13,tuned_level_slope,0.3
12000013,weak_level,Weak persistent level,14,tuned_level,0.1
12000013,weak_level,Weak persistent level,14,tuned_level_slope,0.1
12000014,weak_level,Weak persistent level,15,tuned_level,0.1
12000014,weak_level,Weak persistent level,15,tuned_level_slope,0.3
12000015,weak_level,Weak persistent level,16,tuned_level,0.3
12000015,weak_level,Weak persistent level,16,tuned_level_slope,0.1
12000016,weak_level,Weak persistent level,17,tuned_level,0.3
12000016,weak_level,Weak persistent level,17,tuned_level_slope,0.3
12000017,weak_level,Weak persistent level,18,tuned_level,0.1
12000017,weak_level,Weak persistent level,18,tuned_level_slope,0.1
12000018,weak_level,Weak persistent level,19,tuned_level,0.3
12000018,weak_level,Weak persistent level,19,tuned_level_slope,0.1
12000019,weak_level,Weak persistent level,20,tuned_level,0.3
12000019,weak_level,Weak persistent level,20,tuned_level_slope,0.3
12000020,weak_level,Weak persistent level,21,tuned_level,0.1
12000020,weak_level,Weak persistent level,21,tuned_level_slope,0.1
12000021,weak_level,Weak persistent level,22,tuned_level,0.3
12000021,weak_level,Weak persistent level,22,tuned_level_slope,0.3
12000022,weak_level,Weak persistent level,23,tuned_level,0.3
12000022,weak_level,Weak persistent level,23,tuned_level_slope,0.3
12000023,weak_level,Weak persistent level,24,tuned_level,0.3
12000023,weak_level,Weak persistent level,24,tuned_level_slope,0.3
12000024,weak_level,Weak persistent level,25,tuned_level,0.3
12000024,weak_level,Weak persistent level,25,tuned_level_slope,0.3
12000025,weak_level,Weak persistent level,26,tuned_level,0.3
12000025,weak_level,Weak persistent level,26,tuned_level_slope,0.3
12000026,weak_level,Weak persistent level,27,tuned_level,0.3
12000026,weak_level,Weak persistent level,27,tuned_level_slope,0.3
12000027,weak_level,Weak persistent level,28,tuned_level,0.1
12000027,weak_level,Weak persistent level,28,tuned_level_slope,0.1
12000028,weak_level,Weak persistent level,29,tuned_level,0.1
12000028,weak_level,Weak persistent level,29,tuned_level_slope,0.1
12000029,weak_level,Weak persistent level,30,tuned_level,0.3
12000029,weak_level,Weak persistent level,30,tuned_level_slope,0.1
12000030,weak_level,Weak persistent level,31,tuned_level,0.3
12000030,weak_level,Weak persistent level,31,tuned_level_slope,0.3
12000031,weak_level,Weak persistent level,32,tuned_level,0.3
12000031,weak_level,Weak persistent level,32,tuned_level_slope,0.1
12000032,weak_level,Weak persistent level,33,tuned_level,0.3
12000032,weak_level,Weak persistent level,33,tuned_level_slope,0.3
12000033,weak_level,Weak persistent level,34,tuned_level,0.3
12000033,weak_level,Weak persistent level,34,tuned_level_slope,0.3
12000034,weak_level,Weak persistent level,35,tuned_level,0.1
12000034,weak_level,Weak persistent level,35,tuned_level_slope,0.1
12000035,weak_level,Weak persistent level,36,tuned_level,0.3
12000035,weak_level,Weak persistent level,36,tuned_level_slope,0.3
12000036,weak_level,Weak persistent level,37,tuned_level,0.3
12000036,weak_level,Weak persistent level,37,tuned_level_slope,0.3
12000037,weak_level,Weak persistent level,38,tuned_level,0.3
12000037,weak_level,Weak persistent level,38,tuned_level_slope,0.1
12000038,weak_level,Weak persistent level,39,tuned_level,0.3
12000038,weak_level,Weak persistent level,39,tuned_level_slope,0.1
12000039,weak_level,Weak persistent level,40,tuned_level,0.3
12000039,weak_level,Weak persistent level,40,tuned_level_slope,0.3
12000040,weak_level,Weak persistent level,41,tuned_level,0.1
12000040,weak_level,Weak persistent level,41,tuned_level_slope,0.1
12000041,weak_level,Weak persistent level,42,tuned_level,0.1
12000041,weak_level,Weak persistent level,42,tuned_level_slope,0.1
12000042,weak_level,Weak persistent level,43,tuned_level,0.3
12000042,weak_level,Weak persistent level,43,tuned_level_slope,0.1
12000043,weak_level,Weak persistent level,44,tuned_level,0.3
12000043,weak_level,Weak persistent level,44,tuned_level_slope,0.3
12000044,weak_level,Weak persistent level,45,tuned_level,0.1
12000044,weak_level,Weak persistent level,45,tuned_level_slope,0.1
12000045,weak_level,Weak persistent level,46,tuned_level,0.3
12000045,weak_level,Weak persistent level,46,tuned_level_slope,0.3
12000046,weak_level,Weak persistent level,47,tuned_level,0.3
12000046,weak_level,Weak persistent level,47,tuned_level_slope,0.3
12000047,weak_level,Weak persistent level,48,tuned_level,0.3
12000047,weak_level,Weak persistent level,48,tuned_level_slope,0.3
12000048,weak_level,Weak persistent level,49,tuned_level,0.3
12000048,weak_level,Weak persistent level,49,tuned_level_slope,0.3
12000049,weak_level,Weak persistent level,50,tuned_level,0.1
12000049,weak_level,Weak persistent level,50,tuned_level_slope,0.1
12000050,weak_level,Weak persistent level,51,tuned_level,0.3
12000050,weak_level,Weak persistent level,51,tuned_level_slope,0.1
12000051,weak_level,Weak persistent level,52,tuned_level,0.3
12000051,weak_level,Weak persistent level,52,tuned_level_slope,0.3
12000052,weak_level,Weak persistent level,53,tuned_level,0.3
12000052,weak_level,Weak persistent level,53,tuned_level_slope,0.1
12000053,weak_level,Weak persistent level,54,tuned_level,0.3
12000053,weak_level,Weak persistent level,54,tuned_level_slope,0.3
12000054,weak_level,Weak persistent level,55,tuned_level,0.3
12000054,weak_level,Weak persistent level,55,tuned_level_slope,0.3
12000055,weak_level,Weak persistent level,56,tuned_level,0.3
12000055,weak_level,Weak persistent level,56,tuned_level_slope,0.3
12000056,weak_level,Weak persistent level,57,tuned_level,0.3
12000056,weak_level,Weak persistent level,57,tuned_level_slope,0.3
12000057,weak_level,Weak persistent level,58,tuned_level,0.3
12000057,weak_level,Weak persistent level,58,tuned_level_slope,0.3
12000058,weak_level,Weak persistent level,59,tuned_level,0.3
12000058,weak_level,Weak persistent level,59,tuned_level_slope,0.1
12000059,weak_level,Weak persistent level,60,tuned_level,0.3
12000059,weak_level,Weak persistent level,60,tuned_level_slope,0.3
12000060,weak_level,Weak persistent level,61,tuned_level,0.3
12000060,weak_level,Weak persistent level,61,tuned_level_slope,0.3
12000061,weak_level,Weak persistent level,62,tuned_level,0.3
12000061,weak_level,Weak persistent level,62,tuned_level_slope,0.3
12000062,weak_level,Weak persistent level,63,tuned_level,0.3
12000062,weak_level,Weak persistent level,63,tuned_level_slope,0.3
12000063,weak_level,Weak persistent level,64,tuned_level,0.1
12000063,weak_level,Weak persistent level,64,tuned_level_slope,0.1
12000064,weak_level,Weak persistent level,65,tuned_level,0.1
12000064,weak_level,Weak persistent level,65,tuned_level_slope,0.1
12000065,weak_level,Weak persistent level,66,tuned_level,0.3
12000065,weak_level,Weak persistent level,66,tuned_level_slope,0.1
12000066,weak_level,Weak persistent level,67,tuned_level,0.3
12000066,weak_level,Weak persistent level,67,tuned_level_slope,0.3
12000067,weak_level,Weak persistent level,68,tuned_level,0.1
12000067,weak_level,Weak persistent level,68,tuned_level_slope,0.1
12000068,weak_level,Weak persistent level,69,tuned_level,0.3
12000068,weak_level,Weak persistent level,69,tuned_level_slope,0.3
12000069,weak_level,Weak persistent level,70,tuned_level,0.1
12000069,weak_level,Weak persistent level,70,tuned_level_slope,0.1
12000070,weak_level,Weak persistent level,71,tuned_level,0.3
12000070,weak_level,Weak persistent level,71,tuned_level_slope,0.1
12000071,weak_level,Weak persistent level,72,tuned_level,0.1
12000071,weak_level,Weak persistent level,72,tuned_level_slope,0.1
12000072,weak_level,Weak persistent level,73,tuned_level,0.3
12000072,weak_level,Weak persistent level,73,tuned_level_slope,0.3
12000073,weak_level,Weak persistent level,74,tuned_level,0.1
12000073,weak_level,Weak persistent level,74,tuned_level_slope,0.3
12000074,weak_level,Weak persistent level,75,tuned_level,0.3
12000074,weak_level,Weak persistent level,75,tuned_level_slope,0.1
12000075,weak_level,Weak persistent level,76,tuned_level,0.1
12000075,weak_level,Weak persistent level,76,tuned_level_slope,0.1
12000076,weak_level,Weak persistent level,77,tuned_level,0.3
12000076,weak_level,Weak persistent level,77,tuned_level_slope,0.3
12000077,weak_level,Weak persistent level,78,tuned_level,0.3
12000077,weak_level,Weak persistent level,78,tuned_level_slope,0.3
12000078,weak_level,Weak persistent level,79,tuned_level,0.3
12000078,weak_level,Weak persistent level,79,tuned_level_slope,0.3
12000079,weak_level,Weak persistent level,80,tuned_level,0.3
12000079,weak_level,Weak persistent level,80,tuned_level_slope,0.1
12000080,weak_level,Weak persistent level,81,tuned_level,0.1
12000080,weak_level,Weak persistent level,81,tuned_level_slope,0.3
12000081,weak_level,Weak persistent level,82,tuned_level,0.1
12000081,weak_level,Weak persistent level,82,tuned_level_slope,0.1
12000082,weak_level,Weak persistent level,83,tuned_level,0.1
12000082,weak_level,Weak persistent level,83,tuned_level_slope,0.1
12000083,weak_level,Weak persistent level,84,tuned_level,0.3
12000083,weak_level,Weak persistent level,84,tuned_level_slope,0.3
12000084,weak_level,Weak persistent level,85,tuned_level,0.3
12000084,weak_level,Weak persistent level,85,tuned_level_slope,0.1
12000085,weak_level,Weak persistent level,86,tuned_level,0.1
12000085,weak_level,Weak persistent level,86,tuned_level_slope,0.1
12000086,weak_level,Weak persistent level,87,tuned_level,0.3
12000086,weak_level,Weak persistent level,87,tuned_level_slope,0.1
12000087,weak_level,Weak persistent level,88,tuned_level,0.1
12000087,weak_level,Weak persistent level,88,tuned_level_slope,0.1
12000088,weak_level,Weak persistent level,89,tuned_level,0.3
12000088,weak_level,Weak persistent level,89,tuned_level_slope,0.3
12000089,weak_level,Weak persistent level,90,tuned_level,0.3
12000089,weak_level,Weak persistent level,90,tuned_level_slope,0.3
12000090,weak_level,Weak persistent level,91,tuned_level,0.3
12000090,weak_level,Weak persistent level,91,tuned_level_slope,0.3
12000091,weak_level,Weak persistent level,92,tuned_level,0.3
12000091,weak_level,Weak persistent level,92,tuned_level_slope,0.1
12000092,weak_level,Weak persistent level,93,tuned_level,0.3
12000092,weak_level,Weak persistent level,93,tuned_level_slope,0.3
12000093,weak_level,Weak persistent level,94,tuned_level,0.1
12000093,weak_level,Weak persistent level,94,tuned_level_slope,0.1
12000094,weak_level,Weak persistent level,95,tuned_level,0.1
12000094,weak_level,Weak persistent level,95,tuned_level_slope,0.3
12000095,weak_level,Weak persistent level,96,tuned_level,0.1
12000095,weak_level,Weak persistent level,96,tuned_level_slope,0.1
12000096,weak_level,Weak persistent level,97,tuned_level,0.3
12000096,weak_level,Weak persistent level,97,tuned_level_slope,0.3
12000097,weak_level,Weak persistent level,98,tuned_level,0.1
12000097,weak_level,Weak persistent level,98,tuned_level_slope,0.1
12000098,weak_level,Weak persistent level,99,tuned_level,0.1
12000098,weak_level,Weak persistent level,99,tuned_level_slope,0.3
12000099,weak_level,Weak persistent level,100,tuned_level,0.3
12000099,weak_level,Weak persistent level,100,tuned_level_slope,0.3
13000000,heavy_tail_t3,Heavy-tailed t3 residual,1,tuned_level,0.03
13000000,heavy_tail_t3,Heavy-tailed t3 residual,1,tuned_level_slope,0.1
13000001,heavy_tail_t3,Heavy-tailed t3 residual,2,tuned_level,0.1
13000001,heavy_tail_t3,Heavy-tailed t3 residual,2,tuned_level_slope,0.1
13000002,heavy_tail_t3,Heavy-tailed t3 residual,3,tuned_level,0.1
13000002,heavy_tail_t3,Heavy-tailed t3 residual,3,tuned_level_slope,0.1
13000003,heavy_tail_t3,Heavy-tailed t3 residual,4,tuned_level,0.1
13000003,heavy_tail_t3,Heavy-tailed t3 residual,4,tuned_level_slope,0.1
13000004,heavy_tail_t3,Heavy-tailed t3 residual,5,tuned_level,0.03
13000004,heavy_tail_t3,Heavy-tailed t3 residual,5,tuned_level_slope,0.1
13000005,heavy_tail_t3,Heavy-tailed t3 residual,6,tuned_level,0.03
13000005,heavy_tail_t3,Heavy-tailed t3 residual,6,tuned_level_slope,0.1
13000006,heavy_tail_t3,Heavy-tailed t3 residual,7,tuned_level,0.03
13000006,heavy_tail_t3,Heavy-tailed t3 residual,7,tuned_level_slope,0.1
13000007,heavy_tail_t3,Heavy-tailed t3 residual,8,tuned_level,0.03
13000007,heavy_tail_t3,Heavy-tailed t3 residual,8,tuned_level_slope,0.1
13000008,heavy_tail_t3,Heavy-tailed t3 residual,9,tuned_level,0.03
13000008,heavy_tail_t3,Heavy-tailed t3 residual,9,tuned_level_slope,0.1
13000009,heavy_tail_t3,Heavy-tailed t3 residual,10,tuned_level,0.1
13000009,heavy_tail_t3,Heavy-tailed t3 residual,10,tuned_level_slope,0.1
13000010,heavy_tail_t3,Heavy-tailed t3 residual,11,tuned_level,0.03
13000010,heavy_tail_t3,Heavy-tailed t3 residual,11,tuned_level_slope,0.1
13000011,heavy_tail_t3,Heavy-tailed t3 residual,12,tuned_level,0.03
13000011,heavy_tail_t3,Heavy-tailed t3 residual,12,tuned_level_slope,0.1
13000012,heavy_tail_t3,Heavy-tailed t3 residual,13,tuned_level,0.1
13000012,heavy_tail_t3,Heavy-tailed t3 residual,13,tuned_level_slope,0.1
13000013,heavy_tail_t3,Heavy-tailed t3 residual,14,tuned_level,0.1
13000013,heavy_tail_t3,Heavy-tailed t3 residual,14,tuned_level_slope,0.1
13000014,heavy_tail_t3,Heavy-tailed t3 residual,15,tuned_level,0.03
13000014,heavy_tail_t3,Heavy-tailed t3 residual,15,tuned_level_slope,0.1
13000015,heavy_tail_t3,Heavy-tailed t3 residual,16,tuned_level,0.1
13000015,heavy_tail_t3,Heavy-tailed t3 residual,16,tuned_level_slope,0.1
13000016,heavy_tail_t3,Heavy-tailed t3 residual,17,tuned_level,0.1
13000016,heavy_tail_t3,Heavy-tailed t3 residual,17,tuned_level_slope,0.1
13000017,heavy_tail_t3,Heavy-tailed t3 residual,18,tuned_level,0.03
13000017,heavy_tail_t3,Heavy-tailed t3 residual,18,tuned_level_slope,0.1
13000018,heavy_tail_t3,Heavy-tailed t3 residual,19,tuned_level,0.1
13000018,heavy_tail_t3,Heavy-tailed t3 residual,19,tuned_level_slope,0.1
13000019,heavy_tail_t3,Heavy-tailed t3 residual,20,tuned_level,0.03
13000019,heavy_tail_t3,Heavy-tailed t3 residual,20,tuned_level_slope,0.1
13000020,heavy_tail_t3,Heavy-tailed t3 residual,21,tuned_level,0.03
13000020,heavy_tail_t3,Heavy-tailed t3 residual,21,tuned_level_slope,0.1
13000021,heavy_tail_t3,Heavy-tailed t3 residual,22,tuned_level,0.03
13000021,heavy_tail_t3,Heavy-tailed t3 residual,22,tuned_level_slope,0.1
13000022,heavy_tail_t3,Heavy-tailed t3 residual,23,tuned_level,0.03
13000022,heavy_tail_t3,Heavy-tailed t3 residual,23,tuned_level_slope,0.1
13000023,heavy_tail_t3,Heavy-tailed t3 residual,24,tuned_level,0.03
13000023,heavy_tail_t3,Heavy-tailed t3 residual,24,tuned_level_slope,0.1
13000024,heavy_tail_t3,Heavy-tailed t3 residual,25,tuned_level,0.03
13000024,heavy_tail_t3,Heavy-tailed t3 residual,25,tuned_level_slope,0.1
13000025,heavy_tail_t3,Heavy-tailed t3 residual,26,tuned_level,0.03
13000025,heavy_tail_t3,Heavy-tailed t3 residual,26,tuned_level_slope,0.1
13000026,heavy_tail_t3,Heavy-tailed t3 residual,27,tuned_level,0.1
13000026,heavy_tail_t3,Heavy-tailed t3 residual,27,tuned_level_slope,0.1
13000027,heavy_tail_t3,Heavy-tailed t3 residual,28,tuned_level,0.1
13000027,heavy_tail_t3,Heavy-tailed t3 residual,28,tuned_level_slope,0.1
13000028,heavy_tail_t3,Heavy-tailed t3 residual,29,tuned_level,0.03
13000028,heavy_tail_t3,Heavy-tailed t3 residual,29,tuned_level_slope,0.1
13000029,heavy_tail_t3,Heavy-tailed t3 residual,30,tuned_level,0.03
13000029,heavy_tail_t3,Heavy-tailed t3 residual,30,tuned_level_slope,0.1
13000030,heavy_tail_t3,Heavy-tailed t3 residual,31,tuned_level,0.03
13000030,heavy_tail_t3,Heavy-tailed t3 residual,31,tuned_level_slope,0.1
13000031,heavy_tail_t3,Heavy-tailed t3 residual,32,tuned_level,0.03
13000031,heavy_tail_t3,Heavy-tailed t3 residual,32,tuned_level_slope,0.1
13000032,heavy_tail_t3,Heavy-tailed t3 residual,33,tuned_level,0.03
13000032,heavy_tail_t3,Heavy-tailed t3 residual,33,tuned_level_slope,0.1
13000033,heavy_tail_t3,Heavy-tailed t3 residual,34,tuned_level,0.1
13000033,heavy_tail_t3,Heavy-tailed t3 residual,34,tuned_level_slope,0.1
13000034,heavy_tail_t3,Heavy-tailed t3 residual,35,tuned_level,0.1
13000034,heavy_tail_t3,Heavy-tailed t3 residual,35,tuned_level_slope,0.1
13000035,heavy_tail_t3,Heavy-tailed t3 residual,36,tuned_level,0.03
13000035,heavy_tail_t3,Heavy-tailed t3 residual,36,tuned_level_slope,0.1
13000036,heavy_tail_t3,Heavy-tailed t3 residual,37,tuned_level,0.03
13000036,heavy_tail_t3,Heavy-tailed t3 residual,37,tuned_level_slope,0.1
13000037,heavy_tail_t3,Heavy-tailed t3 residual,38,tuned_level,0.1
13000037,heavy_tail_t3,Heavy-tailed t3 residual,38,tuned_level_slope,0.1
13000038,heavy_tail_t3,Heavy-tailed t3 residual,39,tuned_level,0.03
13000038,heavy_tail_t3,Heavy-tailed t3 residual,39,tuned_level_slope,0.1
13000039,heavy_tail_t3,Heavy-tailed t3 residual,40,tuned_level,0.03
13000039,heavy_tail_t3,Heavy-tailed t3 residual,40,tuned_level_slope,0.1
13000040,heavy_tail_t3,Heavy-tailed t3 residual,41,tuned_level,0.03
13000040,heavy_tail_t3,Heavy-tailed t3 residual,41,tuned_level_slope,0.1
13000041,heavy_tail_t3,Heavy-tailed t3 residual,42,tuned_level,0.1
13000041,heavy_tail_t3,Heavy-tailed t3 residual,42,tuned_level_slope,0.1
13000042,heavy_tail_t3,Heavy-tailed t3 residual,43,tuned_level,0.03
13000042,heavy_tail_t3,Heavy-tailed t3 residual,43,tuned_level_slope,0.1
13000043,heavy_tail_t3,Heavy-tailed t3 residual,44,tuned_level,0.1
13000043,heavy_tail_t3,Heavy-tailed t3 residual,44,tuned_level_slope,0.1
13000044,heavy_tail_t3,Heavy-tailed t3 residual,45,tuned_level,0.03
13000044,heavy_tail_t3,Heavy-tailed t3 residual,45,tuned_level_slope,0.1
13000045,heavy_tail_t3,Heavy-tailed t3 residual,46,tuned_level,0.1
13000045,heavy_tail_t3,Heavy-tailed t3 residual,46,tuned_level_slope,0.1
13000046,heavy_tail_t3,Heavy-tailed t3 residual,47,tuned_level,0.1
13000046,heavy_tail_t3,Heavy-tailed t3 residual,47,tuned_level_slope,0.1
13000047,heavy_tail_t3,Heavy-tailed t3 residual,48,tuned_level,0.03
13000047,heavy_tail_t3,Heavy-tailed t3 residual,48,tuned_level_slope,0.1
13000048,heavy_tail_t3,Heavy-tailed t3 residual,49,tuned_level,0.03
13000048,heavy_tail_t3,Heavy-tailed t3 residual,49,tuned_level_slope,0.1
13000049,heavy_tail_t3,Heavy-tailed t3 residual,50,tuned_level,0.1
13000049,heavy_tail_t3,Heavy-tailed t3 residual,50,tuned_level_slope,0.1
13000050,heavy_tail_t3,Heavy-tailed t3 residual,51,tuned_level,0.03
13000050,heavy_tail_t3,Heavy-tailed t3 residual,51,tuned_level_slope,0.1
13000051,heavy_tail_t3,Heavy-tailed t3 residual,52,tuned_level,0.1
13000051,heavy_tail_t3,Heavy-tailed t3 residual,52,tuned_level_slope,0.1
13000052,heavy_tail_t3,Heavy-tailed t3 residual,53,tuned_level,0.1
13000052,heavy_tail_t3,Heavy-tailed t3 residual,53,tuned_level_slope,0.1
13000053,heavy_tail_t3,Heavy-tailed t3 residual,54,tuned_level,0.1
13000053,heavy_tail_t3,Heavy-tailed t3 residual,54,tuned_level_slope,0.1
13000054,heavy_tail_t3,Heavy-tailed t3 residual,55,tuned_level,0.03
13000054,heavy_tail_t3,Heavy-tailed t3 residual,55,tuned_level_slope,0.1
13000055,heavy_tail_t3,Heavy-tailed t3 residual,56,tuned_level,0.1
13000055,heavy_tail_t3,Heavy-tailed t3 residual,56,tuned_level_slope,0.1
13000056,heavy_tail_t3,Heavy-tailed t3 residual,57,tuned_level,0.03
13000056,heavy_tail_t3,Heavy-tailed t3 residual,57,tuned_level_slope,0.1
13000057,heavy_tail_t3,Heavy-tailed t3 residual,58,tuned_level,0.03
13000057,heavy_tail_t3,Heavy-tailed t3 residual,58,tuned_level_slope,0.1
13000058,heavy_tail_t3,Heavy-tailed t3 residual,59,tuned_level,0.1
13000058,heavy_tail_t3,Heavy-tailed t3 residual,59,tuned_level_slope,0.1
13000059,heavy_tail_t3,Heavy-tailed t3 residual,60,tuned_level,0.03
13000059,heavy_tail_t3,Heavy-tailed t3 residual,60,tuned_level_slope,0.1
13000060,heavy_tail_t3,Heavy-tailed t3 residual,61,tuned_level,0.1
13000060,heavy_tail_t3,Heavy-tailed t3 residual,61,tuned_level_slope,0.1
13000061,heavy_tail_t3,Heavy-tailed t3 residual,62,tuned_level,0.03
13000061,heavy_tail_t3,Heavy-tailed t3 residual,62,tuned_level_slope,0.1
13000062,heavy_tail_t3,Heavy-tailed t3 residual,63,tuned_level,0.1
13000062,heavy_tail_t3,Heavy-tailed t3 residual,63,tuned_level_slope,0.1
13000063,heavy_tail_t3,Heavy-tailed t3 residual,64,tuned_level,0.1
13000063,heavy_tail_t3,Heavy-tailed t3 residual,64,tuned_level_slope,0.1
13000064,heavy_tail_t3,Heavy-tailed t3 residual,65,tuned_level,0.1
13000064,heavy_tail_t3,Heavy-tailed t3 residual,65,tuned_level_slope,0.1
13000065,heavy_tail_t3,Heavy-tailed t3 residual,66,tuned_level,0.03
13000065,heavy_tail_t3,Heavy-tailed t3 residual,66,tuned_level_slope,0.1
13000066,heavy_tail_t3,Heavy-tailed t3 residual,67,tuned_level,0.03
13000066,heavy_tail_t3,Heavy-tailed t3 residual,67,tuned_level_slope,0.1
13000067,heavy_tail_t3,Heavy-tailed t3 residual,68,tuned_level,0.1
13000067,heavy_tail_t3,Heavy-tailed t3 residual,68,tuned_level_slope,0.1
13000068,heavy_tail_t3,Heavy-tailed t3 residual,69,tuned_level,0.03
13000068,heavy_tail_t3,Heavy-tailed t3 residual,69,tuned_level_slope,0.1
13000069,heavy_tail_t3,Heavy-tailed t3 residual,70,tuned_level,0.1
13000069,heavy_tail_t3,Heavy-tailed t3 residual,70,tuned_level_slope,0.1
13000070,heavy_tail_t3,Heavy-tailed t3 residual,71,tuned_level,0.03
13000070,heavy_tail_t3,Heavy-tailed t3 residual,71,tuned_level_slope,0.1
13000071,heavy_tail_t3,Heavy-tailed t3 residual,72,tuned_level,0.03
13000071,heavy_tail_t3,Heavy-tailed t3 residual,72,tuned_level_slope,0.1
13000072,heavy_tail_t3,Heavy-tailed t3 residual,73,tuned_level,0.03
13000072,heavy_tail_t3,Heavy-tailed t3 residual,73,tuned_level_slope,0.1
13000073,heavy_tail_t3,Heavy-tailed t3 residual,74,tuned_level,0.03
13000073,heavy_tail_t3,Heavy-tailed t3 residual,74,tuned_level_slope,0.1
13000074,heavy_tail_t3,Heavy-tailed t3 residual,75,tuned_level,0.1
13000074,heavy_tail_t3,Heavy-tailed t3 residual,75,tuned_level_slope,0.1
13000075,heavy_tail_t3,Heavy-tailed t3 residual,76,tuned_level,0.03
13000075,heavy_tail_t3,Heavy-tailed t3 residual,76,tuned_level_slope,0.1
13000076,heavy_tail_t3,Heavy-tailed t3 residual,77,tuned_level,0.03
13000076,heavy_tail_t3,Heavy-tailed t3 residual,77,tuned_level_slope,0.1
13000077,heavy_tail_t3,Heavy-tailed t3 residual,78,tuned_level,0.03
13000077,heavy_tail_t3,Heavy-tailed t3 residual,78,tuned_level_slope,0.1
13000078,heavy_tail_t3,Heavy-tailed t3 residual,79,tuned_level,0.1
13000078,heavy_tail_t3,Heavy-tailed t3 residual,79,tuned_level_slope,0.1
13000079,heavy_tail_t3,Heavy-tailed t3 residual,80,tuned_level,0.03
13000079,heavy_tail_t3,Heavy-tailed t3 residual,80,tuned_level_slope,0.1
13000080,heavy_tail_t3,Heavy-tailed t3 residual,81,tuned_level,0.1
13000080,heavy_tail_t3,Heavy-tailed t3 residual,81,tuned_level_slope,0.1
13000081,heavy_tail_t3,Heavy-tailed t3 residual,82,tuned_level,0.1
13000081,heavy_tail_t3,Heavy-tailed t3 residual,82,tuned_level_slope,0.1
13000082,heavy_tail_t3,Heavy-tailed t3 residual,83,tuned_level,0.03
13000082,heavy_tail_t3,Heavy-tailed t3 residual,83,tuned_level_slope,0.1
13000083,heavy_tail_t3,Heavy-tailed t3 residual,84,tuned_level,0.03
13000083,heavy_tail_t3,Heavy-tailed t3 residual,84,tuned_level_slope,0.1
13000084,heavy_tail_t3,Heavy-tailed t3 residual,85,tuned_level,0.1
13000084,heavy_tail_t3,Heavy-tailed t3 residual,85,tuned_level_slope,0.1
13000085,heavy_tail_t3,Heavy-tailed t3 residual,86,tuned_level,0.1
13000085,heavy_tail_t3,Heavy-tailed t3 residual,86,tuned_level_slope,0.1
13000086,heavy_tail_t3,Heavy-tailed t3 residual,87,tuned_level,0.1
13000086,heavy_tail_t3,Heavy-tailed t3 residual,87,tuned_level_slope,0.1
13000087,heavy_tail_t3,Heavy-tailed t3 residual,88,tuned_level,0.1
13000087,heavy_tail_t3,Heavy-tailed t3 residual,88,tuned_level_slope,0.1
13000088,heavy_tail_t3,Heavy-tailed t3 residual,89,tuned_level,0.03
13000088,heavy_tail_t3,Heavy-tailed t3 residual,89,tuned_level_slope,0.1
13000089,heavy_tail_t3,Heavy-tailed t3 residual,90,tuned_level,0.1
13000089,heavy_tail_t3,Heavy-tailed t3 residual,90,tuned_level_slope,0.1
13000090,heavy_tail_t3,Heavy-tailed t3 residual,91,tuned_level,0.1
13000090,heavy_tail_t3,Heavy-tailed t3 residual,91,tuned_level_slope,0.1
13000091,heavy_tail_t3,Heavy-tailed t3 residual,92,tuned_level,0.1
13000091,heavy_tail_t3,Heavy-tailed t3 residual,92,tuned_level_slope,0.1
13000092,heavy_tail_t3,Heavy-tailed t3 residual,93,tuned_level,0.03
13000092,heavy_tail_t3,Heavy-tailed t3 residual,93,tuned_level_slope,0.1
13000093,heavy_tail_t3,Heavy-tailed t3 residual,94,tuned_level,0.03
13000093,heavy_tail_t3,Heavy-tailed t3 residual,94,tuned_level_slope,0.1
13000094,heavy_tail_t3,Heavy-tailed t3 residual,95,tuned_level,0.03
13000094,heavy_tail_t3,Heavy-tailed t3 residual,95,tuned_level_slope,0.1
13000095,heavy_tail_t3,Heavy-tailed t3 residual,96,tuned_level,0.03
13000095,heavy_tail_t3,Heavy-tailed t3 residual,96,tuned_level_slope,0.1
13000096,heavy_tail_t3,Heavy-tailed t3 residual,97,tuned_level,0.1
13000096,heavy_tail_t3,Heavy-tailed t3 residual,97,tuned_level_slope,0.1
13000097,heavy_tail_t3,Heavy-tailed t3 residual,98,tuned_level,0.1
13000097,heavy_tail_t3,Heavy-tailed t3 residual,98,tuned_level_slope,0.1
13000098,heavy_tail_t3,Heavy-tailed t3 residual,99,tuned_level,0.1
13000098,heavy_tail_t3,Heavy-tailed t3 residual,99,tuned_level_slope,0.1
13000099,heavy_tail_t3,Heavy-tailed t3 residual,100,tuned_level,0.03
13000099,heavy_tail_t3,Heavy-tailed t3 residual,100,tuned_level_slope,0.1
11000100,null_serial,Pure null with serial dependence,101,tuned_level,1.0
11000100,null_serial,Pure null with serial dependence,101,tuned_level_slope,0.3
11000101,null_serial,Pure null with serial dependence,102,tuned_level,1.0
11000101,null_serial,Pure null with serial dependence,102,tuned_level_slope,1.0
11000102,null_serial,Pure null with serial dependence,103,tuned_level,10.0
11000102,null_serial,Pure null with serial dependence,103,tuned_level_slope,10.0
11000103,null_serial,Pure null with serial dependence,104,tuned_level,10.0
11000103,null_serial,Pure null with serial dependence,104,tuned_level_slope,10.0
11000104,null_serial,Pure null with serial dependence,105,tuned_level,10.0
11000104,null_serial,Pure null with serial dependence,105,tuned_level_slope,10.0
11000105,null_serial,Pure null with serial dependence,106,tuned_level,10.0
11000105,null_serial,Pure null with serial dependence,106,tuned_level_slope,10.0
11000106,null_serial,Pure null with serial dependence,107,tuned_level,10.0
11000106,null_serial,Pure null with serial dependence,107,tuned_level_slope,10.0
11000107,null_serial,Pure null with serial dependence,108,tuned_level,1.0
11000107,null_serial,Pure null with serial dependence,108,tuned_level_slope,1.0
11000108,null_serial,Pure null with serial dependence,109,tuned_level,10.0
11000108,null_serial,Pure null with serial dependence,109,tuned_level_slope,10.0
11000109,null_serial,Pure null with serial dependence,110,tuned_level,3.0
11000109,null_serial,Pure null with serial dependence,110,tuned_level_slope,3.0
11000110,null_serial,Pure null with serial dependence,111,tuned_level,10.0
11000110,null_serial,Pure null with serial dependence,111,tuned_level_slope,10.0
11000111,null_serial,Pure null with serial dependence,112,tuned_level,10.0
11000111,null_serial,Pure null with serial dependence,112,tuned_level_slope,10.0
11000112,null_serial,Pure null with serial dependence,113,tuned_level,3.0
11000112,null_serial,Pure null with serial dependence,113,tuned_level_slope,1.0
11000113,null_serial,Pure null with serial dependence,114,tuned_level,1.0
11000113,null_serial,Pure null with serial dependence,114,tuned_level_slope,0.3
11000114,null_serial,Pure null with serial dependence,115,tuned_level,3.0
11000114,null_serial,Pure null with serial dependence,115,tuned_level_slope,1.0
11000115,null_serial,Pure null with serial dependence,116,tuned_level,10.0
11000115,null_serial,Pure null with serial dependence,116,tuned_level_slope,10.0
11000116,null_serial,Pure null with serial dependence,117,tuned_level,3.0
11000116,null_serial,Pure null with serial dependence,117,tuned_level_slope,10.0
11000117,null_serial,Pure null with serial dependence,118,tuned_level,1.0
11000117,null_serial,Pure null with serial dependence,118,tuned_level_slope,1.0
11000118,null_serial,Pure null with serial dependence,119,tuned_level,10.0
11000118,null_serial,Pure null with serial dependence,119,tuned_level_slope,10.0
11000119,null_serial,Pure null with serial dependence,120,tuned_level,1.0
11000119,null_serial,Pure null with serial dependence,120,tuned_level_slope,0.3
11000120,null_serial,Pure null with serial dependence,121,tuned_level,3.0
11000120,null_serial,Pure null with serial dependence,121,tuned_level_slope,1.0
11000121,null_serial,Pure null with serial dependence,122,tuned_level,10.0
11000121,null_serial,Pure null with serial dependence,122,tuned_level_slope,3.0
11000122,null_serial,Pure null with serial dependence,123,tuned_level,10.0
11000122,null_serial,Pure null with serial dependence,123,tuned_level_slope,10.0
11000123,null_serial,Pure null with serial dependence,124,tuned_level,3.0
11000123,null_serial,Pure null with serial dependence,124,tuned_level_slope,3.0
11000124,null_serial,Pure null with serial dependence,125,tuned_level,3.0
11000124,null_serial,Pure null with serial dependence,125,tuned_level_slope,1.0
11000125,null_serial,Pure null with serial dependence,126,tuned_level,10.0
11000125,null_serial,Pure null with serial dependence,126,tuned_level_slope,10.0
11000126,null_serial,Pure null with serial dependence,127,tuned_level,10.0
11000126,null_serial,Pure null with serial dependence,127,tuned_level_slope,10.0
11000127,null_serial,Pure null with serial dependence,128,tuned_level,10.0
11000127,null_serial,Pure null with serial dependence,128,tuned_level_slope,10.0
11000128,null_serial,Pure null with serial dependence,129,tuned_level,10.0
11000128,null_serial,Pure null with serial dependence,129,tuned_level_slope,10.0
11000129,null_serial,Pure null with serial dependence,130,tuned_level,1.0
11000129,null_serial,Pure null with serial dependence,130,tuned_level_slope,1.0
11000130,null_serial,Pure null with serial dependence,131,tuned_level,10.0
11000130,null_serial,Pure null with serial dependence,131,tuned_level_slope,1.0
11000131,null_serial,Pure null with serial dependence,132,tuned_level,3.0
11000131,null_serial,Pure null with serial dependence,132,tuned_level_slope,1.0
11000132,null_serial,Pure null with serial dependence,133,tuned_level,1.0
11000132,null_serial,Pure null with serial dependence,133,tuned_level_slope,1.0
11000133,null_serial,Pure null with serial dependence,134,tuned_level,0.3
11000133,null_serial,Pure null with serial dependence,134,tuned_level_slope,0.3
11000134,null_serial,Pure null with serial dependence,135,tuned_level,10.0
11000134,null_serial,Pure null with serial dependence,135,tuned_level_slope,10.0
11000135,null_serial,Pure null with serial dependence,136,tuned_level,10.0
11000135,null_serial,Pure null with serial dependence,136,tuned_level_slope,10.0
11000136,null_serial,Pure null with serial dependence,137,tuned_level,10.0
11000136,null_serial,Pure null with serial dependence,137,tuned_level_slope,10.0
11000137,null_serial,Pure null with serial dependence,138,tuned_level,1.0
11000137,null_serial,Pure null with serial dependence,138,tuned_level_slope,1.0
11000138,null_serial,Pure null with serial dependence,139,tuned_level,10.0
11000138,null_serial,Pure null with serial dependence,139,tuned_level_slope,10.0
11000139,null_serial,Pure null with serial dependence,140,tuned_level,10.0
11000139,null_serial,Pure null with serial dependence,140,tuned_level_slope,3.0
11000140,null_serial,Pure null with serial dependence,141,tuned_level,1.0
11000140,null_serial,Pure null with serial dependence,141,tuned_level_slope,1.0
11000141,null_serial,Pure null with serial dependence,142,tuned_level,10.0
11000141,null_serial,Pure null with serial dependence,142,tuned_level_slope,10.0
11000142,null_serial,Pure null with serial dependence,143,tuned_level,1.0
11000142,null_serial,Pure null with serial dependence,143,tuned_level_slope,1.0
11000143,null_serial,Pure null with serial dependence,144,tuned_level,3.0
11000143,null_serial,Pure null with serial dependence,144,tuned_level_slope,1.0
11000144,null_serial,Pure null with serial dependence,145,tuned_level,10.0
11000144,null_serial,Pure null with serial dependence,145,tuned_level_slope,10.0
11000145,null_serial,Pure null with serial dependence,146,tuned_level,10.0
11000145,null_serial,Pure null with serial dependence,146,tuned_level_slope,10.0
11000146,null_serial,Pure null with serial dependence,147,tuned_level,10.0
11000146,null_serial,Pure null with serial dependence,147,tuned_level_slope,10.0
11000147,null_serial,Pure null with serial dependence,148,tuned_level,3.0
11000147,null_serial,Pure null with serial dependence,148,tuned_level_slope,10.0
11000148,null_serial,Pure null with serial dependence,149,tuned_level,1.0
11000148,null_serial,Pure null with serial dependence,149,tuned_level_slope,1.0
11000149,null_serial,Pure null with serial dependence,150,tuned_level,1.0
11000149,null_serial,Pure null with serial dependence,150,tuned_level_slope,1.0
11000150,null_serial,Pure null with serial dependence,151,tuned_level,10.0
11000150,null_serial,Pure null with serial dependence,151,tuned_level_slope,3.0
11000151,null_serial,Pure null with serial dependence,152,tuned_level,10.0
11000151,null_serial,Pure null with serial dependence,152,tuned_level_slope,10.0
11000152,null_serial,Pure null with serial dependence,153,tuned_level,1.0
11000152,null_serial,Pure null with serial dependence,153,tuned_level_slope,1.0
11000153,null_serial,Pure null with serial dependence,154,tuned_level,1.0
11000153,null_serial,Pure null with serial dependence,154,tuned_level_slope,0.3
11000154,null_serial,Pure null with serial dependence,155,tuned_level,10.0
11000154,null_serial,Pure null with serial dependence,155,tuned_level_slope,10.0
11000155,null_serial,Pure null with serial dependence,156,tuned_level,1.0
11000155,null_serial,Pure null with serial dependence,156,tuned_level_slope,0.3
11000156,null_serial,Pure null with serial dependence,157,tuned_level,1.0
11000156,null_serial,Pure null with serial dependence,157,tuned_level_slope,1.0
11000157,null_serial,Pure null with serial dependence,158,tuned_level,10.0
11000157,null_serial,Pure null with serial dependence,158,tuned_level_slope,3.0
11000158,null_serial,Pure null with serial dependence,159,tuned_level,1.0
11000158,null_serial,Pure null with serial dependence,159,tuned_level_slope,0.3
11000159,null_serial,Pure null with serial dependence,160,tuned_level,3.0
11000159,null_serial,Pure null with serial dependence,160,tuned_level_slope,3.0
11000160,null_serial,Pure null with serial dependence,161,tuned_level,3.0
11000160,null_serial,Pure null with serial dependence,161,tuned_level_slope,3.0
11000161,null_serial,Pure null with serial dependence,162,tuned_level,10.0
11000161,null_serial,Pure null with serial dependence,162,tuned_level_slope,3.0
11000162,null_serial,Pure null with serial dependence,163,tuned_level,10.0
11000162,null_serial,Pure null with serial dependence,163,tuned_level_slope,10.0
11000163,null_serial,Pure null with serial dependence,164,tuned_level,3.0
11000163,null_serial,Pure null with serial dependence,164,tuned_level_slope,3.0
11000164,null_serial,Pure null with serial dependence,165,tuned_level,10.0
11000164,null_serial,Pure null with serial dependence,165,tuned_level_slope,10.0
11000165,null_serial,Pure null with serial dependence,166,tuned_level,1.0
11000165,null_serial,Pure null with serial dependence,166,tuned_level_slope,1.0
11000166,null_serial,Pure null with serial dependence,167,tuned_level,0.3
11000166,null_serial,Pure null with serial dependence,167,tuned_level_slope,0.3
11000167,null_serial,Pure null with serial dependence,168,tuned_level,3.0
11000167,null_serial,Pure null with serial dependence,168,tuned_level_slope,3.0
11000168,null_serial,Pure null with serial dependence,169,tuned_level,3.0
11000168,null_serial,Pure null with serial dependence,169,tuned_level_slope,1.0
11000169,null_serial,Pure null with serial dependence,170,tuned_level,1.0
11000169,null_serial,Pure null with serial dependence,170,tuned_level_slope,1.0
11000170,null_serial,Pure null with serial dependence,171,tuned_level,10.0
11000170,null_serial,Pure null with serial dependence,171,tuned_level_slope,10.0
11000171,null_serial,Pure null with serial dependence,172,tuned_level,10.0
11000171,null_serial,Pure null with serial dependence,172,tuned_level_slope,10.0
11000172,null_serial,Pure null with serial dependence,173,tuned_level,1.0
11000172,null_serial,Pure null with serial dependence,173,tuned_level_slope,0.3
11000173,null_serial,Pure null with serial dependence,174,tuned_level,10.0
11000173,null_serial,Pure null with serial dependence,174,tuned_level_slope,10.0
11000174,null_serial,Pure null with serial dependence,175,tuned_level,10.0
11000174,null_serial,Pure null with serial dependence,175,tuned_level_slope,10.0
11000175,null_serial,Pure null with serial dependence,176,tuned_level,1.0
11000175,null_serial,Pure null with serial dependence,176,tuned_level_slope,1.0
11000176,null_serial,Pure null with serial dependence,177,tuned_level,3.0
11000176,null_serial,Pure null with serial dependence,177,tuned_level_slope,1.0
11000177,null_serial,Pure null with serial dependence,178,tuned_level,3.0
11000177,null_serial,Pure null with serial dependence,178,tuned_level_slope,1.0
11000178,null_serial,Pure null with serial dependence,179,tuned_level,10.0
11000178,null_serial,Pure null with serial dependence,179,tuned_level_slope,1.0
11000179,null_serial,Pure null with serial dependence,180,tuned_level,10.0
11000179,null_serial,Pure null with serial dependence,180,tuned_level_slope,10.0
11000180,null_serial,Pure null with serial dependence,181,tuned_level,10.0
11000180,null_serial,Pure null with serial dependence,181,tuned_level_slope,10.0
11000181,null_serial,Pure null with serial dependence,182,tuned_level,10.0
11000181,null_serial,Pure null with serial dependence,182,tuned_level_slope,10.0
11000182,null_serial,Pure null with serial dependence,183,tuned_level,1.0
11000182,null_serial,Pure null with serial dependence,183,tuned_level_slope,1.0
11000183,null_serial,Pure null with serial dependence,184,tuned_level,10.0
11000183,null_serial,Pure null with serial dependence,184,tuned_level_slope,3.0
11000184,null_serial,Pure null with serial dependence,185,tuned_level,10.0
11000184,null_serial,Pure null with serial dependence,185,tuned_level_slope,10.0
11000185,null_serial,Pure null with serial dependence,186,tuned_level,10.0
11000185,null_serial,Pure null with serial dependence,186,tuned_level_slope,3.0
11000186,null_serial,Pure null with serial dependence,187,tuned_level,3.0
11000186,null_serial,Pure null with serial dependence,187,tuned_level_slope,1.0
11000187,null_serial,Pure null with serial dependence,188,tuned_level,3.0
11000187,null_serial,Pure null with serial dependence,188,tuned_level_slope,3.0
11000188,null_serial,Pure null with serial dependence,189,tuned_level,10.0
11000188,null_serial,Pure null with serial dependence,189,tuned_level_slope,10.0
11000189,null_serial,Pure null with serial dependence,190,tuned_level,0.3
11000189,null_serial,Pure null with serial dependence,190,tuned_level_slope,0.3
11000190,null_serial,Pure null with serial dependence,191,tuned_level,3.0
11000190,null_serial,Pure null with serial dependence,191,tuned_level_slope,0.3
11000191,null_serial,Pure null with serial dependence,192,tuned_level,10.0
11000191,null_serial,Pure null with serial dependence,192,tuned_level_slope,10.0
11000192,null_serial,Pure null with serial dependence,193,tuned_level,10.0
11000192,null_serial,Pure null with serial dependence,193,tuned_level_slope,10.0
11000193,null_serial,Pure null with serial dependence,194,tuned_level,1.0
11000193,null_serial,Pure null with serial dependence,194,tuned_level_slope,1.0
11000194,null_serial,Pure null with serial dependence,195,tuned_level,3.0
11000194,null_serial,Pure null with serial dependence,195,tuned_level_slope,3.0
11000195,null_serial,Pure null with serial dependence,196,tuned_level,1.0
11000195,null_serial,Pure null with serial dependence,196,tuned_level_slope,1.0
11000196,null_serial,Pure null with serial dependence,197,tuned_level,10.0
11000196,null_serial,Pure null with serial dependence,197,tuned_level_slope,10.0
11000197,null_serial,Pure null with serial dependence,198,tuned_level,10.0
11000197,null_serial,Pure null with serial dependence,198,tuned_level_slope,1.0
11000198,null_serial,Pure null with serial dependence,199,tuned_level,1.0
11000198,null_serial,Pure null with serial dependence,199,tuned_level_slope,1.0
11000199,null_serial,Pure null with serial dependence,200,tuned_level,3.0
11000199,null_serial,Pure null with serial dependence,200,tuned_level_slope,3.0
12000100,weak_level,Weak persistent level,101,tuned_level,0.3
12000100,weak_level,Weak persistent level,101,tuned_level_slope,0.3
12000101,weak_level,Weak persistent level,102,tuned_level,0.3
12000101,weak_level,Weak persistent level,102,tuned_level_slope,0.3
12000102,weak_level,Weak persistent level,103,tuned_level,0.3
12000102,weak_level,Weak persistent level,103,tuned_level_slope,0.3
12000103,weak_level,Weak persistent level,104,tuned_level,0.3
12000103,weak_level,Weak persistent level,104,tuned_level_slope,0.3
12000104,weak_level,Weak persistent level,105,tuned_level,0.3
12000104,weak_level,Weak persistent level,105,tuned_level_slope,0.3
12000105,weak_level,Weak persistent level,106,tuned_level,0.1
12000105,weak_level,Weak persistent level,106,tuned_level_slope,0.1
12000106,weak_level,Weak persistent level,107,tuned_level,0.1
12000106,weak_level,Weak persistent level,107,tuned_level_slope,0.1
12000107,weak_level,Weak persistent level,108,tuned_level,0.3
12000107,weak_level,Weak persistent level,108,tuned_level_slope,0.3
12000108,weak_level,Weak persistent level,109,tuned_level,0.1
12000108,weak_level,Weak persistent level,109,tuned_level_slope,0.1
12000109,weak_level,Weak persistent level,110,tuned_level,0.3
12000109,weak_level,Weak persistent level,110,tuned_level_slope,0.3
12000110,weak_level,Weak persistent level,111,tuned_level,0.1
12000110,weak_level,Weak persistent level,111,tuned_level_slope,0.1
12000111,weak_level,Weak persistent level,112,tuned_level,0.3
12000111,weak_level,Weak persistent level,112,tuned_level_slope,0.3
12000112,weak_level,Weak persistent level,113,tuned_level,0.1
12000112,weak_level,Weak persistent level,113,tuned_level_slope,0.1
12000113,weak_level,Weak persistent level,114,tuned_level,0.3
12000113,weak_level,Weak persistent level,114,tuned_level_slope,0.3
12000114,weak_level,Weak persistent level,115,tuned_level,0.3
12000114,weak_level,Weak persistent level,115,tuned_level_slope,0.1
12000115,weak_level,Weak persistent level,116,tuned_level,0.3
12000115,weak_level,Weak persistent level,116,tuned_level_slope,0.3
12000116,weak_level,Weak persistent level,117,tuned_level,0.3
12000116,weak_level,Weak persistent level,117,tuned_level_slope,0.3
12000117,weak_level,Weak persistent level,118,tuned_level,0.1
12000117,weak_level,Weak persistent level,118,tuned_level_slope,0.1
12000118,weak_level,Weak persistent level,119,tuned_level,0.1
12000118,weak_level,Weak persistent level,119,tuned_level_slope,0.3
12000119,weak_level,Weak persistent level,120,tuned_level,0.1
12000119,weak_level,Weak persistent level,120,tuned_level_slope,0.1
12000120,weak_level,Weak persistent level,121,tuned_level,0.3
12000120,weak_level,Weak persistent level,121,tuned_level_slope,0.1
12000121,weak_level,Weak persistent level,122,tuned_level,0.3
12000121,weak_level,Weak persistent level,122,tuned_level_slope,0.3
12000122,weak_level,Weak persistent level,123,tuned_level,0.3
12000122,weak_level,Weak persistent level,123,tuned_level_slope,0.3
12000123,weak_level,Weak persistent level,124,tuned_level,0.3
12000123,weak_level,Weak persistent level,124,tuned_level_slope,0.3
12000124,weak_level,Weak persistent level,125,tuned_level,0.3
12000124,weak_level,Weak persistent level,125,tuned_level_slope,0.3
12000125,weak_level,Weak persistent level,126,tuned_level,0.1
12000125,weak_level,Weak persistent level,126,tuned_level_slope,0.1
12000126,weak_level,Weak persistent level,127,tuned_level,0.1
12000126,weak_level,Weak persistent level,127,tuned_level_slope,0.1
12000127,weak_level,Weak persistent level,128,tuned_level,0.3
12000127,weak_level,Weak persistent level,128,tuned_level_slope,0.3
12000128,weak_level,Weak persistent level,129,tuned_level,0.3
12000128,weak_level,Weak persistent level,129,tuned_level_slope,0.3
12000129,weak_level,Weak persistent level,130,tuned_level,0.3
12000129,weak_level,Weak persistent level,130,tuned_level_slope,0.1
12000130,weak_level,Weak persistent level,131,tuned_level,0.3
12000130,weak_level,Weak persistent level,131,tuned_level_slope,0.3
12000131,weak_level,Weak persistent level,132,tuned_level,0.3
12000131,weak_level,Weak persistent level,132,tuned_level_slope,0.3
12000132,weak_level,Weak persistent level,133,tuned_level,0.3
12000132,weak_level,Weak persistent level,133,tuned_level_slope,0.3
12000133,weak_level,Weak persistent level,134,tuned_level,0.3
12000133,weak_level,Weak persistent level,134,tuned_level_slope,0.1
12000134,weak_level,Weak persistent level,135,tuned_level,0.1
12000134,weak_level,Weak persistent level,135,tuned_level_slope,0.1
12000135,weak_level,Weak persistent level,136,tuned_level,0.1
12000135,weak_level,Weak persistent level,136,tuned_level_slope,0.1
12000136,weak_level,Weak persistent level,137,tuned_level,0.3
12000136,weak_level,Weak persistent level,137,tuned_level_slope,0.3
12000137,weak_level,Weak persistent level,138,tuned_level,0.3
12000137,weak_level,Weak persistent level,138,tuned_level_slope,0.3
12000138,weak_level,Weak persistent level,139,tuned_level,0.1
12000138,weak_level,Weak persistent level,139,tuned_level_slope,0.1
12000139,weak_level,Weak persistent level,140,tuned_level,0.1
12000139,weak_level,Weak persistent level,140,tuned_level_slope,0.3
12000140,weak_level,Weak persistent level,141,tuned_level,0.3
12000140,weak_level,Weak persistent level,141,tuned_level_slope,0.3
12000141,weak_level,Weak persistent level,142,tuned_level,0.3
12000141,weak_level,Weak persistent level,142,tuned_level_slope,0.3
12000142,weak_level,Weak persistent level,143,tuned_level,0.1
12000142,weak_level,Weak persistent level,143,tuned_level_slope,0.1
12000143,weak_level,Weak persistent level,144,tuned_level,0.3
12000143,weak_level,Weak persistent level,144,tuned_level_slope,0.3
12000144,weak_level,Weak persistent level,145,tuned_level,0.3
12000144,weak_level,Weak persistent level,145,tuned_level_slope,0.1
12000145,weak_level,Weak persistent level,146,tuned_level,0.3
12000145,weak_level,Weak persistent level,146,tuned_level_slope,0.3
12000146,weak_level,Weak persistent level,147,tuned_level,0.3
12000146,weak_level,Weak persistent level,147,tuned_level_slope,0.3
12000147,weak_level,Weak persistent level,148,tuned_level,0.3
12000147,weak_level,Weak persistent level,148,tuned_level_slope,0.3
12000148,weak_level,Weak persistent level,149,tuned_level,0.3
12000148,weak_level,Weak persistent level,149,tuned_level_slope,0.3
12000149,weak_level,Weak persistent level,150,tuned_level,0.3
12000149,weak_level,Weak persistent level,150,tuned_level_slope,0.3
12000150,weak_level,Weak persistent level,151,tuned_level,0.3
12000150,weak_level,Weak persistent level,151,tuned_level_slope,0.3
12000151,weak_level,Weak persistent level,152,tuned_level,0.1
12000151,weak_level,Weak persistent level,152,tuned_level_slope,0.3
12000152,weak_level,Weak persistent level,153,tuned_level,0.3
12000152,weak_level,Weak persistent level,153,tuned_level_slope,0.3
12000153,weak_level,Weak persistent level,154,tuned_level,0.3
12000153,weak_level,Weak persistent level,154,tuned_level_slope,0.3
12000154,weak_level,Weak persistent level,155,tuned_level,0.3
12000154,weak_level,Weak persistent level,155,tuned_level_slope,0.3
12000155,weak_level,Weak persistent level,156,tuned_level,0.3
12000155,weak_level,Weak persistent level,156,tuned_level_slope,0.3
12000156,weak_level,Weak persistent level,157,tuned_level,0.3
12000156,weak_level,Weak persistent level,157,tuned_level_slope,0.3
12000157,weak_level,Weak persistent level,158,tuned_level,0.3
12000157,weak_level,Weak persistent level,158,tuned_level_slope,0.1
12000158,weak_level,Weak persistent level,159,tuned_level,0.1
12000158,weak_level,Weak persistent level,159,tuned_level_slope,0.3
12000159,weak_level,Weak persistent level,160,tuned_level,0.3
12000159,weak_level,Weak persistent level,160,tuned_level_slope,0.3
12000160,weak_level,Weak persistent level,161,tuned_level,0.1
12000160,weak_level,Weak persistent level,161,tuned_level_slope,0.1
12000161,weak_level,Weak persistent level,162,tuned_level,0.3
12000161,weak_level,Weak persistent level,162,tuned_level_slope,0.3
12000162,weak_level,Weak persistent level,163,tuned_level,0.3
12000162,weak_level,Weak persistent level,163,tuned_level_slope,0.3
12000163,weak_level,Weak persistent level,164,tuned_level,0.1
12000163,weak_level,Weak persistent level,164,tuned_level_slope,0.3
12000164,weak_level,Weak persistent level,165,tuned_level,0.3
12000164,weak_level,Weak persistent level,165,tuned_level_slope,0.3
12000165,weak_level,Weak persistent level,166,tuned_level,0.3
12000165,weak_level,Weak persistent level,166,tuned_level_slope,0.3
12000166,weak_level,Weak persistent level,167,tuned_level,0.3
12000166,weak_level,Weak persistent level,167,tuned_level_slope,0.3
12000167,weak_level,Weak persistent level,168,tuned_level,0.3
12000167,weak_level,Weak persistent level,168,tuned_level_slope,0.3
12000168,weak_level,Weak persistent level,169,tuned_level,0.3
12000168,weak_level,Weak persistent level,169,tuned_level_slope,0.3
12000169,weak_level,Weak persistent level,170,tuned_level,0.1
12000169,weak_level,Weak persistent level,170,tuned_level_slope,0.3
12000170,weak_level,Weak persistent level,171,tuned_level,0.3
12000170,weak_level,Weak persistent level,171,tuned_level_slope,0.1
12000171,weak_level,Weak persistent level,172,tuned_level,0.03
12000171,weak_level,Weak persistent level,172,tuned_level_slope,0.1
12000172,weak_level,Weak persistent level,173,tuned_level,0.1
12000172,weak_level,Weak persistent level,173,tuned_level_slope,0.1
12000173,weak_level,Weak persistent level,174,tuned_level,0.3
12000173,weak_level,Weak persistent level,174,tuned_level_slope,0.3
12000174,weak_level,Weak persistent level,175,tuned_level,0.3
12000174,weak_level,Weak persistent level,175,tuned_level_slope,0.3
12000175,weak_level,Weak persistent level,176,tuned_level,0.3
12000175,weak_level,Weak persistent level,176,tuned_level_slope,0.1
12000176,weak_level,Weak persistent level,177,tuned_level,0.3
12000176,weak_level,Weak persistent level,177,tuned_level_slope,0.3
12000177,weak_level,Weak persistent level,178,tuned_level,0.1
12000177,weak_level,Weak persistent level,178,tuned_level_slope,0.3
12000178,weak_level,Weak persistent level,179,tuned_level,0.1
12000178,weak_level,Weak persistent level,179,tuned_level_slope,0.3
12000179,weak_level,Weak persistent level,180,tuned_level,0.3
12000179,weak_level,Weak persistent level,180,tuned_level_slope,0.3
12000180,weak_level,Weak persistent level,181,tuned_level,0.3
12000180,weak_level,Weak persistent level,181,tuned_level_slope,0.3
12000181,weak_level,Weak persistent level,182,tuned_level,0.1
12000181,weak_level,Weak persistent level,182,tuned_level_slope,0.3
12000182,weak_level,Weak persistent level,183,tuned_level,0.1
12000182,weak_level,Weak persistent level,183,tuned_level_slope,0.1
12000183,weak_level,Weak persistent level,184,tuned_level,1.0
12000183,weak_level,Weak persistent level,184,tuned_level_slope,0.3
12000184,weak_level,Weak persistent level,185,tuned_level,0.3
12000184,weak_level,Weak persistent level,185,tuned_level_slope,0.1
12000185,weak_level,Weak persistent level,186,tuned_level,0.1
12000185,weak_level,Weak persistent level,186,tuned_level_slope,0.1
12000186,weak_level,Weak persistent level,187,tuned_level,0.3
12000186,weak_level,Weak persistent level,187,tuned_level_slope,1.0
12000187,weak_level,Weak persistent level,188,tuned_level,0.3
12000187,weak_level,Weak persistent level,188,tuned_level_slope,0.1
12000188,weak_level,Weak persistent level,189,tuned_level,0.1
12000188,weak_level,Weak persistent level,189,tuned_level_slope,0.3
12000189,weak_level,Weak persistent level,190,tuned_level,0.1
12000189,weak_level,Weak persistent level,190,tuned_level_slope,0.1
12000190,weak_level,Weak persistent level,191,tuned_level,0.1
12000190,weak_level,Weak persistent level,191,tuned_level_slope,0.3
12000191,weak_level,Weak persistent level,192,tuned_level,0.3
12000191,weak_level,Weak persistent level,192,tuned_level_slope,0.3
12000192,weak_level,Weak persistent level,193,tuned_level,0.1
12000192,weak_level,Weak persistent level,193,tuned_level_slope,0.1
12000193,weak_level,Weak persistent level,194,tuned_level,0.1
12000193,weak_level,Weak persistent level,194,tuned_level_slope,0.3
12000194,weak_level,Weak persistent level,195,tuned_level,0.3
12000194,weak_level,Weak persistent level,195,tuned_level_slope,0.3
12000195,weak_level,Weak persistent level,196,tuned_level,0.1
12000195,weak_level,Weak persistent level,196,tuned_level_slope,0.1
12000196,weak_level,Weak persistent level,197,tuned_level,0.03
12000196,weak_level,Weak persistent level,197,tuned_level_slope,0.1
12000197,weak_level,Weak persistent level,198,tuned_level,0.3
12000197,weak_level,Weak persistent level,198,tuned_level_slope,0.3
12000198,weak_level,Weak persistent level,199,tuned_level,0.3
12000198,weak_level,Weak persistent level,199,tuned_level_slope,0.3
12000199,weak_level,Weak persistent level,200,tuned_level,0.3
12000199,weak_level,Weak persistent level,200,tuned_level_slope,0.3
13000100,heavy_tail_t3,Heavy-tailed t3 residual,101,tuned_level,0.03
13000100,heavy_tail_t3,Heavy-tailed t3 residual,101,tuned_level_slope,0.1
13000101,heavy_tail_t3,Heavy-tailed t3 residual,102,tuned_level,0.1
13000101,heavy_tail_t3,Heavy-tailed t3 residual,102,tuned_level_slope,0.1
13000102,heavy_tail_t3,Heavy-tailed t3 residual,103,tuned_level,0.03
13000102,heavy_tail_t3,Heavy-tailed t3 residual,103,tuned_level_slope,0.1
13000103,heavy_tail_t3,Heavy-tailed t3 residual,104,tuned_level,0.1
13000103,heavy_tail_t3,Heavy-tailed t3 residual,104,tuned_level_slope,0.1
13000104,heavy_tail_t3,Heavy-tailed t3 residual,105,tuned_level,0.03
13000104,heavy_tail_t3,Heavy-tailed t3 residual,105,tuned_level_slope,0.1
13000105,heavy_tail_t3,Heavy-tailed t3 residual,106,tuned_level,0.1
13000105,heavy_tail_t3,Heavy-tailed t3 residual,106,tuned_level_slope,0.1
13000106,heavy_tail_t3,Heavy-tailed t3 residual,107,tuned_level,0.1
13000106,heavy_tail_t3,Heavy-tailed t3 residual,107,tuned_level_slope,0.1
13000107,heavy_tail_t3,Heavy-tailed t3 residual,108,tuned_level,0.1
13000107,heavy_tail_t3,Heavy-tailed t3 residual,108,tuned_level_slope,0.1
13000108,heavy_tail_t3,Heavy-tailed t3 residual,109,tuned_level,0.03
13000108,heavy_tail_t3,Heavy-tailed t3 residual,109,tuned_level_slope,0.1
13000109,heavy_tail_t3,Heavy-tailed t3 residual,110,tuned_level,0.03
13000109,heavy_tail_t3,Heavy-tailed t3 residual,110,tuned_level_slope,0.1
13000110,heavy_tail_t3,Heavy-tailed t3 residual,111,tuned_level,0.1
13000110,heavy_tail_t3,Heavy-tailed t3 residual,111,tuned_level_slope,0.1
13000111,heavy_tail_t3,Heavy-tailed t3 residual,112,tuned_level,0.03
13000111,heavy_tail_t3,Heavy-tailed t3 residual,112,tuned_level_slope,0.1
13000112,heavy_tail_t3,Heavy-tailed t3 residual,113,tuned_level,0.1
13000112,heavy_tail_t3,Heavy-tailed t3 residual,113,tuned_level_slope,0.1
13000113,heavy_tail_t3,Heavy-tailed t3 residual,114,tuned_level,0.03
13000113,heavy_tail_t3,Heavy-tailed t3 residual,114,tuned_level_slope,0.1
13000114,heavy_tail_t3,Heavy-tailed t3 residual,115,tuned_level,0.1
13000114,heavy_tail_t3,Heavy-tailed t3 residual,115,tuned_level_slope,0.1
13000115,heavy_tail_t3,Heavy-tailed t3 residual,116,tuned_level,0.1
13000115,heavy_tail_t3,Heavy-tailed t3 residual,116,tuned_level_slope,0.1
13000116,heavy_tail_t3,Heavy-tailed t3 residual,117,tuned_level,0.03
13000116,heavy_tail_t3,Heavy-tailed t3 residual,117,tuned_level_slope,0.1
13000117,heavy_tail_t3,Heavy-tailed t3 residual,118,tuned_level,0.03
13000117,heavy_tail_t3,Heavy-tailed t3 residual,118,tuned_level_slope,0.1
13000118,heavy_tail_t3,Heavy-tailed t3 residual,119,tuned_level,0.03
13000118,heavy_tail_t3,Heavy-tailed t3 residual,119,tuned_level_slope,0.1
13000119,heavy_tail_t3,Heavy-tailed t3 residual,120,tuned_level,0.0
13000119,heavy_tail_t3,Heavy-tailed t3 residual,120,tuned_level_slope,0.1
13000120,heavy_tail_t3,Heavy-tailed t3 residual,121,tuned_level,0.03
13000120,heavy_tail_t3,Heavy-tailed t3 residual,121,tuned_level_slope,0.1
13000121,heavy_tail_t3,Heavy-tailed t3 residual,122,tuned_level,0.03
13000121,heavy_tail_t3,Heavy-tailed t3 residual,122,tuned_level_slope,0.1
13000122,heavy_tail_t3,Heavy-tailed t3 residual,123,tuned_level,0.1
13000122,heavy_tail_t3,Heavy-tailed t3 residual,123,tuned_level_slope,0.1
13000123,heavy_tail_t3,Heavy-tailed t3 residual,124,tuned_level,0.1
13000123,heavy_tail_t3,Heavy-tailed t3 residual,124,tuned_level_slope,0.1
13000124,heavy_tail_t3,Heavy-tailed t3 residual,125,tuned_level,0.03
13000124,heavy_tail_t3,Heavy-tailed t3 residual,125,tuned_level_slope,0.1
13000125,heavy_tail_t3,Heavy-tailed t3 residual,126,tuned_level,0.03
13000125,heavy_tail_t3,Heavy-tailed t3 residual,126,tuned_level_slope,0.1
13000126,heavy_tail_t3,Heavy-tailed t3 residual,127,tuned_level,0.03
13000126,heavy_tail_t3,Heavy-tailed t3 residual,127,tuned_level_slope,0.1
13000127,heavy_tail_t3,Heavy-tailed t3 residual,128,tuned_level,0.03
13000127,heavy_tail_t3,Heavy-tailed t3 residual,128,tuned_level_slope,0.1
13000128,heavy_tail_t3,Heavy-tailed t3 residual,129,tuned_level,0.03
13000128,heavy_tail_t3,Heavy-tailed t3 residual,129,tuned_level_slope,0.1
13000129,heavy_tail_t3,Heavy-tailed t3 residual,130,tuned_level,0.03
13000129,heavy_tail_t3,Heavy-tailed t3 residual,130,tuned_level_slope,0.1
13000130,heavy_tail_t3,Heavy-tailed t3 residual,131,tuned_level,0.1
13000130,heavy_tail_t3,Heavy-tailed t3 residual,131,tuned_level_slope,0.1
13000131,heavy_tail_t3,Heavy-tailed t3 residual,132,tuned_level,0.1
13000131,heavy_tail_t3,Heavy-tailed t3 residual,132,tuned_level_slope,0.1
13000132,heavy_tail_t3,Heavy-tailed t3 residual,133,tuned_level,0.03
13000132,heavy_tail_t3,Heavy-tailed t3 residual,133,tuned_level_slope,0.1
13000133,heavy_tail_t3,Heavy-tailed t3 residual,134,tuned_level,0.03
13000133,heavy_tail_t3,Heavy-tailed t3 residual,134,tuned_level_slope,0.1
13000134,heavy_tail_t3,Heavy-tailed t3 residual,135,tuned_level,0.03
13000134,heavy_tail_t3,Heavy-tailed t3 residual,135,tuned_level_slope,0.1
13000135,heavy_tail_t3,Heavy-tailed t3 residual,136,tuned_level,0.03
13000135,heavy_tail_t3,Heavy-tailed t3 residual,136,tuned_level_slope,0.1
13000136,heavy_tail_t3,Heavy-tailed t3 residual,137,tuned_level,0.03
13000136,heavy_tail_t3,Heavy-tailed t3 residual,137,tuned_level_slope,0.1
13000137,heavy_tail_t3,Heavy-tailed t3 residual,138,tuned_level,0.03
13000137,heavy_tail_t3,Heavy-tailed t3 residual,138,tuned_level_slope,0.1
13000138,heavy_tail_t3,Heavy-tailed t3 residual,139,tuned_level,0.1
13000138,heavy_tail_t3,Heavy-tailed t3 residual,139,tuned_level_slope,0.1
13000139,heavy_tail_t3,Heavy-tailed t3 residual,140,tuned_level,0.1
13000139,heavy_tail_t3,Heavy-tailed t3 residual,140,tuned_level_slope,0.1
13000140,heavy_tail_t3,Heavy-tailed t3 residual,141,tuned_level,0.03
13000140,heavy_tail_t3,Heavy-tailed t3 residual,141,tuned_level_slope,0.1
13000141,heavy_tail_t3,Heavy-tailed t3 residual,142,tuned_level,0.03
13000141,heavy_tail_t3,Heavy-tailed t3 residual,142,tuned_level_slope,0.1
13000142,heavy_tail_t3,Heavy-tailed t3 residual,143,tuned_level,0.1
13000142,heavy_tail_t3,Heavy-tailed t3 residual,143,tuned_level_slope,0.1
13000143,heavy_tail_t3,Heavy-tailed t3 residual,144,tuned_level,0.1
13000143,heavy_tail_t3,Heavy-tailed t3 residual,144,tuned_level_slope,0.1
13000144,heavy_tail_t3,Heavy-tailed t3 residual,145,tuned_level,0.03
13000144,heavy_tail_t3,Heavy-tailed t3 residual,145,tuned_level_slope,0.1
13000145,heavy_tail_t3,Heavy-tailed t3 residual,146,tuned_level,0.1
13000145,heavy_tail_t3,Heavy-tailed t3 residual,146,tuned_level_slope,0.1
13000146,heavy_tail_t3,Heavy-tailed t3 residual,147,tuned_level,0.03
13000146,heavy_tail_t3,Heavy-tailed t3 residual,147,tuned_level_slope,0.1
13000147,heavy_tail_t3,Heavy-tailed t3 residual,148,tuned_level,0.03
13000147,heavy_tail_t3,Heavy-tailed t3 residual,148,tuned_level_slope,0.1
13000148,heavy_tail_t3,Heavy-tailed t3 residual,149,tuned_level,0.1
13000148,heavy_tail_t3,Heavy-tailed t3 residual,149,tuned_level_slope,0.1
13000149,heavy_tail_t3,Heavy-tailed t3 residual,150,tuned_level,0.03
13000149,heavy_tail_t3,Heavy-tailed t3 residual,150,tuned_level_slope,0.1
13000150,heavy_tail_t3,Heavy-tailed t3 residual,151,tuned_level,0.03
13000150,heavy_tail_t3,Heavy-tailed t3 residual,151,tuned_level_slope,0.1
13000151,heavy_tail_t3,Heavy-tailed t3 residual,152,tuned_level,0.03
13000151,heavy_tail_t3,Heavy-tailed t3 residual,152,tuned_level_slope,0.1
13000152,heavy_tail_t3,Heavy-tailed t3 residual,153,tuned_level,0.03
13000152,heavy_tail_t3,Heavy-tailed t3 residual,153,tuned_level_slope,0.1
13000153,heavy_tail_t3,Heavy-tailed t3 residual,154,tuned_level,0.03
13000153,heavy_tail_t3,Heavy-tailed t3 residual,154,tuned_level_slope,0.1
13000154,heavy_tail_t3,Heavy-tailed t3 residual,155,tuned_level,0.03
13000154,heavy_tail_t3,Heavy-tailed t3 residual,155,tuned_level_slope,0.1
13000155,heavy_tail_t3,Heavy-tailed t3 residual,156,tuned_level,0.1
13000155,heavy_tail_t3,Heavy-tailed t3 residual,156,tuned_level_slope,0.1
13000156,heavy_tail_t3,Heavy-tailed t3 residual,157,tuned_level,0.1
13000156,heavy_tail_t3,Heavy-tailed t3 residual,157,tuned_level_slope,0.1
13000157,heavy_tail_t3,Heavy-tailed t3 residual,158,tuned_level,0.03
13000157,heavy_tail_t3,Heavy-tailed t3 residual,158,tuned_level_slope,0.1
13000158,heavy_tail_t3,Heavy-tailed t3 residual,159,tuned_level,0.1
13000158,heavy_tail_t3,Heavy-tailed t3 residual,159,tuned_level_slope,0.1
13000159,heavy_tail_t3,Heavy-tailed t3 residual,160,tuned_level,0.03
13000159,heavy_tail_t3,Heavy-tailed t3 residual,160,tuned_level_slope,0.1
13000160,heavy_tail_t3,Heavy-tailed t3 residual,161,tuned_level,0.03
13000160,heavy_tail_t3,Heavy-tailed t3 residual,161,tuned_level_slope,0.1
13000161,heavy_tail_t3,Heavy-tailed t3 residual,162,tuned_level,0.03
13000161,heavy_tail_t3,Heavy-tailed t3 residual,162,tuned_level_slope,0.1
13000162,heavy_tail_t3,Heavy-tailed t3 residual,163,tuned_level,0.1
13000162,heavy_tail_t3,Heavy-tailed t3 residual,163,tuned_level_slope,0.1
13000163,heavy_tail_t3,Heavy-tailed t3 residual,164,tuned_level,0.1
13000163,heavy_tail_t3,Heavy-tailed t3 residual,164,tuned_level_slope,0.1
13000164,heavy_tail_t3,Heavy-tailed t3 residual,165,tuned_level,0.1
13000164,heavy_tail_t3,Heavy-tailed t3 residual,165,tuned_level_slope,0.1
13000165,heavy_tail_t3,Heavy-tailed t3 residual,166,tuned_level,0.03
13000165,heavy_tail_t3,Heavy-tailed t3 residual,166,tuned_level_slope,0.1
13000166,heavy_tail_t3,Heavy-tailed t3 residual,167,tuned_level,0.03
13000166,heavy_tail_t3,Heavy-tailed t3 residual,167,tuned_level_slope,0.1
13000167,heavy_tail_t3,Heavy-tailed t3 residual,168,tuned_level,0.03
13000167,heavy_tail_t3,Heavy-tailed t3 residual,168,tuned_level_slope,0.1
13000168,heavy_tail_t3,Heavy-tailed t3 residual,169,tuned_level,0.1
13000168,heavy_tail_t3,Heavy-tailed t3 residual,169,tuned_level_slope,0.1
13000169,heavy_tail_t3,Heavy-tailed t3 residual,170,tuned_level,0.1
13000169,heavy_tail_t3,Heavy-tailed t3 residual,170,tuned_level_slope,0.1
13000170,heavy_tail_t3,Heavy-tailed t3 residual,171,tuned_level,0.1
13000170,heavy_tail_t3,Heavy-tailed t3 residual,171,tuned_level_slope,0.1
13000171,heavy_tail_t3,Heavy-tailed t3 residual,172,tuned_level,0.1
13000171,heavy_tail_t3,Heavy-tailed t3 residual,172,tuned_level_slope,0.1
13000172,heavy_tail_t3,Heavy-tailed t3 residual,173,tuned_level,0.1
13000172,heavy_tail_t3,Heavy-tailed t3 residual,173,tuned_level_slope,0.1
13000173,heavy_tail_t3,Heavy-tailed t3 residual,174,tuned_level,0.03
13000173,heavy_tail_t3,Heavy-tailed t3 residual,174,tuned_level_slope,0.1
13000174,heavy_tail_t3,Heavy-tailed t3 residual,175,tuned_level,0.03
13000174,heavy_tail_t3,Heavy-tailed t3 residual,175,tuned_level_slope,0.1
13000175,heavy_tail_t3,Heavy-tailed t3 residual,176,tuned_level,0.1
13000175,heavy_tail_t3,Heavy-tailed t3 residual,176,tuned_level_slope,0.1
13000176,heavy_tail_t3,Heavy-tailed t3 residual,177,tuned_level,0.1
13000176,heavy_tail_t3,Heavy-tailed t3 residual,177,tuned_level_slope,0.1
13000177,heavy_tail_t3,Heavy-tailed t3 residual,178,tuned_level,0.1
13000177,heavy_tail_t3,Heavy-tailed t3 residual,178,tuned_level_slope,0.1
13000178,heavy_tail_t3,Heavy-tailed t3 residual,179,tuned_level,0.03
13000178,heavy_tail_t3,Heavy-tailed t3 residual,179,tuned_level_slope,0.1
13000179,heavy_tail_t3,Heavy-tailed t3 residual,180,tuned_level,0.1
13000179,heavy_tail_t3,Heavy-tailed t3 residual,180,tuned_level_slope,0.1
13000180,heavy_tail_t3,Heavy-tailed t3 residual,181,tuned_level,0.03
13000180,heavy_tail_t3,Heavy-tailed t3 residual,181,tuned_level_slope,0.1
13000181,heavy_tail_t3,Heavy-tailed t3 residual,182,tuned_level,0.1
13000181,heavy_tail_t3,Heavy-tailed t3 residual,182,tuned_level_slope,0.1
13000182,heavy_tail_t3,Heavy-tailed t3 residual,183,tuned_level,0.1
13000182,heavy_tail_t3,Heavy-tailed t3 residual,183,tuned_level_slope,0.1
13000183,heavy_tail_t3,Heavy-tailed t3 residual,184,tuned_level,0.03
13000183,heavy_tail_t3,Heavy-tailed t3 residual,184,tuned_level_slope,0.1
13000184,heavy_tail_t3,Heavy-tailed t3 residual,185,tuned_level,0.03
13000184,heavy_tail_t3,Heavy-tailed t3 residual,185,tuned_level_slope,0.1
13000185,heavy_tail_t3,Heavy-tailed t3 residual,186,tuned_level,0.1
13000185,heavy_tail_t3,Heavy-tailed t3 residual,186,tuned_level_slope,0.1
13000186,heavy_tail_t3,Heavy-tailed t3 residual,187,tuned_level,0.1
13000186,heavy_tail_t3,Heavy-tailed t3 residual,187,tuned_level_slope,0.1
13000187,heavy_tail_t3,Heavy-tailed t3 residual,188,tuned_level,0.1
13000187,heavy_tail_t3,Heavy-tailed t3 residual,188,tuned_level_slope,0.1
13000188,heavy_tail_t3,Heavy-tailed t3 residual,189,tuned_level,0.03
13000188,heavy_tail_t3,Heavy-tailed t3 residual,189,tuned_level_slope,0.1
13000189,heavy_tail_t3,Heavy-tailed t3 residual,190,tuned_level,0.03
13000189,heavy_tail_t3,Heavy-tailed t3 residual,190,tuned_level_slope,0.1
13000190,heavy_tail_t3,Heavy-tailed t3 residual,191,tuned_level,0.1
13000190,heavy_tail_t3,Heavy-tailed t3 residual,191,tuned_level_slope,0.1
13000191,heavy_tail_t3,Heavy-tailed t3 residual,192,tuned_level,0.03
13000191,heavy_tail_t3,Heavy-tailed t3 residual,192,tuned_level_slope,0.1
13000192,heavy_tail_t3,Heavy-tailed t3 residual,193,tuned_level,0.03
13000192,heavy_tail_t3,Heavy-tailed t3 residual,193,tuned_level_slope,0.1
13000193,heavy_tail_t3,Heavy-tailed t3 residual,194,tuned_level,0.03
13000193,heavy_tail_t3,Heavy-tailed t3 residual,194,tuned_level_slope,0.1
13000194,heavy_tail_t3,Heavy-tailed t3 residual,195,tuned_level,0.1
13000194,heavy_tail_t3,Heavy-tailed t3 residual,195,tuned_level_slope,0.1
13000195,heavy_tail_t3,Heavy-tailed t3 residual,196,tuned_level,0.03
13000195,heavy_tail_t3,Heavy-tailed t3 residual,196,tuned_level_slope,0.1
13000196,heavy_tail_t3,Heavy-tailed t3 residual,197,tuned_level,0.03
13000196,heavy_tail_t3,Heavy-tailed t3 residual,197,tuned_level_slope,0.1
13000197,heavy_tail_t3,Heavy-tailed t3 residual,198,tuned_level,0.1
13000197,heavy_tail_t3,Heavy-tailed t3 residual,198,tuned_level_slope,0.1
13000198,heavy_tail_t3,Heavy-tailed t3 residual,199,tuned_level,0.03
13000198,heavy_tail_t3,Heavy-tailed t3 residual,199,tuned_level_slope,0.1
13000199,heavy_tail_t3,Heavy-tailed t3 residual,200,tuned_level,0.1
13000199,heavy_tail_t3,Heavy-tailed t3 residual,200,tuned_level_slope,0.1
