group_id,scenario_key,scenario_label,rep,intercept,slope,tuning_loss,raw_identity_tuning_loss,success,solver,solver_status,solver_message,max_equality_residual,n_tuning_stays,n_tuning_later_observations
0,ideal_large_dense,"Ideal: large, dense",1,8.710770468272504,0.877058597336924,1.0355649194632173,1.0468515234619278,True,scipy.optimize.linprog(method='highs'),0,Optimization terminated successfully. (HiGHS Status 7: Optimal),1.4210854715202004e-14,120,1428
1,ideal_large_dense,"Ideal: large, dense",2,9.8757003913852,0.847237428175889,1.0461204528210282,1.0686073648716443,True,scipy.optimize.linprog(method='highs'),0,Optimization terminated successfully. (HiGHS Status 7: Optimal),1.4210854715202004e-14,120,1434
2,ideal_large_dense,"Ideal: large, dense",3,7.543845605887498,0.8828477463696758,1.0346041449950694,1.062866795488548,True,scipy.optimize.linprog(method='highs'),0,Optimization terminated successfully. (HiGHS Status 7: Optimal),1.4210854715202004e-14,120,1420
3,ideal_large_dense,"Ideal: large, dense",4,11.113842586743942,0.8329256234638936,1.0614155790179942,1.090185586871989,True,scipy.optimize.linprog(method='highs'),0,Optimization terminated successfully. (HiGHS Status 7: Optimal),1.4210854715202004e-14,120,1416
4,ideal_large_dense,"Ideal: large, dense",5,2.504460804669037,0.95207126470566,1.078502345466151,1.089904855982123,True,scipy.optimize.linprog(method='highs'),0,Optimization terminated successfully. (HiGHS Status 7: Optimal),1.4210854715202004e-14,120,1427
5,ideal_large_dense,"Ideal: large, dense",6,8.873500901485656,0.8608871189982648,1.0804294603694475,1.123253606443342,True,scipy.optimize.linprog(method='highs'),0,Optimization terminated successfully. (HiGHS Status 7: Optimal),1.4210854715202004e-14,120,1481
6,ideal_large_dense,"Ideal: large, dense",7,12.03547888236924,0.8217959306117127,1.0667610148071118,1.1177197337756786,True,scipy.optimize.linprog(method='highs'),0,Optimization terminated successfully. (HiGHS Status 7: Optimal),1.4210854715202004e-14,120,1422
7,ideal_large_dense,"Ideal: large, dense",8,3.235122121279943,0.9451830677788012,1.062437889952025,1.0731120922580468,True,scipy.optimize.linprog(method='highs'),0,Optimization terminated successfully. (HiGHS Status 7: Optimal),1.4210854715202004e-14,120,1456
8,ideal_large_dense,"Ideal: large, dense",9,6.735396054714371,0.8953904988161426,1.08037309531708,1.098312139880938,True,scipy.optimize.linprog(method='highs'),0,Optimization terminated successfully. (HiGHS Status 7: Optimal),1.4210854715202004e-14,120,1471
9,ideal_large_dense,"Ideal: large, dense",10,18.111918461594183,0.7318673238916723,1.0470540053584805,1.1002284586475193,True,scipy.optimize.linprog(method='highs'),0,Optimization terminated successfully. (HiGHS Status 7: Optimal),1.4210854715202004e-14,120,1472
10,ideal_large_dense,"Ideal: large, dense",11,12.278330759285588,0.8215186520090877,1.0457852013452624,1.0754609664539423,True,scipy.optimize.linprog(method='highs'),0,Optimization terminated successfully. (HiGHS Status 7: Optimal),1.4210854715202004e-14,120,1446
11,ideal_large_dense,"Ideal: large, dense",12,14.300614975048616,0.8019616852056017,0.9845500061569752,1.016427969861993,True,scipy.optimize.linprog(method='highs'),0,Optimization terminated successfully. (HiGHS Status 7: Optimal),1.4210854715202004e-14,120,1468
12,ideal_large_dense,"Ideal: large, dense",13,4.663462231063957,0.9229060944627344,0.9957827593206012,1.0124869204655915,True,scipy.optimize.linprog(method='highs'),0,Optimization terminated successfully. (HiGHS Status 7: Optimal),1.4210854715202004e-14,120,1505
13,ideal_large_dense,"Ideal: large, dense",14,12.747963085331245,0.8069573152952234,1.0422954235725617,1.0793192398962062,True,scipy.optimize.linprog(method='highs'),0,Optimization terminated successfully. (HiGHS Status 7: Optimal),1.4210854715202004e-14,120,1437
14,ideal_large_dense,"Ideal: large, dense",15,11.571712519634794,0.8306612508818179,1.02373997350137,1.0472134297348468,True,scipy.optimize.linprog(method='highs'),0,Optimization terminated successfully. (HiGHS Status 7: Optimal),1.4210854715202004e-14,120,1431
15,ideal_large_dense,"Ideal: large, dense",16,17.289974142154062,0.7504207386894431,1.0700508808645617,1.122421370755838,True,scipy.optimize.linprog(method='highs'),0,Optimization terminated successfully. (HiGHS Status 7: Optimal),2.8421709430404014e-14,120,1373
16,ideal_large_dense,"Ideal: large, dense",17,12.45579352706454,0.8171724156770832,1.0748161179894236,1.1060977354247086,True,scipy.optimize.linprog(method='highs'),0,Optimization terminated successfully. (HiGHS Status 7: Optimal),1.4210854715202004e-14,120,1460
17,ideal_large_dense,"Ideal: large, dense",18,6.5631519251568085,0.9000435937883183,1.0574627621542805,1.07278568541399,True,scipy.optimize.linprog(method='highs'),0,Optimization terminated successfully. (HiGHS Status 7: Optimal),1.4210854715202004e-14,120,1459
18,ideal_large_dense,"Ideal: large, dense",19,9.881136971943365,0.8465516579130494,1.0946411942697172,1.130602191025093,True,scipy.optimize.linprog(method='highs'),0,Optimization terminated successfully. (HiGHS Status 7: Optimal),1.4210854715202004e-14,120,1427
19,ideal_large_dense,"Ideal: large, dense",20,8.12052375905656,0.8717750897426376,1.0503042745938456,1.08210495887707,True,scipy.optimize.linprog(method='highs'),0,Optimization terminated successfully. (HiGHS Status 7: Optimal),2.8421709430404014e-14,120,1454
1000000,ideal_small_dense,"Ideal: small, dense",1,22.35978451869217,0.6758509545030165,1.061925317009273,1.129000604447618,True,scipy.optimize.linprog(method='highs'),0,Optimization terminated successfully. (HiGHS Status 7: Optimal),1.4210854715202004e-14,48,561
1000001,ideal_small_dense,"Ideal: small, dense",2,7.136568649226845,0.8875049556071601,1.1604457550293532,1.191930012257805,True,scipy.optimize.linprog(method='highs'),0,Optimization terminated successfully. (HiGHS Status 7: Optimal),1.4210854715202004e-14,48,573
1000002,ideal_small_dense,"Ideal: small, dense",3,5.579489914046551,0.9188023256780328,1.0306304371947723,1.0359496108801436,True,scipy.optimize.linprog(method='highs'),0,Optimization terminated successfully. (HiGHS Status 7: Optimal),1.4210854715202004e-14,48,597
1000003,ideal_small_dense,"Ideal: small, dense",4,12.953390268462044,0.8098968918569552,1.0927813118905554,1.1239935592568298,True,scipy.optimize.linprog(method='highs'),0,Optimization terminated successfully. (HiGHS Status 7: Optimal),1.4210854715202004e-14,48,571
1000004,ideal_small_dense,"Ideal: small, dense",5,8.049015286424478,0.8745081814590574,1.0999500803309186,1.1227168300151908,True,scipy.optimize.linprog(method='highs'),0,Optimization terminated successfully. (HiGHS Status 7: Optimal),1.4210854715202004e-14,48,548
1000005,ideal_small_dense,"Ideal: small, dense",6,5.935935044873368,0.900086291002614,1.0545516358406517,1.0947620395264552,True,scipy.optimize.linprog(method='highs'),0,Optimization terminated successfully. (HiGHS Status 7: Optimal),1.4210854715202004e-14,48,604
1000006,ideal_small_dense,"Ideal: small, dense",7,7.663008289473154,0.870247179022561,1.097505803223703,1.1537480492525811,True,scipy.optimize.linprog(method='highs'),0,Optimization terminated successfully. (HiGHS Status 7: Optimal),1.4210854715202004e-14,48,572
1000007,ideal_small_dense,"Ideal: small, dense",8,9.978535263898763,0.847868488941871,1.05002371939002,1.0809703441169227,True,scipy.optimize.linprog(method='highs'),0,Optimization terminated successfully. (HiGHS Status 7: Optimal),1.4210854715202004e-14,48,572
1000008,ideal_small_dense,"Ideal: small, dense",9,5.916135385460905,0.9004374885799509,1.046884044694821,1.1029665251339076,True,scipy.optimize.linprog(method='highs'),0,Optimization terminated successfully. (HiGHS Status 7: Optimal),1.4210854715202004e-14,48,595
1000009,ideal_small_dense,"Ideal: small, dense",10,14.59288037685402,0.7902410822615898,0.9988908120507548,1.0464072746015116,True,scipy.optimize.linprog(method='highs'),0,Optimization terminated successfully. (HiGHS Status 7: Optimal),1.4210854715202004e-14,48,565
1000010,ideal_small_dense,"Ideal: small, dense",11,12.222630501206451,0.8165403169569417,1.063355690596856,1.1035872961711264,True,scipy.optimize.linprog(method='highs'),0,Optimization terminated successfully. (HiGHS Status 7: Optimal),1.4210854715202004e-14,48,587
1000011,ideal_small_dense,"Ideal: small, dense",12,4.478682190599238,0.9268864480387922,1.059391060552913,1.0679467230903668,True,scipy.optimize.linprog(method='highs'),0,Optimization terminated successfully. (HiGHS Status 7: Optimal),1.4210854715202004e-14,48,564
1000012,ideal_small_dense,"Ideal: small, dense",13,15.508749295588906,0.778339715978965,1.0641125880032525,1.105085292396473,True,scipy.optimize.linprog(method='highs'),0,Optimization terminated successfully. (HiGHS Status 7: Optimal),1.4210854715202004e-14,48,561
1000013,ideal_small_dense,"Ideal: small, dense",14,13.99343372320691,0.7845945011103913,1.069066510792284,1.10674177088341,True,scipy.optimize.linprog(method='highs'),0,Optimization terminated successfully. (HiGHS Status 7: Optimal),1.4210854715202004e-14,48,559
1000014,ideal_small_dense,"Ideal: small, dense",15,23.712973069569166,0.6588081908746052,1.0791455370234206,1.1452953394781802,True,scipy.optimize.linprog(method='highs'),0,Optimization terminated successfully. (HiGHS Status 7: Optimal),1.4210854715202004e-14,48,575
1000015,ideal_small_dense,"Ideal: small, dense",16,4.615470659090192,0.9307494046847766,1.0966152303701004,1.1029773285156117,True,scipy.optimize.linprog(method='highs'),0,Optimization terminated successfully. (HiGHS Status 7: Optimal),1.4210854715202004e-14,48,554
1000016,ideal_small_dense,"Ideal: small, dense",17,11.375158789257869,0.8336173934088431,0.9832710030812168,1.033014266776335,True,scipy.optimize.linprog(method='highs'),0,Optimization terminated successfully. (HiGHS Status 7: Optimal),1.4210854715202004e-14,48,574
1000017,ideal_small_dense,"Ideal: small, dense",18,15.834740448928358,0.7755639202111789,0.9957453578796928,1.0381784006196717,True,scipy.optimize.linprog(method='highs'),0,Optimization terminated successfully. (HiGHS Status 7: Optimal),1.4210854715202004e-14,48,576
1000018,ideal_small_dense,"Ideal: small, dense",19,2.004548193463897,0.953157539911258,1.0500673453269571,1.1012761946047478,True,scipy.optimize.linprog(method='highs'),0,Optimization terminated successfully. (HiGHS Status 7: Optimal),1.4210854715202004e-14,48,565
1000019,ideal_small_dense,"Ideal: small, dense",20,3.67860601521128,0.9375253394372476,1.1289015892862837,1.146823779099603,True,scipy.optimize.linprog(method='highs'),0,Optimization terminated successfully. (HiGHS Status 7: Optimal),1.4210854715202004e-14,48,582
2000000,ideal_large_sparse,"Ideal: large, sparse",1,29.37679229147846,0.5576744317434283,1.062234221602034,1.3956722212840595,True,scipy.optimize.linprog(method='highs'),0,Optimization terminated successfully. (HiGHS Status 7: Optimal),1.4210854715202004e-14,120,709
2000001,ideal_large_sparse,"Ideal: large, sparse",2,15.02596304476323,0.7537288815970197,1.108802641069878,1.3560675860611109,True,scipy.optimize.linprog(method='highs'),0,Optimization terminated successfully. (HiGHS Status 7: Optimal),1.4210854715202004e-14,120,735
2000002,ideal_large_sparse,"Ideal: large, sparse",3,22.99338149258957,0.6407889544223792,1.0920961805144265,1.4256621484637235,True,scipy.optimize.linprog(method='highs'),0,Optimization terminated successfully. (HiGHS Status 7: Optimal),1.4210854715202004e-14,120,706
2000003,ideal_large_sparse,"Ideal: large, sparse",4,20.74558051505928,0.6683536646486925,1.1313754044204,1.628742699611892,True,scipy.optimize.linprog(method='highs'),0,Optimization terminated successfully. (HiGHS Status 7: Optimal),1.4210854715202004e-14,120,709
2000004,ideal_large_sparse,"Ideal: large, sparse",5,30.186445012561336,0.5419309326270502,1.2108275439973932,1.5145537488904317,True,scipy.optimize.linprog(method='highs'),0,Optimization terminated successfully. (HiGHS Status 7: Optimal),1.4210854715202004e-14,120,706
2000005,ideal_large_sparse,"Ideal: large, sparse",6,21.01025486034965,0.6667767184789263,1.1202842947206395,1.5393466556459758,True,scipy.optimize.linprog(method='highs'),0,Optimization terminated successfully. (HiGHS Status 7: Optimal),1.4210854715202004e-14,120,720
2000006,ideal_large_sparse,"Ideal: large, sparse",7,16.354260387975966,0.7193684042551749,1.1830273102424729,1.5727589675075715,True,scipy.optimize.linprog(method='highs'),0,Optimization terminated successfully. (HiGHS Status 7: Optimal),1.4210854715202004e-14,120,705
2000007,ideal_large_sparse,"Ideal: large, sparse",8,27.697464418127748,0.5715850328196374,1.200165739803812,1.6397938299648545,True,scipy.optimize.linprog(method='highs'),0,Optimization terminated successfully. (HiGHS Status 7: Optimal),1.4210854715202004e-14,120,718
2000008,ideal_large_sparse,"Ideal: large, sparse",9,25.71127440018623,0.6036681599442038,1.1699949060105026,1.5449101892261723,True,scipy.optimize.linprog(method='highs'),0,Optimization terminated successfully. (HiGHS Status 7: Optimal),1.4210854715202004e-14,120,724
2000009,ideal_large_sparse,"Ideal: large, sparse",10,16.994674762585326,0.7146784772279348,1.1611986451763607,1.537810658924862,True,scipy.optimize.linprog(method='highs'),0,Optimization terminated successfully. (HiGHS Status 7: Optimal),1.4210854715202004e-14,120,725
2000010,ideal_large_sparse,"Ideal: large, sparse",11,16.13766852172512,0.7457165693383635,1.0900662095400238,1.317438951922818,True,scipy.optimize.linprog(method='highs'),0,Optimization terminated successfully. (HiGHS Status 7: Optimal),1.4210854715202004e-14,120,705
2000011,ideal_large_sparse,"Ideal: large, sparse",12,25.84949556831499,0.5902020211160744,1.2362367729220758,1.5698582538997088,True,scipy.optimize.linprog(method='highs'),0,Optimization terminated successfully. (HiGHS Status 7: Optimal),1.4210854715202004e-14,120,681
2000012,ideal_large_sparse,"Ideal: large, sparse",13,20.16260471770314,0.6770814263606639,1.125512648177366,1.5444906529475348,True,scipy.optimize.linprog(method='highs'),0,Optimization terminated successfully. (HiGHS Status 7: Optimal),1.4210854715202004e-14,120,738
2000013,ideal_large_sparse,"Ideal: large, sparse",14,20.76868528015313,0.6739460977103353,1.1594276838201525,1.5323831462267434,True,scipy.optimize.linprog(method='highs'),0,Optimization terminated successfully. (HiGHS Status 7: Optimal),1.4210854715202004e-14,120,689
2000014,ideal_large_sparse,"Ideal: large, sparse",15,30.438332147594856,0.532004646996068,1.1695129048105368,1.5007918812837342,True,scipy.optimize.linprog(method='highs'),0,Optimization terminated successfully. (HiGHS Status 7: Optimal),1.4210854715202004e-14,120,726
2000015,ideal_large_sparse,"Ideal: large, sparse",16,25.08505646092433,0.6049154162551363,1.127637213775027,1.6652616357887955,True,scipy.optimize.linprog(method='highs'),0,Optimization terminated successfully. (HiGHS Status 7: Optimal),1.4210854715202004e-14,120,734
2000016,ideal_large_sparse,"Ideal: large, sparse",17,23.196970439749062,0.6246763362282025,1.2056667648315071,1.6176781902356625,True,scipy.optimize.linprog(method='highs'),0,Optimization terminated successfully. (HiGHS Status 7: Optimal),1.4210854715202004e-14,120,715
2000017,ideal_large_sparse,"Ideal: large, sparse",18,15.249852097084858,0.748310352563278,1.1173798479884538,1.3624599901314849,True,scipy.optimize.linprog(method='highs'),0,Optimization terminated successfully. (HiGHS Status 7: Optimal),2.8421709430404014e-14,120,732
2000018,ideal_large_sparse,"Ideal: large, sparse",19,19.134886479738867,0.6856161745881205,1.1112331716821946,1.5604244540349628,True,scipy.optimize.linprog(method='highs'),0,Optimization terminated successfully. (HiGHS Status 7: Optimal),1.4210854715202004e-14,120,700
2000019,ideal_large_sparse,"Ideal: large, sparse",20,21.85179565946116,0.641216148540013,1.1253727833283729,1.7707949111361796,True,scipy.optimize.linprog(method='highs'),0,Optimization terminated successfully. (HiGHS Status 7: Optimal),1.4210854715202004e-14,120,732
3000000,serial_dependence,Serial dependence,1,23.802898004981103,0.6523251809734394,1.0655810062893518,1.1982589700429118,True,scipy.optimize.linprog(method='highs'),0,Optimization terminated successfully. (HiGHS Status 7: Optimal),1.4210854715202004e-14,120,1191
3000001,serial_dependence,Serial dependence,2,19.368978922147825,0.7121605305698755,1.032088334772079,1.1421355343642228,True,scipy.optimize.linprog(method='highs'),0,Optimization terminated successfully. (HiGHS Status 7: Optimal),1.4210854715202004e-14,120,1209
3000002,serial_dependence,Serial dependence,3,14.648999592863532,0.7653715655162864,1.1170352671215311,1.2602759817189877,True,scipy.optimize.linprog(method='highs'),0,Optimization terminated successfully. (HiGHS Status 7: Optimal),1.4210854715202004e-14,120,1187
3000003,serial_dependence,Serial dependence,4,11.283738579786808,0.8188088640976363,1.0720497037034311,1.145984248393099,True,scipy.optimize.linprog(method='highs'),0,Optimization terminated successfully. (HiGHS Status 7: Optimal),4.263256414560601e-14,120,1236
3000004,serial_dependence,Serial dependence,5,14.840268968282176,0.7544820614332097,1.1745526839242435,1.374829666418554,True,scipy.optimize.linprog(method='highs'),0,Optimization terminated successfully. (HiGHS Status 7: Optimal),2.8421709430404014e-14,120,1216
3000005,serial_dependence,Serial dependence,6,18.688809777713608,0.707058879115145,1.1657236150551642,1.3401459227037744,True,scipy.optimize.linprog(method='highs'),0,Optimization terminated successfully. (HiGHS Status 7: Optimal),1.4210854715202004e-14,120,1254
3000006,serial_dependence,Serial dependence,7,8.594635480533746,0.8486958530339195,1.1148917189411427,1.2370590731394056,True,scipy.optimize.linprog(method='highs'),0,Optimization terminated successfully. (HiGHS Status 7: Optimal),1.4210854715202004e-14,120,1147
3000007,serial_dependence,Serial dependence,8,10.705447319520417,0.8109092496915166,1.110604328849111,1.2795112642541226,True,scipy.optimize.linprog(method='highs'),0,Optimization terminated successfully. (HiGHS Status 7: Optimal),1.4210854715202004e-14,120,1184
3000008,serial_dependence,Serial dependence,9,11.591381349136654,0.8104073351767991,1.096614050929226,1.2049162740438704,True,scipy.optimize.linprog(method='highs'),0,Optimization terminated successfully. (HiGHS Status 7: Optimal),1.4210854715202004e-14,120,1192
3000009,serial_dependence,Serial dependence,10,14.165620069066728,0.7816572237858785,1.119430869388402,1.1892821088061911,True,scipy.optimize.linprog(method='highs'),0,Optimization terminated successfully. (HiGHS Status 7: Optimal),1.4210854715202004e-14,120,1186
3000010,serial_dependence,Serial dependence,11,12.713691582792578,0.7961327323045737,1.0864150870938711,1.1970985322350418,True,scipy.optimize.linprog(method='highs'),0,Optimization terminated successfully. (HiGHS Status 7: Optimal),1.4210854715202004e-14,120,1181
3000011,serial_dependence,Serial dependence,12,6.878663089544403,0.8909352159289171,1.0414223781041911,1.0842937803980837,True,scipy.optimize.linprog(method='highs'),0,Optimization terminated successfully. (HiGHS Status 7: Optimal),1.4210854715202004e-14,120,1185
3000012,serial_dependence,Serial dependence,13,9.50279954145599,0.8419931005010197,1.0952099011519334,1.2017962703657072,True,scipy.optimize.linprog(method='highs'),0,Optimization terminated successfully. (HiGHS Status 7: Optimal),1.4210854715202004e-14,120,1184
3000013,serial_dependence,Serial dependence,14,18.287850196973583,0.7313064095689747,1.0914356222529449,1.1590762870247535,True,scipy.optimize.linprog(method='highs'),0,Optimization terminated successfully. (HiGHS Status 7: Optimal),1.4210854715202004e-14,120,1181
3000014,serial_dependence,Serial dependence,15,19.98320770685408,0.7094141806296804,1.087552795179093,1.1742855165578454,True,scipy.optimize.linprog(method='highs'),0,Optimization terminated successfully. (HiGHS Status 7: Optimal),1.4210854715202004e-14,120,1199
3000015,serial_dependence,Serial dependence,16,19.59737874167728,0.7016820947888648,1.0619307438579824,1.2004334576050428,True,scipy.optimize.linprog(method='highs'),0,Optimization terminated successfully. (HiGHS Status 7: Optimal),1.4210854715202004e-14,120,1167
3000016,serial_dependence,Serial dependence,17,19.95136838064936,0.7008975872623728,1.143201758113312,1.2370246790078288,True,scipy.optimize.linprog(method='highs'),0,Optimization terminated successfully. (HiGHS Status 7: Optimal),1.4210854715202004e-14,120,1242
3000017,serial_dependence,Serial dependence,18,27.358797220414296,0.6018342216687205,1.0656825611686025,1.2225879963918536,True,scipy.optimize.linprog(method='highs'),0,Optimization terminated successfully. (HiGHS Status 7: Optimal),1.4210854715202004e-14,120,1185
3000018,serial_dependence,Serial dependence,19,16.663517557293467,0.7621655808829636,1.0472696726211836,1.0890828436779585,True,scipy.optimize.linprog(method='highs'),0,Optimization terminated successfully. (HiGHS Status 7: Optimal),2.8421709430404014e-14,120,1225
3000019,serial_dependence,Serial dependence,20,19.511076432690285,0.7126212377912702,1.0614711035340143,1.16061821358366,True,scipy.optimize.linprog(method='highs'),0,Optimization terminated successfully. (HiGHS Status 7: Optimal),1.4210854715202004e-14,120,1208
4000000,discrete_map_rounding,Integer MAP rounding,1,18.81818181818181,0.7272727272727274,1.0541867162719436,1.117491584804085,True,scipy.optimize.linprog(method='highs'),0,Optimization terminated successfully. (HiGHS Status 7: Optimal),1.4210854715202004e-14,120,1156
4000001,discrete_map_rounding,Integer MAP rounding,2,9.71428571428572,0.857142857142857,1.0348032298389438,1.0655954369704372,True,scipy.optimize.linprog(method='highs'),0,Optimization terminated successfully. (HiGHS Status 7: Optimal),1.4210854715202004e-14,120,1193
4000002,discrete_map_rounding,Integer MAP rounding,3,21.57894736842105,0.6842105263157895,1.0611121536845212,1.1360916259666256,True,scipy.optimize.linprog(method='highs'),0,Optimization terminated successfully. (HiGHS Status 7: Optimal),1.4210854715202004e-14,120,1214
4000003,discrete_map_rounding,Integer MAP rounding,4,23.00000000000002,0.6666666666666663,1.0313092863926183,1.1106991249491254,True,scipy.optimize.linprog(method='highs'),0,Optimization terminated successfully. (HiGHS Status 7: Optimal),1.4210854715202004e-14,120,1158
4000004,discrete_map_rounding,Integer MAP rounding,5,10.15789473684208,0.8421052631578949,1.0848753708523438,1.1255420251045258,True,scipy.optimize.linprog(method='highs'),0,Optimization terminated successfully. (HiGHS Status 7: Optimal),1.4210854715202004e-14,120,1184
4000005,discrete_map_rounding,Integer MAP rounding,6,16.74999999999985,0.7500000000000019,1.1225226914289417,1.1849249014874008,True,scipy.optimize.linprog(method='highs'),0,Optimization terminated successfully. (HiGHS Status 7: Optimal),2.8421709430404014e-14,120,1149
4000006,discrete_map_rounding,Integer MAP rounding,7,15.111111111111136,0.7777777777777775,1.1200218652232536,1.16654566035816,True,scipy.optimize.linprog(method='highs'),0,Optimization terminated successfully. (HiGHS Status 7: Optimal),1.4210854715202004e-14,120,1182
4000007,discrete_map_rounding,Integer MAP rounding,8,9.205882352941163,0.8529411764705885,1.126421813072548,1.1594104876604874,True,scipy.optimize.linprog(method='highs'),0,Optimization terminated successfully. (HiGHS Status 7: Optimal),1.4210854715202004e-14,120,1205
4000008,discrete_map_rounding,Integer MAP rounding,9,13.200000000000005,0.8,1.0544827279202285,1.1076904646279644,True,scipy.optimize.linprog(method='highs'),0,Optimization terminated successfully. (HiGHS Status 7: Optimal),1.4210854715202004e-14,120,1219
4000009,discrete_map_rounding,Integer MAP rounding,10,17.00000000000003,0.7499999999999996,1.0558318602693606,1.125498536186036,True,scipy.optimize.linprog(method='highs'),0,Optimization terminated successfully. (HiGHS Status 7: Optimal),0.0,120,1217
4000010,discrete_map_rounding,Integer MAP rounding,11,12.062499999999986,0.8125000000000002,1.1081500377515998,1.1563353058978054,True,scipy.optimize.linprog(method='highs'),0,Optimization terminated successfully. (HiGHS Status 7: Optimal),1.4210854715202004e-14,120,1226
4000011,discrete_map_rounding,Integer MAP rounding,12,6.888888888888886,0.8888888888888891,1.090192174594954,1.1124741878491884,True,scipy.optimize.linprog(method='highs'),0,Optimization terminated successfully. (HiGHS Status 7: Optimal),1.4210854715202004e-14,120,1217
4000012,discrete_map_rounding,Integer MAP rounding,13,12.8,0.8,1.1190127696377696,1.1938339669589668,True,scipy.optimize.linprog(method='highs'),0,Optimization terminated successfully. (HiGHS Status 7: Optimal),1.4210854715202004e-14,120,1207
4000013,discrete_map_rounding,Integer MAP rounding,14,14.555555555555555,0.7777777777777778,1.1144348005389682,1.1707110088985089,True,scipy.optimize.linprog(method='highs'),0,Optimization terminated successfully. (HiGHS Status 7: Optimal),1.4210854715202004e-14,120,1171
4000014,discrete_map_rounding,Integer MAP rounding,15,13.666666666666645,0.791666666666667,1.1170205841612102,1.1650229030229031,True,scipy.optimize.linprog(method='highs'),0,Optimization terminated successfully. (HiGHS Status 7: Optimal),1.4210854715202004e-14,120,1205
4000015,discrete_map_rounding,Integer MAP rounding,16,19.11764705882352,0.7058823529411765,1.1518603541066754,1.231340670903171,True,scipy.optimize.linprog(method='highs'),0,Optimization terminated successfully. (HiGHS Status 7: Optimal),1.4210854715202004e-14,120,1237
4000016,discrete_map_rounding,Integer MAP rounding,17,17.250000000000007,0.7499999999999999,1.042740479427979,1.0730613044363044,True,scipy.optimize.linprog(method='highs'),0,Optimization terminated successfully. (HiGHS Status 7: Optimal),1.4210854715202004e-14,120,1190
4000017,discrete_map_rounding,Integer MAP rounding,18,18.99999999999997,0.7272727272727277,1.039702504145685,1.0871040672290675,True,scipy.optimize.linprog(method='highs'),0,Optimization terminated successfully. (HiGHS Status 7: Optimal),1.4210854715202004e-14,120,1160
4000018,discrete_map_rounding,Integer MAP rounding,19,13.187499999999956,0.8125000000000007,1.0388288736726243,1.0659165371665378,True,scipy.optimize.linprog(method='highs'),0,Optimization terminated successfully. (HiGHS Status 7: Optimal),1.4210854715202004e-14,120,1219
4000019,discrete_map_rounding,Integer MAP rounding,20,19.000000000000043,0.7058823529411759,1.1892561221458282,1.3291949578199571,True,scipy.optimize.linprog(method='highs'),0,Optimization terminated successfully. (HiGHS Status 7: Optimal),1.4210854715202004e-14,120,1143
5000000,informative_monitoring,Informative monitoring,1,22.384104927577557,0.6587684370282958,1.0367991578894102,1.299617868105822,True,scipy.optimize.linprog(method='highs'),0,Optimization terminated successfully. (HiGHS Status 7: Optimal),1.4210854715202004e-14,120,768
5000001,informative_monitoring,Informative monitoring,2,17.197041811845153,0.7258442837669776,1.0837552445981753,1.338759221320051,True,scipy.optimize.linprog(method='highs'),0,Optimization terminated successfully. (HiGHS Status 7: Optimal),1.4210854715202004e-14,120,697
5000002,informative_monitoring,Informative monitoring,3,21.593727982825317,0.6651553134500022,1.075785238070523,1.3713416352902206,True,scipy.optimize.linprog(method='highs'),0,Optimization terminated successfully. (HiGHS Status 7: Optimal),1.4210854715202004e-14,120,698
5000003,informative_monitoring,Informative monitoring,4,17.411191902577734,0.7242539581050975,1.1830480783120316,1.3858044780516556,True,scipy.optimize.linprog(method='highs'),0,Optimization terminated successfully. (HiGHS Status 7: Optimal),1.4210854715202004e-14,120,716
5000004,informative_monitoring,Informative monitoring,5,19.65884137958753,0.7146503972410778,1.014366170435017,1.165568167215451,True,scipy.optimize.linprog(method='highs'),0,Optimization terminated successfully. (HiGHS Status 7: Optimal),1.4210854715202004e-14,120,678
5000005,informative_monitoring,Informative monitoring,6,19.94191407884055,0.6959480916922772,1.1449074548558045,1.3182935846287138,True,scipy.optimize.linprog(method='highs'),0,Optimization terminated successfully. (HiGHS Status 7: Optimal),2.8421709430404014e-14,120,666
5000006,informative_monitoring,Informative monitoring,7,20.585367495753903,0.6741312601585869,1.2379252184751572,1.5165688583428596,True,scipy.optimize.linprog(method='highs'),0,Optimization terminated successfully. (HiGHS Status 7: Optimal),1.4210854715202004e-14,120,686
5000007,informative_monitoring,Informative monitoring,8,14.320347208196663,0.7690865461796744,1.1231802828021284,1.2884063314383,True,scipy.optimize.linprog(method='highs'),0,Optimization terminated successfully. (HiGHS Status 7: Optimal),1.4210854715202004e-14,120,755
5000008,informative_monitoring,Informative monitoring,9,23.628400934732436,0.6503739686312799,1.060281073369547,1.3537105295879688,True,scipy.optimize.linprog(method='highs'),0,Optimization terminated successfully. (HiGHS Status 7: Optimal),2.8421709430404014e-14,120,668
5000009,informative_monitoring,Informative monitoring,10,11.78530199581623,0.8144162195234276,1.0459875230657305,1.1496676454738386,True,scipy.optimize.linprog(method='highs'),0,Optimization terminated successfully. (HiGHS Status 7: Optimal),1.4210854715202004e-14,120,728
5000010,informative_monitoring,Informative monitoring,11,20.57733550370073,0.6803830100562043,1.1733589317492146,1.3832811746926652,True,scipy.optimize.linprog(method='highs'),0,Optimization terminated successfully. (HiGHS Status 7: Optimal),1.4210854715202004e-14,120,645
5000011,informative_monitoring,Informative monitoring,12,23.041317487918626,0.6589386389729683,1.0383751061724225,1.3405303273209614,True,scipy.optimize.linprog(method='highs'),0,Optimization terminated successfully. (HiGHS Status 7: Optimal),1.4210854715202004e-14,120,695
5000012,informative_monitoring,Informative monitoring,13,24.236010640427985,0.6384963974484021,1.070823903741277,1.3181739531325276,True,scipy.optimize.linprog(method='highs'),0,Optimization terminated successfully. (HiGHS Status 7: Optimal),2.8421709430404014e-14,120,677
5000013,informative_monitoring,Informative monitoring,14,47.164224141810216,0.3049113757847839,1.1552965951230492,1.5262691672269773,True,scipy.optimize.linprog(method='highs'),0,Optimization terminated successfully. (HiGHS Status 7: Optimal),1.4210854715202004e-14,120,616
5000014,informative_monitoring,Informative monitoring,15,18.20166529856296,0.7020630248096693,1.1988622666331743,1.4423025397860512,True,scipy.optimize.linprog(method='highs'),0,Optimization terminated successfully. (HiGHS Status 7: Optimal),1.4210854715202004e-14,120,721
5000015,informative_monitoring,Informative monitoring,16,26.274022786796092,0.5893664826015159,1.093371725033113,1.3948061777480234,True,scipy.optimize.linprog(method='highs'),0,Optimization terminated successfully. (HiGHS Status 7: Optimal),1.4210854715202004e-14,120,717
5000016,informative_monitoring,Informative monitoring,17,22.009425587960287,0.6495147050866266,1.145910953888476,1.5121463619752815,True,scipy.optimize.linprog(method='highs'),0,Optimization terminated successfully. (HiGHS Status 7: Optimal),1.4210854715202004e-14,120,712
5000017,informative_monitoring,Informative monitoring,18,13.713462303997169,0.772251846360215,1.072101752215812,1.3096313338505825,True,scipy.optimize.linprog(method='highs'),0,Optimization terminated successfully. (HiGHS Status 7: Optimal),1.4210854715202004e-14,120,702
5000018,informative_monitoring,Informative monitoring,19,20.01572175236013,0.6945496692993484,1.151409946909344,1.361273814324676,True,scipy.optimize.linprog(method='highs'),0,Optimization terminated successfully. (HiGHS Status 7: Optimal),1.4210854715202004e-14,120,706
5000019,informative_monitoring,Informative monitoring,20,29.85256299681293,0.5486015246524628,1.1527030266256864,1.607217319565886,True,scipy.optimize.linprog(method='highs'),0,Optimization terminated successfully. (HiGHS Status 7: Optimal),1.4210854715202004e-14,120,726
6000000,cluster_size_informative,Cluster size--level association,1,8.831917591693056,0.86361404187809,1.050646856883853,1.0860359302524736,True,scipy.optimize.linprog(method='highs'),0,Optimization terminated successfully. (HiGHS Status 7: Optimal),1.4210854715202004e-14,120,1371
6000001,cluster_size_informative,Cluster size--level association,2,14.729905779221657,0.7797636906936644,1.063018186763609,1.1300017799277682,True,scipy.optimize.linprog(method='highs'),0,Optimization terminated successfully. (HiGHS Status 7: Optimal),1.4210854715202004e-14,120,1349
6000002,cluster_size_informative,Cluster size--level association,3,12.03696349935982,0.8153684201075143,1.065159786320233,1.1190466153379608,True,scipy.optimize.linprog(method='highs'),0,Optimization terminated successfully. (HiGHS Status 7: Optimal),1.4210854715202004e-14,120,1380
6000003,cluster_size_informative,Cluster size--level association,4,19.4756065730933,0.7116975159851613,1.0548633725897425,1.132245852385246,True,scipy.optimize.linprog(method='highs'),0,Optimization terminated successfully. (HiGHS Status 7: Optimal),1.4210854715202004e-14,120,1382
6000004,cluster_size_informative,Cluster size--level association,5,10.171465216042966,0.8322552940706972,1.096426355926396,1.1715404651783252,True,scipy.optimize.linprog(method='highs'),0,Optimization terminated successfully. (HiGHS Status 7: Optimal),1.4210854715202004e-14,120,1387
6000005,cluster_size_informative,Cluster size--level association,6,17.521058754702302,0.7505546068098125,1.0471175883857375,1.0959181785599583,True,scipy.optimize.linprog(method='highs'),0,Optimization terminated successfully. (HiGHS Status 7: Optimal),1.4210854715202004e-14,120,1400
6000006,cluster_size_informative,Cluster size--level association,7,14.496294434979646,0.7923018616699633,1.0727572479070513,1.091735885479854,True,scipy.optimize.linprog(method='highs'),0,Optimization terminated successfully. (HiGHS Status 7: Optimal),1.4210854715202004e-14,120,1330
6000007,cluster_size_informative,Cluster size--level association,8,9.935625055096672,0.8587099656718201,1.1227412183008432,1.1385748255682957,True,scipy.optimize.linprog(method='highs'),0,Optimization terminated successfully. (HiGHS Status 7: Optimal),1.4210854715202004e-14,120,1387
6000008,cluster_size_informative,Cluster size--level association,9,13.922200970215613,0.8041234058555303,1.016115518976454,1.0505921597050685,True,scipy.optimize.linprog(method='highs'),0,Optimization terminated successfully. (HiGHS Status 7: Optimal),1.4210854715202004e-14,120,1419
6000009,cluster_size_informative,Cluster size--level association,10,6.508767335554609,0.8909434274814195,1.0984846562911477,1.1349317003468988,True,scipy.optimize.linprog(method='highs'),0,Optimization terminated successfully. (HiGHS Status 7: Optimal),1.4210854715202004e-14,120,1386
6000010,cluster_size_informative,Cluster size--level association,11,11.369028033161255,0.839374394799819,1.0452189074760163,1.0623234379282642,True,scipy.optimize.linprog(method='highs'),0,Optimization terminated successfully. (HiGHS Status 7: Optimal),1.4210854715202004e-14,120,1418
6000011,cluster_size_informative,Cluster size--level association,12,16.55887008869301,0.756438710517528,1.1184684962806466,1.1763571765142615,True,scipy.optimize.linprog(method='highs'),0,Optimization terminated successfully. (HiGHS Status 7: Optimal),1.4210854715202004e-14,120,1342
6000012,cluster_size_informative,Cluster size--level association,13,22.685959899800327,0.6663099353399748,1.1157685731547942,1.209774149861697,True,scipy.optimize.linprog(method='highs'),0,Optimization terminated successfully. (HiGHS Status 7: Optimal),1.4210854715202004e-14,120,1347
6000013,cluster_size_informative,Cluster size--level association,14,8.92295829180835,0.8676584740303185,1.1018262500659484,1.125743346722483,True,scipy.optimize.linprog(method='highs'),0,Optimization terminated successfully. (HiGHS Status 7: Optimal),1.4210854715202004e-14,120,1386
6000014,cluster_size_informative,Cluster size--level association,15,9.182026001275403,0.8587948596342008,1.0547686679461854,1.0861811796083736,True,scipy.optimize.linprog(method='highs'),0,Optimization terminated successfully. (HiGHS Status 7: Optimal),1.4210854715202004e-14,120,1317
6000015,cluster_size_informative,Cluster size--level association,16,6.806112699992545,0.8893726141553775,1.0445750340201423,1.0908089314718803,True,scipy.optimize.linprog(method='highs'),0,Optimization terminated successfully. (HiGHS Status 7: Optimal),1.4210854715202004e-14,120,1367
6000016,cluster_size_informative,Cluster size--level association,17,19.03485441912643,0.7211625624775996,1.1099757616860384,1.1961288899969968,True,scipy.optimize.linprog(method='highs'),0,Optimization terminated successfully. (HiGHS Status 7: Optimal),1.4210854715202004e-14,120,1367
6000017,cluster_size_informative,Cluster size--level association,18,9.990426339456892,0.8450065782652205,1.0804488245783532,1.10608040793169,True,scipy.optimize.linprog(method='highs'),0,Optimization terminated successfully. (HiGHS Status 7: Optimal),2.8421709430404014e-14,120,1366
6000018,cluster_size_informative,Cluster size--level association,19,13.575620448912296,0.7977453136021996,1.0830769926162662,1.1356269486839248,True,scipy.optimize.linprog(method='highs'),0,Optimization terminated successfully. (HiGHS Status 7: Optimal),1.4210854715202004e-14,120,1355
6000019,cluster_size_informative,Cluster size--level association,20,18.841991288425376,0.7303999180890444,1.00466364957306,1.08440010361687,True,scipy.optimize.linprog(method='highs'),0,Optimization terminated successfully. (HiGHS Status 7: Optimal),1.4210854715202004e-14,120,1411
7000000,common_time_misspecified,Misspecified common time,1,14.041791492437172,0.7409149029343977,1.0853377306945609,1.7500409973337998,True,scipy.optimize.linprog(method='highs'),0,Optimization terminated successfully. (HiGHS Status 7: Optimal),1.4210854715202004e-14,120,1201
7000001,common_time_misspecified,Misspecified common time,2,17.137024623478993,0.6972422750855114,1.1204259066673523,1.6849364338034445,True,scipy.optimize.linprog(method='highs'),0,Optimization terminated successfully. (HiGHS Status 7: Optimal),1.4210854715202004e-14,120,1222
7000002,common_time_misspecified,Misspecified common time,3,9.94931782975327,0.793986401421153,1.021504142323428,1.7195738757170471,True,scipy.optimize.linprog(method='highs'),0,Optimization terminated successfully. (HiGHS Status 7: Optimal),1.4210854715202004e-14,120,1157
7000003,common_time_misspecified,Misspecified common time,4,13.893004773050222,0.726364670685473,1.1034184483265506,1.98660236117922,True,scipy.optimize.linprog(method='highs'),0,Optimization terminated successfully. (HiGHS Status 7: Optimal),1.4210854715202004e-14,120,1197
7000004,common_time_misspecified,Misspecified common time,5,20.2139131435737,0.6472222242185939,1.0985470941100508,1.813096889815712,True,scipy.optimize.linprog(method='highs'),0,Optimization terminated successfully. (HiGHS Status 7: Optimal),1.4210854715202004e-14,120,1204
7000005,common_time_misspecified,Misspecified common time,6,15.976311761923064,0.7198080759837523,1.063757985591878,1.6410907613654488,True,scipy.optimize.linprog(method='highs'),0,Optimization terminated successfully. (HiGHS Status 7: Optimal),1.4210854715202004e-14,120,1191
7000006,common_time_misspecified,Misspecified common time,7,10.57332904102948,0.7893512130476531,1.0943092359309898,1.6603042564895631,True,scipy.optimize.linprog(method='highs'),0,Optimization terminated successfully. (HiGHS Status 7: Optimal),1.4210854715202004e-14,120,1208
7000007,common_time_misspecified,Misspecified common time,8,21.886401279265318,0.6352243447712805,1.088220219963815,1.6604524747310545,True,scipy.optimize.linprog(method='highs'),0,Optimization terminated successfully. (HiGHS Status 7: Optimal),1.4210854715202004e-14,120,1206
7000008,common_time_misspecified,Misspecified common time,9,8.548571614128825,0.8150974270023279,1.0927856052901057,1.6738069738875272,True,scipy.optimize.linprog(method='highs'),0,Optimization terminated successfully. (HiGHS Status 7: Optimal),1.4210854715202004e-14,120,1203
7000009,common_time_misspecified,Misspecified common time,10,13.54992347583732,0.737788155767449,1.1115179416245713,1.812449602162476,True,scipy.optimize.linprog(method='highs'),0,Optimization terminated successfully. (HiGHS Status 7: Optimal),1.4210854715202004e-14,120,1257
7000010,common_time_misspecified,Misspecified common time,11,16.650480339518868,0.7036413896998481,1.1138284011204849,1.6619959103200996,True,scipy.optimize.linprog(method='highs'),0,Optimization terminated successfully. (HiGHS Status 7: Optimal),2.8421709430404014e-14,120,1200
7000011,common_time_misspecified,Misspecified common time,12,14.58372315544201,0.7328347361508651,1.1147096387931807,1.7677358532045335,True,scipy.optimize.linprog(method='highs'),0,Optimization terminated successfully. (HiGHS Status 7: Optimal),1.4210854715202004e-14,120,1201
7000012,common_time_misspecified,Misspecified common time,13,10.2964136052272,0.8030357456195456,1.0881219704478429,1.5206438380125826,True,scipy.optimize.linprog(method='highs'),0,Optimization terminated successfully. (HiGHS Status 7: Optimal),1.4210854715202004e-14,120,1185
7000013,common_time_misspecified,Misspecified common time,14,10.117348930639643,0.7831823517358413,1.1240103789305975,1.838221241023013,True,scipy.optimize.linprog(method='highs'),0,Optimization terminated successfully. (HiGHS Status 7: Optimal),1.4210854715202004e-14,120,1198
7000014,common_time_misspecified,Misspecified common time,15,13.030983021621086,0.7563812508355291,1.109227183444347,1.5771520708563376,True,scipy.optimize.linprog(method='highs'),0,Optimization terminated successfully. (HiGHS Status 7: Optimal),1.4210854715202004e-14,120,1183
7000015,common_time_misspecified,Misspecified common time,16,8.133034540293572,0.8272814103915785,1.098433855737664,1.4829733946225987,True,scipy.optimize.linprog(method='highs'),0,Optimization terminated successfully. (HiGHS Status 7: Optimal),1.4210854715202004e-14,120,1224
7000016,common_time_misspecified,Misspecified common time,17,7.579769390177767,0.8306809049011165,1.0723132950249905,1.6400910543713625,True,scipy.optimize.linprog(method='highs'),0,Optimization terminated successfully. (HiGHS Status 7: Optimal),1.4210854715202004e-14,120,1177
7000017,common_time_misspecified,Misspecified common time,18,5.733446942941775,0.8527908797703848,1.0649539476854253,1.7335375274279528,True,scipy.optimize.linprog(method='highs'),0,Optimization terminated successfully. (HiGHS Status 7: Optimal),1.4210854715202004e-14,120,1171
7000018,common_time_misspecified,Misspecified common time,19,4.757817775806659,0.8753254867887715,1.07738979175013,1.5025442950692496,True,scipy.optimize.linprog(method='highs'),0,Optimization terminated successfully. (HiGHS Status 7: Optimal),1.4210854715202004e-14,120,1151
7000019,common_time_misspecified,Misspecified common time,20,14.052591510044287,0.7405806974965475,1.115909184179514,1.7098911589565378,True,scipy.optimize.linprog(method='highs'),0,Optimization terminated successfully. (HiGHS Status 7: Optimal),2.8421709430404014e-14,120,1234
8000000,level_plus_shape,Persistent level plus shape,1,47.985466995008366,0.3091758267886133,1.2329806853620875,1.4583373876401555,True,scipy.optimize.linprog(method='highs'),0,Optimization terminated successfully. (HiGHS Status 7: Optimal),1.4210854715202004e-14,120,1428
8000001,level_plus_shape,Persistent level plus shape,2,46.13016685124848,0.3208965470020553,1.2137509960770143,1.544928001640293,True,scipy.optimize.linprog(method='highs'),0,Optimization terminated successfully. (HiGHS Status 7: Optimal),1.4210854715202004e-14,120,1455
8000002,level_plus_shape,Persistent level plus shape,3,35.872678564210815,0.448825356282685,1.3671033169286029,1.7171987120157295,True,scipy.optimize.linprog(method='highs'),0,Optimization terminated successfully. (HiGHS Status 7: Optimal),1.4210854715202004e-14,120,1403
8000003,level_plus_shape,Persistent level plus shape,4,41.6030247862137,0.3769052696758452,1.2871106635144085,1.615416507815569,True,scipy.optimize.linprog(method='highs'),0,Optimization terminated successfully. (HiGHS Status 7: Optimal),1.4210854715202004e-14,120,1416
8000004,level_plus_shape,Persistent level plus shape,5,53.14816092274299,0.2316036139036035,1.2256957373199586,1.6220808153527844,True,scipy.optimize.linprog(method='highs'),0,Optimization terminated successfully. (HiGHS Status 7: Optimal),1.4210854715202004e-14,120,1420
8000005,level_plus_shape,Persistent level plus shape,6,55.770110355200096,0.1906039340858249,1.2312338664425817,1.579725516493378,True,scipy.optimize.linprog(method='highs'),0,Optimization terminated successfully. (HiGHS Status 7: Optimal),1.4210854715202004e-14,120,1425
8000006,level_plus_shape,Persistent level plus shape,7,50.82154971619958,0.2688727678564829,1.218433787625341,1.556440880942743,True,scipy.optimize.linprog(method='highs'),0,Optimization terminated successfully. (HiGHS Status 7: Optimal),1.4210854715202004e-14,120,1421
8000007,level_plus_shape,Persistent level plus shape,8,61.97022543460671,0.109322672251314,1.209975903890314,1.5483003106130468,True,scipy.optimize.linprog(method='highs'),0,Optimization terminated successfully. (HiGHS Status 7: Optimal),1.4210854715202004e-14,120,1420
8000008,level_plus_shape,Persistent level plus shape,9,46.98977535496664,0.3217591981895263,1.2604836149448964,1.522033835698802,True,scipy.optimize.linprog(method='highs'),0,Optimization terminated successfully. (HiGHS Status 7: Optimal),1.4210854715202004e-14,120,1485
8000009,level_plus_shape,Persistent level plus shape,10,66.1570571703676,0.056735582501131,1.2321914472640598,1.5611432382471366,True,scipy.optimize.linprog(method='highs'),0,Optimization terminated successfully. (HiGHS Status 7: Optimal),1.4210854715202004e-14,120,1405
8000010,level_plus_shape,Persistent level plus shape,11,45.0442150268167,0.3480293037475352,1.197555185440062,1.3953282997018224,True,scipy.optimize.linprog(method='highs'),0,Optimization terminated successfully. (HiGHS Status 7: Optimal),1.4210854715202004e-14,120,1342
8000011,level_plus_shape,Persistent level plus shape,12,49.74695488729223,0.275001484925315,1.248959984405188,1.511687985105817,True,scipy.optimize.linprog(method='highs'),0,Optimization terminated successfully. (HiGHS Status 7: Optimal),1.4210854715202004e-14,120,1457
8000012,level_plus_shape,Persistent level plus shape,13,53.68047690595743,0.2198756235227859,1.239512998290956,1.6075832421973524,True,scipy.optimize.linprog(method='highs'),0,Optimization terminated successfully. (HiGHS Status 7: Optimal),1.4210854715202004e-14,120,1412
8000013,level_plus_shape,Persistent level plus shape,14,46.59552922380573,0.31364597902954,1.280952639788992,1.6847829180118354,True,scipy.optimize.linprog(method='highs'),0,Optimization terminated successfully. (HiGHS Status 7: Optimal),1.4210854715202004e-14,120,1387
8000014,level_plus_shape,Persistent level plus shape,15,45.91516421807435,0.3361949241065064,1.2272537305585236,1.5516009563123256,True,scipy.optimize.linprog(method='highs'),0,Optimization terminated successfully. (HiGHS Status 7: Optimal),1.4210854715202004e-14,120,1377
8000015,level_plus_shape,Persistent level plus shape,16,49.74690667561616,0.2809124852496255,1.234465712850917,1.492774789209282,True,scipy.optimize.linprog(method='highs'),0,Optimization terminated successfully. (HiGHS Status 7: Optimal),1.4210854715202004e-14,120,1435
8000016,level_plus_shape,Persistent level plus shape,17,54.82332484657968,0.1976518082684182,1.2888486340715644,1.6317052236991283,True,scipy.optimize.linprog(method='highs'),0,Optimization terminated successfully. (HiGHS Status 7: Optimal),1.4210854715202004e-14,120,1451
8000017,level_plus_shape,Persistent level plus shape,18,61.99968296226865,0.1085793705935774,1.1895264087196058,1.5923781319717365,True,scipy.optimize.linprog(method='highs'),0,Optimization terminated successfully. (HiGHS Status 7: Optimal),1.4210854715202004e-14,120,1430
8000018,level_plus_shape,Persistent level plus shape,19,43.97848597678183,0.3577822790060554,1.2608968586325733,1.5630282872333343,True,scipy.optimize.linprog(method='highs'),0,Optimization terminated successfully. (HiGHS Status 7: Optimal),1.4210854715202004e-14,120,1400
8000019,level_plus_shape,Persistent level plus shape,20,40.0070871169186,0.4325523156923352,1.1610375070694248,1.3212722074083922,True,scipy.optimize.linprog(method='highs'),0,Optimization terminated successfully. (HiGHS Status 7: Optimal),1.4210854715202004e-14,120,1488
9000000,treatment_feedback,Treatment feedback,1,25.79121375994772,0.6382944374925777,1.0185854441444642,1.102963830618583,True,scipy.optimize.linprog(method='highs'),0,Optimization terminated successfully. (HiGHS Status 7: Optimal),1.4210854715202004e-14,120,1237
9000001,treatment_feedback,Treatment feedback,2,20.603191574081244,0.7189673952763563,1.064425842169738,1.0967785923456328,True,scipy.optimize.linprog(method='highs'),0,Optimization terminated successfully. (HiGHS Status 7: Optimal),1.4210854715202004e-14,120,1195
9000002,treatment_feedback,Treatment feedback,3,24.90386706083596,0.6499268717905685,1.0777005419228691,1.141940203277259,True,scipy.optimize.linprog(method='highs'),0,Optimization terminated successfully. (HiGHS Status 7: Optimal),1.4210854715202004e-14,120,1212
9000003,treatment_feedback,Treatment feedback,4,28.042452601720612,0.612249200513175,1.030711288003485,1.1335529568037293,True,scipy.optimize.linprog(method='highs'),0,Optimization terminated successfully. (HiGHS Status 7: Optimal),2.8421709430404014e-14,120,1193
9000004,treatment_feedback,Treatment feedback,5,29.764360340995864,0.5802831093454351,1.090770542361208,1.189782584207435,True,scipy.optimize.linprog(method='highs'),0,Optimization terminated successfully. (HiGHS Status 7: Optimal),1.4210854715202004e-14,120,1184
9000005,treatment_feedback,Treatment feedback,6,30.187429907142437,0.5735004566534979,1.0515917170769864,1.1900165060311756,True,scipy.optimize.linprog(method='highs'),0,Optimization terminated successfully. (HiGHS Status 7: Optimal),1.4210854715202004e-14,120,1199
9000006,treatment_feedback,Treatment feedback,7,21.67413657761936,0.7030390020137186,1.0309494916951798,1.0976421027174028,True,scipy.optimize.linprog(method='highs'),0,Optimization terminated successfully. (HiGHS Status 7: Optimal),1.4210854715202004e-14,120,1175
9000007,treatment_feedback,Treatment feedback,8,31.55604216141012,0.5596060343045688,1.0023513485642634,1.1175098151996907,True,scipy.optimize.linprog(method='highs'),0,Optimization terminated successfully. (HiGHS Status 7: Optimal),1.4210854715202004e-14,120,1235
9000008,treatment_feedback,Treatment feedback,9,22.595446633004865,0.6810083880818865,1.0604895763476698,1.1237502353798894,True,scipy.optimize.linprog(method='highs'),0,Optimization terminated successfully. (HiGHS Status 7: Optimal),1.4210854715202004e-14,120,1230
9000009,treatment_feedback,Treatment feedback,10,29.530233311414413,0.5832779870532958,1.0902128769377175,1.1671518968084469,True,scipy.optimize.linprog(method='highs'),0,Optimization terminated successfully. (HiGHS Status 7: Optimal),1.4210854715202004e-14,120,1210
9000010,treatment_feedback,Treatment feedback,11,28.525942313827656,0.6043908377067317,1.056403108397213,1.1624560625690727,True,scipy.optimize.linprog(method='highs'),0,Optimization terminated successfully. (HiGHS Status 7: Optimal),1.4210854715202004e-14,120,1207
9000011,treatment_feedback,Treatment feedback,12,39.589627188864455,0.4437305218884241,1.0350418283553022,1.1621340639818465,True,scipy.optimize.linprog(method='highs'),0,Optimization terminated successfully. (HiGHS Status 7: Optimal),1.4210854715202004e-14,120,1212
9000012,treatment_feedback,Treatment feedback,13,31.527802303840463,0.5534738361172593,1.0996031806911348,1.2101445903390986,True,scipy.optimize.linprog(method='highs'),0,Optimization terminated successfully. (HiGHS Status 7: Optimal),1.4210854715202004e-14,120,1198
9000013,treatment_feedback,Treatment feedback,14,29.221395866059463,0.5993584776428394,1.0327994561221503,1.1238627096945466,True,scipy.optimize.linprog(method='highs'),0,Optimization terminated successfully. (HiGHS Status 7: Optimal),1.4210854715202004e-14,120,1246
9000014,treatment_feedback,Treatment feedback,15,30.2504346119825,0.5696469141068423,1.1173145284628945,1.219143097420864,True,scipy.optimize.linprog(method='highs'),0,Optimization terminated successfully. (HiGHS Status 7: Optimal),1.4210854715202004e-14,120,1223
9000015,treatment_feedback,Treatment feedback,16,31.60418761140077,0.5626909170163915,1.0576647993905133,1.1807053518626065,True,scipy.optimize.linprog(method='highs'),0,Optimization terminated successfully. (HiGHS Status 7: Optimal),1.4210854715202004e-14,120,1202
9000016,treatment_feedback,Treatment feedback,17,30.231233487242147,0.5871088294709349,1.0393812693299769,1.1303475455233902,True,scipy.optimize.linprog(method='highs'),0,Optimization terminated successfully. (HiGHS Status 7: Optimal),1.4210854715202004e-14,120,1218
9000017,treatment_feedback,Treatment feedback,18,30.22356950939437,0.5818909670823964,1.0561033174296628,1.153993772906774,True,scipy.optimize.linprog(method='highs'),0,Optimization terminated successfully. (HiGHS Status 7: Optimal),1.4210854715202004e-14,120,1195
9000018,treatment_feedback,Treatment feedback,19,30.173404935877,0.5719127676538415,1.0783262012432586,1.210730947052043,True,scipy.optimize.linprog(method='highs'),0,Optimization terminated successfully. (HiGHS Status 7: Optimal),1.4210854715202004e-14,120,1195
9000019,treatment_feedback,Treatment feedback,20,16.00767583332629,0.7742285564146522,1.082781434034452,1.1153326224936602,True,scipy.optimize.linprog(method='highs'),0,Optimization terminated successfully. (HiGHS Status 7: Optimal),2.8421709430404014e-14,120,1149
10000000,transient_nonpersistent,Transient non-persistence,1,61.8660863657067,0.1300192000793926,1.0413718729648735,1.677253116690928,True,scipy.optimize.linprog(method='highs'),0,Optimization terminated successfully. (HiGHS Status 7: Optimal),1.4210854715202004e-14,120,1192
10000001,transient_nonpersistent,Transient non-persistence,2,67.16186557381958,0.0564119246900436,1.0444246672480026,1.7774505839330703,True,scipy.optimize.linprog(method='highs'),0,Optimization terminated successfully. (HiGHS Status 7: Optimal),1.4210854715202004e-14,120,1189
10000002,transient_nonpersistent,Transient non-persistence,3,63.17610538142385,0.117787705225853,0.9777575025129348,1.5947198631390396,True,scipy.optimize.linprog(method='highs'),0,Optimization terminated successfully. (HiGHS Status 7: Optimal),1.4210854715202004e-14,120,1204
10000003,transient_nonpersistent,Transient non-persistence,4,61.70798057712592,0.1314241351993365,0.9687258113287018,1.8247781509570784,True,scipy.optimize.linprog(method='highs'),0,Optimization terminated successfully. (HiGHS Status 7: Optimal),1.4210854715202004e-14,120,1245
10000004,transient_nonpersistent,Transient non-persistence,5,64.3441107565651,0.0924518496335913,1.053358646160033,2.0427837543197747,True,scipy.optimize.linprog(method='highs'),0,Optimization terminated successfully. (HiGHS Status 7: Optimal),1.4210854715202004e-14,120,1148
10000005,transient_nonpersistent,Transient non-persistence,6,57.15594452120939,0.194059194908638,1.100381555881065,1.5909803152013762,True,scipy.optimize.linprog(method='highs'),0,Optimization terminated successfully. (HiGHS Status 7: Optimal),1.4210854715202004e-14,120,1203
10000006,transient_nonpersistent,Transient non-persistence,7,64.3480852785956,0.0958854054881095,1.0285391143462086,1.859346385395957,True,scipy.optimize.linprog(method='highs'),0,Optimization terminated successfully. (HiGHS Status 7: Optimal),1.4210854715202004e-14,120,1181
10000007,transient_nonpersistent,Transient non-persistence,8,67.22106713869037,0.060874068434101,1.023039165520084,1.890158262693022,True,scipy.optimize.linprog(method='highs'),0,Optimization terminated successfully. (HiGHS Status 7: Optimal),1.4210854715202004e-14,120,1208
10000008,transient_nonpersistent,Transient non-persistence,9,62.57453221726658,0.1109724591191894,1.0170918905033808,1.6706857671291997,True,scipy.optimize.linprog(method='highs'),0,Optimization terminated successfully. (HiGHS Status 7: Optimal),1.4210854715202004e-14,120,1203
10000009,transient_nonpersistent,Transient non-persistence,10,54.54650972418885,0.2263290280833157,1.070014298530033,1.749849651504927,True,scipy.optimize.linprog(method='highs'),0,Optimization terminated successfully. (HiGHS Status 7: Optimal),1.4210854715202004e-14,120,1164
10000010,transient_nonpersistent,Transient non-persistence,11,67.8832584764024,0.0421469931944085,1.075923635692576,2.108236887886449,True,scipy.optimize.linprog(method='highs'),0,Optimization terminated successfully. (HiGHS Status 7: Optimal),1.4210854715202004e-14,120,1158
10000011,transient_nonpersistent,Transient non-persistence,12,60.336091280445885,0.1512037562292036,1.0157530700869108,1.8827259122415747,True,scipy.optimize.linprog(method='highs'),0,Optimization terminated successfully. (HiGHS Status 7: Optimal),1.4210854715202004e-14,120,1176
10000012,transient_nonpersistent,Transient non-persistence,13,64.5136686570851,0.0811371628783608,1.1273783858954174,1.903925812418644,True,scipy.optimize.linprog(method='highs'),0,Optimization terminated successfully. (HiGHS Status 7: Optimal),1.4210854715202004e-14,120,1211
10000013,transient_nonpersistent,Transient non-persistence,14,68.42497013440034,0.0365723346745013,1.0836452067391205,1.7463600231119676,True,scipy.optimize.linprog(method='highs'),0,Optimization terminated successfully. (HiGHS Status 7: Optimal),1.4210854715202004e-14,120,1211
10000014,transient_nonpersistent,Transient non-persistence,15,60.71375617334059,0.1493473243153315,0.9873031541604622,1.5533622784301566,True,scipy.optimize.linprog(method='highs'),0,Optimization terminated successfully. (HiGHS Status 7: Optimal),1.4210854715202004e-14,120,1180
10000015,transient_nonpersistent,Transient non-persistence,16,69.36593988444454,0.0248835894386226,1.0277068884372813,1.6341021964080988,True,scipy.optimize.linprog(method='highs'),0,Optimization terminated successfully. (HiGHS Status 7: Optimal),1.4210854715202004e-14,120,1216
10000016,transient_nonpersistent,Transient non-persistence,17,68.34884005030194,0.0304173572618964,1.0375712072220684,2.148199448837474,True,scipy.optimize.linprog(method='highs'),0,Optimization terminated successfully. (HiGHS Status 7: Optimal),2.8421709430404014e-14,120,1230
10000017,transient_nonpersistent,Transient non-persistence,18,65.90726574697203,0.0788472350873012,0.9816056252491157,1.9322958876884728,True,scipy.optimize.linprog(method='highs'),0,Optimization terminated successfully. (HiGHS Status 7: Optimal),1.4210854715202004e-14,120,1221
10000018,transient_nonpersistent,Transient non-persistence,19,63.13656566426339,0.116270476056725,1.036466298017126,1.813771415127256,True,scipy.optimize.linprog(method='highs'),0,Optimization terminated successfully. (HiGHS Status 7: Optimal),1.4210854715202004e-14,120,1250
10000019,transient_nonpersistent,Transient non-persistence,20,58.27688327517516,0.1691725890090121,1.034397355914256,1.774312573395971,True,scipy.optimize.linprog(method='highs'),0,Optimization terminated successfully. (HiGHS Status 7: Optimal),1.4210854715202004e-14,120,1234
20,ideal_large_dense,"Ideal: large, dense",21,12.002269092587971,0.8201084181127417,1.074977916470264,1.105328731589977,True,scipy.optimize.linprog(method='highs'),0,Optimization terminated successfully. (HiGHS Status 7: Optimal),1.4210854715202004e-14,120,1429
21,ideal_large_dense,"Ideal: large, dense",22,9.563445025394884,0.8557050969600178,1.0781701373459256,1.094991134814602,True,scipy.optimize.linprog(method='highs'),0,Optimization terminated successfully. (HiGHS Status 7: Optimal),1.4210854715202004e-14,120,1429
22,ideal_large_dense,"Ideal: large, dense",23,12.008893281925069,0.8280996885015348,1.0038074133517112,1.021010691854253,True,scipy.optimize.linprog(method='highs'),0,Optimization terminated successfully. (HiGHS Status 7: Optimal),1.4210854715202004e-14,120,1442
23,ideal_large_dense,"Ideal: large, dense",24,10.572684874816376,0.8327461235809469,1.07116404245134,1.1299991010530688,True,scipy.optimize.linprog(method='highs'),0,Optimization terminated successfully. (HiGHS Status 7: Optimal),1.4210854715202004e-14,120,1418
24,ideal_large_dense,"Ideal: large, dense",25,13.230662924847032,0.8021929027583525,1.0684131256012586,1.1186914348987542,True,scipy.optimize.linprog(method='highs'),0,Optimization terminated successfully. (HiGHS Status 7: Optimal),1.4210854715202004e-14,120,1480
25,ideal_large_dense,"Ideal: large, dense",26,12.173684651162873,0.8150371487636485,1.054627615460932,1.122743208736129,True,scipy.optimize.linprog(method='highs'),0,Optimization terminated successfully. (HiGHS Status 7: Optimal),1.4210854715202004e-14,120,1429
26,ideal_large_dense,"Ideal: large, dense",27,11.122529394878107,0.8416000179512981,1.0418800569510054,1.0625275949989543,True,scipy.optimize.linprog(method='highs'),0,Optimization terminated successfully. (HiGHS Status 7: Optimal),2.8421709430404014e-14,120,1417
27,ideal_large_dense,"Ideal: large, dense",28,5.07682651122677,0.9157147374872832,1.0940254472439843,1.1211529483571052,True,scipy.optimize.linprog(method='highs'),0,Optimization terminated successfully. (HiGHS Status 7: Optimal),1.4210854715202004e-14,120,1420
28,ideal_large_dense,"Ideal: large, dense",29,2.955516000208517,0.9494181491960874,1.0128057525156646,1.0213443845753811,True,scipy.optimize.linprog(method='highs'),0,Optimization terminated successfully. (HiGHS Status 7: Optimal),2.8421709430404014e-14,120,1428
29,ideal_large_dense,"Ideal: large, dense",30,11.629206486920252,0.831318940792143,0.9893429335416908,1.016783092332795,True,scipy.optimize.linprog(method='highs'),0,Optimization terminated successfully. (HiGHS Status 7: Optimal),1.4210854715202004e-14,120,1409
30,ideal_large_dense,"Ideal: large, dense",31,9.719131832881772,0.8596301218615161,1.0476764141985682,1.0595761839711035,True,scipy.optimize.linprog(method='highs'),0,Optimization terminated successfully. (HiGHS Status 7: Optimal),1.4210854715202004e-14,120,1427
31,ideal_large_dense,"Ideal: large, dense",32,8.675289771349771,0.8752914380510224,1.0368585383991291,1.0451297495863965,True,scipy.optimize.linprog(method='highs'),0,Optimization terminated successfully. (HiGHS Status 7: Optimal),1.4210854715202004e-14,120,1455
32,ideal_large_dense,"Ideal: large, dense",33,7.213075517019162,0.8925296185577684,1.0681556597253736,1.0809096168878225,True,scipy.optimize.linprog(method='highs'),0,Optimization terminated successfully. (HiGHS Status 7: Optimal),2.8421709430404014e-14,120,1495
33,ideal_large_dense,"Ideal: large, dense",34,12.89220145000903,0.8051203978449778,1.0972453231189263,1.1343598268375072,True,scipy.optimize.linprog(method='highs'),0,Optimization terminated successfully. (HiGHS Status 7: Optimal),1.4210854715202004e-14,120,1487
34,ideal_large_dense,"Ideal: large, dense",35,11.486174537511516,0.8359914680006972,0.9792858736623508,0.9956321752300952,True,scipy.optimize.linprog(method='highs'),0,Optimization terminated successfully. (HiGHS Status 7: Optimal),1.4210854715202004e-14,120,1419
35,ideal_large_dense,"Ideal: large, dense",36,17.929181792747364,0.7430967421657944,1.042444464767405,1.074836320951552,True,scipy.optimize.linprog(method='highs'),0,Optimization terminated successfully. (HiGHS Status 7: Optimal),1.4210854715202004e-14,120,1490
36,ideal_large_dense,"Ideal: large, dense",37,17.162272225601324,0.7541223114419706,1.011987050168354,1.0675131128188498,True,scipy.optimize.linprog(method='highs'),0,Optimization terminated successfully. (HiGHS Status 7: Optimal),1.4210854715202004e-14,120,1426
37,ideal_large_dense,"Ideal: large, dense",38,9.753037019581305,0.8637134886100918,1.033708391199195,1.0439446317504613,True,scipy.optimize.linprog(method='highs'),0,Optimization terminated successfully. (HiGHS Status 7: Optimal),1.4210854715202004e-14,120,1425
38,ideal_large_dense,"Ideal: large, dense",39,19.048085343323358,0.7190248485309236,1.0766625975746251,1.1459523405973415,True,scipy.optimize.linprog(method='highs'),0,Optimization terminated successfully. (HiGHS Status 7: Optimal),1.4210854715202004e-14,120,1385
39,ideal_large_dense,"Ideal: large, dense",40,8.143003658365963,0.8794219153588825,1.1094910946860923,1.121564345205855,True,scipy.optimize.linprog(method='highs'),0,Optimization terminated successfully. (HiGHS Status 7: Optimal),1.4210854715202004e-14,120,1380
1000020,ideal_small_dense,"Ideal: small, dense",21,18.27858458150061,0.7426952354988006,0.9634460153818264,1.0513215417546298,True,scipy.optimize.linprog(method='highs'),0,Optimization terminated successfully. (HiGHS Status 7: Optimal),1.4210854715202004e-14,48,539
1000021,ideal_small_dense,"Ideal: small, dense",22,14.083356950556023,0.7915273277458413,1.1328034586612818,1.1837301273763683,True,scipy.optimize.linprog(method='highs'),0,Optimization terminated successfully. (HiGHS Status 7: Optimal),1.4210854715202004e-14,48,584
1000022,ideal_small_dense,"Ideal: small, dense",23,12.355967411423322,0.8210203007260772,1.0683404061355757,1.08519441688856,True,scipy.optimize.linprog(method='highs'),0,Optimization terminated successfully. (HiGHS Status 7: Optimal),1.4210854715202004e-14,48,572
1000023,ideal_small_dense,"Ideal: small, dense",24,10.382007547356231,0.8371395187787113,1.0210744309693225,1.0539181978847505,True,scipy.optimize.linprog(method='highs'),0,Optimization terminated successfully. (HiGHS Status 7: Optimal),1.4210854715202004e-14,48,575
1000024,ideal_small_dense,"Ideal: small, dense",25,-0.3430134471807378,1.00022633267488,1.0236353819586586,1.0268691211415897,True,scipy.optimize.linprog(method='highs'),0,Optimization terminated successfully. (HiGHS Status 7: Optimal),1.4210854715202004e-14,48,576
1000025,ideal_small_dense,"Ideal: small, dense",26,9.00894381282501,0.8608371130803476,1.0101940864999337,1.0545652629177025,True,scipy.optimize.linprog(method='highs'),0,Optimization terminated successfully. (HiGHS Status 7: Optimal),1.4210854715202004e-14,48,565
1000026,ideal_small_dense,"Ideal: small, dense",27,14.67166500638017,0.7845733082453582,1.0330060695748169,1.0694937339273158,True,scipy.optimize.linprog(method='highs'),0,Optimization terminated successfully. (HiGHS Status 7: Optimal),1.4210854715202004e-14,48,555
1000027,ideal_small_dense,"Ideal: small, dense",28,2.063499388790447,0.956274097783182,1.0303344042182638,1.0511606134901228,True,scipy.optimize.linprog(method='highs'),0,Optimization terminated successfully. (HiGHS Status 7: Optimal),1.4210854715202004e-14,48,548
1000028,ideal_small_dense,"Ideal: small, dense",29,19.72425441654319,0.7149207787079878,1.074681811747137,1.144966290953414,True,scipy.optimize.linprog(method='highs'),0,Optimization terminated successfully. (HiGHS Status 7: Optimal),1.4210854715202004e-14,48,555
1000029,ideal_small_dense,"Ideal: small, dense",30,22.665808324486527,0.6729240462010772,1.0198920014153812,1.0983527043411303,True,scipy.optimize.linprog(method='highs'),0,Optimization terminated successfully. (HiGHS Status 7: Optimal),1.4210854715202004e-14,48,572
1000030,ideal_small_dense,"Ideal: small, dense",31,11.521486638387572,0.8350507517934174,1.0082733746512595,1.0260993218468688,True,scipy.optimize.linprog(method='highs'),0,Optimization terminated successfully. (HiGHS Status 7: Optimal),1.4210854715202004e-14,48,577
1000031,ideal_small_dense,"Ideal: small, dense",32,14.403332399703828,0.7985647090382996,1.0214292037090436,1.0559489302945322,True,scipy.optimize.linprog(method='highs'),0,Optimization terminated successfully. (HiGHS Status 7: Optimal),1.4210854715202004e-14,48,589
1000032,ideal_small_dense,"Ideal: small, dense",33,11.608571754149269,0.8257066537737937,1.0097617288670169,1.064408388301214,True,scipy.optimize.linprog(method='highs'),0,Optimization terminated successfully. (HiGHS Status 7: Optimal),1.4210854715202004e-14,48,590
1000033,ideal_small_dense,"Ideal: small, dense",34,19.568304024563155,0.7102573197771312,1.0212173446667812,1.0900347021380985,True,scipy.optimize.linprog(method='highs'),0,Optimization terminated successfully. (HiGHS Status 7: Optimal),1.4210854715202004e-14,48,604
1000034,ideal_small_dense,"Ideal: small, dense",35,9.264619449478753,0.867424403931928,0.9708164587227268,0.9827115250441406,True,scipy.optimize.linprog(method='highs'),0,Optimization terminated successfully. (HiGHS Status 7: Optimal),1.4210854715202004e-14,48,592
1000035,ideal_small_dense,"Ideal: small, dense",36,19.47848738386853,0.7200184749011221,1.0007292340241505,1.0436074281466057,True,scipy.optimize.linprog(method='highs'),0,Optimization terminated successfully. (HiGHS Status 7: Optimal),1.4210854715202004e-14,48,544
1000036,ideal_small_dense,"Ideal: small, dense",37,11.804442218245493,0.8081266905931658,1.028255836069243,1.0932020189311955,True,scipy.optimize.linprog(method='highs'),0,Optimization terminated successfully. (HiGHS Status 7: Optimal),1.4210854715202004e-14,48,593
1000037,ideal_small_dense,"Ideal: small, dense",38,12.169212883283292,0.8226855105491118,1.0175422183323546,1.034904387283255,True,scipy.optimize.linprog(method='highs'),0,Optimization terminated successfully. (HiGHS Status 7: Optimal),1.4210854715202004e-14,48,564
1000038,ideal_small_dense,"Ideal: small, dense",39,8.62542072484402,0.8600658377953895,1.044538571449262,1.098976877599262,True,scipy.optimize.linprog(method='highs'),0,Optimization terminated successfully. (HiGHS Status 7: Optimal),1.4210854715202004e-14,48,555
1000039,ideal_small_dense,"Ideal: small, dense",40,21.229146362234385,0.6870401826850506,1.015315642918707,1.063184671113194,True,scipy.optimize.linprog(method='highs'),0,Optimization terminated successfully. (HiGHS Status 7: Optimal),1.4210854715202004e-14,48,579
2000020,ideal_large_sparse,"Ideal: large, sparse",21,24.537045217180665,0.6247580214640579,1.1459907079122111,1.4812966109098311,True,scipy.optimize.linprog(method='highs'),0,Optimization terminated successfully. (HiGHS Status 7: Optimal),1.4210854715202004e-14,120,716
2000021,ideal_large_sparse,"Ideal: large, sparse",22,23.41298392078212,0.6406197372896544,1.170188032611266,1.4717649855820842,True,scipy.optimize.linprog(method='highs'),0,Optimization terminated successfully. (HiGHS Status 7: Optimal),1.4210854715202004e-14,120,710
2000022,ideal_large_sparse,"Ideal: large, sparse",23,18.714474770489584,0.683119400348758,1.1237624019200718,1.5637553762688947,True,scipy.optimize.linprog(method='highs'),0,Optimization terminated successfully. (HiGHS Status 7: Optimal),1.4210854715202004e-14,120,714
2000023,ideal_large_sparse,"Ideal: large, sparse",24,21.76206140615764,0.6640190514666275,1.060016579299993,1.3544297342001788,True,scipy.optimize.linprog(method='highs'),0,Optimization terminated successfully. (HiGHS Status 7: Optimal),1.4210854715202004e-14,120,738
2000024,ideal_large_sparse,"Ideal: large, sparse",25,17.345807809821537,0.716619192490006,1.1380052606951168,1.432273969070098,True,scipy.optimize.linprog(method='highs'),0,Optimization terminated successfully. (HiGHS Status 7: Optimal),1.4210854715202004e-14,120,715
2000025,ideal_large_sparse,"Ideal: large, sparse",26,11.935517819936331,0.7939138349696133,1.1049911316189114,1.3960247559104977,True,scipy.optimize.linprog(method='highs'),0,Optimization terminated successfully. (HiGHS Status 7: Optimal),2.8421709430404014e-14,120,699
2000026,ideal_large_sparse,"Ideal: large, sparse",27,25.446901066470843,0.6059268154701809,1.1690366218220505,1.613258903464341,True,scipy.optimize.linprog(method='highs'),0,Optimization terminated successfully. (HiGHS Status 7: Optimal),1.4210854715202004e-14,120,722
2000027,ideal_large_sparse,"Ideal: large, sparse",28,23.027118266569072,0.6532277498073019,1.1356419810484706,1.383862203503062,True,scipy.optimize.linprog(method='highs'),0,Optimization terminated successfully. (HiGHS Status 7: Optimal),2.8421709430404014e-14,120,721
2000028,ideal_large_sparse,"Ideal: large, sparse",29,37.40128646004973,0.4477358247839916,1.0551364205308664,1.467087012114049,True,scipy.optimize.linprog(method='highs'),0,Optimization terminated successfully. (HiGHS Status 7: Optimal),1.4210854715202004e-14,120,697
2000029,ideal_large_sparse,"Ideal: large, sparse",30,26.86146597141815,0.5948250589669056,1.1713912150324095,1.4669992840194566,True,scipy.optimize.linprog(method='highs'),0,Optimization terminated successfully. (HiGHS Status 7: Optimal),1.4210854715202004e-14,120,728
2000030,ideal_large_sparse,"Ideal: large, sparse",31,20.1567848543592,0.6830789239901947,1.0950847826925532,1.3776349574638238,True,scipy.optimize.linprog(method='highs'),0,Optimization terminated successfully. (HiGHS Status 7: Optimal),1.4210854715202004e-14,120,734
2000031,ideal_large_sparse,"Ideal: large, sparse",32,23.02526661519757,0.6388633972200577,1.1717406604140452,1.5553518228953718,True,scipy.optimize.linprog(method='highs'),0,Optimization terminated successfully. (HiGHS Status 7: Optimal),1.4210854715202004e-14,120,702
2000032,ideal_large_sparse,"Ideal: large, sparse",33,19.33932209759973,0.6962259256876586,1.0414638857195155,1.2711546042711173,True,scipy.optimize.linprog(method='highs'),0,Optimization terminated successfully. (HiGHS Status 7: Optimal),1.4210854715202004e-14,120,716
2000033,ideal_large_sparse,"Ideal: large, sparse",34,20.944078728417203,0.6715559444627696,1.1215582876310366,1.4608676967706469,True,scipy.optimize.linprog(method='highs'),0,Optimization terminated successfully. (HiGHS Status 7: Optimal),1.4210854715202004e-14,120,719
2000034,ideal_large_sparse,"Ideal: large, sparse",35,21.833166269781405,0.6671280619781373,1.1330139360588487,1.3579032073842512,True,scipy.optimize.linprog(method='highs'),0,Optimization terminated successfully. (HiGHS Status 7: Optimal),1.4210854715202004e-14,120,703
2000035,ideal_large_sparse,"Ideal: large, sparse",36,34.20263739300387,0.4944078366168708,1.1314433228512937,1.483878893101943,True,scipy.optimize.linprog(method='highs'),0,Optimization terminated successfully. (HiGHS Status 7: Optimal),1.4210854715202004e-14,120,736
2000036,ideal_large_sparse,"Ideal: large, sparse",37,32.82646799047944,0.510236245863724,1.099834317850301,1.4975240950071722,True,scipy.optimize.linprog(method='highs'),0,Optimization terminated successfully. (HiGHS Status 7: Optimal),1.4210854715202004e-14,120,706
2000037,ideal_large_sparse,"Ideal: large, sparse",38,23.89265806645249,0.62414069386689,1.1360390875734692,1.5776042867921647,True,scipy.optimize.linprog(method='highs'),0,Optimization terminated successfully. (HiGHS Status 7: Optimal),1.4210854715202004e-14,120,732
2000038,ideal_large_sparse,"Ideal: large, sparse",39,26.79198993081833,0.5739217444205554,1.2067760677688724,1.701771350857298,True,scipy.optimize.linprog(method='highs'),0,Optimization terminated successfully. (HiGHS Status 7: Optimal),1.4210854715202004e-14,120,762
2000039,ideal_large_sparse,"Ideal: large, sparse",40,15.212469785472196,0.7374553671602548,1.0995373337799617,1.430800825571382,True,scipy.optimize.linprog(method='highs'),0,Optimization terminated successfully. (HiGHS Status 7: Optimal),1.4210854715202004e-14,120,715
3000020,serial_dependence,Serial dependence,21,19.10000874887099,0.7140763634344651,1.0925048126667574,1.2011523588756368,True,scipy.optimize.linprog(method='highs'),0,Optimization terminated successfully. (HiGHS Status 7: Optimal),1.4210854715202004e-14,120,1230
3000021,serial_dependence,Serial dependence,22,20.886090606126597,0.6971945179435937,1.0140872138832466,1.1227616268233358,True,scipy.optimize.linprog(method='highs'),0,Optimization terminated successfully. (HiGHS Status 7: Optimal),1.4210854715202004e-14,120,1110
3000022,serial_dependence,Serial dependence,23,16.65802759865278,0.7437219942776887,1.121677270473479,1.232171186140095,True,scipy.optimize.linprog(method='highs'),0,Optimization terminated successfully. (HiGHS Status 7: Optimal),1.4210854715202004e-14,120,1216
3000023,serial_dependence,Serial dependence,24,15.527179382981153,0.7485600800006927,1.1780055064974313,1.2895747213559168,True,scipy.optimize.linprog(method='highs'),0,Optimization terminated successfully. (HiGHS Status 7: Optimal),1.4210854715202004e-14,120,1174
3000024,serial_dependence,Serial dependence,25,18.04690987158888,0.7276768086501104,1.1408869951374785,1.247469973784271,True,scipy.optimize.linprog(method='highs'),0,Optimization terminated successfully. (HiGHS Status 7: Optimal),1.4210854715202004e-14,120,1183
3000025,serial_dependence,Serial dependence,26,22.06315204029382,0.6772613306848227,1.0292993257328922,1.1803320337088532,True,scipy.optimize.linprog(method='highs'),0,Optimization terminated successfully. (HiGHS Status 7: Optimal),1.4210854715202004e-14,120,1168
3000026,serial_dependence,Serial dependence,27,20.6714663058732,0.6792694586704688,1.1214964133395688,1.290741310002955,True,scipy.optimize.linprog(method='highs'),0,Optimization terminated successfully. (HiGHS Status 7: Optimal),1.4210854715202004e-14,120,1197
3000027,serial_dependence,Serial dependence,28,10.880638681269089,0.8305929363490582,1.066929459125609,1.125380933137736,True,scipy.optimize.linprog(method='highs'),0,Optimization terminated successfully. (HiGHS Status 7: Optimal),1.4210854715202004e-14,120,1174
3000028,serial_dependence,Serial dependence,29,16.317805962574447,0.7365605946679156,1.0826579544324977,1.3121576104509454,True,scipy.optimize.linprog(method='highs'),0,Optimization terminated successfully. (HiGHS Status 7: Optimal),1.4210854715202004e-14,120,1215
3000029,serial_dependence,Serial dependence,30,14.108874839685916,0.7927517022465765,1.090747418911827,1.1170788262899642,True,scipy.optimize.linprog(method='highs'),0,Optimization terminated successfully. (HiGHS Status 7: Optimal),1.4210854715202004e-14,120,1210
3000030,serial_dependence,Serial dependence,31,20.88426678564729,0.6884337374097743,1.118233435902796,1.2285036735856527,True,scipy.optimize.linprog(method='highs'),0,Optimization terminated successfully. (HiGHS Status 7: Optimal),2.8421709430404014e-14,120,1191
3000031,serial_dependence,Serial dependence,32,28.619698529681017,0.5913758221891408,1.0136620063358424,1.1285779729769798,True,scipy.optimize.linprog(method='highs'),0,Optimization terminated successfully. (HiGHS Status 7: Optimal),1.4210854715202004e-14,120,1147
3000032,serial_dependence,Serial dependence,33,17.708773917378032,0.7220469041247931,1.1247674151743978,1.2575642069827535,True,scipy.optimize.linprog(method='highs'),0,Optimization terminated successfully. (HiGHS Status 7: Optimal),1.4210854715202004e-14,120,1206
3000033,serial_dependence,Serial dependence,34,10.616709992151604,0.8315170466164481,1.078599999507085,1.157238526833381,True,scipy.optimize.linprog(method='highs'),0,Optimization terminated successfully. (HiGHS Status 7: Optimal),1.4210854715202004e-14,120,1205
3000034,serial_dependence,Serial dependence,35,19.35526830172487,0.7089652557784204,1.12614437797676,1.2151517376451724,True,scipy.optimize.linprog(method='highs'),0,Optimization terminated successfully. (HiGHS Status 7: Optimal),1.4210854715202004e-14,120,1220
3000035,serial_dependence,Serial dependence,36,16.473929935033276,0.7406303498707161,1.1473682230864248,1.3183021231456065,True,scipy.optimize.linprog(method='highs'),0,Optimization terminated successfully. (HiGHS Status 7: Optimal),1.4210854715202004e-14,120,1214
3000036,serial_dependence,Serial dependence,37,16.809264827689077,0.7428795342557307,1.090057305643224,1.193309662453499,True,scipy.optimize.linprog(method='highs'),0,Optimization terminated successfully. (HiGHS Status 7: Optimal),1.4210854715202004e-14,120,1215
3000037,serial_dependence,Serial dependence,38,17.870506855317743,0.7371144250611091,1.0926960886731605,1.1470360370926769,True,scipy.optimize.linprog(method='highs'),0,Optimization terminated successfully. (HiGHS Status 7: Optimal),1.4210854715202004e-14,120,1178
3000038,serial_dependence,Serial dependence,39,3.449797381169631,0.9424741655773674,1.0620126760986828,1.0765870306067704,True,scipy.optimize.linprog(method='highs'),0,Optimization terminated successfully. (HiGHS Status 7: Optimal),1.4210854715202004e-14,120,1182
3000039,serial_dependence,Serial dependence,40,22.782827247705896,0.659279067262835,1.1135849642951312,1.213737111974061,True,scipy.optimize.linprog(method='highs'),0,Optimization terminated successfully. (HiGHS Status 7: Optimal),1.4210854715202004e-14,120,1248
4000020,discrete_map_rounding,Integer MAP rounding,21,11.0,0.8333333333333334,1.1468342560217557,1.1958411287786292,True,scipy.optimize.linprog(method='highs'),0,Optimization terminated successfully. (HiGHS Status 7: Optimal),1.4210854715202004e-14,120,1200
4000021,discrete_map_rounding,Integer MAP rounding,22,8.46666666666666,0.8666666666666668,1.129187498458332,1.169948650886151,True,scipy.optimize.linprog(method='highs'),0,Optimization terminated successfully. (HiGHS Status 7: Optimal),1.4210854715202004e-14,120,1164
4000022,discrete_map_rounding,Integer MAP rounding,23,13.714285714285715,0.7857142857142857,1.095105031212173,1.153883803696304,True,scipy.optimize.linprog(method='highs'),0,Optimization terminated successfully. (HiGHS Status 7: Optimal),1.4210854715202004e-14,120,1201
4000023,discrete_map_rounding,Integer MAP rounding,24,19.85714285714293,0.7142857142857132,1.0535199628413905,1.116458948458949,True,scipy.optimize.linprog(method='highs'),0,Optimization terminated successfully. (HiGHS Status 7: Optimal),1.4210854715202004e-14,120,1206
4000024,discrete_map_rounding,Integer MAP rounding,25,20.65217391304348,0.6956521739130436,1.0918761911397776,1.173418777981278,True,scipy.optimize.linprog(method='highs'),0,Optimization terminated successfully. (HiGHS Status 7: Optimal),1.4210854715202004e-14,120,1209
4000025,discrete_map_rounding,Integer MAP rounding,26,10.333333333333432,0.8333333333333319,1.0575373646415298,1.1226184371184376,True,scipy.optimize.linprog(method='highs'),0,Optimization terminated successfully. (HiGHS Status 7: Optimal),1.4210854715202004e-14,120,1158
4000026,discrete_map_rounding,Integer MAP rounding,27,6.2727272727272805,0.9090909090909092,1.0909290087017365,1.1013552512302514,True,scipy.optimize.linprog(method='highs'),0,Optimization terminated successfully. (HiGHS Status 7: Optimal),1.4210854715202004e-14,120,1199
4000027,discrete_map_rounding,Integer MAP rounding,28,18.999999999999996,0.7142857142857144,1.0381365707704997,1.1219592560217555,True,scipy.optimize.linprog(method='highs'),0,Optimization terminated successfully. (HiGHS Status 7: Optimal),1.4210854715202004e-14,120,1197
4000028,discrete_map_rounding,Integer MAP rounding,29,14.928571428571445,0.7857142857142855,1.0500883319722618,1.084570068820069,True,scipy.optimize.linprog(method='highs'),0,Optimization terminated successfully. (HiGHS Status 7: Optimal),1.4210854715202004e-14,120,1200
4000029,discrete_map_rounding,Integer MAP rounding,30,20.17647058823529,0.7058823529411765,1.041113465918611,1.1138242845117847,True,scipy.optimize.linprog(method='highs'),0,Optimization terminated successfully. (HiGHS Status 7: Optimal),1.4210854715202004e-14,120,1169
4000030,discrete_map_rounding,Integer MAP rounding,31,6.222222222222214,0.8888888888888891,1.1046677918275138,1.1557403869278868,True,scipy.optimize.linprog(method='highs'),0,Optimization terminated successfully. (HiGHS Status 7: Optimal),1.4210854715202004e-14,120,1186
4000031,discrete_map_rounding,Integer MAP rounding,32,10.07692307692308,0.8461538461538461,1.06109141463949,1.0922999639249642,True,scipy.optimize.linprog(method='highs'),0,Optimization terminated successfully. (HiGHS Status 7: Optimal),1.4210854715202004e-14,120,1226
4000032,discrete_map_rounding,Integer MAP rounding,33,15.230769230769226,0.7692307692307693,1.0721559725886651,1.1325591306841305,True,scipy.optimize.linprog(method='highs'),0,Optimization terminated successfully. (HiGHS Status 7: Optimal),7.105427357601002e-15,120,1207
4000033,discrete_map_rounding,Integer MAP rounding,34,9.857142857142833,0.8571428571428575,1.0155836719497415,1.0359393546268552,True,scipy.optimize.linprog(method='highs'),0,Optimization terminated successfully. (HiGHS Status 7: Optimal),1.4210854715202004e-14,120,1244
4000034,discrete_map_rounding,Integer MAP rounding,35,10.631578947368418,0.8421052631578948,0.9727228809202484,1.0050812705812706,True,scipy.optimize.linprog(method='highs'),0,Optimization terminated successfully. (HiGHS Status 7: Optimal),1.4210854715202004e-14,120,1150
4000035,discrete_map_rounding,Integer MAP rounding,36,10.5,0.8333333333333334,1.0895164233914223,1.1338206955081958,True,scipy.optimize.linprog(method='highs'),0,Optimization terminated successfully. (HiGHS Status 7: Optimal),1.4210854715202004e-14,120,1233
4000036,discrete_map_rounding,Integer MAP rounding,37,19.272727272727263,0.7272727272727274,1.00188871440008,1.043541588041588,True,scipy.optimize.linprog(method='highs'),0,Optimization terminated successfully. (HiGHS Status 7: Optimal),1.4210854715202004e-14,120,1174
4000037,discrete_map_rounding,Integer MAP rounding,38,24.363636363636346,0.6363636363636367,1.1152415089119625,1.216708633958634,True,scipy.optimize.linprog(method='highs'),0,Optimization terminated successfully. (HiGHS Status 7: Optimal),1.4210854715202004e-14,120,1232
4000038,discrete_map_rounding,Integer MAP rounding,39,12.200000000000005,0.7999999999999999,1.1272070568320571,1.226328495578496,True,scipy.optimize.linprog(method='highs'),0,Optimization terminated successfully. (HiGHS Status 7: Optimal),1.4210854715202004e-14,120,1197
4000039,discrete_map_rounding,Integer MAP rounding,40,13.199999999999996,0.8,1.047282997095497,1.089165142727643,True,scipy.optimize.linprog(method='highs'),0,Optimization terminated successfully. (HiGHS Status 7: Optimal),7.105427357601002e-15,120,1159
5000020,informative_monitoring,Informative monitoring,21,20.728594515016766,0.6748492454269303,1.061682894529248,1.4080508543001649,True,scipy.optimize.linprog(method='highs'),0,Optimization terminated successfully. (HiGHS Status 7: Optimal),1.4210854715202004e-14,120,680
5000021,informative_monitoring,Informative monitoring,22,22.055385999955472,0.6630326168015842,1.0734080609838654,1.4089257037775778,True,scipy.optimize.linprog(method='highs'),0,Optimization terminated successfully. (HiGHS Status 7: Optimal),1.4210854715202004e-14,120,694
5000022,informative_monitoring,Informative monitoring,23,16.271739062899954,0.7572218364942835,1.0671665712718277,1.1577578207089698,True,scipy.optimize.linprog(method='highs'),0,Optimization terminated successfully. (HiGHS Status 7: Optimal),1.4210854715202004e-14,120,771
5000023,informative_monitoring,Informative monitoring,24,21.722448817604157,0.6644413003578167,1.1424168984833034,1.4093569266075203,True,scipy.optimize.linprog(method='highs'),0,Optimization terminated successfully. (HiGHS Status 7: Optimal),1.4210854715202004e-14,120,667
5000024,informative_monitoring,Informative monitoring,25,24.105824841590078,0.6543864698984293,0.9990756780322044,1.168261698765265,True,scipy.optimize.linprog(method='highs'),0,Optimization terminated successfully. (HiGHS Status 7: Optimal),1.4210854715202004e-14,120,666
5000025,informative_monitoring,Informative monitoring,26,18.994547760383234,0.7112870555720944,1.0894563274210682,1.257351416711531,True,scipy.optimize.linprog(method='highs'),0,Optimization terminated successfully. (HiGHS Status 7: Optimal),1.4210854715202004e-14,120,754
5000026,informative_monitoring,Informative monitoring,27,24.233327606303625,0.6353477706310195,1.0807607284205665,1.3009421498456717,True,scipy.optimize.linprog(method='highs'),0,Optimization terminated successfully. (HiGHS Status 7: Optimal),1.4210854715202004e-14,120,640
5000027,informative_monitoring,Informative monitoring,28,18.095391427813937,0.7160952508809224,1.1392996816200098,1.3412129197891942,True,scipy.optimize.linprog(method='highs'),0,Optimization terminated successfully. (HiGHS Status 7: Optimal),1.4210854715202004e-14,120,749
5000028,informative_monitoring,Informative monitoring,29,13.340127557019754,0.7860017797141914,1.1940734104818451,1.3228044513129915,True,scipy.optimize.linprog(method='highs'),0,Optimization terminated successfully. (HiGHS Status 7: Optimal),1.4210854715202004e-14,120,719
5000029,informative_monitoring,Informative monitoring,30,18.961747226745736,0.7014122414833796,1.1157928607430936,1.2970355884566225,True,scipy.optimize.linprog(method='highs'),0,Optimization terminated successfully. (HiGHS Status 7: Optimal),1.4210854715202004e-14,120,700
5000030,informative_monitoring,Informative monitoring,31,22.80914469681477,0.6503315887341408,1.098505180536857,1.391144782114212,True,scipy.optimize.linprog(method='highs'),0,Optimization terminated successfully. (HiGHS Status 7: Optimal),1.4210854715202004e-14,120,751
5000031,informative_monitoring,Informative monitoring,32,18.64112154919692,0.691402856156998,1.0754983612508395,1.4191421839595928,True,scipy.optimize.linprog(method='highs'),0,Optimization terminated successfully. (HiGHS Status 7: Optimal),1.4210854715202004e-14,120,775
5000032,informative_monitoring,Informative monitoring,33,15.357426870526169,0.762486260566031,1.0480593024296845,1.180466065799988,True,scipy.optimize.linprog(method='highs'),0,Optimization terminated successfully. (HiGHS Status 7: Optimal),1.4210854715202004e-14,120,698
5000033,informative_monitoring,Informative monitoring,34,17.959483009894278,0.7182771108533461,1.1694587476997198,1.4302279696767544,True,scipy.optimize.linprog(method='highs'),0,Optimization terminated successfully. (HiGHS Status 7: Optimal),1.4210854715202004e-14,120,688
5000034,informative_monitoring,Informative monitoring,35,25.481338983542397,0.6217948436087475,1.0825492366564495,1.2733497882826104,True,scipy.optimize.linprog(method='highs'),0,Optimization terminated successfully. (HiGHS Status 7: Optimal),2.8421709430404014e-14,120,661
5000035,informative_monitoring,Informative monitoring,36,26.406770659456967,0.6051853022625377,1.036809730358031,1.213891700080488,True,scipy.optimize.linprog(method='highs'),0,Optimization terminated successfully. (HiGHS Status 7: Optimal),1.4210854715202004e-14,120,685
5000036,informative_monitoring,Informative monitoring,37,24.323167377497853,0.6422636011518001,1.000425722318704,1.2400588771210357,True,scipy.optimize.linprog(method='highs'),0,Optimization terminated successfully. (HiGHS Status 7: Optimal),1.4210854715202004e-14,120,705
5000037,informative_monitoring,Informative monitoring,38,14.832335472446402,0.761869217554478,1.0956845763546528,1.3349954256468737,True,scipy.optimize.linprog(method='highs'),0,Optimization terminated successfully. (HiGHS Status 7: Optimal),1.4210854715202004e-14,120,648
5000038,informative_monitoring,Informative monitoring,39,18.46558453180056,0.7230829867512625,1.019372885755354,1.2029140017315678,True,scipy.optimize.linprog(method='highs'),0,Optimization terminated successfully. (HiGHS Status 7: Optimal),1.4210854715202004e-14,120,683
5000039,informative_monitoring,Informative monitoring,40,15.751915540879004,0.7561217405460721,1.0466863071813932,1.1864223407197512,True,scipy.optimize.linprog(method='highs'),0,Optimization terminated successfully. (HiGHS Status 7: Optimal),1.4210854715202004e-14,120,725
6000020,cluster_size_informative,Cluster size--level association,21,8.319783393162552,0.8791086780751558,1.1046329570652056,1.1137779541100543,True,scipy.optimize.linprog(method='highs'),0,Optimization terminated successfully. (HiGHS Status 7: Optimal),1.4210854715202004e-14,120,1357
6000021,cluster_size_informative,Cluster size--level association,22,13.299261049120432,0.8013680744347417,1.063087216722676,1.105842353200899,True,scipy.optimize.linprog(method='highs'),0,Optimization terminated successfully. (HiGHS Status 7: Optimal),2.8421709430404014e-14,120,1419
6000022,cluster_size_informative,Cluster size--level association,23,19.949848866467867,0.7039293448451,1.086965721380282,1.1660710920624031,True,scipy.optimize.linprog(method='highs'),0,Optimization terminated successfully. (HiGHS Status 7: Optimal),1.4210854715202004e-14,120,1405
6000023,cluster_size_informative,Cluster size--level association,24,12.283983858805104,0.8154652672475718,1.0554252735129936,1.1115584849929612,True,scipy.optimize.linprog(method='highs'),0,Optimization terminated successfully. (HiGHS Status 7: Optimal),1.4210854715202004e-14,120,1280
6000024,cluster_size_informative,Cluster size--level association,25,15.557063934550136,0.7704555491740663,1.041235611827272,1.098041927157441,True,scipy.optimize.linprog(method='highs'),0,Optimization terminated successfully. (HiGHS Status 7: Optimal),1.4210854715202004e-14,120,1383
6000025,cluster_size_informative,Cluster size--level association,26,25.894494348265773,0.6242871526553795,1.0220627608109334,1.1033132115238051,True,scipy.optimize.linprog(method='highs'),0,Optimization terminated successfully. (HiGHS Status 7: Optimal),1.4210854715202004e-14,120,1457
6000026,cluster_size_informative,Cluster size--level association,27,14.827999950837707,0.7884878376443619,1.0395981633787246,1.102773090805979,True,scipy.optimize.linprog(method='highs'),0,Optimization terminated successfully. (HiGHS Status 7: Optimal),1.4210854715202004e-14,120,1301
6000027,cluster_size_informative,Cluster size--level association,28,17.6672040322522,0.7519576445714717,0.9694523450360284,1.0330510626035858,True,scipy.optimize.linprog(method='highs'),0,Optimization terminated successfully. (HiGHS Status 7: Optimal),2.8421709430404014e-14,120,1365
6000028,cluster_size_informative,Cluster size--level association,29,11.014533734150564,0.8268077986599229,1.0356980101288322,1.099360584223376,True,scipy.optimize.linprog(method='highs'),0,Optimization terminated successfully. (HiGHS Status 7: Optimal),1.4210854715202004e-14,120,1395
6000029,cluster_size_informative,Cluster size--level association,30,9.699534710105166,0.8578779122069323,1.03706942994119,1.0687510177253916,True,scipy.optimize.linprog(method='highs'),0,Optimization terminated successfully. (HiGHS Status 7: Optimal),1.4210854715202004e-14,120,1343
6000030,cluster_size_informative,Cluster size--level association,31,12.975611607334129,0.7974038560143675,1.0496570510486838,1.1322215912536082,True,scipy.optimize.linprog(method='highs'),0,Optimization terminated successfully. (HiGHS Status 7: Optimal),1.4210854715202004e-14,120,1426
6000031,cluster_size_informative,Cluster size--level association,32,9.516601947331448,0.8616699456921821,1.0717675872597543,1.100383590023264,True,scipy.optimize.linprog(method='highs'),0,Optimization terminated successfully. (HiGHS Status 7: Optimal),1.4210854715202004e-14,120,1371
6000032,cluster_size_informative,Cluster size--level association,33,10.873794244064964,0.8388273540476571,1.0281655762023632,1.0494576319201987,True,scipy.optimize.linprog(method='highs'),0,Optimization terminated successfully. (HiGHS Status 7: Optimal),2.8421709430404014e-14,120,1394
6000033,cluster_size_informative,Cluster size--level association,34,13.028923731260798,0.8075970265489271,1.114972755611893,1.1582797518617094,True,scipy.optimize.linprog(method='highs'),0,Optimization terminated successfully. (HiGHS Status 7: Optimal),1.4210854715202004e-14,120,1333
6000034,cluster_size_informative,Cluster size--level association,35,12.614831133407389,0.8159572152458838,1.0061278870985473,1.036086068480361,True,scipy.optimize.linprog(method='highs'),0,Optimization terminated successfully. (HiGHS Status 7: Optimal),1.4210854715202004e-14,120,1390
6000035,cluster_size_informative,Cluster size--level association,36,12.439676961694024,0.8139864729533247,1.0486693720205778,1.0878883198023512,True,scipy.optimize.linprog(method='highs'),0,Optimization terminated successfully. (HiGHS Status 7: Optimal),1.4210854715202004e-14,120,1356
6000036,cluster_size_informative,Cluster size--level association,37,18.46161626458214,0.7367550737230616,1.0190745473843277,1.0705203413059354,True,scipy.optimize.linprog(method='highs'),0,Optimization terminated successfully. (HiGHS Status 7: Optimal),1.4210854715202004e-14,120,1402
6000037,cluster_size_informative,Cluster size--level association,38,12.72902993174301,0.8129315295791575,1.074608956705718,1.111424378916748,True,scipy.optimize.linprog(method='highs'),0,Optimization terminated successfully. (HiGHS Status 7: Optimal),1.4210854715202004e-14,120,1400
6000038,cluster_size_informative,Cluster size--level association,39,13.16833911488885,0.8102572677930318,1.0589839623989377,1.0935270105267207,True,scipy.optimize.linprog(method='highs'),0,Optimization terminated successfully. (HiGHS Status 7: Optimal),1.4210854715202004e-14,120,1381
6000039,cluster_size_informative,Cluster size--level association,40,18.1105133188301,0.7337210052579645,1.0122062282706592,1.0854062908748827,True,scipy.optimize.linprog(method='highs'),0,Optimization terminated successfully. (HiGHS Status 7: Optimal),1.4210854715202004e-14,120,1402
7000020,common_time_misspecified,Misspecified common time,21,18.06588733915726,0.6885922700332952,1.1069641401492414,1.6798614623709776,True,scipy.optimize.linprog(method='highs'),0,Optimization terminated successfully. (HiGHS Status 7: Optimal),1.4210854715202004e-14,120,1176
7000021,common_time_misspecified,Misspecified common time,22,10.353073515300444,0.791234516422088,1.1198526164002705,1.669048736702129,True,scipy.optimize.linprog(method='highs'),0,Optimization terminated successfully. (HiGHS Status 7: Optimal),1.4210854715202004e-14,120,1158
7000022,common_time_misspecified,Misspecified common time,23,16.049527878947814,0.704339125258171,1.1614641420805532,1.8139314077666235,True,scipy.optimize.linprog(method='highs'),0,Optimization terminated successfully. (HiGHS Status 7: Optimal),1.4210854715202004e-14,120,1194
7000023,common_time_misspecified,Misspecified common time,24,10.470605678219664,0.7916976070881578,1.0935305939242093,1.599481475876538,True,scipy.optimize.linprog(method='highs'),0,Optimization terminated successfully. (HiGHS Status 7: Optimal),1.4210854715202004e-14,120,1186
7000024,common_time_misspecified,Misspecified common time,25,0.6652818846569997,0.9220450098145164,1.0620426160726446,1.576075201652326,True,scipy.optimize.linprog(method='highs'),0,Optimization terminated successfully. (HiGHS Status 7: Optimal),1.4210854715202004e-14,120,1190
7000025,common_time_misspecified,Misspecified common time,26,14.29738860016056,0.7340294341804967,1.1180058449670427,1.7147776769484802,True,scipy.optimize.linprog(method='highs'),0,Optimization terminated successfully. (HiGHS Status 7: Optimal),1.4210854715202004e-14,120,1180
7000026,common_time_misspecified,Misspecified common time,27,10.612495646981763,0.7893515640085736,1.0300837609378408,1.576523732305892,True,scipy.optimize.linprog(method='highs'),0,Optimization terminated successfully. (HiGHS Status 7: Optimal),1.4210854715202004e-14,120,1223
7000027,common_time_misspecified,Misspecified common time,28,3.060452099697195,0.8911591969734912,1.085575221949508,1.6069483680672805,True,scipy.optimize.linprog(method='highs'),0,Optimization terminated successfully. (HiGHS Status 7: Optimal),1.4210854715202004e-14,120,1208
7000028,common_time_misspecified,Misspecified common time,29,1.816095980917362,0.895754635221225,1.1428198142982886,1.8653559917213405,True,scipy.optimize.linprog(method='highs'),0,Optimization terminated successfully. (HiGHS Status 7: Optimal),1.4210854715202004e-14,120,1199
7000029,common_time_misspecified,Misspecified common time,30,13.979065534808427,0.7426135680011675,1.0844813696474598,1.58767573373769,True,scipy.optimize.linprog(method='highs'),0,Optimization terminated successfully. (HiGHS Status 7: Optimal),1.4210854715202004e-14,120,1191
7000030,common_time_misspecified,Misspecified common time,31,12.69728286062916,0.7526836155338191,1.150990182069637,1.7700736572751985,True,scipy.optimize.linprog(method='highs'),0,Optimization terminated successfully. (HiGHS Status 7: Optimal),1.4210854715202004e-14,120,1205
7000031,common_time_misspecified,Misspecified common time,32,14.988175244000884,0.7244169643787006,1.086769374601371,1.6621076767510603,True,scipy.optimize.linprog(method='highs'),0,Optimization terminated successfully. (HiGHS Status 7: Optimal),1.4210854715202004e-14,120,1222
7000032,common_time_misspecified,Misspecified common time,33,19.972126652299725,0.6674406625760204,1.0903031526181348,1.62538434060483,True,scipy.optimize.linprog(method='highs'),0,Optimization terminated successfully. (HiGHS Status 7: Optimal),1.4210854715202004e-14,120,1190
7000033,common_time_misspecified,Misspecified common time,34,10.228789239638346,0.7989412989588226,1.0636512022672604,1.5215147412787746,True,scipy.optimize.linprog(method='highs'),0,Optimization terminated successfully. (HiGHS Status 7: Optimal),2.131628207280301e-14,120,1211
7000034,common_time_misspecified,Misspecified common time,35,14.7032784650395,0.7323636866516638,1.07809891754583,1.6952041603374253,True,scipy.optimize.linprog(method='highs'),0,Optimization terminated successfully. (HiGHS Status 7: Optimal),1.4210854715202004e-14,120,1255
7000035,common_time_misspecified,Misspecified common time,36,14.859368021095593,0.7335470779142542,1.0663683362944134,1.6739230170051478,True,scipy.optimize.linprog(method='highs'),0,Optimization terminated successfully. (HiGHS Status 7: Optimal),1.4210854715202004e-14,120,1188
7000036,common_time_misspecified,Misspecified common time,37,7.570178629268554,0.825732767638063,1.154807813179839,1.7485762413701589,True,scipy.optimize.linprog(method='highs'),0,Optimization terminated successfully. (HiGHS Status 7: Optimal),1.4210854715202004e-14,120,1172
7000037,common_time_misspecified,Misspecified common time,38,15.722965123984476,0.7195350725911845,0.9901362026968028,1.6108749559481592,True,scipy.optimize.linprog(method='highs'),0,Optimization terminated successfully. (HiGHS Status 7: Optimal),1.4210854715202004e-14,120,1162
7000038,common_time_misspecified,Misspecified common time,39,14.306369143114262,0.73940931727829,1.0524975529799805,1.6100895682359035,True,scipy.optimize.linprog(method='highs'),0,Optimization terminated successfully. (HiGHS Status 7: Optimal),1.4210854715202004e-14,120,1180
7000039,common_time_misspecified,Misspecified common time,40,4.163478697668083,0.8754745391903311,1.033640391781593,1.6382913900403402,True,scipy.optimize.linprog(method='highs'),0,Optimization terminated successfully. (HiGHS Status 7: Optimal),1.4210854715202004e-14,120,1228
8000020,level_plus_shape,Persistent level plus shape,21,56.07221509477441,0.1856547054470194,1.250370123781502,1.5918319484635717,True,scipy.optimize.linprog(method='highs'),0,Optimization terminated successfully. (HiGHS Status 7: Optimal),1.4210854715202004e-14,120,1399
8000021,level_plus_shape,Persistent level plus shape,22,52.55028986907576,0.2215986837795573,1.2500874828257251,1.7307082823127815,True,scipy.optimize.linprog(method='highs'),0,Optimization terminated successfully. (HiGHS Status 7: Optimal),1.4210854715202004e-14,120,1425
8000022,level_plus_shape,Persistent level plus shape,23,43.69613119600638,0.3605040399008943,1.1836514200267472,1.4740388656636112,True,scipy.optimize.linprog(method='highs'),0,Optimization terminated successfully. (HiGHS Status 7: Optimal),1.4210854715202004e-14,120,1418
8000023,level_plus_shape,Persistent level plus shape,24,52.72733876059937,0.232813702329357,1.2351211375111228,1.5213999907650133,True,scipy.optimize.linprog(method='highs'),0,Optimization terminated successfully. (HiGHS Status 7: Optimal),1.4210854715202004e-14,120,1490
8000024,level_plus_shape,Persistent level plus shape,25,51.60040845163816,0.2639719915461,1.224994241524999,1.5579250778065976,True,scipy.optimize.linprog(method='highs'),0,Optimization terminated successfully. (HiGHS Status 7: Optimal),1.4210854715202004e-14,120,1435
8000025,level_plus_shape,Persistent level plus shape,26,46.69947437437079,0.3196622657160867,1.2453011832090377,1.5688252589061151,True,scipy.optimize.linprog(method='highs'),0,Optimization terminated successfully. (HiGHS Status 7: Optimal),1.4210854715202004e-14,120,1436
8000026,level_plus_shape,Persistent level plus shape,27,47.479615352120405,0.299804901970099,1.2526235378978707,1.4978445414441406,True,scipy.optimize.linprog(method='highs'),0,Optimization terminated successfully. (HiGHS Status 7: Optimal),1.4210854715202004e-14,120,1434
8000027,level_plus_shape,Persistent level plus shape,28,65.30278045471292,0.0688390573539641,1.1637184886650167,1.6615676769768355,True,scipy.optimize.linprog(method='highs'),0,Optimization terminated successfully. (HiGHS Status 7: Optimal),1.4210854715202004e-14,120,1442
8000028,level_plus_shape,Persistent level plus shape,29,47.44125874867659,0.3032859662908713,1.2010994423775627,1.5659124556311363,True,scipy.optimize.linprog(method='highs'),0,Optimization terminated successfully. (HiGHS Status 7: Optimal),1.4210854715202004e-14,120,1477
8000029,level_plus_shape,Persistent level plus shape,30,47.017202087817225,0.3204039607291075,1.2378461586344611,1.5327420651292485,True,scipy.optimize.linprog(method='highs'),0,Optimization terminated successfully. (HiGHS Status 7: Optimal),1.4210854715202004e-14,120,1459
8000030,level_plus_shape,Persistent level plus shape,31,44.31754735827254,0.3460249960523878,1.2990617576034842,1.4890855748405698,True,scipy.optimize.linprog(method='highs'),0,Optimization terminated successfully. (HiGHS Status 7: Optimal),1.4210854715202004e-14,120,1396
8000031,level_plus_shape,Persistent level plus shape,32,61.0583231016812,0.1104300179199795,1.2243202853948607,1.656546838609521,True,scipy.optimize.linprog(method='highs'),0,Optimization terminated successfully. (HiGHS Status 7: Optimal),1.4210854715202004e-14,120,1438
8000032,level_plus_shape,Persistent level plus shape,33,56.55887206768872,0.1805030889070631,1.203467331623193,1.5804540101392914,True,scipy.optimize.linprog(method='highs'),0,Optimization terminated successfully. (HiGHS Status 7: Optimal),1.4210854715202004e-14,120,1457
8000033,level_plus_shape,Persistent level plus shape,34,55.89241986259383,0.1857292065790985,1.2617252034226665,1.5408792274700314,True,scipy.optimize.linprog(method='highs'),0,Optimization terminated successfully. (HiGHS Status 7: Optimal),1.4210854715202004e-14,120,1452
8000034,level_plus_shape,Persistent level plus shape,35,41.72435685578488,0.3866920991397644,1.242224473608426,1.431482143883312,True,scipy.optimize.linprog(method='highs'),0,Optimization terminated successfully. (HiGHS Status 7: Optimal),1.4210854715202004e-14,120,1442
8000035,level_plus_shape,Persistent level plus shape,36,41.88421084955925,0.3948993012548157,1.2831472843314662,1.394976758163065,True,scipy.optimize.linprog(method='highs'),0,Optimization terminated successfully. (HiGHS Status 7: Optimal),1.4210854715202004e-14,120,1421
8000036,level_plus_shape,Persistent level plus shape,37,58.11927422604325,0.1589921782198014,1.2566396984708306,1.5631347118290122,True,scipy.optimize.linprog(method='highs'),0,Optimization terminated successfully. (HiGHS Status 7: Optimal),1.4210854715202004e-14,120,1494
8000037,level_plus_shape,Persistent level plus shape,38,54.35834766587861,0.2164802383668641,1.341478817472518,1.5970014713550986,True,scipy.optimize.linprog(method='highs'),0,Optimization terminated successfully. (HiGHS Status 7: Optimal),2.8421709430404014e-14,120,1445
8000038,level_plus_shape,Persistent level plus shape,39,49.61330001293275,0.2729728793382429,1.2130672441332,1.5909709644722678,True,scipy.optimize.linprog(method='highs'),0,Optimization terminated successfully. (HiGHS Status 7: Optimal),1.4210854715202004e-14,120,1422
8000039,level_plus_shape,Persistent level plus shape,40,60.613241843555365,0.1341946952383551,1.209399150835221,1.5843029929330317,True,scipy.optimize.linprog(method='highs'),0,Optimization terminated successfully. (HiGHS Status 7: Optimal),1.4210854715202004e-14,120,1451
9000020,treatment_feedback,Treatment feedback,21,20.093659627034185,0.706997668001591,1.15916959308577,1.233129245566086,True,scipy.optimize.linprog(method='highs'),0,Optimization terminated successfully. (HiGHS Status 7: Optimal),1.4210854715202004e-14,120,1215
9000021,treatment_feedback,Treatment feedback,22,29.592463179417237,0.5938928243243963,1.0209283184114963,1.1051778446137923,True,scipy.optimize.linprog(method='highs'),0,Optimization terminated successfully. (HiGHS Status 7: Optimal),1.4210854715202004e-14,120,1209
9000022,treatment_feedback,Treatment feedback,23,25.377021256729822,0.6469813453002377,1.0820641908916306,1.153061229513347,True,scipy.optimize.linprog(method='highs'),0,Optimization terminated successfully. (HiGHS Status 7: Optimal),1.4210854715202004e-14,120,1191
9000023,treatment_feedback,Treatment feedback,24,26.1193872112579,0.6416532657680715,1.0564421249480938,1.1173580896610813,True,scipy.optimize.linprog(method='highs'),0,Optimization terminated successfully. (HiGHS Status 7: Optimal),2.8421709430404014e-14,120,1201
9000024,treatment_feedback,Treatment feedback,25,26.721905156115227,0.6315768660608309,1.0310371527797104,1.131304818444127,True,scipy.optimize.linprog(method='highs'),0,Optimization terminated successfully. (HiGHS Status 7: Optimal),1.4210854715202004e-14,120,1202
9000025,treatment_feedback,Treatment feedback,26,21.065093268423723,0.691986187618625,1.1080293392533824,1.1689161056727826,True,scipy.optimize.linprog(method='highs'),0,Optimization terminated successfully. (HiGHS Status 7: Optimal),1.4210854715202004e-14,120,1233
9000026,treatment_feedback,Treatment feedback,27,25.8546844847498,0.6347872599114514,1.1171596928619616,1.2333578350629404,True,scipy.optimize.linprog(method='highs'),0,Optimization terminated successfully. (HiGHS Status 7: Optimal),2.8421709430404014e-14,120,1196
9000027,treatment_feedback,Treatment feedback,28,20.57552141420262,0.7064169648552723,1.0887380786475334,1.1722496429938498,True,scipy.optimize.linprog(method='highs'),0,Optimization terminated successfully. (HiGHS Status 7: Optimal),1.4210854715202004e-14,120,1212
9000028,treatment_feedback,Treatment feedback,29,39.23601275204248,0.445016081367997,1.0430279946291785,1.1904912301063222,True,scipy.optimize.linprog(method='highs'),0,Optimization terminated successfully. (HiGHS Status 7: Optimal),1.4210854715202004e-14,120,1245
9000029,treatment_feedback,Treatment feedback,30,22.555313299351845,0.6748342144136726,1.0861175224504789,1.186107803809466,True,scipy.optimize.linprog(method='highs'),0,Optimization terminated successfully. (HiGHS Status 7: Optimal),1.4210854715202004e-14,120,1190
9000030,treatment_feedback,Treatment feedback,31,28.73162780030814,0.6020380098068424,1.1269296437556051,1.2224390557497629,True,scipy.optimize.linprog(method='highs'),0,Optimization terminated successfully. (HiGHS Status 7: Optimal),1.4210854715202004e-14,120,1190
9000031,treatment_feedback,Treatment feedback,32,27.974156496995825,0.608478587145011,1.0759236612553398,1.180917411413815,True,scipy.optimize.linprog(method='highs'),0,Optimization terminated successfully. (HiGHS Status 7: Optimal),1.4210854715202004e-14,120,1184
9000032,treatment_feedback,Treatment feedback,33,26.0016228465839,0.6422281745061417,1.0856581200202766,1.1653328422046665,True,scipy.optimize.linprog(method='highs'),0,Optimization terminated successfully. (HiGHS Status 7: Optimal),1.4210854715202004e-14,120,1224
9000033,treatment_feedback,Treatment feedback,34,28.263237292218815,0.6149856511242566,1.0633550981982711,1.1482902760711535,True,scipy.optimize.linprog(method='highs'),0,Optimization terminated successfully. (HiGHS Status 7: Optimal),1.4210854715202004e-14,120,1178
9000034,treatment_feedback,Treatment feedback,35,29.435206376871065,0.5776271970100885,1.0695929713231267,1.1767361911423342,True,scipy.optimize.linprog(method='highs'),0,Optimization terminated successfully. (HiGHS Status 7: Optimal),1.4210854715202004e-14,120,1191
9000035,treatment_feedback,Treatment feedback,36,27.086616347751008,0.6307498436950775,1.069662441235224,1.1367805748462738,True,scipy.optimize.linprog(method='highs'),0,Optimization terminated successfully. (HiGHS Status 7: Optimal),1.4210854715202004e-14,120,1208
9000036,treatment_feedback,Treatment feedback,37,26.048638090610854,0.6321893015501334,1.0486386901228948,1.1390751282710203,True,scipy.optimize.linprog(method='highs'),0,Optimization terminated successfully. (HiGHS Status 7: Optimal),1.4210854715202004e-14,120,1199
9000037,treatment_feedback,Treatment feedback,38,25.26959862084401,0.6545042099600527,1.0027911622921524,1.0776342439428528,True,scipy.optimize.linprog(method='highs'),0,Optimization terminated successfully. (HiGHS Status 7: Optimal),1.4210854715202004e-14,120,1162
9000038,treatment_feedback,Treatment feedback,39,27.56970845975691,0.6043940692643135,1.0782243319755176,1.191128407827816,True,scipy.optimize.linprog(method='highs'),0,Optimization terminated successfully. (HiGHS Status 7: Optimal),1.4210854715202004e-14,120,1203
9000039,treatment_feedback,Treatment feedback,40,28.49499173201849,0.5979175378680189,1.0683690302180056,1.1441384575910958,True,scipy.optimize.linprog(method='highs'),0,Optimization terminated successfully. (HiGHS Status 7: Optimal),1.4210854715202004e-14,120,1194
10000020,transient_nonpersistent,Transient non-persistence,21,63.728041381905136,0.1061054957103298,1.0209776100788723,1.821614775645623,True,scipy.optimize.linprog(method='highs'),0,Optimization terminated successfully. (HiGHS Status 7: Optimal),1.4210854715202004e-14,120,1225
10000021,transient_nonpersistent,Transient non-persistence,22,64.80673784298145,0.0848112903354476,1.032581826246577,1.6980359456736211,True,scipy.optimize.linprog(method='highs'),0,Optimization terminated successfully. (HiGHS Status 7: Optimal),1.4210854715202004e-14,120,1159
10000022,transient_nonpersistent,Transient non-persistence,23,61.318424206465245,0.1282230628708095,1.0820149359316726,1.9369831533850284,True,scipy.optimize.linprog(method='highs'),0,Optimization terminated successfully. (HiGHS Status 7: Optimal),1.4210854715202004e-14,120,1212
10000023,transient_nonpersistent,Transient non-persistence,24,71.21252067362956,0.0017953702101618,1.022133977470618,1.7044178721135932,True,scipy.optimize.linprog(method='highs'),0,Optimization terminated successfully. (HiGHS Status 7: Optimal),1.4210854715202004e-14,120,1158
10000024,transient_nonpersistent,Transient non-persistence,25,66.25757509561544,0.0676809360484567,1.0473769926494387,1.919434635354911,True,scipy.optimize.linprog(method='highs'),0,Optimization terminated successfully. (HiGHS Status 7: Optimal),1.4210854715202004e-14,120,1251
10000025,transient_nonpersistent,Transient non-persistence,26,65.6146576856812,0.0709657373777148,0.96922981443606,1.929542398199172,True,scipy.optimize.linprog(method='highs'),0,Optimization terminated successfully. (HiGHS Status 7: Optimal),1.4210854715202004e-14,120,1205
10000026,transient_nonpersistent,Transient non-persistence,27,62.82548527744981,0.1197889169814751,0.9556276511853478,1.7046186735544822,True,scipy.optimize.linprog(method='highs'),0,Optimization terminated successfully. (HiGHS Status 7: Optimal),1.4210854715202004e-14,120,1237
10000027,transient_nonpersistent,Transient non-persistence,28,57.97469535301093,0.186239357625229,0.994572336674693,1.7077077112995669,True,scipy.optimize.linprog(method='highs'),0,Optimization terminated successfully. (HiGHS Status 7: Optimal),1.4210854715202004e-14,120,1201
10000028,transient_nonpersistent,Transient non-persistence,29,60.82634765794382,0.1448241746031097,0.9881364576307364,1.5367828196143944,True,scipy.optimize.linprog(method='highs'),0,Optimization terminated successfully. (HiGHS Status 7: Optimal),1.4210854715202004e-14,120,1203
10000029,transient_nonpersistent,Transient non-persistence,30,56.865023993328535,0.1909213008197549,1.032702957992822,1.7634329425122002,True,scipy.optimize.linprog(method='highs'),0,Optimization terminated successfully. (HiGHS Status 7: Optimal),1.4210854715202004e-14,120,1195
10000030,transient_nonpersistent,Transient non-persistence,31,63.04594653065336,0.1130516461165469,0.9515440967157788,1.8443188103736483,True,scipy.optimize.linprog(method='highs'),0,Optimization terminated successfully. (HiGHS Status 7: Optimal),2.8421709430404014e-14,120,1225
10000031,transient_nonpersistent,Transient non-persistence,32,58.37642835927348,0.170367526753217,0.9689998313352688,1.6857740200251277,True,scipy.optimize.linprog(method='highs'),0,Optimization terminated successfully. (HiGHS Status 7: Optimal),1.4210854715202004e-14,120,1194
10000032,transient_nonpersistent,Transient non-persistence,33,65.57167851185996,0.0740045528675985,1.0297182724248122,1.7397496917830713,True,scipy.optimize.linprog(method='highs'),0,Optimization terminated successfully. (HiGHS Status 7: Optimal),1.4210854715202004e-14,120,1193
10000033,transient_nonpersistent,Transient non-persistence,34,64.57516692758821,0.0904914260544847,1.001122935794424,1.7357835067861198,True,scipy.optimize.linprog(method='highs'),0,Optimization terminated successfully. (HiGHS Status 7: Optimal),1.4210854715202004e-14,120,1183
10000034,transient_nonpersistent,Transient non-persistence,35,62.296689307502845,0.1212091252340443,1.0315636886466504,2.073237609475731,True,scipy.optimize.linprog(method='highs'),0,Optimization terminated successfully. (HiGHS Status 7: Optimal),1.4210854715202004e-14,120,1183
10000035,transient_nonpersistent,Transient non-persistence,36,62.849681828062685,0.1109939058096222,0.9719053688705332,1.5938281965815877,True,scipy.optimize.linprog(method='highs'),0,Optimization terminated successfully. (HiGHS Status 7: Optimal),1.4210854715202004e-14,120,1188
10000036,transient_nonpersistent,Transient non-persistence,37,71.08646100891401,-0.0049971357200911,0.9944196205364672,1.629754845523837,True,scipy.optimize.linprog(method='highs'),0,Optimization terminated successfully. (HiGHS Status 7: Optimal),1.4210854715202004e-14,120,1179
10000037,transient_nonpersistent,Transient non-persistence,38,54.5383586834927,0.2278305906485943,1.0414396286301808,1.6227232946503611,True,scipy.optimize.linprog(method='highs'),0,Optimization terminated successfully. (HiGHS Status 7: Optimal),1.4210854715202004e-14,120,1199
10000038,transient_nonpersistent,Transient non-persistence,39,66.78768014366898,0.0543557252599385,1.006516636196742,1.8904426369781868,True,scipy.optimize.linprog(method='highs'),0,Optimization terminated successfully. (HiGHS Status 7: Optimal),1.4210854715202004e-14,120,1172
10000039,transient_nonpersistent,Transient non-persistence,40,60.507523469953625,0.1373080181500358,1.0574327247420452,1.718726889829479,True,scipy.optimize.linprog(method='highs'),0,Optimization terminated successfully. (HiGHS Status 7: Optimal),1.4210854715202004e-14,120,1197
40,ideal_large_dense,"Ideal: large, dense",41,13.593779383995894,0.8029491606285736,1.017838085972912,1.0469130456692706,True,scipy.optimize.linprog(method='highs'),0,Optimization terminated successfully. (HiGHS Status 7: Optimal),1.4210854715202004e-14,120,1403
41,ideal_large_dense,"Ideal: large, dense",42,11.386848775854348,0.8276495144887726,1.103573585699672,1.1291232077658515,True,scipy.optimize.linprog(method='highs'),0,Optimization terminated successfully. (HiGHS Status 7: Optimal),1.4210854715202004e-14,120,1377
42,ideal_large_dense,"Ideal: large, dense",43,13.245339895497452,0.807791061387706,1.0704529549323685,1.098158075828414,True,scipy.optimize.linprog(method='highs'),0,Optimization terminated successfully. (HiGHS Status 7: Optimal),1.4210854715202004e-14,120,1440
43,ideal_large_dense,"Ideal: large, dense",44,4.220409115829077,0.9214393541243712,1.086965540434742,1.1226708171972817,True,scipy.optimize.linprog(method='highs'),0,Optimization terminated successfully. (HiGHS Status 7: Optimal),2.8421709430404014e-14,120,1451
44,ideal_large_dense,"Ideal: large, dense",45,9.47463689043194,0.8537696974499811,1.032033289769757,1.054224860469851,True,scipy.optimize.linprog(method='highs'),0,Optimization terminated successfully. (HiGHS Status 7: Optimal),1.4210854715202004e-14,120,1452
45,ideal_large_dense,"Ideal: large, dense",46,6.186432796906057,0.9080154382346064,1.0238976211225574,1.035984212296215,True,scipy.optimize.linprog(method='highs'),0,Optimization terminated successfully. (HiGHS Status 7: Optimal),2.8421709430404014e-14,120,1439
46,ideal_large_dense,"Ideal: large, dense",47,6.957122355616889,0.8942277707890847,1.027863510935446,1.0464307758111333,True,scipy.optimize.linprog(method='highs'),0,Optimization terminated successfully. (HiGHS Status 7: Optimal),1.4210854715202004e-14,120,1448
47,ideal_large_dense,"Ideal: large, dense",48,11.799744553796174,0.8321153135694525,1.0572545682686545,1.078762851739902,True,scipy.optimize.linprog(method='highs'),0,Optimization terminated successfully. (HiGHS Status 7: Optimal),1.4210854715202004e-14,120,1471
48,ideal_large_dense,"Ideal: large, dense",49,20.869811578531824,0.696461280618008,1.0945115927186662,1.1680565898277775,True,scipy.optimize.linprog(method='highs'),0,Optimization terminated successfully. (HiGHS Status 7: Optimal),1.4210854715202004e-14,120,1468
49,ideal_large_dense,"Ideal: large, dense",50,13.013644046615902,0.8043900408220162,1.1023791468475506,1.146673596924739,True,scipy.optimize.linprog(method='highs'),0,Optimization terminated successfully. (HiGHS Status 7: Optimal),1.4210854715202004e-14,120,1499
50,ideal_large_dense,"Ideal: large, dense",51,4.904260125043052,0.9171925497235022,1.0223522019026734,1.0477376987119549,True,scipy.optimize.linprog(method='highs'),0,Optimization terminated successfully. (HiGHS Status 7: Optimal),1.4210854715202004e-14,120,1459
51,ideal_large_dense,"Ideal: large, dense",52,13.172719362272064,0.812786160049344,1.0519241244283857,1.0742828145528205,True,scipy.optimize.linprog(method='highs'),0,Optimization terminated successfully. (HiGHS Status 7: Optimal),1.4210854715202004e-14,120,1420
52,ideal_large_dense,"Ideal: large, dense",53,13.893793939672925,0.7962623844804485,1.0135717871035783,1.0631578575100595,True,scipy.optimize.linprog(method='highs'),0,Optimization terminated successfully. (HiGHS Status 7: Optimal),2.131628207280301e-14,120,1437
53,ideal_large_dense,"Ideal: large, dense",54,9.937332084527496,0.856153565854974,1.0387173022381992,1.0620005814018492,True,scipy.optimize.linprog(method='highs'),0,Optimization terminated successfully. (HiGHS Status 7: Optimal),1.4210854715202004e-14,120,1450
54,ideal_large_dense,"Ideal: large, dense",55,15.04253235419471,0.7822780140453268,1.016453443261894,1.0465333152956215,True,scipy.optimize.linprog(method='highs'),0,Optimization terminated successfully. (HiGHS Status 7: Optimal),1.4210854715202004e-14,120,1439
55,ideal_large_dense,"Ideal: large, dense",56,14.04464292411427,0.7975284683158483,1.066171365824541,1.1031452509099011,True,scipy.optimize.linprog(method='highs'),0,Optimization terminated successfully. (HiGHS Status 7: Optimal),1.4210854715202004e-14,120,1431
56,ideal_large_dense,"Ideal: large, dense",57,7.871044023529421,0.8754098659733445,1.0248070013959167,1.0517759793648458,True,scipy.optimize.linprog(method='highs'),0,Optimization terminated successfully. (HiGHS Status 7: Optimal),1.4210854715202004e-14,120,1384
57,ideal_large_dense,"Ideal: large, dense",58,4.141997436920107,0.9357349509678784,1.0337468960731369,1.0469168022324769,True,scipy.optimize.linprog(method='highs'),0,Optimization terminated successfully. (HiGHS Status 7: Optimal),1.4210854715202004e-14,120,1411
58,ideal_large_dense,"Ideal: large, dense",59,12.688856087621822,0.8116035123201633,1.057699698994332,1.103843068696477,True,scipy.optimize.linprog(method='highs'),0,Optimization terminated successfully. (HiGHS Status 7: Optimal),1.4210854715202004e-14,120,1457
59,ideal_large_dense,"Ideal: large, dense",60,13.316289073373364,0.7987594593188919,1.072121846315014,1.1223371933054944,True,scipy.optimize.linprog(method='highs'),0,Optimization terminated successfully. (HiGHS Status 7: Optimal),1.4210854715202004e-14,120,1452
1000040,ideal_small_dense,"Ideal: small, dense",41,12.316283984640584,0.8129004450742563,0.9905531374655866,1.0221799096956077,True,scipy.optimize.linprog(method='highs'),0,Optimization terminated successfully. (HiGHS Status 7: Optimal),1.4210854715202004e-14,48,590
1000041,ideal_small_dense,"Ideal: small, dense",42,3.3514854996112637,0.9480622212887614,0.965606025687844,0.9727351153125025,True,scipy.optimize.linprog(method='highs'),0,Optimization terminated successfully. (HiGHS Status 7: Optimal),1.4210854715202004e-14,48,580
1000042,ideal_small_dense,"Ideal: small, dense",43,0.7016442183315519,0.9917441057426928,1.130458164834521,1.1311851161786366,True,scipy.optimize.linprog(method='highs'),0,Optimization terminated successfully. (HiGHS Status 7: Optimal),1.4210854715202004e-14,48,576
1000043,ideal_small_dense,"Ideal: small, dense",44,10.853632689355225,0.845861395721318,0.9527246146740812,0.97570892616357,True,scipy.optimize.linprog(method='highs'),0,Optimization terminated successfully. (HiGHS Status 7: Optimal),1.4210854715202004e-14,48,581
1000044,ideal_small_dense,"Ideal: small, dense",45,5.069580958914315,0.9240691718286836,1.083218460995664,1.0917865325527634,True,scipy.optimize.linprog(method='highs'),0,Optimization terminated successfully. (HiGHS Status 7: Optimal),1.4210854715202004e-14,48,608
1000045,ideal_small_dense,"Ideal: small, dense",46,8.567154183780803,0.8655310703276197,1.1455291657418754,1.1842044649371095,True,scipy.optimize.linprog(method='highs'),0,Optimization terminated successfully. (HiGHS Status 7: Optimal),1.4210854715202004e-14,48,567
1000046,ideal_small_dense,"Ideal: small, dense",47,7.769977423387283,0.8759081031122031,1.1821676299174848,1.2167294155818655,True,scipy.optimize.linprog(method='highs'),0,Optimization terminated successfully. (HiGHS Status 7: Optimal),1.4210854715202004e-14,48,544
1000047,ideal_small_dense,"Ideal: small, dense",48,12.734478455038538,0.8079698235930083,1.0149280121905997,1.059847089551106,True,scipy.optimize.linprog(method='highs'),0,Optimization terminated successfully. (HiGHS Status 7: Optimal),1.4210854715202004e-14,48,582
1000048,ideal_small_dense,"Ideal: small, dense",49,15.663813091154772,0.7667568810781069,1.0236312665817675,1.1084338469023969,True,scipy.optimize.linprog(method='highs'),0,Optimization terminated successfully. (HiGHS Status 7: Optimal),1.4210854715202004e-14,48,579
1000049,ideal_small_dense,"Ideal: small, dense",50,11.643979177376975,0.8260000635727531,1.0594665047163976,1.095209152916861,True,scipy.optimize.linprog(method='highs'),0,Optimization terminated successfully. (HiGHS Status 7: Optimal),1.4210854715202004e-14,48,585
1000050,ideal_small_dense,"Ideal: small, dense",51,17.68366961849373,0.7384725622042471,1.0565050798005569,1.1173524678563285,True,scipy.optimize.linprog(method='highs'),0,Optimization terminated successfully. (HiGHS Status 7: Optimal),1.4210854715202004e-14,48,541
1000051,ideal_small_dense,"Ideal: small, dense",52,9.79586052276606,0.8504274434645853,1.0610898963728723,1.1081527438583143,True,scipy.optimize.linprog(method='highs'),0,Optimization terminated successfully. (HiGHS Status 7: Optimal),1.4210854715202004e-14,48,579
1000052,ideal_small_dense,"Ideal: small, dense",53,4.391264995802298,0.9410612880697764,1.1439427898659214,1.145083692896904,True,scipy.optimize.linprog(method='highs'),0,Optimization terminated successfully. (HiGHS Status 7: Optimal),1.4210854715202004e-14,48,548
1000053,ideal_small_dense,"Ideal: small, dense",54,-4.780581086719423,1.0652594964500597,1.0459491495943052,1.0479618261878838,True,scipy.optimize.linprog(method='highs'),0,Optimization terminated successfully. (HiGHS Status 7: Optimal),1.4210854715202004e-14,48,582
1000054,ideal_small_dense,"Ideal: small, dense",55,16.930271883220698,0.7571044101482339,1.0062065332882242,1.035844661222299,True,scipy.optimize.linprog(method='highs'),0,Optimization terminated successfully. (HiGHS Status 7: Optimal),1.4210854715202004e-14,48,572
1000055,ideal_small_dense,"Ideal: small, dense",56,14.688361058070392,0.7776845160641461,1.03698242111909,1.120618801233628,True,scipy.optimize.linprog(method='highs'),0,Optimization terminated successfully. (HiGHS Status 7: Optimal),1.4210854715202004e-14,48,590
1000056,ideal_small_dense,"Ideal: small, dense",57,21.8413350686134,0.6698546339329926,1.0546055426421086,1.1572368494152414,True,scipy.optimize.linprog(method='highs'),0,Optimization terminated successfully. (HiGHS Status 7: Optimal),1.4210854715202004e-14,48,576
1000057,ideal_small_dense,"Ideal: small, dense",58,14.833458435682502,0.787336604538977,1.0299049299048504,1.07484848945665,True,scipy.optimize.linprog(method='highs'),0,Optimization terminated successfully. (HiGHS Status 7: Optimal),1.4210854715202004e-14,48,569
1000058,ideal_small_dense,"Ideal: small, dense",59,18.864756478931568,0.7180064939977657,1.1065614343459564,1.2288436120527724,True,scipy.optimize.linprog(method='highs'),0,Optimization terminated successfully. (HiGHS Status 7: Optimal),1.4210854715202004e-14,48,554
1000059,ideal_small_dense,"Ideal: small, dense",60,0.3209130363787014,0.9787380532210216,1.0135803839869235,1.0404036467873714,True,scipy.optimize.linprog(method='highs'),0,Optimization terminated successfully. (HiGHS Status 7: Optimal),1.4210854715202004e-14,48,544
2000040,ideal_large_sparse,"Ideal: large, sparse",41,11.2618694054889,0.8078955420745348,1.1402545427206,1.2967125469193097,True,scipy.optimize.linprog(method='highs'),0,Optimization terminated successfully. (HiGHS Status 7: Optimal),2.8421709430404014e-14,120,719
2000041,ideal_large_sparse,"Ideal: large, sparse",42,18.95938896547317,0.6912900267085993,1.1183762343523025,1.5745181879672658,True,scipy.optimize.linprog(method='highs'),0,Optimization terminated successfully. (HiGHS Status 7: Optimal),1.4210854715202004e-14,120,708
2000042,ideal_large_sparse,"Ideal: large, sparse",43,25.913584418279576,0.604126095512738,1.192332233120436,1.4655704715279785,True,scipy.optimize.linprog(method='highs'),0,Optimization terminated successfully. (HiGHS Status 7: Optimal),1.4210854715202004e-14,120,726
2000043,ideal_large_sparse,"Ideal: large, sparse",44,17.47753656593691,0.7087778480821111,1.138256590673007,1.53208887287927,True,scipy.optimize.linprog(method='highs'),0,Optimization terminated successfully. (HiGHS Status 7: Optimal),1.4210854715202004e-14,120,714
2000044,ideal_large_sparse,"Ideal: large, sparse",45,25.78885942462891,0.5994744728465717,1.1481405194441694,1.4800987809962152,True,scipy.optimize.linprog(method='highs'),0,Optimization terminated successfully. (HiGHS Status 7: Optimal),1.4210854715202004e-14,120,704
2000045,ideal_large_sparse,"Ideal: large, sparse",46,17.561253449846596,0.7298251190268189,1.0330309492304597,1.2240968892476822,True,scipy.optimize.linprog(method='highs'),0,Optimization terminated successfully. (HiGHS Status 7: Optimal),1.4210854715202004e-14,120,728
2000046,ideal_large_sparse,"Ideal: large, sparse",47,19.31299595050278,0.6871669247612188,1.0751431916331586,1.4827504886699596,True,scipy.optimize.linprog(method='highs'),0,Optimization terminated successfully. (HiGHS Status 7: Optimal),1.4210854715202004e-14,120,735
2000047,ideal_large_sparse,"Ideal: large, sparse",48,19.30460462907014,0.6910670305330787,1.1116283378832446,1.510928352015248,True,scipy.optimize.linprog(method='highs'),0,Optimization terminated successfully. (HiGHS Status 7: Optimal),1.4210854715202004e-14,120,730
2000048,ideal_large_sparse,"Ideal: large, sparse",49,17.29307907447656,0.7057280567214708,1.227377010258095,1.6383603842846566,True,scipy.optimize.linprog(method='highs'),0,Optimization terminated successfully. (HiGHS Status 7: Optimal),1.4210854715202004e-14,120,711
2000049,ideal_large_sparse,"Ideal: large, sparse",50,19.9013575565206,0.6916415398129977,1.0669742871568348,1.3767151631719985,True,scipy.optimize.linprog(method='highs'),0,Optimization terminated successfully. (HiGHS Status 7: Optimal),1.4210854715202004e-14,120,730
2000050,ideal_large_sparse,"Ideal: large, sparse",51,19.767764537911138,0.6894742616077311,1.1463783387121582,1.4431649034490477,True,scipy.optimize.linprog(method='highs'),0,Optimization terminated successfully. (HiGHS Status 7: Optimal),1.4210854715202004e-14,120,714
2000051,ideal_large_sparse,"Ideal: large, sparse",52,21.558786080508906,0.6633758917829399,1.0825062246154329,1.4487174393592066,True,scipy.optimize.linprog(method='highs'),0,Optimization terminated successfully. (HiGHS Status 7: Optimal),1.4210854715202004e-14,120,689
2000052,ideal_large_sparse,"Ideal: large, sparse",53,17.029055398025825,0.7259284534023774,1.1607089276164353,1.398320128142801,True,scipy.optimize.linprog(method='highs'),0,Optimization terminated successfully. (HiGHS Status 7: Optimal),1.4210854715202004e-14,120,722
2000053,ideal_large_sparse,"Ideal: large, sparse",54,23.049852690353585,0.6471138837706808,1.0990907389458022,1.3253786123520432,True,scipy.optimize.linprog(method='highs'),0,Optimization terminated successfully. (HiGHS Status 7: Optimal),2.8421709430404014e-14,120,706
2000054,ideal_large_sparse,"Ideal: large, sparse",55,13.929164934504188,0.7676817273876038,1.1612372057531086,1.4464240455467006,True,scipy.optimize.linprog(method='highs'),0,Optimization terminated successfully. (HiGHS Status 7: Optimal),1.4210854715202004e-14,120,701
2000055,ideal_large_sparse,"Ideal: large, sparse",56,20.727971151943716,0.6887497584127783,1.0652847613402092,1.2225177765979605,True,scipy.optimize.linprog(method='highs'),0,Optimization terminated successfully. (HiGHS Status 7: Optimal),1.4210854715202004e-14,120,715
2000056,ideal_large_sparse,"Ideal: large, sparse",57,28.710651491388088,0.5716323472074301,1.0837567397874048,1.3863024869356184,True,scipy.optimize.linprog(method='highs'),0,Optimization terminated successfully. (HiGHS Status 7: Optimal),1.4210854715202004e-14,120,735
2000057,ideal_large_sparse,"Ideal: large, sparse",58,20.296417387531296,0.674844252887956,1.1464855132207,1.6042845003892294,True,scipy.optimize.linprog(method='highs'),0,Optimization terminated successfully. (HiGHS Status 7: Optimal),1.4210854715202004e-14,120,703
2000058,ideal_large_sparse,"Ideal: large, sparse",59,19.62636101838837,0.6844148795245585,1.146533321110624,1.5908517395886788,True,scipy.optimize.linprog(method='highs'),0,Optimization terminated successfully. (HiGHS Status 7: Optimal),1.4210854715202004e-14,120,699
2000059,ideal_large_sparse,"Ideal: large, sparse",60,23.224156224112505,0.640062266787418,1.1270536242295446,1.5277198473647646,True,scipy.optimize.linprog(method='highs'),0,Optimization terminated successfully. (HiGHS Status 7: Optimal),1.4210854715202004e-14,120,697
3000040,serial_dependence,Serial dependence,41,18.550034576384157,0.7233510347287889,1.1245783102658231,1.187518447385004,True,scipy.optimize.linprog(method='highs'),0,Optimization terminated successfully. (HiGHS Status 7: Optimal),1.4210854715202004e-14,120,1215
3000041,serial_dependence,Serial dependence,42,24.760762308787413,0.6364277476525603,1.066876858255751,1.2307045958322165,True,scipy.optimize.linprog(method='highs'),0,Optimization terminated successfully. (HiGHS Status 7: Optimal),1.4210854715202004e-14,120,1183
3000042,serial_dependence,Serial dependence,43,13.623174933369931,0.7952309147242461,1.0658643247590909,1.148650210870693,True,scipy.optimize.linprog(method='highs'),0,Optimization terminated successfully. (HiGHS Status 7: Optimal),1.4210854715202004e-14,120,1189
3000043,serial_dependence,Serial dependence,44,13.562823887027507,0.793784284022425,1.1128427852389935,1.1587121071574635,True,scipy.optimize.linprog(method='highs'),0,Optimization terminated successfully. (HiGHS Status 7: Optimal),2.8421709430404014e-14,120,1257
3000044,serial_dependence,Serial dependence,45,15.203980984588746,0.7556471736368142,1.125016769432552,1.346559000611834,True,scipy.optimize.linprog(method='highs'),0,Optimization terminated successfully. (HiGHS Status 7: Optimal),1.4210854715202004e-14,120,1187
3000045,serial_dependence,Serial dependence,46,19.517223440281565,0.7000071779822749,1.1505414381148111,1.275589437654291,True,scipy.optimize.linprog(method='highs'),0,Optimization terminated successfully. (HiGHS Status 7: Optimal),1.4210854715202004e-14,120,1174
3000046,serial_dependence,Serial dependence,47,14.798179597015938,0.7652596371800698,1.1184369638856198,1.231382626580854,True,scipy.optimize.linprog(method='highs'),0,Optimization terminated successfully. (HiGHS Status 7: Optimal),1.4210854715202004e-14,120,1226
3000047,serial_dependence,Serial dependence,48,11.250472084304567,0.8218108847045829,1.0598683790557148,1.1819766580195854,True,scipy.optimize.linprog(method='highs'),0,Optimization terminated successfully. (HiGHS Status 7: Optimal),1.4210854715202004e-14,120,1193
3000048,serial_dependence,Serial dependence,49,24.674469018541267,0.6388460493269067,1.082797176554789,1.2637338499080806,True,scipy.optimize.linprog(method='highs'),0,Optimization terminated successfully. (HiGHS Status 7: Optimal),1.4210854715202004e-14,120,1232
3000049,serial_dependence,Serial dependence,50,13.439456239129475,0.7895061528632892,1.0953930641646616,1.190632273155784,True,scipy.optimize.linprog(method='highs'),0,Optimization terminated successfully. (HiGHS Status 7: Optimal),1.4210854715202004e-14,120,1225
3000050,serial_dependence,Serial dependence,51,19.95881769196831,0.691678529843159,1.122692169418464,1.255990027395156,True,scipy.optimize.linprog(method='highs'),0,Optimization terminated successfully. (HiGHS Status 7: Optimal),1.4210854715202004e-14,120,1250
3000051,serial_dependence,Serial dependence,52,22.14486551055352,0.6774653529501966,1.0587596703844755,1.1649663861563486,True,scipy.optimize.linprog(method='highs'),0,Optimization terminated successfully. (HiGHS Status 7: Optimal),1.4210854715202004e-14,120,1249
3000052,serial_dependence,Serial dependence,53,10.487147317102483,0.8386151751201903,1.0678923106549851,1.137641449009914,True,scipy.optimize.linprog(method='highs'),0,Optimization terminated successfully. (HiGHS Status 7: Optimal),1.4210854715202004e-14,120,1179
3000053,serial_dependence,Serial dependence,54,9.348859918201534,0.8435951232105399,1.1254513786459293,1.2157986175105202,True,scipy.optimize.linprog(method='highs'),0,Optimization terminated successfully. (HiGHS Status 7: Optimal),1.4210854715202004e-14,120,1187
3000054,serial_dependence,Serial dependence,55,10.618481358784273,0.8211016851922825,1.1340933703306078,1.253459979849751,True,scipy.optimize.linprog(method='highs'),0,Optimization terminated successfully. (HiGHS Status 7: Optimal),1.4210854715202004e-14,120,1193
3000055,serial_dependence,Serial dependence,56,25.38851255777632,0.624922175513117,1.1313936088810364,1.27787893012898,True,scipy.optimize.linprog(method='highs'),0,Optimization terminated successfully. (HiGHS Status 7: Optimal),1.4210854715202004e-14,120,1217
3000056,serial_dependence,Serial dependence,57,21.36673351465054,0.6947405733406441,0.9866830733695838,1.0757517222639423,True,scipy.optimize.linprog(method='highs'),0,Optimization terminated successfully. (HiGHS Status 7: Optimal),1.4210854715202004e-14,120,1225
3000057,serial_dependence,Serial dependence,58,13.56287417102036,0.7834269521444933,1.1043945173787253,1.2283734150888248,True,scipy.optimize.linprog(method='highs'),0,Optimization terminated successfully. (HiGHS Status 7: Optimal),1.4210854715202004e-14,120,1154
3000058,serial_dependence,Serial dependence,59,14.375925028827886,0.7705391426753395,1.1243988822050413,1.2482706187187855,True,scipy.optimize.linprog(method='highs'),0,Optimization terminated successfully. (HiGHS Status 7: Optimal),1.4210854715202004e-14,120,1194
3000059,serial_dependence,Serial dependence,60,6.967298967894223,0.8759485623644148,1.1224241220869595,1.196864371720984,True,scipy.optimize.linprog(method='highs'),0,Optimization terminated successfully. (HiGHS Status 7: Optimal),1.4210854715202004e-14,120,1230
4000040,discrete_map_rounding,Integer MAP rounding,41,10.631578947368393,0.8421052631578951,1.0853260036746877,1.1079813612313614,True,scipy.optimize.linprog(method='highs'),0,Optimization terminated successfully. (HiGHS Status 7: Optimal),1.4210854715202004e-14,120,1187
4000041,discrete_map_rounding,Integer MAP rounding,42,9.692307692307644,0.8461538461538466,1.078130379236148,1.1143626049876052,True,scipy.optimize.linprog(method='highs'),0,Optimization terminated successfully. (HiGHS Status 7: Optimal),2.8421709430404014e-14,120,1176
4000042,discrete_map_rounding,Integer MAP rounding,43,16.428571428571427,0.7619047619047619,1.0502861479349566,1.0776274188774186,True,scipy.optimize.linprog(method='highs'),0,Optimization terminated successfully. (HiGHS Status 7: Optimal),1.4210854715202004e-14,120,1178
4000043,discrete_map_rounding,Integer MAP rounding,44,15.29411764705879,0.7647058823529417,1.1336220427176296,1.2095433409183411,True,scipy.optimize.linprog(method='highs'),0,Optimization terminated successfully. (HiGHS Status 7: Optimal),2.8421709430404014e-14,120,1180
4000044,discrete_map_rounding,Integer MAP rounding,45,10.769230769230749,0.8461538461538466,1.094197871750756,1.113073687886187,True,scipy.optimize.linprog(method='highs'),0,Optimization terminated successfully. (HiGHS Status 7: Optimal),1.4210854715202004e-14,120,1185
4000045,discrete_map_rounding,Integer MAP rounding,46,18.77777777777778,0.7222222222222222,1.0916873612498614,1.170406246531246,True,scipy.optimize.linprog(method='highs'),0,Optimization terminated successfully. (HiGHS Status 7: Optimal),1.4210854715202004e-14,120,1209
4000046,discrete_map_rounding,Integer MAP rounding,47,15.555555555555594,0.7777777777777772,1.073015666946223,1.1117885864135868,True,scipy.optimize.linprog(method='highs'),0,Optimization terminated successfully. (HiGHS Status 7: Optimal),1.4210854715202004e-14,120,1173
4000047,discrete_map_rounding,Integer MAP rounding,48,9.28571428571427,0.8571428571428574,1.0969901494008631,1.1234737022237025,True,scipy.optimize.linprog(method='highs'),0,Optimization terminated successfully. (HiGHS Status 7: Optimal),2.8421709430404014e-14,120,1186
4000048,discrete_map_rounding,Integer MAP rounding,49,14.285714285714285,0.7857142857142857,1.0379097209007924,1.073879037629038,True,scipy.optimize.linprog(method='highs'),0,Optimization terminated successfully. (HiGHS Status 7: Optimal),1.4210854715202004e-14,120,1172
4000049,discrete_map_rounding,Integer MAP rounding,50,15.769230769230766,0.7692307692307693,1.0447272914051755,1.0848525756650755,True,scipy.optimize.linprog(method='highs'),0,Optimization terminated successfully. (HiGHS Status 7: Optimal),1.4210854715202004e-14,120,1224
4000050,discrete_map_rounding,Integer MAP rounding,51,16.750000000000025,0.7499999999999997,1.0845232267732288,1.1453042975542973,True,scipy.optimize.linprog(method='highs'),0,Optimization terminated successfully. (HiGHS Status 7: Optimal),1.4210854715202004e-14,120,1180
4000051,discrete_map_rounding,Integer MAP rounding,52,13.53846153846154,0.8076923076923077,1.0281221218240468,1.0463691632441638,True,scipy.optimize.linprog(method='highs'),0,Optimization terminated successfully. (HiGHS Status 7: Optimal),1.4210854715202004e-14,120,1225
4000052,discrete_map_rounding,Integer MAP rounding,53,3.599999999999987,0.9333333333333336,1.1865341348466332,1.201039578477079,True,scipy.optimize.linprog(method='highs'),0,Optimization terminated successfully. (HiGHS Status 7: Optimal),1.4210854715202004e-14,120,1222
4000053,discrete_map_rounding,Integer MAP rounding,54,14.77777777777778,0.7777777777777778,1.0737750806292472,1.1440990930365933,True,scipy.optimize.linprog(method='highs'),0,Optimization terminated successfully. (HiGHS Status 7: Optimal),1.4210854715202004e-14,120,1181
4000054,discrete_map_rounding,Integer MAP rounding,55,8.71428571428566,0.8571428571428579,1.1174209745281165,1.1872975265475272,True,scipy.optimize.linprog(method='highs'),0,Optimization terminated successfully. (HiGHS Status 7: Optimal),1.4210854715202004e-14,120,1195
4000055,discrete_map_rounding,Integer MAP rounding,56,3.466666666666669,0.9333333333333332,1.109179900346568,1.138566854441855,True,scipy.optimize.linprog(method='highs'),0,Optimization terminated successfully. (HiGHS Status 7: Optimal),7.105427357601002e-15,120,1170
4000056,discrete_map_rounding,Integer MAP rounding,57,17.0,0.75,1.0663041530229034,1.1250549334924338,True,scipy.optimize.linprog(method='highs'),0,Optimization terminated successfully. (HiGHS Status 7: Optimal),0.0,120,1204
4000057,discrete_map_rounding,Integer MAP rounding,58,11.818181818181811,0.8181818181818182,1.0873178969599413,1.1178200526325528,True,scipy.optimize.linprog(method='highs'),0,Optimization terminated successfully. (HiGHS Status 7: Optimal),7.105427357601002e-15,120,1167
4000058,discrete_map_rounding,Integer MAP rounding,59,5.0909090909090935,0.9090909090909092,1.0467662152662165,1.0921067543567544,True,scipy.optimize.linprog(method='highs'),0,Optimization terminated successfully. (HiGHS Status 7: Optimal),1.4210854715202004e-14,120,1228
4000059,discrete_map_rounding,Integer MAP rounding,60,19.91666666666667,0.7083333333333333,1.0790089283787203,1.1491720455470458,True,scipy.optimize.linprog(method='highs'),0,Optimization terminated successfully. (HiGHS Status 7: Optimal),1.4210854715202004e-14,120,1224
5000040,informative_monitoring,Informative monitoring,41,14.951480484247648,0.7643524538565535,1.0528750218187697,1.2787414886549016,True,scipy.optimize.linprog(method='highs'),0,Optimization terminated successfully. (HiGHS Status 7: Optimal),1.4210854715202004e-14,120,665
5000041,informative_monitoring,Informative monitoring,42,19.06126566467278,0.6809169936797702,1.2525569418402769,1.555283183835388,True,scipy.optimize.linprog(method='highs'),0,Optimization terminated successfully. (HiGHS Status 7: Optimal),2.8421709430404014e-14,120,732
5000042,informative_monitoring,Informative monitoring,43,17.585230610078376,0.7163896422774503,1.1401331789716638,1.5109869238348257,True,scipy.optimize.linprog(method='highs'),0,Optimization terminated successfully. (HiGHS Status 7: Optimal),1.4210854715202004e-14,120,664
5000043,informative_monitoring,Informative monitoring,44,28.06025871984737,0.5810820310959323,1.105890094222071,1.410897517383486,True,scipy.optimize.linprog(method='highs'),0,Optimization terminated successfully. (HiGHS Status 7: Optimal),1.4210854715202004e-14,120,662
5000044,informative_monitoring,Informative monitoring,45,21.54604972871758,0.6703820316064549,1.1092398223282884,1.3564817926803143,True,scipy.optimize.linprog(method='highs'),0,Optimization terminated successfully. (HiGHS Status 7: Optimal),1.4210854715202004e-14,120,752
5000045,informative_monitoring,Informative monitoring,46,17.01415988396252,0.7376516772652941,1.0147354561369972,1.233309019985099,True,scipy.optimize.linprog(method='highs'),0,Optimization terminated successfully. (HiGHS Status 7: Optimal),1.4210854715202004e-14,120,753
5000046,informative_monitoring,Informative monitoring,47,18.90531195534541,0.7013948934422948,1.0605293993239726,1.2657644318706218,True,scipy.optimize.linprog(method='highs'),0,Optimization terminated successfully. (HiGHS Status 7: Optimal),1.4210854715202004e-14,120,714
5000047,informative_monitoring,Informative monitoring,48,22.428752414784743,0.6684291006807626,1.0611920190556523,1.3375695442933968,True,scipy.optimize.linprog(method='highs'),0,Optimization terminated successfully. (HiGHS Status 7: Optimal),1.4210854715202004e-14,120,718
5000048,informative_monitoring,Informative monitoring,49,16.68348172355814,0.7310022829324668,1.094181559408,1.3748399137439904,True,scipy.optimize.linprog(method='highs'),0,Optimization terminated successfully. (HiGHS Status 7: Optimal),1.4210854715202004e-14,120,634
5000049,informative_monitoring,Informative monitoring,50,17.959287149805554,0.7092858488321794,1.0666739736878066,1.3422836046651894,True,scipy.optimize.linprog(method='highs'),0,Optimization terminated successfully. (HiGHS Status 7: Optimal),1.4210854715202004e-14,120,747
5000050,informative_monitoring,Informative monitoring,51,23.93413801072206,0.6265580774860938,1.1507060418407675,1.39478700459339,True,scipy.optimize.linprog(method='highs'),0,Optimization terminated successfully. (HiGHS Status 7: Optimal),1.4210854715202004e-14,120,665
5000051,informative_monitoring,Informative monitoring,52,26.4203971574603,0.6026509877692384,1.15172678144939,1.5030336276465472,True,scipy.optimize.linprog(method='highs'),0,Optimization terminated successfully. (HiGHS Status 7: Optimal),1.4210854715202004e-14,120,686
5000052,informative_monitoring,Informative monitoring,53,15.566565167620936,0.7602344457583124,1.0578068647598735,1.137768722845109,True,scipy.optimize.linprog(method='highs'),0,Optimization terminated successfully. (HiGHS Status 7: Optimal),1.4210854715202004e-14,120,807
5000053,informative_monitoring,Informative monitoring,54,23.84950685543444,0.6439473717547264,1.0869038831111877,1.2488847371704876,True,scipy.optimize.linprog(method='highs'),0,Optimization terminated successfully. (HiGHS Status 7: Optimal),1.4210854715202004e-14,120,721
5000054,informative_monitoring,Informative monitoring,55,18.06311403926945,0.7231161022206934,1.135965798896215,1.3321361411231831,True,scipy.optimize.linprog(method='highs'),0,Optimization terminated successfully. (HiGHS Status 7: Optimal),1.4210854715202004e-14,120,643
5000055,informative_monitoring,Informative monitoring,56,20.977322151196056,0.6829801510393132,1.091206748432059,1.2530305656628005,True,scipy.optimize.linprog(method='highs'),0,Optimization terminated successfully. (HiGHS Status 7: Optimal),1.4210854715202004e-14,120,677
5000056,informative_monitoring,Informative monitoring,57,15.230029701423234,0.7455216652759297,1.1449613867345068,1.3775369317402368,True,scipy.optimize.linprog(method='highs'),0,Optimization terminated successfully. (HiGHS Status 7: Optimal),1.4210854715202004e-14,120,743
5000057,informative_monitoring,Informative monitoring,58,16.36384987616119,0.7469786802728859,1.0956948811243377,1.2342766081819931,True,scipy.optimize.linprog(method='highs'),0,Optimization terminated successfully. (HiGHS Status 7: Optimal),1.4210854715202004e-14,120,651
5000058,informative_monitoring,Informative monitoring,59,20.635690198218608,0.6770120954416233,1.0931099393240378,1.316615611195836,True,scipy.optimize.linprog(method='highs'),0,Optimization terminated successfully. (HiGHS Status 7: Optimal),1.4210854715202004e-14,120,753
5000059,informative_monitoring,Informative monitoring,60,10.302752395771984,0.8267679436560853,1.0885820594866409,1.2470768998228758,True,scipy.optimize.linprog(method='highs'),0,Optimization terminated successfully. (HiGHS Status 7: Optimal),1.4210854715202004e-14,120,742
6000040,cluster_size_informative,Cluster size--level association,41,14.955135226110626,0.7765476511311088,1.071102898286165,1.1478741963185033,True,scipy.optimize.linprog(method='highs'),0,Optimization terminated successfully. (HiGHS Status 7: Optimal),1.4210854715202004e-14,120,1368
6000041,cluster_size_informative,Cluster size--level association,42,8.171116429113312,0.8802275213348152,1.0256137707053683,1.04167978318535,True,scipy.optimize.linprog(method='highs'),0,Optimization terminated successfully. (HiGHS Status 7: Optimal),1.4210854715202004e-14,120,1397
6000042,cluster_size_informative,Cluster size--level association,43,16.386785537887967,0.764088671953226,1.0659398392734103,1.1225647258573603,True,scipy.optimize.linprog(method='highs'),0,Optimization terminated successfully. (HiGHS Status 7: Optimal),1.4210854715202004e-14,120,1364
6000043,cluster_size_informative,Cluster size--level association,44,12.188730814486131,0.8119912269727703,1.0771841484604434,1.1429085348736103,True,scipy.optimize.linprog(method='highs'),0,Optimization terminated successfully. (HiGHS Status 7: Optimal),1.4210854715202004e-14,120,1405
6000044,cluster_size_informative,Cluster size--level association,45,11.905077389393227,0.8270534366982114,1.0008735081335924,1.032689468274339,True,scipy.optimize.linprog(method='highs'),0,Optimization terminated successfully. (HiGHS Status 7: Optimal),1.4210854715202004e-14,120,1335
6000045,cluster_size_informative,Cluster size--level association,46,8.61526485875842,0.8813871867652375,1.0311559255333085,1.0472709138191276,True,scipy.optimize.linprog(method='highs'),0,Optimization terminated successfully. (HiGHS Status 7: Optimal),2.8421709430404014e-14,120,1351
6000046,cluster_size_informative,Cluster size--level association,47,9.938427878624104,0.8547782362463664,1.0379169901834946,1.051033413090363,True,scipy.optimize.linprog(method='highs'),0,Optimization terminated successfully. (HiGHS Status 7: Optimal),1.4210854715202004e-14,120,1442
6000047,cluster_size_informative,Cluster size--level association,48,14.892456077552495,0.7831961749587133,1.0504929793156594,1.0893457338814343,True,scipy.optimize.linprog(method='highs'),0,Optimization terminated successfully. (HiGHS Status 7: Optimal),1.4210854715202004e-14,120,1370
6000048,cluster_size_informative,Cluster size--level association,49,14.54691882222336,0.7825045726829416,1.0576420396951782,1.10749624683685,True,scipy.optimize.linprog(method='highs'),0,Optimization terminated successfully. (HiGHS Status 7: Optimal),1.4210854715202004e-14,120,1334
6000049,cluster_size_informative,Cluster size--level association,50,13.65794281449393,0.7994103851968719,1.0249772493884524,1.0761801180763375,True,scipy.optimize.linprog(method='highs'),0,Optimization terminated successfully. (HiGHS Status 7: Optimal),1.4210854715202004e-14,120,1327
6000050,cluster_size_informative,Cluster size--level association,51,11.601604882691005,0.8295196379231435,1.04485456719364,1.0821959108709358,True,scipy.optimize.linprog(method='highs'),0,Optimization terminated successfully. (HiGHS Status 7: Optimal),1.4210854715202004e-14,120,1343
6000051,cluster_size_informative,Cluster size--level association,52,15.608196172538412,0.7693723350869848,1.0565379893043256,1.0919852044943354,True,scipy.optimize.linprog(method='highs'),0,Optimization terminated successfully. (HiGHS Status 7: Optimal),1.4210854715202004e-14,120,1392
6000052,cluster_size_informative,Cluster size--level association,53,15.79505717703109,0.765148533470779,1.026601400801105,1.0717556704053492,True,scipy.optimize.linprog(method='highs'),0,Optimization terminated successfully. (HiGHS Status 7: Optimal),1.4210854715202004e-14,120,1350
6000053,cluster_size_informative,Cluster size--level association,54,16.548045698021525,0.7591015630574869,1.039216619093606,1.1140147546066643,True,scipy.optimize.linprog(method='highs'),0,Optimization terminated successfully. (HiGHS Status 7: Optimal),1.4210854715202004e-14,120,1385
6000054,cluster_size_informative,Cluster size--level association,55,10.702694805977249,0.8403830356691339,1.0635583554070025,1.1032749010209768,True,scipy.optimize.linprog(method='highs'),0,Optimization terminated successfully. (HiGHS Status 7: Optimal),1.4210854715202004e-14,120,1436
6000055,cluster_size_informative,Cluster size--level association,56,18.492658647121523,0.7318410247823325,1.0503557580187983,1.0876526049688906,True,scipy.optimize.linprog(method='highs'),0,Optimization terminated successfully. (HiGHS Status 7: Optimal),1.4210854715202004e-14,120,1358
6000056,cluster_size_informative,Cluster size--level association,57,15.57851771093762,0.771708810500211,1.016525243882982,1.0683280062796954,True,scipy.optimize.linprog(method='highs'),0,Optimization terminated successfully. (HiGHS Status 7: Optimal),2.8421709430404014e-14,120,1398
6000057,cluster_size_informative,Cluster size--level association,58,11.412017125619627,0.832460531514863,0.994904606884469,1.0162898625036123,True,scipy.optimize.linprog(method='highs'),0,Optimization terminated successfully. (HiGHS Status 7: Optimal),1.4210854715202004e-14,120,1403
6000058,cluster_size_informative,Cluster size--level association,59,9.42573744263612,0.8549937605790765,1.0250580306270891,1.0607088561444034,True,scipy.optimize.linprog(method='highs'),0,Optimization terminated successfully. (HiGHS Status 7: Optimal),1.4210854715202004e-14,120,1448
6000059,cluster_size_informative,Cluster size--level association,60,15.743744313706202,0.7714412903191598,1.071408888445903,1.11967985397638,True,scipy.optimize.linprog(method='highs'),0,Optimization terminated successfully. (HiGHS Status 7: Optimal),1.4210854715202004e-14,120,1358
7000040,common_time_misspecified,Misspecified common time,41,7.175572934830065,0.836176079987623,1.082696375106732,1.5751122678829823,True,scipy.optimize.linprog(method='highs'),0,Optimization terminated successfully. (HiGHS Status 7: Optimal),1.4210854715202004e-14,120,1232
7000041,common_time_misspecified,Misspecified common time,42,12.160382369080144,0.7585761622747841,1.10336586464348,1.797254922154805,True,scipy.optimize.linprog(method='highs'),0,Optimization terminated successfully. (HiGHS Status 7: Optimal),1.4210854715202004e-14,120,1237
7000042,common_time_misspecified,Misspecified common time,43,6.723553194559128,0.8505795458792361,1.1181980826227875,1.5313484347027473,True,scipy.optimize.linprog(method='highs'),0,Optimization terminated successfully. (HiGHS Status 7: Optimal),1.4210854715202004e-14,120,1188
7000043,common_time_misspecified,Misspecified common time,44,9.436242162088975,0.7883686217883367,1.1974394056717723,1.841514115434136,True,scipy.optimize.linprog(method='highs'),0,Optimization terminated successfully. (HiGHS Status 7: Optimal),1.4210854715202004e-14,120,1180
7000044,common_time_misspecified,Misspecified common time,45,11.02395383077748,0.7824621137749354,1.0633073391440928,1.6652486110541524,True,scipy.optimize.linprog(method='highs'),0,Optimization terminated successfully. (HiGHS Status 7: Optimal),1.4210854715202004e-14,120,1196
7000045,common_time_misspecified,Misspecified common time,46,11.263992442795669,0.7796738364939442,1.0766329617088304,1.6084026185372182,True,scipy.optimize.linprog(method='highs'),0,Optimization terminated successfully. (HiGHS Status 7: Optimal),1.4210854715202004e-14,120,1267
7000046,common_time_misspecified,Misspecified common time,47,10.382035040455236,0.7891432955489553,1.0696031938698298,1.6620901490183522,True,scipy.optimize.linprog(method='highs'),0,Optimization terminated successfully. (HiGHS Status 7: Optimal),1.4210854715202004e-14,120,1162
7000047,common_time_misspecified,Misspecified common time,48,15.07036724012145,0.7255941402216631,1.1409202561752605,1.7010835372581905,True,scipy.optimize.linprog(method='highs'),0,Optimization terminated successfully. (HiGHS Status 7: Optimal),1.4210854715202004e-14,120,1231
7000048,common_time_misspecified,Misspecified common time,49,10.114681735609008,0.7864525569775063,1.1386256534699335,1.8309892073855192,True,scipy.optimize.linprog(method='highs'),0,Optimization terminated successfully. (HiGHS Status 7: Optimal),2.8421709430404014e-14,120,1249
7000049,common_time_misspecified,Misspecified common time,50,5.516848987667759,0.8644653124178859,1.0552570285669385,1.5337643567706354,True,scipy.optimize.linprog(method='highs'),0,Optimization terminated successfully. (HiGHS Status 7: Optimal),1.4210854715202004e-14,120,1220
7000050,common_time_misspecified,Misspecified common time,51,7.550170644160648,0.8264729229108899,1.077699007589349,1.7022743938026073,True,scipy.optimize.linprog(method='highs'),0,Optimization terminated successfully. (HiGHS Status 7: Optimal),2.8421709430404014e-14,120,1196
7000051,common_time_misspecified,Misspecified common time,52,10.304256383581532,0.7899626197570497,1.1204110155167155,1.7291392198925688,True,scipy.optimize.linprog(method='highs'),0,Optimization terminated successfully. (HiGHS Status 7: Optimal),1.4210854715202004e-14,120,1193
7000052,common_time_misspecified,Misspecified common time,53,14.596260675927413,0.7270243071713216,1.0888122133033304,1.8835546678733823,True,scipy.optimize.linprog(method='highs'),0,Optimization terminated successfully. (HiGHS Status 7: Optimal),1.4210854715202004e-14,120,1248
7000053,common_time_misspecified,Misspecified common time,54,18.361615550433708,0.6815398779239267,1.089679909787102,1.660673174804721,True,scipy.optimize.linprog(method='highs'),0,Optimization terminated successfully. (HiGHS Status 7: Optimal),1.4210854715202004e-14,120,1193
7000054,common_time_misspecified,Misspecified common time,55,12.8962872649751,0.7431160233176848,1.1230240633651627,1.9107224841294763,True,scipy.optimize.linprog(method='highs'),0,Optimization terminated successfully. (HiGHS Status 7: Optimal),1.4210854715202004e-14,120,1175
7000055,common_time_misspecified,Misspecified common time,56,13.241520579330668,0.7544714327795893,1.0625684066640342,1.489913426469912,True,scipy.optimize.linprog(method='highs'),0,Optimization terminated successfully. (HiGHS Status 7: Optimal),1.4210854715202004e-14,120,1167
7000056,common_time_misspecified,Misspecified common time,57,9.092813202475623,0.8040308290555731,1.1218809387673812,1.7242871960883477,True,scipy.optimize.linprog(method='highs'),0,Optimization terminated successfully. (HiGHS Status 7: Optimal),1.4210854715202004e-14,120,1224
7000057,common_time_misspecified,Misspecified common time,58,16.043558189333172,0.713222950014047,1.1542234520385366,1.709446081030774,True,scipy.optimize.linprog(method='highs'),0,Optimization terminated successfully. (HiGHS Status 7: Optimal),1.4210854715202004e-14,120,1205
7000058,common_time_misspecified,Misspecified common time,59,13.14354226032205,0.7483310690549715,1.1034083666287453,1.6114204045666138,True,scipy.optimize.linprog(method='highs'),0,Optimization terminated successfully. (HiGHS Status 7: Optimal),1.4210854715202004e-14,120,1175
7000059,common_time_misspecified,Misspecified common time,60,17.170088132668727,0.6992329736111041,1.1268811429635524,1.695934072824972,True,scipy.optimize.linprog(method='highs'),0,Optimization terminated successfully. (HiGHS Status 7: Optimal),1.4210854715202004e-14,120,1197
8000040,level_plus_shape,Persistent level plus shape,41,45.706229595607134,0.3234992464267685,1.177111334725768,1.585307542928801,True,scipy.optimize.linprog(method='highs'),0,Optimization terminated successfully. (HiGHS Status 7: Optimal),1.4210854715202004e-14,120,1471
8000041,level_plus_shape,Persistent level plus shape,42,46.34814132475078,0.3177969473580004,1.258152982582564,1.6904513756948008,True,scipy.optimize.linprog(method='highs'),0,Optimization terminated successfully. (HiGHS Status 7: Optimal),1.4210854715202004e-14,120,1419
8000042,level_plus_shape,Persistent level plus shape,43,52.17103408219809,0.2373159077722801,1.229298296752022,1.592804963025413,True,scipy.optimize.linprog(method='highs'),0,Optimization terminated successfully. (HiGHS Status 7: Optimal),1.4210854715202004e-14,120,1415
8000043,level_plus_shape,Persistent level plus shape,44,56.64018824971569,0.1684386855598459,1.2594696236728034,1.6493401433185544,True,scipy.optimize.linprog(method='highs'),0,Optimization terminated successfully. (HiGHS Status 7: Optimal),1.4210854715202004e-14,120,1497
8000044,level_plus_shape,Persistent level plus shape,45,52.69634468027471,0.2407706028123402,1.1869448946166057,1.4279509191038606,True,scipy.optimize.linprog(method='highs'),0,Optimization terminated successfully. (HiGHS Status 7: Optimal),1.4210854715202004e-14,120,1392
8000045,level_plus_shape,Persistent level plus shape,46,62.73813926712246,0.1062473806785105,1.172039369205848,1.4159056576764326,True,scipy.optimize.linprog(method='highs'),0,Optimization terminated successfully. (HiGHS Status 7: Optimal),1.4210854715202004e-14,120,1439
8000046,level_plus_shape,Persistent level plus shape,47,50.93977093837982,0.2642023402124113,1.208440146359644,1.627892822596124,True,scipy.optimize.linprog(method='highs'),0,Optimization terminated successfully. (HiGHS Status 7: Optimal),1.4210854715202004e-14,120,1448
8000047,level_plus_shape,Persistent level plus shape,48,54.01650783593485,0.2092404688501581,1.296527438870036,1.667711046213927,True,scipy.optimize.linprog(method='highs'),0,Optimization terminated successfully. (HiGHS Status 7: Optimal),1.4210854715202004e-14,120,1482
8000048,level_plus_shape,Persistent level plus shape,49,51.86598756439059,0.2385373693347402,1.2583420715368248,1.5627773570368984,True,scipy.optimize.linprog(method='highs'),0,Optimization terminated successfully. (HiGHS Status 7: Optimal),1.4210854715202004e-14,120,1401
8000049,level_plus_shape,Persistent level plus shape,50,54.01935516129453,0.2228632405429759,1.2274350140682533,1.5601473152012029,True,scipy.optimize.linprog(method='highs'),0,Optimization terminated successfully. (HiGHS Status 7: Optimal),1.4210854715202004e-14,120,1470
8000050,level_plus_shape,Persistent level plus shape,51,49.09072889303645,0.2947576381522021,1.2444294159820437,1.5010487687305405,True,scipy.optimize.linprog(method='highs'),0,Optimization terminated successfully. (HiGHS Status 7: Optimal),1.4210854715202004e-14,120,1419
8000051,level_plus_shape,Persistent level plus shape,52,56.32922532375505,0.1874730445558938,1.2509383433697163,1.520680253171962,True,scipy.optimize.linprog(method='highs'),0,Optimization terminated successfully. (HiGHS Status 7: Optimal),1.4210854715202004e-14,120,1463
8000052,level_plus_shape,Persistent level plus shape,53,67.4427740236688,0.0349722820453568,1.2302107824956232,1.6250259920320649,True,scipy.optimize.linprog(method='highs'),0,Optimization terminated successfully. (HiGHS Status 7: Optimal),1.4210854715202004e-14,120,1422
8000053,level_plus_shape,Persistent level plus shape,54,40.91411324302645,0.4054296196326771,1.201912853141995,1.4111494257644135,True,scipy.optimize.linprog(method='highs'),0,Optimization terminated successfully. (HiGHS Status 7: Optimal),1.4210854715202004e-14,120,1466
8000054,level_plus_shape,Persistent level plus shape,55,65.08253969054026,0.0591449155290491,1.2886509402185582,1.6424507164618387,True,scipy.optimize.linprog(method='highs'),0,Optimization terminated successfully. (HiGHS Status 7: Optimal),1.4210854715202004e-14,120,1471
8000055,level_plus_shape,Persistent level plus shape,56,67.18947582471155,0.032613369083105,1.1124840200917752,1.7732672446235909,True,scipy.optimize.linprog(method='highs'),0,Optimization terminated successfully. (HiGHS Status 7: Optimal),1.4210854715202004e-14,120,1392
8000056,level_plus_shape,Persistent level plus shape,57,51.28045848540752,0.2547185772104299,1.266738691091433,1.5201458568657975,True,scipy.optimize.linprog(method='highs'),0,Optimization terminated successfully. (HiGHS Status 7: Optimal),1.4210854715202004e-14,120,1478
8000057,level_plus_shape,Persistent level plus shape,58,46.635917378140384,0.3140656315458962,1.2402750559630378,1.569323215310882,True,scipy.optimize.linprog(method='highs'),0,Optimization terminated successfully. (HiGHS Status 7: Optimal),1.4210854715202004e-14,120,1468
8000058,level_plus_shape,Persistent level plus shape,59,46.43194284532641,0.3343469629180459,1.22736867356893,1.4256570259446473,True,scipy.optimize.linprog(method='highs'),0,Optimization terminated successfully. (HiGHS Status 7: Optimal),1.4210854715202004e-14,120,1401
8000059,level_plus_shape,Persistent level plus shape,60,50.49242640480755,0.2618020551440903,1.1881656881919451,1.4728738091499554,True,scipy.optimize.linprog(method='highs'),0,Optimization terminated successfully. (HiGHS Status 7: Optimal),1.4210854715202004e-14,120,1438
9000040,treatment_feedback,Treatment feedback,41,39.16763004782089,0.4596419337955888,1.0200667725310366,1.1838742366702073,True,scipy.optimize.linprog(method='highs'),0,Optimization terminated successfully. (HiGHS Status 7: Optimal),1.4210854715202004e-14,120,1208
9000041,treatment_feedback,Treatment feedback,42,25.763229900655148,0.6419587647758943,1.0528429570046645,1.1500057825548244,True,scipy.optimize.linprog(method='highs'),0,Optimization terminated successfully. (HiGHS Status 7: Optimal),1.4210854715202004e-14,120,1169
9000042,treatment_feedback,Treatment feedback,43,23.129049035573424,0.6745613818080038,1.1018602120387742,1.1578252750259694,True,scipy.optimize.linprog(method='highs'),0,Optimization terminated successfully. (HiGHS Status 7: Optimal),1.4210854715202004e-14,120,1196
9000043,treatment_feedback,Treatment feedback,44,26.146211839523627,0.6395822112653755,1.0170801199331678,1.1117052574619883,True,scipy.optimize.linprog(method='highs'),0,Optimization terminated successfully. (HiGHS Status 7: Optimal),1.4210854715202004e-14,120,1165
9000044,treatment_feedback,Treatment feedback,45,32.51255879067992,0.5500020046362001,1.0154335225011943,1.1032946591229391,True,scipy.optimize.linprog(method='highs'),0,Optimization terminated successfully. (HiGHS Status 7: Optimal),1.4210854715202004e-14,120,1196
9000045,treatment_feedback,Treatment feedback,46,20.950459903514425,0.6981623905016872,1.1382977092823117,1.188016102507692,True,scipy.optimize.linprog(method='highs'),0,Optimization terminated successfully. (HiGHS Status 7: Optimal),1.4210854715202004e-14,120,1175
9000046,treatment_feedback,Treatment feedback,47,34.417134214168016,0.5154747545547979,1.0980214241492867,1.2343297197797265,True,scipy.optimize.linprog(method='highs'),0,Optimization terminated successfully. (HiGHS Status 7: Optimal),1.4210854715202004e-14,120,1177
9000047,treatment_feedback,Treatment feedback,48,22.659684499034647,0.6859031965238819,1.089710280274192,1.13845063811588,True,scipy.optimize.linprog(method='highs'),0,Optimization terminated successfully. (HiGHS Status 7: Optimal),1.4210854715202004e-14,120,1251
9000048,treatment_feedback,Treatment feedback,49,23.36211104684739,0.6742900463869876,1.040325819950898,1.1037746611414967,True,scipy.optimize.linprog(method='highs'),0,Optimization terminated successfully. (HiGHS Status 7: Optimal),1.4210854715202004e-14,120,1218
9000049,treatment_feedback,Treatment feedback,50,24.68615082510361,0.6465798946740577,1.061345393122938,1.1316385285982151,True,scipy.optimize.linprog(method='highs'),0,Optimization terminated successfully. (HiGHS Status 7: Optimal),1.4210854715202004e-14,120,1198
9000050,treatment_feedback,Treatment feedback,51,30.61260737507033,0.5678597354393821,1.1003755630103236,1.2051392863415789,True,scipy.optimize.linprog(method='highs'),0,Optimization terminated successfully. (HiGHS Status 7: Optimal),1.4210854715202004e-14,120,1176
9000051,treatment_feedback,Treatment feedback,52,29.07741173082336,0.59230614285508,1.0205829253704406,1.1302592176755006,True,scipy.optimize.linprog(method='highs'),0,Optimization terminated successfully. (HiGHS Status 7: Optimal),2.8421709430404014e-14,120,1182
9000052,treatment_feedback,Treatment feedback,53,15.67413067930326,0.7675839460659969,1.1049435170351618,1.1675268660237126,True,scipy.optimize.linprog(method='highs'),0,Optimization terminated successfully. (HiGHS Status 7: Optimal),1.4210854715202004e-14,120,1235
9000053,treatment_feedback,Treatment feedback,54,24.83572893480036,0.6391519684946225,1.1036842352421263,1.215048101051447,True,scipy.optimize.linprog(method='highs'),0,Optimization terminated successfully. (HiGHS Status 7: Optimal),1.4210854715202004e-14,120,1179
9000054,treatment_feedback,Treatment feedback,55,27.541035549982,0.6122436183566013,1.0289208120094404,1.1334164786409848,True,scipy.optimize.linprog(method='highs'),0,Optimization terminated successfully. (HiGHS Status 7: Optimal),1.4210854715202004e-14,120,1198
9000055,treatment_feedback,Treatment feedback,56,28.690830242670398,0.5900150751009536,1.1201134837044309,1.2224472983203512,True,scipy.optimize.linprog(method='highs'),0,Optimization terminated successfully. (HiGHS Status 7: Optimal),1.4210854715202004e-14,120,1179
9000056,treatment_feedback,Treatment feedback,57,31.17131277800204,0.5678620309672504,1.0344900614613366,1.1116067095293125,True,scipy.optimize.linprog(method='highs'),0,Optimization terminated successfully. (HiGHS Status 7: Optimal),1.4210854715202004e-14,120,1205
9000057,treatment_feedback,Treatment feedback,58,30.07658297726837,0.5773690372682205,1.1037110967182762,1.1778022863271678,True,scipy.optimize.linprog(method='highs'),0,Optimization terminated successfully. (HiGHS Status 7: Optimal),1.4210854715202004e-14,120,1212
9000058,treatment_feedback,Treatment feedback,59,24.713546324030663,0.6602685799988651,1.045730663899078,1.1074619055825026,True,scipy.optimize.linprog(method='highs'),0,Optimization terminated successfully. (HiGHS Status 7: Optimal),1.4210854715202004e-14,120,1183
9000059,treatment_feedback,Treatment feedback,60,32.16893345434133,0.5553525746425155,1.0547294414024757,1.1798418019856878,True,scipy.optimize.linprog(method='highs'),0,Optimization terminated successfully. (HiGHS Status 7: Optimal),1.4210854715202004e-14,120,1200
10000040,transient_nonpersistent,Transient non-persistence,41,59.5850292079545,0.1537119039426793,1.0921419446175331,1.8611655738869657,True,scipy.optimize.linprog(method='highs'),0,Optimization terminated successfully. (HiGHS Status 7: Optimal),1.4210854715202004e-14,120,1127
10000041,transient_nonpersistent,Transient non-persistence,42,58.74469859177409,0.1715553229458935,1.001896698011968,1.5634400323720026,True,scipy.optimize.linprog(method='highs'),0,Optimization terminated successfully. (HiGHS Status 7: Optimal),1.4210854715202004e-14,120,1168
10000042,transient_nonpersistent,Transient non-persistence,43,66.89742795641261,0.0560369477710448,1.0867591023113548,1.7599279623181574,True,scipy.optimize.linprog(method='highs'),0,Optimization terminated successfully. (HiGHS Status 7: Optimal),1.4210854715202004e-14,120,1245
10000043,transient_nonpersistent,Transient non-persistence,44,67.88770741318443,0.0416929593590292,1.043563605192973,1.9232875428610965,True,scipy.optimize.linprog(method='highs'),0,Optimization terminated successfully. (HiGHS Status 7: Optimal),1.4210854715202004e-14,120,1172
10000044,transient_nonpersistent,Transient non-persistence,45,61.149365041312805,0.1409099411066043,1.0484462511849584,1.7056414244718596,True,scipy.optimize.linprog(method='highs'),0,Optimization terminated successfully. (HiGHS Status 7: Optimal),1.4210854715202004e-14,120,1180
10000045,transient_nonpersistent,Transient non-persistence,46,61.64082891177578,0.1339643052488228,0.989351932959406,1.8166087982842147,True,scipy.optimize.linprog(method='highs'),0,Optimization terminated successfully. (HiGHS Status 7: Optimal),1.4210854715202004e-14,120,1221
10000046,transient_nonpersistent,Transient non-persistence,47,64.66200283337314,0.0873285421884081,1.0766196683898213,1.587132782514804,True,scipy.optimize.linprog(method='highs'),0,Optimization terminated successfully. (HiGHS Status 7: Optimal),1.4210854715202004e-14,120,1227
10000047,transient_nonpersistent,Transient non-persistence,48,63.04301490902617,0.1112402917142915,0.9784917982354734,1.7323737236901244,True,scipy.optimize.linprog(method='highs'),0,Optimization terminated successfully. (HiGHS Status 7: Optimal),1.4210854715202004e-14,120,1159
10000048,transient_nonpersistent,Transient non-persistence,49,61.87247251782481,0.1262580758027236,1.020928797758662,1.7859978713998497,True,scipy.optimize.linprog(method='highs'),0,Optimization terminated successfully. (HiGHS Status 7: Optimal),1.4210854715202004e-14,120,1141
10000049,transient_nonpersistent,Transient non-persistence,50,67.8724925680361,0.0460333728268092,0.9731491662941472,1.8624634725374445,True,scipy.optimize.linprog(method='highs'),0,Optimization terminated successfully. (HiGHS Status 7: Optimal),1.4210854715202004e-14,120,1200
10000050,transient_nonpersistent,Transient non-persistence,51,64.95148651064575,0.0871165382353087,0.9685443111701404,1.6657095468733998,True,scipy.optimize.linprog(method='highs'),0,Optimization terminated successfully. (HiGHS Status 7: Optimal),1.4210854715202004e-14,120,1181
10000051,transient_nonpersistent,Transient non-persistence,52,63.11342537268912,0.1047642282570487,1.042233346494165,1.750167672447151,True,scipy.optimize.linprog(method='highs'),0,Optimization terminated successfully. (HiGHS Status 7: Optimal),1.4210854715202004e-14,120,1201
10000052,transient_nonpersistent,Transient non-persistence,53,60.23017677404596,0.1454681460832731,1.0419366076897512,1.735833570084558,True,scipy.optimize.linprog(method='highs'),0,Optimization terminated successfully. (HiGHS Status 7: Optimal),1.4210854715202004e-14,120,1207
10000053,transient_nonpersistent,Transient non-persistence,54,65.99791416611075,0.0751533304217411,0.9724216296742636,1.6756766593957697,True,scipy.optimize.linprog(method='highs'),0,Optimization terminated successfully. (HiGHS Status 7: Optimal),1.4210854715202004e-14,120,1174
10000054,transient_nonpersistent,Transient non-persistence,55,60.39491241042127,0.1403039366602111,1.04782164887438,1.7751170080796232,True,scipy.optimize.linprog(method='highs'),0,Optimization terminated successfully. (HiGHS Status 7: Optimal),1.4210854715202004e-14,120,1206
10000055,transient_nonpersistent,Transient non-persistence,56,55.283987817884125,0.2151002013161277,1.0677880484927826,1.7465438122529735,True,scipy.optimize.linprog(method='highs'),0,Optimization terminated successfully. (HiGHS Status 7: Optimal),1.4210854715202004e-14,120,1156
10000056,transient_nonpersistent,Transient non-persistence,57,70.45853081730259,0.005277577915395,0.9972950536475244,1.9465552838781957,True,scipy.optimize.linprog(method='highs'),0,Optimization terminated successfully. (HiGHS Status 7: Optimal),1.4210854715202004e-14,120,1190
10000057,transient_nonpersistent,Transient non-persistence,58,67.39289448075458,0.0572770405037176,1.0335857880064954,1.6324947902626965,True,scipy.optimize.linprog(method='highs'),0,Optimization terminated successfully. (HiGHS Status 7: Optimal),1.4210854715202004e-14,120,1200
10000058,transient_nonpersistent,Transient non-persistence,59,67.47542150593793,0.0547220128705429,0.9789864582148372,2.045668957757994,True,scipy.optimize.linprog(method='highs'),0,Optimization terminated successfully. (HiGHS Status 7: Optimal),1.4210854715202004e-14,120,1195
10000059,transient_nonpersistent,Transient non-persistence,60,69.37909990933628,0.0177190006284446,1.0259182360211592,2.053409488612732,True,scipy.optimize.linprog(method='highs'),0,Optimization terminated successfully. (HiGHS Status 7: Optimal),1.4210854715202004e-14,120,1155
60,ideal_large_dense,"Ideal: large, dense",61,12.949923260998858,0.8095461556448649,1.1138551080486223,1.151379463890061,True,scipy.optimize.linprog(method='highs'),0,Optimization terminated successfully. (HiGHS Status 7: Optimal),1.4210854715202004e-14,120,1441
61,ideal_large_dense,"Ideal: large, dense",62,9.01110429430367,0.8683657644261351,1.0008566108907653,1.016563878026248,True,scipy.optimize.linprog(method='highs'),0,Optimization terminated successfully. (HiGHS Status 7: Optimal),2.8421709430404014e-14,120,1489
62,ideal_large_dense,"Ideal: large, dense",63,9.258122000267283,0.8543657065797033,1.095747662442214,1.1383621121404663,True,scipy.optimize.linprog(method='highs'),0,Optimization terminated successfully. (HiGHS Status 7: Optimal),1.4210854715202004e-14,120,1452
63,ideal_large_dense,"Ideal: large, dense",64,9.219345286058529,0.8687027083371817,1.003169132685964,1.0163474738631064,True,scipy.optimize.linprog(method='highs'),0,Optimization terminated successfully. (HiGHS Status 7: Optimal),1.4210854715202004e-14,120,1436
64,ideal_large_dense,"Ideal: large, dense",65,6.730835613144914,0.893180371640785,1.0554505320947842,1.078817081513186,True,scipy.optimize.linprog(method='highs'),0,Optimization terminated successfully. (HiGHS Status 7: Optimal),1.4210854715202004e-14,120,1448
65,ideal_large_dense,"Ideal: large, dense",66,6.008267476060439,0.9078920068793443,1.0340851557820103,1.046344150301192,True,scipy.optimize.linprog(method='highs'),0,Optimization terminated successfully. (HiGHS Status 7: Optimal),1.4210854715202004e-14,120,1409
66,ideal_large_dense,"Ideal: large, dense",67,18.41098164330448,0.736180976027262,1.048483516893344,1.094724516073339,True,scipy.optimize.linprog(method='highs'),0,Optimization terminated successfully. (HiGHS Status 7: Optimal),1.4210854715202004e-14,120,1429
67,ideal_large_dense,"Ideal: large, dense",68,7.559195460508056,0.8817572020052148,1.0508348794972484,1.0777724279882304,True,scipy.optimize.linprog(method='highs'),0,Optimization terminated successfully. (HiGHS Status 7: Optimal),1.4210854715202004e-14,120,1461
68,ideal_large_dense,"Ideal: large, dense",69,9.633143235805417,0.8514861654169698,1.0475124267757323,1.0778461742757104,True,scipy.optimize.linprog(method='highs'),0,Optimization terminated successfully. (HiGHS Status 7: Optimal),1.4210854715202004e-14,120,1403
69,ideal_large_dense,"Ideal: large, dense",70,15.834212128643667,0.7607438962969049,1.0264163608632833,1.1255427288082676,True,scipy.optimize.linprog(method='highs'),0,Optimization terminated successfully. (HiGHS Status 7: Optimal),1.4210854715202004e-14,120,1408
70,ideal_large_dense,"Ideal: large, dense",71,15.107026229665228,0.7668250767281227,1.104909331593839,1.1926874740200366,True,scipy.optimize.linprog(method='highs'),0,Optimization terminated successfully. (HiGHS Status 7: Optimal),2.8421709430404014e-14,120,1431
71,ideal_large_dense,"Ideal: large, dense",72,12.099772992595348,0.8252789642867568,1.0282546358683655,1.0504496510401111,True,scipy.optimize.linprog(method='highs'),0,Optimization terminated successfully. (HiGHS Status 7: Optimal),1.4210854715202004e-14,120,1399
72,ideal_large_dense,"Ideal: large, dense",73,16.67657216006768,0.7542138179967283,1.0761206851967189,1.1327996833604888,True,scipy.optimize.linprog(method='highs'),0,Optimization terminated successfully. (HiGHS Status 7: Optimal),1.4210854715202004e-14,120,1444
73,ideal_large_dense,"Ideal: large, dense",74,6.446334718125826,0.901402609125478,1.0477813858838845,1.0596234227275974,True,scipy.optimize.linprog(method='highs'),0,Optimization terminated successfully. (HiGHS Status 7: Optimal),1.4210854715202004e-14,120,1501
74,ideal_large_dense,"Ideal: large, dense",75,6.971214675750303,0.8876990764146037,1.0595727675693345,1.093952407633702,True,scipy.optimize.linprog(method='highs'),0,Optimization terminated successfully. (HiGHS Status 7: Optimal),1.4210854715202004e-14,120,1400
75,ideal_large_dense,"Ideal: large, dense",76,7.993640798741133,0.87293459426622,1.0499658493226875,1.0846819787294089,True,scipy.optimize.linprog(method='highs'),0,Optimization terminated successfully. (HiGHS Status 7: Optimal),1.4210854715202004e-14,120,1422
76,ideal_large_dense,"Ideal: large, dense",77,18.827479616629617,0.7270364929818917,1.042274243024223,1.0955383041719289,True,scipy.optimize.linprog(method='highs'),0,Optimization terminated successfully. (HiGHS Status 7: Optimal),1.4210854715202004e-14,120,1444
77,ideal_large_dense,"Ideal: large, dense",78,10.220091809226796,0.8414811132455988,1.1002895918338074,1.133985228898026,True,scipy.optimize.linprog(method='highs'),0,Optimization terminated successfully. (HiGHS Status 7: Optimal),2.8421709430404014e-14,120,1466
78,ideal_large_dense,"Ideal: large, dense",79,8.529004179028737,0.8769203593313047,1.027244994146186,1.04239873872345,True,scipy.optimize.linprog(method='highs'),0,Optimization terminated successfully. (HiGHS Status 7: Optimal),2.8421709430404014e-14,120,1420
79,ideal_large_dense,"Ideal: large, dense",80,9.235920778267664,0.859380437963228,1.037530237643164,1.0647508140423434,True,scipy.optimize.linprog(method='highs'),0,Optimization terminated successfully. (HiGHS Status 7: Optimal),1.4210854715202004e-14,120,1457
1000060,ideal_small_dense,"Ideal: small, dense",61,9.444163779435218,0.8623013466494008,1.0185926923987076,1.031186983009786,True,scipy.optimize.linprog(method='highs'),0,Optimization terminated successfully. (HiGHS Status 7: Optimal),1.4210854715202004e-14,48,556
1000061,ideal_small_dense,"Ideal: small, dense",62,16.697913833346334,0.7655656152057978,1.0533502589458157,1.0903237219714907,True,scipy.optimize.linprog(method='highs'),0,Optimization terminated successfully. (HiGHS Status 7: Optimal),1.4210854715202004e-14,48,563
1000062,ideal_small_dense,"Ideal: small, dense",63,4.23386236421814,0.930571149407625,1.1335995821817713,1.146023341499664,True,scipy.optimize.linprog(method='highs'),0,Optimization terminated successfully. (HiGHS Status 7: Optimal),1.4210854715202004e-14,48,600
1000063,ideal_small_dense,"Ideal: small, dense",64,15.279659952859754,0.775795496881189,1.1577209093934795,1.17727777823142,True,scipy.optimize.linprog(method='highs'),0,Optimization terminated successfully. (HiGHS Status 7: Optimal),1.4210854715202004e-14,48,592
1000064,ideal_small_dense,"Ideal: small, dense",65,2.8439564950379816,0.9584715314515094,0.9435156151995796,0.9458247256419406,True,scipy.optimize.linprog(method='highs'),0,Optimization terminated successfully. (HiGHS Status 7: Optimal),1.4210854715202004e-14,48,625
1000065,ideal_small_dense,"Ideal: small, dense",66,6.534257824255602,0.9080491082928452,1.0243602961621268,1.0351350898711975,True,scipy.optimize.linprog(method='highs'),0,Optimization terminated successfully. (HiGHS Status 7: Optimal),2.8421709430404014e-14,48,559
1000066,ideal_small_dense,"Ideal: small, dense",67,28.059720666948955,0.5871264713560657,1.0696793743013957,1.1693788200727298,True,scipy.optimize.linprog(method='highs'),0,Optimization terminated successfully. (HiGHS Status 7: Optimal),1.4210854715202004e-14,48,569
1000067,ideal_small_dense,"Ideal: small, dense",68,6.064645469262032,0.9108873032915388,1.0498652293639887,1.0595605753858115,True,scipy.optimize.linprog(method='highs'),0,Optimization terminated successfully. (HiGHS Status 7: Optimal),1.4210854715202004e-14,48,572
1000068,ideal_small_dense,"Ideal: small, dense",69,29.55522182843808,0.5614965082130002,1.1309543069890922,1.2255101565309352,True,scipy.optimize.linprog(method='highs'),0,Optimization terminated successfully. (HiGHS Status 7: Optimal),1.4210854715202004e-14,48,586
1000069,ideal_small_dense,"Ideal: small, dense",70,3.7442429770640486,0.9403254879759536,1.1572154513133426,1.163904343068204,True,scipy.optimize.linprog(method='highs'),0,Optimization terminated successfully. (HiGHS Status 7: Optimal),1.4210854715202004e-14,48,560
1000070,ideal_small_dense,"Ideal: small, dense",71,11.454029716446383,0.8360556033600279,1.0304431170975077,1.0594259756577873,True,scipy.optimize.linprog(method='highs'),0,Optimization terminated successfully. (HiGHS Status 7: Optimal),1.4210854715202004e-14,48,579
1000071,ideal_small_dense,"Ideal: small, dense",72,16.739003943312966,0.7615899436885482,1.0317648223496374,1.0899785882725022,True,scipy.optimize.linprog(method='highs'),0,Optimization terminated successfully. (HiGHS Status 7: Optimal),1.4210854715202004e-14,48,566
1000072,ideal_small_dense,"Ideal: small, dense",73,0.496790106952322,0.9822677162773412,0.9640110280115138,0.9809092061333432,True,scipy.optimize.linprog(method='highs'),0,Optimization terminated successfully. (HiGHS Status 7: Optimal),1.4210854715202004e-14,48,586
1000073,ideal_small_dense,"Ideal: small, dense",74,14.302757993907392,0.7941032006270324,1.076995745210883,1.1124080858694472,True,scipy.optimize.linprog(method='highs'),0,Optimization terminated successfully. (HiGHS Status 7: Optimal),1.4210854715202004e-14,48,562
1000074,ideal_small_dense,"Ideal: small, dense",75,14.36151250756592,0.7691646911865198,1.051621098333934,1.190697914503812,True,scipy.optimize.linprog(method='highs'),0,Optimization terminated successfully. (HiGHS Status 7: Optimal),1.4210854715202004e-14,48,545
1000075,ideal_small_dense,"Ideal: small, dense",76,6.699270163841728,0.8944086854053528,1.026715784585112,1.0609565985496994,True,scipy.optimize.linprog(method='highs'),0,Optimization terminated successfully. (HiGHS Status 7: Optimal),1.4210854715202004e-14,48,561
1000076,ideal_small_dense,"Ideal: small, dense",77,17.43157222544675,0.7467851409935458,1.0808191078118623,1.1263134435418174,True,scipy.optimize.linprog(method='highs'),0,Optimization terminated successfully. (HiGHS Status 7: Optimal),1.4210854715202004e-14,48,560
1000077,ideal_small_dense,"Ideal: small, dense",78,15.411903138267746,0.7774567390065577,1.0639612394727365,1.0942362508313077,True,scipy.optimize.linprog(method='highs'),0,Optimization terminated successfully. (HiGHS Status 7: Optimal),1.4210854715202004e-14,48,607
1000078,ideal_small_dense,"Ideal: small, dense",79,11.055468493045533,0.8302183966292433,1.0278677143592825,1.0706852322866618,True,scipy.optimize.linprog(method='highs'),0,Optimization terminated successfully. (HiGHS Status 7: Optimal),1.4210854715202004e-14,48,594
1000079,ideal_small_dense,"Ideal: small, dense",80,5.402767853942277,0.897261424709007,1.0124655569232657,1.0745839043923338,True,scipy.optimize.linprog(method='highs'),0,Optimization terminated successfully. (HiGHS Status 7: Optimal),1.4210854715202004e-14,48,564
2000060,ideal_large_sparse,"Ideal: large, sparse",61,18.506881144463726,0.7099271698753471,1.078131391049394,1.3422078310910222,True,scipy.optimize.linprog(method='highs'),0,Optimization terminated successfully. (HiGHS Status 7: Optimal),1.4210854715202004e-14,120,723
2000061,ideal_large_sparse,"Ideal: large, sparse",62,15.756805356250666,0.7367388283307328,1.138695730403201,1.39671142424025,True,scipy.optimize.linprog(method='highs'),0,Optimization terminated successfully. (HiGHS Status 7: Optimal),1.4210854715202004e-14,120,708
2000062,ideal_large_sparse,"Ideal: large, sparse",63,25.97648457884347,0.601831525771084,1.1471464531970488,1.476748731347364,True,scipy.optimize.linprog(method='highs'),0,Optimization terminated successfully. (HiGHS Status 7: Optimal),1.4210854715202004e-14,120,725
2000063,ideal_large_sparse,"Ideal: large, sparse",64,23.02542151763923,0.6323501967414065,1.2081301887631284,1.633475763229257,True,scipy.optimize.linprog(method='highs'),0,Optimization terminated successfully. (HiGHS Status 7: Optimal),1.4210854715202004e-14,120,732
2000064,ideal_large_sparse,"Ideal: large, sparse",65,21.285749462639643,0.6720159864242236,1.1165070591191075,1.403433352142719,True,scipy.optimize.linprog(method='highs'),0,Optimization terminated successfully. (HiGHS Status 7: Optimal),1.4210854715202004e-14,120,745
2000065,ideal_large_sparse,"Ideal: large, sparse",66,34.493892005599726,0.4915007262784134,1.0889689090152417,1.4763562930587977,True,scipy.optimize.linprog(method='highs'),0,Optimization terminated successfully. (HiGHS Status 7: Optimal),1.4210854715202004e-14,120,724
2000066,ideal_large_sparse,"Ideal: large, sparse",67,19.61179840136829,0.6894736703893519,1.1111284326197337,1.474867784405265,True,scipy.optimize.linprog(method='highs'),0,Optimization terminated successfully. (HiGHS Status 7: Optimal),1.4210854715202004e-14,120,715
2000067,ideal_large_sparse,"Ideal: large, sparse",68,13.182594953181493,0.7765538129308415,1.1678368844439515,1.4669749807970518,True,scipy.optimize.linprog(method='highs'),0,Optimization terminated successfully. (HiGHS Status 7: Optimal),1.4210854715202004e-14,120,715
2000068,ideal_large_sparse,"Ideal: large, sparse",69,18.88892336011744,0.6898371332076105,1.2191957103483706,1.5844667367044032,True,scipy.optimize.linprog(method='highs'),0,Optimization terminated successfully. (HiGHS Status 7: Optimal),1.4210854715202004e-14,120,736
2000069,ideal_large_sparse,"Ideal: large, sparse",70,15.50400874047044,0.7359490863188964,1.1058848127412744,1.483149973167323,True,scipy.optimize.linprog(method='highs'),0,Optimization terminated successfully. (HiGHS Status 7: Optimal),2.8421709430404014e-14,120,696
2000070,ideal_large_sparse,"Ideal: large, sparse",71,29.01683858769509,0.5631927232551285,1.160481520408277,1.4502440113696855,True,scipy.optimize.linprog(method='highs'),0,Optimization terminated successfully. (HiGHS Status 7: Optimal),1.4210854715202004e-14,120,709
2000071,ideal_large_sparse,"Ideal: large, sparse",72,28.27684569321445,0.5646707500797347,1.111495534792259,1.5647560936608271,True,scipy.optimize.linprog(method='highs'),0,Optimization terminated successfully. (HiGHS Status 7: Optimal),1.4210854715202004e-14,120,726
2000072,ideal_large_sparse,"Ideal: large, sparse",73,23.576630448689716,0.636138036258078,1.1011486563196768,1.439031241533148,True,scipy.optimize.linprog(method='highs'),0,Optimization terminated successfully. (HiGHS Status 7: Optimal),1.4210854715202004e-14,120,740
2000073,ideal_large_sparse,"Ideal: large, sparse",74,18.489187606310765,0.710818704595243,1.0544422990976343,1.285924111740838,True,scipy.optimize.linprog(method='highs'),0,Optimization terminated successfully. (HiGHS Status 7: Optimal),1.4210854715202004e-14,120,731
2000074,ideal_large_sparse,"Ideal: large, sparse",75,15.527037246747698,0.7525618117368079,1.1114253622706105,1.3032470551161328,True,scipy.optimize.linprog(method='highs'),0,Optimization terminated successfully. (HiGHS Status 7: Optimal),1.4210854715202004e-14,120,697
2000075,ideal_large_sparse,"Ideal: large, sparse",76,26.148823650683795,0.6010853003737321,1.1909905711470423,1.397959850205856,True,scipy.optimize.linprog(method='highs'),0,Optimization terminated successfully. (HiGHS Status 7: Optimal),3.5527136788005016e-14,120,720
2000076,ideal_large_sparse,"Ideal: large, sparse",77,24.76626648465801,0.614863306962137,1.0553978307408862,1.4325948527005583,True,scipy.optimize.linprog(method='highs'),0,Optimization terminated successfully. (HiGHS Status 7: Optimal),1.4210854715202004e-14,120,708
2000077,ideal_large_sparse,"Ideal: large, sparse",78,15.338745727778887,0.7369612241529537,1.1436270924937015,1.505362506053845,True,scipy.optimize.linprog(method='highs'),0,Optimization terminated successfully. (HiGHS Status 7: Optimal),1.4210854715202004e-14,120,701
2000078,ideal_large_sparse,"Ideal: large, sparse",79,16.722444505375833,0.7389481219297981,1.165366671183572,1.3540608855201073,True,scipy.optimize.linprog(method='highs'),0,Optimization terminated successfully. (HiGHS Status 7: Optimal),1.4210854715202004e-14,120,739
2000079,ideal_large_sparse,"Ideal: large, sparse",80,20.231198421652124,0.6767481064537051,1.1385378672019248,1.4773293223711277,True,scipy.optimize.linprog(method='highs'),0,Optimization terminated successfully. (HiGHS Status 7: Optimal),1.4210854715202004e-14,120,742
3000060,serial_dependence,Serial dependence,61,15.815286551579222,0.759454163580818,1.1337033968396435,1.2137855370754294,True,scipy.optimize.linprog(method='highs'),0,Optimization terminated successfully. (HiGHS Status 7: Optimal),1.4210854715202004e-14,120,1198
3000061,serial_dependence,Serial dependence,62,14.25095797844523,0.7678368211162576,1.1124639825934974,1.2201536958368795,True,scipy.optimize.linprog(method='highs'),0,Optimization terminated successfully. (HiGHS Status 7: Optimal),1.4210854715202004e-14,120,1232
3000062,serial_dependence,Serial dependence,63,23.994388851005528,0.6498524539710459,1.1074517029413449,1.2234464224486816,True,scipy.optimize.linprog(method='highs'),0,Optimization terminated successfully. (HiGHS Status 7: Optimal),1.4210854715202004e-14,120,1165
3000063,serial_dependence,Serial dependence,64,6.902472136016618,0.8684054317264941,1.1574186548427956,1.330135504243401,True,scipy.optimize.linprog(method='highs'),0,Optimization terminated successfully. (HiGHS Status 7: Optimal),2.8421709430404014e-14,120,1184
3000064,serial_dependence,Serial dependence,65,17.186657876634627,0.7399872220383359,1.110372158701063,1.193108909743884,True,scipy.optimize.linprog(method='highs'),0,Optimization terminated successfully. (HiGHS Status 7: Optimal),1.4210854715202004e-14,120,1150
3000065,serial_dependence,Serial dependence,66,25.388495111544792,0.6250280053594601,1.0971598794127302,1.2714582537486103,True,scipy.optimize.linprog(method='highs'),0,Optimization terminated successfully. (HiGHS Status 7: Optimal),1.4210854715202004e-14,120,1140
3000066,serial_dependence,Serial dependence,67,9.594399027208937,0.8413021044429587,1.08993638702831,1.16584894958621,True,scipy.optimize.linprog(method='highs'),0,Optimization terminated successfully. (HiGHS Status 7: Optimal),2.8421709430404014e-14,120,1202
3000067,serial_dependence,Serial dependence,68,17.168837684006625,0.7416340189441094,1.1761343274844631,1.2786810234465258,True,scipy.optimize.linprog(method='highs'),0,Optimization terminated successfully. (HiGHS Status 7: Optimal),1.4210854715202004e-14,120,1191
3000068,serial_dependence,Serial dependence,69,12.168222397412835,0.8038725989842658,1.1519576219663743,1.2569473729259115,True,scipy.optimize.linprog(method='highs'),0,Optimization terminated successfully. (HiGHS Status 7: Optimal),1.4210854715202004e-14,120,1198
3000069,serial_dependence,Serial dependence,70,19.24145187373231,0.7229384398974097,1.01800652401317,1.0832344266514435,True,scipy.optimize.linprog(method='highs'),0,Optimization terminated successfully. (HiGHS Status 7: Optimal),1.4210854715202004e-14,120,1138
3000070,serial_dependence,Serial dependence,71,16.95248673878259,0.7556722573762168,1.0683773592554024,1.119952704471826,True,scipy.optimize.linprog(method='highs'),0,Optimization terminated successfully. (HiGHS Status 7: Optimal),1.4210854715202004e-14,120,1212
3000071,serial_dependence,Serial dependence,72,8.096565913471414,0.8569888846509394,1.0892897880873136,1.1846386499506802,True,scipy.optimize.linprog(method='highs'),0,Optimization terminated successfully. (HiGHS Status 7: Optimal),2.8421709430404014e-14,120,1193
3000072,serial_dependence,Serial dependence,73,23.355559372173477,0.6598554511823204,1.03392220789885,1.1548059742631047,True,scipy.optimize.linprog(method='highs'),0,Optimization terminated successfully. (HiGHS Status 7: Optimal),1.4210854715202004e-14,120,1201
3000073,serial_dependence,Serial dependence,74,17.906202991737715,0.7242728455333087,1.138581888721964,1.2626473177128927,True,scipy.optimize.linprog(method='highs'),0,Optimization terminated successfully. (HiGHS Status 7: Optimal),1.4210854715202004e-14,120,1192
3000074,serial_dependence,Serial dependence,75,20.28714519798111,0.6901432608566203,1.0325190537545073,1.1858977957942478,True,scipy.optimize.linprog(method='highs'),0,Optimization terminated successfully. (HiGHS Status 7: Optimal),1.4210854715202004e-14,120,1171
3000075,serial_dependence,Serial dependence,76,10.351500121219798,0.8363328385872374,1.123339674527546,1.1822246066516258,True,scipy.optimize.linprog(method='highs'),0,Optimization terminated successfully. (HiGHS Status 7: Optimal),1.4210854715202004e-14,120,1204
3000076,serial_dependence,Serial dependence,77,23.70422167616038,0.6512791246410092,1.108112671168218,1.2225557896690669,True,scipy.optimize.linprog(method='highs'),0,Optimization terminated successfully. (HiGHS Status 7: Optimal),1.4210854715202004e-14,120,1218
3000077,serial_dependence,Serial dependence,78,20.91336306400041,0.6928605324732278,1.0919461609337573,1.191071491861263,True,scipy.optimize.linprog(method='highs'),0,Optimization terminated successfully. (HiGHS Status 7: Optimal),1.4210854715202004e-14,120,1150
3000078,serial_dependence,Serial dependence,79,16.71869409374174,0.7500278789163773,1.0645680374279995,1.1473372091551963,True,scipy.optimize.linprog(method='highs'),0,Optimization terminated successfully. (HiGHS Status 7: Optimal),1.4210854715202004e-14,120,1156
3000079,serial_dependence,Serial dependence,80,14.130805359212026,0.7784315057550941,1.142119544101471,1.2714680418314823,True,scipy.optimize.linprog(method='highs'),0,Optimization terminated successfully. (HiGHS Status 7: Optimal),2.8421709430404014e-14,120,1229
4000060,discrete_map_rounding,Integer MAP rounding,61,21.47368421052632,0.6842105263157895,1.0804383164350253,1.1321020900395906,True,scipy.optimize.linprog(method='highs'),0,Optimization terminated successfully. (HiGHS Status 7: Optimal),1.4210854715202004e-14,120,1212
4000061,discrete_map_rounding,Integer MAP rounding,62,12.380952380952388,0.8095238095238095,1.1258694110122676,1.1593743617493617,True,scipy.optimize.linprog(method='highs'),0,Optimization terminated successfully. (HiGHS Status 7: Optimal),7.105427357601002e-15,120,1195
4000062,discrete_map_rounding,Integer MAP rounding,63,10.833333333333329,0.8333333333333334,1.0642943892527237,1.1073942330817332,True,scipy.optimize.linprog(method='highs'),0,Optimization terminated successfully. (HiGHS Status 7: Optimal),7.105427357601002e-15,120,1186
4000063,discrete_map_rounding,Integer MAP rounding,64,15.476190476190489,0.7619047619047618,1.0883549060066908,1.1634173072298075,True,scipy.optimize.linprog(method='highs'),0,Optimization terminated successfully. (HiGHS Status 7: Optimal),1.4210854715202004e-14,120,1219
4000064,discrete_map_rounding,Integer MAP rounding,65,11.437500000000014,0.8124999999999998,1.0911130914802802,1.1568192617567623,True,scipy.optimize.linprog(method='highs'),0,Optimization terminated successfully. (HiGHS Status 7: Optimal),1.4210854715202004e-14,120,1211
4000065,discrete_map_rounding,Integer MAP rounding,66,12.40000000000005,0.7999999999999993,1.126392672142672,1.2174621443371445,True,scipy.optimize.linprog(method='highs'),0,Optimization terminated successfully. (HiGHS Status 7: Optimal),1.4210854715202004e-14,120,1216
4000066,discrete_map_rounding,Integer MAP rounding,67,5.736842105263161,0.894736842105263,1.0957557418215302,1.1297996632996634,True,scipy.optimize.linprog(method='highs'),0,Optimization terminated successfully. (HiGHS Status 7: Optimal),1.4210854715202004e-14,120,1177
4000067,discrete_map_rounding,Integer MAP rounding,68,30.444444444444443,0.5555555555555556,1.117216805570972,1.207519496706997,True,scipy.optimize.linprog(method='highs'),0,Optimization terminated successfully. (HiGHS Status 7: Optimal),7.105427357601002e-15,120,1145
4000068,discrete_map_rounding,Integer MAP rounding,69,16.50000000000003,0.7499999999999997,1.1451830449642952,1.2550958231583231,True,scipy.optimize.linprog(method='highs'),0,Optimization terminated successfully. (HiGHS Status 7: Optimal),7.105427357601002e-15,120,1190
4000069,discrete_map_rounding,Integer MAP rounding,70,15.444444444444352,0.7777777777777792,1.1058975946892615,1.1351594979094977,True,scipy.optimize.linprog(method='highs'),0,Optimization terminated successfully. (HiGHS Status 7: Optimal),2.8421709430404014e-14,120,1185
4000070,discrete_map_rounding,Integer MAP rounding,71,20.00000000000005,0.6999999999999993,1.0629154479779486,1.149254995004995,True,scipy.optimize.linprog(method='highs'),0,Optimization terminated successfully. (HiGHS Status 7: Optimal),1.4210854715202004e-14,120,1149
4000071,discrete_map_rounding,Integer MAP rounding,72,18.0909090909091,0.7272727272727272,1.0852765885209064,1.183177986365486,True,scipy.optimize.linprog(method='highs'),0,Optimization terminated successfully. (HiGHS Status 7: Optimal),1.4210854715202004e-14,120,1162
4000072,discrete_map_rounding,Integer MAP rounding,73,6.777777777777751,0.8888888888888891,1.092530806384974,1.125577605265106,True,scipy.optimize.linprog(method='highs'),0,Optimization terminated successfully. (HiGHS Status 7: Optimal),1.4210854715202004e-14,120,1202
4000073,discrete_map_rounding,Integer MAP rounding,74,19.00000000000001,0.7241379310344827,1.0629128165895394,1.133378015503015,True,scipy.optimize.linprog(method='highs'),0,Optimization terminated successfully. (HiGHS Status 7: Optimal),1.4210854715202004e-14,120,1187
4000074,discrete_map_rounding,Integer MAP rounding,75,5.999999999999943,0.9000000000000008,1.0425468674843668,1.068054406241906,True,scipy.optimize.linprog(method='highs'),0,Optimization terminated successfully. (HiGHS Status 7: Optimal),2.8421709430404014e-14,120,1223
4000075,discrete_map_rounding,Integer MAP rounding,76,17.0,0.75,1.0825177831427824,1.139618760868761,True,scipy.optimize.linprog(method='highs'),0,Optimization terminated successfully. (HiGHS Status 7: Optimal),7.105427357601002e-15,120,1175
4000076,discrete_map_rounding,Integer MAP rounding,77,13.00000000000003,0.7999999999999996,1.0907439551189548,1.1447349594849598,True,scipy.optimize.linprog(method='highs'),0,Optimization terminated successfully. (HiGHS Status 7: Optimal),1.4210854715202004e-14,120,1218
4000077,discrete_map_rounding,Integer MAP rounding,78,22.666666666666657,0.6666666666666667,1.075153607195273,1.1467914215414212,True,scipy.optimize.linprog(method='highs'),0,Optimization terminated successfully. (HiGHS Status 7: Optimal),1.4210854715202004e-14,120,1210
4000078,discrete_map_rounding,Integer MAP rounding,79,22.33333333333333,0.6666666666666669,1.1456322396739087,1.2401856800606796,True,scipy.optimize.linprog(method='highs'),0,Optimization terminated successfully. (HiGHS Status 7: Optimal),1.4210854715202004e-14,120,1218
4000079,discrete_map_rounding,Integer MAP rounding,80,10.615384615384611,0.8461538461538461,1.0749706920572313,1.0973630397380396,True,scipy.optimize.linprog(method='highs'),0,Optimization terminated successfully. (HiGHS Status 7: Optimal),1.4210854715202004e-14,120,1204
5000060,informative_monitoring,Informative monitoring,61,12.714440384764773,0.7922302767343373,1.099838194887266,1.272219222062129,True,scipy.optimize.linprog(method='highs'),0,Optimization terminated successfully. (HiGHS Status 7: Optimal),1.4210854715202004e-14,120,730
5000061,informative_monitoring,Informative monitoring,62,21.391704836275576,0.6832062516842199,1.07839751891425,1.301654817020261,True,scipy.optimize.linprog(method='highs'),0,Optimization terminated successfully. (HiGHS Status 7: Optimal),1.4210854715202004e-14,120,647
5000062,informative_monitoring,Informative monitoring,63,14.308349060455496,0.7660597859393693,1.0225239575029863,1.2469886575474234,True,scipy.optimize.linprog(method='highs'),0,Optimization terminated successfully. (HiGHS Status 7: Optimal),1.4210854715202004e-14,120,798
5000063,informative_monitoring,Informative monitoring,64,19.894082065961115,0.6828638319197939,1.2095815882229692,1.4136239804193411,True,scipy.optimize.linprog(method='highs'),0,Optimization terminated successfully. (HiGHS Status 7: Optimal),1.4210854715202004e-14,120,756
5000064,informative_monitoring,Informative monitoring,65,14.00585427582911,0.7747892618397845,1.2054605360568256,1.412635521957245,True,scipy.optimize.linprog(method='highs'),0,Optimization terminated successfully. (HiGHS Status 7: Optimal),1.4210854715202004e-14,120,722
5000065,informative_monitoring,Informative monitoring,66,19.374055536345963,0.7050588387599556,1.086828970899824,1.219024884365614,True,scipy.optimize.linprog(method='highs'),0,Optimization terminated successfully. (HiGHS Status 7: Optimal),1.4210854715202004e-14,120,715
5000066,informative_monitoring,Informative monitoring,67,30.875697882262564,0.5529532834720742,1.0472897641679997,1.2487834799757107,True,scipy.optimize.linprog(method='highs'),0,Optimization terminated successfully. (HiGHS Status 7: Optimal),1.4210854715202004e-14,120,661
5000067,informative_monitoring,Informative monitoring,68,30.446912473389368,0.5505692748567589,1.1880500776925855,1.5276596438325,True,scipy.optimize.linprog(method='highs'),0,Optimization terminated successfully. (HiGHS Status 7: Optimal),1.4210854715202004e-14,120,637
5000068,informative_monitoring,Informative monitoring,69,22.1094640769456,0.6702482125830657,1.0001007758939748,1.211833437166337,True,scipy.optimize.linprog(method='highs'),0,Optimization terminated successfully. (HiGHS Status 7: Optimal),1.4210854715202004e-14,120,686
5000069,informative_monitoring,Informative monitoring,70,20.21708565207945,0.6900971028040049,1.0982676658075892,1.2819491443864852,True,scipy.optimize.linprog(method='highs'),0,Optimization terminated successfully. (HiGHS Status 7: Optimal),1.4210854715202004e-14,120,707
5000070,informative_monitoring,Informative monitoring,71,26.077005507208423,0.6079276546375826,1.1151336600339947,1.3986473230170366,True,scipy.optimize.linprog(method='highs'),0,Optimization terminated successfully. (HiGHS Status 7: Optimal),1.4210854715202004e-14,120,674
5000071,informative_monitoring,Informative monitoring,72,14.625668454098747,0.7542674753508267,1.205228623250102,1.4227572697917517,True,scipy.optimize.linprog(method='highs'),0,Optimization terminated successfully. (HiGHS Status 7: Optimal),1.4210854715202004e-14,120,695
5000072,informative_monitoring,Informative monitoring,73,26.79881216042542,0.5997286192553635,1.1046564102415306,1.3482962478653668,True,scipy.optimize.linprog(method='highs'),0,Optimization terminated successfully. (HiGHS Status 7: Optimal),1.4210854715202004e-14,120,718
5000073,informative_monitoring,Informative monitoring,74,21.19367090765588,0.6751448797791557,1.0195212115404348,1.3226950993557864,True,scipy.optimize.linprog(method='highs'),0,Optimization terminated successfully. (HiGHS Status 7: Optimal),4.973799150320701e-14,120,632
5000074,informative_monitoring,Informative monitoring,75,15.85459191719938,0.753101367624127,1.0252581658582274,1.186108759111786,True,scipy.optimize.linprog(method='highs'),0,Optimization terminated successfully. (HiGHS Status 7: Optimal),1.4210854715202004e-14,120,683
5000075,informative_monitoring,Informative monitoring,76,27.456082549439508,0.5919680357135881,1.0838880659476198,1.4037328177584154,True,scipy.optimize.linprog(method='highs'),0,Optimization terminated successfully. (HiGHS Status 7: Optimal),1.4210854715202004e-14,120,699
5000076,informative_monitoring,Informative monitoring,77,22.352258307179056,0.6608149714812424,1.1745930883113878,1.3494732462807582,True,scipy.optimize.linprog(method='highs'),0,Optimization terminated successfully. (HiGHS Status 7: Optimal),1.4210854715202004e-14,120,744
5000077,informative_monitoring,Informative monitoring,78,26.788948206083163,0.604333915162433,1.0670709559331777,1.2541390212752754,True,scipy.optimize.linprog(method='highs'),0,Optimization terminated successfully. (HiGHS Status 7: Optimal),1.4210854715202004e-14,120,670
5000078,informative_monitoring,Informative monitoring,79,28.96779734889508,0.565359432734886,1.0626394080115869,1.374793899796272,True,scipy.optimize.linprog(method='highs'),0,Optimization terminated successfully. (HiGHS Status 7: Optimal),1.4210854715202004e-14,120,648
5000079,informative_monitoring,Informative monitoring,80,17.529105070905043,0.7201495362404416,1.15184595251286,1.3936570779241897,True,scipy.optimize.linprog(method='highs'),0,Optimization terminated successfully. (HiGHS Status 7: Optimal),1.4210854715202004e-14,120,692
6000060,cluster_size_informative,Cluster size--level association,61,10.845049933696762,0.843286051370006,1.061822814950037,1.0897496499915134,True,scipy.optimize.linprog(method='highs'),0,Optimization terminated successfully. (HiGHS Status 7: Optimal),1.4210854715202004e-14,120,1392
6000061,cluster_size_informative,Cluster size--level association,62,16.027653495042845,0.7696134452780657,1.0246780142190974,1.0650910665071365,True,scipy.optimize.linprog(method='highs'),0,Optimization terminated successfully. (HiGHS Status 7: Optimal),1.4210854715202004e-14,120,1458
6000062,cluster_size_informative,Cluster size--level association,63,9.197079598989724,0.856996560804776,1.0563000143236383,1.090970121467862,True,scipy.optimize.linprog(method='highs'),0,Optimization terminated successfully. (HiGHS Status 7: Optimal),2.8421709430404014e-14,120,1450
6000063,cluster_size_informative,Cluster size--level association,64,19.816593794155025,0.7115637273105122,1.0382978998204468,1.0951013333385498,True,scipy.optimize.linprog(method='highs'),0,Optimization terminated successfully. (HiGHS Status 7: Optimal),1.4210854715202004e-14,120,1402
6000064,cluster_size_informative,Cluster size--level association,65,12.89887780874566,0.8064736653483955,1.027010538870449,1.0872751900324245,True,scipy.optimize.linprog(method='highs'),0,Optimization terminated successfully. (HiGHS Status 7: Optimal),1.4210854715202004e-14,120,1322
6000065,cluster_size_informative,Cluster size--level association,66,17.15813826261688,0.7513759538262192,1.0730218917874657,1.1042803626345594,True,scipy.optimize.linprog(method='highs'),0,Optimization terminated successfully. (HiGHS Status 7: Optimal),1.4210854715202004e-14,120,1311
6000066,cluster_size_informative,Cluster size--level association,67,17.482315597268208,0.7481851138372014,1.0534853419378134,1.1386615913911842,True,scipy.optimize.linprog(method='highs'),0,Optimization terminated successfully. (HiGHS Status 7: Optimal),1.4210854715202004e-14,120,1350
6000067,cluster_size_informative,Cluster size--level association,68,7.700787214133812,0.8771660029645916,1.0352693865763278,1.0488977364359744,True,scipy.optimize.linprog(method='highs'),0,Optimization terminated successfully. (HiGHS Status 7: Optimal),1.4210854715202004e-14,120,1426
6000068,cluster_size_informative,Cluster size--level association,69,9.30009079804782,0.8558612805671403,1.0343846453290433,1.0681327526241875,True,scipy.optimize.linprog(method='highs'),0,Optimization terminated successfully. (HiGHS Status 7: Optimal),1.4210854715202004e-14,120,1358
6000069,cluster_size_informative,Cluster size--level association,70,14.650113769481637,0.7803496142704975,1.0762147366740251,1.1426460422583804,True,scipy.optimize.linprog(method='highs'),0,Optimization terminated successfully. (HiGHS Status 7: Optimal),1.4210854715202004e-14,120,1312
6000070,cluster_size_informative,Cluster size--level association,71,17.708558946646484,0.7448229249165568,1.034806428534546,1.0965545420174143,True,scipy.optimize.linprog(method='highs'),0,Optimization terminated successfully. (HiGHS Status 7: Optimal),1.4210854715202004e-14,120,1276
6000071,cluster_size_informative,Cluster size--level association,72,15.75025503226809,0.7645951010675953,1.0533883973835405,1.1177220515827933,True,scipy.optimize.linprog(method='highs'),0,Optimization terminated successfully. (HiGHS Status 7: Optimal),2.8421709430404014e-14,120,1366
6000072,cluster_size_informative,Cluster size--level association,73,15.509479669611478,0.7692895968488699,1.0649485260900684,1.1394342978965255,True,scipy.optimize.linprog(method='highs'),0,Optimization terminated successfully. (HiGHS Status 7: Optimal),1.4210854715202004e-14,120,1328
6000073,cluster_size_informative,Cluster size--level association,74,15.233409493360682,0.7775032796327267,1.0143068854984438,1.0597312982544564,True,scipy.optimize.linprog(method='highs'),0,Optimization terminated successfully. (HiGHS Status 7: Optimal),1.4210854715202004e-14,120,1329
6000074,cluster_size_informative,Cluster size--level association,75,10.71055806385624,0.8312370654089956,1.0779151491921224,1.1303315307918331,True,scipy.optimize.linprog(method='highs'),0,Optimization terminated successfully. (HiGHS Status 7: Optimal),1.4210854715202004e-14,120,1422
6000075,cluster_size_informative,Cluster size--level association,76,16.769794375744823,0.7564316180745119,1.058114911939218,1.1190082463723237,True,scipy.optimize.linprog(method='highs'),0,Optimization terminated successfully. (HiGHS Status 7: Optimal),1.4210854715202004e-14,120,1306
6000076,cluster_size_informative,Cluster size--level association,77,18.668433394773544,0.7230400995278864,1.1042553001223263,1.1806314870153676,True,scipy.optimize.linprog(method='highs'),0,Optimization terminated successfully. (HiGHS Status 7: Optimal),1.4210854715202004e-14,120,1443
6000077,cluster_size_informative,Cluster size--level association,78,10.640776330588924,0.8434163066759316,1.0424606329361537,1.0705068948906633,True,scipy.optimize.linprog(method='highs'),0,Optimization terminated successfully. (HiGHS Status 7: Optimal),2.8421709430404014e-14,120,1373
6000078,cluster_size_informative,Cluster size--level association,79,14.022438286999073,0.8033924504544238,1.0303063609112908,1.06775874398267,True,scipy.optimize.linprog(method='highs'),0,Optimization terminated successfully. (HiGHS Status 7: Optimal),2.8421709430404014e-14,120,1329
6000079,cluster_size_informative,Cluster size--level association,80,9.543041897148072,0.8657479365496095,1.0145670238673112,1.0323250072498464,True,scipy.optimize.linprog(method='highs'),0,Optimization terminated successfully. (HiGHS Status 7: Optimal),1.4210854715202004e-14,120,1392
7000060,common_time_misspecified,Misspecified common time,61,6.75138517078242,0.8340748270870744,1.1580103285982128,1.73726075077595,True,scipy.optimize.linprog(method='highs'),0,Optimization terminated successfully. (HiGHS Status 7: Optimal),1.4210854715202004e-14,120,1174
7000061,common_time_misspecified,Misspecified common time,62,15.543776110049658,0.7176684954523175,1.1546458916773572,1.7511125843032125,True,scipy.optimize.linprog(method='highs'),0,Optimization terminated successfully. (HiGHS Status 7: Optimal),1.4210854715202004e-14,120,1177
7000062,common_time_misspecified,Misspecified common time,63,11.65678853306715,0.7724585562914789,1.0971843736467808,1.6695406569457916,True,scipy.optimize.linprog(method='highs'),0,Optimization terminated successfully. (HiGHS Status 7: Optimal),2.8421709430404014e-14,120,1176
7000063,common_time_misspecified,Misspecified common time,64,8.985820739503943,0.8080885694127846,1.1373934628715554,1.686809374995344,True,scipy.optimize.linprog(method='highs'),0,Optimization terminated successfully. (HiGHS Status 7: Optimal),2.8421709430404014e-14,120,1196
7000064,common_time_misspecified,Misspecified common time,65,16.202103328292857,0.7185856927362954,1.0156750821834608,1.532922048118745,True,scipy.optimize.linprog(method='highs'),0,Optimization terminated successfully. (HiGHS Status 7: Optimal),1.4210854715202004e-14,120,1203
7000065,common_time_misspecified,Misspecified common time,66,9.403105102734644,0.8076900694598417,1.052703796854641,1.597116852760328,True,scipy.optimize.linprog(method='highs'),0,Optimization terminated successfully. (HiGHS Status 7: Optimal),1.4210854715202004e-14,120,1208
7000066,common_time_misspecified,Misspecified common time,67,14.671403332757697,0.7399041796842833,1.0961278231835423,1.5281235908795452,True,scipy.optimize.linprog(method='highs'),0,Optimization terminated successfully. (HiGHS Status 7: Optimal),1.4210854715202004e-14,120,1208
7000067,common_time_misspecified,Misspecified common time,68,19.52357836673846,0.667932841302351,1.0501754893550808,1.7157955151446829,True,scipy.optimize.linprog(method='highs'),0,Optimization terminated successfully. (HiGHS Status 7: Optimal),1.4210854715202004e-14,120,1221
7000068,common_time_misspecified,Misspecified common time,69,11.626565369242265,0.7740962725200324,1.0819112819615728,1.605118090775989,True,scipy.optimize.linprog(method='highs'),0,Optimization terminated successfully. (HiGHS Status 7: Optimal),2.8421709430404014e-14,120,1180
7000069,common_time_misspecified,Misspecified common time,70,13.628218250823096,0.7456709097801867,1.126929530072973,1.7422581880047303,True,scipy.optimize.linprog(method='highs'),0,Optimization terminated successfully. (HiGHS Status 7: Optimal),1.4210854715202004e-14,120,1203
7000070,common_time_misspecified,Misspecified common time,71,3.174004488079205,0.8741090649404013,1.1487076027308902,1.977885214934261,True,scipy.optimize.linprog(method='highs'),0,Optimization terminated successfully. (HiGHS Status 7: Optimal),1.4210854715202004e-14,120,1224
7000071,common_time_misspecified,Misspecified common time,72,11.824117343490997,0.7612137622126459,1.1120005361414051,1.7817845704521968,True,scipy.optimize.linprog(method='highs'),0,Optimization terminated successfully. (HiGHS Status 7: Optimal),1.4210854715202004e-14,120,1189
7000072,common_time_misspecified,Misspecified common time,73,12.096666321752302,0.7629965914080135,1.0833477535502585,1.7027427875381502,True,scipy.optimize.linprog(method='highs'),0,Optimization terminated successfully. (HiGHS Status 7: Optimal),1.4210854715202004e-14,120,1197
7000073,common_time_misspecified,Misspecified common time,74,6.236928758738415,0.8408335466980246,1.167206128923039,1.774279495520784,True,scipy.optimize.linprog(method='highs'),0,Optimization terminated successfully. (HiGHS Status 7: Optimal),1.4210854715202004e-14,120,1225
7000074,common_time_misspecified,Misspecified common time,75,26.822576245432124,0.5752934418301935,1.0356841378118973,1.6471323184594466,True,scipy.optimize.linprog(method='highs'),0,Optimization terminated successfully. (HiGHS Status 7: Optimal),1.4210854715202004e-14,120,1240
7000075,common_time_misspecified,Misspecified common time,76,11.018330276530511,0.7851682126498054,1.0957062167893878,1.617171082976534,True,scipy.optimize.linprog(method='highs'),0,Optimization terminated successfully. (HiGHS Status 7: Optimal),1.4210854715202004e-14,120,1216
7000076,common_time_misspecified,Misspecified common time,77,6.486171652524371,0.8379965568576868,1.0713996751990778,1.6658186178913688,True,scipy.optimize.linprog(method='highs'),0,Optimization terminated successfully. (HiGHS Status 7: Optimal),1.4210854715202004e-14,120,1183
7000077,common_time_misspecified,Misspecified common time,78,10.028977109412338,0.7912980907937296,1.1362812242494964,1.692577121439134,True,scipy.optimize.linprog(method='highs'),0,Optimization terminated successfully. (HiGHS Status 7: Optimal),1.4210854715202004e-14,120,1170
7000078,common_time_misspecified,Misspecified common time,79,7.121645721034463,0.8359400986665149,1.1007644911748022,1.5656816758906198,True,scipy.optimize.linprog(method='highs'),0,Optimization terminated successfully. (HiGHS Status 7: Optimal),2.8421709430404014e-14,120,1228
7000079,common_time_misspecified,Misspecified common time,80,13.475481205474225,0.7521679890380316,1.117013388959923,1.6487538087360236,True,scipy.optimize.linprog(method='highs'),0,Optimization terminated successfully. (HiGHS Status 7: Optimal),2.8421709430404014e-14,120,1253
8000060,level_plus_shape,Persistent level plus shape,61,45.53494569594459,0.3284656377871776,1.2412897850938074,1.6264193635366808,True,scipy.optimize.linprog(method='highs'),0,Optimization terminated successfully. (HiGHS Status 7: Optimal),1.4210854715202004e-14,120,1455
8000061,level_plus_shape,Persistent level plus shape,62,53.10636404998319,0.2284313128573854,1.204000081203912,1.6478406074368068,True,scipy.optimize.linprog(method='highs'),0,Optimization terminated successfully. (HiGHS Status 7: Optimal),1.4210854715202004e-14,120,1468
8000062,level_plus_shape,Persistent level plus shape,63,46.12010786529319,0.329577183677751,1.2788997308256724,1.521024510219635,True,scipy.optimize.linprog(method='highs'),0,Optimization terminated successfully. (HiGHS Status 7: Optimal),1.4210854715202004e-14,120,1404
8000063,level_plus_shape,Persistent level plus shape,64,57.9268819949082,0.1627731994232886,1.2519886349489893,1.5675160870932243,True,scipy.optimize.linprog(method='highs'),0,Optimization terminated successfully. (HiGHS Status 7: Optimal),2.8421709430404014e-14,120,1458
8000064,level_plus_shape,Persistent level plus shape,65,58.98945703089466,0.1236983540711866,1.2902710429570947,1.8541484514299715,True,scipy.optimize.linprog(method='highs'),0,Optimization terminated successfully. (HiGHS Status 7: Optimal),1.4210854715202004e-14,120,1411
8000065,level_plus_shape,Persistent level plus shape,66,44.66468427904756,0.3519119621991555,1.2379907587848689,1.4584052298604144,True,scipy.optimize.linprog(method='highs'),0,Optimization terminated successfully. (HiGHS Status 7: Optimal),1.4210854715202004e-14,120,1426
8000066,level_plus_shape,Persistent level plus shape,67,51.0830007622539,0.2735621125740801,1.184179499824094,1.4363207153690971,True,scipy.optimize.linprog(method='highs'),0,Optimization terminated successfully. (HiGHS Status 7: Optimal),1.4210854715202004e-14,120,1434
8000067,level_plus_shape,Persistent level plus shape,68,60.86330564794872,0.1395927715679937,1.1223608538377223,1.3442296461258587,True,scipy.optimize.linprog(method='highs'),0,Optimization terminated successfully. (HiGHS Status 7: Optimal),1.4210854715202004e-14,120,1404
8000068,level_plus_shape,Persistent level plus shape,69,56.04733458528551,0.2055077502882945,1.1770695268537872,1.4025599209909227,True,scipy.optimize.linprog(method='highs'),0,Optimization terminated successfully. (HiGHS Status 7: Optimal),1.4210854715202004e-14,120,1434
8000069,level_plus_shape,Persistent level plus shape,70,60.08143279993735,0.1322643018047029,1.211605231590907,1.6884442120158285,True,scipy.optimize.linprog(method='highs'),0,Optimization terminated successfully. (HiGHS Status 7: Optimal),1.4210854715202004e-14,120,1444
8000070,level_plus_shape,Persistent level plus shape,71,39.58763536247511,0.4103709141540122,1.2924110582727588,1.653527841518843,True,scipy.optimize.linprog(method='highs'),0,Optimization terminated successfully. (HiGHS Status 7: Optimal),1.4210854715202004e-14,120,1422
8000071,level_plus_shape,Persistent level plus shape,72,53.73434708141522,0.2275600743248644,1.1917301806897027,1.4847023137983903,True,scipy.optimize.linprog(method='highs'),0,Optimization terminated successfully. (HiGHS Status 7: Optimal),1.4210854715202004e-14,120,1426
8000072,level_plus_shape,Persistent level plus shape,73,47.14506439057156,0.3166210230251589,1.2037269441170593,1.518356553517257,True,scipy.optimize.linprog(method='highs'),0,Optimization terminated successfully. (HiGHS Status 7: Optimal),1.4210854715202004e-14,120,1443
8000073,level_plus_shape,Persistent level plus shape,74,51.156231831909366,0.2533522300712452,1.149949766703824,1.4314998394474174,True,scipy.optimize.linprog(method='highs'),0,Optimization terminated successfully. (HiGHS Status 7: Optimal),1.4210854715202004e-14,120,1468
8000074,level_plus_shape,Persistent level plus shape,75,52.96040304523495,0.2324811535402564,1.34058879031895,1.6375805064081832,True,scipy.optimize.linprog(method='highs'),0,Optimization terminated successfully. (HiGHS Status 7: Optimal),1.4210854715202004e-14,120,1460
8000075,level_plus_shape,Persistent level plus shape,76,52.51332585370017,0.2460914543197606,1.1981158502069618,1.5517109146645995,True,scipy.optimize.linprog(method='highs'),0,Optimization terminated successfully. (HiGHS Status 7: Optimal),1.4210854715202004e-14,120,1428
8000076,level_plus_shape,Persistent level plus shape,77,53.81999176765773,0.222282585589512,1.1985332241583675,1.4885900141709678,True,scipy.optimize.linprog(method='highs'),0,Optimization terminated successfully. (HiGHS Status 7: Optimal),1.4210854715202004e-14,120,1444
8000077,level_plus_shape,Persistent level plus shape,78,42.96968964120034,0.3645788266820561,1.2327658869116866,1.463323076748699,True,scipy.optimize.linprog(method='highs'),0,Optimization terminated successfully. (HiGHS Status 7: Optimal),1.4210854715202004e-14,120,1466
8000078,level_plus_shape,Persistent level plus shape,79,53.558465159830256,0.2132441118007502,1.2237528733688463,1.6881607465977784,True,scipy.optimize.linprog(method='highs'),0,Optimization terminated successfully. (HiGHS Status 7: Optimal),1.4210854715202004e-14,120,1456
8000079,level_plus_shape,Persistent level plus shape,80,40.06111440028221,0.4104005194009103,1.2703027597881524,1.5289305150229096,True,scipy.optimize.linprog(method='highs'),0,Optimization terminated successfully. (HiGHS Status 7: Optimal),1.4210854715202004e-14,120,1419
9000060,treatment_feedback,Treatment feedback,61,24.332032039310963,0.6588350568735628,1.0978765402525996,1.1623474975095305,True,scipy.optimize.linprog(method='highs'),0,Optimization terminated successfully. (HiGHS Status 7: Optimal),1.4210854715202004e-14,120,1204
9000061,treatment_feedback,Treatment feedback,62,22.944672975652328,0.6800729806590505,1.1139792484269742,1.1794155336356116,True,scipy.optimize.linprog(method='highs'),0,Optimization terminated successfully. (HiGHS Status 7: Optimal),1.4210854715202004e-14,120,1210
9000062,treatment_feedback,Treatment feedback,63,25.556583556696157,0.6378145678008845,1.082929151421731,1.1876888348545136,True,scipy.optimize.linprog(method='highs'),0,Optimization terminated successfully. (HiGHS Status 7: Optimal),1.4210854715202004e-14,120,1176
9000063,treatment_feedback,Treatment feedback,64,19.254563370495823,0.7271515191628563,1.0370607836735442,1.086559014309021,True,scipy.optimize.linprog(method='highs'),0,Optimization terminated successfully. (HiGHS Status 7: Optimal),1.4210854715202004e-14,120,1195
9000064,treatment_feedback,Treatment feedback,65,36.05942666910533,0.4946913481520129,1.0320889202163266,1.1847320957643026,True,scipy.optimize.linprog(method='highs'),0,Optimization terminated successfully. (HiGHS Status 7: Optimal),1.4210854715202004e-14,120,1244
9000065,treatment_feedback,Treatment feedback,66,23.075864275114892,0.6765043021063779,1.0548212004725028,1.0971722624874187,True,scipy.optimize.linprog(method='highs'),0,Optimization terminated successfully. (HiGHS Status 7: Optimal),1.4210854715202004e-14,120,1220
9000066,treatment_feedback,Treatment feedback,67,28.91230896458241,0.5972702778629011,1.0519857399850765,1.1119051049528714,True,scipy.optimize.linprog(method='highs'),0,Optimization terminated successfully. (HiGHS Status 7: Optimal),1.4210854715202004e-14,120,1186
9000067,treatment_feedback,Treatment feedback,68,31.38354379077125,0.5605536187548009,1.0844925431108778,1.200005138687733,True,scipy.optimize.linprog(method='highs'),0,Optimization terminated successfully. (HiGHS Status 7: Optimal),1.4210854715202004e-14,120,1196
9000068,treatment_feedback,Treatment feedback,69,27.72061905957948,0.6060932617566425,1.0594953925572668,1.1405542831555184,True,scipy.optimize.linprog(method='highs'),0,Optimization terminated successfully. (HiGHS Status 7: Optimal),1.4210854715202004e-14,120,1272
9000069,treatment_feedback,Treatment feedback,70,24.19937208086001,0.6618457107602795,1.0838843380664518,1.1445154957605168,True,scipy.optimize.linprog(method='highs'),0,Optimization terminated successfully. (HiGHS Status 7: Optimal),2.8421709430404014e-14,120,1205
9000070,treatment_feedback,Treatment feedback,71,27.173682466770373,0.6059461787636288,1.0797473683011047,1.2075770856693753,True,scipy.optimize.linprog(method='highs'),0,Optimization terminated successfully. (HiGHS Status 7: Optimal),2.8421709430404014e-14,120,1212
9000071,treatment_feedback,Treatment feedback,72,21.32260219061088,0.694163990320757,1.0885570039854569,1.135156011071404,True,scipy.optimize.linprog(method='highs'),0,Optimization terminated successfully. (HiGHS Status 7: Optimal),1.4210854715202004e-14,120,1190
9000072,treatment_feedback,Treatment feedback,73,25.68122553134461,0.6461894918455221,1.0675728591854794,1.147705023321432,True,scipy.optimize.linprog(method='highs'),0,Optimization terminated successfully. (HiGHS Status 7: Optimal),1.4210854715202004e-14,120,1181
9000073,treatment_feedback,Treatment feedback,74,26.843671387094886,0.6335557528553839,0.9881566538700608,1.0729560898229304,True,scipy.optimize.linprog(method='highs'),0,Optimization terminated successfully. (HiGHS Status 7: Optimal),1.4210854715202004e-14,120,1163
9000074,treatment_feedback,Treatment feedback,75,26.981351869231265,0.6206575111215826,1.1154308592799276,1.2150056323771852,True,scipy.optimize.linprog(method='highs'),0,Optimization terminated successfully. (HiGHS Status 7: Optimal),1.4210854715202004e-14,120,1196
9000075,treatment_feedback,Treatment feedback,76,19.389629694083503,0.7232722640666405,1.078250286006038,1.141889622800678,True,scipy.optimize.linprog(method='highs'),0,Optimization terminated successfully. (HiGHS Status 7: Optimal),1.4210854715202004e-14,120,1200
9000076,treatment_feedback,Treatment feedback,77,24.456078458053906,0.6619249573462046,1.0968637174732594,1.1538379051691852,True,scipy.optimize.linprog(method='highs'),0,Optimization terminated successfully. (HiGHS Status 7: Optimal),1.4210854715202004e-14,120,1233
9000077,treatment_feedback,Treatment feedback,78,26.240085151664097,0.6314591672970368,1.0034008043090652,1.0932357119753502,True,scipy.optimize.linprog(method='highs'),0,Optimization terminated successfully. (HiGHS Status 7: Optimal),1.4210854715202004e-14,120,1187
9000078,treatment_feedback,Treatment feedback,79,27.463914882530844,0.6159397060796915,1.1087387634592183,1.1914998378233193,True,scipy.optimize.linprog(method='highs'),0,Optimization terminated successfully. (HiGHS Status 7: Optimal),1.4210854715202004e-14,120,1225
9000079,treatment_feedback,Treatment feedback,80,16.353609219629035,0.7623641450519052,1.1466562493483747,1.1880509962828123,True,scipy.optimize.linprog(method='highs'),0,Optimization terminated successfully. (HiGHS Status 7: Optimal),1.4210854715202004e-14,120,1198
10000060,transient_nonpersistent,Transient non-persistence,61,60.60140966182082,0.1533059265007409,0.9565578696457676,1.5809254852684504,True,scipy.optimize.linprog(method='highs'),0,Optimization terminated successfully. (HiGHS Status 7: Optimal),1.4210854715202004e-14,120,1189
10000061,transient_nonpersistent,Transient non-persistence,62,54.29537626123461,0.2177695620093676,1.0582532758665424,1.659901316866593,True,scipy.optimize.linprog(method='highs'),0,Optimization terminated successfully. (HiGHS Status 7: Optimal),1.4210854715202004e-14,120,1179
10000062,transient_nonpersistent,Transient non-persistence,63,59.482893229248106,0.1615317093399727,1.0507502147841394,1.8198841306515643,True,scipy.optimize.linprog(method='highs'),0,Optimization terminated successfully. (HiGHS Status 7: Optimal),1.4210854715202004e-14,120,1184
10000063,transient_nonpersistent,Transient non-persistence,64,62.263909508482094,0.1144021153767963,1.0183920716574064,1.6694270977952612,True,scipy.optimize.linprog(method='highs'),0,Optimization terminated successfully. (HiGHS Status 7: Optimal),1.4210854715202004e-14,120,1251
10000064,transient_nonpersistent,Transient non-persistence,65,59.639771099407255,0.1472098248343135,1.1108813464860954,1.924997074664532,True,scipy.optimize.linprog(method='highs'),0,Optimization terminated successfully. (HiGHS Status 7: Optimal),1.4210854715202004e-14,120,1206
10000065,transient_nonpersistent,Transient non-persistence,66,66.52627859245649,0.0703758187520423,1.0334793173331305,1.7039870002344724,True,scipy.optimize.linprog(method='highs'),0,Optimization terminated successfully. (HiGHS Status 7: Optimal),1.4210854715202004e-14,120,1202
10000066,transient_nonpersistent,Transient non-persistence,67,63.73928192227261,0.0964131901069567,1.0178089182511625,1.9597596297714188,True,scipy.optimize.linprog(method='highs'),0,Optimization terminated successfully. (HiGHS Status 7: Optimal),1.4210854715202004e-14,120,1195
10000067,transient_nonpersistent,Transient non-persistence,68,57.1812080671982,0.1811892275681484,1.1302232789837754,1.874194141813461,True,scipy.optimize.linprog(method='highs'),0,Optimization terminated successfully. (HiGHS Status 7: Optimal),1.4210854715202004e-14,120,1194
10000068,transient_nonpersistent,Transient non-persistence,69,60.536350896725146,0.1426468081428863,0.9996166126909668,1.765121972691975,True,scipy.optimize.linprog(method='highs'),0,Optimization terminated successfully. (HiGHS Status 7: Optimal),1.4210854715202004e-14,120,1248
10000069,transient_nonpersistent,Transient non-persistence,70,68.86860727118608,0.025986912213342,1.0242469137365546,1.697078837304984,True,scipy.optimize.linprog(method='highs'),0,Optimization terminated successfully. (HiGHS Status 7: Optimal),1.4210854715202004e-14,120,1217
10000070,transient_nonpersistent,Transient non-persistence,71,67.59607627978997,0.0444887302077603,1.0320586137100776,1.7474042370138771,True,scipy.optimize.linprog(method='highs'),0,Optimization terminated successfully. (HiGHS Status 7: Optimal),1.4210854715202004e-14,120,1213
10000071,transient_nonpersistent,Transient non-persistence,72,64.3725457406764,0.0870045732776425,0.981887930290142,1.7556630695118778,True,scipy.optimize.linprog(method='highs'),0,Optimization terminated successfully. (HiGHS Status 7: Optimal),1.4210854715202004e-14,120,1259
10000072,transient_nonpersistent,Transient non-persistence,73,62.78535475893836,0.120233185840299,1.0477782903572324,1.5850801497191696,True,scipy.optimize.linprog(method='highs'),0,Optimization terminated successfully. (HiGHS Status 7: Optimal),1.4210854715202004e-14,120,1158
10000073,transient_nonpersistent,Transient non-persistence,74,64.79152371498037,0.0878515954053819,1.0131501070299984,1.817892154979624,True,scipy.optimize.linprog(method='highs'),0,Optimization terminated successfully. (HiGHS Status 7: Optimal),1.4210854715202004e-14,120,1228
10000074,transient_nonpersistent,Transient non-persistence,75,68.53378000411338,0.0251720398826328,1.0254130808453097,1.9745453995267888,True,scipy.optimize.linprog(method='highs'),0,Optimization terminated successfully. (HiGHS Status 7: Optimal),1.4210854715202004e-14,120,1258
10000075,transient_nonpersistent,Transient non-persistence,76,60.43617775022781,0.1444018815614185,1.065343585945006,1.771961074358203,True,scipy.optimize.linprog(method='highs'),0,Optimization terminated successfully. (HiGHS Status 7: Optimal),1.4210854715202004e-14,120,1205
10000076,transient_nonpersistent,Transient non-persistence,77,64.39611513101602,0.0881509627053733,1.014305778940652,1.7730509320497867,True,scipy.optimize.linprog(method='highs'),0,Optimization terminated successfully. (HiGHS Status 7: Optimal),1.4210854715202004e-14,120,1293
10000077,transient_nonpersistent,Transient non-persistence,78,63.61986621980039,0.1037120724082844,1.0445908644650157,1.6939834557694202,True,scipy.optimize.linprog(method='highs'),0,Optimization terminated successfully. (HiGHS Status 7: Optimal),1.4210854715202004e-14,120,1185
10000078,transient_nonpersistent,Transient non-persistence,79,62.08200712805414,0.1228536998594706,1.0172045588298395,1.5715635335738694,True,scipy.optimize.linprog(method='highs'),0,Optimization terminated successfully. (HiGHS Status 7: Optimal),1.4210854715202004e-14,120,1229
10000079,transient_nonpersistent,Transient non-persistence,80,65.47066252566032,0.0860552900126109,0.9934436789359412,1.5755137092739426,True,scipy.optimize.linprog(method='highs'),0,Optimization terminated successfully. (HiGHS Status 7: Optimal),1.4210854715202004e-14,120,1227
80,ideal_large_dense,"Ideal: large, dense",81,3.330104265331258,0.945842429593922,1.040771853200808,1.048405409042365,True,scipy.optimize.linprog(method='highs'),0,Optimization terminated successfully. (HiGHS Status 7: Optimal),1.4210854715202004e-14,120,1453
81,ideal_large_dense,"Ideal: large, dense",82,5.968964797402506,0.9048037272188918,1.0557050673881203,1.0748661995322528,True,scipy.optimize.linprog(method='highs'),0,Optimization terminated successfully. (HiGHS Status 7: Optimal),1.4210854715202004e-14,120,1422
82,ideal_large_dense,"Ideal: large, dense",83,13.449909333097406,0.8037471462962816,1.0715378675508689,1.1110204697705388,True,scipy.optimize.linprog(method='highs'),0,Optimization terminated successfully. (HiGHS Status 7: Optimal),1.4210854715202004e-14,120,1453
83,ideal_large_dense,"Ideal: large, dense",84,17.28107189670699,0.7487032965899139,1.070292776499217,1.123776345163301,True,scipy.optimize.linprog(method='highs'),0,Optimization terminated successfully. (HiGHS Status 7: Optimal),1.4210854715202004e-14,120,1447
84,ideal_large_dense,"Ideal: large, dense",85,10.32833086289908,0.8386424535152553,1.0419511890508817,1.0841982414516709,True,scipy.optimize.linprog(method='highs'),0,Optimization terminated successfully. (HiGHS Status 7: Optimal),1.4210854715202004e-14,120,1449
85,ideal_large_dense,"Ideal: large, dense",86,10.644334558228138,0.8411572969682534,1.080394469515913,1.1058677688179284,True,scipy.optimize.linprog(method='highs'),0,Optimization terminated successfully. (HiGHS Status 7: Optimal),1.4210854715202004e-14,120,1433
86,ideal_large_dense,"Ideal: large, dense",87,15.0293994461841,0.777711343024553,1.057434285416771,1.0996994866339236,True,scipy.optimize.linprog(method='highs'),0,Optimization terminated successfully. (HiGHS Status 7: Optimal),1.4210854715202004e-14,120,1457
87,ideal_large_dense,"Ideal: large, dense",88,11.640130298409533,0.8333758040420727,1.0067911038517818,1.0386413529307843,True,scipy.optimize.linprog(method='highs'),0,Optimization terminated successfully. (HiGHS Status 7: Optimal),1.4210854715202004e-14,120,1442
88,ideal_large_dense,"Ideal: large, dense",89,9.803760888826467,0.8581808737961167,1.0500543777639249,1.0622705693911532,True,scipy.optimize.linprog(method='highs'),0,Optimization terminated successfully. (HiGHS Status 7: Optimal),1.4210854715202004e-14,120,1400
89,ideal_large_dense,"Ideal: large, dense",90,8.38039369871717,0.875546679741623,1.052495450047725,1.0675669448717686,True,scipy.optimize.linprog(method='highs'),0,Optimization terminated successfully. (HiGHS Status 7: Optimal),1.4210854715202004e-14,120,1437
90,ideal_large_dense,"Ideal: large, dense",91,12.37852943017505,0.8204179526279074,0.9947245177381532,1.0266973651194695,True,scipy.optimize.linprog(method='highs'),0,Optimization terminated successfully. (HiGHS Status 7: Optimal),1.4210854715202004e-14,120,1472
91,ideal_large_dense,"Ideal: large, dense",92,9.636908122544602,0.8699434262160713,0.9833201907255518,0.9994189865637144,True,scipy.optimize.linprog(method='highs'),0,Optimization terminated successfully. (HiGHS Status 7: Optimal),2.8421709430404014e-14,120,1430
92,ideal_large_dense,"Ideal: large, dense",93,9.977810703654596,0.8510748563754542,1.0361207627324165,1.0631289150371444,True,scipy.optimize.linprog(method='highs'),0,Optimization terminated successfully. (HiGHS Status 7: Optimal),1.4210854715202004e-14,120,1470
93,ideal_large_dense,"Ideal: large, dense",94,6.417712535371387,0.9022175539856084,1.0450255612728176,1.0565327065532075,True,scipy.optimize.linprog(method='highs'),0,Optimization terminated successfully. (HiGHS Status 7: Optimal),1.4210854715202004e-14,120,1441
94,ideal_large_dense,"Ideal: large, dense",95,9.865451489894587,0.8465274621189146,1.058264121890678,1.0926453633093067,True,scipy.optimize.linprog(method='highs'),0,Optimization terminated successfully. (HiGHS Status 7: Optimal),2.131628207280301e-14,120,1429
95,ideal_large_dense,"Ideal: large, dense",96,19.365182694826917,0.7165085775169804,1.0743088094660145,1.1154539547415412,True,scipy.optimize.linprog(method='highs'),0,Optimization terminated successfully. (HiGHS Status 7: Optimal),1.4210854715202004e-14,120,1435
96,ideal_large_dense,"Ideal: large, dense",97,11.190082350688812,0.8273023643415905,1.107977727919621,1.1413644500812354,True,scipy.optimize.linprog(method='highs'),0,Optimization terminated successfully. (HiGHS Status 7: Optimal),1.4210854715202004e-14,120,1383
97,ideal_large_dense,"Ideal: large, dense",98,7.279673903295562,0.8792893854043733,1.107124533461585,1.146893926268753,True,scipy.optimize.linprog(method='highs'),0,Optimization terminated successfully. (HiGHS Status 7: Optimal),1.4210854715202004e-14,120,1428
98,ideal_large_dense,"Ideal: large, dense",99,15.556270157775453,0.7798308314017856,1.0429893411811677,1.0664463916181184,True,scipy.optimize.linprog(method='highs'),0,Optimization terminated successfully. (HiGHS Status 7: Optimal),2.131628207280301e-14,120,1464
99,ideal_large_dense,"Ideal: large, dense",100,18.22667123548066,0.7342290665462462,1.0289848537408726,1.079602916482647,True,scipy.optimize.linprog(method='highs'),0,Optimization terminated successfully. (HiGHS Status 7: Optimal),1.4210854715202004e-14,120,1421
1000080,ideal_small_dense,"Ideal: small, dense",81,19.44684308174038,0.72329086093727,1.0778016960244996,1.123815745553313,True,scipy.optimize.linprog(method='highs'),0,Optimization terminated successfully. (HiGHS Status 7: Optimal),1.4210854715202004e-14,48,569
1000081,ideal_small_dense,"Ideal: small, dense",82,1.5406523558523637,0.983750472647179,1.0306930558860723,1.0329946851556329,True,scipy.optimize.linprog(method='highs'),0,Optimization terminated successfully. (HiGHS Status 7: Optimal),2.8421709430404014e-14,48,584
1000082,ideal_small_dense,"Ideal: small, dense",83,19.907564123989108,0.701462493371664,1.0264459045628025,1.093862415031446,True,scipy.optimize.linprog(method='highs'),0,Optimization terminated successfully. (HiGHS Status 7: Optimal),1.4210854715202004e-14,48,574
1000083,ideal_small_dense,"Ideal: small, dense",84,9.85099365257949,0.8543664921608485,1.097608019636182,1.1285659806052135,True,scipy.optimize.linprog(method='highs'),0,Optimization terminated successfully. (HiGHS Status 7: Optimal),1.4210854715202004e-14,48,599
1000084,ideal_small_dense,"Ideal: small, dense",85,13.207118475565284,0.8011228115945338,1.0036443381089482,1.0615631724956562,True,scipy.optimize.linprog(method='highs'),0,Optimization terminated successfully. (HiGHS Status 7: Optimal),1.4210854715202004e-14,48,573
1000085,ideal_small_dense,"Ideal: small, dense",86,3.346414082701001,0.9378612708010176,1.054637123981275,1.0876899562802749,True,scipy.optimize.linprog(method='highs'),0,Optimization terminated successfully. (HiGHS Status 7: Optimal),1.4210854715202004e-14,48,603
1000086,ideal_small_dense,"Ideal: small, dense",87,7.990420005437975,0.8847330886084757,1.093218806165655,1.1006929575636293,True,scipy.optimize.linprog(method='highs'),0,Optimization terminated successfully. (HiGHS Status 7: Optimal),1.4210854715202004e-14,48,563
1000087,ideal_small_dense,"Ideal: small, dense",88,19.35414655856224,0.7241216864088776,1.012723579724988,1.0672713995051255,True,scipy.optimize.linprog(method='highs'),0,Optimization terminated successfully. (HiGHS Status 7: Optimal),1.4210854715202004e-14,48,567
1000088,ideal_small_dense,"Ideal: small, dense",89,2.159688839249476,0.9437098950370229,1.115265773993345,1.182530145606863,True,scipy.optimize.linprog(method='highs'),0,Optimization terminated successfully. (HiGHS Status 7: Optimal),1.4210854715202004e-14,48,573
1000089,ideal_small_dense,"Ideal: small, dense",90,15.044885910418884,0.7761387993431329,1.051290966951262,1.0800452484703085,True,scipy.optimize.linprog(method='highs'),0,Optimization terminated successfully. (HiGHS Status 7: Optimal),1.4210854715202004e-14,48,581
1000090,ideal_small_dense,"Ideal: small, dense",91,16.319137443576434,0.766510019279293,1.1036502335474787,1.1409537472303706,True,scipy.optimize.linprog(method='highs'),0,Optimization terminated successfully. (HiGHS Status 7: Optimal),8.526512829121202e-14,48,584
1000091,ideal_small_dense,"Ideal: small, dense",92,16.340177202258417,0.7738497952339861,0.9675573051936954,1.0158563243764245,True,scipy.optimize.linprog(method='highs'),0,Optimization terminated successfully. (HiGHS Status 7: Optimal),1.4210854715202004e-14,48,583
1000092,ideal_small_dense,"Ideal: small, dense",93,-0.0063333117596755,0.9885895518015376,0.967589194008478,0.975736461569161,True,scipy.optimize.linprog(method='highs'),0,Optimization terminated successfully. (HiGHS Status 7: Optimal),1.4210854715202004e-14,48,554
1000093,ideal_small_dense,"Ideal: small, dense",94,5.536334681780649,0.8995402055244239,1.0866121294927982,1.1511334957741663,True,scipy.optimize.linprog(method='highs'),0,Optimization terminated successfully. (HiGHS Status 7: Optimal),1.4210854715202004e-14,48,548
1000094,ideal_small_dense,"Ideal: small, dense",95,4.572022200777155,0.9249109001828428,1.0325803075447124,1.0435805426095872,True,scipy.optimize.linprog(method='highs'),0,Optimization terminated successfully. (HiGHS Status 7: Optimal),1.4210854715202004e-14,48,593
1000095,ideal_small_dense,"Ideal: small, dense",96,0.0677691026132963,0.9846565033868574,1.0234559813557964,1.0397993036301576,True,scipy.optimize.linprog(method='highs'),0,Optimization terminated successfully. (HiGHS Status 7: Optimal),2.8421709430404014e-14,48,619
1000096,ideal_small_dense,"Ideal: small, dense",97,5.733977047236969,0.8904257416183579,1.0136708278360471,1.107228373453191,True,scipy.optimize.linprog(method='highs'),0,Optimization terminated successfully. (HiGHS Status 7: Optimal),1.4210854715202004e-14,48,594
1000097,ideal_small_dense,"Ideal: small, dense",98,13.745407941835374,0.8004616182209223,1.0461061000241592,1.0701541087962996,True,scipy.optimize.linprog(method='highs'),0,Optimization terminated successfully. (HiGHS Status 7: Optimal),1.4210854715202004e-14,48,555
1000098,ideal_small_dense,"Ideal: small, dense",99,13.84730443107162,0.7982941127407067,1.0116936570386337,1.0471905393962997,True,scipy.optimize.linprog(method='highs'),0,Optimization terminated successfully. (HiGHS Status 7: Optimal),1.4210854715202004e-14,48,573
1000099,ideal_small_dense,"Ideal: small, dense",100,5.957456424265942,0.913784465762918,1.05004628992658,1.05969700657056,True,scipy.optimize.linprog(method='highs'),0,Optimization terminated successfully. (HiGHS Status 7: Optimal),1.4210854715202004e-14,48,583
2000080,ideal_large_sparse,"Ideal: large, sparse",81,22.236096023662235,0.6489024049727065,1.1290995045742958,1.4740913062037555,True,scipy.optimize.linprog(method='highs'),0,Optimization terminated successfully. (HiGHS Status 7: Optimal),1.4210854715202004e-14,120,694
2000081,ideal_large_sparse,"Ideal: large, sparse",82,17.61745395232701,0.7107537106711836,1.1738139275122568,1.507338361086532,True,scipy.optimize.linprog(method='highs'),0,Optimization terminated successfully. (HiGHS Status 7: Optimal),1.4210854715202004e-14,120,723
2000082,ideal_large_sparse,"Ideal: large, sparse",83,17.660948301378976,0.72197906082459,1.0885080958369318,1.3189049289204064,True,scipy.optimize.linprog(method='highs'),0,Optimization terminated successfully. (HiGHS Status 7: Optimal),1.4210854715202004e-14,120,737
2000083,ideal_large_sparse,"Ideal: large, sparse",84,16.549790384504014,0.7094933984226891,1.273324752431084,1.5873129442745362,True,scipy.optimize.linprog(method='highs'),0,Optimization terminated successfully. (HiGHS Status 7: Optimal),1.4210854715202004e-14,120,727
2000084,ideal_large_sparse,"Ideal: large, sparse",85,19.759576468610227,0.6813166224402788,1.1840249445163922,1.5097161453802463,True,scipy.optimize.linprog(method='highs'),0,Optimization terminated successfully. (HiGHS Status 7: Optimal),1.4210854715202004e-14,120,724
2000085,ideal_large_sparse,"Ideal: large, sparse",86,21.43865208534783,0.6638450698497258,1.1398949228125317,1.4918142821827385,True,scipy.optimize.linprog(method='highs'),0,Optimization terminated successfully. (HiGHS Status 7: Optimal),1.4210854715202004e-14,120,705
2000086,ideal_large_sparse,"Ideal: large, sparse",87,11.64006144012803,0.8065813485182061,1.142231766520434,1.3158026078543863,True,scipy.optimize.linprog(method='highs'),0,Optimization terminated successfully. (HiGHS Status 7: Optimal),1.4210854715202004e-14,120,734
2000087,ideal_large_sparse,"Ideal: large, sparse",88,27.07968469550004,0.5923883811799853,1.071733254326152,1.54610236468794,True,scipy.optimize.linprog(method='highs'),0,Optimization terminated successfully. (HiGHS Status 7: Optimal),1.4210854715202004e-14,120,724
2000088,ideal_large_sparse,"Ideal: large, sparse",89,25.77327727565608,0.603676842247755,1.1762091360322466,1.494596375214256,True,scipy.optimize.linprog(method='highs'),0,Optimization terminated successfully. (HiGHS Status 7: Optimal),1.4210854715202004e-14,120,725
2000089,ideal_large_sparse,"Ideal: large, sparse",90,21.12240092329676,0.677599590072794,1.1243805158712603,1.3786946206814907,True,scipy.optimize.linprog(method='highs'),0,Optimization terminated successfully. (HiGHS Status 7: Optimal),1.4210854715202004e-14,120,713
2000090,ideal_large_sparse,"Ideal: large, sparse",91,22.34893290902646,0.6567125369124681,1.0651662304044045,1.408350761230749,True,scipy.optimize.linprog(method='highs'),0,Optimization terminated successfully. (HiGHS Status 7: Optimal),1.4210854715202004e-14,120,712
2000091,ideal_large_sparse,"Ideal: large, sparse",92,21.39991528052612,0.6597240433227248,1.1882051333180448,1.5251538577421857,True,scipy.optimize.linprog(method='highs'),0,Optimization terminated successfully. (HiGHS Status 7: Optimal),1.4210854715202004e-14,120,730
2000092,ideal_large_sparse,"Ideal: large, sparse",93,22.394624411026896,0.6537293652252751,1.1375696717561652,1.4564278525887586,True,scipy.optimize.linprog(method='highs'),0,Optimization terminated successfully. (HiGHS Status 7: Optimal),2.8421709430404014e-14,120,721
2000093,ideal_large_sparse,"Ideal: large, sparse",94,22.315916862699616,0.6538152658372525,1.1131144598541831,1.4085218881385615,True,scipy.optimize.linprog(method='highs'),0,Optimization terminated successfully. (HiGHS Status 7: Optimal),1.4210854715202004e-14,120,715
2000094,ideal_large_sparse,"Ideal: large, sparse",95,26.82662854153503,0.6023894723976594,1.0604200342724572,1.3464566494107857,True,scipy.optimize.linprog(method='highs'),0,Optimization terminated successfully. (HiGHS Status 7: Optimal),1.4210854715202004e-14,120,715
2000095,ideal_large_sparse,"Ideal: large, sparse",96,21.038938681842083,0.6668390254492481,1.153198845359645,1.4888591034772625,True,scipy.optimize.linprog(method='highs'),0,Optimization terminated successfully. (HiGHS Status 7: Optimal),2.8421709430404014e-14,120,713
2000096,ideal_large_sparse,"Ideal: large, sparse",97,18.7136750242823,0.707596404460439,1.0795047950662235,1.342625930314703,True,scipy.optimize.linprog(method='highs'),0,Optimization terminated successfully. (HiGHS Status 7: Optimal),1.4210854715202004e-14,120,718
2000097,ideal_large_sparse,"Ideal: large, sparse",98,29.32572849371292,0.5635681247736773,1.0610917710937957,1.412525179174026,True,scipy.optimize.linprog(method='highs'),0,Optimization terminated successfully. (HiGHS Status 7: Optimal),1.4210854715202004e-14,120,707
2000098,ideal_large_sparse,"Ideal: large, sparse",99,14.40879392943703,0.7578935858024421,1.0712607977947024,1.3245857145756206,True,scipy.optimize.linprog(method='highs'),0,Optimization terminated successfully. (HiGHS Status 7: Optimal),2.8421709430404014e-14,120,691
2000099,ideal_large_sparse,"Ideal: large, sparse",100,18.571919619738985,0.7056620635769192,1.0703623692680555,1.3494187652189689,True,scipy.optimize.linprog(method='highs'),0,Optimization terminated successfully. (HiGHS Status 7: Optimal),2.8421709430404014e-14,120,738
3000080,serial_dependence,Serial dependence,81,3.1517704215370945,0.9260615122500274,1.0822372956460475,1.1674388472541033,True,scipy.optimize.linprog(method='highs'),0,Optimization terminated successfully. (HiGHS Status 7: Optimal),2.8421709430404014e-14,120,1213
3000081,serial_dependence,Serial dependence,82,14.185834574478896,0.7685127080587087,1.1348429227004972,1.2770882973792397,True,scipy.optimize.linprog(method='highs'),0,Optimization terminated successfully. (HiGHS Status 7: Optimal),1.4210854715202004e-14,120,1221
3000082,serial_dependence,Serial dependence,83,18.537884457169252,0.7297273607249524,0.9992114826702052,1.0702619845969774,True,scipy.optimize.linprog(method='highs'),0,Optimization terminated successfully. (HiGHS Status 7: Optimal),1.4210854715202004e-14,120,1235
3000083,serial_dependence,Serial dependence,84,10.550973562802534,0.8251388095088169,1.0710246065198206,1.1705113697558116,True,scipy.optimize.linprog(method='highs'),0,Optimization terminated successfully. (HiGHS Status 7: Optimal),1.4210854715202004e-14,120,1144
3000084,serial_dependence,Serial dependence,85,17.460656972173666,0.7362027989903548,1.051977464457953,1.1503352995111145,True,scipy.optimize.linprog(method='highs'),0,Optimization terminated successfully. (HiGHS Status 7: Optimal),1.4210854715202004e-14,120,1214
3000085,serial_dependence,Serial dependence,86,20.103788707187974,0.6947229217947939,1.0835025769913742,1.1982941502979478,True,scipy.optimize.linprog(method='highs'),0,Optimization terminated successfully. (HiGHS Status 7: Optimal),1.4210854715202004e-14,120,1216
3000086,serial_dependence,Serial dependence,87,8.395699522786627,0.8577534369900558,1.087807926248499,1.1892704141350352,True,scipy.optimize.linprog(method='highs'),0,Optimization terminated successfully. (HiGHS Status 7: Optimal),1.4210854715202004e-14,120,1160
3000087,serial_dependence,Serial dependence,88,13.124475579513998,0.8087936443276709,1.104871715317897,1.1367652842100942,True,scipy.optimize.linprog(method='highs'),0,Optimization terminated successfully. (HiGHS Status 7: Optimal),1.4210854715202004e-14,120,1228
3000088,serial_dependence,Serial dependence,89,21.905978303914612,0.6784590091138536,0.9983580832995664,1.1445682889841202,True,scipy.optimize.linprog(method='highs'),0,Optimization terminated successfully. (HiGHS Status 7: Optimal),1.4210854715202004e-14,120,1154
3000089,serial_dependence,Serial dependence,90,8.532956206004854,0.8611019363291823,1.0245898392993675,1.1046552707680446,True,scipy.optimize.linprog(method='highs'),0,Optimization terminated successfully. (HiGHS Status 7: Optimal),1.4210854715202004e-14,120,1181
3000090,serial_dependence,Serial dependence,91,15.026142883589884,0.7819820437435042,1.0985774893351987,1.138691783450063,True,scipy.optimize.linprog(method='highs'),0,Optimization terminated successfully. (HiGHS Status 7: Optimal),2.8421709430404014e-14,120,1230
3000091,serial_dependence,Serial dependence,92,23.463133959919222,0.6515005824847241,1.0267895669558755,1.211148341915585,True,scipy.optimize.linprog(method='highs'),0,Optimization terminated successfully. (HiGHS Status 7: Optimal),1.4210854715202004e-14,120,1132
3000092,serial_dependence,Serial dependence,93,-0.8137384257840504,0.9714969421500796,1.17792575646745,1.2844773197864607,True,scipy.optimize.linprog(method='highs'),0,Optimization terminated successfully. (HiGHS Status 7: Optimal),1.4210854715202004e-14,120,1175
3000093,serial_dependence,Serial dependence,94,20.048474042200183,0.7063967642148509,1.082439332009327,1.210739276696467,True,scipy.optimize.linprog(method='highs'),0,Optimization terminated successfully. (HiGHS Status 7: Optimal),1.4210854715202004e-14,120,1199
3000094,serial_dependence,Serial dependence,95,19.37909378283145,0.7119624067585162,1.043891714714096,1.134197812884133,True,scipy.optimize.linprog(method='highs'),0,Optimization terminated successfully. (HiGHS Status 7: Optimal),1.4210854715202004e-14,120,1211
3000095,serial_dependence,Serial dependence,96,17.302143778720524,0.7385703726348412,1.0810775389543763,1.1608155633569444,True,scipy.optimize.linprog(method='highs'),0,Optimization terminated successfully. (HiGHS Status 7: Optimal),1.4210854715202004e-14,120,1179
3000096,serial_dependence,Serial dependence,97,21.549770267532864,0.6701621045231982,1.162280776004346,1.344557734590471,True,scipy.optimize.linprog(method='highs'),0,Optimization terminated successfully. (HiGHS Status 7: Optimal),1.4210854715202004e-14,120,1177
3000097,serial_dependence,Serial dependence,98,17.466272000983132,0.7266658194057186,1.123294357121024,1.23542533274683,True,scipy.optimize.linprog(method='highs'),0,Optimization terminated successfully. (HiGHS Status 7: Optimal),2.8421709430404014e-14,120,1215
3000098,serial_dependence,Serial dependence,99,10.520815771470474,0.8396998323507371,1.032011219939298,1.0936837724284998,True,scipy.optimize.linprog(method='highs'),0,Optimization terminated successfully. (HiGHS Status 7: Optimal),2.8421709430404014e-14,120,1161
3000099,serial_dependence,Serial dependence,100,14.14197817613129,0.7769580003608049,1.1429558266606303,1.2596301713826437,True,scipy.optimize.linprog(method='highs'),0,Optimization terminated successfully. (HiGHS Status 7: Optimal),1.4210854715202004e-14,120,1240
4000080,discrete_map_rounding,Integer MAP rounding,81,14.666666666666671,0.7777777777777778,1.0763785016423917,1.144919931919932,True,scipy.optimize.linprog(method='highs'),0,Optimization terminated successfully. (HiGHS Status 7: Optimal),1.4210854715202004e-14,120,1163
4000081,discrete_map_rounding,Integer MAP rounding,82,20.37037037037037,0.7037037037037036,1.048848881399807,1.1218604034854032,True,scipy.optimize.linprog(method='highs'),0,Optimization terminated successfully. (HiGHS Status 7: Optimal),1.4210854715202004e-14,120,1216
4000082,discrete_map_rounding,Integer MAP rounding,83,15.761904761904766,0.7619047619047619,1.0948656632168547,1.1741282976282972,True,scipy.optimize.linprog(method='highs'),0,Optimization terminated successfully. (HiGHS Status 7: Optimal),2.8421709430404014e-14,120,1248
4000083,discrete_map_rounding,Integer MAP rounding,84,4.608695652173916,0.9130434782608696,0.999190701709722,1.0503653684278684,True,scipy.optimize.linprog(method='highs'),0,Optimization terminated successfully. (HiGHS Status 7: Optimal),1.4210854715202004e-14,120,1268
4000084,discrete_map_rounding,Integer MAP rounding,85,11.333333333333336,0.8333333333333334,1.0644170806045807,1.0900195683945688,True,scipy.optimize.linprog(method='highs'),0,Optimization terminated successfully. (HiGHS Status 7: Optimal),1.4210854715202004e-14,120,1216
4000085,discrete_map_rounding,Integer MAP rounding,86,19.272727272727263,0.7272727272727273,1.0871853006000731,1.1536116267991263,True,scipy.optimize.linprog(method='highs'),0,Optimization terminated successfully. (HiGHS Status 7: Optimal),1.4210854715202004e-14,120,1204
4000086,discrete_map_rounding,Integer MAP rounding,87,-1.0,1.0,1.0464584373959345,1.0575988479113474,True,scipy.optimize.linprog(method='highs'),0,Optimization terminated successfully. (HiGHS Status 7: Optimal),0.0,120,1250
4000087,discrete_map_rounding,Integer MAP rounding,88,14.0,0.7999999999999999,1.077199645262146,1.1068421694046695,True,scipy.optimize.linprog(method='highs'),0,Optimization terminated successfully. (HiGHS Status 7: Optimal),1.4210854715202004e-14,120,1243
4000088,discrete_map_rounding,Integer MAP rounding,89,12.4375,0.8125,1.0397674648846535,1.0978020243645246,True,scipy.optimize.linprog(method='highs'),0,Optimization terminated successfully. (HiGHS Status 7: Optimal),0.0,120,1275
4000089,discrete_map_rounding,Integer MAP rounding,90,14.222222222222204,0.777777777777778,1.0736952615285962,1.158263417138417,True,scipy.optimize.linprog(method='highs'),0,Optimization terminated successfully. (HiGHS Status 7: Optimal),1.4210854715202004e-14,120,1203
4000090,discrete_map_rounding,Integer MAP rounding,91,12.875000000000025,0.8124999999999997,1.0651184067668444,1.1001778915528917,True,scipy.optimize.linprog(method='highs'),0,Optimization terminated successfully. (HiGHS Status 7: Optimal),7.105427357601002e-15,120,1245
4000091,discrete_map_rounding,Integer MAP rounding,92,10.833333333333318,0.8333333333333336,1.0964929229720888,1.1228091954341954,True,scipy.optimize.linprog(method='highs'),0,Optimization terminated successfully. (HiGHS Status 7: Optimal),1.4210854715202004e-14,120,1212
4000092,discrete_map_rounding,Integer MAP rounding,93,16.74999999999999,0.7500000000000002,1.100811195748696,1.17367818986569,True,scipy.optimize.linprog(method='highs'),0,Optimization terminated successfully. (HiGHS Status 7: Optimal),2.8421709430404014e-14,120,1254
4000093,discrete_map_rounding,Integer MAP rounding,94,9.571428571428571,0.8571428571428572,1.0705085024102898,1.096154833592334,True,scipy.optimize.linprog(method='highs'),0,Optimization terminated successfully. (HiGHS Status 7: Optimal),1.4210854715202004e-14,120,1196
4000094,discrete_map_rounding,Integer MAP rounding,95,8.999999999999998,0.8666666666666667,0.9904270197395192,1.0119319176194177,True,scipy.optimize.linprog(method='highs'),0,Optimization terminated successfully. (HiGHS Status 7: Optimal),1.4210854715202004e-14,120,1187
4000095,discrete_map_rounding,Integer MAP rounding,96,21.00000000000001,0.6874999999999998,1.1684072244306607,1.2201438168313163,True,scipy.optimize.linprog(method='highs'),0,Optimization terminated successfully. (HiGHS Status 7: Optimal),1.4210854715202004e-14,120,1163
4000096,discrete_map_rounding,Integer MAP rounding,97,10.153846153846152,0.8461538461538461,1.1020512352675802,1.1250346852221853,True,scipy.optimize.linprog(method='highs'),0,Optimization terminated successfully. (HiGHS Status 7: Optimal),1.4210854715202004e-14,120,1251
4000097,discrete_map_rounding,Integer MAP rounding,98,8.266666666666666,0.8666666666666667,1.127812971750471,1.1705594659969665,True,scipy.optimize.linprog(method='highs'),0,Optimization terminated successfully. (HiGHS Status 7: Optimal),1.4210854715202004e-14,120,1182
4000098,discrete_map_rounding,Integer MAP rounding,99,14.142857142857142,0.7857142857142859,1.0771502023109156,1.1256205414955411,True,scipy.optimize.linprog(method='highs'),0,Optimization terminated successfully. (HiGHS Status 7: Optimal),1.4210854715202004e-14,120,1195
4000099,discrete_map_rounding,Integer MAP rounding,100,13.400000000000134,0.7999999999999982,1.0852678756428764,1.108959027084027,True,scipy.optimize.linprog(method='highs'),0,Optimization terminated successfully. (HiGHS Status 7: Optimal),2.8421709430404014e-14,120,1227
5000080,informative_monitoring,Informative monitoring,81,12.097408067159911,0.811614434510179,1.106615336277655,1.2091351959084786,True,scipy.optimize.linprog(method='highs'),0,Optimization terminated successfully. (HiGHS Status 7: Optimal),1.4210854715202004e-14,120,738
5000081,informative_monitoring,Informative monitoring,82,20.670284816765303,0.672290158574645,1.0192782289816371,1.4037314800553775,True,scipy.optimize.linprog(method='highs'),0,Optimization terminated successfully. (HiGHS Status 7: Optimal),1.4210854715202004e-14,120,747
5000082,informative_monitoring,Informative monitoring,83,29.166130682154726,0.5576896757564676,1.2292417783400578,1.5277945635722352,True,scipy.optimize.linprog(method='highs'),0,Optimization terminated successfully. (HiGHS Status 7: Optimal),1.4210854715202004e-14,120,708
5000083,informative_monitoring,Informative monitoring,84,22.954288994288632,0.6514515758314473,1.1245245743490129,1.3231627721383936,True,scipy.optimize.linprog(method='highs'),0,Optimization terminated successfully. (HiGHS Status 7: Optimal),1.4210854715202004e-14,120,677
5000084,informative_monitoring,Informative monitoring,85,24.488736302146062,0.6454125759918167,1.0707399991520856,1.3056676817521533,True,scipy.optimize.linprog(method='highs'),0,Optimization terminated successfully. (HiGHS Status 7: Optimal),2.8421709430404014e-14,120,612
5000085,informative_monitoring,Informative monitoring,86,21.194848318229283,0.6606218218054206,1.1039398934930236,1.466344452060288,True,scipy.optimize.linprog(method='highs'),0,Optimization terminated successfully. (HiGHS Status 7: Optimal),1.4210854715202004e-14,120,729
5000086,informative_monitoring,Informative monitoring,87,19.955482143623023,0.699263708807063,1.0874307276889503,1.2573016156088876,True,scipy.optimize.linprog(method='highs'),0,Optimization terminated successfully. (HiGHS Status 7: Optimal),1.4210854715202004e-14,120,665
5000087,informative_monitoring,Informative monitoring,88,20.99836991957067,0.6710161014706104,1.1104526418099991,1.3785905729886003,True,scipy.optimize.linprog(method='highs'),0,Optimization terminated successfully. (HiGHS Status 7: Optimal),1.4210854715202004e-14,120,687
5000088,informative_monitoring,Informative monitoring,89,15.710866353870609,0.752684037799633,1.1158199028518103,1.3254503145510337,True,scipy.optimize.linprog(method='highs'),0,Optimization terminated successfully. (HiGHS Status 7: Optimal),1.4210854715202004e-14,120,719
5000089,informative_monitoring,Informative monitoring,90,14.828065740244648,0.7620501631595843,1.0943260320355368,1.2713088360485083,True,scipy.optimize.linprog(method='highs'),0,Optimization terminated successfully. (HiGHS Status 7: Optimal),1.4210854715202004e-14,120,705
5000090,informative_monitoring,Informative monitoring,91,22.715862353268943,0.6561888084219673,1.0767766901385594,1.2938344622340443,True,scipy.optimize.linprog(method='highs'),0,Optimization terminated successfully. (HiGHS Status 7: Optimal),1.4210854715202004e-14,120,649
5000091,informative_monitoring,Informative monitoring,92,22.522199561470103,0.6569000973739624,1.0942124783058025,1.4388624388767624,True,scipy.optimize.linprog(method='highs'),0,Optimization terminated successfully. (HiGHS Status 7: Optimal),1.4210854715202004e-14,120,694
5000092,informative_monitoring,Informative monitoring,93,21.947445181273324,0.6688393719533763,1.1016325498738535,1.3298848345319292,True,scipy.optimize.linprog(method='highs'),0,Optimization terminated successfully. (HiGHS Status 7: Optimal),1.4210854715202004e-14,120,672
5000093,informative_monitoring,Informative monitoring,94,15.93524960553816,0.7574171614877938,1.0483116568540238,1.2118402827324148,True,scipy.optimize.linprog(method='highs'),0,Optimization terminated successfully. (HiGHS Status 7: Optimal),1.4210854715202004e-14,120,688
5000094,informative_monitoring,Informative monitoring,95,16.971985831228594,0.7336590071378083,1.097130358743439,1.227475518125041,True,scipy.optimize.linprog(method='highs'),0,Optimization terminated successfully. (HiGHS Status 7: Optimal),1.4210854715202004e-14,120,673
5000095,informative_monitoring,Informative monitoring,96,17.239491567659748,0.7409942920749037,1.020757765181489,1.1620435025615894,True,scipy.optimize.linprog(method='highs'),0,Optimization terminated successfully. (HiGHS Status 7: Optimal),1.4210854715202004e-14,120,668
5000096,informative_monitoring,Informative monitoring,97,21.60736470699548,0.6666980353294845,1.1034268708872568,1.4288826119531326,True,scipy.optimize.linprog(method='highs'),0,Optimization terminated successfully. (HiGHS Status 7: Optimal),1.4210854715202004e-14,120,660
5000097,informative_monitoring,Informative monitoring,98,13.974989929479868,0.783482139269088,1.1370462110735673,1.2545241263617743,True,scipy.optimize.linprog(method='highs'),0,Optimization terminated successfully. (HiGHS Status 7: Optimal),1.4210854715202004e-14,120,734
5000098,informative_monitoring,Informative monitoring,99,20.484786243633003,0.6845205038839904,1.0823739989478145,1.3723401121195649,True,scipy.optimize.linprog(method='highs'),0,Optimization terminated successfully. (HiGHS Status 7: Optimal),1.4210854715202004e-14,120,716
5000099,informative_monitoring,Informative monitoring,100,17.472322048131623,0.7135051485072678,1.1545625589912991,1.4298136594266264,True,scipy.optimize.linprog(method='highs'),0,Optimization terminated successfully. (HiGHS Status 7: Optimal),1.4210854715202004e-14,120,729
6000080,cluster_size_informative,Cluster size--level association,81,19.571785745986183,0.7253876821526607,0.999360237533684,1.078398986283388,True,scipy.optimize.linprog(method='highs'),0,Optimization terminated successfully. (HiGHS Status 7: Optimal),1.4210854715202004e-14,120,1441
6000081,cluster_size_informative,Cluster size--level association,82,13.261797679125293,0.7961596630071519,1.094676942587366,1.1575981247678373,True,scipy.optimize.linprog(method='highs'),0,Optimization terminated successfully. (HiGHS Status 7: Optimal),1.4210854715202004e-14,120,1426
6000082,cluster_size_informative,Cluster size--level association,83,16.85724645159201,0.76184253723315,1.052135282664962,1.0849924937496995,True,scipy.optimize.linprog(method='highs'),0,Optimization terminated successfully. (HiGHS Status 7: Optimal),1.4210854715202004e-14,120,1314
6000083,cluster_size_informative,Cluster size--level association,84,16.310013086266814,0.7648371501597541,1.0141585011956529,1.073318310070876,True,scipy.optimize.linprog(method='highs'),0,Optimization terminated successfully. (HiGHS Status 7: Optimal),1.4210854715202004e-14,120,1367
6000084,cluster_size_informative,Cluster size--level association,85,14.41913231676012,0.7884189528228902,1.0896502473364662,1.1394169004549626,True,scipy.optimize.linprog(method='highs'),0,Optimization terminated successfully. (HiGHS Status 7: Optimal),1.4210854715202004e-14,120,1445
6000085,cluster_size_informative,Cluster size--level association,86,22.694544479301275,0.6719223949842242,1.0516134399670052,1.168656326428828,True,scipy.optimize.linprog(method='highs'),0,Optimization terminated successfully. (HiGHS Status 7: Optimal),1.4210854715202004e-14,120,1409
6000086,cluster_size_informative,Cluster size--level association,87,23.11006861672216,0.6653753431813653,1.0592595598897427,1.1455820205068994,True,scipy.optimize.linprog(method='highs'),0,Optimization terminated successfully. (HiGHS Status 7: Optimal),1.4210854715202004e-14,120,1375
6000087,cluster_size_informative,Cluster size--level association,88,9.117929074133995,0.8729967295183821,1.019051991170636,1.04200324267984,True,scipy.optimize.linprog(method='highs'),0,Optimization terminated successfully. (HiGHS Status 7: Optimal),1.4210854715202004e-14,120,1330
6000088,cluster_size_informative,Cluster size--level association,89,11.3803283769592,0.8316889067614986,1.0392899925854395,1.069852631774482,True,scipy.optimize.linprog(method='highs'),0,Optimization terminated successfully. (HiGHS Status 7: Optimal),1.4210854715202004e-14,120,1348
6000089,cluster_size_informative,Cluster size--level association,90,27.19670570072747,0.6093567959818286,1.053225357460723,1.132521518469709,True,scipy.optimize.linprog(method='highs'),0,Optimization terminated successfully. (HiGHS Status 7: Optimal),1.4210854715202004e-14,120,1393
6000090,cluster_size_informative,Cluster size--level association,91,6.335998231591702,0.9037224346457108,1.0807307031768718,1.0850864552319548,True,scipy.optimize.linprog(method='highs'),0,Optimization terminated successfully. (HiGHS Status 7: Optimal),1.4210854715202004e-14,120,1384
6000091,cluster_size_informative,Cluster size--level association,92,18.503223580773454,0.733807192994877,1.0012005154680517,1.060961503316719,True,scipy.optimize.linprog(method='highs'),0,Optimization terminated successfully. (HiGHS Status 7: Optimal),1.4210854715202004e-14,120,1326
6000092,cluster_size_informative,Cluster size--level association,93,9.243374252948463,0.8674735646238918,1.0663873299940705,1.0744790375386568,True,scipy.optimize.linprog(method='highs'),0,Optimization terminated successfully. (HiGHS Status 7: Optimal),1.4210854715202004e-14,120,1401
6000093,cluster_size_informative,Cluster size--level association,94,10.080178040829615,0.8481814985904528,1.0647927752187387,1.112252117726113,True,scipy.optimize.linprog(method='highs'),0,Optimization terminated successfully. (HiGHS Status 7: Optimal),1.4210854715202004e-14,120,1313
6000094,cluster_size_informative,Cluster size--level association,95,17.97121787107949,0.7303263155589119,1.0910618862016086,1.166537633670996,True,scipy.optimize.linprog(method='highs'),0,Optimization terminated successfully. (HiGHS Status 7: Optimal),1.4210854715202004e-14,120,1404
6000095,cluster_size_informative,Cluster size--level association,96,13.07373178257205,0.8017908480760296,1.0846607046876098,1.145098398908931,True,scipy.optimize.linprog(method='highs'),0,Optimization terminated successfully. (HiGHS Status 7: Optimal),1.4210854715202004e-14,120,1395
6000096,cluster_size_informative,Cluster size--level association,97,22.296275475421496,0.6791404417242805,1.0333499817132743,1.1101128387258514,True,scipy.optimize.linprog(method='highs'),0,Optimization terminated successfully. (HiGHS Status 7: Optimal),1.4210854715202004e-14,120,1368
6000097,cluster_size_informative,Cluster size--level association,98,13.707650915212795,0.7978803271730697,1.0172110492593842,1.0736313632334542,True,scipy.optimize.linprog(method='highs'),0,Optimization terminated successfully. (HiGHS Status 7: Optimal),1.4210854715202004e-14,120,1407
6000098,cluster_size_informative,Cluster size--level association,99,10.331724957282075,0.8486578450787926,1.020947792959176,1.047604590794835,True,scipy.optimize.linprog(method='highs'),0,Optimization terminated successfully. (HiGHS Status 7: Optimal),1.4210854715202004e-14,120,1482
6000099,cluster_size_informative,Cluster size--level association,100,4.825477346099322,0.932046005207632,1.051469615478752,1.0576392403580115,True,scipy.optimize.linprog(method='highs'),0,Optimization terminated successfully. (HiGHS Status 7: Optimal),1.4210854715202004e-14,120,1417
7000080,common_time_misspecified,Misspecified common time,81,18.8670037504499,0.6748981009479994,1.0667928425399598,1.6345473376534945,True,scipy.optimize.linprog(method='highs'),0,Optimization terminated successfully. (HiGHS Status 7: Optimal),2.8421709430404014e-14,120,1227
7000081,common_time_misspecified,Misspecified common time,82,15.828104338137152,0.7159681900721974,1.0713517764400102,1.6928014522076311,True,scipy.optimize.linprog(method='highs'),0,Optimization terminated successfully. (HiGHS Status 7: Optimal),1.4210854715202004e-14,120,1216
7000082,common_time_misspecified,Misspecified common time,83,12.320544819460457,0.7630094425341616,1.1147117081956743,1.6569073671615686,True,scipy.optimize.linprog(method='highs'),0,Optimization terminated successfully. (HiGHS Status 7: Optimal),1.4210854715202004e-14,120,1230
7000083,common_time_misspecified,Misspecified common time,84,15.173233672985866,0.7151918346502857,1.1503568181659982,1.8062895262059044,True,scipy.optimize.linprog(method='highs'),0,Optimization terminated successfully. (HiGHS Status 7: Optimal),1.4210854715202004e-14,120,1168
7000084,common_time_misspecified,Misspecified common time,85,-0.8346591826834823,0.9270938559948082,1.176714466722083,1.9826313696039768,True,scipy.optimize.linprog(method='highs'),0,Optimization terminated successfully. (HiGHS Status 7: Optimal),1.4210854715202004e-14,120,1188
7000085,common_time_misspecified,Misspecified common time,86,14.895298298985892,0.7272950653892521,1.1281778506128808,1.7720555558018172,True,scipy.optimize.linprog(method='highs'),0,Optimization terminated successfully. (HiGHS Status 7: Optimal),1.4210854715202004e-14,120,1163
7000086,common_time_misspecified,Misspecified common time,87,6.264578650000182,0.8481679736995105,1.0672414838962323,1.650858027466947,True,scipy.optimize.linprog(method='highs'),0,Optimization terminated successfully. (HiGHS Status 7: Optimal),1.4210854715202004e-14,120,1217
7000087,common_time_misspecified,Misspecified common time,88,6.289478890256071,0.8494244767298728,1.133332274192273,1.6136133382367932,True,scipy.optimize.linprog(method='highs'),0,Optimization terminated successfully. (HiGHS Status 7: Optimal),1.4210854715202004e-14,120,1206
7000088,common_time_misspecified,Misspecified common time,89,13.26307600830419,0.7523695935676675,1.1240998917122802,1.6592357137191989,True,scipy.optimize.linprog(method='highs'),0,Optimization terminated successfully. (HiGHS Status 7: Optimal),1.4210854715202004e-14,120,1211
7000089,common_time_misspecified,Misspecified common time,90,6.740894020278241,0.8441484077720255,1.0949604673134352,1.5643012824986893,True,scipy.optimize.linprog(method='highs'),0,Optimization terminated successfully. (HiGHS Status 7: Optimal),1.4210854715202004e-14,120,1168
7000090,common_time_misspecified,Misspecified common time,91,15.221180998615564,0.7213386933814778,1.093295043049752,1.6606404227429468,True,scipy.optimize.linprog(method='highs'),0,Optimization terminated successfully. (HiGHS Status 7: Optimal),1.4210854715202004e-14,120,1216
7000091,common_time_misspecified,Misspecified common time,92,3.94357859329871,0.8795297039811468,1.0830821911264132,1.5519388588655838,True,scipy.optimize.linprog(method='highs'),0,Optimization terminated successfully. (HiGHS Status 7: Optimal),1.4210854715202004e-14,120,1136
7000092,common_time_misspecified,Misspecified common time,93,3.3995662356305734,0.8708269099701802,1.137061203508827,1.7941096890405277,True,scipy.optimize.linprog(method='highs'),0,Optimization terminated successfully. (HiGHS Status 7: Optimal),1.4210854715202004e-14,120,1146
7000093,common_time_misspecified,Misspecified common time,94,19.59863533707384,0.6637186525519633,1.1392504400672605,1.6910178456778622,True,scipy.optimize.linprog(method='highs'),0,Optimization terminated successfully. (HiGHS Status 7: Optimal),1.4210854715202004e-14,120,1204
7000094,common_time_misspecified,Misspecified common time,95,23.3378733989378,0.6063536004483924,1.1043060137721123,1.8195534109279805,True,scipy.optimize.linprog(method='highs'),0,Optimization terminated successfully. (HiGHS Status 7: Optimal),1.4210854715202004e-14,120,1201
7000095,common_time_misspecified,Misspecified common time,96,3.10843076859895,0.8782888554441576,1.099504846274019,1.775862393108295,True,scipy.optimize.linprog(method='highs'),0,Optimization terminated successfully. (HiGHS Status 7: Optimal),1.4210854715202004e-14,120,1191
7000096,common_time_misspecified,Misspecified common time,97,14.760585887660142,0.737693174724869,1.0511394966317822,1.6081361114199058,True,scipy.optimize.linprog(method='highs'),0,Optimization terminated successfully. (HiGHS Status 7: Optimal),1.4210854715202004e-14,120,1227
7000097,common_time_misspecified,Misspecified common time,98,15.319921317007228,0.7126062211697309,1.044871328045457,1.8416441842492852,True,scipy.optimize.linprog(method='highs'),0,Optimization terminated successfully. (HiGHS Status 7: Optimal),1.4210854715202004e-14,120,1223
7000098,common_time_misspecified,Misspecified common time,99,7.712137517331897,0.8218417366867657,1.1568576932601993,1.7492314907654631,True,scipy.optimize.linprog(method='highs'),0,Optimization terminated successfully. (HiGHS Status 7: Optimal),1.4210854715202004e-14,120,1206
7000099,common_time_misspecified,Misspecified common time,100,13.381776028507382,0.7576196270942378,1.0976646438330426,1.5657499779723656,True,scipy.optimize.linprog(method='highs'),0,Optimization terminated successfully. (HiGHS Status 7: Optimal),1.4210854715202004e-14,120,1223
8000080,level_plus_shape,Persistent level plus shape,81,60.81021794732396,0.1258187223613085,1.2532434930770424,1.613120867870497,True,scipy.optimize.linprog(method='highs'),0,Optimization terminated successfully. (HiGHS Status 7: Optimal),1.4210854715202004e-14,120,1426
8000081,level_plus_shape,Persistent level plus shape,82,37.81409408510093,0.4537992169742458,1.2165333155355176,1.344519621019331,True,scipy.optimize.linprog(method='highs'),0,Optimization terminated successfully. (HiGHS Status 7: Optimal),1.4210854715202004e-14,120,1411
8000082,level_plus_shape,Persistent level plus shape,83,64.38408401494567,0.0773424758436804,1.2151638144270622,1.5118105302810287,True,scipy.optimize.linprog(method='highs'),0,Optimization terminated successfully. (HiGHS Status 7: Optimal),1.4210854715202004e-14,120,1467
8000083,level_plus_shape,Persistent level plus shape,84,63.681305802306326,0.0857527831611127,1.1835305963055065,1.6749700995123202,True,scipy.optimize.linprog(method='highs'),0,Optimization terminated successfully. (HiGHS Status 7: Optimal),1.4210854715202004e-14,120,1471
8000084,level_plus_shape,Persistent level plus shape,85,42.961640238596594,0.3718915100194138,1.2219909822216128,1.5093117114588377,True,scipy.optimize.linprog(method='highs'),0,Optimization terminated successfully. (HiGHS Status 7: Optimal),1.4210854715202004e-14,120,1424
8000085,level_plus_shape,Persistent level plus shape,86,35.74289992025345,0.461969835133834,1.238821237430761,1.536289824567439,True,scipy.optimize.linprog(method='highs'),0,Optimization terminated successfully. (HiGHS Status 7: Optimal),1.4210854715202004e-14,120,1373
8000086,level_plus_shape,Persistent level plus shape,87,19.307871514534806,0.70486765875333,1.1166617924337523,1.253203925614447,True,scipy.optimize.linprog(method='highs'),0,Optimization terminated successfully. (HiGHS Status 7: Optimal),1.4210854715202004e-14,120,1396
8000087,level_plus_shape,Persistent level plus shape,88,53.73196305969611,0.2303161706137866,1.2063674163634994,1.4847439820233512,True,scipy.optimize.linprog(method='highs'),0,Optimization terminated successfully. (HiGHS Status 7: Optimal),1.4210854715202004e-14,120,1419
8000088,level_plus_shape,Persistent level plus shape,89,54.48010470953994,0.217497380749377,1.232778971496158,1.636079595933802,True,scipy.optimize.linprog(method='highs'),0,Optimization terminated successfully. (HiGHS Status 7: Optimal),1.4210854715202004e-14,120,1453
8000089,level_plus_shape,Persistent level plus shape,90,59.42235037256434,0.1443761562247751,1.2389067556429902,1.7159046849566164,True,scipy.optimize.linprog(method='highs'),0,Optimization terminated successfully. (HiGHS Status 7: Optimal),1.4210854715202004e-14,120,1430
8000090,level_plus_shape,Persistent level plus shape,91,64.35026526384938,0.0808347577537219,1.1937990729899104,1.6209014092376215,True,scipy.optimize.linprog(method='highs'),0,Optimization terminated successfully. (HiGHS Status 7: Optimal),1.4210854715202004e-14,120,1502
8000091,level_plus_shape,Persistent level plus shape,92,53.421041272987424,0.2245522751362502,1.2207591972197809,1.4872226233458257,True,scipy.optimize.linprog(method='highs'),0,Optimization terminated successfully. (HiGHS Status 7: Optimal),1.4210854715202004e-14,120,1412
8000092,level_plus_shape,Persistent level plus shape,93,43.05313789527587,0.3800910524610867,1.2572814555920826,1.395443874836078,True,scipy.optimize.linprog(method='highs'),0,Optimization terminated successfully. (HiGHS Status 7: Optimal),1.4210854715202004e-14,120,1394
8000093,level_plus_shape,Persistent level plus shape,94,59.97280633635215,0.1303973384763024,1.1538988972525177,1.5292318883119511,True,scipy.optimize.linprog(method='highs'),0,Optimization terminated successfully. (HiGHS Status 7: Optimal),1.4210854715202004e-14,120,1467
8000094,level_plus_shape,Persistent level plus shape,95,60.27678581168308,0.135644598428014,1.1543589678498518,1.4265220698013026,True,scipy.optimize.linprog(method='highs'),0,Optimization terminated successfully. (HiGHS Status 7: Optimal),1.4210854715202004e-14,120,1454
8000095,level_plus_shape,Persistent level plus shape,96,55.89497634283558,0.1851285905077223,1.216105282319245,1.5031256878794017,True,scipy.optimize.linprog(method='highs'),0,Optimization terminated successfully. (HiGHS Status 7: Optimal),1.4210854715202004e-14,120,1468
8000096,level_plus_shape,Persistent level plus shape,97,45.54730960387922,0.3430140265242971,1.1577152006510516,1.446362838319698,True,scipy.optimize.linprog(method='highs'),0,Optimization terminated successfully. (HiGHS Status 7: Optimal),1.4210854715202004e-14,120,1431
8000097,level_plus_shape,Persistent level plus shape,98,53.05345078787902,0.2312813627025601,1.218141013634149,1.5914199942848133,True,scipy.optimize.linprog(method='highs'),0,Optimization terminated successfully. (HiGHS Status 7: Optimal),1.4210854715202004e-14,120,1453
8000098,level_plus_shape,Persistent level plus shape,99,56.54647111678366,0.1651546474036435,1.2773316183254848,1.663633992275114,True,scipy.optimize.linprog(method='highs'),0,Optimization terminated successfully. (HiGHS Status 7: Optimal),1.4210854715202004e-14,120,1421
8000099,level_plus_shape,Persistent level plus shape,100,49.81793997395942,0.2750552272467919,1.257136790208263,1.5330675586906828,True,scipy.optimize.linprog(method='highs'),0,Optimization terminated successfully. (HiGHS Status 7: Optimal),1.4210854715202004e-14,120,1466
9000080,treatment_feedback,Treatment feedback,81,20.119164332205788,0.7215544056485061,1.0521747720739594,1.1137702270010332,True,scipy.optimize.linprog(method='highs'),0,Optimization terminated successfully. (HiGHS Status 7: Optimal),1.4210854715202004e-14,120,1161
9000081,treatment_feedback,Treatment feedback,82,35.82321788546431,0.5029961560570186,1.068621376693617,1.1867059030181324,True,scipy.optimize.linprog(method='highs'),0,Optimization terminated successfully. (HiGHS Status 7: Optimal),1.4210854715202004e-14,120,1217
9000082,treatment_feedback,Treatment feedback,83,28.489630603373406,0.6048747172098078,1.0378645183067454,1.165103045458507,True,scipy.optimize.linprog(method='highs'),0,Optimization terminated successfully. (HiGHS Status 7: Optimal),1.4210854715202004e-14,120,1224
9000083,treatment_feedback,Treatment feedback,84,38.25374410368341,0.4615702310773722,1.1456916145667555,1.2981516174356649,True,scipy.optimize.linprog(method='highs'),0,Optimization terminated successfully. (HiGHS Status 7: Optimal),1.4210854715202004e-14,120,1201
9000084,treatment_feedback,Treatment feedback,85,12.416437027580288,0.8212184454882996,1.1441668189979772,1.1777244034502223,True,scipy.optimize.linprog(method='highs'),0,Optimization terminated successfully. (HiGHS Status 7: Optimal),1.4210854715202004e-14,120,1198
9000085,treatment_feedback,Treatment feedback,86,21.179500844070564,0.6948612599884905,1.097598422526296,1.1583741827043748,True,scipy.optimize.linprog(method='highs'),0,Optimization terminated successfully. (HiGHS Status 7: Optimal),1.4210854715202004e-14,120,1201
9000086,treatment_feedback,Treatment feedback,87,28.29369349896348,0.610687649198672,1.0599826066719586,1.1567251051677985,True,scipy.optimize.linprog(method='highs'),0,Optimization terminated successfully. (HiGHS Status 7: Optimal),1.4210854715202004e-14,120,1230
9000087,treatment_feedback,Treatment feedback,88,30.73493543215007,0.5734399447783418,1.065658869830782,1.1548036456556696,True,scipy.optimize.linprog(method='highs'),0,Optimization terminated successfully. (HiGHS Status 7: Optimal),1.4210854715202004e-14,120,1191
9000088,treatment_feedback,Treatment feedback,89,29.441476648846372,0.5796485933218722,1.0455595727054166,1.16010381046604,True,scipy.optimize.linprog(method='highs'),0,Optimization terminated successfully. (HiGHS Status 7: Optimal),1.4210854715202004e-14,120,1204
9000089,treatment_feedback,Treatment feedback,90,24.65279072959697,0.6574907145562384,1.1006713451597776,1.1628243405327403,True,scipy.optimize.linprog(method='highs'),0,Optimization terminated successfully. (HiGHS Status 7: Optimal),1.4210854715202004e-14,120,1170
9000090,treatment_feedback,Treatment feedback,91,28.030658489376066,0.6062319044261486,1.063131230726874,1.1586115089840778,True,scipy.optimize.linprog(method='highs'),0,Optimization terminated successfully. (HiGHS Status 7: Optimal),1.4210854715202004e-14,120,1247
9000091,treatment_feedback,Treatment feedback,92,27.59037142795201,0.6264364653349616,1.0497915768007386,1.1368040729120443,True,scipy.optimize.linprog(method='highs'),0,Optimization terminated successfully. (HiGHS Status 7: Optimal),1.4210854715202004e-14,120,1208
9000092,treatment_feedback,Treatment feedback,93,22.67456823163741,0.6741783219413349,1.0929623924575704,1.2007514570614566,True,scipy.optimize.linprog(method='highs'),0,Optimization terminated successfully. (HiGHS Status 7: Optimal),1.4210854715202004e-14,120,1230
9000093,treatment_feedback,Treatment feedback,94,25.92048105476393,0.6339116921685386,1.0765487619420118,1.1518309939873148,True,scipy.optimize.linprog(method='highs'),0,Optimization terminated successfully. (HiGHS Status 7: Optimal),1.4210854715202004e-14,120,1185
9000094,treatment_feedback,Treatment feedback,95,16.782907000972287,0.7584966014089676,1.1087988289117985,1.1511196277939624,True,scipy.optimize.linprog(method='highs'),0,Optimization terminated successfully. (HiGHS Status 7: Optimal),1.4210854715202004e-14,120,1163
9000095,treatment_feedback,Treatment feedback,96,30.2095690455363,0.5959470175611814,1.074848643440996,1.1524095471443812,True,scipy.optimize.linprog(method='highs'),0,Optimization terminated successfully. (HiGHS Status 7: Optimal),1.4210854715202004e-14,120,1190
9000096,treatment_feedback,Treatment feedback,97,28.02812021489897,0.5969639043371157,1.0750694041819486,1.186845339182085,True,scipy.optimize.linprog(method='highs'),0,Optimization terminated successfully. (HiGHS Status 7: Optimal),1.4210854715202004e-14,120,1191
9000097,treatment_feedback,Treatment feedback,98,28.642341356329283,0.6004049097357751,1.1266231464099017,1.209969784077475,True,scipy.optimize.linprog(method='highs'),0,Optimization terminated successfully. (HiGHS Status 7: Optimal),1.4210854715202004e-14,120,1175
9000098,treatment_feedback,Treatment feedback,99,22.10732879514544,0.6826068552131774,1.1214349271186788,1.1837646116020797,True,scipy.optimize.linprog(method='highs'),0,Optimization terminated successfully. (HiGHS Status 7: Optimal),2.8421709430404014e-14,120,1199
9000099,treatment_feedback,Treatment feedback,100,32.28265970215064,0.5496430383560791,1.0341208494291567,1.139128053114424,True,scipy.optimize.linprog(method='highs'),0,Optimization terminated successfully. (HiGHS Status 7: Optimal),1.4210854715202004e-14,120,1220
10000080,transient_nonpersistent,Transient non-persistence,81,69.6206524717528,0.0107788998315815,1.052132018909357,1.9146013759353016,True,scipy.optimize.linprog(method='highs'),0,Optimization terminated successfully. (HiGHS Status 7: Optimal),1.4210854715202004e-14,120,1165
10000081,transient_nonpersistent,Transient non-persistence,82,66.35438067571343,0.0564264878337688,1.079477101905156,1.8292160079165412,True,scipy.optimize.linprog(method='highs'),0,Optimization terminated successfully. (HiGHS Status 7: Optimal),1.4210854715202004e-14,120,1195
10000082,transient_nonpersistent,Transient non-persistence,83,64.178013208936,0.0934933676924728,1.0422760542273868,1.7497790841902674,True,scipy.optimize.linprog(method='highs'),0,Optimization terminated successfully. (HiGHS Status 7: Optimal),1.4210854715202004e-14,120,1217
10000083,transient_nonpersistent,Transient non-persistence,84,67.53008401020084,0.0550541448433085,1.0285219861458217,1.7307336852272317,True,scipy.optimize.linprog(method='highs'),0,Optimization terminated successfully. (HiGHS Status 7: Optimal),1.4210854715202004e-14,120,1208
10000084,transient_nonpersistent,Transient non-persistence,85,67.55686819343414,0.0471039897807985,1.0652395713418497,1.6299855162778614,True,scipy.optimize.linprog(method='highs'),0,Optimization terminated successfully. (HiGHS Status 7: Optimal),1.4210854715202004e-14,120,1223
10000085,transient_nonpersistent,Transient non-persistence,86,60.21847567315646,0.1506173696547999,1.089406138703248,1.7374230318440598,True,scipy.optimize.linprog(method='highs'),0,Optimization terminated successfully. (HiGHS Status 7: Optimal),1.4210854715202004e-14,120,1177
10000086,transient_nonpersistent,Transient non-persistence,87,65.88095932993505,0.0622059784051053,1.0097516837337932,1.6364506572401754,True,scipy.optimize.linprog(method='highs'),0,Optimization terminated successfully. (HiGHS Status 7: Optimal),1.4210854715202004e-14,120,1195
10000087,transient_nonpersistent,Transient non-persistence,88,57.41900351035248,0.1915208987265567,1.0730777440335235,1.6294536076668455,True,scipy.optimize.linprog(method='highs'),0,Optimization terminated successfully. (HiGHS Status 7: Optimal),1.4210854715202004e-14,120,1191
10000088,transient_nonpersistent,Transient non-persistence,89,68.14957712344378,0.0411641771469207,1.0043489987215009,1.8789752916153808,True,scipy.optimize.linprog(method='highs'),0,Optimization terminated successfully. (HiGHS Status 7: Optimal),1.4210854715202004e-14,120,1238
10000089,transient_nonpersistent,Transient non-persistence,90,68.08389387952836,0.0413082515902209,0.987466449615076,1.662515902928938,True,scipy.optimize.linprog(method='highs'),0,Optimization terminated successfully. (HiGHS Status 7: Optimal),1.4210854715202004e-14,120,1214
10000090,transient_nonpersistent,Transient non-persistence,91,68.9195805383111,0.0292339014068089,1.0889079489390447,1.8198990625238969,True,scipy.optimize.linprog(method='highs'),0,Optimization terminated successfully. (HiGHS Status 7: Optimal),1.4210854715202004e-14,120,1197
10000091,transient_nonpersistent,Transient non-persistence,92,63.309043154932624,0.1104201453926581,1.0333088342787125,1.8892547584293216,True,scipy.optimize.linprog(method='highs'),0,Optimization terminated successfully. (HiGHS Status 7: Optimal),1.4210854715202004e-14,120,1154
10000092,transient_nonpersistent,Transient non-persistence,93,68.23483093627983,0.0400559882131307,0.9614176800468064,1.7585560174576245,True,scipy.optimize.linprog(method='highs'),0,Optimization terminated successfully. (HiGHS Status 7: Optimal),1.4210854715202004e-14,120,1223
10000093,transient_nonpersistent,Transient non-persistence,94,67.45631330185213,0.0474236897031387,1.0346068862525666,1.831768077240476,True,scipy.optimize.linprog(method='highs'),0,Optimization terminated successfully. (HiGHS Status 7: Optimal),1.4210854715202004e-14,120,1163
10000094,transient_nonpersistent,Transient non-persistence,95,69.08330381466634,0.032066520936722,0.9716405338007944,1.7591229826840362,True,scipy.optimize.linprog(method='highs'),0,Optimization terminated successfully. (HiGHS Status 7: Optimal),1.4210854715202004e-14,120,1223
10000095,transient_nonpersistent,Transient non-persistence,96,69.5012351888099,0.0138102818122774,1.066305089964233,1.6770631703036658,True,scipy.optimize.linprog(method='highs'),0,Optimization terminated successfully. (HiGHS Status 7: Optimal),1.4210854715202004e-14,120,1192
10000096,transient_nonpersistent,Transient non-persistence,97,62.90056410848457,0.1170876255776724,1.0433907098072168,1.703755853724743,True,scipy.optimize.linprog(method='highs'),0,Optimization terminated successfully. (HiGHS Status 7: Optimal),1.4210854715202004e-14,120,1222
10000097,transient_nonpersistent,Transient non-persistence,98,66.07368147991063,0.0664661445881121,1.0055362619899295,1.6008362199691355,True,scipy.optimize.linprog(method='highs'),0,Optimization terminated successfully. (HiGHS Status 7: Optimal),1.4210854715202004e-14,120,1188
10000098,transient_nonpersistent,Transient non-persistence,99,64.11188398266702,0.0873198407041604,1.0449841880869866,1.9053793277266216,True,scipy.optimize.linprog(method='highs'),0,Optimization terminated successfully. (HiGHS Status 7: Optimal),1.4210854715202004e-14,120,1192
10000099,transient_nonpersistent,Transient non-persistence,100,61.82730699349681,0.1256001454091256,1.0583456559194853,1.7870253685352595,True,scipy.optimize.linprog(method='highs'),0,Optimization terminated successfully. (HiGHS Status 7: Optimal),1.4210854715202004e-14,120,1242
100,ideal_large_dense,"Ideal: large, dense",101,18.47587925757173,0.732413707464786,1.0361721241184811,1.0999865353601987,True,scipy.optimize.linprog(method='highs'),0,Optimization terminated successfully. (HiGHS Status 7: Optimal),1.4210854715202004e-14,120,1455
101,ideal_large_dense,"Ideal: large, dense",102,13.323993551493578,0.8012210180405986,1.068938244850847,1.102054916894561,True,scipy.optimize.linprog(method='highs'),0,Optimization terminated successfully. (HiGHS Status 7: Optimal),1.4210854715202004e-14,120,1429
102,ideal_large_dense,"Ideal: large, dense",103,11.357519167185032,0.829397455089033,1.0432844243544064,1.0748529917875145,True,scipy.optimize.linprog(method='highs'),0,Optimization terminated successfully. (HiGHS Status 7: Optimal),1.4210854715202004e-14,120,1446
103,ideal_large_dense,"Ideal: large, dense",104,8.426228103984727,0.8753209259816621,1.0664418731712186,1.0894801850345557,True,scipy.optimize.linprog(method='highs'),0,Optimization terminated successfully. (HiGHS Status 7: Optimal),1.4210854715202004e-14,120,1470
104,ideal_large_dense,"Ideal: large, dense",105,8.331127135720223,0.8729215219922609,1.0370573666528975,1.057392048639743,True,scipy.optimize.linprog(method='highs'),0,Optimization terminated successfully. (HiGHS Status 7: Optimal),1.4210854715202004e-14,120,1443
105,ideal_large_dense,"Ideal: large, dense",106,17.390431546467305,0.7413311543970594,1.050548056978635,1.099280132003955,True,scipy.optimize.linprog(method='highs'),0,Optimization terminated successfully. (HiGHS Status 7: Optimal),1.4210854715202004e-14,120,1498
106,ideal_large_dense,"Ideal: large, dense",107,19.34501457934631,0.7242317206797683,1.0819748768052684,1.140370973693615,True,scipy.optimize.linprog(method='highs'),0,Optimization terminated successfully. (HiGHS Status 7: Optimal),1.4210854715202004e-14,120,1451
107,ideal_large_dense,"Ideal: large, dense",108,12.847519213073122,0.8073993533115621,1.0606040453473211,1.0979505507725291,True,scipy.optimize.linprog(method='highs'),0,Optimization terminated successfully. (HiGHS Status 7: Optimal),1.4210854715202004e-14,120,1450
108,ideal_large_dense,"Ideal: large, dense",109,8.494077220423847,0.8699182277032638,1.0434501518304455,1.0754775929498137,True,scipy.optimize.linprog(method='highs'),0,Optimization terminated successfully. (HiGHS Status 7: Optimal),1.4210854715202004e-14,120,1502
109,ideal_large_dense,"Ideal: large, dense",110,11.877000291088905,0.8236329210886428,1.0363333796896448,1.0681862915885956,True,scipy.optimize.linprog(method='highs'),0,Optimization terminated successfully. (HiGHS Status 7: Optimal),1.4210854715202004e-14,120,1461
110,ideal_large_dense,"Ideal: large, dense",111,8.949944357054026,0.8647263000609333,1.018235278920242,1.0370971291172864,True,scipy.optimize.linprog(method='highs'),0,Optimization terminated successfully. (HiGHS Status 7: Optimal),2.8421709430404014e-14,120,1484
111,ideal_large_dense,"Ideal: large, dense",112,7.124658782374496,0.8857865141788821,1.069440029904225,1.106657313191607,True,scipy.optimize.linprog(method='highs'),0,Optimization terminated successfully. (HiGHS Status 7: Optimal),1.4210854715202004e-14,120,1440
112,ideal_large_dense,"Ideal: large, dense",113,8.125462201140081,0.8716281750955819,1.065522982511167,1.1065677666190077,True,scipy.optimize.linprog(method='highs'),0,Optimization terminated successfully. (HiGHS Status 7: Optimal),1.4210854715202004e-14,120,1471
113,ideal_large_dense,"Ideal: large, dense",114,13.624792175584297,0.8007476979160155,1.0650895942826608,1.1057196227784476,True,scipy.optimize.linprog(method='highs'),0,Optimization terminated successfully. (HiGHS Status 7: Optimal),2.8421709430404014e-14,120,1441
114,ideal_large_dense,"Ideal: large, dense",115,9.655588014852867,0.8589411909406922,1.0328128108484425,1.0513599582104458,True,scipy.optimize.linprog(method='highs'),0,Optimization terminated successfully. (HiGHS Status 7: Optimal),1.4210854715202004e-14,120,1406
115,ideal_large_dense,"Ideal: large, dense",116,10.836411550437475,0.831003262322944,1.089686684498781,1.1273133231723411,True,scipy.optimize.linprog(method='highs'),0,Optimization terminated successfully. (HiGHS Status 7: Optimal),1.4210854715202004e-14,120,1416
116,ideal_large_dense,"Ideal: large, dense",117,10.069164671661968,0.8510190365848089,1.0489104416177069,1.07928919948664,True,scipy.optimize.linprog(method='highs'),0,Optimization terminated successfully. (HiGHS Status 7: Optimal),1.4210854715202004e-14,120,1416
117,ideal_large_dense,"Ideal: large, dense",118,14.25985855732393,0.7972971587502059,0.9917609547404544,1.0220459543001748,True,scipy.optimize.linprog(method='highs'),0,Optimization terminated successfully. (HiGHS Status 7: Optimal),1.4210854715202004e-14,120,1468
118,ideal_large_dense,"Ideal: large, dense",119,13.577963891558532,0.816923485870872,1.0541253393174543,1.0681084578469529,True,scipy.optimize.linprog(method='highs'),0,Optimization terminated successfully. (HiGHS Status 7: Optimal),1.4210854715202004e-14,120,1436
119,ideal_large_dense,"Ideal: large, dense",120,11.112178064020029,0.8314443263440181,1.030606893513221,1.0647510235163653,True,scipy.optimize.linprog(method='highs'),0,Optimization terminated successfully. (HiGHS Status 7: Optimal),1.4210854715202004e-14,120,1430
1000100,ideal_small_dense,"Ideal: small, dense",101,27.62043438459702,0.6034572819103639,1.017525475380288,1.1395552042765078,True,scipy.optimize.linprog(method='highs'),0,Optimization terminated successfully. (HiGHS Status 7: Optimal),1.4210854715202004e-14,48,566
1000101,ideal_small_dense,"Ideal: small, dense",102,20.295348129206783,0.6961950450406719,1.1011564691047893,1.22007266601716,True,scipy.optimize.linprog(method='highs'),0,Optimization terminated successfully. (HiGHS Status 7: Optimal),1.4210854715202004e-14,48,583
1000102,ideal_small_dense,"Ideal: small, dense",103,1.898372639487708,0.9663295710596956,1.0191661461799213,1.0229897184172254,True,scipy.optimize.linprog(method='highs'),0,Optimization terminated successfully. (HiGHS Status 7: Optimal),1.4210854715202004e-14,48,582
1000103,ideal_small_dense,"Ideal: small, dense",104,15.957618069703363,0.7561314996853336,1.1005777395880034,1.1585502162773669,True,scipy.optimize.linprog(method='highs'),0,Optimization terminated successfully. (HiGHS Status 7: Optimal),1.4210854715202004e-14,48,588
1000104,ideal_small_dense,"Ideal: small, dense",105,14.548583115327125,0.8000283832642019,1.0076201981136472,1.052692660738081,True,scipy.optimize.linprog(method='highs'),0,Optimization terminated successfully. (HiGHS Status 7: Optimal),2.8421709430404014e-14,48,567
1000105,ideal_small_dense,"Ideal: small, dense",106,2.129149312843164,0.9632681608515432,1.1024034032636438,1.1075166607046014,True,scipy.optimize.linprog(method='highs'),0,Optimization terminated successfully. (HiGHS Status 7: Optimal),1.4210854715202004e-14,48,577
1000106,ideal_small_dense,"Ideal: small, dense",107,11.0020873507152,0.8461114473557391,1.0500753337106834,1.0606548503558366,True,scipy.optimize.linprog(method='highs'),0,Optimization terminated successfully. (HiGHS Status 7: Optimal),1.4210854715202004e-14,48,576
1000107,ideal_small_dense,"Ideal: small, dense",108,14.570914436241347,0.779686820148739,1.0870084786288337,1.131278616745836,True,scipy.optimize.linprog(method='highs'),0,Optimization terminated successfully. (HiGHS Status 7: Optimal),2.8421709430404014e-14,48,572
1000108,ideal_small_dense,"Ideal: small, dense",109,11.63107010463606,0.8163546030132585,1.0997491450009351,1.1389463173908836,True,scipy.optimize.linprog(method='highs'),0,Optimization terminated successfully. (HiGHS Status 7: Optimal),1.4210854715202004e-14,48,598
1000109,ideal_small_dense,"Ideal: small, dense",110,12.634229955288165,0.8165271343927999,1.0440459497317465,1.0553290102618798,True,scipy.optimize.linprog(method='highs'),0,Optimization terminated successfully. (HiGHS Status 7: Optimal),1.4210854715202004e-14,48,561
1000110,ideal_small_dense,"Ideal: small, dense",111,1.9741532651407847,0.9606619243150792,1.132394981981605,1.144562327767369,True,scipy.optimize.linprog(method='highs'),0,Optimization terminated successfully. (HiGHS Status 7: Optimal),1.4210854715202004e-14,48,601
1000111,ideal_small_dense,"Ideal: small, dense",112,2.798504520079145,0.955233545751718,1.06419372262331,1.0669418571948113,True,scipy.optimize.linprog(method='highs'),0,Optimization terminated successfully. (HiGHS Status 7: Optimal),1.4210854715202004e-14,48,590
1000112,ideal_small_dense,"Ideal: small, dense",113,2.03730969279724,0.955451683161084,1.0778743167089484,1.106343519160933,True,scipy.optimize.linprog(method='highs'),0,Optimization terminated successfully. (HiGHS Status 7: Optimal),1.4210854715202004e-14,48,590
1000113,ideal_small_dense,"Ideal: small, dense",114,13.332982198325624,0.8014487707564304,1.1046826296826613,1.146605781968505,True,scipy.optimize.linprog(method='highs'),0,Optimization terminated successfully. (HiGHS Status 7: Optimal),1.4210854715202004e-14,48,560
1000114,ideal_small_dense,"Ideal: small, dense",115,5.251431392712734,0.9046805245449474,1.083021992280884,1.1243605789604805,True,scipy.optimize.linprog(method='highs'),0,Optimization terminated successfully. (HiGHS Status 7: Optimal),1.4210854715202004e-14,48,573
1000115,ideal_small_dense,"Ideal: small, dense",116,9.36377101060314,0.8606631249011527,1.048342406610834,1.077567215821338,True,scipy.optimize.linprog(method='highs'),0,Optimization terminated successfully. (HiGHS Status 7: Optimal),1.4210854715202004e-14,48,557
1000116,ideal_small_dense,"Ideal: small, dense",117,7.647392903480892,0.8877116076615149,0.993434019322178,1.006819176172251,True,scipy.optimize.linprog(method='highs'),0,Optimization terminated successfully. (HiGHS Status 7: Optimal),1.4210854715202004e-14,48,579
1000117,ideal_small_dense,"Ideal: small, dense",118,8.788340926507956,0.8595725784468473,1.024789302646245,1.056647955880614,True,scipy.optimize.linprog(method='highs'),0,Optimization terminated successfully. (HiGHS Status 7: Optimal),1.4210854715202004e-14,48,558
1000118,ideal_small_dense,"Ideal: small, dense",119,-5.364227377743148,1.0590757297940028,1.0242318758886224,1.0409073198957015,True,scipy.optimize.linprog(method='highs'),0,Optimization terminated successfully. (HiGHS Status 7: Optimal),1.4210854715202004e-14,48,565
1000119,ideal_small_dense,"Ideal: small, dense",120,12.256719940946786,0.819200945884882,1.0730017255576945,1.0934527199278403,True,scipy.optimize.linprog(method='highs'),0,Optimization terminated successfully. (HiGHS Status 7: Optimal),1.4210854715202004e-14,48,554
2000100,ideal_large_sparse,"Ideal: large, sparse",101,21.368635648768425,0.664952665673469,1.1676522956603186,1.4071194434983831,True,scipy.optimize.linprog(method='highs'),0,Optimization terminated successfully. (HiGHS Status 7: Optimal),1.4210854715202004e-14,120,720
2000101,ideal_large_sparse,"Ideal: large, sparse",102,25.3492745315662,0.598509425292205,1.1947793966276847,1.6144651080713055,True,scipy.optimize.linprog(method='highs'),0,Optimization terminated successfully. (HiGHS Status 7: Optimal),1.4210854715202004e-14,120,711
2000102,ideal_large_sparse,"Ideal: large, sparse",103,19.35052859788619,0.691684630823726,1.11035725784019,1.4009851467557373,True,scipy.optimize.linprog(method='highs'),0,Optimization terminated successfully. (HiGHS Status 7: Optimal),1.4210854715202004e-14,120,717
2000103,ideal_large_sparse,"Ideal: large, sparse",104,24.191315215596457,0.6228788126227571,1.1012222126545663,1.5696630761893335,True,scipy.optimize.linprog(method='highs'),0,Optimization terminated successfully. (HiGHS Status 7: Optimal),1.4210854715202004e-14,120,742
2000104,ideal_large_sparse,"Ideal: large, sparse",105,13.587970027471668,0.7675865780827005,1.1956333271159896,1.43680304435429,True,scipy.optimize.linprog(method='highs'),0,Optimization terminated successfully. (HiGHS Status 7: Optimal),1.4210854715202004e-14,120,720
2000105,ideal_large_sparse,"Ideal: large, sparse",106,25.27377614941811,0.6048644107907586,1.1601750241169864,1.4600972620584547,True,scipy.optimize.linprog(method='highs'),0,Optimization terminated successfully. (HiGHS Status 7: Optimal),1.4210854715202004e-14,120,711
2000106,ideal_large_sparse,"Ideal: large, sparse",107,23.31488860969288,0.6425557111876611,1.095913791139187,1.4532518699351331,True,scipy.optimize.linprog(method='highs'),0,Optimization terminated successfully. (HiGHS Status 7: Optimal),1.4210854715202004e-14,120,727
2000107,ideal_large_sparse,"Ideal: large, sparse",108,19.057697942078327,0.6935116271415954,1.128222406636061,1.486499239962622,True,scipy.optimize.linprog(method='highs'),0,Optimization terminated successfully. (HiGHS Status 7: Optimal),1.4210854715202004e-14,120,702
2000108,ideal_large_sparse,"Ideal: large, sparse",109,19.015503939837178,0.7004888522479181,1.1573648141951038,1.4002556040908103,True,scipy.optimize.linprog(method='highs'),0,Optimization terminated successfully. (HiGHS Status 7: Optimal),1.4210854715202004e-14,120,704
2000109,ideal_large_sparse,"Ideal: large, sparse",110,21.077454151857676,0.6736532987808873,1.1660198091228025,1.456101716857731,True,scipy.optimize.linprog(method='highs'),0,Optimization terminated successfully. (HiGHS Status 7: Optimal),1.4210854715202004e-14,120,752
2000110,ideal_large_sparse,"Ideal: large, sparse",111,24.51548027490912,0.6225936659812172,1.128812614226593,1.394475036071597,True,scipy.optimize.linprog(method='highs'),0,Optimization terminated successfully. (HiGHS Status 7: Optimal),1.4210854715202004e-14,120,720
2000111,ideal_large_sparse,"Ideal: large, sparse",112,21.439256507133024,0.6540959248769764,1.1081413887757834,1.4488162444393942,True,scipy.optimize.linprog(method='highs'),0,Optimization terminated successfully. (HiGHS Status 7: Optimal),1.4210854715202004e-14,120,715
2000112,ideal_large_sparse,"Ideal: large, sparse",113,20.32752907321006,0.6828077505627663,1.0573212919341937,1.4743729038459148,True,scipy.optimize.linprog(method='highs'),0,Optimization terminated successfully. (HiGHS Status 7: Optimal),1.4210854715202004e-14,120,703
2000113,ideal_large_sparse,"Ideal: large, sparse",114,22.407404858932036,0.6478421023180578,1.1363935420987974,1.4708232897563287,True,scipy.optimize.linprog(method='highs'),0,Optimization terminated successfully. (HiGHS Status 7: Optimal),2.8421709430404014e-14,120,736
2000114,ideal_large_sparse,"Ideal: large, sparse",115,30.092666679729746,0.5485381083793265,1.1257612954475331,1.5435136632768764,True,scipy.optimize.linprog(method='highs'),0,Optimization terminated successfully. (HiGHS Status 7: Optimal),1.4210854715202004e-14,120,705
2000115,ideal_large_sparse,"Ideal: large, sparse",116,33.40051739418993,0.5049107717736645,1.0269698138199308,1.5292737313375664,True,scipy.optimize.linprog(method='highs'),0,Optimization terminated successfully. (HiGHS Status 7: Optimal),1.4210854715202004e-14,120,698
2000116,ideal_large_sparse,"Ideal: large, sparse",117,18.355329623070567,0.6955296717348808,1.1180701423278037,1.4607665192932895,True,scipy.optimize.linprog(method='highs'),0,Optimization terminated successfully. (HiGHS Status 7: Optimal),1.4210854715202004e-14,120,734
2000117,ideal_large_sparse,"Ideal: large, sparse",118,21.047119598984107,0.6741821578680578,1.0318282416203228,1.33213320212603,True,scipy.optimize.linprog(method='highs'),0,Optimization terminated successfully. (HiGHS Status 7: Optimal),2.8421709430404014e-14,120,715
2000118,ideal_large_sparse,"Ideal: large, sparse",119,30.84049608026939,0.5268021769696869,1.219846410597422,1.6380172223649012,True,scipy.optimize.linprog(method='highs'),0,Optimization terminated successfully. (HiGHS Status 7: Optimal),1.4210854715202004e-14,120,708
2000119,ideal_large_sparse,"Ideal: large, sparse",120,24.656033677776517,0.6169273366640128,1.171508368094918,1.6600999057274273,True,scipy.optimize.linprog(method='highs'),0,Optimization terminated successfully. (HiGHS Status 7: Optimal),1.4210854715202004e-14,120,751
3000100,serial_dependence,Serial dependence,101,19.69837444493413,0.6933075664478183,1.1993579934807563,1.3651614549018256,True,scipy.optimize.linprog(method='highs'),0,Optimization terminated successfully. (HiGHS Status 7: Optimal),1.4210854715202004e-14,120,1228
3000101,serial_dependence,Serial dependence,102,10.801222935515986,0.8134105810023181,1.068511044068367,1.254757729594235,True,scipy.optimize.linprog(method='highs'),0,Optimization terminated successfully. (HiGHS Status 7: Optimal),1.4210854715202004e-14,120,1182
3000102,serial_dependence,Serial dependence,103,10.285299143485789,0.8332242025630523,1.096312639402364,1.1739790571019084,True,scipy.optimize.linprog(method='highs'),0,Optimization terminated successfully. (HiGHS Status 7: Optimal),1.4210854715202004e-14,120,1234
3000103,serial_dependence,Serial dependence,104,13.419459076210185,0.792174441212623,1.0277021643030573,1.1472413026134871,True,scipy.optimize.linprog(method='highs'),0,Optimization terminated successfully. (HiGHS Status 7: Optimal),1.4210854715202004e-14,120,1202
3000104,serial_dependence,Serial dependence,105,26.856425169660973,0.6151829886891612,1.0377403923704562,1.148707380518288,True,scipy.optimize.linprog(method='highs'),0,Optimization terminated successfully. (HiGHS Status 7: Optimal),1.4210854715202004e-14,120,1205
3000105,serial_dependence,Serial dependence,106,26.496231571793903,0.6043436834403365,1.1402412274217977,1.3257436041976662,True,scipy.optimize.linprog(method='highs'),0,Optimization terminated successfully. (HiGHS Status 7: Optimal),1.4210854715202004e-14,120,1207
3000106,serial_dependence,Serial dependence,107,20.04618943973153,0.6933812364000472,1.0670518421580375,1.2191774535765183,True,scipy.optimize.linprog(method='highs'),0,Optimization terminated successfully. (HiGHS Status 7: Optimal),1.4210854715202004e-14,120,1167
3000107,serial_dependence,Serial dependence,108,20.403440874477685,0.6744424589048487,1.1331939191523963,1.3409314199477411,True,scipy.optimize.linprog(method='highs'),0,Optimization terminated successfully. (HiGHS Status 7: Optimal),1.4210854715202004e-14,120,1184
3000108,serial_dependence,Serial dependence,109,22.021950239839303,0.6701794047519198,1.191914243559789,1.319726771133113,True,scipy.optimize.linprog(method='highs'),0,Optimization terminated successfully. (HiGHS Status 7: Optimal),1.4210854715202004e-14,120,1216
3000109,serial_dependence,Serial dependence,110,19.627603422375465,0.6950470450031879,1.100182490437781,1.2555500657980911,True,scipy.optimize.linprog(method='highs'),0,Optimization terminated successfully. (HiGHS Status 7: Optimal),2.8421709430404014e-14,120,1216
3000110,serial_dependence,Serial dependence,111,14.372346797859564,0.7769035493938189,1.0937760390256506,1.192577157382593,True,scipy.optimize.linprog(method='highs'),0,Optimization terminated successfully. (HiGHS Status 7: Optimal),1.4210854715202004e-14,120,1168
3000111,serial_dependence,Serial dependence,112,22.09055866880978,0.6828412589668625,1.0446371897381077,1.1462389106626762,True,scipy.optimize.linprog(method='highs'),0,Optimization terminated successfully. (HiGHS Status 7: Optimal),1.4210854715202004e-14,120,1209
3000112,serial_dependence,Serial dependence,113,13.871111501578229,0.7749841622148056,1.098352755069721,1.2271562440457255,True,scipy.optimize.linprog(method='highs'),0,Optimization terminated successfully. (HiGHS Status 7: Optimal),1.4210854715202004e-14,120,1206
3000113,serial_dependence,Serial dependence,114,15.464847620127689,0.7609232120992961,1.0135694522410006,1.1434186682508962,True,scipy.optimize.linprog(method='highs'),0,Optimization terminated successfully. (HiGHS Status 7: Optimal),1.4210854715202004e-14,120,1160
3000114,serial_dependence,Serial dependence,115,14.212629599216337,0.7816053454322716,1.045834877905303,1.12513309950587,True,scipy.optimize.linprog(method='highs'),0,Optimization terminated successfully. (HiGHS Status 7: Optimal),1.4210854715202004e-14,120,1265
3000115,serial_dependence,Serial dependence,116,9.624076953903833,0.8397360758056274,1.0926228133426272,1.1732717057565274,True,scipy.optimize.linprog(method='highs'),0,Optimization terminated successfully. (HiGHS Status 7: Optimal),1.4210854715202004e-14,120,1230
3000116,serial_dependence,Serial dependence,117,17.13492274642418,0.7518778621275506,1.0607115215459235,1.1162026302324923,True,scipy.optimize.linprog(method='highs'),0,Optimization terminated successfully. (HiGHS Status 7: Optimal),1.4210854715202004e-14,120,1177
3000117,serial_dependence,Serial dependence,118,15.32113931614792,0.7700986826123883,1.0043231276081517,1.075601823716138,True,scipy.optimize.linprog(method='highs'),0,Optimization terminated successfully. (HiGHS Status 7: Optimal),1.4210854715202004e-14,120,1182
3000118,serial_dependence,Serial dependence,119,20.820677344486327,0.6986636160371869,1.1398774533027929,1.2205474713268183,True,scipy.optimize.linprog(method='highs'),0,Optimization terminated successfully. (HiGHS Status 7: Optimal),1.4210854715202004e-14,120,1170
3000119,serial_dependence,Serial dependence,120,14.674377546917777,0.7724492939563021,1.058409392103119,1.1619143862718395,True,scipy.optimize.linprog(method='highs'),0,Optimization terminated successfully. (HiGHS Status 7: Optimal),1.4210854715202004e-14,120,1182
4000100,discrete_map_rounding,Integer MAP rounding,101,7.124999999999994,0.8750000000000001,1.0917655631405632,1.1545927822177822,True,scipy.optimize.linprog(method='highs'),0,Optimization terminated successfully. (HiGHS Status 7: Optimal),1.4210854715202004e-14,120,1170
4000101,discrete_map_rounding,Integer MAP rounding,102,19.428571428571423,0.7142857142857143,1.081961763434979,1.1545457436082436,True,scipy.optimize.linprog(method='highs'),0,Optimization terminated successfully. (HiGHS Status 7: Optimal),1.4210854715202004e-14,120,1205
4000102,discrete_map_rounding,Integer MAP rounding,103,12.599999999999952,0.8000000000000007,1.1208356666481674,1.1863746138121138,True,scipy.optimize.linprog(method='highs'),0,Optimization terminated successfully. (HiGHS Status 7: Optimal),1.4210854715202004e-14,120,1180
4000103,discrete_map_rounding,Integer MAP rounding,104,20.30000000000001,0.6999999999999998,1.1277720635845636,1.2221983687608695,True,scipy.optimize.linprog(method='highs'),0,Optimization terminated successfully. (HiGHS Status 7: Optimal),1.4210854715202004e-14,120,1222
4000104,discrete_map_rounding,Integer MAP rounding,105,10.947368421052644,0.8421052631578946,1.013981886656229,1.0360182202057204,True,scipy.optimize.linprog(method='highs'),0,Optimization terminated successfully. (HiGHS Status 7: Optimal),1.4210854715202004e-14,120,1139
4000105,discrete_map_rounding,Integer MAP rounding,106,9.000000000000005,0.875,1.0802334875772397,1.09387031949532,True,scipy.optimize.linprog(method='highs'),0,Optimization terminated successfully. (HiGHS Status 7: Optimal),1.4210854715202004e-14,120,1180
4000106,discrete_map_rounding,Integer MAP rounding,107,11.333333333333329,0.8333333333333334,1.0358564930439922,1.0691195956820958,True,scipy.optimize.linprog(method='highs'),0,Optimization terminated successfully. (HiGHS Status 7: Optimal),1.4210854715202004e-14,120,1167
4000107,discrete_map_rounding,Integer MAP rounding,108,10.666666666666655,0.8333333333333334,1.0514805379805376,1.087649322899323,True,scipy.optimize.linprog(method='highs'),0,Optimization terminated successfully. (HiGHS Status 7: Optimal),7.105427357601002e-15,120,1192
4000108,discrete_map_rounding,Integer MAP rounding,109,15.384615384615373,0.7692307692307694,1.0853122324612705,1.1515576252451256,True,scipy.optimize.linprog(method='highs'),0,Optimization terminated successfully. (HiGHS Status 7: Optimal),1.4210854715202004e-14,120,1195
4000109,discrete_map_rounding,Integer MAP rounding,110,21.954545454545453,0.6818181818181818,1.088513301303072,1.1987100700225708,True,scipy.optimize.linprog(method='highs'),0,Optimization terminated successfully. (HiGHS Status 7: Optimal),1.4210854715202004e-14,120,1192
4000110,discrete_map_rounding,Integer MAP rounding,111,14.444444444444436,0.7777777777777779,1.0600792024333687,1.1495828777703785,True,scipy.optimize.linprog(method='highs'),0,Optimization terminated successfully. (HiGHS Status 7: Optimal),1.4210854715202004e-14,120,1202
4000111,discrete_map_rounding,Integer MAP rounding,112,18.06666666666667,0.7333333333333332,1.1312560101935103,1.2118521825396833,True,scipy.optimize.linprog(method='highs'),0,Optimization terminated successfully. (HiGHS Status 7: Optimal),1.4210854715202004e-14,120,1275
4000112,discrete_map_rounding,Integer MAP rounding,113,14.666666666666746,0.7777777777777768,1.1569378242642123,1.2035076381951375,True,scipy.optimize.linprog(method='highs'),0,Optimization terminated successfully. (HiGHS Status 7: Optimal),1.4210854715202004e-14,120,1208
4000113,discrete_map_rounding,Integer MAP rounding,114,8.533333333333323,0.8666666666666669,1.0430879691296353,1.07016015003515,True,scipy.optimize.linprog(method='highs'),0,Optimization terminated successfully. (HiGHS Status 7: Optimal),1.4210854715202004e-14,120,1186
4000114,discrete_map_rounding,Integer MAP rounding,115,14.285714285714318,0.7857142857142851,1.0805297493511776,1.1425059361934362,True,scipy.optimize.linprog(method='highs'),0,Optimization terminated successfully. (HiGHS Status 7: Optimal),1.4210854715202004e-14,120,1256
4000115,discrete_map_rounding,Integer MAP rounding,116,6.555555555555557,0.8888888888888888,1.0669662957926838,1.1146521464646462,True,scipy.optimize.linprog(method='highs'),0,Optimization terminated successfully. (HiGHS Status 7: Optimal),1.4210854715202004e-14,120,1198
4000116,discrete_map_rounding,Integer MAP rounding,117,14.071428571428584,0.7857142857142855,1.1032786400107817,1.1651131530506524,True,scipy.optimize.linprog(method='highs'),0,Optimization terminated successfully. (HiGHS Status 7: Optimal),1.4210854715202004e-14,120,1194
4000117,discrete_map_rounding,Integer MAP rounding,118,13.00000000000002,0.7999999999999996,1.0599921883671888,1.144149068524069,True,scipy.optimize.linprog(method='highs'),0,Optimization terminated successfully. (HiGHS Status 7: Optimal),1.4210854715202004e-14,120,1154
4000118,discrete_map_rounding,Integer MAP rounding,119,16.47058823529413,0.764705882352941,1.0275004127136471,1.0670039497539494,True,scipy.optimize.linprog(method='highs'),0,Optimization terminated successfully. (HiGHS Status 7: Optimal),1.4210854715202004e-14,120,1160
4000119,discrete_map_rounding,Integer MAP rounding,120,23.000000000000018,0.6666666666666664,1.1115883221716565,1.1750348679098672,True,scipy.optimize.linprog(method='highs'),0,Optimization terminated successfully. (HiGHS Status 7: Optimal),1.4210854715202004e-14,120,1215
5000100,informative_monitoring,Informative monitoring,101,18.17833805185927,0.7154026414721164,1.1253083494709717,1.4052369330329464,True,scipy.optimize.linprog(method='highs'),0,Optimization terminated successfully. (HiGHS Status 7: Optimal),1.4210854715202004e-14,120,763
5000101,informative_monitoring,Informative monitoring,102,18.128440332209877,0.7198983004437757,1.1525292927268822,1.390630591468887,True,scipy.optimize.linprog(method='highs'),0,Optimization terminated successfully. (HiGHS Status 7: Optimal),1.4210854715202004e-14,120,656
5000102,informative_monitoring,Informative monitoring,103,31.41840624018221,0.5277376229481009,1.092533447899709,1.4890214506210993,True,scipy.optimize.linprog(method='highs'),0,Optimization terminated successfully. (HiGHS Status 7: Optimal),1.4210854715202004e-14,120,680
5000103,informative_monitoring,Informative monitoring,104,21.990447291422967,0.662101068048285,1.2353103242576198,1.4623703016557277,True,scipy.optimize.linprog(method='highs'),0,Optimization terminated successfully. (HiGHS Status 7: Optimal),1.4210854715202004e-14,120,644
5000104,informative_monitoring,Informative monitoring,105,13.984280940381192,0.7872533381242218,1.1547613213201242,1.2395044513806717,True,scipy.optimize.linprog(method='highs'),0,Optimization terminated successfully. (HiGHS Status 7: Optimal),2.8421709430404014e-14,120,695
5000105,informative_monitoring,Informative monitoring,106,13.902929663064311,0.7724653558516679,1.0821302934854966,1.2851021641983462,True,scipy.optimize.linprog(method='highs'),0,Optimization terminated successfully. (HiGHS Status 7: Optimal),1.4210854715202004e-14,120,670
5000106,informative_monitoring,Informative monitoring,107,17.7213002057526,0.7377419101512572,1.0591514548431418,1.1460472197487168,True,scipy.optimize.linprog(method='highs'),0,Optimization terminated successfully. (HiGHS Status 7: Optimal),1.4210854715202004e-14,120,706
5000107,informative_monitoring,Informative monitoring,108,28.07053295394564,0.5830790916664523,1.1061280605728918,1.3388086751541413,True,scipy.optimize.linprog(method='highs'),0,Optimization terminated successfully. (HiGHS Status 7: Optimal),1.4210854715202004e-14,120,661
5000108,informative_monitoring,Informative monitoring,109,14.292754170877233,0.7728952649269152,1.0396630495899453,1.2221301209404236,True,scipy.optimize.linprog(method='highs'),0,Optimization terminated successfully. (HiGHS Status 7: Optimal),1.4210854715202004e-14,120,682
5000109,informative_monitoring,Informative monitoring,110,23.344034468104237,0.6352205821218064,1.1841638172148543,1.4280369455657973,True,scipy.optimize.linprog(method='highs'),0,Optimization terminated successfully. (HiGHS Status 7: Optimal),1.4210854715202004e-14,120,748
5000110,informative_monitoring,Informative monitoring,111,8.30557956848159,0.8457655297309661,1.1190701305578792,1.355291700789714,True,scipy.optimize.linprog(method='highs'),0,Optimization terminated successfully. (HiGHS Status 7: Optimal),1.4210854715202004e-14,120,704
5000111,informative_monitoring,Informative monitoring,112,12.37541113398418,0.789541358418322,1.0539432891915592,1.2693097458884313,True,scipy.optimize.linprog(method='highs'),0,Optimization terminated successfully. (HiGHS Status 7: Optimal),1.4210854715202004e-14,120,817
5000112,informative_monitoring,Informative monitoring,113,21.48711651167303,0.6693562540792829,1.113244422800937,1.3828950212360052,True,scipy.optimize.linprog(method='highs'),0,Optimization terminated successfully. (HiGHS Status 7: Optimal),1.4210854715202004e-14,120,662
5000113,informative_monitoring,Informative monitoring,114,21.74600109158361,0.6601691634977541,1.1051842910968288,1.3963013814731713,True,scipy.optimize.linprog(method='highs'),0,Optimization terminated successfully. (HiGHS Status 7: Optimal),2.8421709430404014e-14,120,736
5000114,informative_monitoring,Informative monitoring,115,13.118636938877358,0.7846134752558589,1.052483526772539,1.2775112254598049,True,scipy.optimize.linprog(method='highs'),0,Optimization terminated successfully. (HiGHS Status 7: Optimal),1.4210854715202004e-14,120,720
5000115,informative_monitoring,Informative monitoring,116,23.052519820786763,0.6451739369522393,1.0843121255210366,1.3723048854741726,True,scipy.optimize.linprog(method='highs'),0,Optimization terminated successfully. (HiGHS Status 7: Optimal),1.4210854715202004e-14,120,663
5000116,informative_monitoring,Informative monitoring,117,19.631916899048484,0.6966761674248088,1.1342752368911029,1.3188174751969082,True,scipy.optimize.linprog(method='highs'),0,Optimization terminated successfully. (HiGHS Status 7: Optimal),1.4210854715202004e-14,120,675
5000117,informative_monitoring,Informative monitoring,118,16.65303679577378,0.7192823892474706,1.2342841846908086,1.5513853196247105,True,scipy.optimize.linprog(method='highs'),0,Optimization terminated successfully. (HiGHS Status 7: Optimal),1.4210854715202004e-14,120,724
5000118,informative_monitoring,Informative monitoring,119,17.64509291414551,0.7176526784409727,1.1556638592207151,1.4089442910802248,True,scipy.optimize.linprog(method='highs'),0,Optimization terminated successfully. (HiGHS Status 7: Optimal),1.4210854715202004e-14,120,659
5000119,informative_monitoring,Informative monitoring,120,28.353518815978177,0.569007152918962,1.1438167485091453,1.4046682887120203,True,scipy.optimize.linprog(method='highs'),0,Optimization terminated successfully. (HiGHS Status 7: Optimal),1.4210854715202004e-14,120,722
6000100,cluster_size_informative,Cluster size--level association,101,19.591632558875773,0.7074315849390327,1.090529847148117,1.2351056754346414,True,scipy.optimize.linprog(method='highs'),0,Optimization terminated successfully. (HiGHS Status 7: Optimal),1.4210854715202004e-14,120,1359
6000101,cluster_size_informative,Cluster size--level association,102,9.181597486250674,0.8695559259411199,1.0382309584195364,1.059607164977282,True,scipy.optimize.linprog(method='highs'),0,Optimization terminated successfully. (HiGHS Status 7: Optimal),2.8421709430404014e-14,120,1345
6000102,cluster_size_informative,Cluster size--level association,103,17.10221845672328,0.7456647929687955,1.1026558538509257,1.1954851059603342,True,scipy.optimize.linprog(method='highs'),0,Optimization terminated successfully. (HiGHS Status 7: Optimal),1.4210854715202004e-14,120,1247
6000103,cluster_size_informative,Cluster size--level association,104,7.546234222509618,0.8886835780004197,1.028349403027887,1.0463587394502405,True,scipy.optimize.linprog(method='highs'),0,Optimization terminated successfully. (HiGHS Status 7: Optimal),1.4210854715202004e-14,120,1417
6000104,cluster_size_informative,Cluster size--level association,105,11.235523638622102,0.8269104203122487,1.082020712804804,1.1317577140508208,True,scipy.optimize.linprog(method='highs'),0,Optimization terminated successfully. (HiGHS Status 7: Optimal),1.4210854715202004e-14,120,1443
6000105,cluster_size_informative,Cluster size--level association,106,11.463149960949275,0.8270443763060816,1.0210270403764892,1.048235942656338,True,scipy.optimize.linprog(method='highs'),0,Optimization terminated successfully. (HiGHS Status 7: Optimal),1.4210854715202004e-14,120,1434
6000106,cluster_size_informative,Cluster size--level association,107,13.738604071349734,0.7947368681882107,1.0389511174060102,1.088039087267961,True,scipy.optimize.linprog(method='highs'),0,Optimization terminated successfully. (HiGHS Status 7: Optimal),1.4210854715202004e-14,120,1419
6000107,cluster_size_informative,Cluster size--level association,108,6.682010283769039,0.9024090793110392,0.9968626150061528,1.0091300796650118,True,scipy.optimize.linprog(method='highs'),0,Optimization terminated successfully. (HiGHS Status 7: Optimal),1.4210854715202004e-14,120,1421
6000108,cluster_size_informative,Cluster size--level association,109,21.118529106773337,0.6899587023190349,1.0240495222087491,1.1079420021503197,True,scipy.optimize.linprog(method='highs'),0,Optimization terminated successfully. (HiGHS Status 7: Optimal),1.4210854715202004e-14,120,1424
6000109,cluster_size_informative,Cluster size--level association,110,9.654156922484889,0.8533881956446197,1.0540647328460904,1.075234342007183,True,scipy.optimize.linprog(method='highs'),0,Optimization terminated successfully. (HiGHS Status 7: Optimal),1.4210854715202004e-14,120,1414
6000110,cluster_size_informative,Cluster size--level association,111,13.737265915566502,0.7968118179504113,1.0234860377003343,1.066945138247022,True,scipy.optimize.linprog(method='highs'),0,Optimization terminated successfully. (HiGHS Status 7: Optimal),1.4210854715202004e-14,120,1452
6000111,cluster_size_informative,Cluster size--level association,112,17.10935439651921,0.7477741242320601,1.019795640678901,1.0891295125396827,True,scipy.optimize.linprog(method='highs'),0,Optimization terminated successfully. (HiGHS Status 7: Optimal),1.4210854715202004e-14,120,1398
6000112,cluster_size_informative,Cluster size--level association,113,9.40931495365122,0.8543519982879195,1.005189069542028,1.0525278897335637,True,scipy.optimize.linprog(method='highs'),0,Optimization terminated successfully. (HiGHS Status 7: Optimal),1.4210854715202004e-14,120,1392
6000113,cluster_size_informative,Cluster size--level association,114,17.345427715251255,0.7371879439727923,1.0680067070549624,1.16205921766338,True,scipy.optimize.linprog(method='highs'),0,Optimization terminated successfully. (HiGHS Status 7: Optimal),1.4210854715202004e-14,120,1334
6000114,cluster_size_informative,Cluster size--level association,115,10.714310129556369,0.8328939186172941,1.1218570762130249,1.1660795600231495,True,scipy.optimize.linprog(method='highs'),0,Optimization terminated successfully. (HiGHS Status 7: Optimal),1.4210854715202004e-14,120,1349
6000115,cluster_size_informative,Cluster size--level association,116,21.1238960806541,0.6915671180681562,0.9917579846044308,1.0583562903404853,True,scipy.optimize.linprog(method='highs'),0,Optimization terminated successfully. (HiGHS Status 7: Optimal),1.4210854715202004e-14,120,1401
6000116,cluster_size_informative,Cluster size--level association,117,19.38624060944808,0.7177040063481804,1.0343112349349786,1.1521436817295736,True,scipy.optimize.linprog(method='highs'),0,Optimization terminated successfully. (HiGHS Status 7: Optimal),1.4210854715202004e-14,120,1343
6000117,cluster_size_informative,Cluster size--level association,118,12.685032508299017,0.8111682296913367,1.0174474531459528,1.0509474609444058,True,scipy.optimize.linprog(method='highs'),0,Optimization terminated successfully. (HiGHS Status 7: Optimal),1.4210854715202004e-14,120,1387
6000118,cluster_size_informative,Cluster size--level association,119,13.563865666222569,0.8080434703420512,1.042691045021527,1.0669226532184648,True,scipy.optimize.linprog(method='highs'),0,Optimization terminated successfully. (HiGHS Status 7: Optimal),1.4210854715202004e-14,120,1353
6000119,cluster_size_informative,Cluster size--level association,120,14.452578421685496,0.7807325547398812,1.0581872432507482,1.1399894497025824,True,scipy.optimize.linprog(method='highs'),0,Optimization terminated successfully. (HiGHS Status 7: Optimal),1.4210854715202004e-14,120,1412
7000100,common_time_misspecified,Misspecified common time,101,11.27157143360283,0.7720621181977608,1.1418215965378076,1.7307240131742376,True,scipy.optimize.linprog(method='highs'),0,Optimization terminated successfully. (HiGHS Status 7: Optimal),1.4210854715202004e-14,120,1238
7000101,common_time_misspecified,Misspecified common time,102,8.126559756246522,0.8202565064616146,1.0726169683841127,1.7310133040852267,True,scipy.optimize.linprog(method='highs'),0,Optimization terminated successfully. (HiGHS Status 7: Optimal),1.4210854715202004e-14,120,1138
7000102,common_time_misspecified,Misspecified common time,103,6.574562470545729,0.841692178155125,1.0840590582405452,1.6009887288978415,True,scipy.optimize.linprog(method='highs'),0,Optimization terminated successfully. (HiGHS Status 7: Optimal),1.4210854715202004e-14,120,1193
7000103,common_time_misspecified,Misspecified common time,104,14.076698112601116,0.7431449435742941,1.043091118064889,1.6672343233992273,True,scipy.optimize.linprog(method='highs'),0,Optimization terminated successfully. (HiGHS Status 7: Optimal),1.4210854715202004e-14,120,1179
7000104,common_time_misspecified,Misspecified common time,105,3.9084050284295984,0.8803714098663104,1.0814026888384838,1.558274246132923,True,scipy.optimize.linprog(method='highs'),0,Optimization terminated successfully. (HiGHS Status 7: Optimal),1.4210854715202004e-14,120,1202
7000105,common_time_misspecified,Misspecified common time,106,13.335349066684792,0.7396405266536296,1.070139042258995,1.8369740211463852,True,scipy.optimize.linprog(method='highs'),0,Optimization terminated successfully. (HiGHS Status 7: Optimal),1.4210854715202004e-14,120,1197
7000106,common_time_misspecified,Misspecified common time,107,13.77876901327032,0.7433695461510816,1.1601955811360556,1.7372533461054964,True,scipy.optimize.linprog(method='highs'),0,Optimization terminated successfully. (HiGHS Status 7: Optimal),1.4210854715202004e-14,120,1170
7000107,common_time_misspecified,Misspecified common time,108,11.722995053388717,0.7787837029765771,1.010546580190054,1.553156840915442,True,scipy.optimize.linprog(method='highs'),0,Optimization terminated successfully. (HiGHS Status 7: Optimal),1.4210854715202004e-14,120,1218
7000108,common_time_misspecified,Misspecified common time,109,11.32931100782855,0.767369168230861,1.1395356269411503,1.8669662259083064,True,scipy.optimize.linprog(method='highs'),0,Optimization terminated successfully. (HiGHS Status 7: Optimal),1.4210854715202004e-14,120,1135
7000109,common_time_misspecified,Misspecified common time,110,11.705777240875715,0.7698914123992566,1.0862164418252604,1.736780877298669,True,scipy.optimize.linprog(method='highs'),0,Optimization terminated successfully. (HiGHS Status 7: Optimal),1.4210854715202004e-14,120,1221
7000110,common_time_misspecified,Misspecified common time,111,1.269116176468863,0.9046609054474268,1.1018801358016173,1.8046820474307144,True,scipy.optimize.linprog(method='highs'),0,Optimization terminated successfully. (HiGHS Status 7: Optimal),1.4210854715202004e-14,120,1156
7000111,common_time_misspecified,Misspecified common time,112,10.981114714216226,0.7721358778850422,1.048192588973348,1.773220169225158,True,scipy.optimize.linprog(method='highs'),0,Optimization terminated successfully. (HiGHS Status 7: Optimal),1.4210854715202004e-14,120,1173
7000112,common_time_misspecified,Misspecified common time,113,14.265701077686684,0.7296795452441559,1.1439541110273437,1.8917484311058044,True,scipy.optimize.linprog(method='highs'),0,Optimization terminated successfully. (HiGHS Status 7: Optimal),1.4210854715202004e-14,120,1214
7000113,common_time_misspecified,Misspecified common time,114,6.624088231517501,0.8260633506011129,1.091094387567892,1.9454720939199608,True,scipy.optimize.linprog(method='highs'),0,Optimization terminated successfully. (HiGHS Status 7: Optimal),1.4210854715202004e-14,120,1152
7000114,common_time_misspecified,Misspecified common time,115,18.161402083374234,0.6874338093884887,1.0626476769102773,1.596675579324341,True,scipy.optimize.linprog(method='highs'),0,Optimization terminated successfully. (HiGHS Status 7: Optimal),1.4210854715202004e-14,120,1199
7000115,common_time_misspecified,Misspecified common time,116,9.028910714945606,0.804220297165143,1.0696479172947226,1.7489930398501523,True,scipy.optimize.linprog(method='highs'),0,Optimization terminated successfully. (HiGHS Status 7: Optimal),1.4210854715202004e-14,120,1189
7000116,common_time_misspecified,Misspecified common time,117,12.45713063916454,0.7726169799553179,1.0352815373906927,1.5936969434290238,True,scipy.optimize.linprog(method='highs'),0,Optimization terminated successfully. (HiGHS Status 7: Optimal),1.4210854715202004e-14,120,1242
7000117,common_time_misspecified,Misspecified common time,118,9.091660679309811,0.7952562478796678,1.1279738446164134,1.830965953771532,True,scipy.optimize.linprog(method='highs'),0,Optimization terminated successfully. (HiGHS Status 7: Optimal),1.4210854715202004e-14,120,1224
7000118,common_time_misspecified,Misspecified common time,119,15.166814734064722,0.7185669737904611,1.1078017712265975,1.7765001456986989,True,scipy.optimize.linprog(method='highs'),0,Optimization terminated successfully. (HiGHS Status 7: Optimal),1.4210854715202004e-14,120,1215
7000119,common_time_misspecified,Misspecified common time,120,7.701191980003212,0.8225639083354671,1.1290023337634891,1.6733670331880963,True,scipy.optimize.linprog(method='highs'),0,Optimization terminated successfully. (HiGHS Status 7: Optimal),4.973799150320701e-14,120,1221
8000100,level_plus_shape,Persistent level plus shape,101,48.2921762844348,0.2960052211872227,1.3299428817898868,1.5922670422690208,True,scipy.optimize.linprog(method='highs'),0,Optimization terminated successfully. (HiGHS Status 7: Optimal),1.4210854715202004e-14,120,1442
8000101,level_plus_shape,Persistent level plus shape,102,49.21370087220796,0.2961334233672118,1.210957352371656,1.453824915750458,True,scipy.optimize.linprog(method='highs'),0,Optimization terminated successfully. (HiGHS Status 7: Optimal),1.4210854715202004e-14,120,1494
8000102,level_plus_shape,Persistent level plus shape,103,48.78155149518469,0.2804755759686073,1.329977329703971,1.6669085961280767,True,scipy.optimize.linprog(method='highs'),0,Optimization terminated successfully. (HiGHS Status 7: Optimal),1.4210854715202004e-14,120,1436
8000103,level_plus_shape,Persistent level plus shape,104,49.9446122913837,0.2644287330753042,1.2946426662820774,1.6272967855721672,True,scipy.optimize.linprog(method='highs'),0,Optimization terminated successfully. (HiGHS Status 7: Optimal),1.4210854715202004e-14,120,1415
8000104,level_plus_shape,Persistent level plus shape,105,57.62697254927812,0.1587365537863546,1.3041688362209187,1.614561883785088,True,scipy.optimize.linprog(method='highs'),0,Optimization terminated successfully. (HiGHS Status 7: Optimal),1.4210854715202004e-14,120,1438
8000105,level_plus_shape,Persistent level plus shape,106,51.595097255140615,0.246084635500877,1.222496174162908,1.5035820945309588,True,scipy.optimize.linprog(method='highs'),0,Optimization terminated successfully. (HiGHS Status 7: Optimal),1.4210854715202004e-14,120,1459
8000106,level_plus_shape,Persistent level plus shape,107,44.714856980789925,0.3385210706576663,1.2060452561386583,1.513836326190394,True,scipy.optimize.linprog(method='highs'),0,Optimization terminated successfully. (HiGHS Status 7: Optimal),1.4210854715202004e-14,120,1512
8000107,level_plus_shape,Persistent level plus shape,108,63.59699812074904,0.0758662622950527,1.277298947863644,1.6510700563122096,True,scipy.optimize.linprog(method='highs'),0,Optimization terminated successfully. (HiGHS Status 7: Optimal),1.4210854715202004e-14,120,1478
8000108,level_plus_shape,Persistent level plus shape,109,50.975615776199696,0.2639107175704506,1.168605684015799,1.4726202179111352,True,scipy.optimize.linprog(method='highs'),0,Optimization terminated successfully. (HiGHS Status 7: Optimal),1.4210854715202004e-14,120,1421
8000109,level_plus_shape,Persistent level plus shape,110,42.676573208037055,0.3729843620808464,1.2917137753933547,1.5236303337485708,True,scipy.optimize.linprog(method='highs'),0,Optimization terminated successfully. (HiGHS Status 7: Optimal),1.4210854715202004e-14,120,1368
8000110,level_plus_shape,Persistent level plus shape,111,56.35576794319024,0.1727294015390378,1.26156900749708,1.680203486341316,True,scipy.optimize.linprog(method='highs'),0,Optimization terminated successfully. (HiGHS Status 7: Optimal),2.8421709430404014e-14,120,1468
8000111,level_plus_shape,Persistent level plus shape,112,57.94516279760406,0.1520621368915121,1.411387475236115,1.7522371462508035,True,scipy.optimize.linprog(method='highs'),0,Optimization terminated successfully. (HiGHS Status 7: Optimal),1.4210854715202004e-14,120,1410
8000112,level_plus_shape,Persistent level plus shape,113,34.91385922169775,0.4939183698930866,1.198272483383338,1.3366036832136186,True,scipy.optimize.linprog(method='highs'),0,Optimization terminated successfully. (HiGHS Status 7: Optimal),1.4210854715202004e-14,120,1452
8000113,level_plus_shape,Persistent level plus shape,114,58.81770289943574,0.1394443756685482,1.241866724138838,1.6734626803703232,True,scipy.optimize.linprog(method='highs'),0,Optimization terminated successfully. (HiGHS Status 7: Optimal),1.4210854715202004e-14,120,1472
8000114,level_plus_shape,Persistent level plus shape,115,51.10637793606536,0.2539647565943212,1.2458250898296863,1.5854861431498362,True,scipy.optimize.linprog(method='highs'),0,Optimization terminated successfully. (HiGHS Status 7: Optimal),1.4210854715202004e-14,120,1472
8000115,level_plus_shape,Persistent level plus shape,116,56.80833002811726,0.1672377330180987,1.2873542915978229,1.7452808649668692,True,scipy.optimize.linprog(method='highs'),0,Optimization terminated successfully. (HiGHS Status 7: Optimal),2.8421709430404014e-14,120,1450
8000116,level_plus_shape,Persistent level plus shape,117,53.18611147014892,0.2251596131198099,1.2490484652423732,1.5779506262063083,True,scipy.optimize.linprog(method='highs'),0,Optimization terminated successfully. (HiGHS Status 7: Optimal),1.4210854715202004e-14,120,1455
8000117,level_plus_shape,Persistent level plus shape,118,35.53410178058868,0.4753016932508743,1.2421515946848978,1.437183602862163,True,scipy.optimize.linprog(method='highs'),0,Optimization terminated successfully. (HiGHS Status 7: Optimal),1.4210854715202004e-14,120,1451
8000118,level_plus_shape,Persistent level plus shape,119,59.048523562005485,0.1487017520899454,1.303390053585844,1.5805997592839165,True,scipy.optimize.linprog(method='highs'),0,Optimization terminated successfully. (HiGHS Status 7: Optimal),2.8421709430404014e-14,120,1441
8000119,level_plus_shape,Persistent level plus shape,120,54.78673159131367,0.2113197887241017,1.1871412702019144,1.5023285226092724,True,scipy.optimize.linprog(method='highs'),0,Optimization terminated successfully. (HiGHS Status 7: Optimal),1.4210854715202004e-14,120,1443
9000100,treatment_feedback,Treatment feedback,101,30.962137188363396,0.56272210183524,1.1415569076710337,1.2408334675123334,True,scipy.optimize.linprog(method='highs'),0,Optimization terminated successfully. (HiGHS Status 7: Optimal),1.4210854715202004e-14,120,1237
9000101,treatment_feedback,Treatment feedback,102,24.746967858704704,0.6479027220027201,1.0990116412610944,1.148571914348989,True,scipy.optimize.linprog(method='highs'),0,Optimization terminated successfully. (HiGHS Status 7: Optimal),1.4210854715202004e-14,120,1192
9000102,treatment_feedback,Treatment feedback,103,28.96284193595658,0.5940249001079875,1.1317129472859553,1.22108311321254,True,scipy.optimize.linprog(method='highs'),0,Optimization terminated successfully. (HiGHS Status 7: Optimal),1.4210854715202004e-14,120,1214
9000103,treatment_feedback,Treatment feedback,104,20.52902098522068,0.70364196021063,1.149111260179993,1.2027984430980876,True,scipy.optimize.linprog(method='highs'),0,Optimization terminated successfully. (HiGHS Status 7: Optimal),1.4210854715202004e-14,120,1214
9000104,treatment_feedback,Treatment feedback,105,18.73826944341125,0.7331227175911703,1.06663522165484,1.144494520341932,True,scipy.optimize.linprog(method='highs'),0,Optimization terminated successfully. (HiGHS Status 7: Optimal),1.4210854715202004e-14,120,1202
9000105,treatment_feedback,Treatment feedback,106,23.925014204500364,0.6572609982849437,1.1158599008396275,1.1865013259162347,True,scipy.optimize.linprog(method='highs'),0,Optimization terminated successfully. (HiGHS Status 7: Optimal),1.4210854715202004e-14,120,1212
9000106,treatment_feedback,Treatment feedback,107,22.58906362767511,0.6883251807310012,1.0411169452747169,1.1410143886097508,True,scipy.optimize.linprog(method='highs'),0,Optimization terminated successfully. (HiGHS Status 7: Optimal),1.4210854715202004e-14,120,1162
9000107,treatment_feedback,Treatment feedback,108,26.939673934140693,0.6303509538037765,1.0357175110224992,1.1162837700842223,True,scipy.optimize.linprog(method='highs'),0,Optimization terminated successfully. (HiGHS Status 7: Optimal),1.4210854715202004e-14,120,1226
9000108,treatment_feedback,Treatment feedback,109,27.455639805074192,0.6230470778064082,1.1053491510436186,1.177179359137172,True,scipy.optimize.linprog(method='highs'),0,Optimization terminated successfully. (HiGHS Status 7: Optimal),1.4210854715202004e-14,120,1197
9000109,treatment_feedback,Treatment feedback,110,27.77372012563032,0.6082635296311157,1.0776631019480407,1.1376094650415691,True,scipy.optimize.linprog(method='highs'),0,Optimization terminated successfully. (HiGHS Status 7: Optimal),1.4210854715202004e-14,120,1196
9000110,treatment_feedback,Treatment feedback,111,15.843483548940528,0.7763777384333707,1.073005518303911,1.1077946060901418,True,scipy.optimize.linprog(method='highs'),0,Optimization terminated successfully. (HiGHS Status 7: Optimal),1.4210854715202004e-14,120,1203
9000111,treatment_feedback,Treatment feedback,112,34.97176429711552,0.5069695677173329,1.0834740966756755,1.220143278250895,True,scipy.optimize.linprog(method='highs'),0,Optimization terminated successfully. (HiGHS Status 7: Optimal),1.4210854715202004e-14,120,1179
9000112,treatment_feedback,Treatment feedback,113,29.338369696252503,0.590219024147273,1.0830858843222697,1.2109018285945243,True,scipy.optimize.linprog(method='highs'),0,Optimization terminated successfully. (HiGHS Status 7: Optimal),1.4210854715202004e-14,120,1167
9000113,treatment_feedback,Treatment feedback,114,29.337761783421094,0.5860191740538849,1.0578119303447842,1.1629121009406826,True,scipy.optimize.linprog(method='highs'),0,Optimization terminated successfully. (HiGHS Status 7: Optimal),1.4210854715202004e-14,120,1150
9000114,treatment_feedback,Treatment feedback,115,24.66775876334584,0.6534909127439723,1.0646457795255784,1.15051045237382,True,scipy.optimize.linprog(method='highs'),0,Optimization terminated successfully. (HiGHS Status 7: Optimal),1.4210854715202004e-14,120,1211
9000115,treatment_feedback,Treatment feedback,116,24.84778381489357,0.6492818238528304,1.1200674567277802,1.20435667823554,True,scipy.optimize.linprog(method='highs'),0,Optimization terminated successfully. (HiGHS Status 7: Optimal),1.4210854715202004e-14,120,1170
9000116,treatment_feedback,Treatment feedback,117,26.10643454657804,0.6327977864880852,1.1110118087309564,1.1916135446656269,True,scipy.optimize.linprog(method='highs'),0,Optimization terminated successfully. (HiGHS Status 7: Optimal),1.4210854715202004e-14,120,1174
9000117,treatment_feedback,Treatment feedback,118,24.84498770206936,0.6461545504980374,1.08789191410408,1.1651504568696114,True,scipy.optimize.linprog(method='highs'),0,Optimization terminated successfully. (HiGHS Status 7: Optimal),1.4210854715202004e-14,120,1187
9000118,treatment_feedback,Treatment feedback,119,34.12222191568174,0.518448245335457,1.1124579716345606,1.2574054036861824,True,scipy.optimize.linprog(method='highs'),0,Optimization terminated successfully. (HiGHS Status 7: Optimal),1.4210854715202004e-14,120,1158
9000119,treatment_feedback,Treatment feedback,120,35.52188655168678,0.4975069787042509,1.0885292778527695,1.18541504651131,True,scipy.optimize.linprog(method='highs'),0,Optimization terminated successfully. (HiGHS Status 7: Optimal),1.4210854715202004e-14,120,1175
10000100,transient_nonpersistent,Transient non-persistence,101,65.5572472002871,0.0766007301342121,1.0276774279114185,1.911213741838524,True,scipy.optimize.linprog(method='highs'),0,Optimization terminated successfully. (HiGHS Status 7: Optimal),1.4210854715202004e-14,120,1200
10000101,transient_nonpersistent,Transient non-persistence,102,57.42678729175443,0.1920041836943075,1.046334129162072,1.6378280361467716,True,scipy.optimize.linprog(method='highs'),0,Optimization terminated successfully. (HiGHS Status 7: Optimal),1.4210854715202004e-14,120,1192
10000102,transient_nonpersistent,Transient non-persistence,103,65.79123856744263,0.0794569248032875,1.0011307842150683,1.9832482348886555,True,scipy.optimize.linprog(method='highs'),0,Optimization terminated successfully. (HiGHS Status 7: Optimal),2.8421709430404014e-14,120,1176
10000103,transient_nonpersistent,Transient non-persistence,104,67.23818172810641,0.054610824302209,1.0063804923702386,2.0200264509495938,True,scipy.optimize.linprog(method='highs'),0,Optimization terminated successfully. (HiGHS Status 7: Optimal),1.4210854715202004e-14,120,1242
10000104,transient_nonpersistent,Transient non-persistence,105,65.45399334667657,0.0809549766403876,1.0137517975032095,1.9996846490580944,True,scipy.optimize.linprog(method='highs'),0,Optimization terminated successfully. (HiGHS Status 7: Optimal),1.4210854715202004e-14,120,1183
10000105,transient_nonpersistent,Transient non-persistence,106,62.16152278878192,0.1249191100690315,1.061594653258212,1.8024047700599883,True,scipy.optimize.linprog(method='highs'),0,Optimization terminated successfully. (HiGHS Status 7: Optimal),1.4210854715202004e-14,120,1213
10000106,transient_nonpersistent,Transient non-persistence,107,61.49877409070109,0.1196849887892833,1.1070411113470964,1.8415687130301956,True,scipy.optimize.linprog(method='highs'),0,Optimization terminated successfully. (HiGHS Status 7: Optimal),1.4210854715202004e-14,120,1152
10000107,transient_nonpersistent,Transient non-persistence,108,58.86264271739125,0.1703697250397747,1.0635133623482302,1.6588665409167151,True,scipy.optimize.linprog(method='highs'),0,Optimization terminated successfully. (HiGHS Status 7: Optimal),1.4210854715202004e-14,120,1199
10000108,transient_nonpersistent,Transient non-persistence,109,69.76040493596214,0.0204766466390934,1.0444465542532302,1.7916131966672166,True,scipy.optimize.linprog(method='highs'),0,Optimization terminated successfully. (HiGHS Status 7: Optimal),1.4210854715202004e-14,120,1248
10000109,transient_nonpersistent,Transient non-persistence,110,62.705654694721645,0.1156554914816035,1.0020285774213449,1.7680545186013044,True,scipy.optimize.linprog(method='highs'),0,Optimization terminated successfully. (HiGHS Status 7: Optimal),1.4210854715202004e-14,120,1159
10000110,transient_nonpersistent,Transient non-persistence,111,68.48658913851662,0.0407797987948018,1.0197330249174534,1.9520703516159907,True,scipy.optimize.linprog(method='highs'),0,Optimization terminated successfully. (HiGHS Status 7: Optimal),1.4210854715202004e-14,120,1238
10000111,transient_nonpersistent,Transient non-persistence,112,60.40256056433539,0.1401375851919345,1.0320472487394483,2.1287695808154705,True,scipy.optimize.linprog(method='highs'),0,Optimization terminated successfully. (HiGHS Status 7: Optimal),1.4210854715202004e-14,120,1181
10000112,transient_nonpersistent,Transient non-persistence,113,60.343144819199374,0.1548695767937946,1.0119714190007438,1.7048354068312763,True,scipy.optimize.linprog(method='highs'),0,Optimization terminated successfully. (HiGHS Status 7: Optimal),1.4210854715202004e-14,120,1223
10000113,transient_nonpersistent,Transient non-persistence,114,58.13059712323953,0.1763824195509231,1.061068418750699,1.7033852910114968,True,scipy.optimize.linprog(method='highs'),0,Optimization terminated successfully. (HiGHS Status 7: Optimal),1.4210854715202004e-14,120,1189
10000114,transient_nonpersistent,Transient non-persistence,115,57.74278270388351,0.1873721946001211,1.0110984993093777,1.5534388230796714,True,scipy.optimize.linprog(method='highs'),0,Optimization terminated successfully. (HiGHS Status 7: Optimal),1.4210854715202004e-14,120,1216
10000115,transient_nonpersistent,Transient non-persistence,116,62.66684590893067,0.1212190790222597,1.0197837287066476,1.7052193959135815,True,scipy.optimize.linprog(method='highs'),0,Optimization terminated successfully. (HiGHS Status 7: Optimal),1.4210854715202004e-14,120,1255
10000116,transient_nonpersistent,Transient non-persistence,117,67.24166161029343,0.0503099799972849,1.0283913793186648,1.9671628515152115,True,scipy.optimize.linprog(method='highs'),0,Optimization terminated successfully. (HiGHS Status 7: Optimal),1.4210854715202004e-14,120,1258
10000117,transient_nonpersistent,Transient non-persistence,118,66.9926757059342,0.0557148600335618,1.0354562453744092,1.846016845833504,True,scipy.optimize.linprog(method='highs'),0,Optimization terminated successfully. (HiGHS Status 7: Optimal),1.4210854715202004e-14,120,1263
10000118,transient_nonpersistent,Transient non-persistence,119,72.01902238973703,-0.0145167173928364,1.070289555732182,2.002002482376801,True,scipy.optimize.linprog(method='highs'),0,Optimization terminated successfully. (HiGHS Status 7: Optimal),1.4210854715202004e-14,120,1212
10000119,transient_nonpersistent,Transient non-persistence,120,69.70274696841743,0.0138837572305485,0.9803933524445784,1.924196892218008,True,scipy.optimize.linprog(method='highs'),0,Optimization terminated successfully. (HiGHS Status 7: Optimal),1.4210854715202004e-14,120,1196
120,ideal_large_dense,"Ideal: large, dense",121,14.049345299235764,0.7998802075717811,1.084093172100475,1.1178758000079754,True,scipy.optimize.linprog(method='highs'),0,Optimization terminated successfully. (HiGHS Status 7: Optimal),2.8421709430404014e-14,120,1418
121,ideal_large_dense,"Ideal: large, dense",122,9.931793380438393,0.8556987183797059,1.1239228833252568,1.1407168711997764,True,scipy.optimize.linprog(method='highs'),0,Optimization terminated successfully. (HiGHS Status 7: Optimal),1.4210854715202004e-14,120,1437
122,ideal_large_dense,"Ideal: large, dense",123,0.9857718385063318,0.9838105160197552,1.0701459434556362,1.070789256817184,True,scipy.optimize.linprog(method='highs'),0,Optimization terminated successfully. (HiGHS Status 7: Optimal),1.4210854715202004e-14,120,1414
123,ideal_large_dense,"Ideal: large, dense",124,13.808576230836923,0.7911420518331028,1.062020506530125,1.1139890489902595,True,scipy.optimize.linprog(method='highs'),0,Optimization terminated successfully. (HiGHS Status 7: Optimal),2.8421709430404014e-14,120,1464
124,ideal_large_dense,"Ideal: large, dense",125,7.82786515968338,0.87157812295356,1.0861150725084754,1.1323950122031137,True,scipy.optimize.linprog(method='highs'),0,Optimization terminated successfully. (HiGHS Status 7: Optimal),1.4210854715202004e-14,120,1434
125,ideal_large_dense,"Ideal: large, dense",126,13.04755292561707,0.8139127031683352,1.058305928904704,1.0823875072545976,True,scipy.optimize.linprog(method='highs'),0,Optimization terminated successfully. (HiGHS Status 7: Optimal),1.4210854715202004e-14,120,1476
126,ideal_large_dense,"Ideal: large, dense",127,14.44580073227682,0.7957892170674179,1.019870996579039,1.0445946343355688,True,scipy.optimize.linprog(method='highs'),0,Optimization terminated successfully. (HiGHS Status 7: Optimal),1.4210854715202004e-14,120,1430
127,ideal_large_dense,"Ideal: large, dense",128,6.959693085894941,0.8876325192552239,1.088451000675153,1.122629585518481,True,scipy.optimize.linprog(method='highs'),0,Optimization terminated successfully. (HiGHS Status 7: Optimal),1.4210854715202004e-14,120,1472
128,ideal_large_dense,"Ideal: large, dense",129,14.52638040810045,0.7902686054892479,1.0019405448517036,1.0433607704741985,True,scipy.optimize.linprog(method='highs'),0,Optimization terminated successfully. (HiGHS Status 7: Optimal),1.4210854715202004e-14,120,1461
129,ideal_large_dense,"Ideal: large, dense",130,18.26452693928868,0.7257336809864391,1.0891550683046944,1.138823947171424,True,scipy.optimize.linprog(method='highs'),0,Optimization terminated successfully. (HiGHS Status 7: Optimal),1.4210854715202004e-14,120,1513
130,ideal_large_dense,"Ideal: large, dense",131,8.790143942022222,0.8652639339752212,1.0465346401490654,1.0719448762489852,True,scipy.optimize.linprog(method='highs'),0,Optimization terminated successfully. (HiGHS Status 7: Optimal),1.4210854715202004e-14,120,1447
131,ideal_large_dense,"Ideal: large, dense",132,7.405848650023486,0.8831456315620818,1.099833336059798,1.119374964069754,True,scipy.optimize.linprog(method='highs'),0,Optimization terminated successfully. (HiGHS Status 7: Optimal),1.4210854715202004e-14,120,1402
132,ideal_large_dense,"Ideal: large, dense",133,13.875968305414816,0.8005513532639053,1.0125510485429887,1.0487093187811811,True,scipy.optimize.linprog(method='highs'),0,Optimization terminated successfully. (HiGHS Status 7: Optimal),1.4210854715202004e-14,120,1420
133,ideal_large_dense,"Ideal: large, dense",134,13.074387252645394,0.8159889727827677,1.032072655446729,1.0533969091560909,True,scipy.optimize.linprog(method='highs'),0,Optimization terminated successfully. (HiGHS Status 7: Optimal),1.4210854715202004e-14,120,1438
134,ideal_large_dense,"Ideal: large, dense",135,10.572558630210978,0.8375872229740249,1.083020501168081,1.1080969724791885,True,scipy.optimize.linprog(method='highs'),0,Optimization terminated successfully. (HiGHS Status 7: Optimal),1.4210854715202004e-14,120,1453
135,ideal_large_dense,"Ideal: large, dense",136,6.171960313489759,0.9003197146799577,1.0235220317211844,1.0490551894669269,True,scipy.optimize.linprog(method='highs'),0,Optimization terminated successfully. (HiGHS Status 7: Optimal),2.8421709430404014e-14,120,1450
136,ideal_large_dense,"Ideal: large, dense",137,10.570284594521093,0.834138534369793,1.0930176359904131,1.1420604711165954,True,scipy.optimize.linprog(method='highs'),0,Optimization terminated successfully. (HiGHS Status 7: Optimal),2.8421709430404014e-14,120,1464
137,ideal_large_dense,"Ideal: large, dense",138,14.40667587045673,0.788427654096213,1.020642727281266,1.0535007750901615,True,scipy.optimize.linprog(method='highs'),0,Optimization terminated successfully. (HiGHS Status 7: Optimal),1.4210854715202004e-14,120,1396
138,ideal_large_dense,"Ideal: large, dense",139,12.321250172027687,0.8295251535171706,1.0346006619545154,1.0635504463448715,True,scipy.optimize.linprog(method='highs'),0,Optimization terminated successfully. (HiGHS Status 7: Optimal),2.8421709430404014e-14,120,1422
139,ideal_large_dense,"Ideal: large, dense",140,5.472081017227545,0.910171281419188,1.026180872758136,1.050818788842114,True,scipy.optimize.linprog(method='highs'),0,Optimization terminated successfully. (HiGHS Status 7: Optimal),2.8421709430404014e-14,120,1447
1000120,ideal_small_dense,"Ideal: small, dense",121,16.203098472438555,0.7604283945050967,1.00828551491838,1.055800863047187,True,scipy.optimize.linprog(method='highs'),0,Optimization terminated successfully. (HiGHS Status 7: Optimal),1.4210854715202004e-14,48,571
1000121,ideal_small_dense,"Ideal: small, dense",122,11.07808333207867,0.8317561823991331,1.0910694678624078,1.1218212859542516,True,scipy.optimize.linprog(method='highs'),0,Optimization terminated successfully. (HiGHS Status 7: Optimal),1.4210854715202004e-14,48,589
1000122,ideal_small_dense,"Ideal: small, dense",123,7.996141524688111,0.880326317138743,1.0483871050397169,1.0794705003467535,True,scipy.optimize.linprog(method='highs'),0,Optimization terminated successfully. (HiGHS Status 7: Optimal),1.4210854715202004e-14,48,598
1000123,ideal_small_dense,"Ideal: small, dense",124,13.571911452023976,0.8086105089479676,1.009539604907134,1.039390016433182,True,scipy.optimize.linprog(method='highs'),0,Optimization terminated successfully. (HiGHS Status 7: Optimal),1.4210854715202004e-14,48,567
1000124,ideal_small_dense,"Ideal: small, dense",125,14.03700088462027,0.7913809123840388,1.0390673403409254,1.071026850311136,True,scipy.optimize.linprog(method='highs'),0,Optimization terminated successfully. (HiGHS Status 7: Optimal),1.4210854715202004e-14,48,619
1000125,ideal_small_dense,"Ideal: small, dense",126,8.020073391154067,0.8808811556009721,1.0229975195756082,1.0450750072986597,True,scipy.optimize.linprog(method='highs'),0,Optimization terminated successfully. (HiGHS Status 7: Optimal),1.4210854715202004e-14,48,577
1000126,ideal_small_dense,"Ideal: small, dense",127,4.82840847356489,0.929937268082798,1.09966262189354,1.106233700348482,True,scipy.optimize.linprog(method='highs'),0,Optimization terminated successfully. (HiGHS Status 7: Optimal),2.8421709430404014e-14,48,569
1000127,ideal_small_dense,"Ideal: small, dense",128,20.80941632507988,0.6967259677972418,1.0197514063966258,1.0959516998111305,True,scipy.optimize.linprog(method='highs'),0,Optimization terminated successfully. (HiGHS Status 7: Optimal),2.8421709430404014e-14,48,567
1000128,ideal_small_dense,"Ideal: small, dense",129,16.787685108510573,0.7505849301662512,1.0284444184122152,1.0987438299057963,True,scipy.optimize.linprog(method='highs'),0,Optimization terminated successfully. (HiGHS Status 7: Optimal),4.263256414560601e-14,48,569
1000129,ideal_small_dense,"Ideal: small, dense",130,6.7544602452545845,0.8798661647522454,1.078966302982561,1.1377765657570922,True,scipy.optimize.linprog(method='highs'),0,Optimization terminated successfully. (HiGHS Status 7: Optimal),1.4210854715202004e-14,48,572
1000130,ideal_small_dense,"Ideal: small, dense",131,5.80442880485451,0.9121733305027452,0.9756619332084278,0.9877462183087417,True,scipy.optimize.linprog(method='highs'),0,Optimization terminated successfully. (HiGHS Status 7: Optimal),1.4210854715202004e-14,48,571
1000131,ideal_small_dense,"Ideal: small, dense",132,11.633589355724126,0.8260108030467797,1.1182654994094527,1.1649413154037338,True,scipy.optimize.linprog(method='highs'),0,Optimization terminated successfully. (HiGHS Status 7: Optimal),2.8421709430404014e-14,48,583
1000132,ideal_small_dense,"Ideal: small, dense",133,10.14478168353277,0.8334500392529188,1.0643288388270833,1.1226088814467252,True,scipy.optimize.linprog(method='highs'),0,Optimization terminated successfully. (HiGHS Status 7: Optimal),1.4210854715202004e-14,48,566
1000133,ideal_small_dense,"Ideal: small, dense",134,25.27626190775981,0.6314427476541516,1.0621647788583668,1.1402858980363586,True,scipy.optimize.linprog(method='highs'),0,Optimization terminated successfully. (HiGHS Status 7: Optimal),1.4210854715202004e-14,48,573
1000134,ideal_small_dense,"Ideal: small, dense",135,18.93607441405894,0.7115350305319592,1.1068559679800591,1.1835275157389946,True,scipy.optimize.linprog(method='highs'),0,Optimization terminated successfully. (HiGHS Status 7: Optimal),1.4210854715202004e-14,48,564
1000135,ideal_small_dense,"Ideal: small, dense",136,14.935965937974146,0.7798749852390262,1.0867092543298145,1.131269805698597,True,scipy.optimize.linprog(method='highs'),0,Optimization terminated successfully. (HiGHS Status 7: Optimal),1.4210854715202004e-14,48,590
1000136,ideal_small_dense,"Ideal: small, dense",137,20.02702057535532,0.7082742309764093,1.04300480846907,1.1232527451413208,True,scipy.optimize.linprog(method='highs'),0,Optimization terminated successfully. (HiGHS Status 7: Optimal),2.8421709430404014e-14,48,582
1000137,ideal_small_dense,"Ideal: small, dense",138,11.236879955721696,0.8341835318324969,1.1179387606228168,1.1448754574270177,True,scipy.optimize.linprog(method='highs'),0,Optimization terminated successfully. (HiGHS Status 7: Optimal),1.4210854715202004e-14,48,578
1000138,ideal_small_dense,"Ideal: small, dense",139,15.30415053944109,0.7771444473888016,0.9930959906022008,1.0222936696098672,True,scipy.optimize.linprog(method='highs'),0,Optimization terminated successfully. (HiGHS Status 7: Optimal),2.8421709430404014e-14,48,569
1000139,ideal_small_dense,"Ideal: small, dense",140,18.481766402771505,0.7329498412847442,1.0696612664984464,1.104488232980201,True,scipy.optimize.linprog(method='highs'),0,Optimization terminated successfully. (HiGHS Status 7: Optimal),1.4210854715202004e-14,48,606
2000120,ideal_large_sparse,"Ideal: large, sparse",121,16.586639196679066,0.721336022127695,1.1763509970299968,1.5743005464880455,True,scipy.optimize.linprog(method='highs'),0,Optimization terminated successfully. (HiGHS Status 7: Optimal),2.8421709430404014e-14,120,724
2000121,ideal_large_sparse,"Ideal: large, sparse",122,16.86439932697953,0.7330734323325777,1.0789029974318345,1.284991033410826,True,scipy.optimize.linprog(method='highs'),0,Optimization terminated successfully. (HiGHS Status 7: Optimal),1.4210854715202004e-14,120,730
2000122,ideal_large_sparse,"Ideal: large, sparse",123,19.08791853187769,0.6929667948459167,1.107302948841989,1.4352277187508782,True,scipy.optimize.linprog(method='highs'),0,Optimization terminated successfully. (HiGHS Status 7: Optimal),1.4210854715202004e-14,120,724
2000123,ideal_large_sparse,"Ideal: large, sparse",124,16.150577327325333,0.734834012930859,1.2552463753197758,1.4830626714394315,True,scipy.optimize.linprog(method='highs'),0,Optimization terminated successfully. (HiGHS Status 7: Optimal),1.4210854715202004e-14,120,714
2000124,ideal_large_sparse,"Ideal: large, sparse",125,16.459845508169536,0.7320162138516081,1.114641015936445,1.4254430636764155,True,scipy.optimize.linprog(method='highs'),0,Optimization terminated successfully. (HiGHS Status 7: Optimal),1.4210854715202004e-14,120,725
2000125,ideal_large_sparse,"Ideal: large, sparse",126,15.587448519258327,0.7427289669601295,1.1704106952425013,1.3741853804967428,True,scipy.optimize.linprog(method='highs'),0,Optimization terminated successfully. (HiGHS Status 7: Optimal),1.4210854715202004e-14,120,729
2000126,ideal_large_sparse,"Ideal: large, sparse",127,25.39233124898776,0.6018726021167611,1.14723117536215,1.6071596424142398,True,scipy.optimize.linprog(method='highs'),0,Optimization terminated successfully. (HiGHS Status 7: Optimal),2.8421709430404014e-14,120,707
2000127,ideal_large_sparse,"Ideal: large, sparse",128,25.21914370896517,0.6135127742736377,1.0648256470236288,1.4970446874908616,True,scipy.optimize.linprog(method='highs'),0,Optimization terminated successfully. (HiGHS Status 7: Optimal),1.4210854715202004e-14,120,729
2000128,ideal_large_sparse,"Ideal: large, sparse",129,23.294653096499022,0.6411601485636975,1.106502863896472,1.456378557950914,True,scipy.optimize.linprog(method='highs'),0,Optimization terminated successfully. (HiGHS Status 7: Optimal),1.4210854715202004e-14,120,742
2000129,ideal_large_sparse,"Ideal: large, sparse",130,22.008014178003904,0.6601291652128098,1.069229501231043,1.3944562627388748,True,scipy.optimize.linprog(method='highs'),0,Optimization terminated successfully. (HiGHS Status 7: Optimal),1.4210854715202004e-14,120,722
2000130,ideal_large_sparse,"Ideal: large, sparse",131,21.630440822920995,0.6550923053443661,1.2033341171647167,1.5033366682427232,True,scipy.optimize.linprog(method='highs'),0,Optimization terminated successfully. (HiGHS Status 7: Optimal),1.4210854715202004e-14,120,728
2000131,ideal_large_sparse,"Ideal: large, sparse",132,19.43868203461808,0.6868853739083602,1.167163019856989,1.5096538931127446,True,scipy.optimize.linprog(method='highs'),0,Optimization terminated successfully. (HiGHS Status 7: Optimal),1.4210854715202004e-14,120,722
2000132,ideal_large_sparse,"Ideal: large, sparse",133,20.58571750643216,0.6628397131781475,1.2009064368264533,1.6421646629308209,True,scipy.optimize.linprog(method='highs'),0,Optimization terminated successfully. (HiGHS Status 7: Optimal),1.4210854715202004e-14,120,678
2000133,ideal_large_sparse,"Ideal: large, sparse",134,31.08004482394004,0.5325918041212172,1.2284998576222663,1.6487516566170524,True,scipy.optimize.linprog(method='highs'),0,Optimization terminated successfully. (HiGHS Status 7: Optimal),1.4210854715202004e-14,120,719
2000134,ideal_large_sparse,"Ideal: large, sparse",135,24.945661065651286,0.6098302022827261,1.0958024672918474,1.5029343113786275,True,scipy.optimize.linprog(method='highs'),0,Optimization terminated successfully. (HiGHS Status 7: Optimal),1.4210854715202004e-14,120,693
2000135,ideal_large_sparse,"Ideal: large, sparse",136,23.897986526680228,0.6388036521575073,1.119062682387045,1.4004412329758311,True,scipy.optimize.linprog(method='highs'),0,Optimization terminated successfully. (HiGHS Status 7: Optimal),1.4210854715202004e-14,120,719
2000136,ideal_large_sparse,"Ideal: large, sparse",137,25.55088664146978,0.6107069604814221,1.1104212182192907,1.5007109997923471,True,scipy.optimize.linprog(method='highs'),0,Optimization terminated successfully. (HiGHS Status 7: Optimal),2.8421709430404014e-14,120,712
2000137,ideal_large_sparse,"Ideal: large, sparse",138,22.71143495149224,0.6434011579564853,1.2023561832758598,1.5872223985220006,True,scipy.optimize.linprog(method='highs'),0,Optimization terminated successfully. (HiGHS Status 7: Optimal),1.4210854715202004e-14,120,679
2000138,ideal_large_sparse,"Ideal: large, sparse",139,14.044166394960005,0.7604536968800581,1.037560294049804,1.2987592946576036,True,scipy.optimize.linprog(method='highs'),0,Optimization terminated successfully. (HiGHS Status 7: Optimal),1.4210854715202004e-14,120,718
2000139,ideal_large_sparse,"Ideal: large, sparse",140,20.800326940944863,0.6616644714830199,1.1413588273421789,1.5046751114475987,True,scipy.optimize.linprog(method='highs'),0,Optimization terminated successfully. (HiGHS Status 7: Optimal),1.4210854715202004e-14,120,715
3000120,serial_dependence,Serial dependence,121,18.87874410520163,0.7122846141281562,1.064461765844433,1.2514498246915051,True,scipy.optimize.linprog(method='highs'),0,Optimization terminated successfully. (HiGHS Status 7: Optimal),1.4210854715202004e-14,120,1147
3000121,serial_dependence,Serial dependence,122,10.262092156490256,0.824962527296729,1.1092789720862617,1.2180762448886706,True,scipy.optimize.linprog(method='highs'),0,Optimization terminated successfully. (HiGHS Status 7: Optimal),1.4210854715202004e-14,120,1222
3000122,serial_dependence,Serial dependence,123,16.97221042337909,0.7343474467768201,1.0898902622858435,1.1999827571035149,True,scipy.optimize.linprog(method='highs'),0,Optimization terminated successfully. (HiGHS Status 7: Optimal),1.4210854715202004e-14,120,1195
3000123,serial_dependence,Serial dependence,124,8.98372916147121,0.8541298779262778,1.0709144133417168,1.130849923583557,True,scipy.optimize.linprog(method='highs'),0,Optimization terminated successfully. (HiGHS Status 7: Optimal),1.4210854715202004e-14,120,1229
3000124,serial_dependence,Serial dependence,125,6.784505269821878,0.8776867253798073,1.1276776975829288,1.2057452703682434,True,scipy.optimize.linprog(method='highs'),0,Optimization terminated successfully. (HiGHS Status 7: Optimal),1.4210854715202004e-14,120,1236
3000125,serial_dependence,Serial dependence,126,16.479254928220413,0.747001631437983,1.0826552863272958,1.1873056049314958,True,scipy.optimize.linprog(method='highs'),0,Optimization terminated successfully. (HiGHS Status 7: Optimal),1.4210854715202004e-14,120,1201
3000126,serial_dependence,Serial dependence,127,9.21961016942727,0.839159776104393,1.1658237051312257,1.2654838354507991,True,scipy.optimize.linprog(method='highs'),0,Optimization terminated successfully. (HiGHS Status 7: Optimal),1.4210854715202004e-14,120,1183
3000127,serial_dependence,Serial dependence,128,17.774166899227584,0.7240556557661397,1.0575515991057294,1.1870395905289235,True,scipy.optimize.linprog(method='highs'),0,Optimization terminated successfully. (HiGHS Status 7: Optimal),2.8421709430404014e-14,120,1221
3000128,serial_dependence,Serial dependence,129,11.825633411146548,0.8097221644976212,1.078303006873809,1.171123559128247,True,scipy.optimize.linprog(method='highs'),0,Optimization terminated successfully. (HiGHS Status 7: Optimal),1.4210854715202004e-14,120,1190
3000129,serial_dependence,Serial dependence,130,20.8966980303409,0.6772462384877357,1.1024937268310049,1.2761772540741916,True,scipy.optimize.linprog(method='highs'),0,Optimization terminated successfully. (HiGHS Status 7: Optimal),1.4210854715202004e-14,120,1228
3000130,serial_dependence,Serial dependence,131,12.235025743348707,0.7978803446485363,1.1092794636468215,1.2566187698007725,True,scipy.optimize.linprog(method='highs'),0,Optimization terminated successfully. (HiGHS Status 7: Optimal),1.4210854715202004e-14,120,1175
3000131,serial_dependence,Serial dependence,132,14.773738567441544,0.7669025914347616,1.0899292681183628,1.2468643595625486,True,scipy.optimize.linprog(method='highs'),0,Optimization terminated successfully. (HiGHS Status 7: Optimal),1.4210854715202004e-14,120,1186
3000132,serial_dependence,Serial dependence,133,21.341728135841127,0.691398344930193,1.080482276302715,1.1508868686515534,True,scipy.optimize.linprog(method='highs'),0,Optimization terminated successfully. (HiGHS Status 7: Optimal),1.4210854715202004e-14,120,1225
3000133,serial_dependence,Serial dependence,134,18.82262110077232,0.7100335145411419,1.1567983468496714,1.320200239157152,True,scipy.optimize.linprog(method='highs'),0,Optimization terminated successfully. (HiGHS Status 7: Optimal),1.4210854715202004e-14,120,1170
3000134,serial_dependence,Serial dependence,135,18.67401264104073,0.7194919415190862,1.1454095663100266,1.2750106206354876,True,scipy.optimize.linprog(method='highs'),0,Optimization terminated successfully. (HiGHS Status 7: Optimal),1.4210854715202004e-14,120,1248
3000135,serial_dependence,Serial dependence,136,12.078789156330515,0.8073221257297329,1.060894248259982,1.1345901079140628,True,scipy.optimize.linprog(method='highs'),0,Optimization terminated successfully. (HiGHS Status 7: Optimal),1.4210854715202004e-14,120,1192
3000136,serial_dependence,Serial dependence,137,22.517503934492737,0.6641280626322125,1.0443902223820904,1.1860057323773647,True,scipy.optimize.linprog(method='highs'),0,Optimization terminated successfully. (HiGHS Status 7: Optimal),1.4210854715202004e-14,120,1164
3000137,serial_dependence,Serial dependence,138,21.466300449269188,0.6683166597498299,1.1489092618152048,1.2867060279048153,True,scipy.optimize.linprog(method='highs'),0,Optimization terminated successfully. (HiGHS Status 7: Optimal),1.4210854715202004e-14,120,1250
3000138,serial_dependence,Serial dependence,139,22.884404932629977,0.6637876552380522,1.0610050212567832,1.1481531613117046,True,scipy.optimize.linprog(method='highs'),0,Optimization terminated successfully. (HiGHS Status 7: Optimal),1.4210854715202004e-14,120,1195
3000139,serial_dependence,Serial dependence,140,26.4945599583316,0.5995339962896049,1.1255451564840075,1.3065355013853186,True,scipy.optimize.linprog(method='highs'),0,Optimization terminated successfully. (HiGHS Status 7: Optimal),1.4210854715202004e-14,120,1188
4000120,discrete_map_rounding,Integer MAP rounding,121,9.000000000000007,0.8571428571428571,1.0585885235795969,1.1024137228512232,True,scipy.optimize.linprog(method='highs'),0,Optimization terminated successfully. (HiGHS Status 7: Optimal),1.4210854715202004e-14,120,1271
4000121,discrete_map_rounding,Integer MAP rounding,122,21.076923076923222,0.6923076923076903,1.0981890691217604,1.1602015900765896,True,scipy.optimize.linprog(method='highs'),0,Optimization terminated successfully. (HiGHS Status 7: Optimal),4.973799150320701e-14,120,1189
4000122,discrete_map_rounding,Integer MAP rounding,123,13.928571428571416,0.7857142857142858,1.1263478878925304,1.1910009943759945,True,scipy.optimize.linprog(method='highs'),0,Optimization terminated successfully. (HiGHS Status 7: Optimal),1.4210854715202004e-14,120,1213
4000123,discrete_map_rounding,Integer MAP rounding,124,15.900000000000016,0.7666666666666664,1.0829930200971878,1.1442477776852775,True,scipy.optimize.linprog(method='highs'),0,Optimization terminated successfully. (HiGHS Status 7: Optimal),1.4210854715202004e-14,120,1169
4000124,discrete_map_rounding,Integer MAP rounding,125,14.826086956521742,0.7826086956521737,1.0905989613245035,1.1434046208421207,True,scipy.optimize.linprog(method='highs'),0,Optimization terminated successfully. (HiGHS Status 7: Optimal),2.8421709430404014e-14,120,1140
4000125,discrete_map_rounding,Integer MAP rounding,126,20.5,0.7,1.0942289839789854,1.1729249407999407,True,scipy.optimize.linprog(method='highs'),0,Optimization terminated successfully. (HiGHS Status 7: Optimal),1.4210854715202004e-14,120,1166
4000126,discrete_map_rounding,Integer MAP rounding,127,6.555555555555586,0.8888888888888885,1.1667176188009525,1.1913093156843162,True,scipy.optimize.linprog(method='highs'),0,Optimization terminated successfully. (HiGHS Status 7: Optimal),2.8421709430404014e-14,120,1186
4000127,discrete_map_rounding,Integer MAP rounding,128,21.375,0.6875,1.088047610086674,1.1801047355422354,True,scipy.optimize.linprog(method='highs'),0,Optimization terminated successfully. (HiGHS Status 7: Optimal),0.0,120,1263
4000128,discrete_map_rounding,Integer MAP rounding,129,12.625,0.8125,1.0553988312035203,1.0943785335035336,True,scipy.optimize.linprog(method='highs'),0,Optimization terminated successfully. (HiGHS Status 7: Optimal),1.4210854715202004e-14,120,1222
4000129,discrete_map_rounding,Integer MAP rounding,130,9.53846153846154,0.8461538461538461,1.0795733146838926,1.1339319083694086,True,scipy.optimize.linprog(method='highs'),0,Optimization terminated successfully. (HiGHS Status 7: Optimal),1.4210854715202004e-14,120,1185
4000130,discrete_map_rounding,Integer MAP rounding,131,8.846153846153868,0.8461538461538459,1.1227980683846062,1.213718554593554,True,scipy.optimize.linprog(method='highs'),0,Optimization terminated successfully. (HiGHS Status 7: Optimal),1.4210854715202004e-14,120,1249
4000131,discrete_map_rounding,Integer MAP rounding,132,13.400000000000007,0.7999999999999999,1.058883900821399,1.1072974687349686,True,scipy.optimize.linprog(method='highs'),0,Optimization terminated successfully. (HiGHS Status 7: Optimal),1.4210854715202004e-14,120,1244
4000132,discrete_map_rounding,Integer MAP rounding,133,16.750000000000014,0.7499999999999998,1.0486427276427288,1.1059970978095977,True,scipy.optimize.linprog(method='highs'),0,Optimization terminated successfully. (HiGHS Status 7: Optimal),1.4210854715202004e-14,120,1220
4000133,discrete_map_rounding,Integer MAP rounding,134,20.70000000000001,0.6999999999999998,1.084730413105412,1.1855225792725788,True,scipy.optimize.linprog(method='highs'),0,Optimization terminated successfully. (HiGHS Status 7: Optimal),1.4210854715202004e-14,120,1179
4000134,discrete_map_rounding,Integer MAP rounding,135,16.49999999999998,0.7500000000000004,1.1224105443167969,1.2078824855699857,True,scipy.optimize.linprog(method='highs'),0,Optimization terminated successfully. (HiGHS Status 7: Optimal),2.8421709430404014e-14,120,1186
4000135,discrete_map_rounding,Integer MAP rounding,136,9.285714285714292,0.8571428571428571,1.0608707420225263,1.102470448532949,True,scipy.optimize.linprog(method='highs'),0,Optimization terminated successfully. (HiGHS Status 7: Optimal),1.4210854715202004e-14,120,1214
4000136,discrete_map_rounding,Integer MAP rounding,137,13.91666666666667,0.7916666666666665,1.0225529759592271,1.078952126577127,True,scipy.optimize.linprog(method='highs'),0,Optimization terminated successfully. (HiGHS Status 7: Optimal),1.4210854715202004e-14,120,1192
4000137,discrete_map_rounding,Integer MAP rounding,138,18.181818181818223,0.7272727272727266,1.0854989692546508,1.1559065309690304,True,scipy.optimize.linprog(method='highs'),0,Optimization terminated successfully. (HiGHS Status 7: Optimal),2.8421709430404014e-14,120,1236
4000138,discrete_map_rounding,Integer MAP rounding,139,17.0,0.75,1.093330287767788,1.1397262644762642,True,scipy.optimize.linprog(method='highs'),0,Optimization terminated successfully. (HiGHS Status 7: Optimal),0.0,120,1188
4000139,discrete_map_rounding,Integer MAP rounding,140,15.111111111111112,0.7777777777777778,1.0732908318533323,1.1167978341103333,True,scipy.optimize.linprog(method='highs'),0,Optimization terminated successfully. (HiGHS Status 7: Optimal),7.105427357601002e-15,120,1150
5000120,informative_monitoring,Informative monitoring,121,22.823493398482007,0.6505531795225685,1.1236573420797775,1.372070332270924,True,scipy.optimize.linprog(method='highs'),0,Optimization terminated successfully. (HiGHS Status 7: Optimal),1.4210854715202004e-14,120,680
5000121,informative_monitoring,Informative monitoring,122,25.96843280350018,0.6116915680227328,1.0706148365815,1.3267691129754,True,scipy.optimize.linprog(method='highs'),0,Optimization terminated successfully. (HiGHS Status 7: Optimal),1.4210854715202004e-14,120,697
5000122,informative_monitoring,Informative monitoring,123,18.474280042053223,0.709124515386187,1.167716848275118,1.3907661900463413,True,scipy.optimize.linprog(method='highs'),0,Optimization terminated successfully. (HiGHS Status 7: Optimal),1.4210854715202004e-14,120,738
5000123,informative_monitoring,Informative monitoring,124,14.182294471926054,0.7638695343743317,1.1608170246260368,1.36646666414249,True,scipy.optimize.linprog(method='highs'),0,Optimization terminated successfully. (HiGHS Status 7: Optimal),1.4210854715202004e-14,120,704
5000124,informative_monitoring,Informative monitoring,125,25.450978857146417,0.6053171354494269,1.1014251551292225,1.4889767507483305,True,scipy.optimize.linprog(method='highs'),0,Optimization terminated successfully. (HiGHS Status 7: Optimal),1.4210854715202004e-14,120,653
5000125,informative_monitoring,Informative monitoring,126,25.712058012161897,0.6024813838400712,1.118937017734424,1.4579967079475362,True,scipy.optimize.linprog(method='highs'),0,Optimization terminated successfully. (HiGHS Status 7: Optimal),1.4210854715202004e-14,120,738
5000126,informative_monitoring,Informative monitoring,127,21.645401284600236,0.661693855282959,1.104125642119942,1.3370608883206505,True,scipy.optimize.linprog(method='highs'),0,Optimization terminated successfully. (HiGHS Status 7: Optimal),1.4210854715202004e-14,120,649
5000127,informative_monitoring,Informative monitoring,128,12.713393481123608,0.7754931304746848,1.182922071871228,1.4348305324529915,True,scipy.optimize.linprog(method='highs'),0,Optimization terminated successfully. (HiGHS Status 7: Optimal),1.4210854715202004e-14,120,740
5000128,informative_monitoring,Informative monitoring,129,18.70646764376809,0.7170299566400117,1.0336899617735409,1.1592312452870972,True,scipy.optimize.linprog(method='highs'),0,Optimization terminated successfully. (HiGHS Status 7: Optimal),1.4210854715202004e-14,120,727
5000129,informative_monitoring,Informative monitoring,130,18.31797225602808,0.7053210865396121,1.1276228855817017,1.381781745451321,True,scipy.optimize.linprog(method='highs'),0,Optimization terminated successfully. (HiGHS Status 7: Optimal),1.4210854715202004e-14,120,749
5000130,informative_monitoring,Informative monitoring,131,27.59336609269147,0.5798645526473809,1.1522432285455653,1.4312722848065953,True,scipy.optimize.linprog(method='highs'),0,Optimization terminated successfully. (HiGHS Status 7: Optimal),1.4210854715202004e-14,120,738
5000131,informative_monitoring,Informative monitoring,132,22.33002991759948,0.6617424945544994,1.0943757781155268,1.3171274402871385,True,scipy.optimize.linprog(method='highs'),0,Optimization terminated successfully. (HiGHS Status 7: Optimal),1.4210854715202004e-14,120,674
5000132,informative_monitoring,Informative monitoring,133,17.919190192347063,0.7213528713836896,1.0988228725515183,1.2416741829689577,True,scipy.optimize.linprog(method='highs'),0,Optimization terminated successfully. (HiGHS Status 7: Optimal),1.4210854715202004e-14,120,737
5000133,informative_monitoring,Informative monitoring,134,20.79864542905248,0.680819774241606,1.063426473626259,1.232524773862756,True,scipy.optimize.linprog(method='highs'),0,Optimization terminated successfully. (HiGHS Status 7: Optimal),1.4210854715202004e-14,120,762
5000134,informative_monitoring,Informative monitoring,135,14.822315857264895,0.759960775175452,1.1557156270683415,1.3769749106931208,True,scipy.optimize.linprog(method='highs'),0,Optimization terminated successfully. (HiGHS Status 7: Optimal),1.4210854715202004e-14,120,691
5000135,informative_monitoring,Informative monitoring,136,29.898659806292656,0.5683985108639681,1.1289673985667723,1.3372142354856644,True,scipy.optimize.linprog(method='highs'),0,Optimization terminated successfully. (HiGHS Status 7: Optimal),1.4210854715202004e-14,120,668
5000136,informative_monitoring,Informative monitoring,137,24.89257924660512,0.6069445239363604,1.1211276954821832,1.4306032693838575,True,scipy.optimize.linprog(method='highs'),0,Optimization terminated successfully. (HiGHS Status 7: Optimal),1.4210854715202004e-14,120,808
5000137,informative_monitoring,Informative monitoring,138,13.38580299744119,0.7853775357232271,1.1567570544744186,1.3036999074647548,True,scipy.optimize.linprog(method='highs'),0,Optimization terminated successfully. (HiGHS Status 7: Optimal),1.4210854715202004e-14,120,772
5000138,informative_monitoring,Informative monitoring,139,18.730129919832617,0.7098347377466201,1.1383440725670693,1.371745989022196,True,scipy.optimize.linprog(method='highs'),0,Optimization terminated successfully. (HiGHS Status 7: Optimal),1.4210854715202004e-14,120,702
5000139,informative_monitoring,Informative monitoring,140,22.735459771414003,0.6538888735971758,1.1407613347140964,1.3524123772939134,True,scipy.optimize.linprog(method='highs'),0,Optimization terminated successfully. (HiGHS Status 7: Optimal),1.4210854715202004e-14,120,678
6000120,cluster_size_informative,Cluster size--level association,121,14.489085312101626,0.7863926922489541,1.0568624863846756,1.0968859743486614,True,scipy.optimize.linprog(method='highs'),0,Optimization terminated successfully. (HiGHS Status 7: Optimal),1.4210854715202004e-14,120,1369
6000121,cluster_size_informative,Cluster size--level association,122,14.159038777247416,0.7985699277380531,0.9812706153523406,1.0199691304402685,True,scipy.optimize.linprog(method='highs'),0,Optimization terminated successfully. (HiGHS Status 7: Optimal),1.4210854715202004e-14,120,1383
6000122,cluster_size_informative,Cluster size--level association,123,22.99666108493466,0.6688813313069794,1.0195539223109988,1.1172342126536412,True,scipy.optimize.linprog(method='highs'),0,Optimization terminated successfully. (HiGHS Status 7: Optimal),1.4210854715202004e-14,120,1356
6000123,cluster_size_informative,Cluster size--level association,124,12.626054100584474,0.8058717426118597,1.0612095288866228,1.1104563778568377,True,scipy.optimize.linprog(method='highs'),0,Optimization terminated successfully. (HiGHS Status 7: Optimal),1.4210854715202004e-14,120,1381
6000124,cluster_size_informative,Cluster size--level association,125,17.25129576030218,0.7404018158473843,1.057044469428591,1.125166677704477,True,scipy.optimize.linprog(method='highs'),0,Optimization terminated successfully. (HiGHS Status 7: Optimal),1.4210854715202004e-14,120,1363
6000125,cluster_size_informative,Cluster size--level association,126,10.403985367816608,0.8465018672518259,1.036528376092965,1.0702737269323654,True,scipy.optimize.linprog(method='highs'),0,Optimization terminated successfully. (HiGHS Status 7: Optimal),1.4210854715202004e-14,120,1317
6000126,cluster_size_informative,Cluster size--level association,127,20.70404389842077,0.6973497179848296,1.0509828771904768,1.130182900912258,True,scipy.optimize.linprog(method='highs'),0,Optimization terminated successfully. (HiGHS Status 7: Optimal),1.4210854715202004e-14,120,1320
6000127,cluster_size_informative,Cluster size--level association,128,16.834149147102416,0.761251642057727,1.1524175276072155,1.1914144613791149,True,scipy.optimize.linprog(method='highs'),0,Optimization terminated successfully. (HiGHS Status 7: Optimal),1.4210854715202004e-14,120,1371
6000128,cluster_size_informative,Cluster size--level association,129,9.25119715366628,0.8641544625571594,0.993644826221337,1.010593743248411,True,scipy.optimize.linprog(method='highs'),0,Optimization terminated successfully. (HiGHS Status 7: Optimal),1.4210854715202004e-14,120,1407
6000129,cluster_size_informative,Cluster size--level association,130,15.820562057044286,0.7678428792395201,1.0167129968651214,1.0908704453663771,True,scipy.optimize.linprog(method='highs'),0,Optimization terminated successfully. (HiGHS Status 7: Optimal),1.4210854715202004e-14,120,1347
6000130,cluster_size_informative,Cluster size--level association,131,13.693056323952312,0.7913458935995137,1.0956736395622355,1.1271659445126203,True,scipy.optimize.linprog(method='highs'),0,Optimization terminated successfully. (HiGHS Status 7: Optimal),1.4210854715202004e-14,120,1432
6000131,cluster_size_informative,Cluster size--level association,132,10.210276853851198,0.8472093231345076,1.0199363075501744,1.044389806248872,True,scipy.optimize.linprog(method='highs'),0,Optimization terminated successfully. (HiGHS Status 7: Optimal),1.4210854715202004e-14,120,1435
6000132,cluster_size_informative,Cluster size--level association,133,22.85984831179396,0.670257520529506,1.0711953158983991,1.160626799713705,True,scipy.optimize.linprog(method='highs'),0,Optimization terminated successfully. (HiGHS Status 7: Optimal),1.4210854715202004e-14,120,1389
6000133,cluster_size_informative,Cluster size--level association,134,16.049369079768105,0.7723737100688832,1.052824475137981,1.084710402808973,True,scipy.optimize.linprog(method='highs'),0,Optimization terminated successfully. (HiGHS Status 7: Optimal),1.4210854715202004e-14,120,1332
6000134,cluster_size_informative,Cluster size--level association,135,18.9663623975546,0.7243428083393356,1.102526156363247,1.139131463037896,True,scipy.optimize.linprog(method='highs'),0,Optimization terminated successfully. (HiGHS Status 7: Optimal),1.4210854715202004e-14,120,1334
6000135,cluster_size_informative,Cluster size--level association,136,12.241011148431989,0.8272463100860398,1.0213867086660833,1.0525192532023389,True,scipy.optimize.linprog(method='highs'),0,Optimization terminated successfully. (HiGHS Status 7: Optimal),1.4210854715202004e-14,120,1402
6000136,cluster_size_informative,Cluster size--level association,137,16.56570505861896,0.7680658904305498,1.001843266261312,1.061874325919707,True,scipy.optimize.linprog(method='highs'),0,Optimization terminated successfully. (HiGHS Status 7: Optimal),1.4210854715202004e-14,120,1309
6000137,cluster_size_informative,Cluster size--level association,138,15.28603079319364,0.771315976072971,1.0480334043833313,1.0937190915438235,True,scipy.optimize.linprog(method='highs'),0,Optimization terminated successfully. (HiGHS Status 7: Optimal),1.4210854715202004e-14,120,1407
6000138,cluster_size_informative,Cluster size--level association,139,12.07042481435083,0.8154410859808546,1.0331208285972435,1.0864744378879734,True,scipy.optimize.linprog(method='highs'),0,Optimization terminated successfully. (HiGHS Status 7: Optimal),1.4210854715202004e-14,120,1409
6000139,cluster_size_informative,Cluster size--level association,140,12.838177994856766,0.8174632047072355,1.0376790919674186,1.0731175019919597,True,scipy.optimize.linprog(method='highs'),0,Optimization terminated successfully. (HiGHS Status 7: Optimal),1.4210854715202004e-14,120,1466
7000120,common_time_misspecified,Misspecified common time,121,3.4942505145627223,0.8806370954811249,1.1126348504984838,1.6669677573706878,True,scipy.optimize.linprog(method='highs'),0,Optimization terminated successfully. (HiGHS Status 7: Optimal),1.4210854715202004e-14,120,1212
7000121,common_time_misspecified,Misspecified common time,122,14.347803783370974,0.7259417466989325,1.0604697554407594,1.8814112104480327,True,scipy.optimize.linprog(method='highs'),0,Optimization terminated successfully. (HiGHS Status 7: Optimal),1.4210854715202004e-14,120,1197
7000122,common_time_misspecified,Misspecified common time,123,4.082085847912677,0.8722978368121819,1.1061172254630869,1.7112964649663058,True,scipy.optimize.linprog(method='highs'),0,Optimization terminated successfully. (HiGHS Status 7: Optimal),1.4210854715202004e-14,120,1180
7000123,common_time_misspecified,Misspecified common time,124,9.16873598872921,0.8090437118099372,1.0689340490026022,1.5769037273265183,True,scipy.optimize.linprog(method='highs'),0,Optimization terminated successfully. (HiGHS Status 7: Optimal),1.4210854715202004e-14,120,1206
7000124,common_time_misspecified,Misspecified common time,125,22.656630586970387,0.6271928226505048,1.06106714599803,1.7542435944228267,True,scipy.optimize.linprog(method='highs'),0,Optimization terminated successfully. (HiGHS Status 7: Optimal),1.4210854715202004e-14,120,1193
7000125,common_time_misspecified,Misspecified common time,126,7.645029134938559,0.82851990400758,1.0759487724516503,1.614395531472058,True,scipy.optimize.linprog(method='highs'),0,Optimization terminated successfully. (HiGHS Status 7: Optimal),1.4210854715202004e-14,120,1213
7000126,common_time_misspecified,Misspecified common time,127,20.18333347341389,0.6545910709467248,1.0460510150824636,1.683104900190162,True,scipy.optimize.linprog(method='highs'),0,Optimization terminated successfully. (HiGHS Status 7: Optimal),1.4210854715202004e-14,120,1249
7000127,common_time_misspecified,Misspecified common time,128,10.427550671579064,0.7897889475687347,1.097577803989306,1.6408397563935273,True,scipy.optimize.linprog(method='highs'),0,Optimization terminated successfully. (HiGHS Status 7: Optimal),1.4210854715202004e-14,120,1166
7000128,common_time_misspecified,Misspecified common time,129,1.413304502282287,0.9091472892788466,1.1161669230414852,1.7278343825246631,True,scipy.optimize.linprog(method='highs'),0,Optimization terminated successfully. (HiGHS Status 7: Optimal),1.4210854715202004e-14,120,1173
7000129,common_time_misspecified,Misspecified common time,130,3.652076928482885,0.8766160683582724,1.0957171907266678,1.6756853417501032,True,scipy.optimize.linprog(method='highs'),0,Optimization terminated successfully. (HiGHS Status 7: Optimal),1.4210854715202004e-14,120,1219
7000130,common_time_misspecified,Misspecified common time,131,8.987178159932157,0.8000572096324554,1.1585218143022316,1.8167221273087009,True,scipy.optimize.linprog(method='highs'),0,Optimization terminated successfully. (HiGHS Status 7: Optimal),1.4210854715202004e-14,120,1195
7000131,common_time_misspecified,Misspecified common time,132,12.156426675934028,0.7674537683499181,1.0924099076011278,1.67509638726204,True,scipy.optimize.linprog(method='highs'),0,Optimization terminated successfully. (HiGHS Status 7: Optimal),1.4210854715202004e-14,120,1228
7000132,common_time_misspecified,Misspecified common time,133,-4.01079511596916,0.9814639343232376,1.0493294297193512,1.699470648071928,True,scipy.optimize.linprog(method='highs'),0,Optimization terminated successfully. (HiGHS Status 7: Optimal),1.4210854715202004e-14,120,1230
7000133,common_time_misspecified,Misspecified common time,134,4.662385362167271,0.8644060503033524,1.1455718646579278,1.7772795901185785,True,scipy.optimize.linprog(method='highs'),0,Optimization terminated successfully. (HiGHS Status 7: Optimal),1.4210854715202004e-14,120,1212
7000134,common_time_misspecified,Misspecified common time,135,7.605301331260017,0.8142157199931995,1.1019758081280764,1.774510738204739,True,scipy.optimize.linprog(method='highs'),0,Optimization terminated successfully. (HiGHS Status 7: Optimal),1.4210854715202004e-14,120,1163
7000135,common_time_misspecified,Misspecified common time,136,-4.858637303986029,0.9999010751101096,1.1318551795140803,1.5318272632472438,True,scipy.optimize.linprog(method='highs'),0,Optimization terminated successfully. (HiGHS Status 7: Optimal),1.4210854715202004e-14,120,1198
7000136,common_time_misspecified,Misspecified common time,137,22.884989579442987,0.6289985872429295,1.0035632101029863,1.652727841551869,True,scipy.optimize.linprog(method='highs'),0,Optimization terminated successfully. (HiGHS Status 7: Optimal),2.8421709430404014e-14,120,1218
7000137,common_time_misspecified,Misspecified common time,138,17.03459224693711,0.6913445613041892,1.1608482823112498,1.820631629248244,True,scipy.optimize.linprog(method='highs'),0,Optimization terminated successfully. (HiGHS Status 7: Optimal),1.4210854715202004e-14,120,1215
7000138,common_time_misspecified,Misspecified common time,139,5.78418715702167,0.8496182496913613,1.1291575371730451,1.637793411317574,True,scipy.optimize.linprog(method='highs'),0,Optimization terminated successfully. (HiGHS Status 7: Optimal),1.4210854715202004e-14,120,1145
7000139,common_time_misspecified,Misspecified common time,140,7.088046364860233,0.8418003578000777,1.014248765514176,1.464526915652969,True,scipy.optimize.linprog(method='highs'),0,Optimization terminated successfully. (HiGHS Status 7: Optimal),1.4210854715202004e-14,120,1204
8000120,level_plus_shape,Persistent level plus shape,121,63.34385852447682,0.0838826349590204,1.251141755637339,1.6978174342416708,True,scipy.optimize.linprog(method='highs'),0,Optimization terminated successfully. (HiGHS Status 7: Optimal),1.4210854715202004e-14,120,1407
8000121,level_plus_shape,Persistent level plus shape,122,43.642301491639145,0.3484182476603133,1.3007288743053496,1.695290073119815,True,scipy.optimize.linprog(method='highs'),0,Optimization terminated successfully. (HiGHS Status 7: Optimal),1.4210854715202004e-14,120,1436
8000122,level_plus_shape,Persistent level plus shape,123,50.52398196845908,0.2681133468274899,1.2730716701688751,1.4798863445641772,True,scipy.optimize.linprog(method='highs'),0,Optimization terminated successfully. (HiGHS Status 7: Optimal),1.4210854715202004e-14,120,1462
8000123,level_plus_shape,Persistent level plus shape,124,60.17652008455768,0.1298760157502196,1.2228448851179436,1.552984661285248,True,scipy.optimize.linprog(method='highs'),0,Optimization terminated successfully. (HiGHS Status 7: Optimal),1.4210854715202004e-14,120,1428
8000124,level_plus_shape,Persistent level plus shape,125,67.55547145151306,0.0255894926686774,1.2226101833932432,1.63473240800755,True,scipy.optimize.linprog(method='highs'),0,Optimization terminated successfully. (HiGHS Status 7: Optimal),1.4210854715202004e-14,120,1418
8000125,level_plus_shape,Persistent level plus shape,126,50.929338763106415,0.2647065830039384,1.1773217327052743,1.5759842580101773,True,scipy.optimize.linprog(method='highs'),0,Optimization terminated successfully. (HiGHS Status 7: Optimal),1.4210854715202004e-14,120,1441
8000126,level_plus_shape,Persistent level plus shape,127,46.81009452042108,0.3150846336692214,1.236113571208098,1.6117144881382623,True,scipy.optimize.linprog(method='highs'),0,Optimization terminated successfully. (HiGHS Status 7: Optimal),1.4210854715202004e-14,120,1479
8000127,level_plus_shape,Persistent level plus shape,128,54.84696776489333,0.2133674521544981,1.2029432407078813,1.5616098615156828,True,scipy.optimize.linprog(method='highs'),0,Optimization terminated successfully. (HiGHS Status 7: Optimal),1.4210854715202004e-14,120,1406
8000128,level_plus_shape,Persistent level plus shape,129,61.49303144627402,0.1113965829764881,1.2049834732381182,1.599648789551637,True,scipy.optimize.linprog(method='highs'),0,Optimization terminated successfully. (HiGHS Status 7: Optimal),1.4210854715202004e-14,120,1493
8000129,level_plus_shape,Persistent level plus shape,130,51.27734652506216,0.2669577739438181,1.2378654375990332,1.526069950603491,True,scipy.optimize.linprog(method='highs'),0,Optimization terminated successfully. (HiGHS Status 7: Optimal),1.4210854715202004e-14,120,1443
8000130,level_plus_shape,Persistent level plus shape,131,53.02378018878461,0.2457616988006143,1.1414825727429718,1.506780517204226,True,scipy.optimize.linprog(method='highs'),0,Optimization terminated successfully. (HiGHS Status 7: Optimal),1.4210854715202004e-14,120,1452
8000131,level_plus_shape,Persistent level plus shape,132,61.16863825576038,0.1077412745612674,1.212472787997022,1.7366174149626783,True,scipy.optimize.linprog(method='highs'),0,Optimization terminated successfully. (HiGHS Status 7: Optimal),1.4210854715202004e-14,120,1404
8000132,level_plus_shape,Persistent level plus shape,133,57.103734741207695,0.1661425967514206,1.242856315963058,1.6669524626520305,True,scipy.optimize.linprog(method='highs'),0,Optimization terminated successfully. (HiGHS Status 7: Optimal),1.4210854715202004e-14,120,1430
8000133,level_plus_shape,Persistent level plus shape,134,60.17388345319157,0.1356090089937733,1.2104798672779282,1.4837874995442168,True,scipy.optimize.linprog(method='highs'),0,Optimization terminated successfully. (HiGHS Status 7: Optimal),1.4210854715202004e-14,120,1410
8000134,level_plus_shape,Persistent level plus shape,135,50.614705101794165,0.2614295712885365,1.2755789131063904,1.566491616436875,True,scipy.optimize.linprog(method='highs'),0,Optimization terminated successfully. (HiGHS Status 7: Optimal),1.4210854715202004e-14,120,1447
8000135,level_plus_shape,Persistent level plus shape,136,45.64656207528339,0.3368265779026739,1.2325203989151343,1.476293278297909,True,scipy.optimize.linprog(method='highs'),0,Optimization terminated successfully. (HiGHS Status 7: Optimal),1.4210854715202004e-14,120,1462
8000136,level_plus_shape,Persistent level plus shape,137,57.59487800924965,0.174135527008792,1.2335275440336275,1.4558054592478185,True,scipy.optimize.linprog(method='highs'),0,Optimization terminated successfully. (HiGHS Status 7: Optimal),1.4210854715202004e-14,120,1423
8000137,level_plus_shape,Persistent level plus shape,138,43.8919344033198,0.3538452480952148,1.2089161094247034,1.4844158448172438,True,scipy.optimize.linprog(method='highs'),0,Optimization terminated successfully. (HiGHS Status 7: Optimal),1.4210854715202004e-14,120,1465
8000138,level_plus_shape,Persistent level plus shape,139,47.320669637151454,0.3114917036524963,1.2192780133009873,1.511262990135759,True,scipy.optimize.linprog(method='highs'),0,Optimization terminated successfully. (HiGHS Status 7: Optimal),1.4210854715202004e-14,120,1435
8000139,level_plus_shape,Persistent level plus shape,140,45.800087743917686,0.3230023062032741,1.2977619841530128,1.5879352899235126,True,scipy.optimize.linprog(method='highs'),0,Optimization terminated successfully. (HiGHS Status 7: Optimal),1.4210854715202004e-14,120,1408
9000120,treatment_feedback,Treatment feedback,121,19.267364288992013,0.7212191584878013,1.0740737973020067,1.1663067899145954,True,scipy.optimize.linprog(method='highs'),0,Optimization terminated successfully. (HiGHS Status 7: Optimal),1.4210854715202004e-14,120,1234
9000121,treatment_feedback,Treatment feedback,122,21.20569841612661,0.6859792271208014,1.118819027242392,1.2306646309365463,True,scipy.optimize.linprog(method='highs'),0,Optimization terminated successfully. (HiGHS Status 7: Optimal),1.4210854715202004e-14,120,1246
9000122,treatment_feedback,Treatment feedback,123,24.99659450008264,0.6497048873562582,1.102864355965017,1.1833056202765535,True,scipy.optimize.linprog(method='highs'),0,Optimization terminated successfully. (HiGHS Status 7: Optimal),1.4210854715202004e-14,120,1207
9000123,treatment_feedback,Treatment feedback,124,29.7655257987378,0.5714723364522314,1.0996645232390612,1.206038663117035,True,scipy.optimize.linprog(method='highs'),0,Optimization terminated successfully. (HiGHS Status 7: Optimal),1.4210854715202004e-14,120,1182
9000124,treatment_feedback,Treatment feedback,125,29.464883972225195,0.58813768631423,1.0623152064763195,1.158567688141814,True,scipy.optimize.linprog(method='highs'),0,Optimization terminated successfully. (HiGHS Status 7: Optimal),1.4210854715202004e-14,120,1189
9000125,treatment_feedback,Treatment feedback,126,18.553758392142377,0.7333662130061404,1.1280847134546523,1.1878666634663635,True,scipy.optimize.linprog(method='highs'),0,Optimization terminated successfully. (HiGHS Status 7: Optimal),1.4210854715202004e-14,120,1157
9000126,treatment_feedback,Treatment feedback,127,27.19194267720804,0.6210410721461488,1.0702628192313377,1.1564483887887418,True,scipy.optimize.linprog(method='highs'),0,Optimization terminated successfully. (HiGHS Status 7: Optimal),1.4210854715202004e-14,120,1252
9000127,treatment_feedback,Treatment feedback,128,22.20632526182673,0.6903809278994449,1.076765261957351,1.1163059483229163,True,scipy.optimize.linprog(method='highs'),0,Optimization terminated successfully. (HiGHS Status 7: Optimal),1.4210854715202004e-14,120,1253
9000128,treatment_feedback,Treatment feedback,129,22.716666184683227,0.6870239868149718,1.0884545003249275,1.1427619250928318,True,scipy.optimize.linprog(method='highs'),0,Optimization terminated successfully. (HiGHS Status 7: Optimal),1.4210854715202004e-14,120,1212
9000129,treatment_feedback,Treatment feedback,130,24.130969810497184,0.664284800112287,1.0926939490414909,1.1659583727979468,True,scipy.optimize.linprog(method='highs'),0,Optimization terminated successfully. (HiGHS Status 7: Optimal),1.4210854715202004e-14,120,1224
9000130,treatment_feedback,Treatment feedback,131,21.89532925415255,0.6961298725721717,1.030458933240503,1.1130559581108188,True,scipy.optimize.linprog(method='highs'),0,Optimization terminated successfully. (HiGHS Status 7: Optimal),1.4210854715202004e-14,120,1209
9000131,treatment_feedback,Treatment feedback,132,23.287405125639577,0.6744071617136846,1.058009641719316,1.10679758707782,True,scipy.optimize.linprog(method='highs'),0,Optimization terminated successfully. (HiGHS Status 7: Optimal),1.4210854715202004e-14,120,1242
9000132,treatment_feedback,Treatment feedback,133,19.4442024164554,0.7285180049967913,1.0770716821964177,1.1358794001669748,True,scipy.optimize.linprog(method='highs'),0,Optimization terminated successfully. (HiGHS Status 7: Optimal),1.4210854715202004e-14,120,1172
9000133,treatment_feedback,Treatment feedback,134,31.96744694422307,0.554222503793164,1.0600843021773336,1.1829080627402837,True,scipy.optimize.linprog(method='highs'),0,Optimization terminated successfully. (HiGHS Status 7: Optimal),1.4210854715202004e-14,120,1183
9000134,treatment_feedback,Treatment feedback,135,28.60295496334332,0.6078865288576344,1.0900613613608363,1.1676122311626946,True,scipy.optimize.linprog(method='highs'),0,Optimization terminated successfully. (HiGHS Status 7: Optimal),1.4210854715202004e-14,120,1187
9000135,treatment_feedback,Treatment feedback,136,29.07097731868769,0.5877791327346078,1.0975128675137191,1.2042726613991137,True,scipy.optimize.linprog(method='highs'),0,Optimization terminated successfully. (HiGHS Status 7: Optimal),1.4210854715202004e-14,120,1177
9000136,treatment_feedback,Treatment feedback,137,33.57545312137688,0.5203497922038255,1.1422005572973926,1.2534767309804344,True,scipy.optimize.linprog(method='highs'),0,Optimization terminated successfully. (HiGHS Status 7: Optimal),1.4210854715202004e-14,120,1167
9000137,treatment_feedback,Treatment feedback,138,29.01190276422166,0.5988212910258052,1.052064102700024,1.1847836362347384,True,scipy.optimize.linprog(method='highs'),0,Optimization terminated successfully. (HiGHS Status 7: Optimal),1.4210854715202004e-14,120,1272
9000138,treatment_feedback,Treatment feedback,139,29.63340168111265,0.5942796585315998,1.00623632489092,1.1017181249211547,True,scipy.optimize.linprog(method='highs'),0,Optimization terminated successfully. (HiGHS Status 7: Optimal),1.4210854715202004e-14,120,1193
9000139,treatment_feedback,Treatment feedback,140,22.31575213006905,0.6834635558417407,1.0991136916581965,1.161953933277567,True,scipy.optimize.linprog(method='highs'),0,Optimization terminated successfully. (HiGHS Status 7: Optimal),1.4210854715202004e-14,120,1219
10000120,transient_nonpersistent,Transient non-persistence,121,61.361497253097966,0.1332363987197173,1.0342890198424954,1.814504317859997,True,scipy.optimize.linprog(method='highs'),0,Optimization terminated successfully. (HiGHS Status 7: Optimal),1.4210854715202004e-14,120,1165
10000121,transient_nonpersistent,Transient non-persistence,122,63.62181635420438,0.0974021962923539,1.044790708229513,1.594416437493136,True,scipy.optimize.linprog(method='highs'),0,Optimization terminated successfully. (HiGHS Status 7: Optimal),1.4210854715202004e-14,120,1183
10000122,transient_nonpersistent,Transient non-persistence,123,63.36786116875729,0.1024063599154687,1.0821522721500112,1.7106683317601006,True,scipy.optimize.linprog(method='highs'),0,Optimization terminated successfully. (HiGHS Status 7: Optimal),1.4210854715202004e-14,120,1151
10000123,transient_nonpersistent,Transient non-persistence,124,65.61649888282014,0.0777673722684945,1.0557961781440115,1.6613803405895575,True,scipy.optimize.linprog(method='highs'),0,Optimization terminated successfully. (HiGHS Status 7: Optimal),1.4210854715202004e-14,120,1166
10000124,transient_nonpersistent,Transient non-persistence,125,69.42139764235301,0.0223978342018601,1.0361109786040268,1.863230893587448,True,scipy.optimize.linprog(method='highs'),0,Optimization terminated successfully. (HiGHS Status 7: Optimal),1.4210854715202004e-14,120,1178
10000125,transient_nonpersistent,Transient non-persistence,126,66.84058129664972,0.0615363405345963,1.0787724853193554,1.8619819177645824,True,scipy.optimize.linprog(method='highs'),0,Optimization terminated successfully. (HiGHS Status 7: Optimal),1.4210854715202004e-14,120,1209
10000126,transient_nonpersistent,Transient non-persistence,127,63.430224251293374,0.1060518823502014,1.0441682708315645,1.890441511755801,True,scipy.optimize.linprog(method='highs'),0,Optimization terminated successfully. (HiGHS Status 7: Optimal),1.4210854715202004e-14,120,1164
10000127,transient_nonpersistent,Transient non-persistence,128,55.52568023667433,0.2156278666829723,0.9934989398382968,1.6200644246978768,True,scipy.optimize.linprog(method='highs'),0,Optimization terminated successfully. (HiGHS Status 7: Optimal),1.4210854715202004e-14,120,1173
10000128,transient_nonpersistent,Transient non-persistence,129,69.31572177148178,0.0231861780506217,1.0341373895502373,1.656831618112628,True,scipy.optimize.linprog(method='highs'),0,Optimization terminated successfully. (HiGHS Status 7: Optimal),1.4210854715202004e-14,120,1196
10000129,transient_nonpersistent,Transient non-persistence,130,63.69794461784823,0.1013839925879565,1.0543615820115335,1.6523764856809795,True,scipy.optimize.linprog(method='highs'),0,Optimization terminated successfully. (HiGHS Status 7: Optimal),1.4210854715202004e-14,120,1211
10000130,transient_nonpersistent,Transient non-persistence,131,52.4096103086474,0.25439353054724,1.026428255491698,1.512945864845178,True,scipy.optimize.linprog(method='highs'),0,Optimization terminated successfully. (HiGHS Status 7: Optimal),1.4210854715202004e-14,120,1207
10000131,transient_nonpersistent,Transient non-persistence,132,64.83281180224843,0.1003916149738275,0.9796896351653898,1.5895967709147645,True,scipy.optimize.linprog(method='highs'),0,Optimization terminated successfully. (HiGHS Status 7: Optimal),1.4210854715202004e-14,120,1228
10000132,transient_nonpersistent,Transient non-persistence,133,65.10381016356722,0.0831121565802461,1.0257193461030645,1.6669442468962707,True,scipy.optimize.linprog(method='highs'),0,Optimization terminated successfully. (HiGHS Status 7: Optimal),1.4210854715202004e-14,120,1254
10000133,transient_nonpersistent,Transient non-persistence,134,70.46800068337505,0.0033576619945953,1.0010313784093532,1.952527519791412,True,scipy.optimize.linprog(method='highs'),0,Optimization terminated successfully. (HiGHS Status 7: Optimal),1.4210854715202004e-14,120,1219
10000134,transient_nonpersistent,Transient non-persistence,135,71.14043861591908,-0.0118314107484267,1.1055487119460787,2.053698516498662,True,scipy.optimize.linprog(method='highs'),0,Optimization terminated successfully. (HiGHS Status 7: Optimal),1.4210854715202004e-14,120,1196
10000135,transient_nonpersistent,Transient non-persistence,136,65.91182007907148,0.0723065456356143,0.9712920129696216,1.6651051571726356,True,scipy.optimize.linprog(method='highs'),0,Optimization terminated successfully. (HiGHS Status 7: Optimal),1.4210854715202004e-14,120,1209
10000136,transient_nonpersistent,Transient non-persistence,137,66.02053110615141,0.0712051784864047,1.0367301835690044,1.855748852455895,True,scipy.optimize.linprog(method='highs'),0,Optimization terminated successfully. (HiGHS Status 7: Optimal),1.4210854715202004e-14,120,1212
10000137,transient_nonpersistent,Transient non-persistence,138,59.44556394280204,0.1589588620859957,1.0298392233128764,1.6336300668293875,True,scipy.optimize.linprog(method='highs'),0,Optimization terminated successfully. (HiGHS Status 7: Optimal),1.4210854715202004e-14,120,1196
10000138,transient_nonpersistent,Transient non-persistence,139,67.97673292864853,0.0427097289552563,0.9953399879481412,1.7336785875458558,True,scipy.optimize.linprog(method='highs'),0,Optimization terminated successfully. (HiGHS Status 7: Optimal),1.4210854715202004e-14,120,1214
10000139,transient_nonpersistent,Transient non-persistence,140,61.307166244277504,0.1268259033114498,1.0419573572050305,1.9814022938472864,True,scipy.optimize.linprog(method='highs'),0,Optimization terminated successfully. (HiGHS Status 7: Optimal),1.4210854715202004e-14,120,1249
140,ideal_large_dense,"Ideal: large, dense",141,17.90784014469723,0.7312693689675758,1.0908418293777358,1.1858023661548462,True,scipy.optimize.linprog(method='highs'),0,Optimization terminated successfully. (HiGHS Status 7: Optimal),1.4210854715202004e-14,120,1449
141,ideal_large_dense,"Ideal: large, dense",142,10.564647747065957,0.8473856233949503,0.9910620182884609,1.011107487363608,True,scipy.optimize.linprog(method='highs'),0,Optimization terminated successfully. (HiGHS Status 7: Optimal),2.8421709430404014e-14,120,1419
142,ideal_large_dense,"Ideal: large, dense",143,20.26771445781297,0.7121042992934637,0.9966441198316142,1.0364533550243835,True,scipy.optimize.linprog(method='highs'),0,Optimization terminated successfully. (HiGHS Status 7: Optimal),1.4210854715202004e-14,120,1466
143,ideal_large_dense,"Ideal: large, dense",144,9.465054167540044,0.8493647498679787,1.1262820198439252,1.165957966214692,True,scipy.optimize.linprog(method='highs'),0,Optimization terminated successfully. (HiGHS Status 7: Optimal),1.4210854715202004e-14,120,1404
144,ideal_large_dense,"Ideal: large, dense",145,13.32681016666717,0.8096586721286647,1.0306418483260764,1.0552874352193302,True,scipy.optimize.linprog(method='highs'),0,Optimization terminated successfully. (HiGHS Status 7: Optimal),1.4210854715202004e-14,120,1422
145,ideal_large_dense,"Ideal: large, dense",146,17.38372713389209,0.7530675812719284,1.0536118414988325,1.093712902565944,True,scipy.optimize.linprog(method='highs'),0,Optimization terminated successfully. (HiGHS Status 7: Optimal),1.4210854715202004e-14,120,1405
146,ideal_large_dense,"Ideal: large, dense",147,17.32794820141135,0.7518466208382728,1.0030403023801078,1.0371746350138564,True,scipy.optimize.linprog(method='highs'),0,Optimization terminated successfully. (HiGHS Status 7: Optimal),1.4210854715202004e-14,120,1458
147,ideal_large_dense,"Ideal: large, dense",148,5.295556654905598,0.9095038483773172,1.1022947320385312,1.1295692229171548,True,scipy.optimize.linprog(method='highs'),0,Optimization terminated successfully. (HiGHS Status 7: Optimal),1.4210854715202004e-14,120,1437
148,ideal_large_dense,"Ideal: large, dense",149,6.571323731943901,0.9002222504402482,1.1093873061763782,1.1175017577476791,True,scipy.optimize.linprog(method='highs'),0,Optimization terminated successfully. (HiGHS Status 7: Optimal),1.4210854715202004e-14,120,1431
149,ideal_large_dense,"Ideal: large, dense",150,6.4875456284107855,0.8950694165844761,1.0450349079762753,1.076456645145696,True,scipy.optimize.linprog(method='highs'),0,Optimization terminated successfully. (HiGHS Status 7: Optimal),1.4210854715202004e-14,120,1437
150,ideal_large_dense,"Ideal: large, dense",151,14.807856271254671,0.7862756158758443,1.0604637311737202,1.104202714180148,True,scipy.optimize.linprog(method='highs'),0,Optimization terminated successfully. (HiGHS Status 7: Optimal),1.4210854715202004e-14,120,1410
151,ideal_large_dense,"Ideal: large, dense",152,8.453800112559776,0.8682738074211036,1.046675384106066,1.074056516666397,True,scipy.optimize.linprog(method='highs'),0,Optimization terminated successfully. (HiGHS Status 7: Optimal),1.4210854715202004e-14,120,1425
152,ideal_large_dense,"Ideal: large, dense",153,13.958977193122813,0.8037754385613777,1.0571679526043631,1.080273023889794,True,scipy.optimize.linprog(method='highs'),0,Optimization terminated successfully. (HiGHS Status 7: Optimal),2.8421709430404014e-14,120,1476
153,ideal_large_dense,"Ideal: large, dense",154,14.72568195065989,0.7838603945760562,1.046336784482748,1.0677563505532142,True,scipy.optimize.linprog(method='highs'),0,Optimization terminated successfully. (HiGHS Status 7: Optimal),1.4210854715202004e-14,120,1447
154,ideal_large_dense,"Ideal: large, dense",155,12.891316187585872,0.8044155778202648,1.1023810646118646,1.1341427363046792,True,scipy.optimize.linprog(method='highs'),0,Optimization terminated successfully. (HiGHS Status 7: Optimal),1.4210854715202004e-14,120,1451
155,ideal_large_dense,"Ideal: large, dense",156,14.42882676114617,0.788962931427717,1.033107389969281,1.071559336712271,True,scipy.optimize.linprog(method='highs'),0,Optimization terminated successfully. (HiGHS Status 7: Optimal),1.4210854715202004e-14,120,1437
156,ideal_large_dense,"Ideal: large, dense",157,8.444243627272172,0.8798288960020487,1.0227142914170706,1.0335043068602283,True,scipy.optimize.linprog(method='highs'),0,Optimization terminated successfully. (HiGHS Status 7: Optimal),2.8421709430404014e-14,120,1431
157,ideal_large_dense,"Ideal: large, dense",158,12.818212554063138,0.8105060157198312,1.0558322355851657,1.0984261477025,True,scipy.optimize.linprog(method='highs'),0,Optimization terminated successfully. (HiGHS Status 7: Optimal),1.4210854715202004e-14,120,1446
158,ideal_large_dense,"Ideal: large, dense",159,14.89625828581632,0.7861223711502691,1.0842319007600334,1.1231853852321072,True,scipy.optimize.linprog(method='highs'),0,Optimization terminated successfully. (HiGHS Status 7: Optimal),1.4210854715202004e-14,120,1413
159,ideal_large_dense,"Ideal: large, dense",160,4.821679066810077,0.9285212133102052,1.055856601391703,1.0619751934292574,True,scipy.optimize.linprog(method='highs'),0,Optimization terminated successfully. (HiGHS Status 7: Optimal),1.4210854715202004e-14,120,1403
1000140,ideal_small_dense,"Ideal: small, dense",141,16.264923756888507,0.7643491380662606,1.0493231719833165,1.0933979186501668,True,scipy.optimize.linprog(method='highs'),0,Optimization terminated successfully. (HiGHS Status 7: Optimal),1.4210854715202004e-14,48,607
1000141,ideal_small_dense,"Ideal: small, dense",142,18.686799479673528,0.7421973316727251,0.990626419697336,1.0223793514009407,True,scipy.optimize.linprog(method='highs'),0,Optimization terminated successfully. (HiGHS Status 7: Optimal),1.4210854715202004e-14,48,586
1000142,ideal_small_dense,"Ideal: small, dense",143,1.5038829591656366,0.9783227013310608,1.0277251592952357,1.0292430258849026,True,scipy.optimize.linprog(method='highs'),0,Optimization terminated successfully. (HiGHS Status 7: Optimal),1.4210854715202004e-14,48,563
1000143,ideal_small_dense,"Ideal: small, dense",144,15.574336880196412,0.7840775471744871,1.0195006858013187,1.0464370267967218,True,scipy.optimize.linprog(method='highs'),0,Optimization terminated successfully. (HiGHS Status 7: Optimal),1.4210854715202004e-14,48,608
1000144,ideal_small_dense,"Ideal: small, dense",145,6.076051202887978,0.8928504547360636,1.077549838658799,1.118123835133504,True,scipy.optimize.linprog(method='highs'),0,Optimization terminated successfully. (HiGHS Status 7: Optimal),1.4210854715202004e-14,48,593
1000145,ideal_small_dense,"Ideal: small, dense",146,11.043357299867631,0.8455474850781379,0.946893317481008,0.960908514268866,True,scipy.optimize.linprog(method='highs'),0,Optimization terminated successfully. (HiGHS Status 7: Optimal),2.8421709430404014e-14,48,567
1000146,ideal_small_dense,"Ideal: small, dense",147,9.102725791898976,0.8690603559703054,1.0565242589647237,1.0621162244893536,True,scipy.optimize.linprog(method='highs'),0,Optimization terminated successfully. (HiGHS Status 7: Optimal),1.4210854715202004e-14,48,585
1000147,ideal_small_dense,"Ideal: small, dense",148,15.440319918223231,0.7709647738735929,1.1387148377407676,1.178614742182596,True,scipy.optimize.linprog(method='highs'),0,Optimization terminated successfully. (HiGHS Status 7: Optimal),1.4210854715202004e-14,48,565
1000148,ideal_small_dense,"Ideal: small, dense",149,6.603938151034456,0.9019379648295228,1.038497169107801,1.0489719963731288,True,scipy.optimize.linprog(method='highs'),0,Optimization terminated successfully. (HiGHS Status 7: Optimal),1.4210854715202004e-14,48,538
1000149,ideal_small_dense,"Ideal: small, dense",150,16.805896723634667,0.7431632461109696,1.1086757603266038,1.192759524598207,True,scipy.optimize.linprog(method='highs'),0,Optimization terminated successfully. (HiGHS Status 7: Optimal),1.4210854715202004e-14,48,600
1000150,ideal_small_dense,"Ideal: small, dense",151,21.9719280865273,0.6781372678293118,1.0323399484493254,1.1294036093695885,True,scipy.optimize.linprog(method='highs'),0,Optimization terminated successfully. (HiGHS Status 7: Optimal),1.4210854715202004e-14,48,583
1000151,ideal_small_dense,"Ideal: small, dense",152,11.217947387812124,0.8429424174676583,1.0358536508955702,1.0418691214126226,True,scipy.optimize.linprog(method='highs'),0,Optimization terminated successfully. (HiGHS Status 7: Optimal),1.4210854715202004e-14,48,561
1000152,ideal_small_dense,"Ideal: small, dense",153,12.997826472170374,0.8068662064131931,1.0409401125489024,1.0614841996397533,True,scipy.optimize.linprog(method='highs'),0,Optimization terminated successfully. (HiGHS Status 7: Optimal),1.4210854715202004e-14,48,576
1000153,ideal_small_dense,"Ideal: small, dense",154,15.000699094891068,0.7758342176560802,1.0615336357137068,1.1234068250469535,True,scipy.optimize.linprog(method='highs'),0,Optimization terminated successfully. (HiGHS Status 7: Optimal),1.4210854715202004e-14,48,574
1000154,ideal_small_dense,"Ideal: small, dense",155,13.179746454422002,0.8073733736752464,1.0255525249947768,1.0611725235282958,True,scipy.optimize.linprog(method='highs'),0,Optimization terminated successfully. (HiGHS Status 7: Optimal),1.4210854715202004e-14,48,546
1000155,ideal_small_dense,"Ideal: small, dense",156,21.913768989759983,0.6736367875550063,1.0278543083339222,1.101586499860839,True,scipy.optimize.linprog(method='highs'),0,Optimization terminated successfully. (HiGHS Status 7: Optimal),1.4210854715202004e-14,48,597
1000156,ideal_small_dense,"Ideal: small, dense",157,-0.6054363238351215,0.9888130116220396,1.0907726304386671,1.1202576960066388,True,scipy.optimize.linprog(method='highs'),0,Optimization terminated successfully. (HiGHS Status 7: Optimal),1.4210854715202004e-14,48,572
1000157,ideal_small_dense,"Ideal: small, dense",158,22.830852048740653,0.6876449176406918,1.0139795574656034,1.0857821194296553,True,scipy.optimize.linprog(method='highs'),0,Optimization terminated successfully. (HiGHS Status 7: Optimal),1.4210854715202004e-14,48,556
1000158,ideal_small_dense,"Ideal: small, dense",159,10.58143690043666,0.8464825598894922,1.016674293462194,1.0334679352793728,True,scipy.optimize.linprog(method='highs'),0,Optimization terminated successfully. (HiGHS Status 7: Optimal),1.4210854715202004e-14,48,584
1000159,ideal_small_dense,"Ideal: small, dense",160,9.369157098400835,0.864192731024085,1.077271189847376,1.0929370488070584,True,scipy.optimize.linprog(method='highs'),0,Optimization terminated successfully. (HiGHS Status 7: Optimal),1.4210854715202004e-14,48,606
2000140,ideal_large_sparse,"Ideal: large, sparse",141,18.987905789070147,0.7026615102113735,1.1012375432610066,1.3573466994518648,True,scipy.optimize.linprog(method='highs'),0,Optimization terminated successfully. (HiGHS Status 7: Optimal),1.4210854715202004e-14,120,710
2000141,ideal_large_sparse,"Ideal: large, sparse",142,25.877366608491496,0.5934998364869017,1.244376043311633,1.6399212743310754,True,scipy.optimize.linprog(method='highs'),0,Optimization terminated successfully. (HiGHS Status 7: Optimal),1.4210854715202004e-14,120,708
2000142,ideal_large_sparse,"Ideal: large, sparse",143,15.796984071527865,0.7255401908461022,1.2228420095384689,1.5911580604721152,True,scipy.optimize.linprog(method='highs'),0,Optimization terminated successfully. (HiGHS Status 7: Optimal),1.4210854715202004e-14,120,737
2000143,ideal_large_sparse,"Ideal: large, sparse",144,19.37565400702379,0.6823173035922614,1.1601306339281456,1.549793227500532,True,scipy.optimize.linprog(method='highs'),0,Optimization terminated successfully. (HiGHS Status 7: Optimal),1.4210854715202004e-14,120,727
2000144,ideal_large_sparse,"Ideal: large, sparse",145,13.358714423480327,0.7617409840849036,1.15466173930804,1.6609919978522871,True,scipy.optimize.linprog(method='highs'),0,Optimization terminated successfully. (HiGHS Status 7: Optimal),1.4210854715202004e-14,120,699
2000145,ideal_large_sparse,"Ideal: large, sparse",146,30.50671594028243,0.5494866245392719,1.160172805187572,1.392066195988832,True,scipy.optimize.linprog(method='highs'),0,Optimization terminated successfully. (HiGHS Status 7: Optimal),2.8421709430404014e-14,120,766
2000146,ideal_large_sparse,"Ideal: large, sparse",147,20.57026941893136,0.6790935517979098,1.098979861924377,1.463391570541364,True,scipy.optimize.linprog(method='highs'),0,Optimization terminated successfully. (HiGHS Status 7: Optimal),1.4210854715202004e-14,120,721
2000147,ideal_large_sparse,"Ideal: large, sparse",148,23.440655360941733,0.6424094009740736,1.0472029621736705,1.460294658922145,True,scipy.optimize.linprog(method='highs'),0,Optimization terminated successfully. (HiGHS Status 7: Optimal),1.4210854715202004e-14,120,718
2000148,ideal_large_sparse,"Ideal: large, sparse",149,15.225484762856093,0.7510032878725424,1.076749303710415,1.3285516089624143,True,scipy.optimize.linprog(method='highs'),0,Optimization terminated successfully. (HiGHS Status 7: Optimal),1.4210854715202004e-14,120,733
2000149,ideal_large_sparse,"Ideal: large, sparse",150,17.700362587823278,0.7203856632589649,1.132625860188934,1.357834192635986,True,scipy.optimize.linprog(method='highs'),0,Optimization terminated successfully. (HiGHS Status 7: Optimal),1.4210854715202004e-14,120,686
2000150,ideal_large_sparse,"Ideal: large, sparse",151,20.381303639402148,0.6650809140759574,1.2023745752856343,1.5726174971978717,True,scipy.optimize.linprog(method='highs'),0,Optimization terminated successfully. (HiGHS Status 7: Optimal),1.4210854715202004e-14,120,715
2000151,ideal_large_sparse,"Ideal: large, sparse",152,17.390662778677907,0.7120460633747252,1.1708371430316673,1.5580843487512572,True,scipy.optimize.linprog(method='highs'),0,Optimization terminated successfully. (HiGHS Status 7: Optimal),1.4210854715202004e-14,120,728
2000152,ideal_large_sparse,"Ideal: large, sparse",153,20.112459608607335,0.6803262933962246,1.1504045377570604,1.4750351433803102,True,scipy.optimize.linprog(method='highs'),0,Optimization terminated successfully. (HiGHS Status 7: Optimal),1.4210854715202004e-14,120,743
2000153,ideal_large_sparse,"Ideal: large, sparse",154,27.901159308375284,0.5774949306969491,1.1489511912289114,1.4110147905025758,True,scipy.optimize.linprog(method='highs'),0,Optimization terminated successfully. (HiGHS Status 7: Optimal),1.4210854715202004e-14,120,731
2000154,ideal_large_sparse,"Ideal: large, sparse",155,20.177477177714213,0.6769030994615305,1.1233551330444855,1.4598718981414671,True,scipy.optimize.linprog(method='highs'),0,Optimization terminated successfully. (HiGHS Status 7: Optimal),1.4210854715202004e-14,120,706
2000155,ideal_large_sparse,"Ideal: large, sparse",156,30.61091736208117,0.5427090722957183,1.0951680384759843,1.4676375996236186,True,scipy.optimize.linprog(method='highs'),0,Optimization terminated successfully. (HiGHS Status 7: Optimal),1.4210854715202004e-14,120,697
2000156,ideal_large_sparse,"Ideal: large, sparse",157,20.70874404588764,0.680311630685331,1.1211758947264967,1.413932594733248,True,scipy.optimize.linprog(method='highs'),0,Optimization terminated successfully. (HiGHS Status 7: Optimal),2.8421709430404014e-14,120,743
2000157,ideal_large_sparse,"Ideal: large, sparse",158,23.36876530773798,0.6357929385677279,1.1781040844235555,1.5203766591379717,True,scipy.optimize.linprog(method='highs'),0,Optimization terminated successfully. (HiGHS Status 7: Optimal),1.4210854715202004e-14,120,697
2000158,ideal_large_sparse,"Ideal: large, sparse",159,19.13267585138496,0.6851503130649473,1.1799360938792858,1.6022851395409954,True,scipy.optimize.linprog(method='highs'),0,Optimization terminated successfully. (HiGHS Status 7: Optimal),1.4210854715202004e-14,120,720
2000159,ideal_large_sparse,"Ideal: large, sparse",160,24.694466991241136,0.6010759348758246,1.159586026749536,1.677471554178951,True,scipy.optimize.linprog(method='highs'),0,Optimization terminated successfully. (HiGHS Status 7: Optimal),1.4210854715202004e-14,120,748
3000140,serial_dependence,Serial dependence,141,15.479342492145506,0.7644708065027345,1.0999273860324164,1.181592279054989,True,scipy.optimize.linprog(method='highs'),0,Optimization terminated successfully. (HiGHS Status 7: Optimal),1.4210854715202004e-14,120,1243
3000141,serial_dependence,Serial dependence,142,28.28512167149475,0.5947168943661988,1.1180627766191673,1.27519714933424,True,scipy.optimize.linprog(method='highs'),0,Optimization terminated successfully. (HiGHS Status 7: Optimal),1.4210854715202004e-14,120,1188
3000142,serial_dependence,Serial dependence,143,14.69658162664484,0.7650177153502904,1.178453736310365,1.3395726962147456,True,scipy.optimize.linprog(method='highs'),0,Optimization terminated successfully. (HiGHS Status 7: Optimal),1.4210854715202004e-14,120,1283
3000143,serial_dependence,Serial dependence,144,11.600481415514205,0.8244438464128534,1.0598297357992137,1.1229812991395434,True,scipy.optimize.linprog(method='highs'),0,Optimization terminated successfully. (HiGHS Status 7: Optimal),1.4210854715202004e-14,120,1247
3000144,serial_dependence,Serial dependence,145,14.258839046215805,0.7861414021514157,1.0803407582590372,1.1334821413595566,True,scipy.optimize.linprog(method='highs'),0,Optimization terminated successfully. (HiGHS Status 7: Optimal),1.4210854715202004e-14,120,1195
3000145,serial_dependence,Serial dependence,146,17.591554668162647,0.7298397268344802,1.0776259506028631,1.1690435257929206,True,scipy.optimize.linprog(method='highs'),0,Optimization terminated successfully. (HiGHS Status 7: Optimal),1.4210854715202004e-14,120,1207
3000146,serial_dependence,Serial dependence,147,19.31029618750033,0.7045702027042415,1.1838597622023226,1.297399840897145,True,scipy.optimize.linprog(method='highs'),0,Optimization terminated successfully. (HiGHS Status 7: Optimal),1.4210854715202004e-14,120,1122
3000147,serial_dependence,Serial dependence,148,19.573165267695803,0.709996691472725,1.0447172588437548,1.1724476811734277,True,scipy.optimize.linprog(method='highs'),0,Optimization terminated successfully. (HiGHS Status 7: Optimal),1.4210854715202004e-14,120,1193
3000148,serial_dependence,Serial dependence,149,14.507858602550158,0.7824833725244488,1.0093927759013706,1.0891342277965017,True,scipy.optimize.linprog(method='highs'),0,Optimization terminated successfully. (HiGHS Status 7: Optimal),1.4210854715202004e-14,120,1164
3000149,serial_dependence,Serial dependence,150,15.783886896340393,0.7628543156187867,1.1127284377998936,1.1966165442008232,True,scipy.optimize.linprog(method='highs'),0,Optimization terminated successfully. (HiGHS Status 7: Optimal),1.4210854715202004e-14,120,1179
3000150,serial_dependence,Serial dependence,151,16.797757166600057,0.7408923485485992,1.021666509207226,1.1152933398703344,True,scipy.optimize.linprog(method='highs'),0,Optimization terminated successfully. (HiGHS Status 7: Optimal),1.4210854715202004e-14,120,1138
3000151,serial_dependence,Serial dependence,152,11.84260931822537,0.8084981141275521,1.1370040146031677,1.2653551059715908,True,scipy.optimize.linprog(method='highs'),0,Optimization terminated successfully. (HiGHS Status 7: Optimal),1.4210854715202004e-14,120,1240
3000152,serial_dependence,Serial dependence,153,14.773634423310114,0.7807003138515277,1.0136475389139052,1.0591535543703017,True,scipy.optimize.linprog(method='highs'),0,Optimization terminated successfully. (HiGHS Status 7: Optimal),1.4210854715202004e-14,120,1178
3000153,serial_dependence,Serial dependence,154,16.619203611708446,0.752524485101199,1.1136803415538397,1.1909683054872453,True,scipy.optimize.linprog(method='highs'),0,Optimization terminated successfully. (HiGHS Status 7: Optimal),1.4210854715202004e-14,120,1212
3000154,serial_dependence,Serial dependence,155,16.30124548524913,0.748177746768368,1.0461748053090087,1.1622061629753937,True,scipy.optimize.linprog(method='highs'),0,Optimization terminated successfully. (HiGHS Status 7: Optimal),1.4210854715202004e-14,120,1199
3000155,serial_dependence,Serial dependence,156,23.961760739356617,0.6518856035087007,1.0459357774080842,1.1440324078741169,True,scipy.optimize.linprog(method='highs'),0,Optimization terminated successfully. (HiGHS Status 7: Optimal),2.8421709430404014e-14,120,1163
3000156,serial_dependence,Serial dependence,157,13.129879029010487,0.7943157078392259,1.1049832090534126,1.1857315824767911,True,scipy.optimize.linprog(method='highs'),0,Optimization terminated successfully. (HiGHS Status 7: Optimal),1.4210854715202004e-14,120,1195
3000157,serial_dependence,Serial dependence,158,2.9118226815576853,0.9269991990627784,1.1508772360747428,1.2462872156558928,True,scipy.optimize.linprog(method='highs'),0,Optimization terminated successfully. (HiGHS Status 7: Optimal),1.4210854715202004e-14,120,1206
3000158,serial_dependence,Serial dependence,159,10.483497697865417,0.8306905277649785,1.0477782676427732,1.1599582308450322,True,scipy.optimize.linprog(method='highs'),0,Optimization terminated successfully. (HiGHS Status 7: Optimal),1.4210854715202004e-14,120,1159
3000159,serial_dependence,Serial dependence,160,21.968111246373123,0.6758321756465332,0.9846965017511804,1.1789291577293544,True,scipy.optimize.linprog(method='highs'),0,Optimization terminated successfully. (HiGHS Status 7: Optimal),1.4210854715202004e-14,120,1226
4000140,discrete_map_rounding,Integer MAP rounding,141,7.750000000000055,0.8749999999999992,1.1024935116966366,1.1370804149554143,True,scipy.optimize.linprog(method='highs'),0,Optimization terminated successfully. (HiGHS Status 7: Optimal),1.4210854715202004e-14,120,1188
4000141,discrete_map_rounding,Integer MAP rounding,142,15.647058823529449,0.7647058823529407,1.0851182902065244,1.1717492599992607,True,scipy.optimize.linprog(method='highs'),0,Optimization terminated successfully. (HiGHS Status 7: Optimal),2.8421709430404014e-14,120,1209
4000142,discrete_map_rounding,Integer MAP rounding,143,14.565217391304335,0.7826086956521741,1.0824567082474696,1.1503519651644656,True,scipy.optimize.linprog(method='highs'),0,Optimization terminated successfully. (HiGHS Status 7: Optimal),1.4210854715202004e-14,120,1236
4000143,discrete_map_rounding,Integer MAP rounding,144,11.588235294117638,0.823529411764706,1.1013681544490364,1.1402168710918712,True,scipy.optimize.linprog(method='highs'),0,Optimization terminated successfully. (HiGHS Status 7: Optimal),1.4210854715202004e-14,120,1160
4000144,discrete_map_rounding,Integer MAP rounding,145,16.428571428571477,0.7619047619047613,1.0356983410108414,1.10455170986421,True,scipy.optimize.linprog(method='highs'),0,Optimization terminated successfully. (HiGHS Status 7: Optimal),1.4210854715202004e-14,120,1229
4000145,discrete_map_rounding,Integer MAP rounding,146,6.555555555555586,0.8888888888888884,1.1126768516976848,1.1503503047878052,True,scipy.optimize.linprog(method='highs'),0,Optimization terminated successfully. (HiGHS Status 7: Optimal),1.4210854715202004e-14,120,1224
4000146,discrete_map_rounding,Integer MAP rounding,147,21.562500000000032,0.6874999999999997,1.027195094835719,1.122269658582158,True,scipy.optimize.linprog(method='highs'),0,Optimization terminated successfully. (HiGHS Status 7: Optimal),1.4210854715202004e-14,120,1194
4000147,discrete_map_rounding,Integer MAP rounding,148,17.86956521739131,0.7391304347826086,1.0702448412095138,1.1198619089244088,True,scipy.optimize.linprog(method='highs'),0,Optimization terminated successfully. (HiGHS Status 7: Optimal),1.4210854715202004e-14,120,1227
4000148,discrete_map_rounding,Integer MAP rounding,149,19.94117647058822,0.7058823529411767,1.063989767721384,1.1362736453361455,True,scipy.optimize.linprog(method='highs'),0,Optimization terminated successfully. (HiGHS Status 7: Optimal),1.4210854715202004e-14,120,1231
4000149,discrete_map_rounding,Integer MAP rounding,150,14.42857142857143,0.7857142857142858,1.1247796885654038,1.177491839179339,True,scipy.optimize.linprog(method='highs'),0,Optimization terminated successfully. (HiGHS Status 7: Optimal),1.4210854715202004e-14,120,1179
4000150,discrete_map_rounding,Integer MAP rounding,151,11.363636363636472,0.8181818181818166,1.064981079736761,1.1438848674473676,True,scipy.optimize.linprog(method='highs'),0,Optimization terminated successfully. (HiGHS Status 7: Optimal),1.4210854715202004e-14,120,1186
4000151,discrete_map_rounding,Integer MAP rounding,152,14.263157894736842,0.7894736842105263,1.014277797616613,1.0711565402190404,True,scipy.optimize.linprog(method='highs'),0,Optimization terminated successfully. (HiGHS Status 7: Optimal),7.105427357601002e-15,120,1162
4000152,discrete_map_rounding,Integer MAP rounding,153,17.25000000000002,0.7499999999999998,1.0660929521867033,1.1057908064158066,True,scipy.optimize.linprog(method='highs'),0,Optimization terminated successfully. (HiGHS Status 7: Optimal),1.4210854715202004e-14,120,1173
4000153,discrete_map_rounding,Integer MAP rounding,154,22.66666666666666,0.6666666666666667,1.0486837275378929,1.121490627428127,True,scipy.optimize.linprog(method='highs'),0,Optimization terminated successfully. (HiGHS Status 7: Optimal),1.4210854715202004e-14,120,1162
4000154,discrete_map_rounding,Integer MAP rounding,155,14.77272727272728,0.7727272727272726,1.0655079224226969,1.1736358687608688,True,scipy.optimize.linprog(method='highs'),0,Optimization terminated successfully. (HiGHS Status 7: Optimal),1.4210854715202004e-14,120,1240
4000155,discrete_map_rounding,Integer MAP rounding,156,12.6,0.8,1.0915247322122337,1.1943064366189362,True,scipy.optimize.linprog(method='highs'),0,Optimization terminated successfully. (HiGHS Status 7: Optimal),1.4210854715202004e-14,120,1208
4000156,discrete_map_rounding,Integer MAP rounding,157,19.57142857142857,0.7142857142857143,1.1117107984607997,1.1808901838901835,True,scipy.optimize.linprog(method='highs'),0,Optimization terminated successfully. (HiGHS Status 7: Optimal),7.105427357601002e-15,120,1162
4000157,discrete_map_rounding,Integer MAP rounding,158,17.5,0.75,1.1083310890498397,1.135827533577534,True,scipy.optimize.linprog(method='highs'),0,Optimization terminated successfully. (HiGHS Status 7: Optimal),0.0,120,1211
4000158,discrete_map_rounding,Integer MAP rounding,159,16.49999999999998,0.7500000000000003,1.0977694701132197,1.1764263976763978,True,scipy.optimize.linprog(method='highs'),0,Optimization terminated successfully. (HiGHS Status 7: Optimal),1.4210854715202004e-14,120,1126
4000159,discrete_map_rounding,Integer MAP rounding,160,21.0625,0.6875,1.0978159294409302,1.1759766113516112,True,scipy.optimize.linprog(method='highs'),0,Optimization terminated successfully. (HiGHS Status 7: Optimal),0.0,120,1229
5000140,informative_monitoring,Informative monitoring,141,23.969140100713663,0.6324233308114237,1.1451199081453378,1.409280669375075,True,scipy.optimize.linprog(method='highs'),0,Optimization terminated successfully. (HiGHS Status 7: Optimal),1.4210854715202004e-14,120,697
5000141,informative_monitoring,Informative monitoring,142,33.25452992590028,0.4993669019479221,1.1494843568920958,1.528389085162975,True,scipy.optimize.linprog(method='highs'),0,Optimization terminated successfully. (HiGHS Status 7: Optimal),1.4210854715202004e-14,120,676
5000142,informative_monitoring,Informative monitoring,143,23.311224228437982,0.6477374904564493,1.1391507803245144,1.4032189375618536,True,scipy.optimize.linprog(method='highs'),0,Optimization terminated successfully. (HiGHS Status 7: Optimal),2.131628207280301e-14,120,697
5000143,informative_monitoring,Informative monitoring,144,25.36769471625103,0.6255056592548744,1.082862566765613,1.301441808102303,True,scipy.optimize.linprog(method='highs'),0,Optimization terminated successfully. (HiGHS Status 7: Optimal),1.4210854715202004e-14,120,698
5000144,informative_monitoring,Informative monitoring,145,18.95175518353004,0.7000928657962675,1.0896337794052386,1.342291715240895,True,scipy.optimize.linprog(method='highs'),0,Optimization terminated successfully. (HiGHS Status 7: Optimal),1.4210854715202004e-14,120,725
5000145,informative_monitoring,Informative monitoring,146,21.50155929585718,0.6737579696034668,1.0183168011142705,1.2825719333331462,True,scipy.optimize.linprog(method='highs'),0,Optimization terminated successfully. (HiGHS Status 7: Optimal),1.4210854715202004e-14,120,664
5000146,informative_monitoring,Informative monitoring,147,17.66481690220979,0.7113129682746414,1.0703381532491087,1.3520708935459096,True,scipy.optimize.linprog(method='highs'),0,Optimization terminated successfully. (HiGHS Status 7: Optimal),1.4210854715202004e-14,120,678
5000147,informative_monitoring,Informative monitoring,148,15.771970903740892,0.757853058922639,1.0599531429147913,1.244753812985356,True,scipy.optimize.linprog(method='highs'),0,Optimization terminated successfully. (HiGHS Status 7: Optimal),1.4210854715202004e-14,120,639
5000148,informative_monitoring,Informative monitoring,149,12.606550967373373,0.7977887106573343,1.0619389831713466,1.2447905939786998,True,scipy.optimize.linprog(method='highs'),0,Optimization terminated successfully. (HiGHS Status 7: Optimal),1.4210854715202004e-14,120,775
5000149,informative_monitoring,Informative monitoring,150,14.940125764551382,0.7574560054492537,1.1003851116231271,1.279851441242498,True,scipy.optimize.linprog(method='highs'),0,Optimization terminated successfully. (HiGHS Status 7: Optimal),1.4210854715202004e-14,120,703
5000150,informative_monitoring,Informative monitoring,151,11.896501795384555,0.8050390266462819,1.0742992375669016,1.2865718596314244,True,scipy.optimize.linprog(method='highs'),0,Optimization terminated successfully. (HiGHS Status 7: Optimal),1.4210854715202004e-14,120,698
5000151,informative_monitoring,Informative monitoring,152,15.61465447885201,0.7605475536930395,1.0939908083278769,1.2472639193471136,True,scipy.optimize.linprog(method='highs'),0,Optimization terminated successfully. (HiGHS Status 7: Optimal),1.4210854715202004e-14,120,703
5000152,informative_monitoring,Informative monitoring,153,25.919309259687072,0.6024811703536777,1.1741832488609607,1.3780805851799198,True,scipy.optimize.linprog(method='highs'),0,Optimization terminated successfully. (HiGHS Status 7: Optimal),1.4210854715202004e-14,120,719
5000153,informative_monitoring,Informative monitoring,154,19.680565727896365,0.6960172020986842,1.1272845991047684,1.3714307400892256,True,scipy.optimize.linprog(method='highs'),0,Optimization terminated successfully. (HiGHS Status 7: Optimal),1.4210854715202004e-14,120,639
5000154,informative_monitoring,Informative monitoring,155,19.86349538730063,0.6944347031723047,1.1472274155266855,1.361846186204675,True,scipy.optimize.linprog(method='highs'),0,Optimization terminated successfully. (HiGHS Status 7: Optimal),1.4210854715202004e-14,120,751
5000155,informative_monitoring,Informative monitoring,156,23.187969490057164,0.6437731794025233,1.0914999880839331,1.3786148288418345,True,scipy.optimize.linprog(method='highs'),0,Optimization terminated successfully. (HiGHS Status 7: Optimal),1.4210854715202004e-14,120,736
5000156,informative_monitoring,Informative monitoring,157,15.551354481029447,0.7554164668840387,1.0474351883928503,1.2034065808428105,True,scipy.optimize.linprog(method='highs'),0,Optimization terminated successfully. (HiGHS Status 7: Optimal),1.4210854715202004e-14,120,704
5000157,informative_monitoring,Informative monitoring,158,13.3725668797994,0.7764638208654797,1.1851184255339444,1.4657476179409945,True,scipy.optimize.linprog(method='highs'),0,Optimization terminated successfully. (HiGHS Status 7: Optimal),1.4210854715202004e-14,120,678
5000158,informative_monitoring,Informative monitoring,159,21.878649487925347,0.6559287216976821,1.1832801497663836,1.4714594365243407,True,scipy.optimize.linprog(method='highs'),0,Optimization terminated successfully. (HiGHS Status 7: Optimal),1.4210854715202004e-14,120,739
5000159,informative_monitoring,Informative monitoring,160,23.76671559422853,0.6353650687200845,1.051026315968239,1.334760145652098,True,scipy.optimize.linprog(method='highs'),0,Optimization terminated successfully. (HiGHS Status 7: Optimal),1.4210854715202004e-14,120,667
6000140,cluster_size_informative,Cluster size--level association,141,10.734633844729842,0.8410645124130539,1.067982483733661,1.0879278357455642,True,scipy.optimize.linprog(method='highs'),0,Optimization terminated successfully. (HiGHS Status 7: Optimal),1.4210854715202004e-14,120,1369
6000141,cluster_size_informative,Cluster size--level association,142,15.551182954999256,0.7807395718084916,1.028345032481793,1.060367002131793,True,scipy.optimize.linprog(method='highs'),0,Optimization terminated successfully. (HiGHS Status 7: Optimal),1.4210854715202004e-14,120,1364
6000142,cluster_size_informative,Cluster size--level association,143,11.966249297416368,0.8238205467425495,0.9964962755755344,1.0276883766071712,True,scipy.optimize.linprog(method='highs'),0,Optimization terminated successfully. (HiGHS Status 7: Optimal),1.4210854715202004e-14,120,1395
6000143,cluster_size_informative,Cluster size--level association,144,17.49412730146865,0.7550332444156658,1.0098711106412044,1.0679088500008511,True,scipy.optimize.linprog(method='highs'),0,Optimization terminated successfully. (HiGHS Status 7: Optimal),1.4210854715202004e-14,120,1346
6000144,cluster_size_informative,Cluster size--level association,145,15.9713483842868,0.7624780298391,1.1042964564068878,1.168853806446766,True,scipy.optimize.linprog(method='highs'),0,Optimization terminated successfully. (HiGHS Status 7: Optimal),1.4210854715202004e-14,120,1368
6000145,cluster_size_informative,Cluster size--level association,146,19.260934089412665,0.7216257946493039,1.058167336666041,1.1265596770431532,True,scipy.optimize.linprog(method='highs'),0,Optimization terminated successfully. (HiGHS Status 7: Optimal),1.4210854715202004e-14,120,1403
6000146,cluster_size_informative,Cluster size--level association,147,12.219632806563467,0.8157074229409678,1.0405877664704692,1.0647632278689378,True,scipy.optimize.linprog(method='highs'),0,Optimization terminated successfully. (HiGHS Status 7: Optimal),1.4210854715202004e-14,120,1446
6000147,cluster_size_informative,Cluster size--level association,148,18.3531023040924,0.7264966589550953,1.0925408462516513,1.1884471274650017,True,scipy.optimize.linprog(method='highs'),0,Optimization terminated successfully. (HiGHS Status 7: Optimal),1.4210854715202004e-14,120,1418
6000148,cluster_size_informative,Cluster size--level association,149,16.867307582590865,0.7488497463138942,1.0461190189513163,1.129587436773743,True,scipy.optimize.linprog(method='highs'),0,Optimization terminated successfully. (HiGHS Status 7: Optimal),1.4210854715202004e-14,120,1420
6000149,cluster_size_informative,Cluster size--level association,150,13.970668891916834,0.7995815789720572,1.0408003846444924,1.0790025864534412,True,scipy.optimize.linprog(method='highs'),0,Optimization terminated successfully. (HiGHS Status 7: Optimal),1.4210854715202004e-14,120,1298
6000150,cluster_size_informative,Cluster size--level association,151,8.46959138693888,0.8663528940661859,1.0424478636861052,1.0900266708267097,True,scipy.optimize.linprog(method='highs'),0,Optimization terminated successfully. (HiGHS Status 7: Optimal),1.4210854715202004e-14,120,1394
6000151,cluster_size_informative,Cluster size--level association,152,13.916090359032788,0.787894720424161,1.1054484305728234,1.1622658054075523,True,scipy.optimize.linprog(method='highs'),0,Optimization terminated successfully. (HiGHS Status 7: Optimal),1.4210854715202004e-14,120,1384
6000152,cluster_size_informative,Cluster size--level association,153,12.567033659798176,0.8195819008365048,1.055396911716208,1.0738948392327703,True,scipy.optimize.linprog(method='highs'),0,Optimization terminated successfully. (HiGHS Status 7: Optimal),1.4210854715202004e-14,120,1371
6000153,cluster_size_informative,Cluster size--level association,154,13.82806488121045,0.7996814983913682,1.062645064556606,1.105978313990363,True,scipy.optimize.linprog(method='highs'),0,Optimization terminated successfully. (HiGHS Status 7: Optimal),1.4210854715202004e-14,120,1354
6000154,cluster_size_informative,Cluster size--level association,155,15.01092413112142,0.7778167545797333,1.1070746936971894,1.164082645185434,True,scipy.optimize.linprog(method='highs'),0,Optimization terminated successfully. (HiGHS Status 7: Optimal),1.4210854715202004e-14,120,1365
6000155,cluster_size_informative,Cluster size--level association,156,11.941438361586307,0.8247166807073553,1.0827937454405163,1.1179023233220915,True,scipy.optimize.linprog(method='highs'),0,Optimization terminated successfully. (HiGHS Status 7: Optimal),1.4210854715202004e-14,120,1325
6000156,cluster_size_informative,Cluster size--level association,157,18.79347184335837,0.7275641367280185,1.0605446465704698,1.1182305173035365,True,scipy.optimize.linprog(method='highs'),0,Optimization terminated successfully. (HiGHS Status 7: Optimal),1.4210854715202004e-14,120,1368
6000157,cluster_size_informative,Cluster size--level association,158,12.81673678562094,0.8121905327371447,1.024618397539033,1.068474575997291,True,scipy.optimize.linprog(method='highs'),0,Optimization terminated successfully. (HiGHS Status 7: Optimal),1.4210854715202004e-14,120,1437
6000158,cluster_size_informative,Cluster size--level association,159,15.106148115425938,0.7740955577963837,1.0516366838393305,1.09649110203837,True,scipy.optimize.linprog(method='highs'),0,Optimization terminated successfully. (HiGHS Status 7: Optimal),1.4210854715202004e-14,120,1447
6000159,cluster_size_informative,Cluster size--level association,160,11.684052579817658,0.8222243161005928,1.1011444884808672,1.1424298679067215,True,scipy.optimize.linprog(method='highs'),0,Optimization terminated successfully. (HiGHS Status 7: Optimal),1.4210854715202004e-14,120,1413
7000140,common_time_misspecified,Misspecified common time,141,14.4951474333632,0.7343067408194434,1.1010732248724144,1.6468690611202152,True,scipy.optimize.linprog(method='highs'),0,Optimization terminated successfully. (HiGHS Status 7: Optimal),2.8421709430404014e-14,120,1136
7000141,common_time_misspecified,Misspecified common time,142,9.916312326517604,0.7986277816463003,1.099412062446313,1.5925881822142642,True,scipy.optimize.linprog(method='highs'),0,Optimization terminated successfully. (HiGHS Status 7: Optimal),1.4210854715202004e-14,120,1227
7000142,common_time_misspecified,Misspecified common time,143,10.536631804907856,0.7797181563616626,1.1833355991755596,1.857121053287248,True,scipy.optimize.linprog(method='highs'),0,Optimization terminated successfully. (HiGHS Status 7: Optimal),1.4210854715202004e-14,120,1242
7000143,common_time_misspecified,Misspecified common time,144,10.182089735539233,0.7925834873562633,1.0553981042895502,1.5998728978107692,True,scipy.optimize.linprog(method='highs'),0,Optimization terminated successfully. (HiGHS Status 7: Optimal),1.4210854715202004e-14,120,1182
7000144,common_time_misspecified,Misspecified common time,145,15.264683530687751,0.723286363277695,1.0656444989101832,1.6606497572491312,True,scipy.optimize.linprog(method='highs'),0,Optimization terminated successfully. (HiGHS Status 7: Optimal),1.4210854715202004e-14,120,1191
7000145,common_time_misspecified,Misspecified common time,146,8.86204742701699,0.8066398004635333,1.1448857172855982,1.707195249098206,True,scipy.optimize.linprog(method='highs'),0,Optimization terminated successfully. (HiGHS Status 7: Optimal),1.4210854715202004e-14,120,1175
7000146,common_time_misspecified,Misspecified common time,147,20.983895347245895,0.6437889652101908,1.1081668415030927,1.7639139955189986,True,scipy.optimize.linprog(method='highs'),0,Optimization terminated successfully. (HiGHS Status 7: Optimal),1.4210854715202004e-14,120,1174
7000147,common_time_misspecified,Misspecified common time,148,12.14172765194227,0.7678991041819453,1.1077143963047902,1.599474431046657,True,scipy.optimize.linprog(method='highs'),0,Optimization terminated successfully. (HiGHS Status 7: Optimal),1.4210854715202004e-14,120,1245
7000148,common_time_misspecified,Misspecified common time,149,12.150557078684749,0.7670277463728569,1.0796654414613966,1.6390431156241767,True,scipy.optimize.linprog(method='highs'),0,Optimization terminated successfully. (HiGHS Status 7: Optimal),1.4210854715202004e-14,120,1191
7000149,common_time_misspecified,Misspecified common time,150,11.433951826474376,0.7827777805014134,1.1169899790333386,1.596351244082872,True,scipy.optimize.linprog(method='highs'),0,Optimization terminated successfully. (HiGHS Status 7: Optimal),1.4210854715202004e-14,120,1230
7000150,common_time_misspecified,Misspecified common time,151,17.04159084182809,0.7036943547570691,1.1148570175524932,1.5873085461558054,True,scipy.optimize.linprog(method='highs'),0,Optimization terminated successfully. (HiGHS Status 7: Optimal),1.4210854715202004e-14,120,1241
7000151,common_time_misspecified,Misspecified common time,152,18.869131706571224,0.676554421653592,1.0244909790984826,1.6555780774546376,True,scipy.optimize.linprog(method='highs'),0,Optimization terminated successfully. (HiGHS Status 7: Optimal),1.4210854715202004e-14,120,1173
7000152,common_time_misspecified,Misspecified common time,153,1.4514797802060997,0.9099718085975608,1.038203133741906,1.6977667331792134,True,scipy.optimize.linprog(method='highs'),0,Optimization terminated successfully. (HiGHS Status 7: Optimal),1.4210854715202004e-14,120,1219
7000153,common_time_misspecified,Misspecified common time,154,7.841616996162173,0.8187547831586162,1.1091898492108545,1.7067225838180522,True,scipy.optimize.linprog(method='highs'),0,Optimization terminated successfully. (HiGHS Status 7: Optimal),1.4210854715202004e-14,120,1192
7000154,common_time_misspecified,Misspecified common time,155,15.042885225365213,0.7269039678100037,1.097658405137834,1.68816681568558,True,scipy.optimize.linprog(method='highs'),0,Optimization terminated successfully. (HiGHS Status 7: Optimal),1.4210854715202004e-14,120,1175
7000155,common_time_misspecified,Misspecified common time,156,11.02366650175539,0.7851662693094543,1.1360189445311832,1.6593586376678513,True,scipy.optimize.linprog(method='highs'),0,Optimization terminated successfully. (HiGHS Status 7: Optimal),1.4210854715202004e-14,120,1220
7000156,common_time_misspecified,Misspecified common time,157,12.94237764774951,0.7561748303158295,1.1092675246452497,1.594489881534468,True,scipy.optimize.linprog(method='highs'),0,Optimization terminated successfully. (HiGHS Status 7: Optimal),1.4210854715202004e-14,120,1187
7000157,common_time_misspecified,Misspecified common time,158,6.479209927022331,0.8342327843792691,1.154738911697302,1.8031874435030024,True,scipy.optimize.linprog(method='highs'),0,Optimization terminated successfully. (HiGHS Status 7: Optimal),1.4210854715202004e-14,120,1190
7000158,common_time_misspecified,Misspecified common time,159,11.829536676329552,0.7667734971075159,1.0977429234735896,1.687285751308471,True,scipy.optimize.linprog(method='highs'),0,Optimization terminated successfully. (HiGHS Status 7: Optimal),1.4210854715202004e-14,120,1162
7000159,common_time_misspecified,Misspecified common time,160,17.046744135550796,0.6968095114741047,1.1476394156693903,1.8098575535985248,True,scipy.optimize.linprog(method='highs'),0,Optimization terminated successfully. (HiGHS Status 7: Optimal),1.4210854715202004e-14,120,1186
8000140,level_plus_shape,Persistent level plus shape,141,46.14523150514589,0.3151283769930974,1.3295805718045108,1.6385597900012454,True,scipy.optimize.linprog(method='highs'),0,Optimization terminated successfully. (HiGHS Status 7: Optimal),1.4210854715202004e-14,120,1433
8000141,level_plus_shape,Persistent level plus shape,142,53.41471097267017,0.2244646460162072,1.1965880216746565,1.4889588049534492,True,scipy.optimize.linprog(method='highs'),0,Optimization terminated successfully. (HiGHS Status 7: Optimal),1.4210854715202004e-14,120,1450
8000142,level_plus_shape,Persistent level plus shape,143,53.72602893107664,0.2244346907310234,1.2425431177649258,1.5178948254172753,True,scipy.optimize.linprog(method='highs'),0,Optimization terminated successfully. (HiGHS Status 7: Optimal),1.4210854715202004e-14,120,1451
8000143,level_plus_shape,Persistent level plus shape,144,69.66451649854592,-0.015782950020751,1.201042327480602,1.765390500997624,True,scipy.optimize.linprog(method='highs'),0,Optimization terminated successfully. (HiGHS Status 7: Optimal),1.4210854715202004e-14,120,1416
8000144,level_plus_shape,Persistent level plus shape,145,55.75041575404342,0.1960952653851215,1.3137676605865152,1.6730277894764367,True,scipy.optimize.linprog(method='highs'),0,Optimization terminated successfully. (HiGHS Status 7: Optimal),1.4210854715202004e-14,120,1453
8000145,level_plus_shape,Persistent level plus shape,146,47.57248170286842,0.2953617485095138,1.310286107424261,1.5737680894459172,True,scipy.optimize.linprog(method='highs'),0,Optimization terminated successfully. (HiGHS Status 7: Optimal),1.4210854715202004e-14,120,1466
8000146,level_plus_shape,Persistent level plus shape,147,45.5218353185238,0.3387262195993356,1.255410009000344,1.4619828241983304,True,scipy.optimize.linprog(method='highs'),0,Optimization terminated successfully. (HiGHS Status 7: Optimal),1.4210854715202004e-14,120,1415
8000147,level_plus_shape,Persistent level plus shape,148,55.71249649063651,0.1993295493940317,1.1603480301568294,1.5056843931088957,True,scipy.optimize.linprog(method='highs'),0,Optimization terminated successfully. (HiGHS Status 7: Optimal),1.4210854715202004e-14,120,1399
8000148,level_plus_shape,Persistent level plus shape,149,46.442727059289695,0.3229494030254166,1.2649390433775047,1.5329627384912998,True,scipy.optimize.linprog(method='highs'),0,Optimization terminated successfully. (HiGHS Status 7: Optimal),1.4210854715202004e-14,120,1402
8000149,level_plus_shape,Persistent level plus shape,150,46.0841313511386,0.333783096227722,1.1639855458838286,1.4198975999821482,True,scipy.optimize.linprog(method='highs'),0,Optimization terminated successfully. (HiGHS Status 7: Optimal),2.131628207280301e-14,120,1457
8000150,level_plus_shape,Persistent level plus shape,151,55.27683004419175,0.204242655806012,1.1737165419781086,1.474889349955281,True,scipy.optimize.linprog(method='highs'),0,Optimization terminated successfully. (HiGHS Status 7: Optimal),1.4210854715202004e-14,120,1404
8000151,level_plus_shape,Persistent level plus shape,152,59.064936080941656,0.144275176753499,1.2545467765115283,1.6776414101007413,True,scipy.optimize.linprog(method='highs'),0,Optimization terminated successfully. (HiGHS Status 7: Optimal),1.4210854715202004e-14,120,1398
8000152,level_plus_shape,Persistent level plus shape,153,44.647220310440005,0.3456663358558234,1.2313390677237812,1.5579672771480106,True,scipy.optimize.linprog(method='highs'),0,Optimization terminated successfully. (HiGHS Status 7: Optimal),1.4210854715202004e-14,120,1448
8000153,level_plus_shape,Persistent level plus shape,154,47.93088396449398,0.2966270373527857,1.1887441600023037,1.5518388924086253,True,scipy.optimize.linprog(method='highs'),0,Optimization terminated successfully. (HiGHS Status 7: Optimal),1.4210854715202004e-14,120,1437
8000154,level_plus_shape,Persistent level plus shape,155,54.28377574228622,0.2326249910748083,1.1655657751069628,1.4670579430902897,True,scipy.optimize.linprog(method='highs'),0,Optimization terminated successfully. (HiGHS Status 7: Optimal),2.8421709430404014e-14,120,1414
8000155,level_plus_shape,Persistent level plus shape,156,48.89053073051385,0.2896616698580013,1.2422891352360468,1.5071371546156191,True,scipy.optimize.linprog(method='highs'),0,Optimization terminated successfully. (HiGHS Status 7: Optimal),1.4210854715202004e-14,120,1415
8000156,level_plus_shape,Persistent level plus shape,157,40.92995806777999,0.3951976733272127,1.2970188682195931,1.546380915405656,True,scipy.optimize.linprog(method='highs'),0,Optimization terminated successfully. (HiGHS Status 7: Optimal),1.4210854715202004e-14,120,1447
8000157,level_plus_shape,Persistent level plus shape,158,49.20410506201553,0.2882975048489647,1.2203488459861642,1.5499393010896398,True,scipy.optimize.linprog(method='highs'),0,Optimization terminated successfully. (HiGHS Status 7: Optimal),1.4210854715202004e-14,120,1421
8000158,level_plus_shape,Persistent level plus shape,159,64.25164294607983,0.0684991973512192,1.2336732495464005,1.7877431269859103,True,scipy.optimize.linprog(method='highs'),0,Optimization terminated successfully. (HiGHS Status 7: Optimal),1.4210854715202004e-14,120,1469
8000159,level_plus_shape,Persistent level plus shape,160,59.157709110192826,0.1388037762481993,1.2314156499298774,1.633224299365339,True,scipy.optimize.linprog(method='highs'),0,Optimization terminated successfully. (HiGHS Status 7: Optimal),1.4210854715202004e-14,120,1419
9000140,treatment_feedback,Treatment feedback,141,23.992869801058017,0.6652893046588044,1.1193023333743088,1.1677553720805784,True,scipy.optimize.linprog(method='highs'),0,Optimization terminated successfully. (HiGHS Status 7: Optimal),1.4210854715202004e-14,120,1190
9000141,treatment_feedback,Treatment feedback,142,29.254679921117564,0.5960339074939168,1.0278112069359442,1.13323113497843,True,scipy.optimize.linprog(method='highs'),0,Optimization terminated successfully. (HiGHS Status 7: Optimal),1.4210854715202004e-14,120,1196
9000142,treatment_feedback,Treatment feedback,143,22.327178587690057,0.6881505973885725,1.103477469085475,1.1639306025883165,True,scipy.optimize.linprog(method='highs'),0,Optimization terminated successfully. (HiGHS Status 7: Optimal),1.4210854715202004e-14,120,1186
9000143,treatment_feedback,Treatment feedback,144,32.58852521403645,0.5344261262390346,1.1172094097132574,1.2161796241774072,True,scipy.optimize.linprog(method='highs'),0,Optimization terminated successfully. (HiGHS Status 7: Optimal),1.4210854715202004e-14,120,1182
9000144,treatment_feedback,Treatment feedback,145,26.51779930679925,0.6197090897432324,1.1242641697603395,1.230600927558503,True,scipy.optimize.linprog(method='highs'),0,Optimization terminated successfully. (HiGHS Status 7: Optimal),1.4210854715202004e-14,120,1241
9000145,treatment_feedback,Treatment feedback,146,23.922915335619518,0.6660241208420087,1.0324991840682114,1.0986397038565092,True,scipy.optimize.linprog(method='highs'),0,Optimization terminated successfully. (HiGHS Status 7: Optimal),1.4210854715202004e-14,120,1186
9000146,treatment_feedback,Treatment feedback,147,31.024473445050884,0.5621653142011928,1.132784973516963,1.230752922700019,True,scipy.optimize.linprog(method='highs'),0,Optimization terminated successfully. (HiGHS Status 7: Optimal),1.4210854715202004e-14,120,1204
9000147,treatment_feedback,Treatment feedback,148,24.67679831989165,0.6541182393491387,1.0755008807132052,1.1397703881371872,True,scipy.optimize.linprog(method='highs'),0,Optimization terminated successfully. (HiGHS Status 7: Optimal),1.4210854715202004e-14,120,1186
9000148,treatment_feedback,Treatment feedback,149,17.45994376642521,0.7622501276690805,1.039689128763548,1.092639918828601,True,scipy.optimize.linprog(method='highs'),0,Optimization terminated successfully. (HiGHS Status 7: Optimal),1.4210854715202004e-14,120,1193
9000149,treatment_feedback,Treatment feedback,150,22.595476133127548,0.6850082423405072,1.0880871017461915,1.156900761455387,True,scipy.optimize.linprog(method='highs'),0,Optimization terminated successfully. (HiGHS Status 7: Optimal),1.4210854715202004e-14,120,1184
9000150,treatment_feedback,Treatment feedback,151,28.791793033248496,0.6086060443979951,1.0533915501150144,1.15286940460192,True,scipy.optimize.linprog(method='highs'),0,Optimization terminated successfully. (HiGHS Status 7: Optimal),1.4210854715202004e-14,120,1244
9000151,treatment_feedback,Treatment feedback,152,19.573997042180498,0.7216905308896521,1.0913891198371009,1.1404055720078663,True,scipy.optimize.linprog(method='highs'),0,Optimization terminated successfully. (HiGHS Status 7: Optimal),1.4210854715202004e-14,120,1234
9000152,treatment_feedback,Treatment feedback,153,21.24461096637362,0.6924130413661199,1.0848424273764767,1.1653746216857908,True,scipy.optimize.linprog(method='highs'),0,Optimization terminated successfully. (HiGHS Status 7: Optimal),2.8421709430404014e-14,120,1254
9000153,treatment_feedback,Treatment feedback,154,36.52526916307769,0.4969696557289348,1.0681385316988283,1.1597046071841155,True,scipy.optimize.linprog(method='highs'),0,Optimization terminated successfully. (HiGHS Status 7: Optimal),2.8421709430404014e-14,120,1183
9000154,treatment_feedback,Treatment feedback,155,31.08535046551245,0.5570605681698116,1.1723903400968754,1.2814381155708143,True,scipy.optimize.linprog(method='highs'),0,Optimization terminated successfully. (HiGHS Status 7: Optimal),1.4210854715202004e-14,120,1168
9000155,treatment_feedback,Treatment feedback,156,28.878534765922662,0.6000937485343364,1.0559449323347805,1.1391324379234269,True,scipy.optimize.linprog(method='highs'),0,Optimization terminated successfully. (HiGHS Status 7: Optimal),2.8421709430404014e-14,120,1169
9000156,treatment_feedback,Treatment feedback,157,28.560673572931925,0.6033890520864379,1.0327527817489306,1.11846330170415,True,scipy.optimize.linprog(method='highs'),0,Optimization terminated successfully. (HiGHS Status 7: Optimal),1.4210854715202004e-14,120,1225
9000157,treatment_feedback,Treatment feedback,158,19.974057870509792,0.7185536287870519,1.0690669446479832,1.1165770636873389,True,scipy.optimize.linprog(method='highs'),0,Optimization terminated successfully. (HiGHS Status 7: Optimal),1.4210854715202004e-14,120,1182
9000158,treatment_feedback,Treatment feedback,159,31.408617565910653,0.5561879051032034,1.085499639021793,1.2776525989459433,True,scipy.optimize.linprog(method='highs'),0,Optimization terminated successfully. (HiGHS Status 7: Optimal),1.4210854715202004e-14,120,1155
9000159,treatment_feedback,Treatment feedback,160,29.575189323161013,0.582118165411671,1.1238183037287746,1.235770883224224,True,scipy.optimize.linprog(method='highs'),0,Optimization terminated successfully. (HiGHS Status 7: Optimal),1.4210854715202004e-14,120,1208
10000140,transient_nonpersistent,Transient non-persistence,141,60.189483005172455,0.152259781467706,0.9980633090260352,1.773391377039342,True,scipy.optimize.linprog(method='highs'),0,Optimization terminated successfully. (HiGHS Status 7: Optimal),1.4210854715202004e-14,120,1220
10000141,transient_nonpersistent,Transient non-persistence,142,67.17773637808479,0.0476525209267879,1.0066532869711249,1.889116985420933,True,scipy.optimize.linprog(method='highs'),0,Optimization terminated successfully. (HiGHS Status 7: Optimal),1.4210854715202004e-14,120,1218
10000142,transient_nonpersistent,Transient non-persistence,143,63.28541868649472,0.105988567782383,1.0592342543765534,2.06621755960121,True,scipy.optimize.linprog(method='highs'),0,Optimization terminated successfully. (HiGHS Status 7: Optimal),1.4210854715202004e-14,120,1228
10000143,transient_nonpersistent,Transient non-persistence,144,59.8200005284055,0.1521245569294222,1.0514257921106334,1.635997384441649,True,scipy.optimize.linprog(method='highs'),0,Optimization terminated successfully. (HiGHS Status 7: Optimal),1.4210854715202004e-14,120,1187
10000144,transient_nonpersistent,Transient non-persistence,145,57.058370356945616,0.1915744833025733,1.0121690410706452,1.940438883466482,True,scipy.optimize.linprog(method='highs'),0,Optimization terminated successfully. (HiGHS Status 7: Optimal),1.4210854715202004e-14,120,1200
10000145,transient_nonpersistent,Transient non-persistence,146,64.63378522147879,0.0882766130171629,1.0465994143130402,1.833649180837708,True,scipy.optimize.linprog(method='highs'),0,Optimization terminated successfully. (HiGHS Status 7: Optimal),1.4210854715202004e-14,120,1164
10000146,transient_nonpersistent,Transient non-persistence,147,60.06206568604457,0.1511037337772283,1.0528491361768988,1.8536961196277373,True,scipy.optimize.linprog(method='highs'),0,Optimization terminated successfully. (HiGHS Status 7: Optimal),1.4210854715202004e-14,120,1222
10000147,transient_nonpersistent,Transient non-persistence,148,56.96353226227223,0.1976958292717513,0.991521888518998,1.6914310178471608,True,scipy.optimize.linprog(method='highs'),0,Optimization terminated successfully. (HiGHS Status 7: Optimal),1.4210854715202004e-14,120,1187
10000148,transient_nonpersistent,Transient non-persistence,149,61.72642073676595,0.1271091899723176,1.022841141886979,2.006435604151389,True,scipy.optimize.linprog(method='highs'),0,Optimization terminated successfully. (HiGHS Status 7: Optimal),1.4210854715202004e-14,120,1207
10000149,transient_nonpersistent,Transient non-persistence,150,64.6757446602766,0.0879009874348002,0.9637977419810144,1.9826317085282836,True,scipy.optimize.linprog(method='highs'),0,Optimization terminated successfully. (HiGHS Status 7: Optimal),1.4210854715202004e-14,120,1215
10000150,transient_nonpersistent,Transient non-persistence,151,67.12161272322571,0.0573883234614278,0.998869228419066,1.8205107659325916,True,scipy.optimize.linprog(method='highs'),0,Optimization terminated successfully. (HiGHS Status 7: Optimal),1.4210854715202004e-14,120,1234
10000151,transient_nonpersistent,Transient non-persistence,152,67.38451512699416,0.0543794730167747,0.9907705744942908,1.886177539970045,True,scipy.optimize.linprog(method='highs'),0,Optimization terminated successfully. (HiGHS Status 7: Optimal),1.4210854715202004e-14,120,1213
10000152,transient_nonpersistent,Transient non-persistence,153,56.44965416094226,0.2021663500320842,1.0301750265917375,1.6539130448225563,True,scipy.optimize.linprog(method='highs'),0,Optimization terminated successfully. (HiGHS Status 7: Optimal),1.4210854715202004e-14,120,1203
10000153,transient_nonpersistent,Transient non-persistence,154,68.35086838810265,0.032290530098095,1.055915748696699,1.9265746555696783,True,scipy.optimize.linprog(method='highs'),0,Optimization terminated successfully. (HiGHS Status 7: Optimal),1.4210854715202004e-14,120,1217
10000154,transient_nonpersistent,Transient non-persistence,155,65.20088350779436,0.0774289494417597,0.9904349096311073,1.757567391498649,True,scipy.optimize.linprog(method='highs'),0,Optimization terminated successfully. (HiGHS Status 7: Optimal),1.4210854715202004e-14,120,1219
10000155,transient_nonpersistent,Transient non-persistence,156,58.61679800340946,0.1668332537594551,1.042166603965346,1.6630587225029505,True,scipy.optimize.linprog(method='highs'),0,Optimization terminated successfully. (HiGHS Status 7: Optimal),1.4210854715202004e-14,120,1207
10000156,transient_nonpersistent,Transient non-persistence,157,58.29800122920925,0.1801492368921134,1.063748678225842,1.563930603432974,True,scipy.optimize.linprog(method='highs'),0,Optimization terminated successfully. (HiGHS Status 7: Optimal),1.4210854715202004e-14,120,1195
10000157,transient_nonpersistent,Transient non-persistence,158,68.7678325090356,0.0366779769148562,1.007215214490682,2.029163610625936,True,scipy.optimize.linprog(method='highs'),0,Optimization terminated successfully. (HiGHS Status 7: Optimal),1.4210854715202004e-14,120,1232
10000158,transient_nonpersistent,Transient non-persistence,159,61.98987320372918,0.1232786691686211,1.0102466837350834,1.6689998347347403,True,scipy.optimize.linprog(method='highs'),0,Optimization terminated successfully. (HiGHS Status 7: Optimal),1.4210854715202004e-14,120,1135
10000159,transient_nonpersistent,Transient non-persistence,160,59.823809437759806,0.150987757295033,1.015256132832259,1.8670069942314635,True,scipy.optimize.linprog(method='highs'),0,Optimization terminated successfully. (HiGHS Status 7: Optimal),1.4210854715202004e-14,120,1207
160,ideal_large_dense,"Ideal: large, dense",161,13.479790667918207,0.7877053865263306,1.0870228931725112,1.1454571298194425,True,scipy.optimize.linprog(method='highs'),0,Optimization terminated successfully. (HiGHS Status 7: Optimal),1.4210854715202004e-14,120,1403
161,ideal_large_dense,"Ideal: large, dense",162,0.7265528432608563,0.9736242819230096,1.0813452161422858,1.109261576810893,True,scipy.optimize.linprog(method='highs'),0,Optimization terminated successfully. (HiGHS Status 7: Optimal),1.4210854715202004e-14,120,1459
162,ideal_large_dense,"Ideal: large, dense",163,9.549317282907992,0.8573342932645186,1.0218725832849178,1.060749608149368,True,scipy.optimize.linprog(method='highs'),0,Optimization terminated successfully. (HiGHS Status 7: Optimal),1.4210854715202004e-14,120,1464
163,ideal_large_dense,"Ideal: large, dense",164,8.342077409477163,0.8702913863813294,1.051571444134572,1.0786642089394232,True,scipy.optimize.linprog(method='highs'),0,Optimization terminated successfully. (HiGHS Status 7: Optimal),1.4210854715202004e-14,120,1437
164,ideal_large_dense,"Ideal: large, dense",165,6.544687621226359,0.8970142551048867,1.0623311122815464,1.0901424756573874,True,scipy.optimize.linprog(method='highs'),0,Optimization terminated successfully. (HiGHS Status 7: Optimal),1.4210854715202004e-14,120,1456
165,ideal_large_dense,"Ideal: large, dense",166,8.615399666058774,0.8659792615597295,1.09470856490738,1.1205258674343466,True,scipy.optimize.linprog(method='highs'),0,Optimization terminated successfully. (HiGHS Status 7: Optimal),1.4210854715202004e-14,120,1435
166,ideal_large_dense,"Ideal: large, dense",167,10.926083335044725,0.8380087282257355,1.00160998072437,1.0220163516349283,True,scipy.optimize.linprog(method='highs'),0,Optimization terminated successfully. (HiGHS Status 7: Optimal),1.4210854715202004e-14,120,1424
167,ideal_large_dense,"Ideal: large, dense",168,18.95922877828115,0.7204796001097444,1.0663206130621763,1.1173751303666526,True,scipy.optimize.linprog(method='highs'),0,Optimization terminated successfully. (HiGHS Status 7: Optimal),1.4210854715202004e-14,120,1420
168,ideal_large_dense,"Ideal: large, dense",169,11.246063537424035,0.8256459578940453,1.0538953822141457,1.088992433318721,True,scipy.optimize.linprog(method='highs'),0,Optimization terminated successfully. (HiGHS Status 7: Optimal),1.4210854715202004e-14,120,1496
169,ideal_large_dense,"Ideal: large, dense",170,18.81017199651714,0.7340082560080543,1.032544476519521,1.082826800917829,True,scipy.optimize.linprog(method='highs'),0,Optimization terminated successfully. (HiGHS Status 7: Optimal),2.8421709430404014e-14,120,1425
170,ideal_large_dense,"Ideal: large, dense",171,9.099275062098046,0.863826582037596,1.0706979083024004,1.0886488637030196,True,scipy.optimize.linprog(method='highs'),0,Optimization terminated successfully. (HiGHS Status 7: Optimal),1.4210854715202004e-14,120,1497
171,ideal_large_dense,"Ideal: large, dense",172,13.429224329040885,0.7998685840683456,1.096578306742187,1.135419950869634,True,scipy.optimize.linprog(method='highs'),0,Optimization terminated successfully. (HiGHS Status 7: Optimal),1.4210854715202004e-14,120,1481
172,ideal_large_dense,"Ideal: large, dense",173,10.155075192439512,0.8470517041061602,1.0026808424998248,1.039797932195277,True,scipy.optimize.linprog(method='highs'),0,Optimization terminated successfully. (HiGHS Status 7: Optimal),1.4210854715202004e-14,120,1480
173,ideal_large_dense,"Ideal: large, dense",174,5.837341481214813,0.9080263780417512,1.082958428614804,1.0982535246725211,True,scipy.optimize.linprog(method='highs'),0,Optimization terminated successfully. (HiGHS Status 7: Optimal),2.8421709430404014e-14,120,1422
174,ideal_large_dense,"Ideal: large, dense",175,7.931225105546728,0.884149734707619,0.974618274968974,0.9871295375381904,True,scipy.optimize.linprog(method='highs'),0,Optimization terminated successfully. (HiGHS Status 7: Optimal),1.4210854715202004e-14,120,1387
175,ideal_large_dense,"Ideal: large, dense",176,5.705238466954654,0.9048709702837332,1.0516659125621846,1.0784583317102263,True,scipy.optimize.linprog(method='highs'),0,Optimization terminated successfully. (HiGHS Status 7: Optimal),1.4210854715202004e-14,120,1439
176,ideal_large_dense,"Ideal: large, dense",177,17.005420961705013,0.7440261045180906,1.1065051640037242,1.1727088197523077,True,scipy.optimize.linprog(method='highs'),0,Optimization terminated successfully. (HiGHS Status 7: Optimal),1.4210854715202004e-14,120,1422
177,ideal_large_dense,"Ideal: large, dense",178,5.411354969769635,0.9178665786869508,1.046628314021514,1.0559222124362555,True,scipy.optimize.linprog(method='highs'),0,Optimization terminated successfully. (HiGHS Status 7: Optimal),1.4210854715202004e-14,120,1413
178,ideal_large_dense,"Ideal: large, dense",179,12.982010338192326,0.8111539170408503,1.0597844089919943,1.0843209528563964,True,scipy.optimize.linprog(method='highs'),0,Optimization terminated successfully. (HiGHS Status 7: Optimal),4.263256414560601e-14,120,1475
179,ideal_large_dense,"Ideal: large, dense",180,13.118289263926773,0.8126065253397837,1.0429682411285537,1.0723020299237662,True,scipy.optimize.linprog(method='highs'),0,Optimization terminated successfully. (HiGHS Status 7: Optimal),1.4210854715202004e-14,120,1452
1000160,ideal_small_dense,"Ideal: small, dense",161,11.74482287052814,0.8287036949933618,0.9764493044956984,1.0035455392252983,True,scipy.optimize.linprog(method='highs'),0,Optimization terminated successfully. (HiGHS Status 7: Optimal),1.4210854715202004e-14,48,583
1000161,ideal_small_dense,"Ideal: small, dense",162,19.52024944530254,0.7242686011122345,1.052062528858973,1.1037775892524582,True,scipy.optimize.linprog(method='highs'),0,Optimization terminated successfully. (HiGHS Status 7: Optimal),1.4210854715202004e-14,48,581
1000162,ideal_small_dense,"Ideal: small, dense",163,18.02802589648468,0.7453831030923722,1.0438094909961082,1.0752791362565657,True,scipy.optimize.linprog(method='highs'),0,Optimization terminated successfully. (HiGHS Status 7: Optimal),1.4210854715202004e-14,48,623
1000163,ideal_small_dense,"Ideal: small, dense",164,12.610420687308618,0.8164078853073659,0.9991151654781084,1.0304733912045254,True,scipy.optimize.linprog(method='highs'),0,Optimization terminated successfully. (HiGHS Status 7: Optimal),1.4210854715202004e-14,48,561
1000164,ideal_small_dense,"Ideal: small, dense",165,19.752950739708947,0.7136076053482266,1.0250984968591987,1.065006010394468,True,scipy.optimize.linprog(method='highs'),0,Optimization terminated successfully. (HiGHS Status 7: Optimal),2.8421709430404014e-14,48,557
1000165,ideal_small_dense,"Ideal: small, dense",166,8.631101271380459,0.8744436720968636,1.032428323325141,1.0568421988500236,True,scipy.optimize.linprog(method='highs'),0,Optimization terminated successfully. (HiGHS Status 7: Optimal),1.4210854715202004e-14,48,602
1000166,ideal_small_dense,"Ideal: small, dense",167,21.58446830798368,0.7022703827074477,0.8854693863608754,0.9573742167757944,True,scipy.optimize.linprog(method='highs'),0,Optimization terminated successfully. (HiGHS Status 7: Optimal),1.4210854715202004e-14,48,584
1000167,ideal_small_dense,"Ideal: small, dense",168,10.40055101106407,0.8570440446031309,1.0489986595581942,1.0625238816270888,True,scipy.optimize.linprog(method='highs'),0,Optimization terminated successfully. (HiGHS Status 7: Optimal),1.4210854715202004e-14,48,582
1000168,ideal_small_dense,"Ideal: small, dense",169,18.67169102188575,0.7377333865692017,1.0295426966574743,1.0872266774736845,True,scipy.optimize.linprog(method='highs'),0,Optimization terminated successfully. (HiGHS Status 7: Optimal),2.8421709430404014e-14,48,586
1000169,ideal_small_dense,"Ideal: small, dense",170,9.224851340540424,0.8665053661671215,1.011368649705704,1.0346932574426695,True,scipy.optimize.linprog(method='highs'),0,Optimization terminated successfully. (HiGHS Status 7: Optimal),1.4210854715202004e-14,48,583
1000170,ideal_small_dense,"Ideal: small, dense",171,12.62502817813673,0.8303136140865757,0.9522204111561212,0.966126998435109,True,scipy.optimize.linprog(method='highs'),0,Optimization terminated successfully. (HiGHS Status 7: Optimal),1.4210854715202004e-14,48,576
1000171,ideal_small_dense,"Ideal: small, dense",172,6.818581541651544,0.8970261911678472,1.0711407331171308,1.1009422110655416,True,scipy.optimize.linprog(method='highs'),0,Optimization terminated successfully. (HiGHS Status 7: Optimal),2.8421709430404014e-14,48,590
1000172,ideal_small_dense,"Ideal: small, dense",173,24.26408193590516,0.6484061388458241,0.9724278464735738,1.0222425166723954,True,scipy.optimize.linprog(method='highs'),0,Optimization terminated successfully. (HiGHS Status 7: Optimal),1.4210854715202004e-14,48,603
1000173,ideal_small_dense,"Ideal: small, dense",174,13.1227766498285,0.8148358398005354,1.0202987424074896,1.0329580412336126,True,scipy.optimize.linprog(method='highs'),0,Optimization terminated successfully. (HiGHS Status 7: Optimal),1.4210854715202004e-14,48,557
1000174,ideal_small_dense,"Ideal: small, dense",175,6.916819601274455,0.906241909395756,1.0733377628850094,1.08380178312726,True,scipy.optimize.linprog(method='highs'),0,Optimization terminated successfully. (HiGHS Status 7: Optimal),1.4210854715202004e-14,48,584
1000175,ideal_small_dense,"Ideal: small, dense",176,6.266260792682488,0.8905970275470222,1.07038950365888,1.1110231756007327,True,scipy.optimize.linprog(method='highs'),0,Optimization terminated successfully. (HiGHS Status 7: Optimal),1.4210854715202004e-14,48,573
1000176,ideal_small_dense,"Ideal: small, dense",177,10.527064810175837,0.8499365618300322,0.9853987755784543,1.0110600691644307,True,scipy.optimize.linprog(method='highs'),0,Optimization terminated successfully. (HiGHS Status 7: Optimal),1.4210854715202004e-14,48,586
1000177,ideal_small_dense,"Ideal: small, dense",178,3.733169157091965,0.94678508883,0.9616523197878613,0.964560721034086,True,scipy.optimize.linprog(method='highs'),0,Optimization terminated successfully. (HiGHS Status 7: Optimal),1.4210854715202004e-14,48,601
1000178,ideal_small_dense,"Ideal: small, dense",179,10.67436568157786,0.8552281979659481,1.112856664058868,1.1430648678066408,True,scipy.optimize.linprog(method='highs'),0,Optimization terminated successfully. (HiGHS Status 7: Optimal),1.4210854715202004e-14,48,582
1000179,ideal_small_dense,"Ideal: small, dense",180,8.851545046001768,0.861104219375582,1.0854504425920115,1.122375134686663,True,scipy.optimize.linprog(method='highs'),0,Optimization terminated successfully. (HiGHS Status 7: Optimal),2.8421709430404014e-14,48,565
2000160,ideal_large_sparse,"Ideal: large, sparse",161,26.696889892625464,0.5868204398816322,1.1424827219234344,1.4232524570758915,True,scipy.optimize.linprog(method='highs'),0,Optimization terminated successfully. (HiGHS Status 7: Optimal),1.4210854715202004e-14,120,746
2000161,ideal_large_sparse,"Ideal: large, sparse",162,21.52770523606993,0.6635065734975789,1.086348870273124,1.4466714488228136,True,scipy.optimize.linprog(method='highs'),0,Optimization terminated successfully. (HiGHS Status 7: Optimal),1.4210854715202004e-14,120,738
2000162,ideal_large_sparse,"Ideal: large, sparse",163,30.224991350852747,0.5338254690500144,1.1538347760658791,1.7110523864724605,True,scipy.optimize.linprog(method='highs'),0,Optimization terminated successfully. (HiGHS Status 7: Optimal),1.4210854715202004e-14,120,731
2000163,ideal_large_sparse,"Ideal: large, sparse",164,19.140505573031103,0.6939020389831904,1.1876314040483478,1.6278009710734422,True,scipy.optimize.linprog(method='highs'),0,Optimization terminated successfully. (HiGHS Status 7: Optimal),1.4210854715202004e-14,120,722
2000164,ideal_large_sparse,"Ideal: large, sparse",165,14.148644991246798,0.759937203160498,1.1108670351415493,1.4158704357479046,True,scipy.optimize.linprog(method='highs'),0,Optimization terminated successfully. (HiGHS Status 7: Optimal),2.8421709430404014e-14,120,733
2000165,ideal_large_sparse,"Ideal: large, sparse",166,12.81889963689754,0.779299230983822,1.1369845118577326,1.4323508044397832,True,scipy.optimize.linprog(method='highs'),0,Optimization terminated successfully. (HiGHS Status 7: Optimal),1.4210854715202004e-14,120,725
2000166,ideal_large_sparse,"Ideal: large, sparse",167,3.763412309506961,0.9057256880574244,1.083875914875167,1.2539682633147415,True,scipy.optimize.linprog(method='highs'),0,Optimization terminated successfully. (HiGHS Status 7: Optimal),1.4210854715202004e-14,120,709
2000167,ideal_large_sparse,"Ideal: large, sparse",168,18.50884426090512,0.7053905700597685,1.1188644750797998,1.3749148784099157,True,scipy.optimize.linprog(method='highs'),0,Optimization terminated successfully. (HiGHS Status 7: Optimal),1.4210854715202004e-14,120,717
2000168,ideal_large_sparse,"Ideal: large, sparse",169,33.534576652312246,0.5153973188299592,1.104786291830432,1.537627879740341,True,scipy.optimize.linprog(method='highs'),0,Optimization terminated successfully. (HiGHS Status 7: Optimal),1.4210854715202004e-14,120,721
2000169,ideal_large_sparse,"Ideal: large, sparse",170,24.448798980434425,0.6188309883958971,1.1092113575837417,1.5503482549926642,True,scipy.optimize.linprog(method='highs'),0,Optimization terminated successfully. (HiGHS Status 7: Optimal),1.4210854715202004e-14,120,697
2000170,ideal_large_sparse,"Ideal: large, sparse",171,12.230599252733263,0.7893729147693916,1.1042591734222535,1.381320932350832,True,scipy.optimize.linprog(method='highs'),0,Optimization terminated successfully. (HiGHS Status 7: Optimal),1.4210854715202004e-14,120,699
2000171,ideal_large_sparse,"Ideal: large, sparse",172,22.650313047240186,0.6590290965700067,1.0900669232704343,1.36300656310417,True,scipy.optimize.linprog(method='highs'),0,Optimization terminated successfully. (HiGHS Status 7: Optimal),1.4210854715202004e-14,120,714
2000172,ideal_large_sparse,"Ideal: large, sparse",173,12.113097877420936,0.783848051942692,1.159875684845033,1.4454263836473389,True,scipy.optimize.linprog(method='highs'),0,Optimization terminated successfully. (HiGHS Status 7: Optimal),1.4210854715202004e-14,120,721
2000173,ideal_large_sparse,"Ideal: large, sparse",174,19.12015315569093,0.6928635277892751,1.142884257153711,1.4184786022826934,True,scipy.optimize.linprog(method='highs'),0,Optimization terminated successfully. (HiGHS Status 7: Optimal),1.4210854715202004e-14,120,734
2000174,ideal_large_sparse,"Ideal: large, sparse",175,21.47591933202112,0.6471336218769876,1.1896906662108893,1.5887541093259694,True,scipy.optimize.linprog(method='highs'),0,Optimization terminated successfully. (HiGHS Status 7: Optimal),1.4210854715202004e-14,120,731
2000175,ideal_large_sparse,"Ideal: large, sparse",176,28.67775625077381,0.5667913397836944,1.2054152735212444,1.5510362340485226,True,scipy.optimize.linprog(method='highs'),0,Optimization terminated successfully. (HiGHS Status 7: Optimal),1.4210854715202004e-14,120,738
2000176,ideal_large_sparse,"Ideal: large, sparse",177,15.389305363204135,0.7396203740785541,1.230328207969642,1.4712370876487637,True,scipy.optimize.linprog(method='highs'),0,Optimization terminated successfully. (HiGHS Status 7: Optimal),1.4210854715202004e-14,120,743
2000177,ideal_large_sparse,"Ideal: large, sparse",178,22.369460908512718,0.6638522746035928,1.114373596978734,1.3696814579019632,True,scipy.optimize.linprog(method='highs'),0,Optimization terminated successfully. (HiGHS Status 7: Optimal),1.4210854715202004e-14,120,717
2000178,ideal_large_sparse,"Ideal: large, sparse",179,19.63356125819839,0.6940992611771497,1.1174669369540309,1.3975925255837816,True,scipy.optimize.linprog(method='highs'),0,Optimization terminated successfully. (HiGHS Status 7: Optimal),1.4210854715202004e-14,120,717
2000179,ideal_large_sparse,"Ideal: large, sparse",180,22.719234384109605,0.6417481109573399,1.085200490331175,1.4382195930853905,True,scipy.optimize.linprog(method='highs'),0,Optimization terminated successfully. (HiGHS Status 7: Optimal),2.8421709430404014e-14,120,708
3000160,serial_dependence,Serial dependence,161,13.60770205956686,0.7908455227557915,1.0886008942481893,1.1519261295015777,True,scipy.optimize.linprog(method='highs'),0,Optimization terminated successfully. (HiGHS Status 7: Optimal),1.4210854715202004e-14,120,1201
3000161,serial_dependence,Serial dependence,162,16.50606038277347,0.7531196212479212,1.1171915721121606,1.1805971372982715,True,scipy.optimize.linprog(method='highs'),0,Optimization terminated successfully. (HiGHS Status 7: Optimal),1.4210854715202004e-14,120,1203
3000162,serial_dependence,Serial dependence,163,11.474593723857817,0.8237652906304356,1.0487838880716651,1.1215030582794336,True,scipy.optimize.linprog(method='highs'),0,Optimization terminated successfully. (HiGHS Status 7: Optimal),1.4210854715202004e-14,120,1230
3000163,serial_dependence,Serial dependence,164,19.772640117443476,0.7087732167687276,1.0686668457881143,1.165775422027657,True,scipy.optimize.linprog(method='highs'),0,Optimization terminated successfully. (HiGHS Status 7: Optimal),1.4210854715202004e-14,120,1152
3000164,serial_dependence,Serial dependence,165,12.229038989072578,0.8012241619917704,1.0597719965050445,1.1819753233463897,True,scipy.optimize.linprog(method='highs'),0,Optimization terminated successfully. (HiGHS Status 7: Optimal),1.4210854715202004e-14,120,1207
3000165,serial_dependence,Serial dependence,166,22.738176894440706,0.6491441752838968,1.1249958032613865,1.2604168122996005,True,scipy.optimize.linprog(method='highs'),0,Optimization terminated successfully. (HiGHS Status 7: Optimal),1.4210854715202004e-14,120,1225
3000166,serial_dependence,Serial dependence,167,12.144843138485491,0.8178907328203195,1.0542547769945834,1.0942355964909012,True,scipy.optimize.linprog(method='highs'),0,Optimization terminated successfully. (HiGHS Status 7: Optimal),1.4210854715202004e-14,120,1241
3000167,serial_dependence,Serial dependence,168,15.087126767875104,0.772795425145441,1.117401291244414,1.197359169670011,True,scipy.optimize.linprog(method='highs'),0,Optimization terminated successfully. (HiGHS Status 7: Optimal),1.4210854715202004e-14,120,1173
3000168,serial_dependence,Serial dependence,169,16.078642289243092,0.7413021682017056,1.0970639851744344,1.304432669394991,True,scipy.optimize.linprog(method='highs'),0,Optimization terminated successfully. (HiGHS Status 7: Optimal),1.4210854715202004e-14,120,1238
3000169,serial_dependence,Serial dependence,170,14.60931922504274,0.7731030196489626,1.1462572177484345,1.2370967830565167,True,scipy.optimize.linprog(method='highs'),0,Optimization terminated successfully. (HiGHS Status 7: Optimal),1.4210854715202004e-14,120,1232
3000170,serial_dependence,Serial dependence,171,22.59061621156145,0.6680348684501353,1.0806677761853167,1.2664414689383952,True,scipy.optimize.linprog(method='highs'),0,Optimization terminated successfully. (HiGHS Status 7: Optimal),1.4210854715202004e-14,120,1210
3000171,serial_dependence,Serial dependence,172,1.3010823690635362,0.965249144246764,1.063432907378126,1.0930238336442082,True,scipy.optimize.linprog(method='highs'),0,Optimization terminated successfully. (HiGHS Status 7: Optimal),1.4210854715202004e-14,120,1216
3000172,serial_dependence,Serial dependence,173,7.997818925398466,0.8567476897185108,1.1619861597569925,1.2944830520634245,True,scipy.optimize.linprog(method='highs'),0,Optimization terminated successfully. (HiGHS Status 7: Optimal),1.4210854715202004e-14,120,1182
3000173,serial_dependence,Serial dependence,174,14.685448013906871,0.7699004290846545,1.129545012385681,1.2557025074155312,True,scipy.optimize.linprog(method='highs'),0,Optimization terminated successfully. (HiGHS Status 7: Optimal),1.4210854715202004e-14,120,1217
3000174,serial_dependence,Serial dependence,175,10.693178749339433,0.8360268814405614,1.0715054281100287,1.1163979747346529,True,scipy.optimize.linprog(method='highs'),0,Optimization terminated successfully. (HiGHS Status 7: Optimal),1.4210854715202004e-14,120,1231
3000175,serial_dependence,Serial dependence,176,17.8583388912876,0.7046255977985127,1.1154461622156258,1.392506819368568,True,scipy.optimize.linprog(method='highs'),0,Optimization terminated successfully. (HiGHS Status 7: Optimal),1.4210854715202004e-14,120,1200
3000176,serial_dependence,Serial dependence,177,20.536095509369765,0.6832042049667301,1.084924111842914,1.2457453641989618,True,scipy.optimize.linprog(method='highs'),0,Optimization terminated successfully. (HiGHS Status 7: Optimal),1.4210854715202004e-14,120,1172
3000177,serial_dependence,Serial dependence,178,12.619267184976216,0.8082324993881,1.06140811947397,1.1319666527486525,True,scipy.optimize.linprog(method='highs'),0,Optimization terminated successfully. (HiGHS Status 7: Optimal),2.8421709430404014e-14,120,1190
3000178,serial_dependence,Serial dependence,179,12.310874405035648,0.8029057931747936,1.0681672438261305,1.1680959748152968,True,scipy.optimize.linprog(method='highs'),0,Optimization terminated successfully. (HiGHS Status 7: Optimal),2.8421709430404014e-14,120,1251
3000179,serial_dependence,Serial dependence,180,16.971836645187004,0.7405509803625384,1.0925671559433088,1.1735862948186828,True,scipy.optimize.linprog(method='highs'),0,Optimization terminated successfully. (HiGHS Status 7: Optimal),1.4210854715202004e-14,120,1220
4000160,discrete_map_rounding,Integer MAP rounding,161,18.80000000000002,0.7199999999999996,1.0979041620416634,1.174334982147482,True,scipy.optimize.linprog(method='highs'),0,Optimization terminated successfully. (HiGHS Status 7: Optimal),1.4210854715202004e-14,120,1184
4000161,discrete_map_rounding,Integer MAP rounding,162,15.000000000000012,0.7777777777777775,1.0261665741665742,1.0818375698375704,True,scipy.optimize.linprog(method='highs'),0,Optimization terminated successfully. (HiGHS Status 7: Optimal),2.8421709430404014e-14,120,1147
4000162,discrete_map_rounding,Integer MAP rounding,163,9.275862068965516,0.8620689655172414,1.0399466545587224,1.0560494366744368,True,scipy.optimize.linprog(method='highs'),0,Optimization terminated successfully. (HiGHS Status 7: Optimal),1.4210854715202004e-14,120,1198
4000163,discrete_map_rounding,Integer MAP rounding,164,8.50000000000005,0.8749999999999993,1.0696465710215717,1.085614723239724,True,scipy.optimize.linprog(method='highs'),0,Optimization terminated successfully. (HiGHS Status 7: Optimal),1.4210854715202004e-14,120,1226
4000164,discrete_map_rounding,Integer MAP rounding,165,10.15384615384614,0.8461538461538464,1.0633013327484482,1.1012772528397532,True,scipy.optimize.linprog(method='highs'),0,Optimization terminated successfully. (HiGHS Status 7: Optimal),2.8421709430404014e-14,120,1182
4000165,discrete_map_rounding,Integer MAP rounding,166,25.24999999999999,0.625,1.099666285103785,1.2527638588263592,True,scipy.optimize.linprog(method='highs'),0,Optimization terminated successfully. (HiGHS Status 7: Optimal),1.4210854715202004e-14,120,1268
4000166,discrete_map_rounding,Integer MAP rounding,167,12.312500000000057,0.8124999999999992,1.0652497138278387,1.1244700507825514,True,scipy.optimize.linprog(method='highs'),0,Optimization terminated successfully. (HiGHS Status 7: Optimal),1.4210854715202004e-14,120,1173
4000167,discrete_map_rounding,Integer MAP rounding,168,10.33333333333335,0.8333333333333331,1.099594834178167,1.1625188237688244,True,scipy.optimize.linprog(method='highs'),0,Optimization terminated successfully. (HiGHS Status 7: Optimal),1.4210854715202004e-14,120,1143
4000168,discrete_map_rounding,Integer MAP rounding,169,13.0,0.8,1.075075847763347,1.1336920371295374,True,scipy.optimize.linprog(method='highs'),0,Optimization terminated successfully. (HiGHS Status 7: Optimal),1.4210854715202004e-14,120,1227
4000169,discrete_map_rounding,Integer MAP rounding,170,2.210526315789492,0.9473684210526312,1.0580721797695471,1.10048384948385,True,scipy.optimize.linprog(method='highs'),0,Optimization terminated successfully. (HiGHS Status 7: Optimal),1.4210854715202004e-14,120,1237
4000170,discrete_map_rounding,Integer MAP rounding,171,17.749999999999986,0.7500000000000002,1.053590015308767,1.0837418715543718,True,scipy.optimize.linprog(method='highs'),0,Optimization terminated successfully. (HiGHS Status 7: Optimal),1.4210854715202004e-14,120,1218
4000171,discrete_map_rounding,Integer MAP rounding,172,14.555555555555564,0.7777777777777777,1.1167079885135447,1.1775324444074442,True,scipy.optimize.linprog(method='highs'),0,Optimization terminated successfully. (HiGHS Status 7: Optimal),1.4210854715202004e-14,120,1202
4000172,discrete_map_rounding,Integer MAP rounding,173,6.333333333333396,0.8888888888888881,1.1027777546527524,1.1563711982461986,True,scipy.optimize.linprog(method='highs'),0,Optimization terminated successfully. (HiGHS Status 7: Optimal),4.263256414560601e-14,120,1222
4000173,discrete_map_rounding,Integer MAP rounding,174,13.666666666666664,0.7916666666666669,1.0409986976757832,1.1085577570577565,True,scipy.optimize.linprog(method='highs'),0,Optimization terminated successfully. (HiGHS Status 7: Optimal),1.4210854715202004e-14,120,1163
4000174,discrete_map_rounding,Integer MAP rounding,175,6.285714285714278,0.9047619047619048,1.0507826585892084,1.0666701562326564,True,scipy.optimize.linprog(method='highs'),0,Optimization terminated successfully. (HiGHS Status 7: Optimal),1.4210854715202004e-14,120,1147
4000175,discrete_map_rounding,Integer MAP rounding,176,14.66666666666666,0.777777777777778,1.047962427233259,1.1088723198098205,True,scipy.optimize.linprog(method='highs'),0,Optimization terminated successfully. (HiGHS Status 7: Optimal),2.8421709430404014e-14,120,1217
4000176,discrete_map_rounding,Integer MAP rounding,177,11.000000000000009,0.8333333333333334,1.0692276835818495,1.1184423539423538,True,scipy.optimize.linprog(method='highs'),0,Optimization terminated successfully. (HiGHS Status 7: Optimal),2.8421709430404014e-14,120,1161
4000177,discrete_map_rounding,Integer MAP rounding,178,17.0,0.75,1.059090475496726,1.0919553247678246,True,scipy.optimize.linprog(method='highs'),0,Optimization terminated successfully. (HiGHS Status 7: Optimal),0.0,120,1182
4000178,discrete_map_rounding,Integer MAP rounding,179,16.250000000000014,0.7499999999999998,1.1365163840788834,1.2165185925185915,True,scipy.optimize.linprog(method='highs'),0,Optimization terminated successfully. (HiGHS Status 7: Optimal),7.105427357601002e-15,120,1191
4000179,discrete_map_rounding,Integer MAP rounding,180,16.750000000000007,0.7499999999999999,1.075894326738076,1.131589563214563,True,scipy.optimize.linprog(method='highs'),0,Optimization terminated successfully. (HiGHS Status 7: Optimal),1.4210854715202004e-14,120,1200
5000160,informative_monitoring,Informative monitoring,161,30.326982460534467,0.5559037917566707,1.1185524442409036,1.387957898991368,True,scipy.optimize.linprog(method='highs'),0,Optimization terminated successfully. (HiGHS Status 7: Optimal),1.4210854715202004e-14,120,664
5000161,informative_monitoring,Informative monitoring,162,23.026230888943523,0.6618678662862905,1.04773323221673,1.1640819646728964,True,scipy.optimize.linprog(method='highs'),0,Optimization terminated successfully. (HiGHS Status 7: Optimal),1.4210854715202004e-14,120,678
5000162,informative_monitoring,Informative monitoring,163,22.19594377732465,0.6483754410306678,1.1997926259127831,1.4663131525702435,True,scipy.optimize.linprog(method='highs'),0,Optimization terminated successfully. (HiGHS Status 7: Optimal),1.4210854715202004e-14,120,691
5000163,informative_monitoring,Informative monitoring,164,27.671561731247344,0.5854027006372892,1.1216154038706236,1.495066502081608,True,scipy.optimize.linprog(method='highs'),0,Optimization terminated successfully. (HiGHS Status 7: Optimal),1.4210854715202004e-14,120,711
5000164,informative_monitoring,Informative monitoring,165,15.356563072526242,0.7635585292825653,1.1461839107482177,1.2753258708250732,True,scipy.optimize.linprog(method='highs'),0,Optimization terminated successfully. (HiGHS Status 7: Optimal),1.4210854715202004e-14,120,686
5000165,informative_monitoring,Informative monitoring,166,28.162771872350117,0.581269280439746,1.1382096416530003,1.3636471945013284,True,scipy.optimize.linprog(method='highs'),0,Optimization terminated successfully. (HiGHS Status 7: Optimal),1.4210854715202004e-14,120,717
5000166,informative_monitoring,Informative monitoring,167,29.45231195661181,0.5795478028789383,1.0155983255759466,1.1413326281318426,True,scipy.optimize.linprog(method='highs'),0,Optimization terminated successfully. (HiGHS Status 7: Optimal),1.4210854715202004e-14,120,647
5000167,informative_monitoring,Informative monitoring,168,18.7291796762848,0.7138352350540571,1.1731404712227966,1.3168053579592458,True,scipy.optimize.linprog(method='highs'),0,Optimization terminated successfully. (HiGHS Status 7: Optimal),2.8421709430404014e-14,120,693
5000168,informative_monitoring,Informative monitoring,169,19.462939105893454,0.6930772534972579,1.115693708220891,1.2844543943272908,True,scipy.optimize.linprog(method='highs'),0,Optimization terminated successfully. (HiGHS Status 7: Optimal),1.4210854715202004e-14,120,734
5000169,informative_monitoring,Informative monitoring,170,23.516105379477256,0.6354494345820788,1.10148475243363,1.4295579222207635,True,scipy.optimize.linprog(method='highs'),0,Optimization terminated successfully. (HiGHS Status 7: Optimal),1.4210854715202004e-14,120,723
5000170,informative_monitoring,Informative monitoring,171,18.327119229202765,0.7076546341569044,1.104013147381154,1.3038873978722256,True,scipy.optimize.linprog(method='highs'),0,Optimization terminated successfully. (HiGHS Status 7: Optimal),1.4210854715202004e-14,120,678
5000171,informative_monitoring,Informative monitoring,172,13.51835234750454,0.7676531278519372,1.129354322472262,1.4577827293940917,True,scipy.optimize.linprog(method='highs'),0,Optimization terminated successfully. (HiGHS Status 7: Optimal),1.4210854715202004e-14,120,734
5000172,informative_monitoring,Informative monitoring,173,18.033791775696308,0.7137765051486384,1.166624707474901,1.3911235377399296,True,scipy.optimize.linprog(method='highs'),0,Optimization terminated successfully. (HiGHS Status 7: Optimal),1.4210854715202004e-14,120,677
5000173,informative_monitoring,Informative monitoring,174,19.172164736808348,0.7086611234129679,1.099706875392274,1.2217644746070415,True,scipy.optimize.linprog(method='highs'),0,Optimization terminated successfully. (HiGHS Status 7: Optimal),1.4210854715202004e-14,120,677
5000174,informative_monitoring,Informative monitoring,175,17.81872774405714,0.7209449030712485,1.1854376517255307,1.4193577187022384,True,scipy.optimize.linprog(method='highs'),0,Optimization terminated successfully. (HiGHS Status 7: Optimal),1.4210854715202004e-14,120,691
5000175,informative_monitoring,Informative monitoring,176,30.348261579132256,0.552954156693715,1.0962883744186902,1.316923176372803,True,scipy.optimize.linprog(method='highs'),0,Optimization terminated successfully. (HiGHS Status 7: Optimal),1.4210854715202004e-14,120,638
5000176,informative_monitoring,Informative monitoring,177,21.684154723232098,0.6705272791178978,1.0486379643067776,1.2754328152768746,True,scipy.optimize.linprog(method='highs'),0,Optimization terminated successfully. (HiGHS Status 7: Optimal),1.4210854715202004e-14,120,682
5000177,informative_monitoring,Informative monitoring,178,15.575221661158643,0.755039763199962,1.124983131710493,1.2555024137176074,True,scipy.optimize.linprog(method='highs'),0,Optimization terminated successfully. (HiGHS Status 7: Optimal),1.4210854715202004e-14,120,690
5000178,informative_monitoring,Informative monitoring,179,21.135349606288493,0.6743411865922619,1.0484646655988576,1.2861979559724726,True,scipy.optimize.linprog(method='highs'),0,Optimization terminated successfully. (HiGHS Status 7: Optimal),1.4210854715202004e-14,120,677
5000179,informative_monitoring,Informative monitoring,180,16.281681034120428,0.7383986918871004,1.168003456052285,1.36380745971524,True,scipy.optimize.linprog(method='highs'),0,Optimization terminated successfully. (HiGHS Status 7: Optimal),1.4210854715202004e-14,120,719
6000160,cluster_size_informative,Cluster size--level association,161,18.173687230189216,0.7336911266533603,1.048310004306504,1.109206807277655,True,scipy.optimize.linprog(method='highs'),0,Optimization terminated successfully. (HiGHS Status 7: Optimal),1.4210854715202004e-14,120,1370
6000161,cluster_size_informative,Cluster size--level association,162,20.766448353177125,0.6957339200643006,1.1235673820924177,1.194527703893733,True,scipy.optimize.linprog(method='highs'),0,Optimization terminated successfully. (HiGHS Status 7: Optimal),1.4210854715202004e-14,120,1385
6000162,cluster_size_informative,Cluster size--level association,163,11.718731776232552,0.8235964082368882,1.09303392070381,1.1239170677883328,True,scipy.optimize.linprog(method='highs'),0,Optimization terminated successfully. (HiGHS Status 7: Optimal),1.4210854715202004e-14,120,1429
6000163,cluster_size_informative,Cluster size--level association,164,11.492131998169423,0.8307787036972958,1.0224118126249155,1.0629815243318916,True,scipy.optimize.linprog(method='highs'),0,Optimization terminated successfully. (HiGHS Status 7: Optimal),1.4210854715202004e-14,120,1403
6000164,cluster_size_informative,Cluster size--level association,165,18.81159025486226,0.7275363914135143,1.0218891850786769,1.089742265910305,True,scipy.optimize.linprog(method='highs'),0,Optimization terminated successfully. (HiGHS Status 7: Optimal),1.4210854715202004e-14,120,1304
6000165,cluster_size_informative,Cluster size--level association,166,15.632018670407078,0.7701982609834217,1.0765758877601956,1.133635874325687,True,scipy.optimize.linprog(method='highs'),0,Optimization terminated successfully. (HiGHS Status 7: Optimal),1.4210854715202004e-14,120,1296
6000166,cluster_size_informative,Cluster size--level association,167,10.505015663406065,0.8412422647464507,0.96242698759455,1.003828467897263,True,scipy.optimize.linprog(method='highs'),0,Optimization terminated successfully. (HiGHS Status 7: Optimal),2.8421709430404014e-14,120,1417
6000167,cluster_size_informative,Cluster size--level association,168,24.017508963709417,0.6564191680353362,1.0673043373208793,1.138855761910389,True,scipy.optimize.linprog(method='highs'),0,Optimization terminated successfully. (HiGHS Status 7: Optimal),1.4210854715202004e-14,120,1316
6000168,cluster_size_informative,Cluster size--level association,169,18.48385890871885,0.7335467407536258,1.0461290872339293,1.1209196134431043,True,scipy.optimize.linprog(method='highs'),0,Optimization terminated successfully. (HiGHS Status 7: Optimal),1.4210854715202004e-14,120,1322
6000169,cluster_size_informative,Cluster size--level association,170,13.311865004663357,0.804972167172546,1.047548328975142,1.0974211763606714,True,scipy.optimize.linprog(method='highs'),0,Optimization terminated successfully. (HiGHS Status 7: Optimal),2.8421709430404014e-14,120,1367
6000170,cluster_size_informative,Cluster size--level association,171,17.607110643333577,0.7452750603885535,1.088781785558928,1.159102021870997,True,scipy.optimize.linprog(method='highs'),0,Optimization terminated successfully. (HiGHS Status 7: Optimal),1.4210854715202004e-14,120,1365
6000171,cluster_size_informative,Cluster size--level association,172,8.879265497521097,0.8587059748899114,1.0808494786109062,1.1216260415157169,True,scipy.optimize.linprog(method='highs'),0,Optimization terminated successfully. (HiGHS Status 7: Optimal),1.4210854715202004e-14,120,1396
6000172,cluster_size_informative,Cluster size--level association,173,19.45414255118854,0.7045066594693905,1.0678848814678132,1.1453328441582686,True,scipy.optimize.linprog(method='highs'),0,Optimization terminated successfully. (HiGHS Status 7: Optimal),1.4210854715202004e-14,120,1377
6000173,cluster_size_informative,Cluster size--level association,174,20.240822028300165,0.6966541758097888,1.0701931880579247,1.1964492276660277,True,scipy.optimize.linprog(method='highs'),0,Optimization terminated successfully. (HiGHS Status 7: Optimal),1.4210854715202004e-14,120,1348
6000174,cluster_size_informative,Cluster size--level association,175,10.078637181642186,0.8435801024884867,1.078187783896111,1.12412234454587,True,scipy.optimize.linprog(method='highs'),0,Optimization terminated successfully. (HiGHS Status 7: Optimal),1.4210854715202004e-14,120,1381
6000175,cluster_size_informative,Cluster size--level association,176,12.915521296344608,0.8140160603972056,1.0231387228751951,1.0586658442481285,True,scipy.optimize.linprog(method='highs'),0,Optimization terminated successfully. (HiGHS Status 7: Optimal),1.4210854715202004e-14,120,1418
6000176,cluster_size_informative,Cluster size--level association,177,13.99097409679155,0.7848976824434853,1.0725012979222348,1.1487015019520943,True,scipy.optimize.linprog(method='highs'),0,Optimization terminated successfully. (HiGHS Status 7: Optimal),1.4210854715202004e-14,120,1353
6000177,cluster_size_informative,Cluster size--level association,178,18.689012167373008,0.7321447222978434,1.0673424369436602,1.1435068659293133,True,scipy.optimize.linprog(method='highs'),0,Optimization terminated successfully. (HiGHS Status 7: Optimal),1.4210854715202004e-14,120,1437
6000178,cluster_size_informative,Cluster size--level association,179,12.971522480528918,0.8151752684379563,1.0124726169564393,1.04705813317547,True,scipy.optimize.linprog(method='highs'),0,Optimization terminated successfully. (HiGHS Status 7: Optimal),1.4210854715202004e-14,120,1367
6000179,cluster_size_informative,Cluster size--level association,180,14.432279995691356,0.7746640069533346,1.069707024472394,1.130359210080681,True,scipy.optimize.linprog(method='highs'),0,Optimization terminated successfully. (HiGHS Status 7: Optimal),1.4210854715202004e-14,120,1477
7000160,common_time_misspecified,Misspecified common time,161,1.0431477091908548,0.9099813987955208,1.1070781115772272,1.7094984247707554,True,scipy.optimize.linprog(method='highs'),0,Optimization terminated successfully. (HiGHS Status 7: Optimal),1.4210854715202004e-14,120,1186
7000161,common_time_misspecified,Misspecified common time,162,9.233344449652847,0.8043691000747203,1.1026447823975225,1.7021507260398705,True,scipy.optimize.linprog(method='highs'),0,Optimization terminated successfully. (HiGHS Status 7: Optimal),1.4210854715202004e-14,120,1163
7000162,common_time_misspecified,Misspecified common time,163,14.092640603559474,0.7422982009936865,1.1044735913005603,1.7136649078845363,True,scipy.optimize.linprog(method='highs'),0,Optimization terminated successfully. (HiGHS Status 7: Optimal),1.4210854715202004e-14,120,1243
7000163,common_time_misspecified,Misspecified common time,164,14.66477482794869,0.7283952746037453,1.1045528633382815,1.720098286649311,True,scipy.optimize.linprog(method='highs'),0,Optimization terminated successfully. (HiGHS Status 7: Optimal),1.4210854715202004e-14,120,1189
7000164,common_time_misspecified,Misspecified common time,165,13.748705650189365,0.7495292393362006,1.0956638615875367,1.641008452060004,True,scipy.optimize.linprog(method='highs'),0,Optimization terminated successfully. (HiGHS Status 7: Optimal),1.4210854715202004e-14,120,1188
7000165,common_time_misspecified,Misspecified common time,166,11.76910434667935,0.7751252283249027,1.0639904496039458,1.587645630889981,True,scipy.optimize.linprog(method='highs'),0,Optimization terminated successfully. (HiGHS Status 7: Optimal),1.4210854715202004e-14,120,1199
7000166,common_time_misspecified,Misspecified common time,167,2.692706775148835,0.8949048127744051,1.0958866037568695,1.6849816147642398,True,scipy.optimize.linprog(method='highs'),0,Optimization terminated successfully. (HiGHS Status 7: Optimal),1.4210854715202004e-14,120,1180
7000167,common_time_misspecified,Misspecified common time,168,12.51166490402001,0.764931364432872,1.0800474957228836,1.5372723648376934,True,scipy.optimize.linprog(method='highs'),0,Optimization terminated successfully. (HiGHS Status 7: Optimal),1.4210854715202004e-14,120,1204
7000168,common_time_misspecified,Misspecified common time,169,9.271347730633735,0.8003363332529061,1.0918476731065263,1.7772457162822992,True,scipy.optimize.linprog(method='highs'),0,Optimization terminated successfully. (HiGHS Status 7: Optimal),1.4210854715202004e-14,120,1189
7000169,common_time_misspecified,Misspecified common time,170,10.8496440083197,0.7878066254246892,1.043417981957352,1.6130636110291836,True,scipy.optimize.linprog(method='highs'),0,Optimization terminated successfully. (HiGHS Status 7: Optimal),1.4210854715202004e-14,120,1215
7000170,common_time_misspecified,Misspecified common time,171,7.697554197390848,0.8286178590981308,1.0460033828593598,1.5381519650970903,True,scipy.optimize.linprog(method='highs'),0,Optimization terminated successfully. (HiGHS Status 7: Optimal),1.4210854715202004e-14,120,1150
7000171,common_time_misspecified,Misspecified common time,172,15.583071856191047,0.7190684246547925,1.0578514109454016,1.5917595892021892,True,scipy.optimize.linprog(method='highs'),0,Optimization terminated successfully. (HiGHS Status 7: Optimal),1.4210854715202004e-14,120,1209
7000172,common_time_misspecified,Misspecified common time,173,9.15495645357316,0.8069590531308749,1.0834864289590276,1.6957086053477073,True,scipy.optimize.linprog(method='highs'),0,Optimization terminated successfully. (HiGHS Status 7: Optimal),1.4210854715202004e-14,120,1184
7000173,common_time_misspecified,Misspecified common time,174,10.37257353136185,0.787554675355039,1.0678260897465948,1.665068318483696,True,scipy.optimize.linprog(method='highs'),0,Optimization terminated successfully. (HiGHS Status 7: Optimal),1.4210854715202004e-14,120,1166
7000174,common_time_misspecified,Misspecified common time,175,13.156686115673738,0.7506300032059442,1.166644456605558,1.744511416494498,True,scipy.optimize.linprog(method='highs'),0,Optimization terminated successfully. (HiGHS Status 7: Optimal),1.4210854715202004e-14,120,1196
7000175,common_time_misspecified,Misspecified common time,176,6.001734050113953,0.8396014812498651,1.140772776183564,1.8347660239791923,True,scipy.optimize.linprog(method='highs'),0,Optimization terminated successfully. (HiGHS Status 7: Optimal),1.4210854715202004e-14,120,1197
7000176,common_time_misspecified,Misspecified common time,177,5.002588116146829,0.8662288486057855,1.0939532121560835,1.579372064240977,True,scipy.optimize.linprog(method='highs'),0,Optimization terminated successfully. (HiGHS Status 7: Optimal),1.4210854715202004e-14,120,1175
7000177,common_time_misspecified,Misspecified common time,178,8.53541453201295,0.8204455178813039,1.036185477370561,1.516546194030348,True,scipy.optimize.linprog(method='highs'),0,Optimization terminated successfully. (HiGHS Status 7: Optimal),1.4210854715202004e-14,120,1212
7000178,common_time_misspecified,Misspecified common time,179,7.267880390494948,0.8268137112747189,1.1179906880487855,1.7470001969151494,True,scipy.optimize.linprog(method='highs'),0,Optimization terminated successfully. (HiGHS Status 7: Optimal),1.4210854715202004e-14,120,1223
7000179,common_time_misspecified,Misspecified common time,180,19.98721193122575,0.6582525997200461,1.0507366521774997,1.7115725556933263,True,scipy.optimize.linprog(method='highs'),0,Optimization terminated successfully. (HiGHS Status 7: Optimal),1.4210854715202004e-14,120,1205
8000160,level_plus_shape,Persistent level plus shape,161,53.68882711670823,0.217638465513114,1.248160040888482,1.6150030849786612,True,scipy.optimize.linprog(method='highs'),0,Optimization terminated successfully. (HiGHS Status 7: Optimal),1.4210854715202004e-14,120,1455
8000161,level_plus_shape,Persistent level plus shape,162,41.76254288639822,0.3895157713312515,1.1974560492186102,1.4331037026697837,True,scipy.optimize.linprog(method='highs'),0,Optimization terminated successfully. (HiGHS Status 7: Optimal),1.4210854715202004e-14,120,1461
8000162,level_plus_shape,Persistent level plus shape,163,48.97548796671112,0.2965293515068001,1.2059376628223857,1.4554784020213547,True,scipy.optimize.linprog(method='highs'),0,Optimization terminated successfully. (HiGHS Status 7: Optimal),1.4210854715202004e-14,120,1438
8000163,level_plus_shape,Persistent level plus shape,164,49.69132137450257,0.2748072870038253,1.1902554457507897,1.6375446628771813,True,scipy.optimize.linprog(method='highs'),0,Optimization terminated successfully. (HiGHS Status 7: Optimal),1.4210854715202004e-14,120,1439
8000164,level_plus_shape,Persistent level plus shape,165,45.61483962791117,0.3279472244535028,1.250992768642318,1.4923867480788335,True,scipy.optimize.linprog(method='highs'),0,Optimization terminated successfully. (HiGHS Status 7: Optimal),1.4210854715202004e-14,120,1429
8000165,level_plus_shape,Persistent level plus shape,166,59.39367110514093,0.1474819492887267,1.1557573601733129,1.5815112835470106,True,scipy.optimize.linprog(method='highs'),0,Optimization terminated successfully. (HiGHS Status 7: Optimal),1.4210854715202004e-14,120,1408
8000166,level_plus_shape,Persistent level plus shape,167,45.00959816627498,0.3345176674063571,1.4386903869914156,1.7598125200643475,True,scipy.optimize.linprog(method='highs'),0,Optimization terminated successfully. (HiGHS Status 7: Optimal),1.4210854715202004e-14,120,1465
8000167,level_plus_shape,Persistent level plus shape,168,47.42406404447764,0.3082265804416442,1.2445424360336097,1.5820044174382415,True,scipy.optimize.linprog(method='highs'),0,Optimization terminated successfully. (HiGHS Status 7: Optimal),2.8421709430404014e-14,120,1490
8000168,level_plus_shape,Persistent level plus shape,169,43.27391232480838,0.3685308222049337,1.2109661201565824,1.431692222231346,True,scipy.optimize.linprog(method='highs'),0,Optimization terminated successfully. (HiGHS Status 7: Optimal),1.4210854715202004e-14,120,1425
8000169,level_plus_shape,Persistent level plus shape,170,63.44664679530222,0.0792330874187155,1.2346386584115714,1.6293937724510692,True,scipy.optimize.linprog(method='highs'),0,Optimization terminated successfully. (HiGHS Status 7: Optimal),1.4210854715202004e-14,120,1439
8000170,level_plus_shape,Persistent level plus shape,171,46.72035709804967,0.3292959210694363,1.1960226540862,1.3642562201839727,True,scipy.optimize.linprog(method='highs'),0,Optimization terminated successfully. (HiGHS Status 7: Optimal),1.4210854715202004e-14,120,1462
8000171,level_plus_shape,Persistent level plus shape,172,52.32333084999174,0.2328513917167382,1.2045598503250283,1.5818254325294476,True,scipy.optimize.linprog(method='highs'),0,Optimization terminated successfully. (HiGHS Status 7: Optimal),1.4210854715202004e-14,120,1438
8000172,level_plus_shape,Persistent level plus shape,173,49.90666460369931,0.2776270502257685,1.2585862890029251,1.6105234336975365,True,scipy.optimize.linprog(method='highs'),0,Optimization terminated successfully. (HiGHS Status 7: Optimal),1.4210854715202004e-14,120,1456
8000173,level_plus_shape,Persistent level plus shape,174,52.03345474910351,0.2359256055358254,1.4028357411190129,1.745935329932516,True,scipy.optimize.linprog(method='highs'),0,Optimization terminated successfully. (HiGHS Status 7: Optimal),1.4210854715202004e-14,120,1439
8000174,level_plus_shape,Persistent level plus shape,175,64.55868291484728,0.082854101942113,1.1599431715391293,1.4776887018407932,True,scipy.optimize.linprog(method='highs'),0,Optimization terminated successfully. (HiGHS Status 7: Optimal),1.4210854715202004e-14,120,1439
8000175,level_plus_shape,Persistent level plus shape,176,45.6796775476008,0.3332530298663477,1.213091424502602,1.4618226110689048,True,scipy.optimize.linprog(method='highs'),0,Optimization terminated successfully. (HiGHS Status 7: Optimal),1.4210854715202004e-14,120,1501
8000176,level_plus_shape,Persistent level plus shape,177,42.277445544812046,0.3798622910024427,1.2399698597622608,1.4854114591718544,True,scipy.optimize.linprog(method='highs'),0,Optimization terminated successfully. (HiGHS Status 7: Optimal),1.4210854715202004e-14,120,1447
8000177,level_plus_shape,Persistent level plus shape,178,66.6431609186934,0.0385769206090409,1.2644407298980855,1.6160613324420658,True,scipy.optimize.linprog(method='highs'),0,Optimization terminated successfully. (HiGHS Status 7: Optimal),1.4210854715202004e-14,120,1442
8000178,level_plus_shape,Persistent level plus shape,179,58.64672688567047,0.1558864736302611,1.1926290403595612,1.6496082898388182,True,scipy.optimize.linprog(method='highs'),0,Optimization terminated successfully. (HiGHS Status 7: Optimal),1.4210854715202004e-14,120,1420
8000179,level_plus_shape,Persistent level plus shape,180,39.18816070669279,0.4283607141468268,1.2449222558851574,1.412130840402562,True,scipy.optimize.linprog(method='highs'),0,Optimization terminated successfully. (HiGHS Status 7: Optimal),1.4210854715202004e-14,120,1459
9000160,treatment_feedback,Treatment feedback,161,20.533242171433653,0.7190911801164186,1.0277133340613285,1.0864386028341897,True,scipy.optimize.linprog(method='highs'),0,Optimization terminated successfully. (HiGHS Status 7: Optimal),1.4210854715202004e-14,120,1237
9000161,treatment_feedback,Treatment feedback,162,22.33064495339857,0.6844981426361996,1.0466041306170026,1.118662490313321,True,scipy.optimize.linprog(method='highs'),0,Optimization terminated successfully. (HiGHS Status 7: Optimal),1.4210854715202004e-14,120,1192
9000162,treatment_feedback,Treatment feedback,163,15.96393604212633,0.7655061297904105,1.039396001206931,1.1029548047949205,True,scipy.optimize.linprog(method='highs'),0,Optimization terminated successfully. (HiGHS Status 7: Optimal),1.4210854715202004e-14,120,1252
9000163,treatment_feedback,Treatment feedback,164,30.795505017995715,0.5705010980078087,1.0753070647760556,1.1914466082898785,True,scipy.optimize.linprog(method='highs'),0,Optimization terminated successfully. (HiGHS Status 7: Optimal),1.4210854715202004e-14,120,1197
9000164,treatment_feedback,Treatment feedback,165,29.264149605491703,0.5829878957538902,1.10719682839347,1.2060064009592817,True,scipy.optimize.linprog(method='highs'),0,Optimization terminated successfully. (HiGHS Status 7: Optimal),1.4210854715202004e-14,120,1207
9000165,treatment_feedback,Treatment feedback,166,35.846867019716086,0.4989494735904886,1.0960809052981777,1.2002804634524589,True,scipy.optimize.linprog(method='highs'),0,Optimization terminated successfully. (HiGHS Status 7: Optimal),1.4210854715202004e-14,120,1216
9000166,treatment_feedback,Treatment feedback,167,23.592955632886188,0.6733740333569116,1.076484340566524,1.1352988430592936,True,scipy.optimize.linprog(method='highs'),0,Optimization terminated successfully. (HiGHS Status 7: Optimal),2.8421709430404014e-14,120,1225
9000167,treatment_feedback,Treatment feedback,168,26.1351290855356,0.6300965181817727,1.0800227100509947,1.182810121362825,True,scipy.optimize.linprog(method='highs'),0,Optimization terminated successfully. (HiGHS Status 7: Optimal),1.4210854715202004e-14,120,1218
9000168,treatment_feedback,Treatment feedback,169,30.94435542203473,0.5733819500072814,1.116384159785983,1.2279065537546825,True,scipy.optimize.linprog(method='highs'),0,Optimization terminated successfully. (HiGHS Status 7: Optimal),1.4210854715202004e-14,120,1214
9000169,treatment_feedback,Treatment feedback,170,26.37968348948405,0.6250775557818724,1.0521571066240212,1.1484528247002292,True,scipy.optimize.linprog(method='highs'),0,Optimization terminated successfully. (HiGHS Status 7: Optimal),1.4210854715202004e-14,120,1220
9000170,treatment_feedback,Treatment feedback,171,29.637329733328063,0.581688626742622,1.0318765529081733,1.1482546921239996,True,scipy.optimize.linprog(method='highs'),0,Optimization terminated successfully. (HiGHS Status 7: Optimal),1.4210854715202004e-14,120,1191
9000171,treatment_feedback,Treatment feedback,172,19.73956544122251,0.7218611715844394,1.0841939175256308,1.1290016920716903,True,scipy.optimize.linprog(method='highs'),0,Optimization terminated successfully. (HiGHS Status 7: Optimal),1.4210854715202004e-14,120,1156
9000172,treatment_feedback,Treatment feedback,173,24.466527796082232,0.6630215420706804,1.0756637368032944,1.137903940313127,True,scipy.optimize.linprog(method='highs'),0,Optimization terminated successfully. (HiGHS Status 7: Optimal),1.4210854715202004e-14,120,1214
9000173,treatment_feedback,Treatment feedback,174,12.311253403157895,0.8215386462212543,1.1208965092887777,1.1457509061747473,True,scipy.optimize.linprog(method='highs'),0,Optimization terminated successfully. (HiGHS Status 7: Optimal),1.4210854715202004e-14,120,1207
9000174,treatment_feedback,Treatment feedback,175,17.33101132397167,0.7370449849669483,1.1674093851274,1.2714319966969232,True,scipy.optimize.linprog(method='highs'),0,Optimization terminated successfully. (HiGHS Status 7: Optimal),1.4210854715202004e-14,120,1178
9000175,treatment_feedback,Treatment feedback,176,27.994333078433336,0.6078121486401684,1.090272580464621,1.166166526673496,True,scipy.optimize.linprog(method='highs'),0,Optimization terminated successfully. (HiGHS Status 7: Optimal),1.4210854715202004e-14,120,1245
9000176,treatment_feedback,Treatment feedback,177,16.854466158914683,0.7587644541549639,1.1150144864610254,1.1646085818649663,True,scipy.optimize.linprog(method='highs'),0,Optimization terminated successfully. (HiGHS Status 7: Optimal),1.4210854715202004e-14,120,1253
9000177,treatment_feedback,Treatment feedback,178,25.603899481534263,0.6337662091055581,1.0615939147539133,1.1874846316473364,True,scipy.optimize.linprog(method='highs'),0,Optimization terminated successfully. (HiGHS Status 7: Optimal),1.4210854715202004e-14,120,1256
9000178,treatment_feedback,Treatment feedback,179,25.01650678088109,0.6473394901302079,1.0779001279633418,1.130764843909578,True,scipy.optimize.linprog(method='highs'),0,Optimization terminated successfully. (HiGHS Status 7: Optimal),1.4210854715202004e-14,120,1180
9000179,treatment_feedback,Treatment feedback,180,24.14101127775008,0.6630231887563002,1.0412862760392616,1.1197793047653914,True,scipy.optimize.linprog(method='highs'),0,Optimization terminated successfully. (HiGHS Status 7: Optimal),1.4210854715202004e-14,120,1219
10000160,transient_nonpersistent,Transient non-persistence,161,61.960733366948126,0.1288962170426794,1.004196999213421,1.6223561517207965,True,scipy.optimize.linprog(method='highs'),0,Optimization terminated successfully. (HiGHS Status 7: Optimal),1.4210854715202004e-14,120,1187
10000161,transient_nonpersistent,Transient non-persistence,162,66.62503723021088,0.068327424084639,0.9673137902023696,1.818800384756772,True,scipy.optimize.linprog(method='highs'),0,Optimization terminated successfully. (HiGHS Status 7: Optimal),1.4210854715202004e-14,120,1207
10000162,transient_nonpersistent,Transient non-persistence,163,69.82747278146765,0.0155854557781526,1.0493271600007277,1.8804387440869368,True,scipy.optimize.linprog(method='highs'),0,Optimization terminated successfully. (HiGHS Status 7: Optimal),1.4210854715202004e-14,120,1218
10000163,transient_nonpersistent,Transient non-persistence,164,67.14633343057052,0.0545017193065193,1.026955264999137,1.6821240496608103,True,scipy.optimize.linprog(method='highs'),0,Optimization terminated successfully. (HiGHS Status 7: Optimal),1.4210854715202004e-14,120,1208
10000164,transient_nonpersistent,Transient non-persistence,165,68.73768082257162,0.0263344726189842,1.035911672422242,2.0173164452544468,True,scipy.optimize.linprog(method='highs'),0,Optimization terminated successfully. (HiGHS Status 7: Optimal),1.4210854715202004e-14,120,1200
10000165,transient_nonpersistent,Transient non-persistence,166,67.13604604067616,0.0618606909951558,0.9483128745828612,1.9346716018957253,True,scipy.optimize.linprog(method='highs'),0,Optimization terminated successfully. (HiGHS Status 7: Optimal),1.4210854715202004e-14,120,1196
10000166,transient_nonpersistent,Transient non-persistence,167,71.68405629935286,-0.0116780613636588,1.0182407089954049,2.0071327909354992,True,scipy.optimize.linprog(method='highs'),0,Optimization terminated successfully. (HiGHS Status 7: Optimal),1.4210854715202004e-14,120,1190
10000167,transient_nonpersistent,Transient non-persistence,168,62.60239128913104,0.1106108134153524,1.0003155947602782,1.898047051044225,True,scipy.optimize.linprog(method='highs'),0,Optimization terminated successfully. (HiGHS Status 7: Optimal),1.4210854715202004e-14,120,1175
10000168,transient_nonpersistent,Transient non-persistence,169,65.05909126736164,0.08071514776959,1.0234632456264463,1.6610683497809766,True,scipy.optimize.linprog(method='highs'),0,Optimization terminated successfully. (HiGHS Status 7: Optimal),1.4210854715202004e-14,120,1193
10000169,transient_nonpersistent,Transient non-persistence,170,63.677720345206936,0.109496328514205,0.9913064274787046,1.4605895365191748,True,scipy.optimize.linprog(method='highs'),0,Optimization terminated successfully. (HiGHS Status 7: Optimal),1.4210854715202004e-14,120,1198
10000170,transient_nonpersistent,Transient non-persistence,171,57.16095662816775,0.1880029341653232,1.0814094881607368,1.617317719434928,True,scipy.optimize.linprog(method='highs'),0,Optimization terminated successfully. (HiGHS Status 7: Optimal),4.263256414560601e-14,120,1181
10000171,transient_nonpersistent,Transient non-persistence,172,63.98613352166837,0.0887457246211985,1.0352147534398175,1.9245441769394764,True,scipy.optimize.linprog(method='highs'),0,Optimization terminated successfully. (HiGHS Status 7: Optimal),1.4210854715202004e-14,120,1220
10000172,transient_nonpersistent,Transient non-persistence,173,68.96041624119172,0.0312900975583303,1.0552597194935132,1.9187197249204169,True,scipy.optimize.linprog(method='highs'),0,Optimization terminated successfully. (HiGHS Status 7: Optimal),1.4210854715202004e-14,120,1227
10000173,transient_nonpersistent,Transient non-persistence,174,71.78736853417867,-0.0239615631472682,1.0432853937909594,2.0188414532303125,True,scipy.optimize.linprog(method='highs'),0,Optimization terminated successfully. (HiGHS Status 7: Optimal),1.4210854715202004e-14,120,1155
10000174,transient_nonpersistent,Transient non-persistence,175,72.93854786345517,-0.0347765010638875,1.0720999104032976,2.23472043274039,True,scipy.optimize.linprog(method='highs'),0,Optimization terminated successfully. (HiGHS Status 7: Optimal),1.4210854715202004e-14,120,1220
10000175,transient_nonpersistent,Transient non-persistence,176,61.50523823752218,0.1385630817122213,1.0427475373608408,1.6703144362253806,True,scipy.optimize.linprog(method='highs'),0,Optimization terminated successfully. (HiGHS Status 7: Optimal),1.4210854715202004e-14,120,1228
10000176,transient_nonpersistent,Transient non-persistence,177,59.84570169930412,0.1632377225809378,1.0224291160321042,1.863425384690239,True,scipy.optimize.linprog(method='highs'),0,Optimization terminated successfully. (HiGHS Status 7: Optimal),1.4210854715202004e-14,120,1176
10000177,transient_nonpersistent,Transient non-persistence,178,63.66722803086664,0.106248429567887,0.9886778991121816,1.874867707540851,True,scipy.optimize.linprog(method='highs'),0,Optimization terminated successfully. (HiGHS Status 7: Optimal),1.4210854715202004e-14,120,1229
10000178,transient_nonpersistent,Transient non-persistence,179,66.25700413410355,0.0653272235266619,1.055342633798518,1.910516557305671,True,scipy.optimize.linprog(method='highs'),0,Optimization terminated successfully. (HiGHS Status 7: Optimal),1.4210854715202004e-14,120,1177
10000179,transient_nonpersistent,Transient non-persistence,180,64.2307860508705,0.0969105532201882,0.9966287613012386,1.83316349595653,True,scipy.optimize.linprog(method='highs'),0,Optimization terminated successfully. (HiGHS Status 7: Optimal),1.4210854715202004e-14,120,1155
180,ideal_large_dense,"Ideal: large, dense",181,7.595740037611886,0.8796692846176472,1.093688035620466,1.120605693106617,True,scipy.optimize.linprog(method='highs'),0,Optimization terminated successfully. (HiGHS Status 7: Optimal),1.4210854715202004e-14,120,1432
181,ideal_large_dense,"Ideal: large, dense",182,13.736727218027012,0.795583920527087,1.0842477420779515,1.1421851709065185,True,scipy.optimize.linprog(method='highs'),0,Optimization terminated successfully. (HiGHS Status 7: Optimal),1.4210854715202004e-14,120,1454
182,ideal_large_dense,"Ideal: large, dense",183,14.200064685201715,0.7925046343495104,1.020001616517436,1.0492680878011875,True,scipy.optimize.linprog(method='highs'),0,Optimization terminated successfully. (HiGHS Status 7: Optimal),1.4210854715202004e-14,120,1481
183,ideal_large_dense,"Ideal: large, dense",184,10.934431839816469,0.8274986768977183,1.0888508448197758,1.1399039137454974,True,scipy.optimize.linprog(method='highs'),0,Optimization terminated successfully. (HiGHS Status 7: Optimal),1.4210854715202004e-14,120,1459
184,ideal_large_dense,"Ideal: large, dense",185,14.524791735500951,0.7795540654612779,1.029592261485914,1.0851407031195932,True,scipy.optimize.linprog(method='highs'),0,Optimization terminated successfully. (HiGHS Status 7: Optimal),1.4210854715202004e-14,120,1442
185,ideal_large_dense,"Ideal: large, dense",186,8.563353393457938,0.8683720236407516,1.076320790393117,1.099589075791374,True,scipy.optimize.linprog(method='highs'),0,Optimization terminated successfully. (HiGHS Status 7: Optimal),1.4210854715202004e-14,120,1402
186,ideal_large_dense,"Ideal: large, dense",187,19.01047866397605,0.7214075967477263,1.1091261094457685,1.158749497140019,True,scipy.optimize.linprog(method='highs'),0,Optimization terminated successfully. (HiGHS Status 7: Optimal),1.4210854715202004e-14,120,1416
187,ideal_large_dense,"Ideal: large, dense",188,11.86036218864447,0.8237887172916641,1.0786218307858986,1.1145817093554755,True,scipy.optimize.linprog(method='highs'),0,Optimization terminated successfully. (HiGHS Status 7: Optimal),1.4210854715202004e-14,120,1438
188,ideal_large_dense,"Ideal: large, dense",189,10.99899045342378,0.830896489938311,1.0534933073928348,1.0989466439784097,True,scipy.optimize.linprog(method='highs'),0,Optimization terminated successfully. (HiGHS Status 7: Optimal),1.4210854715202004e-14,120,1399
189,ideal_large_dense,"Ideal: large, dense",190,12.794783317542866,0.810449484693388,1.015739040960849,1.0548619455722896,True,scipy.optimize.linprog(method='highs'),0,Optimization terminated successfully. (HiGHS Status 7: Optimal),1.4210854715202004e-14,120,1481
190,ideal_large_dense,"Ideal: large, dense",191,7.628104942922789,0.8892977896737004,1.0516925231508858,1.0628137042748045,True,scipy.optimize.linprog(method='highs'),0,Optimization terminated successfully. (HiGHS Status 7: Optimal),2.8421709430404014e-14,120,1478
191,ideal_large_dense,"Ideal: large, dense",192,11.058139519611842,0.8436245452061707,1.0428290474980488,1.0634497125182656,True,scipy.optimize.linprog(method='highs'),0,Optimization terminated successfully. (HiGHS Status 7: Optimal),1.4210854715202004e-14,120,1480
192,ideal_large_dense,"Ideal: large, dense",193,8.727702588621568,0.8656735074542888,1.0268921961982609,1.051245494286033,True,scipy.optimize.linprog(method='highs'),0,Optimization terminated successfully. (HiGHS Status 7: Optimal),1.4210854715202004e-14,120,1445
193,ideal_large_dense,"Ideal: large, dense",194,17.518616842425693,0.7495585824394112,1.042920697950428,1.1048536042552457,True,scipy.optimize.linprog(method='highs'),0,Optimization terminated successfully. (HiGHS Status 7: Optimal),2.8421709430404014e-14,120,1433
194,ideal_large_dense,"Ideal: large, dense",195,13.19935324952059,0.7986183072336286,1.107930995813461,1.145621167542856,True,scipy.optimize.linprog(method='highs'),0,Optimization terminated successfully. (HiGHS Status 7: Optimal),2.8421709430404014e-14,120,1461
195,ideal_large_dense,"Ideal: large, dense",196,10.515027748293209,0.8351528194742138,1.071180396442006,1.108776911056795,True,scipy.optimize.linprog(method='highs'),0,Optimization terminated successfully. (HiGHS Status 7: Optimal),1.4210854715202004e-14,120,1441
196,ideal_large_dense,"Ideal: large, dense",197,10.2169733108996,0.8546431946407602,0.9664824498198186,0.9814671294578088,True,scipy.optimize.linprog(method='highs'),0,Optimization terminated successfully. (HiGHS Status 7: Optimal),1.4210854715202004e-14,120,1452
197,ideal_large_dense,"Ideal: large, dense",198,8.971412922148161,0.8601533759723337,1.045987826798381,1.0713633028278922,True,scipy.optimize.linprog(method='highs'),0,Optimization terminated successfully. (HiGHS Status 7: Optimal),1.4210854715202004e-14,120,1446
198,ideal_large_dense,"Ideal: large, dense",199,15.8598207658466,0.7692981951487635,1.0378681503816964,1.078893214761132,True,scipy.optimize.linprog(method='highs'),0,Optimization terminated successfully. (HiGHS Status 7: Optimal),1.4210854715202004e-14,120,1415
199,ideal_large_dense,"Ideal: large, dense",200,10.594030709149408,0.8437739488782852,1.0106157532009925,1.0355616278182929,True,scipy.optimize.linprog(method='highs'),0,Optimization terminated successfully. (HiGHS Status 7: Optimal),1.4210854715202004e-14,120,1452
1000180,ideal_small_dense,"Ideal: small, dense",181,15.435314997958027,0.7761639656065895,1.060506704617235,1.1035772444016476,True,scipy.optimize.linprog(method='highs'),0,Optimization terminated successfully. (HiGHS Status 7: Optimal),1.4210854715202004e-14,48,563
1000181,ideal_small_dense,"Ideal: small, dense",182,10.575891640131408,0.8487079598237227,1.061894006690442,1.0737001071338108,True,scipy.optimize.linprog(method='highs'),0,Optimization terminated successfully. (HiGHS Status 7: Optimal),1.4210854715202004e-14,48,571
1000182,ideal_small_dense,"Ideal: small, dense",183,6.74562574288907,0.901248994033412,0.9674966997190236,0.9847620387009036,True,scipy.optimize.linprog(method='highs'),0,Optimization terminated successfully. (HiGHS Status 7: Optimal),2.8421709430404014e-14,48,549
1000183,ideal_small_dense,"Ideal: small, dense",184,10.22824904904248,0.8531600944342673,1.0092193962612648,1.0326801451444023,True,scipy.optimize.linprog(method='highs'),0,Optimization terminated successfully. (HiGHS Status 7: Optimal),1.4210854715202004e-14,48,563
1000184,ideal_small_dense,"Ideal: small, dense",185,9.455444257073609,0.8591364186291981,0.9925274467198693,1.0123837146953123,True,scipy.optimize.linprog(method='highs'),0,Optimization terminated successfully. (HiGHS Status 7: Optimal),1.4210854715202004e-14,48,564
1000185,ideal_small_dense,"Ideal: small, dense",186,8.606611995761995,0.8650153502732704,1.049455558401011,1.0670521385263323,True,scipy.optimize.linprog(method='highs'),0,Optimization terminated successfully. (HiGHS Status 7: Optimal),1.4210854715202004e-14,48,568
1000186,ideal_small_dense,"Ideal: small, dense",187,13.86057334629161,0.796720715693709,1.060491292169461,1.0922956244790014,True,scipy.optimize.linprog(method='highs'),0,Optimization terminated successfully. (HiGHS Status 7: Optimal),1.4210854715202004e-14,48,600
1000187,ideal_small_dense,"Ideal: small, dense",188,3.14293169678227,0.9514242744971853,0.970720109828264,0.977899936407961,True,scipy.optimize.linprog(method='highs'),0,Optimization terminated successfully. (HiGHS Status 7: Optimal),1.4210854715202004e-14,48,602
1000188,ideal_small_dense,"Ideal: small, dense",189,11.820542746086858,0.807468183358802,1.0767219704693567,1.1545095686195497,True,scipy.optimize.linprog(method='highs'),0,Optimization terminated successfully. (HiGHS Status 7: Optimal),1.4210854715202004e-14,48,601
1000189,ideal_small_dense,"Ideal: small, dense",190,4.898466138972033,0.916417266032534,1.0798073235251748,1.0945688586374094,True,scipy.optimize.linprog(method='highs'),0,Optimization terminated successfully. (HiGHS Status 7: Optimal),1.4210854715202004e-14,48,572
1000190,ideal_small_dense,"Ideal: small, dense",191,6.871612542140241,0.8971415442663517,1.122511078699588,1.1311589633159922,True,scipy.optimize.linprog(method='highs'),0,Optimization terminated successfully. (HiGHS Status 7: Optimal),1.4210854715202004e-14,48,603
1000191,ideal_small_dense,"Ideal: small, dense",192,14.56569001099885,0.7788847302102184,1.017483660868517,1.1029361600085186,True,scipy.optimize.linprog(method='highs'),0,Optimization terminated successfully. (HiGHS Status 7: Optimal),1.4210854715202004e-14,48,595
1000192,ideal_small_dense,"Ideal: small, dense",193,18.34141675564733,0.7277498864630193,1.062252173317134,1.1412191806971037,True,scipy.optimize.linprog(method='highs'),0,Optimization terminated successfully. (HiGHS Status 7: Optimal),1.4210854715202004e-14,48,567
1000193,ideal_small_dense,"Ideal: small, dense",194,0.5980726846159712,0.965077348122768,1.0266460489656772,1.1053749244260147,True,scipy.optimize.linprog(method='highs'),0,Optimization terminated successfully. (HiGHS Status 7: Optimal),1.4210854715202004e-14,48,527
1000194,ideal_small_dense,"Ideal: small, dense",195,15.273530696438335,0.7798431756587458,1.0428445350860935,1.0684069350895369,True,scipy.optimize.linprog(method='highs'),0,Optimization terminated successfully. (HiGHS Status 7: Optimal),1.4210854715202004e-14,48,576
1000195,ideal_small_dense,"Ideal: small, dense",196,14.30492200389724,0.7851088803554638,1.1089498423513655,1.134330898705587,True,scipy.optimize.linprog(method='highs'),0,Optimization terminated successfully. (HiGHS Status 7: Optimal),2.8421709430404014e-14,48,565
1000196,ideal_small_dense,"Ideal: small, dense",197,15.002623744452622,0.7869990170759559,1.0254453556686154,1.0569036113835957,True,scipy.optimize.linprog(method='highs'),0,Optimization terminated successfully. (HiGHS Status 7: Optimal),1.4210854715202004e-14,48,574
1000197,ideal_small_dense,"Ideal: small, dense",198,8.49536847788044,0.8516812591748953,1.1884271295294788,1.2354205324674898,True,scipy.optimize.linprog(method='highs'),0,Optimization terminated successfully. (HiGHS Status 7: Optimal),1.4210854715202004e-14,48,566
1000198,ideal_small_dense,"Ideal: small, dense",199,14.692193401444383,0.7753406692885142,1.0731690387385937,1.1158438956833605,True,scipy.optimize.linprog(method='highs'),0,Optimization terminated successfully. (HiGHS Status 7: Optimal),1.4210854715202004e-14,48,562
1000199,ideal_small_dense,"Ideal: small, dense",200,9.65078148938641,0.8475204492909834,1.1045678754470882,1.1677249222796866,True,scipy.optimize.linprog(method='highs'),0,Optimization terminated successfully. (HiGHS Status 7: Optimal),1.4210854715202004e-14,48,578
2000180,ideal_large_sparse,"Ideal: large, sparse",181,19.811933139979857,0.6840363482787181,1.0966136935905384,1.45658663853918,True,scipy.optimize.linprog(method='highs'),0,Optimization terminated successfully. (HiGHS Status 7: Optimal),1.4210854715202004e-14,120,713
2000181,ideal_large_sparse,"Ideal: large, sparse",182,24.56282798439505,0.6055460999206487,1.1262253093893964,1.8187724449308031,True,scipy.optimize.linprog(method='highs'),0,Optimization terminated successfully. (HiGHS Status 7: Optimal),1.4210854715202004e-14,120,716
2000182,ideal_large_sparse,"Ideal: large, sparse",183,17.186605619636182,0.7188536511720244,1.1765380979644644,1.5196360612262043,True,scipy.optimize.linprog(method='highs'),0,Optimization terminated successfully. (HiGHS Status 7: Optimal),1.4210854715202004e-14,120,731
2000183,ideal_large_sparse,"Ideal: large, sparse",184,17.938470917728647,0.7116490940718428,1.0792397872232045,1.4375321831748298,True,scipy.optimize.linprog(method='highs'),0,Optimization terminated successfully. (HiGHS Status 7: Optimal),1.4210854715202004e-14,120,708
2000184,ideal_large_sparse,"Ideal: large, sparse",185,24.95880046642874,0.6036111795087514,1.1250158817475873,1.593403547536261,True,scipy.optimize.linprog(method='highs'),0,Optimization terminated successfully. (HiGHS Status 7: Optimal),1.4210854715202004e-14,120,739
2000185,ideal_large_sparse,"Ideal: large, sparse",186,21.094627511588044,0.6646367667834374,1.160200668936626,1.5385971866926411,True,scipy.optimize.linprog(method='highs'),0,Optimization terminated successfully. (HiGHS Status 7: Optimal),1.4210854715202004e-14,120,733
2000186,ideal_large_sparse,"Ideal: large, sparse",187,38.0627690878287,0.4386446940468313,1.1092732976151165,1.6085079702413874,True,scipy.optimize.linprog(method='highs'),0,Optimization terminated successfully. (HiGHS Status 7: Optimal),1.4210854715202004e-14,120,694
2000187,ideal_large_sparse,"Ideal: large, sparse",188,23.03734505176148,0.6371247437413101,1.199803831289217,1.53908653687431,True,scipy.optimize.linprog(method='highs'),0,Optimization terminated successfully. (HiGHS Status 7: Optimal),1.4210854715202004e-14,120,734
2000188,ideal_large_sparse,"Ideal: large, sparse",189,20.89817206696376,0.6567693585704195,1.152937213541415,1.6548170297134406,True,scipy.optimize.linprog(method='highs'),0,Optimization terminated successfully. (HiGHS Status 7: Optimal),1.4210854715202004e-14,120,750
2000189,ideal_large_sparse,"Ideal: large, sparse",190,20.605746737241464,0.671445592519227,1.1463437796135356,1.4633346595665484,True,scipy.optimize.linprog(method='highs'),0,Optimization terminated successfully. (HiGHS Status 7: Optimal),2.131628207280301e-14,120,727
2000190,ideal_large_sparse,"Ideal: large, sparse",191,17.811281754165762,0.7118301181915369,1.1876041474701098,1.5002622106760524,True,scipy.optimize.linprog(method='highs'),0,Optimization terminated successfully. (HiGHS Status 7: Optimal),1.4210854715202004e-14,120,734
2000191,ideal_large_sparse,"Ideal: large, sparse",192,13.357066708460437,0.7698067292787263,1.1569639210806733,1.4579249345268313,True,scipy.optimize.linprog(method='highs'),0,Optimization terminated successfully. (HiGHS Status 7: Optimal),1.4210854715202004e-14,120,725
2000192,ideal_large_sparse,"Ideal: large, sparse",193,20.100214481163498,0.68961233534377,1.026599410892956,1.3144656549949312,True,scipy.optimize.linprog(method='highs'),0,Optimization terminated successfully. (HiGHS Status 7: Optimal),1.4210854715202004e-14,120,733
2000193,ideal_large_sparse,"Ideal: large, sparse",194,24.47233382475192,0.6262029015647179,1.026251518318734,1.390006874404609,True,scipy.optimize.linprog(method='highs'),0,Optimization terminated successfully. (HiGHS Status 7: Optimal),1.4210854715202004e-14,120,735
2000194,ideal_large_sparse,"Ideal: large, sparse",195,15.861755483875225,0.7442072555725034,1.1176265663528744,1.3873896359726814,True,scipy.optimize.linprog(method='highs'),0,Optimization terminated successfully. (HiGHS Status 7: Optimal),1.4210854715202004e-14,120,728
2000195,ideal_large_sparse,"Ideal: large, sparse",196,8.63537765378328,0.8372724082708096,1.1460147195105153,1.3751098453146928,True,scipy.optimize.linprog(method='highs'),0,Optimization terminated successfully. (HiGHS Status 7: Optimal),1.4210854715202004e-14,120,698
2000196,ideal_large_sparse,"Ideal: large, sparse",197,13.183044427771476,0.7683227670641689,1.202746243091968,1.540416888189695,True,scipy.optimize.linprog(method='highs'),0,Optimization terminated successfully. (HiGHS Status 7: Optimal),2.8421709430404014e-14,120,747
2000197,ideal_large_sparse,"Ideal: large, sparse",198,21.314154487222787,0.6708474934130255,1.1094238527173317,1.3909240330827646,True,scipy.optimize.linprog(method='highs'),0,Optimization terminated successfully. (HiGHS Status 7: Optimal),1.4210854715202004e-14,120,728
2000198,ideal_large_sparse,"Ideal: large, sparse",199,20.088097791139035,0.6773787346276154,1.2571527571265606,1.5577106150031048,True,scipy.optimize.linprog(method='highs'),0,Optimization terminated successfully. (HiGHS Status 7: Optimal),1.4210854715202004e-14,120,734
2000199,ideal_large_sparse,"Ideal: large, sparse",200,24.983045279711884,0.6159615574715217,1.0949714839693498,1.4827293068853284,True,scipy.optimize.linprog(method='highs'),0,Optimization terminated successfully. (HiGHS Status 7: Optimal),1.4210854715202004e-14,120,732
3000180,serial_dependence,Serial dependence,181,16.689285994429767,0.7537393056664601,1.0711688277854012,1.1454546578389508,True,scipy.optimize.linprog(method='highs'),0,Optimization terminated successfully. (HiGHS Status 7: Optimal),1.4210854715202004e-14,120,1222
3000181,serial_dependence,Serial dependence,182,15.594718683494932,0.7654471680163139,1.086670005815448,1.1700079198106788,True,scipy.optimize.linprog(method='highs'),0,Optimization terminated successfully. (HiGHS Status 7: Optimal),1.4210854715202004e-14,120,1191
3000182,serial_dependence,Serial dependence,183,19.651350087217484,0.7103345019051527,1.0234602702259972,1.1150302882290446,True,scipy.optimize.linprog(method='highs'),0,Optimization terminated successfully. (HiGHS Status 7: Optimal),1.4210854715202004e-14,120,1198
3000183,serial_dependence,Serial dependence,184,12.684584341096034,0.7991271549296753,1.164715392448215,1.2758033574793433,True,scipy.optimize.linprog(method='highs'),0,Optimization terminated successfully. (HiGHS Status 7: Optimal),2.8421709430404014e-14,120,1188
3000184,serial_dependence,Serial dependence,185,17.444390869447894,0.7361294707630845,1.1148647374806244,1.2212191371515797,True,scipy.optimize.linprog(method='highs'),0,Optimization terminated successfully. (HiGHS Status 7: Optimal),1.4210854715202004e-14,120,1168
3000185,serial_dependence,Serial dependence,186,9.806537544081309,0.8326996408415953,1.0687658482594713,1.201648213599858,True,scipy.optimize.linprog(method='highs'),0,Optimization terminated successfully. (HiGHS Status 7: Optimal),1.4210854715202004e-14,120,1217
3000186,serial_dependence,Serial dependence,187,12.243013631849305,0.7887612421444249,1.176130461423616,1.3594444194601505,True,scipy.optimize.linprog(method='highs'),0,Optimization terminated successfully. (HiGHS Status 7: Optimal),1.4210854715202004e-14,120,1148
3000187,serial_dependence,Serial dependence,188,4.013955771055895,0.9186275961675496,1.0822002278613514,1.1459366426973994,True,scipy.optimize.linprog(method='highs'),0,Optimization terminated successfully. (HiGHS Status 7: Optimal),1.4210854715202004e-14,120,1258
3000188,serial_dependence,Serial dependence,189,20.465934020965346,0.6950198276737267,1.1558074149580602,1.2567011257998495,True,scipy.optimize.linprog(method='highs'),0,Optimization terminated successfully. (HiGHS Status 7: Optimal),1.4210854715202004e-14,120,1222
3000189,serial_dependence,Serial dependence,190,12.076147053196324,0.8176554057133728,1.0366323912992883,1.0822660950182912,True,scipy.optimize.linprog(method='highs'),0,Optimization terminated successfully. (HiGHS Status 7: Optimal),1.4210854715202004e-14,120,1191
3000190,serial_dependence,Serial dependence,191,13.40628314726652,0.7810158816370469,1.1014110491979885,1.2406745692359458,True,scipy.optimize.linprog(method='highs'),0,Optimization terminated successfully. (HiGHS Status 7: Optimal),1.4210854715202004e-14,120,1195
3000191,serial_dependence,Serial dependence,192,16.051518530191075,0.738849542817994,1.0974986752891172,1.3501530605036605,True,scipy.optimize.linprog(method='highs'),0,Optimization terminated successfully. (HiGHS Status 7: Optimal),1.4210854715202004e-14,120,1203
3000192,serial_dependence,Serial dependence,193,15.826795669150371,0.7549532878049191,1.0581778420443817,1.1789437758371597,True,scipy.optimize.linprog(method='highs'),0,Optimization terminated successfully. (HiGHS Status 7: Optimal),1.4210854715202004e-14,120,1216
3000193,serial_dependence,Serial dependence,194,3.592252704869162,0.9255951268953676,1.122248255612052,1.193766110854298,True,scipy.optimize.linprog(method='highs'),0,Optimization terminated successfully. (HiGHS Status 7: Optimal),1.4210854715202004e-14,120,1282
3000194,serial_dependence,Serial dependence,195,13.0634844505437,0.8001745771861745,1.0500312846898778,1.1290498963871771,True,scipy.optimize.linprog(method='highs'),0,Optimization terminated successfully. (HiGHS Status 7: Optimal),2.8421709430404014e-14,120,1212
3000195,serial_dependence,Serial dependence,196,10.16692682452952,0.8275864094038313,1.094446339523696,1.1995250125909238,True,scipy.optimize.linprog(method='highs'),0,Optimization terminated successfully. (HiGHS Status 7: Optimal),1.4210854715202004e-14,120,1218
3000196,serial_dependence,Serial dependence,197,15.967783985293714,0.7507825413685874,1.0728567535134947,1.2206840860373729,True,scipy.optimize.linprog(method='highs'),0,Optimization terminated successfully. (HiGHS Status 7: Optimal),1.4210854715202004e-14,120,1186
3000197,serial_dependence,Serial dependence,198,15.262396527615625,0.7662160981247577,1.0998708600690188,1.2217179642441671,True,scipy.optimize.linprog(method='highs'),0,Optimization terminated successfully. (HiGHS Status 7: Optimal),1.4210854715202004e-14,120,1228
3000198,serial_dependence,Serial dependence,199,15.713911703993098,0.7591818955658437,1.1433425285312837,1.2221678573380286,True,scipy.optimize.linprog(method='highs'),0,Optimization terminated successfully. (HiGHS Status 7: Optimal),1.4210854715202004e-14,120,1175
3000199,serial_dependence,Serial dependence,200,21.569966131639998,0.6709389816399315,1.1443374610828247,1.376031059030873,True,scipy.optimize.linprog(method='highs'),0,Optimization terminated successfully. (HiGHS Status 7: Optimal),1.4210854715202004e-14,120,1205
4000180,discrete_map_rounding,Integer MAP rounding,181,9.384615384615389,0.8461538461538461,1.08034542149446,1.1339815947940952,True,scipy.optimize.linprog(method='highs'),0,Optimization terminated successfully. (HiGHS Status 7: Optimal),1.4210854715202004e-14,120,1201
4000181,discrete_map_rounding,Integer MAP rounding,182,19.42857142857143,0.7142857142857143,1.0985135050135044,1.182096195471195,True,scipy.optimize.linprog(method='highs'),0,Optimization terminated successfully. (HiGHS Status 7: Optimal),1.4210854715202004e-14,120,1222
4000182,discrete_map_rounding,Integer MAP rounding,183,15.14285714285715,0.7857142857142857,1.0449997813033527,1.0702221250971249,True,scipy.optimize.linprog(method='highs'),0,Optimization terminated successfully. (HiGHS Status 7: Optimal),1.4210854715202004e-14,120,1189
4000183,discrete_map_rounding,Integer MAP rounding,184,9.285714285714024,0.8571428571428604,1.0394129987076417,1.0640626480001485,True,scipy.optimize.linprog(method='highs'),0,Optimization terminated successfully. (HiGHS Status 7: Optimal),1.1368683772161605e-13,120,1193
4000184,discrete_map_rounding,Integer MAP rounding,185,11.166666666666655,0.8333333333333334,1.0784806998556995,1.1054303243053245,True,scipy.optimize.linprog(method='highs'),0,Optimization terminated successfully. (HiGHS Status 7: Optimal),7.105427357601002e-15,120,1178
4000185,discrete_map_rounding,Integer MAP rounding,186,10.666666666666684,0.833333333333333,1.1080824445616126,1.1395783290783292,True,scipy.optimize.linprog(method='highs'),0,Optimization terminated successfully. (HiGHS Status 7: Optimal),1.4210854715202004e-14,120,1152
4000186,discrete_map_rounding,Integer MAP rounding,187,12.090909090909069,0.8181818181818186,1.063446346162256,1.1167217597217598,True,scipy.optimize.linprog(method='highs'),0,Optimization terminated successfully. (HiGHS Status 7: Optimal),1.4210854715202004e-14,120,1127
4000187,discrete_map_rounding,Integer MAP rounding,188,8.285714285714278,0.8571428571428572,1.1086295989063844,1.1892169381544384,True,scipy.optimize.linprog(method='highs'),0,Optimization terminated successfully. (HiGHS Status 7: Optimal),1.4210854715202004e-14,120,1197
4000188,discrete_map_rounding,Integer MAP rounding,189,11.5,0.8333333333333334,1.044469119614952,1.0649465395715396,True,scipy.optimize.linprog(method='highs'),0,Optimization terminated successfully. (HiGHS Status 7: Optimal),1.4210854715202004e-14,120,1202
4000189,discrete_map_rounding,Integer MAP rounding,190,16.75,0.75,1.0681027756965265,1.104849067599068,True,scipy.optimize.linprog(method='highs'),0,Optimization terminated successfully. (HiGHS Status 7: Optimal),0.0,120,1210
4000190,discrete_map_rounding,Integer MAP rounding,191,10.333333333333345,0.8333333333333333,1.052770512666346,1.1103931600806602,True,scipy.optimize.linprog(method='highs'),0,Optimization terminated successfully. (HiGHS Status 7: Optimal),7.105427357601002e-15,120,1171
4000191,discrete_map_rounding,Integer MAP rounding,192,9.296296296296298,0.8518518518518517,1.0513613967479698,1.0959024378399378,True,scipy.optimize.linprog(method='highs'),0,Optimization terminated successfully. (HiGHS Status 7: Optimal),1.4210854715202004e-14,120,1230
4000192,discrete_map_rounding,Integer MAP rounding,193,14.444444444444445,0.7777777777777779,1.1045752442002452,1.1621498455248451,True,scipy.optimize.linprog(method='highs'),0,Optimization terminated successfully. (HiGHS Status 7: Optimal),1.4210854715202004e-14,120,1233
4000193,discrete_map_rounding,Integer MAP rounding,194,7.99999999999995,0.8750000000000009,1.0974853925010182,1.1170017413142417,True,scipy.optimize.linprog(method='highs'),0,Optimization terminated successfully. (HiGHS Status 7: Optimal),1.4210854715202004e-14,120,1176
4000194,discrete_map_rounding,Integer MAP rounding,195,13.600000000000035,0.7999999999999995,1.0582262968512974,1.0842554528804529,True,scipy.optimize.linprog(method='highs'),0,Optimization terminated successfully. (HiGHS Status 7: Optimal),1.4210854715202004e-14,120,1247
4000195,discrete_map_rounding,Integer MAP rounding,196,19.571428571428573,0.7142857142857143,1.0652977207977203,1.1156644142894143,True,scipy.optimize.linprog(method='highs'),0,Optimization terminated successfully. (HiGHS Status 7: Optimal),1.4210854715202004e-14,120,1202
4000196,discrete_map_rounding,Integer MAP rounding,197,12.181818181818192,0.8181818181818181,1.05105247235929,1.0822568172568172,True,scipy.optimize.linprog(method='highs'),0,Optimization terminated successfully. (HiGHS Status 7: Optimal),1.4210854715202004e-14,120,1212
4000197,discrete_map_rounding,Integer MAP rounding,198,9.421052631578943,0.8421052631578947,1.0525881424861687,1.151588487900988,True,scipy.optimize.linprog(method='highs'),0,Optimization terminated successfully. (HiGHS Status 7: Optimal),1.4210854715202004e-14,120,1203
4000198,discrete_map_rounding,Integer MAP rounding,199,15.714285714285715,0.761904761904762,1.0951994056428571,1.1686459998334997,True,scipy.optimize.linprog(method='highs'),0,Optimization terminated successfully. (HiGHS Status 7: Optimal),1.4210854715202004e-14,120,1179
4000199,discrete_map_rounding,Integer MAP rounding,200,13.40000000000002,0.7999999999999997,1.1242128195878212,1.1509045167795176,True,scipy.optimize.linprog(method='highs'),0,Optimization terminated successfully. (HiGHS Status 7: Optimal),1.4210854715202004e-14,120,1218
5000180,informative_monitoring,Informative monitoring,181,28.67470847727482,0.5818233891755337,1.1297068538247947,1.372212461526749,True,scipy.optimize.linprog(method='highs'),0,Optimization terminated successfully. (HiGHS Status 7: Optimal),1.4210854715202004e-14,120,662
5000181,informative_monitoring,Informative monitoring,182,30.03225466774574,0.5489056839471566,1.0917438800429482,1.343087080896113,True,scipy.optimize.linprog(method='highs'),0,Optimization terminated successfully. (HiGHS Status 7: Optimal),1.4210854715202004e-14,120,638
5000182,informative_monitoring,Informative monitoring,183,23.20903870066285,0.6522544601647684,1.0863897944830925,1.2499468992209346,True,scipy.optimize.linprog(method='highs'),0,Optimization terminated successfully. (HiGHS Status 7: Optimal),1.4210854715202004e-14,120,726
5000183,informative_monitoring,Informative monitoring,184,21.789427661308046,0.6684947620069024,1.1212398523468057,1.358581934702903,True,scipy.optimize.linprog(method='highs'),0,Optimization terminated successfully. (HiGHS Status 7: Optimal),1.4210854715202004e-14,120,774
5000184,informative_monitoring,Informative monitoring,185,24.75420518459825,0.6188071839108112,1.0695843698389238,1.4449832615159175,True,scipy.optimize.linprog(method='highs'),0,Optimization terminated successfully. (HiGHS Status 7: Optimal),1.4210854715202004e-14,120,668
5000185,informative_monitoring,Informative monitoring,186,17.927967532014712,0.7186686565436612,1.1138947965835913,1.3217478359063617,True,scipy.optimize.linprog(method='highs'),0,Optimization terminated successfully. (HiGHS Status 7: Optimal),2.8421709430404014e-14,120,698
5000186,informative_monitoring,Informative monitoring,187,24.37829695321766,0.6249348461294183,1.1146397031558917,1.3597232895492355,True,scipy.optimize.linprog(method='highs'),0,Optimization terminated successfully. (HiGHS Status 7: Optimal),1.4210854715202004e-14,120,725
5000187,informative_monitoring,Informative monitoring,188,15.592677347575162,0.7592411780107289,1.1298266681410396,1.2849993597253029,True,scipy.optimize.linprog(method='highs'),0,Optimization terminated successfully. (HiGHS Status 7: Optimal),1.4210854715202004e-14,120,665
5000188,informative_monitoring,Informative monitoring,189,23.21591075338181,0.6593926886237923,1.0592759634304745,1.239633673570831,True,scipy.optimize.linprog(method='highs'),0,Optimization terminated successfully. (HiGHS Status 7: Optimal),1.4210854715202004e-14,120,749
5000189,informative_monitoring,Informative monitoring,190,26.24305962141367,0.599108908751212,1.1150317641201084,1.4495915030708086,True,scipy.optimize.linprog(method='highs'),0,Optimization terminated successfully. (HiGHS Status 7: Optimal),1.4210854715202004e-14,120,664
5000190,informative_monitoring,Informative monitoring,191,20.567685654226157,0.6797903061326246,1.1290681691761764,1.4376596510899076,True,scipy.optimize.linprog(method='highs'),0,Optimization terminated successfully. (HiGHS Status 7: Optimal),2.8421709430404014e-14,120,702
5000191,informative_monitoring,Informative monitoring,192,23.206947332247687,0.6532126461218357,1.0624850348792316,1.2510162904199431,True,scipy.optimize.linprog(method='highs'),0,Optimization terminated successfully. (HiGHS Status 7: Optimal),1.4210854715202004e-14,120,663
5000192,informative_monitoring,Informative monitoring,193,20.80091962782745,0.6713217864480476,1.1769980910368971,1.4131290659373963,True,scipy.optimize.linprog(method='highs'),0,Optimization terminated successfully. (HiGHS Status 7: Optimal),1.4210854715202004e-14,120,756
5000193,informative_monitoring,Informative monitoring,194,18.59430098057514,0.7075266481533012,1.111397571085048,1.2947427867138082,True,scipy.optimize.linprog(method='highs'),0,Optimization terminated successfully. (HiGHS Status 7: Optimal),1.4210854715202004e-14,120,798
5000194,informative_monitoring,Informative monitoring,195,16.450009668691905,0.7450493721289685,1.0866990139950137,1.2501463003180322,True,scipy.optimize.linprog(method='highs'),0,Optimization terminated successfully. (HiGHS Status 7: Optimal),1.4210854715202004e-14,120,707
5000195,informative_monitoring,Informative monitoring,196,19.94941462020224,0.6917866469989536,1.1036258578544873,1.3318088885800552,True,scipy.optimize.linprog(method='highs'),0,Optimization terminated successfully. (HiGHS Status 7: Optimal),1.4210854715202004e-14,120,667
5000196,informative_monitoring,Informative monitoring,197,14.92024319412926,0.7623203244059744,1.0605409206678982,1.223391766209145,True,scipy.optimize.linprog(method='highs'),0,Optimization terminated successfully. (HiGHS Status 7: Optimal),1.4210854715202004e-14,120,788
5000197,informative_monitoring,Informative monitoring,198,23.62701729260454,0.637909847835811,1.1101232580372298,1.359366732062163,True,scipy.optimize.linprog(method='highs'),0,Optimization terminated successfully. (HiGHS Status 7: Optimal),1.4210854715202004e-14,120,685
5000198,informative_monitoring,Informative monitoring,199,18.525027341965952,0.7095927530089341,1.121431398812716,1.2790781834701168,True,scipy.optimize.linprog(method='highs'),0,Optimization terminated successfully. (HiGHS Status 7: Optimal),1.4210854715202004e-14,120,735
5000199,informative_monitoring,Informative monitoring,200,20.487703724907043,0.6841433901312826,1.153481141953782,1.3742881634943251,True,scipy.optimize.linprog(method='highs'),0,Optimization terminated successfully. (HiGHS Status 7: Optimal),1.4210854715202004e-14,120,684
6000180,cluster_size_informative,Cluster size--level association,181,18.892589790237057,0.7240773753999368,1.025669982230033,1.1249720710225355,True,scipy.optimize.linprog(method='highs'),0,Optimization terminated successfully. (HiGHS Status 7: Optimal),1.4210854715202004e-14,120,1371
6000181,cluster_size_informative,Cluster size--level association,182,18.21619129250889,0.7441746805754847,1.056187526932178,1.0940067673097968,True,scipy.optimize.linprog(method='highs'),0,Optimization terminated successfully. (HiGHS Status 7: Optimal),2.8421709430404014e-14,120,1388
6000182,cluster_size_informative,Cluster size--level association,183,9.058757460995452,0.8672641490526692,1.0312696808792987,1.056631103563286,True,scipy.optimize.linprog(method='highs'),0,Optimization terminated successfully. (HiGHS Status 7: Optimal),1.4210854715202004e-14,120,1376
6000183,cluster_size_informative,Cluster size--level association,184,14.430994135063584,0.7860368809061642,1.0857650117326385,1.1432565017986998,True,scipy.optimize.linprog(method='highs'),0,Optimization terminated successfully. (HiGHS Status 7: Optimal),1.4210854715202004e-14,120,1418
6000184,cluster_size_informative,Cluster size--level association,185,17.348919524189768,0.750654361496451,1.099473267187166,1.1603524868306936,True,scipy.optimize.linprog(method='highs'),0,Optimization terminated successfully. (HiGHS Status 7: Optimal),1.4210854715202004e-14,120,1351
6000185,cluster_size_informative,Cluster size--level association,186,14.507137406739004,0.7847792746893848,1.1017711494139777,1.162472497693782,True,scipy.optimize.linprog(method='highs'),0,Optimization terminated successfully. (HiGHS Status 7: Optimal),1.4210854715202004e-14,120,1339
6000186,cluster_size_informative,Cluster size--level association,187,18.585305219060366,0.7259868896164143,1.0844755448760708,1.1541906441314442,True,scipy.optimize.linprog(method='highs'),0,Optimization terminated successfully. (HiGHS Status 7: Optimal),1.4210854715202004e-14,120,1400
6000187,cluster_size_informative,Cluster size--level association,188,9.44632693478694,0.8618319040376684,1.0337075562824616,1.0507109988045,True,scipy.optimize.linprog(method='highs'),0,Optimization terminated successfully. (HiGHS Status 7: Optimal),1.4210854715202004e-14,120,1343
6000188,cluster_size_informative,Cluster size--level association,189,18.10357676355917,0.7401055494547822,1.0221495463883292,1.1148511119642628,True,scipy.optimize.linprog(method='highs'),0,Optimization terminated successfully. (HiGHS Status 7: Optimal),2.8421709430404014e-14,120,1406
6000189,cluster_size_informative,Cluster size--level association,190,14.865572255954625,0.7864623620178824,1.0435697459614586,1.0871183626899383,True,scipy.optimize.linprog(method='highs'),0,Optimization terminated successfully. (HiGHS Status 7: Optimal),1.4210854715202004e-14,120,1425
6000190,cluster_size_informative,Cluster size--level association,191,10.308310046890083,0.8415252651676092,1.0619318809257243,1.0985489641785786,True,scipy.optimize.linprog(method='highs'),0,Optimization terminated successfully. (HiGHS Status 7: Optimal),1.4210854715202004e-14,120,1406
6000191,cluster_size_informative,Cluster size--level association,192,9.396356219187124,0.8594948951937217,1.0343743123075375,1.064019674207397,True,scipy.optimize.linprog(method='highs'),0,Optimization terminated successfully. (HiGHS Status 7: Optimal),1.4210854715202004e-14,120,1379
6000192,cluster_size_informative,Cluster size--level association,193,17.95299189645408,0.7370067818984969,1.0401433828883926,1.1459058050022597,True,scipy.optimize.linprog(method='highs'),0,Optimization terminated successfully. (HiGHS Status 7: Optimal),1.4210854715202004e-14,120,1371
6000193,cluster_size_informative,Cluster size--level association,194,16.406327597932382,0.7586481348834678,1.0816884143291718,1.1436439121478854,True,scipy.optimize.linprog(method='highs'),0,Optimization terminated successfully. (HiGHS Status 7: Optimal),1.4210854715202004e-14,120,1328
6000194,cluster_size_informative,Cluster size--level association,195,8.039034677937634,0.8752375088288135,1.0385867151022268,1.059434503543343,True,scipy.optimize.linprog(method='highs'),0,Optimization terminated successfully. (HiGHS Status 7: Optimal),1.4210854715202004e-14,120,1412
6000195,cluster_size_informative,Cluster size--level association,196,18.26380214468358,0.7317226030712796,1.1077536735435427,1.1750235645176066,True,scipy.optimize.linprog(method='highs'),0,Optimization terminated successfully. (HiGHS Status 7: Optimal),1.4210854715202004e-14,120,1404
6000196,cluster_size_informative,Cluster size--level association,197,14.994762403450087,0.7828097970408859,1.038233415079107,1.0711049162222095,True,scipy.optimize.linprog(method='highs'),0,Optimization terminated successfully. (HiGHS Status 7: Optimal),1.4210854715202004e-14,120,1303
6000197,cluster_size_informative,Cluster size--level association,198,22.10094249496551,0.680218657478116,1.0416059841084846,1.1466778013564107,True,scipy.optimize.linprog(method='highs'),0,Optimization terminated successfully. (HiGHS Status 7: Optimal),1.4210854715202004e-14,120,1383
6000198,cluster_size_informative,Cluster size--level association,199,16.870566438587126,0.7577778859438462,1.0671694313785896,1.1099353143479662,True,scipy.optimize.linprog(method='highs'),0,Optimization terminated successfully. (HiGHS Status 7: Optimal),1.4210854715202004e-14,120,1415
6000199,cluster_size_informative,Cluster size--level association,200,10.595624971695322,0.8443517670963464,1.0329610155584816,1.0705690783852235,True,scipy.optimize.linprog(method='highs'),0,Optimization terminated successfully. (HiGHS Status 7: Optimal),1.4210854715202004e-14,120,1287
7000180,common_time_misspecified,Misspecified common time,181,10.633255275115232,0.7861851818136096,1.081996844456412,1.6473878556480352,True,scipy.optimize.linprog(method='highs'),0,Optimization terminated successfully. (HiGHS Status 7: Optimal),1.4210854715202004e-14,120,1159
7000181,common_time_misspecified,Misspecified common time,182,3.476374639584608,0.8788238976153215,1.0732684140272846,1.655048522812957,True,scipy.optimize.linprog(method='highs'),0,Optimization terminated successfully. (HiGHS Status 7: Optimal),2.8421709430404014e-14,120,1245
7000182,common_time_misspecified,Misspecified common time,183,16.626383255383644,0.7006470714618008,1.1041951031637582,1.7713804723994204,True,scipy.optimize.linprog(method='highs'),0,Optimization terminated successfully. (HiGHS Status 7: Optimal),1.4210854715202004e-14,120,1236
7000183,common_time_misspecified,Misspecified common time,184,17.047137383300196,0.6959731067972327,1.1505768686400502,1.8366525054302565,True,scipy.optimize.linprog(method='highs'),0,Optimization terminated successfully. (HiGHS Status 7: Optimal),1.4210854715202004e-14,120,1206
7000184,common_time_misspecified,Misspecified common time,185,10.767428335585246,0.7819690822048535,1.085651752505983,1.6757905046446722,True,scipy.optimize.linprog(method='highs'),0,Optimization terminated successfully. (HiGHS Status 7: Optimal),1.4210854715202004e-14,120,1219
7000185,common_time_misspecified,Misspecified common time,186,10.751311828493613,0.7802859836527613,1.147696915303427,1.7456711173215886,True,scipy.optimize.linprog(method='highs'),0,Optimization terminated successfully. (HiGHS Status 7: Optimal),1.4210854715202004e-14,120,1177
7000186,common_time_misspecified,Misspecified common time,187,9.099690884083271,0.8123193314168785,1.0712304912167367,1.6838775767706229,True,scipy.optimize.linprog(method='highs'),0,Optimization terminated successfully. (HiGHS Status 7: Optimal),1.4210854715202004e-14,120,1128
7000187,common_time_misspecified,Misspecified common time,188,8.770505914319187,0.8059851374112526,1.2076210888184449,1.7275153613367324,True,scipy.optimize.linprog(method='highs'),0,Optimization terminated successfully. (HiGHS Status 7: Optimal),1.4210854715202004e-14,120,1179
7000188,common_time_misspecified,Misspecified common time,189,16.052491522507033,0.7057011420340069,1.1073532540055209,1.729426198414289,True,scipy.optimize.linprog(method='highs'),0,Optimization terminated successfully. (HiGHS Status 7: Optimal),1.4210854715202004e-14,120,1174
7000189,common_time_misspecified,Misspecified common time,190,12.713519910143653,0.7713657591711522,1.060198934011845,1.46488659775435,True,scipy.optimize.linprog(method='highs'),0,Optimization terminated successfully. (HiGHS Status 7: Optimal),1.4210854715202004e-14,120,1210
7000190,common_time_misspecified,Misspecified common time,191,6.093757540596371,0.8456854398064827,1.1019862497533677,1.7549020315921215,True,scipy.optimize.linprog(method='highs'),0,Optimization terminated successfully. (HiGHS Status 7: Optimal),1.4210854715202004e-14,120,1213
7000191,common_time_misspecified,Misspecified common time,192,9.171573023724909,0.8030999905255481,1.151113024183941,1.690044010104539,True,scipy.optimize.linprog(method='highs'),0,Optimization terminated successfully. (HiGHS Status 7: Optimal),1.4210854715202004e-14,120,1207
7000192,common_time_misspecified,Misspecified common time,193,4.241845147929844,0.8698201020062373,1.1344166160094964,1.6784976164594263,True,scipy.optimize.linprog(method='highs'),0,Optimization terminated successfully. (HiGHS Status 7: Optimal),2.8421709430404014e-14,120,1149
7000193,common_time_misspecified,Misspecified common time,194,20.465890575522707,0.6459646927015594,1.1497157187991849,1.936811493161891,True,scipy.optimize.linprog(method='highs'),0,Optimization terminated successfully. (HiGHS Status 7: Optimal),1.4210854715202004e-14,120,1189
7000194,common_time_misspecified,Misspecified common time,195,17.321486827034658,0.6969548293633974,1.0869708537345817,1.6318742597242817,True,scipy.optimize.linprog(method='highs'),0,Optimization terminated successfully. (HiGHS Status 7: Optimal),1.4210854715202004e-14,120,1256
7000195,common_time_misspecified,Misspecified common time,196,9.418397711014627,0.7943798779067682,1.146073828888013,1.8070821557700691,True,scipy.optimize.linprog(method='highs'),0,Optimization terminated successfully. (HiGHS Status 7: Optimal),1.4210854715202004e-14,120,1174
7000196,common_time_misspecified,Misspecified common time,197,9.974406594152432,0.7997969837410709,1.0674482700646402,1.6621787086935738,True,scipy.optimize.linprog(method='highs'),0,Optimization terminated successfully. (HiGHS Status 7: Optimal),1.4210854715202004e-14,120,1233
7000197,common_time_misspecified,Misspecified common time,198,10.899414611551371,0.7757358997719077,1.1261628389410574,1.831987727992201,True,scipy.optimize.linprog(method='highs'),0,Optimization terminated successfully. (HiGHS Status 7: Optimal),1.4210854715202004e-14,120,1182
7000198,common_time_misspecified,Misspecified common time,199,4.0046029171635,0.8707851639246249,1.0790349040390557,1.7790801658201885,True,scipy.optimize.linprog(method='highs'),0,Optimization terminated successfully. (HiGHS Status 7: Optimal),1.4210854715202004e-14,120,1240
7000199,common_time_misspecified,Misspecified common time,200,11.954220165005973,0.7713361238762746,1.1139720995739253,1.6154683260366205,True,scipy.optimize.linprog(method='highs'),0,Optimization terminated successfully. (HiGHS Status 7: Optimal),1.4210854715202004e-14,120,1180
8000180,level_plus_shape,Persistent level plus shape,181,49.89102779720523,0.2766391676957573,1.1797604634434422,1.4483099517945792,True,scipy.optimize.linprog(method='highs'),0,Optimization terminated successfully. (HiGHS Status 7: Optimal),1.4210854715202004e-14,120,1456
8000181,level_plus_shape,Persistent level plus shape,182,43.409510078641055,0.364968782741803,1.275757590641601,1.4889406009310049,True,scipy.optimize.linprog(method='highs'),0,Optimization terminated successfully. (HiGHS Status 7: Optimal),1.4210854715202004e-14,120,1412
8000182,level_plus_shape,Persistent level plus shape,183,53.6959231993941,0.2064008685425077,1.283615346148147,1.811160134490721,True,scipy.optimize.linprog(method='highs'),0,Optimization terminated successfully. (HiGHS Status 7: Optimal),1.4210854715202004e-14,120,1436
8000183,level_plus_shape,Persistent level plus shape,184,59.25879631105322,0.1349691832958051,1.249387716588168,1.653785652889624,True,scipy.optimize.linprog(method='highs'),0,Optimization terminated successfully. (HiGHS Status 7: Optimal),1.4210854715202004e-14,120,1440
8000184,level_plus_shape,Persistent level plus shape,185,41.29684217635186,0.3974076440279699,1.2032329204923855,1.5036072494981054,True,scipy.optimize.linprog(method='highs'),0,Optimization terminated successfully. (HiGHS Status 7: Optimal),1.4210854715202004e-14,120,1412
8000185,level_plus_shape,Persistent level plus shape,186,54.82841339942299,0.2028265222294616,1.2398468659611404,1.60172897976906,True,scipy.optimize.linprog(method='highs'),0,Optimization terminated successfully. (HiGHS Status 7: Optimal),1.4210854715202004e-14,120,1449
8000186,level_plus_shape,Persistent level plus shape,187,48.1237413775473,0.2956929538416601,1.2905375142720958,1.643085367601448,True,scipy.optimize.linprog(method='highs'),0,Optimization terminated successfully. (HiGHS Status 7: Optimal),1.4210854715202004e-14,120,1426
8000187,level_plus_shape,Persistent level plus shape,188,49.40781000719022,0.2914304583149684,1.1893398879955612,1.3889109110602846,True,scipy.optimize.linprog(method='highs'),0,Optimization terminated successfully. (HiGHS Status 7: Optimal),1.4210854715202004e-14,120,1450
8000188,level_plus_shape,Persistent level plus shape,189,42.81672608513279,0.3730249894952595,1.1956433623624363,1.376076998498082,True,scipy.optimize.linprog(method='highs'),0,Optimization terminated successfully. (HiGHS Status 7: Optimal),1.4210854715202004e-14,120,1421
8000189,level_plus_shape,Persistent level plus shape,190,44.51340095259178,0.3405832703667157,1.2343220157876182,1.5856756018995006,True,scipy.optimize.linprog(method='highs'),0,Optimization terminated successfully. (HiGHS Status 7: Optimal),1.4210854715202004e-14,120,1412
8000190,level_plus_shape,Persistent level plus shape,191,49.23868286774581,0.2920660376126285,1.2236161162186112,1.5411666679620788,True,scipy.optimize.linprog(method='highs'),0,Optimization terminated successfully. (HiGHS Status 7: Optimal),1.4210854715202004e-14,120,1502
8000191,level_plus_shape,Persistent level plus shape,192,43.21050661975251,0.3637494147843318,1.2412580384283525,1.6300002567687684,True,scipy.optimize.linprog(method='highs'),0,Optimization terminated successfully. (HiGHS Status 7: Optimal),1.4210854715202004e-14,120,1483
8000192,level_plus_shape,Persistent level plus shape,193,49.507022480169255,0.2775154413823447,1.2416858661579302,1.5084449117383856,True,scipy.optimize.linprog(method='highs'),0,Optimization terminated successfully. (HiGHS Status 7: Optimal),1.4210854715202004e-14,120,1394
8000193,level_plus_shape,Persistent level plus shape,194,47.85776645550632,0.3085544542700101,1.21874864076547,1.4234060664624648,True,scipy.optimize.linprog(method='highs'),0,Optimization terminated successfully. (HiGHS Status 7: Optimal),1.4210854715202004e-14,120,1445
8000194,level_plus_shape,Persistent level plus shape,195,56.57727332515801,0.1797562458188368,1.165612469943569,1.6070660496093114,True,scipy.optimize.linprog(method='highs'),0,Optimization terminated successfully. (HiGHS Status 7: Optimal),1.4210854715202004e-14,120,1432
8000195,level_plus_shape,Persistent level plus shape,196,47.20139545424196,0.3116756425086363,1.1903462236647144,1.4997034603472468,True,scipy.optimize.linprog(method='highs'),0,Optimization terminated successfully. (HiGHS Status 7: Optimal),1.4210854715202004e-14,120,1454
8000196,level_plus_shape,Persistent level plus shape,197,69.21754882714288,-0.0027564076709032,1.228282380796999,1.6960128343252543,True,scipy.optimize.linprog(method='highs'),0,Optimization terminated successfully. (HiGHS Status 7: Optimal),1.4210854715202004e-14,120,1447
8000197,level_plus_shape,Persistent level plus shape,198,57.29361337840013,0.1658369792015718,1.2956948471344625,1.609993819743745,True,scipy.optimize.linprog(method='highs'),0,Optimization terminated successfully. (HiGHS Status 7: Optimal),1.4210854715202004e-14,120,1466
8000198,level_plus_shape,Persistent level plus shape,199,41.303098441588816,0.3878425551609711,1.1938549556729914,1.488607898653379,True,scipy.optimize.linprog(method='highs'),0,Optimization terminated successfully. (HiGHS Status 7: Optimal),1.4210854715202004e-14,120,1419
8000199,level_plus_shape,Persistent level plus shape,200,48.117136217237935,0.2965797944277512,1.287728907855212,1.5746903420882683,True,scipy.optimize.linprog(method='highs'),0,Optimization terminated successfully. (HiGHS Status 7: Optimal),1.4210854715202004e-14,120,1473
9000180,treatment_feedback,Treatment feedback,181,28.96915006358293,0.5976038037078166,1.0624631009317966,1.1657935172829428,True,scipy.optimize.linprog(method='highs'),0,Optimization terminated successfully. (HiGHS Status 7: Optimal),1.4210854715202004e-14,120,1147
9000181,treatment_feedback,Treatment feedback,182,23.63720953194319,0.6718788190840843,1.0092991396746611,1.0779311536017562,True,scipy.optimize.linprog(method='highs'),0,Optimization terminated successfully. (HiGHS Status 7: Optimal),1.4210854715202004e-14,120,1202
9000182,treatment_feedback,Treatment feedback,183,24.9417093725457,0.6419244548831934,1.1395525896709937,1.2157956053858274,True,scipy.optimize.linprog(method='highs'),0,Optimization terminated successfully. (HiGHS Status 7: Optimal),1.4210854715202004e-14,120,1199
9000183,treatment_feedback,Treatment feedback,184,26.389828707691237,0.6397762160626066,1.0962978271102712,1.1870321609083043,True,scipy.optimize.linprog(method='highs'),0,Optimization terminated successfully. (HiGHS Status 7: Optimal),1.4210854715202004e-14,120,1161
9000184,treatment_feedback,Treatment feedback,185,18.285292066954305,0.735338127469858,1.0814353958687342,1.1392510912932767,True,scipy.optimize.linprog(method='highs'),0,Optimization terminated successfully. (HiGHS Status 7: Optimal),1.4210854715202004e-14,120,1188
9000185,treatment_feedback,Treatment feedback,186,30.862303032459188,0.5558885372764668,1.1325378384084033,1.2494213440764737,True,scipy.optimize.linprog(method='highs'),0,Optimization terminated successfully. (HiGHS Status 7: Optimal),1.4210854715202004e-14,120,1193
9000186,treatment_feedback,Treatment feedback,187,29.383252777320145,0.5840494388995183,1.1117590441999994,1.195707988629714,True,scipy.optimize.linprog(method='highs'),0,Optimization terminated successfully. (HiGHS Status 7: Optimal),1.4210854715202004e-14,120,1252
9000187,treatment_feedback,Treatment feedback,188,32.8238676792453,0.5529050035835134,1.0582576973460764,1.130650961433696,True,scipy.optimize.linprog(method='highs'),0,Optimization terminated successfully. (HiGHS Status 7: Optimal),1.4210854715202004e-14,120,1160
9000188,treatment_feedback,Treatment feedback,189,25.69792275840072,0.6370391299996607,1.1382525752133923,1.216959789477063,True,scipy.optimize.linprog(method='highs'),0,Optimization terminated successfully. (HiGHS Status 7: Optimal),1.4210854715202004e-14,120,1172
9000189,treatment_feedback,Treatment feedback,190,30.045111322709836,0.5843143500122752,1.0597226534055983,1.156894211838725,True,scipy.optimize.linprog(method='highs'),0,Optimization terminated successfully. (HiGHS Status 7: Optimal),1.4210854715202004e-14,120,1167
9000190,treatment_feedback,Treatment feedback,191,24.15449999721237,0.6646299474447809,1.1596855453084645,1.2297186407778868,True,scipy.optimize.linprog(method='highs'),0,Optimization terminated successfully. (HiGHS Status 7: Optimal),2.8421709430404014e-14,120,1175
9000191,treatment_feedback,Treatment feedback,192,14.774107161248764,0.7876611628287187,1.0664161739157725,1.10560396466608,True,scipy.optimize.linprog(method='highs'),0,Optimization terminated successfully. (HiGHS Status 7: Optimal),1.4210854715202004e-14,120,1211
9000192,treatment_feedback,Treatment feedback,193,33.72082226258197,0.5265045052279097,1.0657019678499988,1.2340743105896028,True,scipy.optimize.linprog(method='highs'),0,Optimization terminated successfully. (HiGHS Status 7: Optimal),1.4210854715202004e-14,120,1174
9000193,treatment_feedback,Treatment feedback,194,23.948445739011092,0.6608274737702715,1.0824124771603338,1.1444488579351024,True,scipy.optimize.linprog(method='highs'),0,Optimization terminated successfully. (HiGHS Status 7: Optimal),1.4210854715202004e-14,120,1217
9000194,treatment_feedback,Treatment feedback,195,30.46818328065756,0.5786049568784141,1.0412350541456477,1.1528305550798112,True,scipy.optimize.linprog(method='highs'),0,Optimization terminated successfully. (HiGHS Status 7: Optimal),2.8421709430404014e-14,120,1245
9000195,treatment_feedback,Treatment feedback,196,27.135618466695437,0.628528992899999,0.9993877910528256,1.1065782405162186,True,scipy.optimize.linprog(method='highs'),0,Optimization terminated successfully. (HiGHS Status 7: Optimal),1.4210854715202004e-14,120,1198
9000196,treatment_feedback,Treatment feedback,197,29.116608156707542,0.5979529988398085,1.028639045455883,1.1279060007649204,True,scipy.optimize.linprog(method='highs'),0,Optimization terminated successfully. (HiGHS Status 7: Optimal),1.4210854715202004e-14,120,1226
9000197,treatment_feedback,Treatment feedback,198,31.997809297532196,0.5586433476548474,1.0987601853525306,1.1888761882388943,True,scipy.optimize.linprog(method='highs'),0,Optimization terminated successfully. (HiGHS Status 7: Optimal),1.4210854715202004e-14,120,1200
9000198,treatment_feedback,Treatment feedback,199,25.8320034157618,0.6397814083904821,1.110297427581307,1.229196718519613,True,scipy.optimize.linprog(method='highs'),0,Optimization terminated successfully. (HiGHS Status 7: Optimal),1.4210854715202004e-14,120,1229
9000199,treatment_feedback,Treatment feedback,200,34.58983958256059,0.5243243993489467,1.0521139593858675,1.2006929513402365,True,scipy.optimize.linprog(method='highs'),0,Optimization terminated successfully. (HiGHS Status 7: Optimal),1.4210854715202004e-14,120,1176
10000180,transient_nonpersistent,Transient non-persistence,181,63.90637168843515,0.1009061757515088,1.0244253043663052,1.8783036314046837,True,scipy.optimize.linprog(method='highs'),0,Optimization terminated successfully. (HiGHS Status 7: Optimal),1.4210854715202004e-14,120,1195
10000181,transient_nonpersistent,Transient non-persistence,182,62.02341025411717,0.1172683986741729,1.040516472345996,2.067897637977776,True,scipy.optimize.linprog(method='highs'),0,Optimization terminated successfully. (HiGHS Status 7: Optimal),1.4210854715202004e-14,120,1211
10000182,transient_nonpersistent,Transient non-persistence,183,64.74715154724879,0.0937129796650551,1.0180297306558843,1.8658435264962847,True,scipy.optimize.linprog(method='highs'),0,Optimization terminated successfully. (HiGHS Status 7: Optimal),1.4210854715202004e-14,120,1211
10000183,transient_nonpersistent,Transient non-persistence,184,71.16413357093722,-0.0022769502228588,1.0543275969229895,1.8982309165429032,True,scipy.optimize.linprog(method='highs'),0,Optimization terminated successfully. (HiGHS Status 7: Optimal),1.4210854715202004e-14,120,1190
10000184,transient_nonpersistent,Transient non-persistence,185,63.47877341913456,0.1070254294388304,1.0030569128039428,1.6946864243555049,True,scipy.optimize.linprog(method='highs'),0,Optimization terminated successfully. (HiGHS Status 7: Optimal),1.4210854715202004e-14,120,1143
10000185,transient_nonpersistent,Transient non-persistence,186,59.33808512533105,0.1614951455755829,1.023718561568724,1.5643526040655344,True,scipy.optimize.linprog(method='highs'),0,Optimization terminated successfully. (HiGHS Status 7: Optimal),1.4210854715202004e-14,120,1251
10000186,transient_nonpersistent,Transient non-persistence,187,63.48537806565808,0.1023721950581766,1.045236813037194,1.7261949440120383,True,scipy.optimize.linprog(method='highs'),0,Optimization terminated successfully. (HiGHS Status 7: Optimal),1.4210854715202004e-14,120,1190
10000187,transient_nonpersistent,Transient non-persistence,188,61.65988206003003,0.1262985201265743,0.9958278723472042,1.813557845769216,True,scipy.optimize.linprog(method='highs'),0,Optimization terminated successfully. (HiGHS Status 7: Optimal),1.4210854715202004e-14,120,1131
10000188,transient_nonpersistent,Transient non-persistence,189,63.87121277109224,0.0973704133471298,1.0934417639692875,1.4937328726360988,True,scipy.optimize.linprog(method='highs'),0,Optimization terminated successfully. (HiGHS Status 7: Optimal),1.4210854715202004e-14,120,1209
10000189,transient_nonpersistent,Transient non-persistence,190,67.35814958056157,0.0556792126069483,0.984844515231498,1.9935995463029383,True,scipy.optimize.linprog(method='highs'),0,Optimization terminated successfully. (HiGHS Status 7: Optimal),1.4210854715202004e-14,120,1171
10000190,transient_nonpersistent,Transient non-persistence,191,73.65181526549495,-0.0433497620080122,1.0644430408231942,1.9822331290188135,True,scipy.optimize.linprog(method='highs'),0,Optimization terminated successfully. (HiGHS Status 7: Optimal),1.4210854715202004e-14,120,1154
10000191,transient_nonpersistent,Transient non-persistence,192,64.4182270658017,0.0859881168429764,1.091410279077237,1.9327466222077951,True,scipy.optimize.linprog(method='highs'),0,Optimization terminated successfully. (HiGHS Status 7: Optimal),1.4210854715202004e-14,120,1182
10000192,transient_nonpersistent,Transient non-persistence,193,66.06282839201643,0.0611467167033034,1.064919390527269,1.749934166870193,True,scipy.optimize.linprog(method='highs'),0,Optimization terminated successfully. (HiGHS Status 7: Optimal),1.4210854715202004e-14,120,1192
10000193,transient_nonpersistent,Transient non-persistence,194,62.33029673631564,0.1261749979126742,0.993096277563723,1.798373100570716,True,scipy.optimize.linprog(method='highs'),0,Optimization terminated successfully. (HiGHS Status 7: Optimal),1.4210854715202004e-14,120,1203
10000194,transient_nonpersistent,Transient non-persistence,195,66.0484491358162,0.0656570111624744,1.0493503892299043,2.0344892277193614,True,scipy.optimize.linprog(method='highs'),0,Optimization terminated successfully. (HiGHS Status 7: Optimal),1.4210854715202004e-14,120,1219
10000195,transient_nonpersistent,Transient non-persistence,196,65.59400175573808,0.0739364961161775,1.0012816467496806,1.8104369624603656,True,scipy.optimize.linprog(method='highs'),0,Optimization terminated successfully. (HiGHS Status 7: Optimal),1.4210854715202004e-14,120,1212
10000196,transient_nonpersistent,Transient non-persistence,197,66.96158707052662,0.0645416206929652,0.9878939812454828,1.6962474351433283,True,scipy.optimize.linprog(method='highs'),0,Optimization terminated successfully. (HiGHS Status 7: Optimal),1.4210854715202004e-14,120,1206
10000197,transient_nonpersistent,Transient non-persistence,198,66.31799273491461,0.0732986248392641,0.9957014744420992,1.5958590788459752,True,scipy.optimize.linprog(method='highs'),0,Optimization terminated successfully. (HiGHS Status 7: Optimal),1.4210854715202004e-14,120,1166
10000198,transient_nonpersistent,Transient non-persistence,199,66.54581837511597,0.0606572603610908,1.0590829778796669,2.029471641131105,True,scipy.optimize.linprog(method='highs'),0,Optimization terminated successfully. (HiGHS Status 7: Optimal),1.4210854715202004e-14,120,1212
10000199,transient_nonpersistent,Transient non-persistence,200,62.435344523310974,0.106337700714869,1.0702686825866303,1.705424190056282,True,scipy.optimize.linprog(method='highs'),0,Optimization terminated successfully. (HiGHS Status 7: Optimal),1.4210854715202004e-14,120,1206
11000000,null_serial,Pure null with serial dependence,1,64.8014578772444,0.0870079485881529,1.0365631267235522,1.2586429214679355,True,scipy.optimize.linprog(method='highs'),0,Optimization terminated successfully. (HiGHS Status 7: Optimal),1.4210854715202004e-14,120,1198
11000001,null_serial,Pure null with serial dependence,2,48.70498918295302,0.3114114714256936,1.0598131383638103,1.1902499707172964,True,scipy.optimize.linprog(method='highs'),0,Optimization terminated successfully. (HiGHS Status 7: Optimal),1.4210854715202004e-14,120,1159
11000002,null_serial,Pure null with serial dependence,3,54.70556422808773,0.2372793391278777,1.0259499525677256,1.1434902302535113,True,scipy.optimize.linprog(method='highs'),0,Optimization terminated successfully. (HiGHS Status 7: Optimal),1.4210854715202004e-14,120,1187
11000003,null_serial,Pure null with serial dependence,4,46.6544071219773,0.345473708075011,0.9843218512368432,1.1617990911195777,True,scipy.optimize.linprog(method='highs'),0,Optimization terminated successfully. (HiGHS Status 7: Optimal),1.4210854715202004e-14,120,1177
11000004,null_serial,Pure null with serial dependence,5,46.5303396792535,0.3425459955784357,1.0108826071783643,1.136768122272591,True,scipy.optimize.linprog(method='highs'),0,Optimization terminated successfully. (HiGHS Status 7: Optimal),1.4210854715202004e-14,120,1260
11000005,null_serial,Pure null with serial dependence,6,60.9763408544892,0.1326737457733537,1.0587900190158168,1.3318410826856788,True,scipy.optimize.linprog(method='highs'),0,Optimization terminated successfully. (HiGHS Status 7: Optimal),1.4210854715202004e-14,120,1213
11000006,null_serial,Pure null with serial dependence,7,52.2234201752829,0.2584069602269871,0.991178840731259,1.2054471943133207,True,scipy.optimize.linprog(method='highs'),0,Optimization terminated successfully. (HiGHS Status 7: Optimal),1.4210854715202004e-14,120,1215
11000007,null_serial,Pure null with serial dependence,8,44.07537668473937,0.3613733278021043,1.0744940371573295,1.243835327565255,True,scipy.optimize.linprog(method='highs'),0,Optimization terminated successfully. (HiGHS Status 7: Optimal),1.4210854715202004e-14,120,1180
11000008,null_serial,Pure null with serial dependence,9,62.143540537443656,0.1265926437565577,1.0110324949417688,1.2130696624758217,True,scipy.optimize.linprog(method='highs'),0,Optimization terminated successfully. (HiGHS Status 7: Optimal),1.4210854715202004e-14,120,1194
11000009,null_serial,Pure null with serial dependence,10,43.91736396307744,0.3870803209989594,0.9432707885731918,1.0726322859191564,True,scipy.optimize.linprog(method='highs'),0,Optimization terminated successfully. (HiGHS Status 7: Optimal),1.4210854715202004e-14,120,1194
11000010,null_serial,Pure null with serial dependence,11,51.61512604733981,0.2566206303618529,1.0925598787597417,1.280417774258102,True,scipy.optimize.linprog(method='highs'),0,Optimization terminated successfully. (HiGHS Status 7: Optimal),1.4210854715202004e-14,120,1234
11000011,null_serial,Pure null with serial dependence,12,52.120755170880464,0.262280533517172,1.0174388046074982,1.2075216356404344,True,scipy.optimize.linprog(method='highs'),0,Optimization terminated successfully. (HiGHS Status 7: Optimal),1.4210854715202004e-14,120,1197
11000012,null_serial,Pure null with serial dependence,13,55.8235855277562,0.2039535013341055,1.0287886720001225,1.2130828605958413,True,scipy.optimize.linprog(method='highs'),0,Optimization terminated successfully. (HiGHS Status 7: Optimal),1.4210854715202004e-14,120,1183
11000013,null_serial,Pure null with serial dependence,14,56.302512019609445,0.2071024310784098,0.9436234290869276,1.172295527197505,True,scipy.optimize.linprog(method='highs'),0,Optimization terminated successfully. (HiGHS Status 7: Optimal),1.4210854715202004e-14,120,1211
11000014,null_serial,Pure null with serial dependence,15,46.897589663585,0.3317738099924674,0.9846793049409984,1.155497537537238,True,scipy.optimize.linprog(method='highs'),0,Optimization terminated successfully. (HiGHS Status 7: Optimal),1.4210854715202004e-14,120,1187
11000015,null_serial,Pure null with serial dependence,16,53.25926228391255,0.2398993495688288,1.0532164012696914,1.3710671359109587,True,scipy.optimize.linprog(method='highs'),0,Optimization terminated successfully. (HiGHS Status 7: Optimal),1.4210854715202004e-14,120,1208
11000016,null_serial,Pure null with serial dependence,17,44.25868662836438,0.3706364793726649,1.0894751705392494,1.2401341332689768,True,scipy.optimize.linprog(method='highs'),0,Optimization terminated successfully. (HiGHS Status 7: Optimal),1.4210854715202004e-14,120,1213
11000017,null_serial,Pure null with serial dependence,18,51.38804570938097,0.2788425657053018,0.903902964497569,1.189945422622228,True,scipy.optimize.linprog(method='highs'),0,Optimization terminated successfully. (HiGHS Status 7: Optimal),1.4210854715202004e-14,120,1239
11000018,null_serial,Pure null with serial dependence,19,44.06578647532599,0.3712999839504064,0.9788265691660464,1.1556910827409776,True,scipy.optimize.linprog(method='highs'),0,Optimization terminated successfully. (HiGHS Status 7: Optimal),1.4210854715202004e-14,120,1239
11000019,null_serial,Pure null with serial dependence,20,58.812561050905614,0.1642234752855875,1.0444887771650586,1.2901926076604036,True,scipy.optimize.linprog(method='highs'),0,Optimization terminated successfully. (HiGHS Status 7: Optimal),1.4210854715202004e-14,120,1248
11000020,null_serial,Pure null with serial dependence,21,58.23895267687421,0.176115114797081,1.0044379948900732,1.2338446836734285,True,scipy.optimize.linprog(method='highs'),0,Optimization terminated successfully. (HiGHS Status 7: Optimal),1.4210854715202004e-14,120,1250
11000021,null_serial,Pure null with serial dependence,22,45.794560501897294,0.342133689591452,1.021511342448797,1.2990751295661451,True,scipy.optimize.linprog(method='highs'),0,Optimization terminated successfully. (HiGHS Status 7: Optimal),1.4210854715202004e-14,120,1254
11000022,null_serial,Pure null with serial dependence,23,57.92351439251388,0.1918306252847617,0.952429903501968,1.0937952893694756,True,scipy.optimize.linprog(method='highs'),0,Optimization terminated successfully. (HiGHS Status 7: Optimal),2.8421709430404014e-14,120,1231
11000023,null_serial,Pure null with serial dependence,24,46.656520992957496,0.3296037226912789,1.0369728542702392,1.2809092711189345,True,scipy.optimize.linprog(method='highs'),0,Optimization terminated successfully. (HiGHS Status 7: Optimal),1.4210854715202004e-14,120,1237
11000024,null_serial,Pure null with serial dependence,25,49.89191078452477,0.2947179467234533,1.003917176258047,1.1192035095017605,True,scipy.optimize.linprog(method='highs'),0,Optimization terminated successfully. (HiGHS Status 7: Optimal),1.4210854715202004e-14,120,1235
11000025,null_serial,Pure null with serial dependence,26,50.986630388629145,0.2856871505140401,0.9563769503354737,1.142484365646042,True,scipy.optimize.linprog(method='highs'),0,Optimization terminated successfully. (HiGHS Status 7: Optimal),1.4210854715202004e-14,120,1215
11000026,null_serial,Pure null with serial dependence,27,57.02335184739877,0.2024985176491413,1.0152499177484786,1.1881145052363922,True,scipy.optimize.linprog(method='highs'),0,Optimization terminated successfully. (HiGHS Status 7: Optimal),1.4210854715202004e-14,120,1219
11000027,null_serial,Pure null with serial dependence,28,58.60147573879163,0.1677306998480007,1.0137278455967422,1.2387005672196851,True,scipy.optimize.linprog(method='highs'),0,Optimization terminated successfully. (HiGHS Status 7: Optimal),1.4210854715202004e-14,120,1178
11000028,null_serial,Pure null with serial dependence,29,51.00831986629365,0.2843860087654856,0.9734966133463115,1.1679869607820814,True,scipy.optimize.linprog(method='highs'),0,Optimization terminated successfully. (HiGHS Status 7: Optimal),1.4210854715202004e-14,120,1227
11000029,null_serial,Pure null with serial dependence,30,45.24529988327387,0.3611995360555998,1.0068379644995076,1.149150232286183,True,scipy.optimize.linprog(method='highs'),0,Optimization terminated successfully. (HiGHS Status 7: Optimal),1.4210854715202004e-14,120,1177
11000030,null_serial,Pure null with serial dependence,31,38.35930215060392,0.4529022346984959,1.0255977562120089,1.1521962440525515,True,scipy.optimize.linprog(method='highs'),0,Optimization terminated successfully. (HiGHS Status 7: Optimal),1.4210854715202004e-14,120,1222
11000031,null_serial,Pure null with serial dependence,32,46.80146934489938,0.3372702234211019,1.028346628125773,1.1971427970850823,True,scipy.optimize.linprog(method='highs'),0,Optimization terminated successfully. (HiGHS Status 7: Optimal),1.4210854715202004e-14,120,1216
11000032,null_serial,Pure null with serial dependence,33,38.45466552795752,0.4551424394607568,0.9750348640651614,1.1016562646155132,True,scipy.optimize.linprog(method='highs'),0,Optimization terminated successfully. (HiGHS Status 7: Optimal),1.4210854715202004e-14,120,1219
11000033,null_serial,Pure null with serial dependence,34,41.35017019115402,0.4055722896729194,1.017431612656493,1.218394356125197,True,scipy.optimize.linprog(method='highs'),0,Optimization terminated successfully. (HiGHS Status 7: Optimal),1.4210854715202004e-14,120,1180
11000034,null_serial,Pure null with serial dependence,35,49.10546806084117,0.3085763268837059,1.0224488823673716,1.1973898674726338,True,scipy.optimize.linprog(method='highs'),0,Optimization terminated successfully. (HiGHS Status 7: Optimal),1.4210854715202004e-14,120,1217
11000035,null_serial,Pure null with serial dependence,36,66.95979443340713,0.0458697014259627,1.0656289083557895,1.3858575782824256,True,scipy.optimize.linprog(method='highs'),0,Optimization terminated successfully. (HiGHS Status 7: Optimal),1.4210854715202004e-14,120,1197
11000036,null_serial,Pure null with serial dependence,37,41.47856826749799,0.4181439918985048,0.9362636013327909,1.1465508168980605,True,scipy.optimize.linprog(method='highs'),0,Optimization terminated successfully. (HiGHS Status 7: Optimal),1.4210854715202004e-14,120,1217
11000037,null_serial,Pure null with serial dependence,38,43.16767969752614,0.3919744024724186,0.966081897111288,1.0779705751922712,True,scipy.optimize.linprog(method='highs'),0,Optimization terminated successfully. (HiGHS Status 7: Optimal),1.4210854715202004e-14,120,1185
11000038,null_serial,Pure null with serial dependence,39,53.85882068668884,0.2497408356483233,1.0196358905117302,1.1315109816537003,True,scipy.optimize.linprog(method='highs'),0,Optimization terminated successfully. (HiGHS Status 7: Optimal),1.4210854715202004e-14,120,1173
11000039,null_serial,Pure null with serial dependence,40,48.18109612597371,0.3109442008943548,1.0125496671580665,1.22556246050236,True,scipy.optimize.linprog(method='highs'),0,Optimization terminated successfully. (HiGHS Status 7: Optimal),1.4210854715202004e-14,120,1218
11000040,null_serial,Pure null with serial dependence,41,52.526502572143336,0.2724121826075024,0.958639446267065,1.1643952539343825,True,scipy.optimize.linprog(method='highs'),0,Optimization terminated successfully. (HiGHS Status 7: Optimal),1.4210854715202004e-14,120,1244
11000041,null_serial,Pure null with serial dependence,42,49.53866786673484,0.2879643551135471,1.0411164024256656,1.2206111119054814,True,scipy.optimize.linprog(method='highs'),0,Optimization terminated successfully. (HiGHS Status 7: Optimal),1.4210854715202004e-14,120,1189
11000042,null_serial,Pure null with serial dependence,43,57.1596466110208,0.1968751280089548,1.0099445578343598,1.245502012273901,True,scipy.optimize.linprog(method='highs'),0,Optimization terminated successfully. (HiGHS Status 7: Optimal),1.4210854715202004e-14,120,1203
11000043,null_serial,Pure null with serial dependence,44,48.92560237730667,0.3022881381213012,0.9976159610330516,1.155716685647655,True,scipy.optimize.linprog(method='highs'),0,Optimization terminated successfully. (HiGHS Status 7: Optimal),1.4210854715202004e-14,120,1210
11000044,null_serial,Pure null with serial dependence,45,70.19930873332744,0.0167057886225108,0.9926297353704344,1.2514640800275223,True,scipy.optimize.linprog(method='highs'),0,Optimization terminated successfully. (HiGHS Status 7: Optimal),1.4210854715202004e-14,120,1203
11000045,null_serial,Pure null with serial dependence,46,48.26932028024851,0.3152449731592865,0.9798702574428414,1.1887508220948046,True,scipy.optimize.linprog(method='highs'),0,Optimization terminated successfully. (HiGHS Status 7: Optimal),1.4210854715202004e-14,120,1283
11000046,null_serial,Pure null with serial dependence,47,47.25461490320259,0.3216271244927775,1.0471031281030876,1.2177980965989763,True,scipy.optimize.linprog(method='highs'),0,Optimization terminated successfully. (HiGHS Status 7: Optimal),1.4210854715202004e-14,120,1228
11000047,null_serial,Pure null with serial dependence,48,58.0293325671356,0.1922563602453073,1.0134574041985085,1.1991456010058847,True,scipy.optimize.linprog(method='highs'),0,Optimization terminated successfully. (HiGHS Status 7: Optimal),1.4210854715202004e-14,120,1193
11000048,null_serial,Pure null with serial dependence,49,55.38774054818137,0.2212531480418161,0.9865593758880752,1.179995101439059,True,scipy.optimize.linprog(method='highs'),0,Optimization terminated successfully. (HiGHS Status 7: Optimal),1.4210854715202004e-14,120,1210
11000049,null_serial,Pure null with serial dependence,50,50.02288089086838,0.2932014814755241,0.998877120291119,1.1123311621462884,True,scipy.optimize.linprog(method='highs'),0,Optimization terminated successfully. (HiGHS Status 7: Optimal),1.4210854715202004e-14,120,1234
11000050,null_serial,Pure null with serial dependence,51,51.37188360938043,0.2634389829160588,1.03694177266889,1.2723910565429415,True,scipy.optimize.linprog(method='highs'),0,Optimization terminated successfully. (HiGHS Status 7: Optimal),1.4210854715202004e-14,120,1193
11000051,null_serial,Pure null with serial dependence,52,40.930691183598384,0.4179144514653649,0.973362956259652,1.0854142520223282,True,scipy.optimize.linprog(method='highs'),0,Optimization terminated successfully. (HiGHS Status 7: Optimal),1.4210854715202004e-14,120,1184
11000052,null_serial,Pure null with serial dependence,53,47.04498118626385,0.3240847157945807,0.990340666229057,1.1865914146010446,True,scipy.optimize.linprog(method='highs'),0,Optimization terminated successfully. (HiGHS Status 7: Optimal),1.4210854715202004e-14,120,1171
11000053,null_serial,Pure null with serial dependence,54,43.5401250114668,0.3817758214117102,0.9817876346708738,1.134446064447325,True,scipy.optimize.linprog(method='highs'),0,Optimization terminated successfully. (HiGHS Status 7: Optimal),1.4210854715202004e-14,120,1189
11000054,null_serial,Pure null with serial dependence,55,51.02562143793432,0.2849292949352395,0.988983001493359,1.137346727170606,True,scipy.optimize.linprog(method='highs'),0,Optimization terminated successfully. (HiGHS Status 7: Optimal),1.4210854715202004e-14,120,1210
11000055,null_serial,Pure null with serial dependence,56,38.37970309029222,0.4527637908848581,0.9739550757766374,1.101139605086098,True,scipy.optimize.linprog(method='highs'),0,Optimization terminated successfully. (HiGHS Status 7: Optimal),1.4210854715202004e-14,120,1237
11000056,null_serial,Pure null with serial dependence,57,53.65993185428041,0.2404645418916045,1.0000007480763224,1.262490590236364,True,scipy.optimize.linprog(method='highs'),0,Optimization terminated successfully. (HiGHS Status 7: Optimal),1.4210854715202004e-14,120,1248
11000057,null_serial,Pure null with serial dependence,58,50.81437594884865,0.2831642157654875,1.0148685584309618,1.235426031556516,True,scipy.optimize.linprog(method='highs'),0,Optimization terminated successfully. (HiGHS Status 7: Optimal),2.8421709430404014e-14,120,1197
11000058,null_serial,Pure null with serial dependence,59,60.73499849280699,0.1442027651426292,1.0667881982088687,1.3836478037544375,True,scipy.optimize.linprog(method='highs'),0,Optimization terminated successfully. (HiGHS Status 7: Optimal),1.4210854715202004e-14,120,1194
11000059,null_serial,Pure null with serial dependence,60,51.14569115164191,0.276298672965948,1.0613104254115668,1.265601591013223,True,scipy.optimize.linprog(method='highs'),0,Optimization terminated successfully. (HiGHS Status 7: Optimal),1.4210854715202004e-14,120,1195
11000060,null_serial,Pure null with serial dependence,61,39.59985015510879,0.4332058768558417,0.9848934064036776,1.1553460497859849,True,scipy.optimize.linprog(method='highs'),0,Optimization terminated successfully. (HiGHS Status 7: Optimal),1.4210854715202004e-14,120,1175
11000061,null_serial,Pure null with serial dependence,62,41.59492082123643,0.4076130203770716,1.0046175441271017,1.195028877602334,True,scipy.optimize.linprog(method='highs'),0,Optimization terminated successfully. (HiGHS Status 7: Optimal),1.4210854715202004e-14,120,1250
11000062,null_serial,Pure null with serial dependence,63,54.09058337113643,0.240670449376922,1.0377052397924251,1.2066435715242896,True,scipy.optimize.linprog(method='highs'),0,Optimization terminated successfully. (HiGHS Status 7: Optimal),1.4210854715202004e-14,120,1186
11000063,null_serial,Pure null with serial dependence,64,59.34705425009777,0.166531195254417,0.9737734450157912,1.164575739909954,True,scipy.optimize.linprog(method='highs'),0,Optimization terminated successfully. (HiGHS Status 7: Optimal),1.4210854715202004e-14,120,1189
11000064,null_serial,Pure null with serial dependence,65,56.12755705783714,0.2157691390493069,0.96614050182733,1.1205178662754114,True,scipy.optimize.linprog(method='highs'),0,Optimization terminated successfully. (HiGHS Status 7: Optimal),1.4210854715202004e-14,120,1237
11000065,null_serial,Pure null with serial dependence,66,63.65664103238437,0.1043782158811317,1.0068586981054146,1.3050527573283144,True,scipy.optimize.linprog(method='highs'),0,Optimization terminated successfully. (HiGHS Status 7: Optimal),2.8421709430404014e-14,120,1211
11000066,null_serial,Pure null with serial dependence,67,54.830212022242186,0.2201915105636822,1.0115960273426992,1.2311407548844846,True,scipy.optimize.linprog(method='highs'),0,Optimization terminated successfully. (HiGHS Status 7: Optimal),1.4210854715202004e-14,120,1194
11000067,null_serial,Pure null with serial dependence,68,44.35744494802218,0.3609716648909777,1.0495591627352128,1.282244881982544,True,scipy.optimize.linprog(method='highs'),0,Optimization terminated successfully. (HiGHS Status 7: Optimal),1.4210854715202004e-14,120,1226
11000068,null_serial,Pure null with serial dependence,69,60.62693057397936,0.1352637894034395,1.052843958712921,1.2514736498111705,True,scipy.optimize.linprog(method='highs'),0,Optimization terminated successfully. (HiGHS Status 7: Optimal),1.4210854715202004e-14,120,1217
11000069,null_serial,Pure null with serial dependence,70,44.98428176662349,0.3643574691804807,1.0246183905859618,1.1847023466168989,True,scipy.optimize.linprog(method='highs'),0,Optimization terminated successfully. (HiGHS Status 7: Optimal),1.4210854715202004e-14,120,1187
11000070,null_serial,Pure null with serial dependence,71,50.64252394865919,0.2826332330948871,1.0267910179450432,1.1702274097251752,True,scipy.optimize.linprog(method='highs'),0,Optimization terminated successfully. (HiGHS Status 7: Optimal),1.4210854715202004e-14,120,1190
11000071,null_serial,Pure null with serial dependence,72,63.143822704772965,0.1043833520936373,1.04601534735874,1.2958263200296776,True,scipy.optimize.linprog(method='highs'),0,Optimization terminated successfully. (HiGHS Status 7: Optimal),1.4210854715202004e-14,120,1240
11000072,null_serial,Pure null with serial dependence,73,37.854038135967016,0.455477649413708,1.0126759075668677,1.16016260402005,True,scipy.optimize.linprog(method='highs'),0,Optimization terminated successfully. (HiGHS Status 7: Optimal),1.4210854715202004e-14,120,1223
11000073,null_serial,Pure null with serial dependence,74,57.38719484343824,0.1895903268505758,0.9843929247607064,1.186100497872371,True,scipy.optimize.linprog(method='highs'),0,Optimization terminated successfully. (HiGHS Status 7: Optimal),1.4210854715202004e-14,120,1179
11000074,null_serial,Pure null with serial dependence,75,53.53064928234684,0.245666121915165,1.0494761975504248,1.2147414324344463,True,scipy.optimize.linprog(method='highs'),0,Optimization terminated successfully. (HiGHS Status 7: Optimal),1.4210854715202004e-14,120,1189
11000075,null_serial,Pure null with serial dependence,76,64.25975815408495,0.0958552277184711,1.0353041246593533,1.2556486895302348,True,scipy.optimize.linprog(method='highs'),0,Optimization terminated successfully. (HiGHS Status 7: Optimal),1.4210854715202004e-14,120,1197
11000076,null_serial,Pure null with serial dependence,77,54.75478742323462,0.2210870863361074,1.0288530774398128,1.2722407777863372,True,scipy.optimize.linprog(method='highs'),0,Optimization terminated successfully. (HiGHS Status 7: Optimal),1.4210854715202004e-14,120,1177
11000077,null_serial,Pure null with serial dependence,78,51.30155156087554,0.2760259957104685,1.0486501342943917,1.186672505843381,True,scipy.optimize.linprog(method='highs'),0,Optimization terminated successfully. (HiGHS Status 7: Optimal),1.4210854715202004e-14,120,1242
11000078,null_serial,Pure null with serial dependence,79,52.15246376890536,0.2663750221271406,1.0487476930091375,1.219598199531534,True,scipy.optimize.linprog(method='highs'),0,Optimization terminated successfully. (HiGHS Status 7: Optimal),1.4210854715202004e-14,120,1182
11000079,null_serial,Pure null with serial dependence,80,54.69076657864006,0.2283567718370865,1.028858709371261,1.2459960206061214,True,scipy.optimize.linprog(method='highs'),0,Optimization terminated successfully. (HiGHS Status 7: Optimal),1.4210854715202004e-14,120,1218
11000080,null_serial,Pure null with serial dependence,81,47.904875322306246,0.3261806300560199,1.0099032256776377,1.1534915815778468,True,scipy.optimize.linprog(method='highs'),0,Optimization terminated successfully. (HiGHS Status 7: Optimal),4.263256414560601e-14,120,1204
11000081,null_serial,Pure null with serial dependence,82,58.112399877524965,0.1941368397401562,0.9106500826434624,1.1212884090333082,True,scipy.optimize.linprog(method='highs'),0,Optimization terminated successfully. (HiGHS Status 7: Optimal),1.4210854715202004e-14,120,1154
11000082,null_serial,Pure null with serial dependence,83,60.50181552039566,0.1420342661193837,1.06839791942853,1.284732207524543,True,scipy.optimize.linprog(method='highs'),0,Optimization terminated successfully. (HiGHS Status 7: Optimal),1.4210854715202004e-14,120,1229
11000083,null_serial,Pure null with serial dependence,84,47.46990518836495,0.335743105450745,0.9948094016112052,1.1747770383528804,True,scipy.optimize.linprog(method='highs'),0,Optimization terminated successfully. (HiGHS Status 7: Optimal),1.4210854715202004e-14,120,1244
11000084,null_serial,Pure null with serial dependence,85,50.82690178750253,0.2725743559699265,1.0350183389706566,1.291361722681152,True,scipy.optimize.linprog(method='highs'),0,Optimization terminated successfully. (HiGHS Status 7: Optimal),1.4210854715202004e-14,120,1143
11000085,null_serial,Pure null with serial dependence,86,55.40128362180715,0.2117694787833317,1.0193998440703294,1.263466364503797,True,scipy.optimize.linprog(method='highs'),0,Optimization terminated successfully. (HiGHS Status 7: Optimal),1.4210854715202004e-14,120,1243
11000086,null_serial,Pure null with serial dependence,87,55.34834552980372,0.2220806843510999,1.042229373602723,1.2033938754215312,True,scipy.optimize.linprog(method='highs'),0,Optimization terminated successfully. (HiGHS Status 7: Optimal),1.4210854715202004e-14,120,1194
11000087,null_serial,Pure null with serial dependence,88,46.88618046493208,0.3420447942519308,1.0183466564895542,1.1057704883107309,True,scipy.optimize.linprog(method='highs'),0,Optimization terminated successfully. (HiGHS Status 7: Optimal),1.4210854715202004e-14,120,1220
11000088,null_serial,Pure null with serial dependence,89,58.93163445029234,0.1541894894127957,1.0385673519354244,1.2900400729011248,True,scipy.optimize.linprog(method='highs'),0,Optimization terminated successfully. (HiGHS Status 7: Optimal),1.4210854715202004e-14,120,1200
11000089,null_serial,Pure null with serial dependence,90,54.70742883825103,0.2390472437261025,0.9988044035338182,1.1331919057866202,True,scipy.optimize.linprog(method='highs'),0,Optimization terminated successfully. (HiGHS Status 7: Optimal),1.4210854715202004e-14,120,1180
11000090,null_serial,Pure null with serial dependence,91,49.275138309502495,0.3026095248755791,0.9991915876485092,1.210675962926888,True,scipy.optimize.linprog(method='highs'),0,Optimization terminated successfully. (HiGHS Status 7: Optimal),1.4210854715202004e-14,120,1131
11000091,null_serial,Pure null with serial dependence,92,53.142348439273015,0.2433924941216168,0.9713118311973103,1.2327260774892943,True,scipy.optimize.linprog(method='highs'),0,Optimization terminated successfully. (HiGHS Status 7: Optimal),1.4210854715202004e-14,120,1213
11000092,null_serial,Pure null with serial dependence,93,49.17924400949009,0.3018861125913378,0.9511481233911504,1.147856849922195,True,scipy.optimize.linprog(method='highs'),0,Optimization terminated successfully. (HiGHS Status 7: Optimal),1.4210854715202004e-14,120,1173
11000093,null_serial,Pure null with serial dependence,94,33.98004570883205,0.5190463639409166,1.0591928440333414,1.1887454294815374,True,scipy.optimize.linprog(method='highs'),0,Optimization terminated successfully. (HiGHS Status 7: Optimal),1.4210854715202004e-14,120,1179
11000094,null_serial,Pure null with serial dependence,95,60.9179610804463,0.144476502074748,1.009899207148754,1.299746720979147,True,scipy.optimize.linprog(method='highs'),0,Optimization terminated successfully. (HiGHS Status 7: Optimal),1.4210854715202004e-14,120,1218
11000095,null_serial,Pure null with serial dependence,96,47.30125770557425,0.3361482152448184,1.0212482422098106,1.1634592678284528,True,scipy.optimize.linprog(method='highs'),0,Optimization terminated successfully. (HiGHS Status 7: Optimal),1.4210854715202004e-14,120,1161
11000096,null_serial,Pure null with serial dependence,97,49.469336544608936,0.3008390922786168,0.9877474337522496,1.127863614335959,True,scipy.optimize.linprog(method='highs'),0,Optimization terminated successfully. (HiGHS Status 7: Optimal),1.4210854715202004e-14,120,1166
11000097,null_serial,Pure null with serial dependence,98,54.08013208905588,0.2336478210946837,1.0184119301839938,1.1718435709480215,True,scipy.optimize.linprog(method='highs'),0,Optimization terminated successfully. (HiGHS Status 7: Optimal),1.4210854715202004e-14,120,1216
11000098,null_serial,Pure null with serial dependence,99,51.90049833368892,0.2735714780080104,0.974334960338614,1.1518247539626671,True,scipy.optimize.linprog(method='highs'),0,Optimization terminated successfully. (HiGHS Status 7: Optimal),1.4210854715202004e-14,120,1217
11000099,null_serial,Pure null with serial dependence,100,44.3793313342329,0.3739733298796501,0.997079804808878,1.1335116687219506,True,scipy.optimize.linprog(method='highs'),0,Optimization terminated successfully. (HiGHS Status 7: Optimal),1.4210854715202004e-14,120,1189
12000000,weak_level,Weak persistent level,1,30.08782097921309,0.5642329128391832,1.0364608116948777,1.103293799827499,True,scipy.optimize.linprog(method='highs'),0,Optimization terminated successfully. (HiGHS Status 7: Optimal),1.4210854715202004e-14,120,1453
12000001,weak_level,Weak persistent level,2,28.44836099400028,0.5967319771764782,1.0428833309036034,1.091624679345969,True,scipy.optimize.linprog(method='highs'),0,Optimization terminated successfully. (HiGHS Status 7: Optimal),1.4210854715202004e-14,120,1481
12000002,weak_level,Weak persistent level,3,35.22818412855688,0.4955881823678209,1.009346115708577,1.103763344281412,True,scipy.optimize.linprog(method='highs'),0,Optimization terminated successfully. (HiGHS Status 7: Optimal),1.4210854715202004e-14,120,1434
12000003,weak_level,Weak persistent level,4,27.33372040312659,0.6059901991401079,1.0280625843085436,1.0680550847664896,True,scipy.optimize.linprog(method='highs'),0,Optimization terminated successfully. (HiGHS Status 7: Optimal),1.4210854715202004e-14,120,1447
12000004,weak_level,Weak persistent level,5,30.956392390181264,0.5625316301625727,0.9778284473319294,1.0565266403435734,True,scipy.optimize.linprog(method='highs'),0,Optimization terminated successfully. (HiGHS Status 7: Optimal),1.4210854715202004e-14,120,1442
12000005,weak_level,Weak persistent level,6,30.050109172647733,0.5757171400111046,1.0136372658950217,1.0739306280635044,True,scipy.optimize.linprog(method='highs'),0,Optimization terminated successfully. (HiGHS Status 7: Optimal),1.4210854715202004e-14,120,1448
12000006,weak_level,Weak persistent level,7,20.623721029161864,0.6981107469167704,1.050841528634716,1.108017084959049,True,scipy.optimize.linprog(method='highs'),0,Optimization terminated successfully. (HiGHS Status 7: Optimal),1.4210854715202004e-14,120,1371
12000007,weak_level,Weak persistent level,8,30.874376164904856,0.566205980294217,1.021140961847374,1.0668918590912977,True,scipy.optimize.linprog(method='highs'),0,Optimization terminated successfully. (HiGHS Status 7: Optimal),1.4210854715202004e-14,120,1421
12000008,weak_level,Weak persistent level,9,35.53391218647149,0.4935173871975156,1.052524465101982,1.1157576687814608,True,scipy.optimize.linprog(method='highs'),0,Optimization terminated successfully. (HiGHS Status 7: Optimal),1.4210854715202004e-14,120,1498
12000009,weak_level,Weak persistent level,10,28.44278091491838,0.585850480628051,1.0451345486880297,1.0978737278290045,True,scipy.optimize.linprog(method='highs'),0,Optimization terminated successfully. (HiGHS Status 7: Optimal),1.4210854715202004e-14,120,1462
12000010,weak_level,Weak persistent level,11,31.35260045441805,0.5520080139710898,1.0552201421547958,1.135206525888299,True,scipy.optimize.linprog(method='highs'),0,Optimization terminated successfully. (HiGHS Status 7: Optimal),1.4210854715202004e-14,120,1423
12000011,weak_level,Weak persistent level,12,38.47717649656485,0.4545044456115356,1.0519967135718151,1.144362972875139,True,scipy.optimize.linprog(method='highs'),0,Optimization terminated successfully. (HiGHS Status 7: Optimal),1.4210854715202004e-14,120,1459
12000012,weak_level,Weak persistent level,13,30.064867771968107,0.5655690402878188,0.9970046136480902,1.0792156202256542,True,scipy.optimize.linprog(method='highs'),0,Optimization terminated successfully. (HiGHS Status 7: Optimal),1.4210854715202004e-14,120,1482
12000013,weak_level,Weak persistent level,14,21.3715291816342,0.6954704033550887,0.9994237862068288,1.0538666575002398,True,scipy.optimize.linprog(method='highs'),0,Optimization terminated successfully. (HiGHS Status 7: Optimal),1.4210854715202004e-14,120,1433
12000014,weak_level,Weak persistent level,15,23.156177418019496,0.6652374333841057,1.0595530198622534,1.1002244973297866,True,scipy.optimize.linprog(method='highs'),0,Optimization terminated successfully. (HiGHS Status 7: Optimal),1.4210854715202004e-14,120,1416
12000015,weak_level,Weak persistent level,16,26.2919117762316,0.6298493944015701,1.0152839037390236,1.064698959983013,True,scipy.optimize.linprog(method='highs'),0,Optimization terminated successfully. (HiGHS Status 7: Optimal),1.4210854715202004e-14,120,1495
12000016,weak_level,Weak persistent level,17,36.87407796482656,0.4764350868400632,1.0088419428392943,1.0970165193745642,True,scipy.optimize.linprog(method='highs'),0,Optimization terminated successfully. (HiGHS Status 7: Optimal),1.4210854715202004e-14,120,1420
12000017,weak_level,Weak persistent level,18,24.98482380038276,0.6424341632241358,0.9819858999835894,1.0372023897459206,True,scipy.optimize.linprog(method='highs'),0,Optimization terminated successfully. (HiGHS Status 7: Optimal),1.4210854715202004e-14,120,1484
12000018,weak_level,Weak persistent level,19,35.402003171112284,0.5004148077473219,0.9993077808309324,1.099106957962884,True,scipy.optimize.linprog(method='highs'),0,Optimization terminated successfully. (HiGHS Status 7: Optimal),1.4210854715202004e-14,120,1460
12000019,weak_level,Weak persistent level,20,18.81962920120091,0.7215425767107307,1.0565882320125923,1.0899409389487775,True,scipy.optimize.linprog(method='highs'),0,Optimization terminated successfully. (HiGHS Status 7: Optimal),1.4210854715202004e-14,120,1478
12000020,weak_level,Weak persistent level,21,13.005496050252042,0.8112515314920771,1.0344556236709248,1.0485998746235288,True,scipy.optimize.linprog(method='highs'),0,Optimization terminated successfully. (HiGHS Status 7: Optimal),1.4210854715202004e-14,120,1458
12000021,weak_level,Weak persistent level,22,32.19655515385259,0.5436764281310049,0.9932419560985386,1.0847757509842415,True,scipy.optimize.linprog(method='highs'),0,Optimization terminated successfully. (HiGHS Status 7: Optimal),1.4210854715202004e-14,120,1475
12000022,weak_level,Weak persistent level,23,32.1922651926659,0.5403124947341792,1.0941550168892051,1.1530390115359908,True,scipy.optimize.linprog(method='highs'),0,Optimization terminated successfully. (HiGHS Status 7: Optimal),1.4210854715202004e-14,120,1452
12000023,weak_level,Weak persistent level,24,39.82873171274198,0.4411018458301738,1.0030681212953798,1.0754017197580217,True,scipy.optimize.linprog(method='highs'),0,Optimization terminated successfully. (HiGHS Status 7: Optimal),1.4210854715202004e-14,120,1385
12000024,weak_level,Weak persistent level,25,19.00999829591201,0.7216038065825244,1.0561400439693829,1.0931979758915606,True,scipy.optimize.linprog(method='highs'),0,Optimization terminated successfully. (HiGHS Status 7: Optimal),1.4210854715202004e-14,120,1449
12000025,weak_level,Weak persistent level,26,29.76281276801885,0.5802964583064404,1.0219270293527098,1.0583695693792678,True,scipy.optimize.linprog(method='highs'),0,Optimization terminated successfully. (HiGHS Status 7: Optimal),2.8421709430404014e-14,120,1416
12000026,weak_level,Weak persistent level,27,30.400699536811,0.5708205507011522,0.995084932871194,1.0349122343098465,True,scipy.optimize.linprog(method='highs'),0,Optimization terminated successfully. (HiGHS Status 7: Optimal),1.4210854715202004e-14,120,1437
12000027,weak_level,Weak persistent level,28,17.99835108011246,0.7398675791046414,1.0201702524430196,1.0458823491914688,True,scipy.optimize.linprog(method='highs'),0,Optimization terminated successfully. (HiGHS Status 7: Optimal),2.8421709430404014e-14,120,1461
12000028,weak_level,Weak persistent level,29,19.746504979091256,0.7139622271489471,1.0759725922803516,1.1229755583550312,True,scipy.optimize.linprog(method='highs'),0,Optimization terminated successfully. (HiGHS Status 7: Optimal),1.4210854715202004e-14,120,1472
12000029,weak_level,Weak persistent level,30,42.00548958586954,0.4054332285037117,1.0611554109992716,1.1566226606280476,True,scipy.optimize.linprog(method='highs'),0,Optimization terminated successfully. (HiGHS Status 7: Optimal),1.4210854715202004e-14,120,1428
12000030,weak_level,Weak persistent level,31,24.614380100295698,0.646844677380501,1.0122248186260276,1.0755100060596032,True,scipy.optimize.linprog(method='highs'),0,Optimization terminated successfully. (HiGHS Status 7: Optimal),1.4210854715202004e-14,120,1412
12000031,weak_level,Weak persistent level,32,29.979797383111933,0.5742812178223324,1.03655209234633,1.0805637641908383,True,scipy.optimize.linprog(method='highs'),0,Optimization terminated successfully. (HiGHS Status 7: Optimal),1.4210854715202004e-14,120,1409
12000032,weak_level,Weak persistent level,33,31.24179796217068,0.5476286690574148,1.1030912577491856,1.165284903770155,True,scipy.optimize.linprog(method='highs'),0,Optimization terminated successfully. (HiGHS Status 7: Optimal),1.4210854715202004e-14,120,1421
12000033,weak_level,Weak persistent level,34,29.978387332862788,0.5709950791834105,1.0693600288359308,1.1322027319516068,True,scipy.optimize.linprog(method='highs'),0,Optimization terminated successfully. (HiGHS Status 7: Optimal),1.4210854715202004e-14,120,1442
12000034,weak_level,Weak persistent level,35,27.334240784516428,0.6105355006862475,0.9993769817695768,1.0400445258906468,True,scipy.optimize.linprog(method='highs'),0,Optimization terminated successfully. (HiGHS Status 7: Optimal),1.4210854715202004e-14,120,1402
12000035,weak_level,Weak persistent level,36,29.915940790087607,0.5765111065531546,1.0651528340557015,1.142921609655377,True,scipy.optimize.linprog(method='highs'),0,Optimization terminated successfully. (HiGHS Status 7: Optimal),1.4210854715202004e-14,120,1416
12000036,weak_level,Weak persistent level,37,23.027715838794972,0.6716262359972712,1.026480540792384,1.0609525972771576,True,scipy.optimize.linprog(method='highs'),0,Optimization terminated successfully. (HiGHS Status 7: Optimal),1.4210854715202004e-14,120,1456
12000037,weak_level,Weak persistent level,38,32.20628486547928,0.5408391408128915,0.99362122551508,1.0657197437545456,True,scipy.optimize.linprog(method='highs'),0,Optimization terminated successfully. (HiGHS Status 7: Optimal),1.4210854715202004e-14,120,1435
12000038,weak_level,Weak persistent level,39,19.975371551008124,0.7086658788556249,1.01089572345014,1.0572332237815183,True,scipy.optimize.linprog(method='highs'),0,Optimization terminated successfully. (HiGHS Status 7: Optimal),1.4210854715202004e-14,120,1426
12000039,weak_level,Weak persistent level,40,34.58262420338978,0.5048077602949086,1.014645641373661,1.0831934761576931,True,scipy.optimize.linprog(method='highs'),0,Optimization terminated successfully. (HiGHS Status 7: Optimal),1.4210854715202004e-14,120,1452
12000040,weak_level,Weak persistent level,41,34.878011987113524,0.505152781273219,1.0340677337639663,1.105224859537214,True,scipy.optimize.linprog(method='highs'),0,Optimization terminated successfully. (HiGHS Status 7: Optimal),1.4210854715202004e-14,120,1431
12000041,weak_level,Weak persistent level,42,20.880436902225167,0.6991842519790463,1.081990914515808,1.1061533197941529,True,scipy.optimize.linprog(method='highs'),0,Optimization terminated successfully. (HiGHS Status 7: Optimal),1.4210854715202004e-14,120,1471
12000042,weak_level,Weak persistent level,43,24.11496009062511,0.6627936103410849,1.030106968456768,1.072672498599381,True,scipy.optimize.linprog(method='highs'),0,Optimization terminated successfully. (HiGHS Status 7: Optimal),1.4210854715202004e-14,120,1410
12000043,weak_level,Weak persistent level,44,32.151131210221074,0.5374517003296412,1.0626668919725797,1.1499376919106683,True,scipy.optimize.linprog(method='highs'),0,Optimization terminated successfully. (HiGHS Status 7: Optimal),1.4210854715202004e-14,120,1461
12000044,weak_level,Weak persistent level,45,24.63195533631716,0.6571830667775075,0.9940197237717106,1.0249157292994635,True,scipy.optimize.linprog(method='highs'),0,Optimization terminated successfully. (HiGHS Status 7: Optimal),1.4210854715202004e-14,120,1455
12000045,weak_level,Weak persistent level,46,25.898203131143973,0.6296946642131126,1.0443326816052938,1.099596558966502,True,scipy.optimize.linprog(method='highs'),0,Optimization terminated successfully. (HiGHS Status 7: Optimal),1.4210854715202004e-14,120,1451
12000046,weak_level,Weak persistent level,47,33.00658496133286,0.5327339546897993,1.0103956270268493,1.073107133149454,True,scipy.optimize.linprog(method='highs'),0,Optimization terminated successfully. (HiGHS Status 7: Optimal),1.4210854715202004e-14,120,1461
12000047,weak_level,Weak persistent level,48,25.156066303167258,0.638463940314874,1.0120692662260344,1.0536189635930375,True,scipy.optimize.linprog(method='highs'),0,Optimization terminated successfully. (HiGHS Status 7: Optimal),1.4210854715202004e-14,120,1439
12000048,weak_level,Weak persistent level,49,24.675686742530413,0.6450241103842888,1.016925981704957,1.05419937332367,True,scipy.optimize.linprog(method='highs'),0,Optimization terminated successfully. (HiGHS Status 7: Optimal),1.4210854715202004e-14,120,1434
12000049,weak_level,Weak persistent level,50,25.41423267484524,0.6325120825994555,1.066032697682605,1.127083486051919,True,scipy.optimize.linprog(method='highs'),0,Optimization terminated successfully. (HiGHS Status 7: Optimal),1.4210854715202004e-14,120,1451
12000050,weak_level,Weak persistent level,51,30.90258401062428,0.5632789278758557,1.0547476086830474,1.0930631128827302,True,scipy.optimize.linprog(method='highs'),0,Optimization terminated successfully. (HiGHS Status 7: Optimal),1.4210854715202004e-14,120,1457
12000051,weak_level,Weak persistent level,52,29.928305722790117,0.5715817470155482,1.010593515513038,1.1104274227233144,True,scipy.optimize.linprog(method='highs'),0,Optimization terminated successfully. (HiGHS Status 7: Optimal),1.4210854715202004e-14,120,1454
12000052,weak_level,Weak persistent level,53,22.336103641045455,0.6730525454209589,1.0502882380438694,1.1080159369456002,True,scipy.optimize.linprog(method='highs'),0,Optimization terminated successfully. (HiGHS Status 7: Optimal),1.4210854715202004e-14,120,1423
12000053,weak_level,Weak persistent level,54,28.676701804839485,0.5879572224645239,1.036734717355402,1.108274994365648,True,scipy.optimize.linprog(method='highs'),0,Optimization terminated successfully. (HiGHS Status 7: Optimal),1.4210854715202004e-14,120,1447
12000054,weak_level,Weak persistent level,55,25.38737660195761,0.6387451002227841,1.0705257080983164,1.1164447895717495,True,scipy.optimize.linprog(method='highs'),0,Optimization terminated successfully. (HiGHS Status 7: Optimal),1.4210854715202004e-14,120,1410
12000055,weak_level,Weak persistent level,56,30.065025010545718,0.5761940365153245,0.9964923250775258,1.042855372529426,True,scipy.optimize.linprog(method='highs'),0,Optimization terminated successfully. (HiGHS Status 7: Optimal),1.4210854715202004e-14,120,1448
12000056,weak_level,Weak persistent level,57,26.393822554118472,0.6230857338404849,1.0129652600526735,1.0621310169503535,True,scipy.optimize.linprog(method='highs'),0,Optimization terminated successfully. (HiGHS Status 7: Optimal),1.4210854715202004e-14,120,1436
12000057,weak_level,Weak persistent level,58,37.95633303185877,0.4649968340865555,0.9815273472818092,1.0515418457161625,True,scipy.optimize.linprog(method='highs'),0,Optimization terminated successfully. (HiGHS Status 7: Optimal),1.4210854715202004e-14,120,1392
12000058,weak_level,Weak persistent level,59,29.370096132306983,0.5730332551869273,1.0670327484708575,1.1188693190036243,True,scipy.optimize.linprog(method='highs'),0,Optimization terminated successfully. (HiGHS Status 7: Optimal),1.4210854715202004e-14,120,1421
12000059,weak_level,Weak persistent level,60,36.74853866883154,0.4796765393009168,1.0449003444339846,1.1033761501727908,True,scipy.optimize.linprog(method='highs'),0,Optimization terminated successfully. (HiGHS Status 7: Optimal),1.4210854715202004e-14,120,1442
12000060,weak_level,Weak persistent level,61,32.9807053317078,0.5249701013684871,1.0799424624819114,1.1547877146732477,True,scipy.optimize.linprog(method='highs'),0,Optimization terminated successfully. (HiGHS Status 7: Optimal),1.4210854715202004e-14,120,1420
12000061,weak_level,Weak persistent level,62,14.750045809206632,0.7870837962134533,1.03878092077653,1.0676035954927516,True,scipy.optimize.linprog(method='highs'),0,Optimization terminated successfully. (HiGHS Status 7: Optimal),1.4210854715202004e-14,120,1412
12000062,weak_level,Weak persistent level,63,25.469584642928076,0.637070671472724,1.061799813066484,1.097876966966287,True,scipy.optimize.linprog(method='highs'),0,Optimization terminated successfully. (HiGHS Status 7: Optimal),2.8421709430404014e-14,120,1437
12000063,weak_level,Weak persistent level,64,20.149568182437463,0.7108017867384467,1.0260469309337177,1.0486423637010895,True,scipy.optimize.linprog(method='highs'),0,Optimization terminated successfully. (HiGHS Status 7: Optimal),1.4210854715202004e-14,120,1428
12000064,weak_level,Weak persistent level,65,20.637453220066604,0.7045008689592678,1.043817601405673,1.0783327887517284,True,scipy.optimize.linprog(method='highs'),0,Optimization terminated successfully. (HiGHS Status 7: Optimal),1.4210854715202004e-14,120,1440
12000065,weak_level,Weak persistent level,66,27.55912346973676,0.6117420369187683,1.0302462879840262,1.0741691223065304,True,scipy.optimize.linprog(method='highs'),0,Optimization terminated successfully. (HiGHS Status 7: Optimal),1.4210854715202004e-14,120,1460
12000066,weak_level,Weak persistent level,67,38.84651823714392,0.4564894758117995,1.0096163078335156,1.065358990386779,True,scipy.optimize.linprog(method='highs'),0,Optimization terminated successfully. (HiGHS Status 7: Optimal),1.4210854715202004e-14,120,1486
12000067,weak_level,Weak persistent level,68,19.90281933151019,0.7156400687818769,1.0156608363338826,1.0445069090545251,True,scipy.optimize.linprog(method='highs'),0,Optimization terminated successfully. (HiGHS Status 7: Optimal),1.4210854715202004e-14,120,1448
12000068,weak_level,Weak persistent level,69,24.64975820905132,0.6391398031117334,1.0616938521892154,1.1298326400144985,True,scipy.optimize.linprog(method='highs'),0,Optimization terminated successfully. (HiGHS Status 7: Optimal),1.4210854715202004e-14,120,1483
12000069,weak_level,Weak persistent level,70,32.222900051298694,0.5447038225429212,1.0170636246360305,1.0792568596644785,True,scipy.optimize.linprog(method='highs'),0,Optimization terminated successfully. (HiGHS Status 7: Optimal),1.4210854715202004e-14,120,1457
12000070,weak_level,Weak persistent level,71,39.06922974250617,0.4493806255071488,0.9766221808035872,1.0544875103725773,True,scipy.optimize.linprog(method='highs'),0,Optimization terminated successfully. (HiGHS Status 7: Optimal),1.4210854715202004e-14,120,1412
12000071,weak_level,Weak persistent level,72,25.298703835532336,0.6406613959104742,1.0095186707234365,1.056166910421101,True,scipy.optimize.linprog(method='highs'),0,Optimization terminated successfully. (HiGHS Status 7: Optimal),1.4210854715202004e-14,120,1486
12000072,weak_level,Weak persistent level,73,33.96378829060215,0.5220359473979398,0.9868584632794468,1.0627644691392275,True,scipy.optimize.linprog(method='highs'),0,Optimization terminated successfully. (HiGHS Status 7: Optimal),1.4210854715202004e-14,120,1408
12000073,weak_level,Weak persistent level,74,32.62669310903791,0.5415164672891455,1.0670418528010968,1.137725438076698,True,scipy.optimize.linprog(method='highs'),0,Optimization terminated successfully. (HiGHS Status 7: Optimal),1.4210854715202004e-14,120,1430
12000074,weak_level,Weak persistent level,75,33.311773848335875,0.5307760052034411,0.9816757135672504,1.0593930703996808,True,scipy.optimize.linprog(method='highs'),0,Optimization terminated successfully. (HiGHS Status 7: Optimal),1.4210854715202004e-14,120,1399
12000075,weak_level,Weak persistent level,76,24.928012096726462,0.6420067471400511,1.0565696434736884,1.113911447334487,True,scipy.optimize.linprog(method='highs'),0,Optimization terminated successfully. (HiGHS Status 7: Optimal),1.4210854715202004e-14,120,1465
12000076,weak_level,Weak persistent level,77,26.4925912698073,0.6222821920466671,1.015284813556697,1.0652856017307073,True,scipy.optimize.linprog(method='highs'),0,Optimization terminated successfully. (HiGHS Status 7: Optimal),1.4210854715202004e-14,120,1434
12000077,weak_level,Weak persistent level,78,41.623261225773,0.4118120268790156,1.0304473643642562,1.1451044743353611,True,scipy.optimize.linprog(method='highs'),0,Optimization terminated successfully. (HiGHS Status 7: Optimal),1.4210854715202004e-14,120,1474
12000078,weak_level,Weak persistent level,79,33.63569976731633,0.5265878886252743,1.053356966258284,1.111528500529917,True,scipy.optimize.linprog(method='highs'),0,Optimization terminated successfully. (HiGHS Status 7: Optimal),1.4210854715202004e-14,120,1435
12000079,weak_level,Weak persistent level,80,26.511837816904603,0.6231345876176179,1.01138241776691,1.0483479303964538,True,scipy.optimize.linprog(method='highs'),0,Optimization terminated successfully. (HiGHS Status 7: Optimal),1.4210854715202004e-14,120,1473
12000080,weak_level,Weak persistent level,81,26.391587971026677,0.629533745083878,1.0254904800477032,1.0687640748563632,True,scipy.optimize.linprog(method='highs'),0,Optimization terminated successfully. (HiGHS Status 7: Optimal),1.4210854715202004e-14,120,1495
12000081,weak_level,Weak persistent level,82,21.08537047714704,0.6949490974851934,1.0767860845786694,1.1230411152121196,True,scipy.optimize.linprog(method='highs'),0,Optimization terminated successfully. (HiGHS Status 7: Optimal),1.4210854715202004e-14,120,1396
12000082,weak_level,Weak persistent level,83,22.790544618934256,0.6811513525926374,0.9969141404730024,1.019256686310942,True,scipy.optimize.linprog(method='highs'),0,Optimization terminated successfully. (HiGHS Status 7: Optimal),1.4210854715202004e-14,120,1424
12000083,weak_level,Weak persistent level,84,27.307478272685984,0.6005181724156381,1.0227208285530671,1.0964477913540795,True,scipy.optimize.linprog(method='highs'),0,Optimization terminated successfully. (HiGHS Status 7: Optimal),1.4210854715202004e-14,120,1447
12000084,weak_level,Weak persistent level,85,27.598102882843413,0.6114261727000733,0.9745811603974176,1.013958406771015,True,scipy.optimize.linprog(method='highs'),0,Optimization terminated successfully. (HiGHS Status 7: Optimal),1.4210854715202004e-14,120,1457
12000085,weak_level,Weak persistent level,86,34.36971596006597,0.5161400832417578,1.008626713389911,1.098676527678819,True,scipy.optimize.linprog(method='highs'),0,Optimization terminated successfully. (HiGHS Status 7: Optimal),1.4210854715202004e-14,120,1450
12000086,weak_level,Weak persistent level,87,28.586360875222823,0.5956057008563745,1.021591097051037,1.071942573670292,True,scipy.optimize.linprog(method='highs'),0,Optimization terminated successfully. (HiGHS Status 7: Optimal),1.4210854715202004e-14,120,1466
12000087,weak_level,Weak persistent level,88,29.1389182782816,0.5800087523332497,1.069415774059046,1.1113154906797131,True,scipy.optimize.linprog(method='highs'),0,Optimization terminated successfully. (HiGHS Status 7: Optimal),1.4210854715202004e-14,120,1440
12000088,weak_level,Weak persistent level,89,37.85464501549548,0.4602984549050384,1.018862135654991,1.0997435903401456,True,scipy.optimize.linprog(method='highs'),0,Optimization terminated successfully. (HiGHS Status 7: Optimal),1.4210854715202004e-14,120,1445
12000089,weak_level,Weak persistent level,90,37.85091239755457,0.4680011865715464,1.0083908932468206,1.079721148024813,True,scipy.optimize.linprog(method='highs'),0,Optimization terminated successfully. (HiGHS Status 7: Optimal),1.4210854715202004e-14,120,1440
12000090,weak_level,Weak persistent level,91,23.429201331498675,0.6619611550466292,1.0253224795821818,1.0773631987487424,True,scipy.optimize.linprog(method='highs'),0,Optimization terminated successfully. (HiGHS Status 7: Optimal),1.4210854715202004e-14,120,1429
12000091,weak_level,Weak persistent level,92,14.416109293602116,0.7760479670813897,1.0780363112747635,1.1358957481351686,True,scipy.optimize.linprog(method='highs'),0,Optimization terminated successfully. (HiGHS Status 7: Optimal),1.4210854715202004e-14,120,1425
12000092,weak_level,Weak persistent level,93,28.30202813192305,0.5931252600504675,1.035405829563269,1.0953608487397128,True,scipy.optimize.linprog(method='highs'),0,Optimization terminated successfully. (HiGHS Status 7: Optimal),1.4210854715202004e-14,120,1362
12000093,weak_level,Weak persistent level,94,22.62620355974856,0.6780047638613503,1.047504574258236,1.0983651207036225,True,scipy.optimize.linprog(method='highs'),0,Optimization terminated successfully. (HiGHS Status 7: Optimal),1.4210854715202004e-14,120,1446
12000094,weak_level,Weak persistent level,95,18.585610968375512,0.733403182138267,1.0057540684338924,1.0235182531445328,True,scipy.optimize.linprog(method='highs'),0,Optimization terminated successfully. (HiGHS Status 7: Optimal),1.4210854715202004e-14,120,1440
12000095,weak_level,Weak persistent level,96,24.681614702394405,0.6488664749025156,0.9732222487087004,1.0268747285592448,True,scipy.optimize.linprog(method='highs'),0,Optimization terminated successfully. (HiGHS Status 7: Optimal),1.4210854715202004e-14,120,1454
12000096,weak_level,Weak persistent level,97,25.68629522835545,0.6356932618906452,1.0466596589685513,1.0896693337627332,True,scipy.optimize.linprog(method='highs'),0,Optimization terminated successfully. (HiGHS Status 7: Optimal),1.4210854715202004e-14,120,1431
12000097,weak_level,Weak persistent level,98,25.526409119121755,0.6433109713284039,0.9956287501538152,1.029712972637389,True,scipy.optimize.linprog(method='highs'),0,Optimization terminated successfully. (HiGHS Status 7: Optimal),1.4210854715202004e-14,120,1403
12000098,weak_level,Weak persistent level,99,23.575027098518703,0.6675476284765556,1.0180671544353588,1.0542281300558254,True,scipy.optimize.linprog(method='highs'),0,Optimization terminated successfully. (HiGHS Status 7: Optimal),1.4210854715202004e-14,120,1428
12000099,weak_level,Weak persistent level,100,44.791580290609474,0.3646102669866441,1.089091228478015,1.189519383798986,True,scipy.optimize.linprog(method='highs'),0,Optimization terminated successfully. (HiGHS Status 7: Optimal),1.4210854715202004e-14,120,1430
13000000,heavy_tail_t3,Heavy-tailed t3 residual,1,20.27219135408201,0.7017627243943734,1.4962707784954594,1.556600303730567,True,scipy.optimize.linprog(method='highs'),0,Optimization terminated successfully. (HiGHS Status 7: Optimal),1.4210854715202004e-14,120,1460
13000001,heavy_tail_t3,Heavy-tailed t3 residual,2,26.565038979730517,0.6161361090239282,1.478240155086944,1.58017552893727,True,scipy.optimize.linprog(method='highs'),0,Optimization terminated successfully. (HiGHS Status 7: Optimal),1.4210854715202004e-14,120,1404
13000002,heavy_tail_t3,Heavy-tailed t3 residual,3,31.891008028895747,0.5451006564915274,1.5642511538214017,1.6671999137211095,True,scipy.optimize.linprog(method='highs'),0,Optimization terminated successfully. (HiGHS Status 7: Optimal),1.4210854715202004e-14,120,1433
13000003,heavy_tail_t3,Heavy-tailed t3 residual,4,18.176103147712105,0.7252213079527322,1.4184317700805211,1.4778590635435458,True,scipy.optimize.linprog(method='highs'),0,Optimization terminated successfully. (HiGHS Status 7: Optimal),1.4210854715202004e-14,120,1510
13000004,heavy_tail_t3,Heavy-tailed t3 residual,5,25.649489572592906,0.6239162377399741,1.4977677978122832,1.5748374752409338,True,scipy.optimize.linprog(method='highs'),0,Optimization terminated successfully. (HiGHS Status 7: Optimal),1.4210854715202004e-14,120,1470
13000005,heavy_tail_t3,Heavy-tailed t3 residual,6,22.617982821595103,0.6720882700124828,1.4435975220115795,1.518711055086626,True,scipy.optimize.linprog(method='highs'),0,Optimization terminated successfully. (HiGHS Status 7: Optimal),2.8421709430404014e-14,120,1391
13000006,heavy_tail_t3,Heavy-tailed t3 residual,7,11.895903851531422,0.8237770239667082,1.5016923653269738,1.5283037988112322,True,scipy.optimize.linprog(method='highs'),0,Optimization terminated successfully. (HiGHS Status 7: Optimal),1.4210854715202004e-14,120,1367
13000007,heavy_tail_t3,Heavy-tailed t3 residual,8,23.938018884556936,0.6538017170551994,1.4524999745616072,1.4987905086175597,True,scipy.optimize.linprog(method='highs'),0,Optimization terminated successfully. (HiGHS Status 7: Optimal),2.8421709430404014e-14,120,1441
13000008,heavy_tail_t3,Heavy-tailed t3 residual,9,22.323360833576185,0.6856937055970158,1.4041771886582213,1.4565894286224448,True,scipy.optimize.linprog(method='highs'),0,Optimization terminated successfully. (HiGHS Status 7: Optimal),1.4210854715202004e-14,120,1402
13000009,heavy_tail_t3,Heavy-tailed t3 residual,10,30.723681292938565,0.55579989297041,1.6370139315140848,1.7571598136810922,True,scipy.optimize.linprog(method='highs'),0,Optimization terminated successfully. (HiGHS Status 7: Optimal),1.4210854715202004e-14,120,1480
13000010,heavy_tail_t3,Heavy-tailed t3 residual,11,16.409192664076954,0.7538611689579141,1.5617481959599993,1.630586012488065,True,scipy.optimize.linprog(method='highs'),0,Optimization terminated successfully. (HiGHS Status 7: Optimal),1.4210854715202004e-14,120,1479
13000011,heavy_tail_t3,Heavy-tailed t3 residual,12,28.96010140399753,0.5913657313634455,1.5058419371138416,1.5988678364132012,True,scipy.optimize.linprog(method='highs'),0,Optimization terminated successfully. (HiGHS Status 7: Optimal),1.4210854715202004e-14,120,1441
13000012,heavy_tail_t3,Heavy-tailed t3 residual,13,21.36679478845806,0.6833583996277675,1.463253581576302,1.5361475815394647,True,scipy.optimize.linprog(method='highs'),0,Optimization terminated successfully. (HiGHS Status 7: Optimal),1.4210854715202004e-14,120,1463
13000013,heavy_tail_t3,Heavy-tailed t3 residual,14,24.51435431686209,0.6531666460612388,1.5096689842303028,1.5995395476302037,True,scipy.optimize.linprog(method='highs'),0,Optimization terminated successfully. (HiGHS Status 7: Optimal),1.4210854715202004e-14,120,1387
13000014,heavy_tail_t3,Heavy-tailed t3 residual,15,27.213128620606867,0.6171835633555056,1.470210047935386,1.5657379854330415,True,scipy.optimize.linprog(method='highs'),0,Optimization terminated successfully. (HiGHS Status 7: Optimal),1.4210854715202004e-14,120,1435
13000015,heavy_tail_t3,Heavy-tailed t3 residual,16,24.636399910331,0.6422194017549107,1.451238516456147,1.5119756655302934,True,scipy.optimize.linprog(method='highs'),0,Optimization terminated successfully. (HiGHS Status 7: Optimal),2.8421709430404014e-14,120,1454
13000016,heavy_tail_t3,Heavy-tailed t3 residual,17,27.36799535067484,0.5929720233304174,1.462495195112519,1.5897037461149537,True,scipy.optimize.linprog(method='highs'),0,Optimization terminated successfully. (HiGHS Status 7: Optimal),2.8421709430404014e-14,120,1398
13000017,heavy_tail_t3,Heavy-tailed t3 residual,18,18.56398359551157,0.7291943014093935,1.3484938296951938,1.400651867522016,True,scipy.optimize.linprog(method='highs'),0,Optimization terminated successfully. (HiGHS Status 7: Optimal),1.4210854715202004e-14,120,1432
13000018,heavy_tail_t3,Heavy-tailed t3 residual,19,21.429432115889416,0.6787435256923804,1.5164348744444778,1.5786280967450956,True,scipy.optimize.linprog(method='highs'),0,Optimization terminated successfully. (HiGHS Status 7: Optimal),1.4210854715202004e-14,120,1428
13000019,heavy_tail_t3,Heavy-tailed t3 residual,20,22.80984265132601,0.6806219031631996,1.4070332745848766,1.4816060145716143,True,scipy.optimize.linprog(method='highs'),0,Optimization terminated successfully. (HiGHS Status 7: Optimal),1.4210854715202004e-14,120,1416
13000020,heavy_tail_t3,Heavy-tailed t3 residual,21,13.50419748373103,0.8077831867803958,1.3862101849091,1.4209556925474218,True,scipy.optimize.linprog(method='highs'),0,Optimization terminated successfully. (HiGHS Status 7: Optimal),1.4210854715202004e-14,120,1407
13000021,heavy_tail_t3,Heavy-tailed t3 residual,22,12.408386065348871,0.821632067971882,1.366577449605023,1.404622145699103,True,scipy.optimize.linprog(method='highs'),0,Optimization terminated successfully. (HiGHS Status 7: Optimal),1.4210854715202004e-14,120,1421
13000022,heavy_tail_t3,Heavy-tailed t3 residual,23,11.63433879315194,0.8186302434176855,1.5413432482029474,1.5748501400512616,True,scipy.optimize.linprog(method='highs'),0,Optimization terminated successfully. (HiGHS Status 7: Optimal),2.8421709430404014e-14,120,1437
13000023,heavy_tail_t3,Heavy-tailed t3 residual,24,14.64262844423578,0.7818887402982,1.5657780134982076,1.5972785673140644,True,scipy.optimize.linprog(method='highs'),0,Optimization terminated successfully. (HiGHS Status 7: Optimal),1.4210854715202004e-14,120,1411
13000024,heavy_tail_t3,Heavy-tailed t3 residual,25,24.789977266977388,0.645360242996209,1.4247654343245475,1.4932426216672514,True,scipy.optimize.linprog(method='highs'),0,Optimization terminated successfully. (HiGHS Status 7: Optimal),1.4210854715202004e-14,120,1455
13000025,heavy_tail_t3,Heavy-tailed t3 residual,26,16.168030678795727,0.7658468048759356,1.43068397732379,1.4707147835506238,True,scipy.optimize.linprog(method='highs'),0,Optimization terminated successfully. (HiGHS Status 7: Optimal),2.8421709430404014e-14,120,1454
13000026,heavy_tail_t3,Heavy-tailed t3 residual,27,18.775308214347906,0.7158980176377352,1.4561479599479987,1.5347909717654469,True,scipy.optimize.linprog(method='highs'),0,Optimization terminated successfully. (HiGHS Status 7: Optimal),1.4210854715202004e-14,120,1420
13000027,heavy_tail_t3,Heavy-tailed t3 residual,28,32.21341538032216,0.5360426132381171,1.5225140558721382,1.6771584376281554,True,scipy.optimize.linprog(method='highs'),0,Optimization terminated successfully. (HiGHS Status 7: Optimal),1.4210854715202004e-14,120,1423
13000028,heavy_tail_t3,Heavy-tailed t3 residual,29,15.914032839261148,0.7710556335840553,1.4506388438813844,1.5071197996942922,True,scipy.optimize.linprog(method='highs'),0,Optimization terminated successfully. (HiGHS Status 7: Optimal),1.4210854715202004e-14,120,1455
13000029,heavy_tail_t3,Heavy-tailed t3 residual,30,23.596994054971432,0.6582096309012307,1.4415299654101257,1.4965669619061637,True,scipy.optimize.linprog(method='highs'),0,Optimization terminated successfully. (HiGHS Status 7: Optimal),1.4210854715202004e-14,120,1411
13000030,heavy_tail_t3,Heavy-tailed t3 residual,31,16.403084583702743,0.7587674567685531,1.2973165220205536,1.3366730601986023,True,scipy.optimize.linprog(method='highs'),0,Optimization terminated successfully. (HiGHS Status 7: Optimal),1.4210854715202004e-14,120,1406
13000031,heavy_tail_t3,Heavy-tailed t3 residual,32,20.512010136159844,0.7018209095042172,1.4197248677926038,1.473698216869079,True,scipy.optimize.linprog(method='highs'),0,Optimization terminated successfully. (HiGHS Status 7: Optimal),1.4210854715202004e-14,120,1441
13000032,heavy_tail_t3,Heavy-tailed t3 residual,33,22.18753789706591,0.6829157568367757,1.477534441635496,1.5243460034473326,True,scipy.optimize.linprog(method='highs'),0,Optimization terminated successfully. (HiGHS Status 7: Optimal),1.4210854715202004e-14,120,1454
13000033,heavy_tail_t3,Heavy-tailed t3 residual,34,32.35886331809591,0.5305188781713693,1.5474842690612052,1.6447179106341026,True,scipy.optimize.linprog(method='highs'),0,Optimization terminated successfully. (HiGHS Status 7: Optimal),1.4210854715202004e-14,120,1408
13000034,heavy_tail_t3,Heavy-tailed t3 residual,35,28.91460341013236,0.5869321867194025,1.562601201268983,1.659219733081709,True,scipy.optimize.linprog(method='highs'),0,Optimization terminated successfully. (HiGHS Status 7: Optimal),1.4210854715202004e-14,120,1455
13000035,heavy_tail_t3,Heavy-tailed t3 residual,36,14.88039828197172,0.7731789441664978,1.4386878818041764,1.494206176838606,True,scipy.optimize.linprog(method='highs'),0,Optimization terminated successfully. (HiGHS Status 7: Optimal),1.4210854715202004e-14,120,1428
13000036,heavy_tail_t3,Heavy-tailed t3 residual,37,14.464654842672468,0.7821037132325162,1.4408185401667344,1.4966715323124995,True,scipy.optimize.linprog(method='highs'),0,Optimization terminated successfully. (HiGHS Status 7: Optimal),1.4210854715202004e-14,120,1422
13000037,heavy_tail_t3,Heavy-tailed t3 residual,38,36.940772971305606,0.450725985461176,1.7230426168003,1.9211367451970596,True,scipy.optimize.linprog(method='highs'),0,Optimization terminated successfully. (HiGHS Status 7: Optimal),1.4210854715202004e-14,120,1461
13000038,heavy_tail_t3,Heavy-tailed t3 residual,39,14.724546814430028,0.7829009636945793,1.3080777470518223,1.3451289502316823,True,scipy.optimize.linprog(method='highs'),0,Optimization terminated successfully. (HiGHS Status 7: Optimal),1.4210854715202004e-14,120,1432
13000039,heavy_tail_t3,Heavy-tailed t3 residual,40,17.783253057123815,0.7473434380849339,1.4825229172030787,1.5182406449188768,True,scipy.optimize.linprog(method='highs'),0,Optimization terminated successfully. (HiGHS Status 7: Optimal),1.4210854715202004e-14,120,1407
13000040,heavy_tail_t3,Heavy-tailed t3 residual,41,11.015106787791956,0.8295523041554277,1.5438866418310009,1.5838136027352698,True,scipy.optimize.linprog(method='highs'),0,Optimization terminated successfully. (HiGHS Status 7: Optimal),2.8421709430404014e-14,120,1433
13000041,heavy_tail_t3,Heavy-tailed t3 residual,42,38.59593706517322,0.4420697689743299,1.557907426019486,1.6931355046478327,True,scipy.optimize.linprog(method='highs'),0,Optimization terminated successfully. (HiGHS Status 7: Optimal),2.8421709430404014e-14,120,1430
13000042,heavy_tail_t3,Heavy-tailed t3 residual,43,15.294445447960456,0.7718232682020183,1.451555562039862,1.5075443614010038,True,scipy.optimize.linprog(method='highs'),0,Optimization terminated successfully. (HiGHS Status 7: Optimal),2.8421709430404014e-14,120,1404
13000043,heavy_tail_t3,Heavy-tailed t3 residual,44,20.762866951125304,0.7020080286078373,1.4785416843518726,1.5404696546297247,True,scipy.optimize.linprog(method='highs'),0,Optimization terminated successfully. (HiGHS Status 7: Optimal),1.4210854715202004e-14,120,1455
13000044,heavy_tail_t3,Heavy-tailed t3 residual,45,11.365321527212911,0.8243228187284027,1.7583576246649084,1.806995265942842,True,scipy.optimize.linprog(method='highs'),0,Optimization terminated successfully. (HiGHS Status 7: Optimal),2.8421709430404014e-14,120,1396
13000045,heavy_tail_t3,Heavy-tailed t3 residual,46,21.732233411820875,0.6861055978855981,1.5079903771735454,1.5685445244419929,True,scipy.optimize.linprog(method='highs'),0,Optimization terminated successfully. (HiGHS Status 7: Optimal),1.4210854715202004e-14,120,1446
13000046,heavy_tail_t3,Heavy-tailed t3 residual,47,20.7401985194602,0.6976395256742228,1.4773292657295818,1.5341711008140864,True,scipy.optimize.linprog(method='highs'),0,Optimization terminated successfully. (HiGHS Status 7: Optimal),2.8421709430404014e-14,120,1461
13000047,heavy_tail_t3,Heavy-tailed t3 residual,48,7.031825784747674,0.8768430870086327,1.4579011690562935,1.519248253451627,True,scipy.optimize.linprog(method='highs'),0,Optimization terminated successfully. (HiGHS Status 7: Optimal),2.8421709430404014e-14,120,1447
13000048,heavy_tail_t3,Heavy-tailed t3 residual,49,25.630070813575635,0.6235386508702914,1.51005084648287,1.606885589522767,True,scipy.optimize.linprog(method='highs'),0,Optimization terminated successfully. (HiGHS Status 7: Optimal),1.4210854715202004e-14,120,1436
13000049,heavy_tail_t3,Heavy-tailed t3 residual,50,23.618916531611497,0.6560994788559006,1.5252680489820476,1.5871764666820722,True,scipy.optimize.linprog(method='highs'),0,Optimization terminated successfully. (HiGHS Status 7: Optimal),1.4210854715202004e-14,120,1438
13000050,heavy_tail_t3,Heavy-tailed t3 residual,51,13.225894750378046,0.8006216265774658,1.5407937547566086,1.569203013862766,True,scipy.optimize.linprog(method='highs'),0,Optimization terminated successfully. (HiGHS Status 7: Optimal),1.4210854715202004e-14,120,1449
13000051,heavy_tail_t3,Heavy-tailed t3 residual,52,20.14976233939684,0.704101140127676,1.5588640930506217,1.619765230627448,True,scipy.optimize.linprog(method='highs'),0,Optimization terminated successfully. (HiGHS Status 7: Optimal),2.8421709430404014e-14,120,1408
13000052,heavy_tail_t3,Heavy-tailed t3 residual,53,19.564147649977777,0.7149612914388378,1.3946799707588513,1.444396139600602,True,scipy.optimize.linprog(method='highs'),0,Optimization terminated successfully. (HiGHS Status 7: Optimal),1.4210854715202004e-14,120,1441
13000053,heavy_tail_t3,Heavy-tailed t3 residual,54,22.292924630771267,0.6767663238704922,1.5087759751218062,1.59378960876495,True,scipy.optimize.linprog(method='highs'),0,Optimization terminated successfully. (HiGHS Status 7: Optimal),1.4210854715202004e-14,120,1450
13000054,heavy_tail_t3,Heavy-tailed t3 residual,55,12.33281791005038,0.8218720101108336,1.4085348928169734,1.4251965481209674,True,scipy.optimize.linprog(method='highs'),0,Optimization terminated successfully. (HiGHS Status 7: Optimal),1.4210854715202004e-14,120,1429
13000055,heavy_tail_t3,Heavy-tailed t3 residual,56,26.0926070445907,0.6197294063490795,1.4629629980877925,1.5479763712591248,True,scipy.optimize.linprog(method='highs'),0,Optimization terminated successfully. (HiGHS Status 7: Optimal),1.4210854715202004e-14,120,1468
13000056,heavy_tail_t3,Heavy-tailed t3 residual,57,16.46492964066769,0.7587403949553454,1.40378557353172,1.4698268241188317,True,scipy.optimize.linprog(method='highs'),0,Optimization terminated successfully. (HiGHS Status 7: Optimal),1.4210854715202004e-14,120,1437
13000057,heavy_tail_t3,Heavy-tailed t3 residual,58,14.42069901242619,0.7813108539151823,1.41315165210011,1.45352590400794,True,scipy.optimize.linprog(method='highs'),0,Optimization terminated successfully. (HiGHS Status 7: Optimal),1.4210854715202004e-14,120,1479
13000058,heavy_tail_t3,Heavy-tailed t3 residual,59,25.24715344613266,0.6325287999727242,1.529934927431663,1.5911799634981627,True,scipy.optimize.linprog(method='highs'),0,Optimization terminated successfully. (HiGHS Status 7: Optimal),1.4210854715202004e-14,120,1457
13000059,heavy_tail_t3,Heavy-tailed t3 residual,60,15.15432989673531,0.7716743358046643,1.4946367567283805,1.5319587924143945,True,scipy.optimize.linprog(method='highs'),0,Optimization terminated successfully. (HiGHS Status 7: Optimal),2.8421709430404014e-14,120,1446
13000060,heavy_tail_t3,Heavy-tailed t3 residual,61,26.250869285636675,0.6106471280508766,1.4513204007485057,1.5502645733891212,True,scipy.optimize.linprog(method='highs'),0,Optimization terminated successfully. (HiGHS Status 7: Optimal),2.8421709430404014e-14,120,1413
13000061,heavy_tail_t3,Heavy-tailed t3 residual,62,22.788144049845144,0.6779334164972686,1.5146544511168265,1.5658752263670657,True,scipy.optimize.linprog(method='highs'),0,Optimization terminated successfully. (HiGHS Status 7: Optimal),1.4210854715202004e-14,120,1433
13000062,heavy_tail_t3,Heavy-tailed t3 residual,63,24.065864634589367,0.6470864899894806,1.3718595193608751,1.4927770213473794,True,scipy.optimize.linprog(method='highs'),0,Optimization terminated successfully. (HiGHS Status 7: Optimal),1.4210854715202004e-14,120,1452
13000063,heavy_tail_t3,Heavy-tailed t3 residual,64,30.78766667848433,0.5751958748004481,1.3483683469937462,1.446616841616479,True,scipy.optimize.linprog(method='highs'),0,Optimization terminated successfully. (HiGHS Status 7: Optimal),1.4210854715202004e-14,120,1467
13000064,heavy_tail_t3,Heavy-tailed t3 residual,65,35.012846227735054,0.4959447534032298,1.5005826736006649,1.623088582756128,True,scipy.optimize.linprog(method='highs'),0,Optimization terminated successfully. (HiGHS Status 7: Optimal),1.4210854715202004e-14,120,1425
13000065,heavy_tail_t3,Heavy-tailed t3 residual,66,14.627812511673298,0.7908139211428997,1.5017271628755242,1.5348495581928372,True,scipy.optimize.linprog(method='highs'),0,Optimization terminated successfully. (HiGHS Status 7: Optimal),2.8421709430404014e-14,120,1427
13000066,heavy_tail_t3,Heavy-tailed t3 residual,67,30.425048862717603,0.5760546421768172,1.3875883080268177,1.4705771505884395,True,scipy.optimize.linprog(method='highs'),0,Optimization terminated successfully. (HiGHS Status 7: Optimal),1.4210854715202004e-14,120,1472
13000067,heavy_tail_t3,Heavy-tailed t3 residual,68,35.303793503232804,0.4947663153006409,1.498469515850403,1.6146492187262147,True,scipy.optimize.linprog(method='highs'),0,Optimization terminated successfully. (HiGHS Status 7: Optimal),1.4210854715202004e-14,120,1403
13000068,heavy_tail_t3,Heavy-tailed t3 residual,69,10.689135552958348,0.8433309176243264,1.4575057259324151,1.4768616281945868,True,scipy.optimize.linprog(method='highs'),0,Optimization terminated successfully. (HiGHS Status 7: Optimal),1.4210854715202004e-14,120,1436
13000069,heavy_tail_t3,Heavy-tailed t3 residual,70,23.315616280205116,0.6547469738021884,1.492375341197814,1.5493906506846462,True,scipy.optimize.linprog(method='highs'),0,Optimization terminated successfully. (HiGHS Status 7: Optimal),1.4210854715202004e-14,120,1475
13000070,heavy_tail_t3,Heavy-tailed t3 residual,71,23.80095242382865,0.662005677822631,1.4422206441034362,1.5142197519314695,True,scipy.optimize.linprog(method='highs'),0,Optimization terminated successfully. (HiGHS Status 7: Optimal),1.4210854715202004e-14,120,1418
13000071,heavy_tail_t3,Heavy-tailed t3 residual,72,23.001311206856425,0.664090876903178,1.4273061596635952,1.519940174010585,True,scipy.optimize.linprog(method='highs'),0,Optimization terminated successfully. (HiGHS Status 7: Optimal),1.4210854715202004e-14,120,1435
13000072,heavy_tail_t3,Heavy-tailed t3 residual,73,26.540134648762105,0.6154927426967669,1.461803349279304,1.5348757491932852,True,scipy.optimize.linprog(method='highs'),0,Optimization terminated successfully. (HiGHS Status 7: Optimal),1.4210854715202004e-14,120,1483
13000073,heavy_tail_t3,Heavy-tailed t3 residual,74,25.37621476378977,0.641260567689745,1.4259391693473402,1.4899667611917533,True,scipy.optimize.linprog(method='highs'),0,Optimization terminated successfully. (HiGHS Status 7: Optimal),1.4210854715202004e-14,120,1449
13000074,heavy_tail_t3,Heavy-tailed t3 residual,75,21.93909230245053,0.6843639559969907,1.4832033823807684,1.5343222481219,True,scipy.optimize.linprog(method='highs'),0,Optimization terminated successfully. (HiGHS Status 7: Optimal),1.4210854715202004e-14,120,1388
13000075,heavy_tail_t3,Heavy-tailed t3 residual,76,13.90243100851335,0.7911764156759775,1.3864276228634538,1.4381035887803204,True,scipy.optimize.linprog(method='highs'),0,Optimization terminated successfully. (HiGHS Status 7: Optimal),1.4210854715202004e-14,120,1425
13000076,heavy_tail_t3,Heavy-tailed t3 residual,77,25.08668373383806,0.6213285952034862,1.5641481686611438,1.6324429806642156,True,scipy.optimize.linprog(method='highs'),0,Optimization terminated successfully. (HiGHS Status 7: Optimal),1.4210854715202004e-14,120,1436
13000077,heavy_tail_t3,Heavy-tailed t3 residual,78,16.5475738460209,0.7521659541538763,1.5402287106783938,1.614027261360274,True,scipy.optimize.linprog(method='highs'),0,Optimization terminated successfully. (HiGHS Status 7: Optimal),1.4210854715202004e-14,120,1404
13000078,heavy_tail_t3,Heavy-tailed t3 residual,79,28.114401783623208,0.597836899783247,1.5033650237674665,1.605527249005166,True,scipy.optimize.linprog(method='highs'),0,Optimization terminated successfully. (HiGHS Status 7: Optimal),1.4210854715202004e-14,120,1480
13000079,heavy_tail_t3,Heavy-tailed t3 residual,80,34.77555761572408,0.5146895600371306,1.6208699473669246,1.7113583454876886,True,scipy.optimize.linprog(method='highs'),0,Optimization terminated successfully. (HiGHS Status 7: Optimal),1.4210854715202004e-14,120,1451
13000080,heavy_tail_t3,Heavy-tailed t3 residual,81,31.672512747475047,0.5401949592364335,1.5552018295135708,1.6449869054749997,True,scipy.optimize.linprog(method='highs'),0,Optimization terminated successfully. (HiGHS Status 7: Optimal),1.4210854715202004e-14,120,1470
13000081,heavy_tail_t3,Heavy-tailed t3 residual,82,24.55758697397485,0.6563743130098737,1.4119048413291702,1.453967865281509,True,scipy.optimize.linprog(method='highs'),0,Optimization terminated successfully. (HiGHS Status 7: Optimal),1.4210854715202004e-14,120,1409
13000082,heavy_tail_t3,Heavy-tailed t3 residual,83,23.72418034521614,0.658730583226064,1.4294512165223774,1.4812823621082447,True,scipy.optimize.linprog(method='highs'),0,Optimization terminated successfully. (HiGHS Status 7: Optimal),1.4210854715202004e-14,120,1398
13000083,heavy_tail_t3,Heavy-tailed t3 residual,84,21.822656701979056,0.6816378865476066,1.415760062976794,1.5068444013494835,True,scipy.optimize.linprog(method='highs'),0,Optimization terminated successfully. (HiGHS Status 7: Optimal),1.4210854715202004e-14,120,1469
13000084,heavy_tail_t3,Heavy-tailed t3 residual,85,27.12034247147636,0.603101173802515,1.4427370179218229,1.5254777448092665,True,scipy.optimize.linprog(method='highs'),0,Optimization terminated successfully. (HiGHS Status 7: Optimal),1.4210854715202004e-14,120,1426
13000085,heavy_tail_t3,Heavy-tailed t3 residual,86,25.609344693979654,0.6279063143061595,1.451343059585608,1.5225682337014412,True,scipy.optimize.linprog(method='highs'),0,Optimization terminated successfully. (HiGHS Status 7: Optimal),2.8421709430404014e-14,120,1440
13000086,heavy_tail_t3,Heavy-tailed t3 residual,87,23.676859012147027,0.6628789689988849,1.3066704530778823,1.405822230425536,True,scipy.optimize.linprog(method='highs'),0,Optimization terminated successfully. (HiGHS Status 7: Optimal),2.8421709430404014e-14,120,1420
13000087,heavy_tail_t3,Heavy-tailed t3 residual,88,42.31363684436414,0.4007307425539636,1.7479995784769495,1.921682602692775,True,scipy.optimize.linprog(method='highs'),0,Optimization terminated successfully. (HiGHS Status 7: Optimal),1.4210854715202004e-14,120,1461
13000088,heavy_tail_t3,Heavy-tailed t3 residual,89,24.662965022088574,0.6462518135333298,1.5091437393074871,1.5706279896603923,True,scipy.optimize.linprog(method='highs'),0,Optimization terminated successfully. (HiGHS Status 7: Optimal),1.4210854715202004e-14,120,1417
13000089,heavy_tail_t3,Heavy-tailed t3 residual,90,16.527577640856364,0.7461100522706802,1.5503795563909342,1.6151474583921626,True,scipy.optimize.linprog(method='highs'),0,Optimization terminated successfully. (HiGHS Status 7: Optimal),1.4210854715202004e-14,120,1505
13000090,heavy_tail_t3,Heavy-tailed t3 residual,91,30.985733151514506,0.5681845679414117,1.416378604037602,1.4901848069778327,True,scipy.optimize.linprog(method='highs'),0,Optimization terminated successfully. (HiGHS Status 7: Optimal),2.8421709430404014e-14,120,1473
13000091,heavy_tail_t3,Heavy-tailed t3 residual,92,31.234233014653643,0.5438627220926783,1.6153471725452575,1.7307462341086612,True,scipy.optimize.linprog(method='highs'),0,Optimization terminated successfully. (HiGHS Status 7: Optimal),1.4210854715202004e-14,120,1420
13000092,heavy_tail_t3,Heavy-tailed t3 residual,93,34.95378866989972,0.5048984081854865,2.024573908232766,2.120403787484095,True,scipy.optimize.linprog(method='highs'),0,Optimization terminated successfully. (HiGHS Status 7: Optimal),1.4210854715202004e-14,120,1491
13000093,heavy_tail_t3,Heavy-tailed t3 residual,94,36.161422999553,0.4750208188873728,1.482564877439282,1.6484286728377218,True,scipy.optimize.linprog(method='highs'),0,Optimization terminated successfully. (HiGHS Status 7: Optimal),1.4210854715202004e-14,120,1450
13000094,heavy_tail_t3,Heavy-tailed t3 residual,95,28.28366969330448,0.6037649268790415,1.4858368475418071,1.5443567551481714,True,scipy.optimize.linprog(method='highs'),0,Optimization terminated successfully. (HiGHS Status 7: Optimal),1.4210854715202004e-14,120,1407
13000095,heavy_tail_t3,Heavy-tailed t3 residual,96,12.2881086027459,0.8105937260681185,1.5712570918131634,1.62420474231635,True,scipy.optimize.linprog(method='highs'),0,Optimization terminated successfully. (HiGHS Status 7: Optimal),1.4210854715202004e-14,120,1451
13000096,heavy_tail_t3,Heavy-tailed t3 residual,97,18.142721339069936,0.7277105421656532,1.4694057499780415,1.511287375928533,True,scipy.optimize.linprog(method='highs'),0,Optimization terminated successfully. (HiGHS Status 7: Optimal),1.4210854715202004e-14,120,1423
13000097,heavy_tail_t3,Heavy-tailed t3 residual,98,18.5229462406708,0.7247904970971532,1.5405520207033938,1.6095463144933977,True,scipy.optimize.linprog(method='highs'),0,Optimization terminated successfully. (HiGHS Status 7: Optimal),1.4210854715202004e-14,120,1391
13000098,heavy_tail_t3,Heavy-tailed t3 residual,99,16.486393562430358,0.7602976897885905,1.4738058861548362,1.498659408199603,True,scipy.optimize.linprog(method='highs'),0,Optimization terminated successfully. (HiGHS Status 7: Optimal),2.8421709430404014e-14,120,1440
13000099,heavy_tail_t3,Heavy-tailed t3 residual,100,14.51547145740605,0.788115000087945,1.4268720294349362,1.4613990500054794,True,scipy.optimize.linprog(method='highs'),0,Optimization terminated successfully. (HiGHS Status 7: Optimal),1.4210854715202004e-14,120,1460
11000100,null_serial,Pure null with serial dependence,101,54.60141628958913,0.2419603249813789,0.9841996376758396,1.1515225296202158,True,scipy.optimize.linprog(method='highs'),0,Optimization terminated successfully. (HiGHS Status 7: Optimal),1.4210854715202004e-14,120,1196
11000101,null_serial,Pure null with serial dependence,102,38.07212048790339,0.4607455157401419,0.9919099021401518,1.0630472532520685,True,scipy.optimize.linprog(method='highs'),0,Optimization terminated successfully. (HiGHS Status 7: Optimal),1.4210854715202004e-14,120,1192
11000102,null_serial,Pure null with serial dependence,103,44.91096897336741,0.361475079543106,1.0526860104612412,1.198280235262882,True,scipy.optimize.linprog(method='highs'),0,Optimization terminated successfully. (HiGHS Status 7: Optimal),1.4210854715202004e-14,120,1192
11000103,null_serial,Pure null with serial dependence,104,68.43535511316183,0.0337672205389703,1.0125229687876038,1.3181195302647166,True,scipy.optimize.linprog(method='highs'),0,Optimization terminated successfully. (HiGHS Status 7: Optimal),1.4210854715202004e-14,120,1217
11000104,null_serial,Pure null with serial dependence,105,53.22980905152564,0.2495855319517402,1.006214585161982,1.1740033335368545,True,scipy.optimize.linprog(method='highs'),0,Optimization terminated successfully. (HiGHS Status 7: Optimal),1.4210854715202004e-14,120,1254
11000105,null_serial,Pure null with serial dependence,106,51.030679698215145,0.2784398591271872,1.078593585196028,1.2547302496548465,True,scipy.optimize.linprog(method='highs'),0,Optimization terminated successfully. (HiGHS Status 7: Optimal),1.4210854715202004e-14,120,1204
11000106,null_serial,Pure null with serial dependence,107,53.16166872570348,0.2493233319112281,1.0096933646250763,1.2178862144443297,True,scipy.optimize.linprog(method='highs'),0,Optimization terminated successfully. (HiGHS Status 7: Optimal),1.4210854715202004e-14,120,1218
11000107,null_serial,Pure null with serial dependence,108,51.2234604275356,0.274848494142635,1.0039785125106802,1.2008851383033268,True,scipy.optimize.linprog(method='highs'),0,Optimization terminated successfully. (HiGHS Status 7: Optimal),1.4210854715202004e-14,120,1179
11000108,null_serial,Pure null with serial dependence,109,54.79576680746597,0.2298732154526482,1.0102786979609468,1.204552174744312,True,scipy.optimize.linprog(method='highs'),0,Optimization terminated successfully. (HiGHS Status 7: Optimal),1.4210854715202004e-14,120,1191
11000109,null_serial,Pure null with serial dependence,110,49.17707769430136,0.3045964515367911,0.9836327961165406,1.209493356156937,True,scipy.optimize.linprog(method='highs'),0,Optimization terminated successfully. (HiGHS Status 7: Optimal),1.4210854715202004e-14,120,1232
11000110,null_serial,Pure null with serial dependence,111,49.96379169166369,0.2906826171142481,1.0025926632506843,1.165616874424184,True,scipy.optimize.linprog(method='highs'),0,Optimization terminated successfully. (HiGHS Status 7: Optimal),1.4210854715202004e-14,120,1184
11000111,null_serial,Pure null with serial dependence,112,62.41286336896849,0.1199714598256656,1.0178927852100674,1.231538282573387,True,scipy.optimize.linprog(method='highs'),0,Optimization terminated successfully. (HiGHS Status 7: Optimal),1.4210854715202004e-14,120,1198
11000112,null_serial,Pure null with serial dependence,113,54.039344275420994,0.232807700199512,1.0737184695194142,1.301589893023798,True,scipy.optimize.linprog(method='highs'),0,Optimization terminated successfully. (HiGHS Status 7: Optimal),1.4210854715202004e-14,120,1255
11000113,null_serial,Pure null with serial dependence,114,53.351427210117166,0.2404141030464494,1.0014093857408313,1.2209470719733144,True,scipy.optimize.linprog(method='highs'),0,Optimization terminated successfully. (HiGHS Status 7: Optimal),1.4210854715202004e-14,120,1166
11000114,null_serial,Pure null with serial dependence,115,52.13938906835699,0.2649187311050398,1.0323452063648229,1.225174683707503,True,scipy.optimize.linprog(method='highs'),0,Optimization terminated successfully. (HiGHS Status 7: Optimal),1.4210854715202004e-14,120,1152
11000115,null_serial,Pure null with serial dependence,116,55.46451420558572,0.2230869468223032,0.9860874583930672,1.1279711378188466,True,scipy.optimize.linprog(method='highs'),0,Optimization terminated successfully. (HiGHS Status 7: Optimal),1.4210854715202004e-14,120,1180
11000116,null_serial,Pure null with serial dependence,117,40.9954913207154,0.3985865698861491,1.053518901167016,1.312146623525227,True,scipy.optimize.linprog(method='highs'),0,Optimization terminated successfully. (HiGHS Status 7: Optimal),1.4210854715202004e-14,120,1297
11000117,null_serial,Pure null with serial dependence,118,47.13104375771736,0.3346016662842893,1.021301860945223,1.1686075426507123,True,scipy.optimize.linprog(method='highs'),0,Optimization terminated successfully. (HiGHS Status 7: Optimal),1.4210854715202004e-14,120,1207
11000118,null_serial,Pure null with serial dependence,119,53.328519745617626,0.2498555812505486,0.9493212600650938,1.1016454809542915,True,scipy.optimize.linprog(method='highs'),0,Optimization terminated successfully. (HiGHS Status 7: Optimal),1.4210854715202004e-14,120,1215
11000119,null_serial,Pure null with serial dependence,120,47.12202994203385,0.3421139908915236,1.0329973714472915,1.1601432175205957,True,scipy.optimize.linprog(method='highs'),0,Optimization terminated successfully. (HiGHS Status 7: Optimal),1.4210854715202004e-14,120,1228
11000120,null_serial,Pure null with serial dependence,121,53.25115300570136,0.2509703474003071,1.033874120390552,1.186204379840383,True,scipy.optimize.linprog(method='highs'),0,Optimization terminated successfully. (HiGHS Status 7: Optimal),1.4210854715202004e-14,120,1185
11000121,null_serial,Pure null with serial dependence,122,56.58012638253108,0.1997652871717022,0.9900744434970248,1.2338562171583851,True,scipy.optimize.linprog(method='highs'),0,Optimization terminated successfully. (HiGHS Status 7: Optimal),1.4210854715202004e-14,120,1174
11000122,null_serial,Pure null with serial dependence,123,54.49641318599683,0.2143322075746935,1.0578274346120191,1.3099752696143094,True,scipy.optimize.linprog(method='highs'),0,Optimization terminated successfully. (HiGHS Status 7: Optimal),1.4210854715202004e-14,120,1245
11000123,null_serial,Pure null with serial dependence,124,40.62988338297833,0.4164440149716541,1.039757679106613,1.2064749212129002,True,scipy.optimize.linprog(method='highs'),0,Optimization terminated successfully. (HiGHS Status 7: Optimal),1.4210854715202004e-14,120,1190
11000124,null_serial,Pure null with serial dependence,125,41.90699284171188,0.403479613891172,1.0743681084175012,1.2592733202871491,True,scipy.optimize.linprog(method='highs'),0,Optimization terminated successfully. (HiGHS Status 7: Optimal),1.4210854715202004e-14,120,1235
11000125,null_serial,Pure null with serial dependence,126,59.1006498530253,0.1663427882565192,1.0072116334636694,1.26448111656898,True,scipy.optimize.linprog(method='highs'),0,Optimization terminated successfully. (HiGHS Status 7: Optimal),1.4210854715202004e-14,120,1223
11000126,null_serial,Pure null with serial dependence,127,43.31052245787099,0.373379973089342,1.0717855694106542,1.239547562946304,True,scipy.optimize.linprog(method='highs'),0,Optimization terminated successfully. (HiGHS Status 7: Optimal),1.4210854715202004e-14,120,1140
11000127,null_serial,Pure null with serial dependence,128,52.97648879283882,0.2594943744717744,1.0201234648564554,1.1847996241892649,True,scipy.optimize.linprog(method='highs'),0,Optimization terminated successfully. (HiGHS Status 7: Optimal),1.4210854715202004e-14,120,1175
11000128,null_serial,Pure null with serial dependence,129,53.9758000515241,0.2337216634854131,0.9944359823474568,1.2169946509392138,True,scipy.optimize.linprog(method='highs'),0,Optimization terminated successfully. (HiGHS Status 7: Optimal),1.4210854715202004e-14,120,1230
11000129,null_serial,Pure null with serial dependence,130,47.10108686672878,0.3334138770378002,0.9383043122153482,1.076507362497371,True,scipy.optimize.linprog(method='highs'),0,Optimization terminated successfully. (HiGHS Status 7: Optimal),1.4210854715202004e-14,120,1222
11000130,null_serial,Pure null with serial dependence,131,57.15912225344438,0.1908084261223325,1.0213843450523747,1.257817717068958,True,scipy.optimize.linprog(method='highs'),0,Optimization terminated successfully. (HiGHS Status 7: Optimal),1.4210854715202004e-14,120,1249
11000131,null_serial,Pure null with serial dependence,132,43.60040966950864,0.3822824765890806,1.0352438088645413,1.2081182988117638,True,scipy.optimize.linprog(method='highs'),0,Optimization terminated successfully. (HiGHS Status 7: Optimal),2.8421709430404014e-14,120,1157
11000132,null_serial,Pure null with serial dependence,133,42.15987508067558,0.4147398616047419,1.0187553723761626,1.160611059060072,True,scipy.optimize.linprog(method='highs'),0,Optimization terminated successfully. (HiGHS Status 7: Optimal),1.4210854715202004e-14,120,1172
11000133,null_serial,Pure null with serial dependence,134,40.92954135863059,0.4171969723483497,1.0119178514073903,1.128871320396947,True,scipy.optimize.linprog(method='highs'),0,Optimization terminated successfully. (HiGHS Status 7: Optimal),1.4210854715202004e-14,120,1211
11000134,null_serial,Pure null with serial dependence,135,50.46109660834808,0.2900599839760085,1.0106257608223477,1.1354004581786186,True,scipy.optimize.linprog(method='highs'),0,Optimization terminated successfully. (HiGHS Status 7: Optimal),1.4210854715202004e-14,120,1163
11000135,null_serial,Pure null with serial dependence,136,55.93988625067697,0.2119381097141136,1.0250018401217122,1.2198949348798245,True,scipy.optimize.linprog(method='highs'),0,Optimization terminated successfully. (HiGHS Status 7: Optimal),1.4210854715202004e-14,120,1198
11000136,null_serial,Pure null with serial dependence,137,54.228585540605394,0.2322356086606292,1.0580976764339447,1.193119702648083,True,scipy.optimize.linprog(method='highs'),0,Optimization terminated successfully. (HiGHS Status 7: Optimal),1.4210854715202004e-14,120,1145
11000137,null_serial,Pure null with serial dependence,138,42.88897340437181,0.3888604464217906,0.9978758745344388,1.1574837300964038,True,scipy.optimize.linprog(method='highs'),0,Optimization terminated successfully. (HiGHS Status 7: Optimal),2.8421709430404014e-14,120,1208
11000138,null_serial,Pure null with serial dependence,139,66.86044662231284,0.0557133046087212,1.0108520451833694,1.2375062685860718,True,scipy.optimize.linprog(method='highs'),0,Optimization terminated successfully. (HiGHS Status 7: Optimal),1.4210854715202004e-14,120,1193
11000139,null_serial,Pure null with serial dependence,140,50.44317408971053,0.2857158361349679,1.0763480832931178,1.2289827437250798,True,scipy.optimize.linprog(method='highs'),0,Optimization terminated successfully. (HiGHS Status 7: Optimal),1.4210854715202004e-14,120,1244
11000140,null_serial,Pure null with serial dependence,141,45.00017111260485,0.3670843652306639,0.9781994991359516,1.0934612548078857,True,scipy.optimize.linprog(method='highs'),0,Optimization terminated successfully. (HiGHS Status 7: Optimal),1.4210854715202004e-14,120,1241
11000141,null_serial,Pure null with serial dependence,142,53.26191049134867,0.2410967530273031,1.034628532633015,1.303313141700978,True,scipy.optimize.linprog(method='highs'),0,Optimization terminated successfully. (HiGHS Status 7: Optimal),1.4210854715202004e-14,120,1175
11000142,null_serial,Pure null with serial dependence,143,48.11344912460931,0.3206938961758163,0.9828000958878044,1.1294556608278432,True,scipy.optimize.linprog(method='highs'),0,Optimization terminated successfully. (HiGHS Status 7: Optimal),1.4210854715202004e-14,120,1246
11000143,null_serial,Pure null with serial dependence,144,53.68891237204005,0.2339355621705926,0.9672874038967402,1.20912599256266,True,scipy.optimize.linprog(method='highs'),0,Optimization terminated successfully. (HiGHS Status 7: Optimal),1.4210854715202004e-14,120,1222
11000144,null_serial,Pure null with serial dependence,145,56.70238265390275,0.2073818305056191,1.0011122869506144,1.2337587326619912,True,scipy.optimize.linprog(method='highs'),0,Optimization terminated successfully. (HiGHS Status 7: Optimal),1.4210854715202004e-14,120,1203
11000145,null_serial,Pure null with serial dependence,146,64.20922042272744,0.0914267826514441,1.066086233332496,1.2458311370968904,True,scipy.optimize.linprog(method='highs'),0,Optimization terminated successfully. (HiGHS Status 7: Optimal),1.4210854715202004e-14,120,1214
11000146,null_serial,Pure null with serial dependence,147,49.12886821690827,0.2980251279310905,1.040690982583119,1.1691707260970725,True,scipy.optimize.linprog(method='highs'),0,Optimization terminated successfully. (HiGHS Status 7: Optimal),1.4210854715202004e-14,120,1170
11000147,null_serial,Pure null with serial dependence,148,48.24276297218097,0.314424352932808,1.0507131874419842,1.2296576578732246,True,scipy.optimize.linprog(method='highs'),0,Optimization terminated successfully. (HiGHS Status 7: Optimal),1.4210854715202004e-14,120,1216
11000148,null_serial,Pure null with serial dependence,149,47.156987593007,0.3296848149468266,1.0005640263363518,1.1867280955297106,True,scipy.optimize.linprog(method='highs'),0,Optimization terminated successfully. (HiGHS Status 7: Optimal),1.4210854715202004e-14,120,1228
11000149,null_serial,Pure null with serial dependence,150,50.73547592878302,0.2739309476678565,1.0445981223302323,1.2266793032624037,True,scipy.optimize.linprog(method='highs'),0,Optimization terminated successfully. (HiGHS Status 7: Optimal),1.4210854715202004e-14,120,1209
11000150,null_serial,Pure null with serial dependence,151,49.246725045213765,0.3060258384290263,1.0136859221366714,1.1752409214262016,True,scipy.optimize.linprog(method='highs'),0,Optimization terminated successfully. (HiGHS Status 7: Optimal),1.4210854715202004e-14,120,1191
11000151,null_serial,Pure null with serial dependence,152,65.57715441273254,0.0783805755317302,0.9727792425015986,1.1447259600426545,True,scipy.optimize.linprog(method='highs'),0,Optimization terminated successfully. (HiGHS Status 7: Optimal),1.4210854715202004e-14,120,1175
11000152,null_serial,Pure null with serial dependence,153,50.2048745036134,0.2958309211895935,0.9726032412162928,1.1408354228043711,True,scipy.optimize.linprog(method='highs'),0,Optimization terminated successfully. (HiGHS Status 7: Optimal),1.4210854715202004e-14,120,1223
11000153,null_serial,Pure null with serial dependence,154,43.91112483567802,0.3755397703814728,1.0436193266275076,1.2417299021765675,True,scipy.optimize.linprog(method='highs'),0,Optimization terminated successfully. (HiGHS Status 7: Optimal),1.4210854715202004e-14,120,1189
11000154,null_serial,Pure null with serial dependence,155,53.1803202068826,0.2362614825830683,1.0119800237522216,1.2872217882450558,True,scipy.optimize.linprog(method='highs'),0,Optimization terminated successfully. (HiGHS Status 7: Optimal),1.4210854715202004e-14,120,1183
11000155,null_serial,Pure null with serial dependence,156,43.301210786992826,0.3981570854641146,0.964289971585684,1.0306228329439011,True,scipy.optimize.linprog(method='highs'),0,Optimization terminated successfully. (HiGHS Status 7: Optimal),1.4210854715202004e-14,120,1214
11000156,null_serial,Pure null with serial dependence,157,45.509769676153766,0.3533918111531785,1.0161799146602994,1.1828844922709103,True,scipy.optimize.linprog(method='highs'),0,Optimization terminated successfully. (HiGHS Status 7: Optimal),1.4210854715202004e-14,120,1170
11000157,null_serial,Pure null with serial dependence,158,56.75653376665722,0.1937146396305136,0.9938800296424952,1.234415601377043,True,scipy.optimize.linprog(method='highs'),0,Optimization terminated successfully. (HiGHS Status 7: Optimal),1.4210854715202004e-14,120,1189
11000158,null_serial,Pure null with serial dependence,159,43.63917032986432,0.38484623334921,0.95325833317141,1.0570813579194478,True,scipy.optimize.linprog(method='highs'),0,Optimization terminated successfully. (HiGHS Status 7: Optimal),1.4210854715202004e-14,120,1188
11000159,null_serial,Pure null with serial dependence,160,50.98854052176863,0.2736886622940539,1.0056880329384492,1.1747637219272862,True,scipy.optimize.linprog(method='highs'),0,Optimization terminated successfully. (HiGHS Status 7: Optimal),1.4210854715202004e-14,120,1242
11000160,null_serial,Pure null with serial dependence,161,57.93241309770211,0.1888202198684639,1.0083474923803133,1.207623150548336,True,scipy.optimize.linprog(method='highs'),0,Optimization terminated successfully. (HiGHS Status 7: Optimal),1.4210854715202004e-14,120,1212
11000161,null_serial,Pure null with serial dependence,162,43.77583637793918,0.3799488428114174,0.9692143378849088,1.1161209971329829,True,scipy.optimize.linprog(method='highs'),0,Optimization terminated successfully. (HiGHS Status 7: Optimal),1.4210854715202004e-14,120,1199
11000162,null_serial,Pure null with serial dependence,163,45.33619004941721,0.3508206376280064,0.9994391493961082,1.2084438688561543,True,scipy.optimize.linprog(method='highs'),0,Optimization terminated successfully. (HiGHS Status 7: Optimal),1.4210854715202004e-14,120,1252
11000163,null_serial,Pure null with serial dependence,164,46.918643835105925,0.3412127165954249,0.9830002696797556,1.1372616653126324,True,scipy.optimize.linprog(method='highs'),0,Optimization terminated successfully. (HiGHS Status 7: Optimal),1.4210854715202004e-14,120,1176
11000164,null_serial,Pure null with serial dependence,165,48.65321027446508,0.310719548053224,1.0099102668594937,1.1693047219067323,True,scipy.optimize.linprog(method='highs'),0,Optimization terminated successfully. (HiGHS Status 7: Optimal),1.4210854715202004e-14,120,1239
11000165,null_serial,Pure null with serial dependence,166,41.291406908843456,0.4101839941834407,1.0027293249131983,1.1544031884564705,True,scipy.optimize.linprog(method='highs'),0,Optimization terminated successfully. (HiGHS Status 7: Optimal),1.4210854715202004e-14,120,1160
11000166,null_serial,Pure null with serial dependence,167,39.0596782245221,0.4574228745479364,0.9420548540914676,1.029277275130846,True,scipy.optimize.linprog(method='highs'),0,Optimization terminated successfully. (HiGHS Status 7: Optimal),1.4210854715202004e-14,120,1204
11000167,null_serial,Pure null with serial dependence,168,49.94560916007592,0.2975118512854501,0.9879877644937052,1.125333363019305,True,scipy.optimize.linprog(method='highs'),0,Optimization terminated successfully. (HiGHS Status 7: Optimal),1.4210854715202004e-14,120,1221
11000168,null_serial,Pure null with serial dependence,169,48.66787889712798,0.3033830468563326,1.0105256851451303,1.1610419954952775,True,scipy.optimize.linprog(method='highs'),0,Optimization terminated successfully. (HiGHS Status 7: Optimal),1.4210854715202004e-14,120,1204
11000169,null_serial,Pure null with serial dependence,170,47.75964970281607,0.3222877251264339,0.9797839878628746,1.1610565221013036,True,scipy.optimize.linprog(method='highs'),0,Optimization terminated successfully. (HiGHS Status 7: Optimal),1.4210854715202004e-14,120,1229
11000170,null_serial,Pure null with serial dependence,171,51.67311271907106,0.2552164609197601,1.1210387349507986,1.3514042148299934,True,scipy.optimize.linprog(method='highs'),0,Optimization terminated successfully. (HiGHS Status 7: Optimal),1.4210854715202004e-14,120,1203
11000171,null_serial,Pure null with serial dependence,172,59.56791365276312,0.1624110753781335,0.9979386443405354,1.2493759365132933,True,scipy.optimize.linprog(method='highs'),0,Optimization terminated successfully. (HiGHS Status 7: Optimal),1.4210854715202004e-14,120,1196
11000172,null_serial,Pure null with serial dependence,173,43.5235769085524,0.3844188053650276,1.0032587582673722,1.0904173398463974,True,scipy.optimize.linprog(method='highs'),0,Optimization terminated successfully. (HiGHS Status 7: Optimal),1.4210854715202004e-14,120,1213
11000173,null_serial,Pure null with serial dependence,174,52.877221801021406,0.2378431685938415,1.0599562033293068,1.33570022037793,True,scipy.optimize.linprog(method='highs'),0,Optimization terminated successfully. (HiGHS Status 7: Optimal),1.4210854715202004e-14,120,1183
11000174,null_serial,Pure null with serial dependence,175,60.025664447032646,0.1576003175607443,0.9973295415979174,1.1721969370298666,True,scipy.optimize.linprog(method='highs'),0,Optimization terminated successfully. (HiGHS Status 7: Optimal),1.4210854715202004e-14,120,1161
11000175,null_serial,Pure null with serial dependence,176,45.97950102845933,0.3492837275972675,0.9358389897262892,1.1025208877869117,True,scipy.optimize.linprog(method='highs'),0,Optimization terminated successfully. (HiGHS Status 7: Optimal),1.4210854715202004e-14,120,1205
11000176,null_serial,Pure null with serial dependence,177,56.27749710324391,0.2139398890404591,0.9884408690969344,1.1943396588170758,True,scipy.optimize.linprog(method='highs'),0,Optimization terminated successfully. (HiGHS Status 7: Optimal),1.4210854715202004e-14,120,1238
11000177,null_serial,Pure null with serial dependence,178,55.541285138030766,0.2194825875794235,0.9532717466388542,1.131396164256275,True,scipy.optimize.linprog(method='highs'),0,Optimization terminated successfully. (HiGHS Status 7: Optimal),1.4210854715202004e-14,120,1236
11000178,null_serial,Pure null with serial dependence,179,60.95970334867712,0.1432719757715838,0.9943710417512136,1.2783289326728593,True,scipy.optimize.linprog(method='highs'),0,Optimization terminated successfully. (HiGHS Status 7: Optimal),2.8421709430404014e-14,120,1147
11000179,null_serial,Pure null with serial dependence,180,59.23406522184481,0.1621650302269059,1.0310565461850736,1.3075702327655794,True,scipy.optimize.linprog(method='highs'),0,Optimization terminated successfully. (HiGHS Status 7: Optimal),1.4210854715202004e-14,120,1201
11000180,null_serial,Pure null with serial dependence,181,50.41926705638623,0.2899522584181188,1.027125171216882,1.1979923221838005,True,scipy.optimize.linprog(method='highs'),0,Optimization terminated successfully. (HiGHS Status 7: Optimal),1.4210854715202004e-14,120,1187
11000181,null_serial,Pure null with serial dependence,182,43.599810210670846,0.3789851668092732,1.0201270182967908,1.1737853628098356,True,scipy.optimize.linprog(method='highs'),0,Optimization terminated successfully. (HiGHS Status 7: Optimal),1.4210854715202004e-14,120,1193
11000182,null_serial,Pure null with serial dependence,183,47.436219963114056,0.3260275685380212,1.0551355527298665,1.2232727042388205,True,scipy.optimize.linprog(method='highs'),0,Optimization terminated successfully. (HiGHS Status 7: Optimal),1.4210854715202004e-14,120,1212
11000183,null_serial,Pure null with serial dependence,184,49.82700782978623,0.2968470110210253,0.989057452157993,1.1500994501048598,True,scipy.optimize.linprog(method='highs'),0,Optimization terminated successfully. (HiGHS Status 7: Optimal),1.4210854715202004e-14,120,1227
11000184,null_serial,Pure null with serial dependence,185,58.68065920608175,0.1755405349404563,1.0140039450737994,1.229280045977172,True,scipy.optimize.linprog(method='highs'),0,Optimization terminated successfully. (HiGHS Status 7: Optimal),1.4210854715202004e-14,120,1225
11000185,null_serial,Pure null with serial dependence,186,53.74324150914141,0.2423795864338138,1.0115197541426462,1.1992243742828343,True,scipy.optimize.linprog(method='highs'),0,Optimization terminated successfully. (HiGHS Status 7: Optimal),1.4210854715202004e-14,120,1204
11000186,null_serial,Pure null with serial dependence,187,48.67482788604195,0.3121916026424969,0.9780874051931292,1.1162215160326443,True,scipy.optimize.linprog(method='highs'),0,Optimization terminated successfully. (HiGHS Status 7: Optimal),1.4210854715202004e-14,120,1206
11000187,null_serial,Pure null with serial dependence,188,37.61635218345019,0.4609376170884596,1.0090585464490858,1.1415297699440192,True,scipy.optimize.linprog(method='highs'),0,Optimization terminated successfully. (HiGHS Status 7: Optimal),1.4210854715202004e-14,120,1157
11000188,null_serial,Pure null with serial dependence,189,55.14850752072398,0.2233560480259178,0.9557065731494224,1.1513819834732877,True,scipy.optimize.linprog(method='highs'),0,Optimization terminated successfully. (HiGHS Status 7: Optimal),1.4210854715202004e-14,120,1167
11000189,null_serial,Pure null with serial dependence,190,40.47456417596114,0.426001981266919,0.9938250880549024,1.123983682868873,True,scipy.optimize.linprog(method='highs'),0,Optimization terminated successfully. (HiGHS Status 7: Optimal),1.4210854715202004e-14,120,1195
11000190,null_serial,Pure null with serial dependence,191,43.6203110834749,0.3822865780341835,0.976211177242026,1.092505751423651,True,scipy.optimize.linprog(method='highs'),0,Optimization terminated successfully. (HiGHS Status 7: Optimal),1.4210854715202004e-14,120,1182
11000191,null_serial,Pure null with serial dependence,192,50.59263429985551,0.2888489502874916,1.0476458042040906,1.2694916384069606,True,scipy.optimize.linprog(method='highs'),0,Optimization terminated successfully. (HiGHS Status 7: Optimal),1.4210854715202004e-14,120,1172
11000192,null_serial,Pure null with serial dependence,193,58.627219632447705,0.165583460093379,1.0583891050003265,1.3361776025948306,True,scipy.optimize.linprog(method='highs'),0,Optimization terminated successfully. (HiGHS Status 7: Optimal),1.4210854715202004e-14,120,1195
11000193,null_serial,Pure null with serial dependence,194,47.41798391914607,0.3210911344649099,0.9941904033888496,1.2354188339862404,True,scipy.optimize.linprog(method='highs'),0,Optimization terminated successfully. (HiGHS Status 7: Optimal),1.4210854715202004e-14,120,1230
11000194,null_serial,Pure null with serial dependence,195,49.88545009432723,0.2907053468079353,1.0291330322248489,1.2023130966276452,True,scipy.optimize.linprog(method='highs'),0,Optimization terminated successfully. (HiGHS Status 7: Optimal),1.4210854715202004e-14,120,1193
11000195,null_serial,Pure null with serial dependence,196,45.5956326987197,0.3515565341889103,1.0049765978222551,1.1676116516735318,True,scipy.optimize.linprog(method='highs'),0,Optimization terminated successfully. (HiGHS Status 7: Optimal),1.4210854715202004e-14,120,1204
11000196,null_serial,Pure null with serial dependence,197,59.348221204172695,0.162936510564819,0.978193989271967,1.256719372884962,True,scipy.optimize.linprog(method='highs'),0,Optimization terminated successfully. (HiGHS Status 7: Optimal),1.4210854715202004e-14,120,1195
11000197,null_serial,Pure null with serial dependence,198,36.70662363017951,0.4775925016277545,0.9822825083357686,1.0812415363297136,True,scipy.optimize.linprog(method='highs'),0,Optimization terminated successfully. (HiGHS Status 7: Optimal),1.4210854715202004e-14,120,1187
11000198,null_serial,Pure null with serial dependence,199,52.35016246288973,0.2572604397755329,0.9970381577499934,1.1865850196857506,True,scipy.optimize.linprog(method='highs'),0,Optimization terminated successfully. (HiGHS Status 7: Optimal),1.4210854715202004e-14,120,1196
11000199,null_serial,Pure null with serial dependence,200,44.61937228340071,0.3699284109185933,0.98447416552746,1.164720951786246,True,scipy.optimize.linprog(method='highs'),0,Optimization terminated successfully. (HiGHS Status 7: Optimal),1.4210854715202004e-14,120,1241
12000100,weak_level,Weak persistent level,101,25.440455944746013,0.6351665655366526,1.0459123182273342,1.1202751280825871,True,scipy.optimize.linprog(method='highs'),0,Optimization terminated successfully. (HiGHS Status 7: Optimal),1.4210854715202004e-14,120,1472
12000101,weak_level,Weak persistent level,102,20.544524353966185,0.7075285739995738,1.0380060820218155,1.0787813920343776,True,scipy.optimize.linprog(method='highs'),0,Optimization terminated successfully. (HiGHS Status 7: Optimal),2.8421709430404014e-14,120,1425
12000102,weak_level,Weak persistent level,103,28.97123060290585,0.5932131357916808,1.0328543817221212,1.0666699307536895,True,scipy.optimize.linprog(method='highs'),0,Optimization terminated successfully. (HiGHS Status 7: Optimal),2.8421709430404014e-14,120,1455
12000103,weak_level,Weak persistent level,104,37.334298912534166,0.4617642754632782,1.105440745375582,1.229592105614063,True,scipy.optimize.linprog(method='highs'),0,Optimization terminated successfully. (HiGHS Status 7: Optimal),1.4210854715202004e-14,120,1429
12000104,weak_level,Weak persistent level,105,27.4733731317819,0.6026594432136575,1.0120298924038826,1.085829134923545,True,scipy.optimize.linprog(method='highs'),0,Optimization terminated successfully. (HiGHS Status 7: Optimal),1.4210854715202004e-14,120,1480
12000105,weak_level,Weak persistent level,106,25.65303600870612,0.6372659176536453,0.9765397975946492,1.0248543826092753,True,scipy.optimize.linprog(method='highs'),0,Optimization terminated successfully. (HiGHS Status 7: Optimal),1.4210854715202004e-14,120,1436
12000106,weak_level,Weak persistent level,107,18.57522932375832,0.7284874345008981,1.0776952373872264,1.1119886359121731,True,scipy.optimize.linprog(method='highs'),0,Optimization terminated successfully. (HiGHS Status 7: Optimal),2.8421709430404014e-14,120,1461
12000107,weak_level,Weak persistent level,108,27.369991124469887,0.61686600280436,1.010072014189077,1.0452773239894468,True,scipy.optimize.linprog(method='highs'),0,Optimization terminated successfully. (HiGHS Status 7: Optimal),1.4210854715202004e-14,120,1428
12000108,weak_level,Weak persistent level,109,30.53177126421746,0.5732457751145988,1.0116317120057157,1.0636473099383787,True,scipy.optimize.linprog(method='highs'),0,Optimization terminated successfully. (HiGHS Status 7: Optimal),1.4210854715202004e-14,120,1456
12000109,weak_level,Weak persistent level,110,42.009013459171925,0.4140326442534736,0.9635276401507088,1.0675152853716257,True,scipy.optimize.linprog(method='highs'),0,Optimization terminated successfully. (HiGHS Status 7: Optimal),1.4210854715202004e-14,120,1393
12000110,weak_level,Weak persistent level,111,25.539131663980903,0.6419303788445024,1.0087651307993428,1.042675417669935,True,scipy.optimize.linprog(method='highs'),0,Optimization terminated successfully. (HiGHS Status 7: Optimal),2.8421709430404014e-14,120,1444
12000111,weak_level,Weak persistent level,112,40.34151057391273,0.4300783738470119,1.012001932759155,1.0873435767236552,True,scipy.optimize.linprog(method='highs'),0,Optimization terminated successfully. (HiGHS Status 7: Optimal),1.4210854715202004e-14,120,1454
12000112,weak_level,Weak persistent level,113,17.587652990028417,0.7467169437695048,1.0313698772741986,1.060548472807353,True,scipy.optimize.linprog(method='highs'),0,Optimization terminated successfully. (HiGHS Status 7: Optimal),1.4210854715202004e-14,120,1430
12000113,weak_level,Weak persistent level,114,32.911096292505654,0.5333171767107497,1.0077413901354018,1.0712114959120205,True,scipy.optimize.linprog(method='highs'),0,Optimization terminated successfully. (HiGHS Status 7: Optimal),2.8421709430404014e-14,120,1407
12000114,weak_level,Weak persistent level,115,29.139143062318983,0.5830283860537708,1.023365676970168,1.0794981646471344,True,scipy.optimize.linprog(method='highs'),0,Optimization terminated successfully. (HiGHS Status 7: Optimal),1.4210854715202004e-14,120,1409
12000115,weak_level,Weak persistent level,116,28.20414842234522,0.6043378816490671,1.0183072806571936,1.053029638846038,True,scipy.optimize.linprog(method='highs'),0,Optimization terminated successfully. (HiGHS Status 7: Optimal),1.4210854715202004e-14,120,1386
12000116,weak_level,Weak persistent level,117,33.27707416107256,0.5189186095456221,1.053718767023362,1.130075748668941,True,scipy.optimize.linprog(method='highs'),0,Optimization terminated successfully. (HiGHS Status 7: Optimal),2.8421709430404014e-14,120,1422
12000117,weak_level,Weak persistent level,118,21.18397794768395,0.6971671317412206,0.9984870047432152,1.036151838400586,True,scipy.optimize.linprog(method='highs'),0,Optimization terminated successfully. (HiGHS Status 7: Optimal),2.8421709430404014e-14,120,1438
12000118,weak_level,Weak persistent level,119,29.75026816497064,0.5760153612131996,1.0064464485558977,1.0491956491959449,True,scipy.optimize.linprog(method='highs'),0,Optimization terminated successfully. (HiGHS Status 7: Optimal),1.4210854715202004e-14,120,1444
12000119,weak_level,Weak persistent level,120,16.89608822863381,0.7528846394709804,1.0280569088938338,1.0632193802881105,True,scipy.optimize.linprog(method='highs'),0,Optimization terminated successfully. (HiGHS Status 7: Optimal),1.4210854715202004e-14,120,1457
12000120,weak_level,Weak persistent level,121,32.61887522203221,0.5379832347712256,1.1052477488995611,1.146835788120381,True,scipy.optimize.linprog(method='highs'),0,Optimization terminated successfully. (HiGHS Status 7: Optimal),2.8421709430404014e-14,120,1467
12000121,weak_level,Weak persistent level,122,27.144579823315,0.6126888340649858,1.0084770688411813,1.0487869849675089,True,scipy.optimize.linprog(method='highs'),0,Optimization terminated successfully. (HiGHS Status 7: Optimal),2.8421709430404014e-14,120,1421
12000122,weak_level,Weak persistent level,123,31.987504626712592,0.5460783098586942,1.00728696056894,1.0703968008594174,True,scipy.optimize.linprog(method='highs'),0,Optimization terminated successfully. (HiGHS Status 7: Optimal),1.4210854715202004e-14,120,1390
12000123,weak_level,Weak persistent level,124,30.202114495937863,0.5708064538880124,0.9841442042630476,1.0402231224871512,True,scipy.optimize.linprog(method='highs'),0,Optimization terminated successfully. (HiGHS Status 7: Optimal),2.8421709430404014e-14,120,1409
12000124,weak_level,Weak persistent level,125,26.10868308652324,0.6250720852179906,1.0204335246657084,1.0616540215505654,True,scipy.optimize.linprog(method='highs'),0,Optimization terminated successfully. (HiGHS Status 7: Optimal),1.4210854715202004e-14,120,1461
12000125,weak_level,Weak persistent level,126,27.41586043157709,0.6135215472644061,1.037196770893401,1.0813321926767996,True,scipy.optimize.linprog(method='highs'),0,Optimization terminated successfully. (HiGHS Status 7: Optimal),1.4210854715202004e-14,120,1450
12000126,weak_level,Weak persistent level,127,23.13999234947412,0.6690507011184116,1.027021684016826,1.0648012521786894,True,scipy.optimize.linprog(method='highs'),0,Optimization terminated successfully. (HiGHS Status 7: Optimal),1.4210854715202004e-14,120,1503
12000127,weak_level,Weak persistent level,128,26.831866604327345,0.6169540850327001,1.0217378857606452,1.0489234145644757,True,scipy.optimize.linprog(method='highs'),0,Optimization terminated successfully. (HiGHS Status 7: Optimal),1.4210854715202004e-14,120,1394
12000128,weak_level,Weak persistent level,129,29.337166599009656,0.5782907699804652,1.0665478097784098,1.1134057886110862,True,scipy.optimize.linprog(method='highs'),0,Optimization terminated successfully. (HiGHS Status 7: Optimal),1.4210854715202004e-14,120,1485
12000129,weak_level,Weak persistent level,130,22.7535064935976,0.6657706371303096,1.0357100605229337,1.0906898500562865,True,scipy.optimize.linprog(method='highs'),0,Optimization terminated successfully. (HiGHS Status 7: Optimal),1.4210854715202004e-14,120,1431
12000130,weak_level,Weak persistent level,131,27.37485452415332,0.6037698932205952,1.0095054768000664,1.1074807183183206,True,scipy.optimize.linprog(method='highs'),0,Optimization terminated successfully. (HiGHS Status 7: Optimal),1.4210854715202004e-14,120,1411
12000131,weak_level,Weak persistent level,132,27.746557024029343,0.5993662642455792,1.058610590063194,1.1172912239084265,True,scipy.optimize.linprog(method='highs'),0,Optimization terminated successfully. (HiGHS Status 7: Optimal),1.4210854715202004e-14,120,1418
12000132,weak_level,Weak persistent level,133,30.76133454307304,0.570127717537864,1.036815174904023,1.1019561793811408,True,scipy.optimize.linprog(method='highs'),0,Optimization terminated successfully. (HiGHS Status 7: Optimal),1.4210854715202004e-14,120,1514
12000133,weak_level,Weak persistent level,134,28.42593927675293,0.6018429150908192,1.0372568786093437,1.0986783978088666,True,scipy.optimize.linprog(method='highs'),0,Optimization terminated successfully. (HiGHS Status 7: Optimal),2.8421709430404014e-14,120,1515
12000134,weak_level,Weak persistent level,135,26.84812240732141,0.6132679979795409,1.0385742726316505,1.0899179237327832,True,scipy.optimize.linprog(method='highs'),0,Optimization terminated successfully. (HiGHS Status 7: Optimal),2.8421709430404014e-14,120,1398
12000135,weak_level,Weak persistent level,136,24.649919051488503,0.6492695000223495,1.0334195847357923,1.0884581810112366,True,scipy.optimize.linprog(method='highs'),0,Optimization terminated successfully. (HiGHS Status 7: Optimal),1.4210854715202004e-14,120,1474
12000136,weak_level,Weak persistent level,137,25.68745423430076,0.6324056994692713,1.0061383660087266,1.0538653534261813,True,scipy.optimize.linprog(method='highs'),0,Optimization terminated successfully. (HiGHS Status 7: Optimal),1.4210854715202004e-14,120,1431
12000137,weak_level,Weak persistent level,138,34.15079860963427,0.51433759634715,1.0435767603112651,1.1388619109200742,True,scipy.optimize.linprog(method='highs'),0,Optimization terminated successfully. (HiGHS Status 7: Optimal),1.4210854715202004e-14,120,1408
12000138,weak_level,Weak persistent level,139,29.614032409513364,0.5839411604262882,0.9909155970077412,1.0386269506366637,True,scipy.optimize.linprog(method='highs'),0,Optimization terminated successfully. (HiGHS Status 7: Optimal),2.8421709430404014e-14,120,1480
12000139,weak_level,Weak persistent level,140,31.7907802728371,0.5486437648277449,1.0272331145352498,1.1092102747077788,True,scipy.optimize.linprog(method='highs'),0,Optimization terminated successfully. (HiGHS Status 7: Optimal),1.4210854715202004e-14,120,1412
12000140,weak_level,Weak persistent level,141,29.33580018792884,0.5902015945191437,1.0231334213832022,1.064274334435523,True,scipy.optimize.linprog(method='highs'),0,Optimization terminated successfully. (HiGHS Status 7: Optimal),1.4210854715202004e-14,120,1421
12000141,weak_level,Weak persistent level,142,42.20848257620955,0.3983862518253164,1.0073189417501252,1.104556275837733,True,scipy.optimize.linprog(method='highs'),0,Optimization terminated successfully. (HiGHS Status 7: Optimal),1.4210854715202004e-14,120,1449
12000142,weak_level,Weak persistent level,143,26.416445908922803,0.6235381237748842,1.0317970594900427,1.0873967822239543,True,scipy.optimize.linprog(method='highs'),0,Optimization terminated successfully. (HiGHS Status 7: Optimal),1.4210854715202004e-14,120,1387
12000143,weak_level,Weak persistent level,144,25.23829400367008,0.6417100326624605,0.9997384535138056,1.043593526251025,True,scipy.optimize.linprog(method='highs'),0,Optimization terminated successfully. (HiGHS Status 7: Optimal),2.8421709430404014e-14,120,1491
12000144,weak_level,Weak persistent level,145,31.94504268979715,0.5473189169867145,1.0242097872035665,1.0964600089059895,True,scipy.optimize.linprog(method='highs'),0,Optimization terminated successfully. (HiGHS Status 7: Optimal),1.4210854715202004e-14,120,1484
12000145,weak_level,Weak persistent level,146,34.46775428302009,0.5032353971820471,1.0424701043693172,1.1322682454748414,True,scipy.optimize.linprog(method='highs'),0,Optimization terminated successfully. (HiGHS Status 7: Optimal),1.4210854715202004e-14,120,1469
12000146,weak_level,Weak persistent level,147,31.308899642995677,0.5502469953124007,1.0679584270030658,1.1170235829312578,True,scipy.optimize.linprog(method='highs'),0,Optimization terminated successfully. (HiGHS Status 7: Optimal),1.4210854715202004e-14,120,1445
12000147,weak_level,Weak persistent level,148,28.31743419692127,0.5947438751926981,0.9915589150972351,1.0463098549807446,True,scipy.optimize.linprog(method='highs'),0,Optimization terminated successfully. (HiGHS Status 7: Optimal),1.4210854715202004e-14,120,1457
12000148,weak_level,Weak persistent level,149,28.254653415841094,0.5975112657567775,1.0341261075892134,1.0838289997837087,True,scipy.optimize.linprog(method='highs'),0,Optimization terminated successfully. (HiGHS Status 7: Optimal),1.4210854715202004e-14,120,1487
12000149,weak_level,Weak persistent level,150,25.777694347154647,0.6366304522103498,1.019165878645936,1.0567761364853356,True,scipy.optimize.linprog(method='highs'),0,Optimization terminated successfully. (HiGHS Status 7: Optimal),1.4210854715202004e-14,120,1435
12000150,weak_level,Weak persistent level,151,21.43736749963729,0.6867233367089219,1.0391309331486347,1.0882510878318212,True,scipy.optimize.linprog(method='highs'),0,Optimization terminated successfully. (HiGHS Status 7: Optimal),2.8421709430404014e-14,120,1448
12000151,weak_level,Weak persistent level,152,35.488856855638325,0.4960663989989755,1.0676756627800854,1.1392602976506945,True,scipy.optimize.linprog(method='highs'),0,Optimization terminated successfully. (HiGHS Status 7: Optimal),1.4210854715202004e-14,120,1392
12000152,weak_level,Weak persistent level,153,41.71234459535075,0.4065473914948098,1.0622835215731496,1.154627758529321,True,scipy.optimize.linprog(method='highs'),0,Optimization terminated successfully. (HiGHS Status 7: Optimal),1.4210854715202004e-14,120,1444
12000153,weak_level,Weak persistent level,154,28.445664907414876,0.5875692061433431,1.0627737776022386,1.112036306160174,True,scipy.optimize.linprog(method='highs'),0,Optimization terminated successfully. (HiGHS Status 7: Optimal),1.4210854715202004e-14,120,1446
12000154,weak_level,Weak persistent level,155,25.03333496769541,0.6397242531786185,1.0475816143439705,1.1195132573925417,True,scipy.optimize.linprog(method='highs'),0,Optimization terminated successfully. (HiGHS Status 7: Optimal),1.4210854715202004e-14,120,1461
12000155,weak_level,Weak persistent level,156,33.00723499152962,0.5268465237707731,1.0014140823118567,1.086316571432102,True,scipy.optimize.linprog(method='highs'),0,Optimization terminated successfully. (HiGHS Status 7: Optimal),1.4210854715202004e-14,120,1416
12000156,weak_level,Weak persistent level,157,27.880444168261555,0.6024493109894293,1.0174241833097568,1.066920147664831,True,scipy.optimize.linprog(method='highs'),0,Optimization terminated successfully. (HiGHS Status 7: Optimal),1.4210854715202004e-14,120,1439
12000157,weak_level,Weak persistent level,158,19.108305266581585,0.7253944114535028,1.0249214803316549,1.0635046272606563,True,scipy.optimize.linprog(method='highs'),0,Optimization terminated successfully. (HiGHS Status 7: Optimal),2.8421709430404014e-14,120,1432
12000158,weak_level,Weak persistent level,159,38.02893382919373,0.4548279596375625,1.036192414026637,1.0921644714506102,True,scipy.optimize.linprog(method='highs'),0,Optimization terminated successfully. (HiGHS Status 7: Optimal),1.4210854715202004e-14,120,1434
12000159,weak_level,Weak persistent level,160,34.62867336459114,0.5058727689616244,1.02517863373478,1.085547778504535,True,scipy.optimize.linprog(method='highs'),0,Optimization terminated successfully. (HiGHS Status 7: Optimal),1.4210854715202004e-14,120,1425
12000160,weak_level,Weak persistent level,161,22.49575425711867,0.675603638711312,1.038654731586681,1.086113890614166,True,scipy.optimize.linprog(method='highs'),0,Optimization terminated successfully. (HiGHS Status 7: Optimal),1.4210854715202004e-14,120,1414
12000161,weak_level,Weak persistent level,162,27.614278562049694,0.5993425149455955,1.0775781144173002,1.1410721247933089,True,scipy.optimize.linprog(method='highs'),0,Optimization terminated successfully. (HiGHS Status 7: Optimal),1.4210854715202004e-14,120,1426
12000162,weak_level,Weak persistent level,163,29.379798189282887,0.5882431994307964,1.0041574580376584,1.0625765877332134,True,scipy.optimize.linprog(method='highs'),0,Optimization terminated successfully. (HiGHS Status 7: Optimal),1.4210854715202004e-14,120,1450
12000163,weak_level,Weak persistent level,164,22.687633268764717,0.6731887287326197,1.053720282132317,1.1175924661911874,True,scipy.optimize.linprog(method='highs'),0,Optimization terminated successfully. (HiGHS Status 7: Optimal),1.4210854715202004e-14,120,1430
12000164,weak_level,Weak persistent level,165,41.48668160104312,0.4136104232165587,1.029302304242406,1.09756296804857,True,scipy.optimize.linprog(method='highs'),0,Optimization terminated successfully. (HiGHS Status 7: Optimal),1.4210854715202004e-14,120,1484
12000165,weak_level,Weak persistent level,166,34.89531572122413,0.5005225451735993,1.0815037960657583,1.133192673258538,True,scipy.optimize.linprog(method='highs'),0,Optimization terminated successfully. (HiGHS Status 7: Optimal),2.8421709430404014e-14,120,1423
12000166,weak_level,Weak persistent level,167,28.56379793448038,0.588896869294464,1.0373480991801067,1.0911454614088971,True,scipy.optimize.linprog(method='highs'),0,Optimization terminated successfully. (HiGHS Status 7: Optimal),1.4210854715202004e-14,120,1474
12000167,weak_level,Weak persistent level,168,24.689110647547118,0.6498613347602227,0.9931592484214076,1.0248008588531732,True,scipy.optimize.linprog(method='highs'),0,Optimization terminated successfully. (HiGHS Status 7: Optimal),1.4210854715202004e-14,120,1464
12000168,weak_level,Weak persistent level,169,32.74485440609856,0.5236911878773799,1.0643563367109123,1.1845842234158606,True,scipy.optimize.linprog(method='highs'),0,Optimization terminated successfully. (HiGHS Status 7: Optimal),1.4210854715202004e-14,120,1452
12000169,weak_level,Weak persistent level,170,36.44830359037447,0.4924282353414053,1.0100738010677432,1.0754868411272576,True,scipy.optimize.linprog(method='highs'),0,Optimization terminated successfully. (HiGHS Status 7: Optimal),1.4210854715202004e-14,120,1455
12000170,weak_level,Weak persistent level,171,16.114540045944743,0.7633539874620935,1.0580588279975565,1.0898990228368537,True,scipy.optimize.linprog(method='highs'),0,Optimization terminated successfully. (HiGHS Status 7: Optimal),1.4210854715202004e-14,120,1418
12000171,weak_level,Weak persistent level,172,15.732006738512872,0.7763577965767824,1.0219285976395156,1.0335247671142107,True,scipy.optimize.linprog(method='highs'),0,Optimization terminated successfully. (HiGHS Status 7: Optimal),1.4210854715202004e-14,120,1448
12000172,weak_level,Weak persistent level,173,28.441150477365063,0.5960186431210243,1.0129573110128731,1.0473697039979852,True,scipy.optimize.linprog(method='highs'),0,Optimization terminated successfully. (HiGHS Status 7: Optimal),1.4210854715202004e-14,120,1466
12000173,weak_level,Weak persistent level,174,22.295828139321408,0.6816557724706331,0.9949013461161996,1.0282586675668788,True,scipy.optimize.linprog(method='highs'),0,Optimization terminated successfully. (HiGHS Status 7: Optimal),1.4210854715202004e-14,120,1352
12000174,weak_level,Weak persistent level,175,30.583963506324157,0.5676008469800441,1.050596728783985,1.1035429677355346,True,scipy.optimize.linprog(method='highs'),0,Optimization terminated successfully. (HiGHS Status 7: Optimal),1.4210854715202004e-14,120,1477
12000175,weak_level,Weak persistent level,176,27.42969267818443,0.6026357454246701,1.0992726130024804,1.1504953141054135,True,scipy.optimize.linprog(method='highs'),0,Optimization terminated successfully. (HiGHS Status 7: Optimal),1.4210854715202004e-14,120,1431
12000176,weak_level,Weak persistent level,177,26.576056254648908,0.616866033900759,1.0231264658243815,1.0775403207544034,True,scipy.optimize.linprog(method='highs'),0,Optimization terminated successfully. (HiGHS Status 7: Optimal),1.4210854715202004e-14,120,1442
12000177,weak_level,Weak persistent level,178,29.940906288165596,0.5741448572922647,1.0637621804397437,1.112954059880094,True,scipy.optimize.linprog(method='highs'),0,Optimization terminated successfully. (HiGHS Status 7: Optimal),1.4210854715202004e-14,120,1415
12000178,weak_level,Weak persistent level,179,28.780143609674013,0.5908864187777013,0.9911416214735428,1.0623332337510136,True,scipy.optimize.linprog(method='highs'),0,Optimization terminated successfully. (HiGHS Status 7: Optimal),1.4210854715202004e-14,120,1433
12000179,weak_level,Weak persistent level,180,37.31968608917536,0.4743460485345838,1.0198486457816132,1.0929185296070478,True,scipy.optimize.linprog(method='highs'),0,Optimization terminated successfully. (HiGHS Status 7: Optimal),1.4210854715202004e-14,120,1427
12000180,weak_level,Weak persistent level,181,35.628448908459696,0.4933990309293806,0.9939994879051038,1.0648893432866298,True,scipy.optimize.linprog(method='highs'),0,Optimization terminated successfully. (HiGHS Status 7: Optimal),1.4210854715202004e-14,120,1424
12000181,weak_level,Weak persistent level,182,33.84919518815551,0.5133241208554502,1.0165320817228765,1.0778338582793303,True,scipy.optimize.linprog(method='highs'),0,Optimization terminated successfully. (HiGHS Status 7: Optimal),1.4210854715202004e-14,120,1399
12000182,weak_level,Weak persistent level,183,25.034173973534102,0.6419883562750553,1.015406824690828,1.0542333620464428,True,scipy.optimize.linprog(method='highs'),0,Optimization terminated successfully. (HiGHS Status 7: Optimal),1.4210854715202004e-14,120,1428
12000183,weak_level,Weak persistent level,184,41.03048764902847,0.4157744983704778,1.0933798732225293,1.1741965027464585,True,scipy.optimize.linprog(method='highs'),0,Optimization terminated successfully. (HiGHS Status 7: Optimal),1.4210854715202004e-14,120,1444
12000184,weak_level,Weak persistent level,185,21.230031993893384,0.6937032077629876,1.0404369018435728,1.078376565821734,True,scipy.optimize.linprog(method='highs'),0,Optimization terminated successfully. (HiGHS Status 7: Optimal),1.4210854715202004e-14,120,1460
12000185,weak_level,Weak persistent level,186,17.95604125338957,0.7408810383602487,1.0205391502366508,1.0481061323346723,True,scipy.optimize.linprog(method='highs'),0,Optimization terminated successfully. (HiGHS Status 7: Optimal),1.4210854715202004e-14,120,1425
12000186,weak_level,Weak persistent level,187,31.681301906954555,0.55175848974491,1.0189265682659832,1.0581486172036263,True,scipy.optimize.linprog(method='highs'),0,Optimization terminated successfully. (HiGHS Status 7: Optimal),1.4210854715202004e-14,120,1438
12000187,weak_level,Weak persistent level,188,27.21995435157295,0.6096991386793581,1.0286568841471269,1.096658797723491,True,scipy.optimize.linprog(method='highs'),0,Optimization terminated successfully. (HiGHS Status 7: Optimal),1.4210854715202004e-14,120,1476
12000188,weak_level,Weak persistent level,189,17.602446573543972,0.7419632393201535,1.044034616626897,1.08275519733646,True,scipy.optimize.linprog(method='highs'),0,Optimization terminated successfully. (HiGHS Status 7: Optimal),1.4210854715202004e-14,120,1423
12000189,weak_level,Weak persistent level,190,29.949454850134067,0.5740516814646102,1.0229961633843787,1.0870930390049387,True,scipy.optimize.linprog(method='highs'),0,Optimization terminated successfully. (HiGHS Status 7: Optimal),1.4210854715202004e-14,120,1426
12000190,weak_level,Weak persistent level,191,29.393867062375406,0.5854149023937203,1.0442243318441309,1.0881570750113552,True,scipy.optimize.linprog(method='highs'),0,Optimization terminated successfully. (HiGHS Status 7: Optimal),1.4210854715202004e-14,120,1389
12000191,weak_level,Weak persistent level,192,30.777943118535283,0.5688206095779557,0.9945269253569006,1.0493652111763798,True,scipy.optimize.linprog(method='highs'),0,Optimization terminated successfully. (HiGHS Status 7: Optimal),1.4210854715202004e-14,120,1487
12000192,weak_level,Weak persistent level,193,21.30888091231887,0.6974268382518067,0.9836151629527848,1.0257926800835295,True,scipy.optimize.linprog(method='highs'),0,Optimization terminated successfully. (HiGHS Status 7: Optimal),1.4210854715202004e-14,120,1388
12000193,weak_level,Weak persistent level,194,23.159297307651627,0.6725135846344554,1.015104154094011,1.056948166615259,True,scipy.optimize.linprog(method='highs'),0,Optimization terminated successfully. (HiGHS Status 7: Optimal),1.4210854715202004e-14,120,1451
12000194,weak_level,Weak persistent level,195,33.694284653020595,0.5232711562248439,1.025118387202784,1.095881779796129,True,scipy.optimize.linprog(method='highs'),0,Optimization terminated successfully. (HiGHS Status 7: Optimal),1.4210854715202004e-14,120,1412
12000195,weak_level,Weak persistent level,196,17.225210783999422,0.7522028596498503,0.9876631344522512,1.0188657804916186,True,scipy.optimize.linprog(method='highs'),0,Optimization terminated successfully. (HiGHS Status 7: Optimal),1.4210854715202004e-14,120,1474
12000196,weak_level,Weak persistent level,197,18.162358363981348,0.7392667216149906,1.0281061909678624,1.052485070501777,True,scipy.optimize.linprog(method='highs'),0,Optimization terminated successfully. (HiGHS Status 7: Optimal),1.4210854715202004e-14,120,1440
12000197,weak_level,Weak persistent level,198,33.60400891315117,0.5193549959276642,1.0038230039617198,1.0850976925367375,True,scipy.optimize.linprog(method='highs'),0,Optimization terminated successfully. (HiGHS Status 7: Optimal),1.4210854715202004e-14,120,1445
12000198,weak_level,Weak persistent level,199,14.472657180687548,0.7830321569016103,1.0185034679509648,1.0627327568682878,True,scipy.optimize.linprog(method='highs'),0,Optimization terminated successfully. (HiGHS Status 7: Optimal),1.4210854715202004e-14,120,1463
12000199,weak_level,Weak persistent level,200,23.50936398294705,0.648428114713591,1.084720419825667,1.1553215175357183,True,scipy.optimize.linprog(method='highs'),0,Optimization terminated successfully. (HiGHS Status 7: Optimal),1.4210854715202004e-14,120,1435
13000100,heavy_tail_t3,Heavy-tailed t3 residual,101,24.064994417583904,0.6469758112848482,1.5014346546291253,1.5904775464627812,True,scipy.optimize.linprog(method='highs'),0,Optimization terminated successfully. (HiGHS Status 7: Optimal),1.4210854715202004e-14,120,1444
13000101,heavy_tail_t3,Heavy-tailed t3 residual,102,29.811968541699223,0.5570575933915989,1.7382836992171644,1.8858438630402288,True,scipy.optimize.linprog(method='highs'),0,Optimization terminated successfully. (HiGHS Status 7: Optimal),2.8421709430404014e-14,120,1410
13000102,heavy_tail_t3,Heavy-tailed t3 residual,103,17.801520715312,0.753190019273896,1.5813986268159363,1.60642881630095,True,scipy.optimize.linprog(method='highs'),0,Optimization terminated successfully. (HiGHS Status 7: Optimal),1.4210854715202004e-14,120,1444
13000103,heavy_tail_t3,Heavy-tailed t3 residual,104,19.87249944040587,0.7083496623851107,1.5261426256733566,1.5752177920200203,True,scipy.optimize.linprog(method='highs'),0,Optimization terminated successfully. (HiGHS Status 7: Optimal),2.8421709430404014e-14,120,1442
13000104,heavy_tail_t3,Heavy-tailed t3 residual,105,26.491631196001205,0.6197756492902838,1.584828188385351,1.6808191192415105,True,scipy.optimize.linprog(method='highs'),0,Optimization terminated successfully. (HiGHS Status 7: Optimal),1.4210854715202004e-14,120,1419
13000105,heavy_tail_t3,Heavy-tailed t3 residual,106,18.91041346938088,0.7176041677674635,1.512550606422868,1.5747791135484936,True,scipy.optimize.linprog(method='highs'),0,Optimization terminated successfully. (HiGHS Status 7: Optimal),2.8421709430404014e-14,120,1447
13000106,heavy_tail_t3,Heavy-tailed t3 residual,107,34.02210574203465,0.5099225864945054,1.4428419949007978,1.559629697921447,True,scipy.optimize.linprog(method='highs'),0,Optimization terminated successfully. (HiGHS Status 7: Optimal),1.4210854715202004e-14,120,1458
13000107,heavy_tail_t3,Heavy-tailed t3 residual,108,24.540818702314745,0.6379282707660938,1.5664206955600182,1.635978813867695,True,scipy.optimize.linprog(method='highs'),0,Optimization terminated successfully. (HiGHS Status 7: Optimal),1.4210854715202004e-14,120,1437
13000108,heavy_tail_t3,Heavy-tailed t3 residual,109,27.84066764933186,0.5955061381326142,1.525391212696268,1.6408920389682298,True,scipy.optimize.linprog(method='highs'),0,Optimization terminated successfully. (HiGHS Status 7: Optimal),2.8421709430404014e-14,120,1461
13000109,heavy_tail_t3,Heavy-tailed t3 residual,110,23.79658295642446,0.6548225827203282,1.464930648079014,1.5505240188192178,True,scipy.optimize.linprog(method='highs'),0,Optimization terminated successfully. (HiGHS Status 7: Optimal),1.4210854715202004e-14,120,1475
13000110,heavy_tail_t3,Heavy-tailed t3 residual,111,17.57993991830077,0.7422889196059796,1.599417200887924,1.668197287069442,True,scipy.optimize.linprog(method='highs'),0,Optimization terminated successfully. (HiGHS Status 7: Optimal),2.8421709430404014e-14,120,1437
13000111,heavy_tail_t3,Heavy-tailed t3 residual,112,22.0379925730738,0.6783929456751604,1.5130437938363055,1.6053820880934573,True,scipy.optimize.linprog(method='highs'),0,Optimization terminated successfully. (HiGHS Status 7: Optimal),1.4210854715202004e-14,120,1458
13000112,heavy_tail_t3,Heavy-tailed t3 residual,113,30.10802846104149,0.5665633646277028,1.4747042014243492,1.5813305929158816,True,scipy.optimize.linprog(method='highs'),0,Optimization terminated successfully. (HiGHS Status 7: Optimal),1.4210854715202004e-14,120,1421
13000113,heavy_tail_t3,Heavy-tailed t3 residual,114,28.20775872917124,0.5968834739878975,1.4904952465339645,1.5479506870080453,True,scipy.optimize.linprog(method='highs'),0,Optimization terminated successfully. (HiGHS Status 7: Optimal),3.5527136788005016e-14,120,1413
13000114,heavy_tail_t3,Heavy-tailed t3 residual,115,26.14405112888543,0.6293295702740174,1.578899894128135,1.664260914477797,True,scipy.optimize.linprog(method='highs'),0,Optimization terminated successfully. (HiGHS Status 7: Optimal),1.4210854715202004e-14,120,1417
13000115,heavy_tail_t3,Heavy-tailed t3 residual,116,23.09782005500361,0.6558786630782364,1.4232390906128147,1.5195049232686106,True,scipy.optimize.linprog(method='highs'),0,Optimization terminated successfully. (HiGHS Status 7: Optimal),1.4210854715202004e-14,120,1413
13000116,heavy_tail_t3,Heavy-tailed t3 residual,117,25.87370380069216,0.6291280756104161,1.3587935495481658,1.4252239675204152,True,scipy.optimize.linprog(method='highs'),0,Optimization terminated successfully. (HiGHS Status 7: Optimal),2.8421709430404014e-14,120,1403
13000117,heavy_tail_t3,Heavy-tailed t3 residual,118,25.91263107801088,0.6230792539923602,1.5007807802766613,1.5775107902922283,True,scipy.optimize.linprog(method='highs'),0,Optimization terminated successfully. (HiGHS Status 7: Optimal),1.4210854715202004e-14,120,1437
13000118,heavy_tail_t3,Heavy-tailed t3 residual,119,14.736153100275502,0.7742347804287709,1.5403566691604007,1.591045054969872,True,scipy.optimize.linprog(method='highs'),0,Optimization terminated successfully. (HiGHS Status 7: Optimal),1.4210854715202004e-14,120,1420
13000119,heavy_tail_t3,Heavy-tailed t3 residual,120,3.9800362394162647,0.93958823578348,1.4067643749943866,1.4133542881457557,True,scipy.optimize.linprog(method='highs'),0,Optimization terminated successfully. (HiGHS Status 7: Optimal),1.4210854715202004e-14,120,1480
13000120,heavy_tail_t3,Heavy-tailed t3 residual,121,23.535951508384606,0.6637694262051145,1.5298836295143143,1.6095433795787089,True,scipy.optimize.linprog(method='highs'),0,Optimization terminated successfully. (HiGHS Status 7: Optimal),1.4210854715202004e-14,120,1412
13000121,heavy_tail_t3,Heavy-tailed t3 residual,122,7.757856448995443,0.874070608106629,1.549090659861025,1.58032488438914,True,scipy.optimize.linprog(method='highs'),0,Optimization terminated successfully. (HiGHS Status 7: Optimal),2.8421709430404014e-14,120,1449
13000122,heavy_tail_t3,Heavy-tailed t3 residual,123,16.68636044959161,0.7406776128987276,1.6625584755758602,1.7406476101199833,True,scipy.optimize.linprog(method='highs'),0,Optimization terminated successfully. (HiGHS Status 7: Optimal),1.4210854715202004e-14,120,1460
13000123,heavy_tail_t3,Heavy-tailed t3 residual,124,27.402037363970887,0.5980819096235176,1.5943939217406444,1.697760774066433,True,scipy.optimize.linprog(method='highs'),0,Optimization terminated successfully. (HiGHS Status 7: Optimal),2.8421709430404014e-14,120,1397
13000124,heavy_tail_t3,Heavy-tailed t3 residual,125,12.570842964075526,0.8139397944733593,1.4011181266792794,1.4257314281806337,True,scipy.optimize.linprog(method='highs'),0,Optimization terminated successfully. (HiGHS Status 7: Optimal),1.4210854715202004e-14,120,1512
13000125,heavy_tail_t3,Heavy-tailed t3 residual,126,25.12989681644604,0.638274186137126,1.4685520311452809,1.5275676109708485,True,scipy.optimize.linprog(method='highs'),0,Optimization terminated successfully. (HiGHS Status 7: Optimal),1.4210854715202004e-14,120,1452
13000126,heavy_tail_t3,Heavy-tailed t3 residual,127,20.65119959836673,0.7044819481326611,1.5641880352357598,1.602330357291249,True,scipy.optimize.linprog(method='highs'),0,Optimization terminated successfully. (HiGHS Status 7: Optimal),1.4210854715202004e-14,120,1442
13000127,heavy_tail_t3,Heavy-tailed t3 residual,128,23.05924137398938,0.6616699504452843,1.593192648990534,1.6512163134840476,True,scipy.optimize.linprog(method='highs'),0,Optimization terminated successfully. (HiGHS Status 7: Optimal),1.4210854715202004e-14,120,1431
13000128,heavy_tail_t3,Heavy-tailed t3 residual,129,19.270921746229043,0.7251197293868715,1.4909808721002884,1.5519421704688212,True,scipy.optimize.linprog(method='highs'),0,Optimization terminated successfully. (HiGHS Status 7: Optimal),1.4210854715202004e-14,120,1420
13000129,heavy_tail_t3,Heavy-tailed t3 residual,130,30.60848274243376,0.55359227675448,1.467140097096103,1.544518793627219,True,scipy.optimize.linprog(method='highs'),0,Optimization terminated successfully. (HiGHS Status 7: Optimal),2.8421709430404014e-14,120,1470
13000130,heavy_tail_t3,Heavy-tailed t3 residual,131,17.505566323128093,0.7361368847190497,1.4721274125586337,1.5529460175783545,True,scipy.optimize.linprog(method='highs'),0,Optimization terminated successfully. (HiGHS Status 7: Optimal),2.131628207280301e-14,120,1439
13000131,heavy_tail_t3,Heavy-tailed t3 residual,132,29.403619911435648,0.5726690137383463,1.5602296156692137,1.6785306015252928,True,scipy.optimize.linprog(method='highs'),0,Optimization terminated successfully. (HiGHS Status 7: Optimal),1.4210854715202004e-14,120,1389
13000132,heavy_tail_t3,Heavy-tailed t3 residual,133,20.10023640055915,0.705534471348371,1.4838374595740558,1.5546557033709236,True,scipy.optimize.linprog(method='highs'),0,Optimization terminated successfully. (HiGHS Status 7: Optimal),1.4210854715202004e-14,120,1459
13000133,heavy_tail_t3,Heavy-tailed t3 residual,134,12.078387974450765,0.8233251863179751,1.5428794423488588,1.5685192421256158,True,scipy.optimize.linprog(method='highs'),0,Optimization terminated successfully. (HiGHS Status 7: Optimal),2.8421709430404014e-14,120,1454
13000134,heavy_tail_t3,Heavy-tailed t3 residual,135,25.51546408406199,0.6222385148020215,1.3606702098770511,1.4281872675426674,True,scipy.optimize.linprog(method='highs'),0,Optimization terminated successfully. (HiGHS Status 7: Optimal),1.4210854715202004e-14,120,1464
13000135,heavy_tail_t3,Heavy-tailed t3 residual,136,15.50245847011312,0.7779960661484645,1.3974253911928318,1.4249395677979986,True,scipy.optimize.linprog(method='highs'),0,Optimization terminated successfully. (HiGHS Status 7: Optimal),1.4210854715202004e-14,120,1478
13000136,heavy_tail_t3,Heavy-tailed t3 residual,137,36.98167236253537,0.4641188923371391,1.4477649358833964,1.578990945062974,True,scipy.optimize.linprog(method='highs'),0,Optimization terminated successfully. (HiGHS Status 7: Optimal),1.4210854715202004e-14,120,1421
13000137,heavy_tail_t3,Heavy-tailed t3 residual,138,20.619276649634397,0.7031197206084077,1.4847658611359251,1.5247039681110233,True,scipy.optimize.linprog(method='highs'),0,Optimization terminated successfully. (HiGHS Status 7: Optimal),1.4210854715202004e-14,120,1404
13000138,heavy_tail_t3,Heavy-tailed t3 residual,139,22.53527890805849,0.6634521707414497,1.6553180107823575,1.7093316630319155,True,scipy.optimize.linprog(method='highs'),0,Optimization terminated successfully. (HiGHS Status 7: Optimal),1.4210854715202004e-14,120,1426
13000139,heavy_tail_t3,Heavy-tailed t3 residual,140,16.897673845097735,0.733878675703924,1.571116316298794,1.6416253153738205,True,scipy.optimize.linprog(method='highs'),0,Optimization terminated successfully. (HiGHS Status 7: Optimal),1.4210854715202004e-14,120,1441
13000140,heavy_tail_t3,Heavy-tailed t3 residual,141,14.27993924800441,0.7788110128851207,1.5437249327831308,1.6138861058401923,True,scipy.optimize.linprog(method='highs'),0,Optimization terminated successfully. (HiGHS Status 7: Optimal),1.4210854715202004e-14,120,1457
13000141,heavy_tail_t3,Heavy-tailed t3 residual,142,23.094526237393687,0.6672237438389067,1.3282089138835058,1.3846860371524763,True,scipy.optimize.linprog(method='highs'),0,Optimization terminated successfully. (HiGHS Status 7: Optimal),1.4210854715202004e-14,120,1415
13000142,heavy_tail_t3,Heavy-tailed t3 residual,143,22.58080729160703,0.6630168167329689,1.5036453025534264,1.5830076710841556,True,scipy.optimize.linprog(method='highs'),0,Optimization terminated successfully. (HiGHS Status 7: Optimal),1.4210854715202004e-14,120,1411
13000143,heavy_tail_t3,Heavy-tailed t3 residual,144,29.40266513378336,0.5737987945274607,1.4158207169397412,1.5474023995403727,True,scipy.optimize.linprog(method='highs'),0,Optimization terminated successfully. (HiGHS Status 7: Optimal),2.8421709430404014e-14,120,1491
13000144,heavy_tail_t3,Heavy-tailed t3 residual,145,32.56214961104771,0.5365750463685,1.476850936506951,1.602198354277122,True,scipy.optimize.linprog(method='highs'),0,Optimization terminated successfully. (HiGHS Status 7: Optimal),1.4210854715202004e-14,120,1433
13000145,heavy_tail_t3,Heavy-tailed t3 residual,146,23.106855966733875,0.660568570030443,1.395575006867755,1.458691281652091,True,scipy.optimize.linprog(method='highs'),0,Optimization terminated successfully. (HiGHS Status 7: Optimal),2.8421709430404014e-14,120,1442
13000146,heavy_tail_t3,Heavy-tailed t3 residual,147,18.257202236061936,0.7293659037077269,1.4826107470753265,1.5185417763809697,True,scipy.optimize.linprog(method='highs'),0,Optimization terminated successfully. (HiGHS Status 7: Optimal),1.4210854715202004e-14,120,1480
13000147,heavy_tail_t3,Heavy-tailed t3 residual,148,24.206875544802077,0.6531321716970867,1.3679403447536516,1.4587050305776317,True,scipy.optimize.linprog(method='highs'),0,Optimization terminated successfully. (HiGHS Status 7: Optimal),1.4210854715202004e-14,120,1439
13000148,heavy_tail_t3,Heavy-tailed t3 residual,149,20.754177644957014,0.7035273856331881,1.360632895164545,1.4063111601478004,True,scipy.optimize.linprog(method='highs'),0,Optimization terminated successfully. (HiGHS Status 7: Optimal),1.4210854715202004e-14,120,1434
13000149,heavy_tail_t3,Heavy-tailed t3 residual,150,22.886193695570057,0.66998517581391,1.454639927301799,1.516179160232395,True,scipy.optimize.linprog(method='highs'),0,Optimization terminated successfully. (HiGHS Status 7: Optimal),1.4210854715202004e-14,120,1439
13000150,heavy_tail_t3,Heavy-tailed t3 residual,151,15.645644619667628,0.7686118107025457,1.386234803351286,1.4143831770172075,True,scipy.optimize.linprog(method='highs'),0,Optimization terminated successfully. (HiGHS Status 7: Optimal),1.4210854715202004e-14,120,1397
13000151,heavy_tail_t3,Heavy-tailed t3 residual,152,19.5722892989713,0.7081031370079656,1.4996226047865886,1.5683667816038214,True,scipy.optimize.linprog(method='highs'),0,Optimization terminated successfully. (HiGHS Status 7: Optimal),1.4210854715202004e-14,120,1431
13000152,heavy_tail_t3,Heavy-tailed t3 residual,153,17.904608235509897,0.7403299450006439,1.4777878406984832,1.5363258235788686,True,scipy.optimize.linprog(method='highs'),0,Optimization terminated successfully. (HiGHS Status 7: Optimal),1.4210854715202004e-14,120,1421
13000153,heavy_tail_t3,Heavy-tailed t3 residual,154,33.51756047250798,0.5271826226216109,1.4071793107763708,1.5037050639092862,True,scipy.optimize.linprog(method='highs'),0,Optimization terminated successfully. (HiGHS Status 7: Optimal),1.4210854715202004e-14,120,1407
13000154,heavy_tail_t3,Heavy-tailed t3 residual,155,19.31056492673138,0.7146343557405721,1.5575361387421944,1.609656272907923,True,scipy.optimize.linprog(method='highs'),0,Optimization terminated successfully. (HiGHS Status 7: Optimal),1.4210854715202004e-14,120,1445
13000155,heavy_tail_t3,Heavy-tailed t3 residual,156,17.850104966711452,0.7342144406265478,1.6297729596883368,1.69385851256551,True,scipy.optimize.linprog(method='highs'),0,Optimization terminated successfully. (HiGHS Status 7: Optimal),1.4210854715202004e-14,120,1416
13000156,heavy_tail_t3,Heavy-tailed t3 residual,157,16.119855851537455,0.7450952830436364,1.5368221517831495,1.6414586895943344,True,scipy.optimize.linprog(method='highs'),0,Optimization terminated successfully. (HiGHS Status 7: Optimal),2.8421709430404014e-14,120,1381
13000157,heavy_tail_t3,Heavy-tailed t3 residual,158,24.667784901780934,0.658199036822514,1.437480878282574,1.5163523366456402,True,scipy.optimize.linprog(method='highs'),0,Optimization terminated successfully. (HiGHS Status 7: Optimal),1.4210854715202004e-14,120,1437
13000158,heavy_tail_t3,Heavy-tailed t3 residual,159,26.507668044422893,0.6094281302124334,1.5303763135366744,1.6266246665577335,True,scipy.optimize.linprog(method='highs'),0,Optimization terminated successfully. (HiGHS Status 7: Optimal),2.8421709430404014e-14,120,1493
13000159,heavy_tail_t3,Heavy-tailed t3 residual,160,15.459241988943296,0.7655687470294831,1.6764372297560894,1.7312031137816557,True,scipy.optimize.linprog(method='highs'),0,Optimization terminated successfully. (HiGHS Status 7: Optimal),1.4210854715202004e-14,120,1483
13000160,heavy_tail_t3,Heavy-tailed t3 residual,161,14.164010408082843,0.7911164538988465,1.3694847930182816,1.411127275102192,True,scipy.optimize.linprog(method='highs'),0,Optimization terminated successfully. (HiGHS Status 7: Optimal),1.4210854715202004e-14,120,1422
13000161,heavy_tail_t3,Heavy-tailed t3 residual,162,17.252906938401793,0.7524453772839259,1.5552156464342095,1.605200677059966,True,scipy.optimize.linprog(method='highs'),0,Optimization terminated successfully. (HiGHS Status 7: Optimal),1.4210854715202004e-14,120,1390
13000162,heavy_tail_t3,Heavy-tailed t3 residual,163,16.948172070093925,0.7460542612333434,1.4797241984083382,1.5249777966316775,True,scipy.optimize.linprog(method='highs'),0,Optimization terminated successfully. (HiGHS Status 7: Optimal),1.4210854715202004e-14,120,1458
13000163,heavy_tail_t3,Heavy-tailed t3 residual,164,25.318456692541336,0.6334270305033641,1.3929023275819004,1.4738219458309552,True,scipy.optimize.linprog(method='highs'),0,Optimization terminated successfully. (HiGHS Status 7: Optimal),2.8421709430404014e-14,120,1451
13000164,heavy_tail_t3,Heavy-tailed t3 residual,165,18.93750914801892,0.7145441282234151,1.5302256229535791,1.615672515531242,True,scipy.optimize.linprog(method='highs'),0,Optimization terminated successfully. (HiGHS Status 7: Optimal),1.4210854715202004e-14,120,1473
13000165,heavy_tail_t3,Heavy-tailed t3 residual,166,18.17706660415037,0.7218656837277947,1.6917610475100022,1.7491094064652513,True,scipy.optimize.linprog(method='highs'),0,Optimization terminated successfully. (HiGHS Status 7: Optimal),2.8421709430404014e-14,120,1492
13000166,heavy_tail_t3,Heavy-tailed t3 residual,167,19.64529960409201,0.7092096482021468,1.457812121970925,1.508851613515571,True,scipy.optimize.linprog(method='highs'),0,Optimization terminated successfully. (HiGHS Status 7: Optimal),1.4210854715202004e-14,120,1437
13000167,heavy_tail_t3,Heavy-tailed t3 residual,168,19.30802058176085,0.7171651529628015,1.391840484665852,1.4338570268488504,True,scipy.optimize.linprog(method='highs'),0,Optimization terminated successfully. (HiGHS Status 7: Optimal),1.4210854715202004e-14,120,1432
13000168,heavy_tail_t3,Heavy-tailed t3 residual,169,30.002359887366,0.563266052684465,1.6370833297074443,1.735320666068579,True,scipy.optimize.linprog(method='highs'),0,Optimization terminated successfully. (HiGHS Status 7: Optimal),1.4210854715202004e-14,120,1403
13000169,heavy_tail_t3,Heavy-tailed t3 residual,170,18.293339016738244,0.7286948569115286,1.5416696345069836,1.5955937661713795,True,scipy.optimize.linprog(method='highs'),0,Optimization terminated successfully. (HiGHS Status 7: Optimal),1.4210854715202004e-14,120,1465
13000170,heavy_tail_t3,Heavy-tailed t3 residual,171,30.78430080080636,0.5525505023104574,1.705708917461133,1.8138157923365124,True,scipy.optimize.linprog(method='highs'),0,Optimization terminated successfully. (HiGHS Status 7: Optimal),1.4210854715202004e-14,120,1485
13000171,heavy_tail_t3,Heavy-tailed t3 residual,172,23.799029134024863,0.638337411068288,1.5796999943294128,1.6525577301158545,True,scipy.optimize.linprog(method='highs'),0,Optimization terminated successfully. (HiGHS Status 7: Optimal),1.4210854715202004e-14,120,1435
13000172,heavy_tail_t3,Heavy-tailed t3 residual,173,23.492430814938785,0.6682718149399636,1.4263819053818734,1.5011946250174586,True,scipy.optimize.linprog(method='highs'),0,Optimization terminated successfully. (HiGHS Status 7: Optimal),2.8421709430404014e-14,120,1453
13000173,heavy_tail_t3,Heavy-tailed t3 residual,174,18.605078261199964,0.7279912012564487,1.4979674479552718,1.5769742492730618,True,scipy.optimize.linprog(method='highs'),0,Optimization terminated successfully. (HiGHS Status 7: Optimal),2.8421709430404014e-14,120,1398
13000174,heavy_tail_t3,Heavy-tailed t3 residual,175,18.100872114260696,0.7324366842875549,1.4932302236580908,1.5346198533988098,True,scipy.optimize.linprog(method='highs'),0,Optimization terminated successfully. (HiGHS Status 7: Optimal),1.4210854715202004e-14,120,1448
13000175,heavy_tail_t3,Heavy-tailed t3 residual,176,16.584484841549028,0.7571995411854815,1.4158309771201858,1.4753716962543129,True,scipy.optimize.linprog(method='highs'),0,Optimization terminated successfully. (HiGHS Status 7: Optimal),1.4210854715202004e-14,120,1412
13000176,heavy_tail_t3,Heavy-tailed t3 residual,177,34.47433678990381,0.4994079170500008,1.5423153386288615,1.6511295403513813,True,scipy.optimize.linprog(method='highs'),0,Optimization terminated successfully. (HiGHS Status 7: Optimal),1.4210854715202004e-14,120,1427
13000177,heavy_tail_t3,Heavy-tailed t3 residual,178,39.82622259741345,0.4302053743257826,1.5702979147194442,1.7099835449820606,True,scipy.optimize.linprog(method='highs'),0,Optimization terminated successfully. (HiGHS Status 7: Optimal),1.4210854715202004e-14,120,1444
13000178,heavy_tail_t3,Heavy-tailed t3 residual,179,19.27002631004685,0.7183150467834194,1.349343154073703,1.4105638820653674,True,scipy.optimize.linprog(method='highs'),0,Optimization terminated successfully. (HiGHS Status 7: Optimal),1.4210854715202004e-14,120,1436
13000179,heavy_tail_t3,Heavy-tailed t3 residual,180,29.784548766146465,0.5790335899287574,1.4276825702244784,1.5799446278930749,True,scipy.optimize.linprog(method='highs'),0,Optimization terminated successfully. (HiGHS Status 7: Optimal),1.4210854715202004e-14,120,1462
13000180,heavy_tail_t3,Heavy-tailed t3 residual,181,35.0198202450962,0.5023480796085714,1.4608524434119623,1.5812534985994704,True,scipy.optimize.linprog(method='highs'),0,Optimization terminated successfully. (HiGHS Status 7: Optimal),2.8421709430404014e-14,120,1410
13000181,heavy_tail_t3,Heavy-tailed t3 residual,182,31.24980520774321,0.559167331757177,1.7215612282153412,1.8075248858955877,True,scipy.optimize.linprog(method='highs'),0,Optimization terminated successfully. (HiGHS Status 7: Optimal),1.4210854715202004e-14,120,1458
13000182,heavy_tail_t3,Heavy-tailed t3 residual,183,27.450133642235663,0.5956631034299261,1.670822823021798,1.7808083225734632,True,scipy.optimize.linprog(method='highs'),0,Optimization terminated successfully. (HiGHS Status 7: Optimal),2.8421709430404014e-14,120,1443
13000183,heavy_tail_t3,Heavy-tailed t3 residual,184,24.65007323918621,0.6434252120528755,1.5211287941010343,1.585381987679824,True,scipy.optimize.linprog(method='highs'),0,Optimization terminated successfully. (HiGHS Status 7: Optimal),1.4210854715202004e-14,120,1421
13000184,heavy_tail_t3,Heavy-tailed t3 residual,185,16.68150348707251,0.7527018257531608,1.392853140920084,1.4498277897847365,True,scipy.optimize.linprog(method='highs'),0,Optimization terminated successfully. (HiGHS Status 7: Optimal),2.131628207280301e-14,120,1442
13000185,heavy_tail_t3,Heavy-tailed t3 residual,186,28.08187095802649,0.5905599265640036,1.5516878524110989,1.659657924560805,True,scipy.optimize.linprog(method='highs'),0,Optimization terminated successfully. (HiGHS Status 7: Optimal),1.4210854715202004e-14,120,1419
13000186,heavy_tail_t3,Heavy-tailed t3 residual,187,21.84248704726353,0.6664326972039261,1.580263053121676,1.6748629810498694,True,scipy.optimize.linprog(method='highs'),0,Optimization terminated successfully. (HiGHS Status 7: Optimal),2.8421709430404014e-14,120,1456
13000187,heavy_tail_t3,Heavy-tailed t3 residual,188,24.43725512290926,0.6397041987222202,1.5390589173626903,1.611015805461545,True,scipy.optimize.linprog(method='highs'),0,Optimization terminated successfully. (HiGHS Status 7: Optimal),1.4210854715202004e-14,120,1463
13000188,heavy_tail_t3,Heavy-tailed t3 residual,189,31.07002366429224,0.5571425858423962,1.4657737650714535,1.558018712703059,True,scipy.optimize.linprog(method='highs'),0,Optimization terminated successfully. (HiGHS Status 7: Optimal),1.4210854715202004e-14,120,1420
13000189,heavy_tail_t3,Heavy-tailed t3 residual,190,24.847637222835388,0.6376083671954761,1.6070009340848197,1.6945969498108728,True,scipy.optimize.linprog(method='highs'),0,Optimization terminated successfully. (HiGHS Status 7: Optimal),1.4210854715202004e-14,120,1374
13000190,heavy_tail_t3,Heavy-tailed t3 residual,191,20.52900221230812,0.7018560457874694,1.4309141120559363,1.4976440446212271,True,scipy.optimize.linprog(method='highs'),0,Optimization terminated successfully. (HiGHS Status 7: Optimal),1.4210854715202004e-14,120,1456
13000191,heavy_tail_t3,Heavy-tailed t3 residual,192,22.31556982944988,0.6772730661135768,1.4269671955684462,1.490125480537917,True,scipy.optimize.linprog(method='highs'),0,Optimization terminated successfully. (HiGHS Status 7: Optimal),1.4210854715202004e-14,120,1480
13000192,heavy_tail_t3,Heavy-tailed t3 residual,193,22.872883921144485,0.6684308593672595,1.5662295431067268,1.6227835114185156,True,scipy.optimize.linprog(method='highs'),0,Optimization terminated successfully. (HiGHS Status 7: Optimal),1.4210854715202004e-14,120,1468
13000193,heavy_tail_t3,Heavy-tailed t3 residual,194,21.052340540091297,0.6930410032248421,1.531980043836236,1.5659661954371824,True,scipy.optimize.linprog(method='highs'),0,Optimization terminated successfully. (HiGHS Status 7: Optimal),2.8421709430404014e-14,120,1435
13000194,heavy_tail_t3,Heavy-tailed t3 residual,195,21.512222441826918,0.6844304371965321,1.4029661488951777,1.483836765829216,True,scipy.optimize.linprog(method='highs'),0,Optimization terminated successfully. (HiGHS Status 7: Optimal),1.4210854715202004e-14,120,1428
13000195,heavy_tail_t3,Heavy-tailed t3 residual,196,26.18328456640356,0.6230116405147369,1.43605602993871,1.4958505976398246,True,scipy.optimize.linprog(method='highs'),0,Optimization terminated successfully. (HiGHS Status 7: Optimal),1.4210854715202004e-14,120,1435
13000196,heavy_tail_t3,Heavy-tailed t3 residual,197,26.129287178448635,0.6321606134634942,1.6419466954926676,1.7155325926744094,True,scipy.optimize.linprog(method='highs'),0,Optimization terminated successfully. (HiGHS Status 7: Optimal),1.4210854715202004e-14,120,1438
13000197,heavy_tail_t3,Heavy-tailed t3 residual,198,14.797995611957504,0.765282621642404,1.3588882764770462,1.41387717019499,True,scipy.optimize.linprog(method='highs'),0,Optimization terminated successfully. (HiGHS Status 7: Optimal),1.4210854715202004e-14,120,1459
13000198,heavy_tail_t3,Heavy-tailed t3 residual,199,20.43645741380193,0.6984072917901445,1.4749488234517387,1.5445016255140465,True,scipy.optimize.linprog(method='highs'),0,Optimization terminated successfully. (HiGHS Status 7: Optimal),1.4210854715202004e-14,120,1403
13000199,heavy_tail_t3,Heavy-tailed t3 residual,200,21.4164743643745,0.6846907711610669,1.48622048044942,1.5480566216009584,True,scipy.optimize.linprog(method='highs'),0,Optimization terminated successfully. (HiGHS Status 7: Optimal),4.263256414560601e-14,120,1450
