flagged_percent,later_low_observations_captured,any_later_low_stays_captured,hospital_deaths_captured
0.0082904990880451,4.5770779934090074e-05,0.00017482517482517483,0.0
0.0165809981760902,9.154155986818015e-05,0.00034965034965034965,0.0
0.0248714972641353,0.0003661662394727206,0.0005244755244755245,0.0008517887563884157
0.0331619963521804,0.0008238740388136214,0.0006993006993006993,0.0008517887563884157
0.0414524954402255,0.001281581838154522,0.0008741258741258741,0.0008517887563884157
0.0497429945282706,0.0013273526180886122,0.001048951048951049,0.0008517887563884157
0.058033493616315705,0.0013273526180886122,0.001048951048951049,0.0008517887563884157
0.0663239927043608,0.0015104357378249726,0.0012237762237762239,0.0017035775127768314
0.0746144917924059,0.0015104357378249726,0.0012237762237762239,0.0017035775127768314
0.082904990880451,0.0020596850970340534,0.0013986013986013986,0.002555366269165247
0.09119548996849611,0.0020596850970340534,0.0013986013986013986,0.002555366269165247
0.0994859890565412,0.002471622116440864,0.0015734265734265735,0.002555366269165247
0.1077764881445863,0.0026547052361772243,0.0017482517482517483,0.0034071550255536627
0.11606698723263141,0.0026547052361772243,0.0017482517482517483,0.0034071550255536627
0.1243574863206765,0.0026547052361772243,0.0017482517482517483,0.0034071550255536627
0.1326479854087216,0.0026547052361772243,0.0017482517482517483,0.0034071550255536627
0.1409384844967667,0.0027004760161113144,0.0019230769230769232,0.0034071550255536627
0.1492289835848118,0.0032497253753203956,0.002097902097902098,0.0034071550255536627
0.1575194826728569,0.0032954961552544857,0.0022727272727272726,0.0034071550255536627
0.165809981760902,0.0037074331746612963,0.0024475524475524478,0.0034071550255536627
0.1741004808489471,0.004485536433540827,0.0026223776223776225,0.0034071550255536627
0.18239097993699221,0.0045313072134749175,0.002797202797202797,0.0034071550255536627
0.19068147902503732,0.0045313072134749175,0.002797202797202797,0.0034071550255536627
0.1989719781130824,0.004989015012815818,0.002972027972027972,0.0034071550255536627
0.2072624772011275,0.004989015012815818,0.002972027972027972,0.0034071550255536627
0.2155529762891726,0.005080556572683998,0.003146853146853147,0.004258943781942078
0.22384347537721772,0.005400952032222629,0.003321678321678322,0.004258943781942078
0.23213397446526282,0.005492493592090809,0.0034965034965034965,0.005110732538330494
0.2404244735533079,0.005492493592090809,0.0034965034965034965,0.005110732538330494
0.248714972641353,0.005629805931893079,0.0036713286713286712,0.005110732538330494
0.2570054717293981,0.006224826071036251,0.0038461538461538464,0.005110732538330494
0.2652959708174432,0.006316367630904431,0.004020979020979021,0.005110732538330494
0.2735864699054883,0.006636763090443061,0.004195804195804196,0.005110732538330494
0.2818769689935334,0.006865616990113512,0.004370629370629371,0.005110732538330494
0.2901674680815785,0.007048700109849872,0.004545454545454545,0.005110732538330494
0.2984579671696236,0.007277554009520322,0.00472027972027972,0.00596252129471891
0.3067484662576687,0.007781032588795313,0.0048951048951048955,0.00596252129471891
0.3150389653457138,0.007781032588795313,0.0048951048951048955,0.00596252129471891
0.32332946443375893,0.007872574148663493,0.00506993006993007,0.0068143100511073255
0.331619963521804,0.007872574148663493,0.00506993006993007,0.0068143100511073255
0.33991046260984914,0.008009886488465763,0.005244755244755245,0.0068143100511073255
0.3482009616978942,0.008925302087147565,0.005419580419580419,0.0068143100511073255
0.3564914607859393,0.009383009886488465,0.005594405594405594,0.007666098807495741
0.36478195987398443,0.009428780666422555,0.0057692307692307696,0.008517887563884156
0.3730724589620295,0.009611863786158916,0.005944055944055944,0.009369676320272573
0.38136295805007464,0.010069571585499816,0.006118881118881119,0.009369676320272573
0.3896534571381197,0.010069571585499816,0.006118881118881119,0.009369676320272573
0.3979439562261648,0.010527279384840717,0.006293706293706294,0.009369676320272573
0.40623445531420993,0.010893445624313438,0.006468531468531468,0.009369676320272573
0.414524954402255,0.011030757964115708,0.006643356643356644,0.009369676320272573
0.42281545349030014,0.011076528744049798,0.006818181818181818,0.009369676320272573
0.4311059525783452,0.011213841083852068,0.006993006993006993,0.009369676320272573
0.4393964516663903,0.011442694983522518,0.007167832167832168,0.010221465076660987
0.44768695075443543,0.01180886122299524,0.0073426573426573424,0.010221465076660987
0.4559774498424805,0.012083485902599781,0.007517482517482518,0.010221465076660987
0.46426794893052564,0.012175027462467961,0.007692307692307693,0.010221465076660987
0.4725584480185707,0.012312339802270231,0.007867132867132868,0.011073253833049404
0.4808489471066158,0.012358110582204321,0.008041958041958041,0.01192504258943782
0.48913944619466093,0.012358110582204321,0.008041958041958041,0.01192504258943782
0.497429945282706,0.012403881362138412,0.008216783216783216,0.01192504258943782
0.5057204443707511,0.012724276821677042,0.008391608391608392,0.01192504258943782
0.5140109434587962,0.012724276821677042,0.008391608391608392,0.012776831345826235
0.5223014425468413,0.013227755400952033,0.008566433566433567,0.012776831345826235
0.5305919416348864,0.013365067740754303,0.008741258741258742,0.012776831345826235
0.5388824407229316,0.013365067740754303,0.008741258741258742,0.012776831345826235
0.5471729398109766,0.013502380080556573,0.008916083916083915,0.012776831345826235
0.5554634388990217,0.013502380080556573,0.008916083916083915,0.012776831345826235
0.5637539379870669,0.013777004760161114,0.00909090909090909,0.012776831345826235
0.5720444370751119,0.014143170999633834,0.009265734265734266,0.012776831345826235
0.580334936163157,0.014143170999633834,0.009265734265734266,0.012776831345826235
0.5886254352512021,0.014280483339436104,0.00944055944055944,0.012776831345826235
0.5969159343392472,0.014417795679238374,0.009615384615384616,0.013628620102214651
0.6052064334272923,0.014463566459172465,0.009790209790209791,0.014480408858603067
0.6134969325153374,0.014555108019040645,0.009965034965034964,0.015332197614991482
0.6217874316033826,0.014967045038447455,0.01013986013986014,0.015332197614991482
0.6300779306914276,0.015378982057854266,0.010314685314685315,0.015332197614991482
0.6383684297794727,0.015424752837788356,0.01048951048951049,0.015332197614991482
0.6466589288675179,0.015836689857195167,0.010664335664335665,0.015332197614991482
0.6549494279555629,0.016569022336140608,0.010839160839160839,0.016183986371379896
0.663239927043608,0.016843647015745148,0.011013986013986014,0.017035775127768313
0.6715304261316531,0.01720981325521787,0.011188811188811189,0.01788756388415673
0.6798209252196983,0.01725558403515196,0.011363636363636364,0.018739352640545145
0.6881114243077433,0.01757597949469059,0.011538461538461539,0.018739352640545145
0.6964019233957884,0.01771329183449286,0.011713286713286713,0.018739352640545145
0.7046924224838336,0.01803368729403149,0.011888111888111888,0.018739352640545145
0.7129829215718786,0.01853716587330648,0.012062937062937063,0.019591141396933562
0.7212734206599237,0.01853716587330648,0.012062937062937063,0.019591141396933562
0.7295639197479689,0.01867447821310875,0.012237762237762238,0.020442930153321975
0.7378544188360139,0.01894910289271329,0.012412587412587413,0.020442930153321975
0.746144917924059,0.01917795679238374,0.012587412587412588,0.020442930153321975
0.7544354170121041,0.019681435371658732,0.012762237762237762,0.020442930153321975
0.7627259161001493,0.019681435371658732,0.012762237762237762,0.020442930153321975
0.7710164151881943,0.019681435371658732,0.012762237762237762,0.020442930153321975
0.7793069142762394,0.020047601611131453,0.012937062937062937,0.020442930153321975
0.7875974133642846,0.020367997070670083,0.013111888111888112,0.02129471890971039
0.7958879124523296,0.020459538630538263,0.013286713286713287,0.02129471890971039
0.8041784115403747,0.020779934090076894,0.013461538461538462,0.02129471890971039
0.8124689106284199,0.021237641889417794,0.013636363636363636,0.02129471890971039
0.8207594097164649,0.021420725009154155,0.01381118881118881,0.022146507666098807
0.82904990880451,0.021832662028560965,0.013986013986013986,0.022146507666098807
0.8373404078925551,0.021969974368363236,0.014160839160839161,0.022998296422487224
0.8456309069806003,0.022381911387770046,0.014335664335664336,0.022998296422487224
0.8539214060686453,0.023205785426583667,0.01451048951048951,0.022998296422487224
0.8622119051566904,0.0235261808861223,0.014685314685314685,0.022998296422487224
0.8705024042447356,0.02366349322592457,0.01486013986013986,0.022998296422487224
0.8787929033327806,0.023983888685463202,0.015034965034965035,0.022998296422487224
0.8870834024208257,0.024258513365067742,0.01520979020979021,0.02385008517887564
0.8953739015088709,0.024350054924935922,0.015384615384615385,0.02385008517887564
0.9036644005969159,0.024441596484804103,0.015559440559440559,0.02385008517887564
0.911954899684961,0.024578908824606373,0.015734265734265736,0.02385008517887564
0.9202453987730062,0.024761991944342733,0.015909090909090907,0.024701873935264053
0.9285358978610513,0.025265470523617724,0.016083916083916083,0.02555366269165247
0.9368263969490963,0.025357012083485904,0.016258741258741258,0.02555366269165247
0.9451168960371414,0.025448553643354084,0.016433566433566433,0.026405451448040886
0.9534073951251866,0.025997803002563165,0.016608391608391608,0.027257240204429302
0.9616978942132316,0.025997803002563165,0.016608391608391608,0.027257240204429302
0.9699883933012767,0.026363969242035885,0.016783216783216783,0.027257240204429302
0.9782788923893219,0.026730135481508606,0.01695804195804196,0.027257240204429302
0.9865693914773669,0.027142072500915417,0.017132867132867134,0.028109028960817718
0.994859890565412,0.027325155620651777,0.01730769230769231,0.028960817717206135
1.003150389653457,0.027737092640058587,0.017482517482517484,0.028960817717206135
1.0114408887415023,0.028057488099597218,0.01765734265734266,0.028960817717206135
1.0197313878295473,0.02888136213841084,0.01783216783216783,0.029812606473594547
1.0280218869175923,0.02901867447821311,0.018006993006993006,0.029812606473594547
1.0363123860056376,0.02956792383742219,0.01818181818181818,0.029812606473594547
1.0446028850936826,0.02956792383742219,0.01818181818181818,0.029812606473594547
1.0528933841817278,0.02956792383742219,0.01818181818181818,0.029812606473594547
1.0611838832697729,0.02988831929696082,0.018356643356643356,0.029812606473594547
1.0694743823578179,0.0304375686561699,0.01853146853146853,0.029812606473594547
1.0777648814458631,0.03048333943610399,0.018706293706293706,0.029812606473594547
1.0860553805339082,0.03048333943610399,0.018706293706293706,0.029812606473594547
1.0943458796219532,0.03062065177590626,0.01888111888111888,0.029812606473594547
1.1026363787099984,0.030986818015378982,0.019055944055944057,0.029812606473594547
1.1109268777980434,0.031078359575247162,0.019230769230769232,0.029812606473594547
1.1192173768860885,0.03126144269498352,0.019405594405594407,0.029812606473594547
1.1275078759741337,0.03126144269498352,0.019405594405594407,0.029812606473594547
1.1357983750621787,0.03139875503478579,0.019580419580419582,0.029812606473594547
1.1440888741502238,0.0318106920541926,0.019755244755244754,0.029812606473594547
1.152379373238269,0.031948004393994874,0.01993006993006993,0.029812606473594547
1.160669872326314,0.032268399853533504,0.020104895104895104,0.030664395229982964
1.168960371414359,0.032588795313072134,0.02027972027972028,0.03151618398637138
1.1772508705024043,0.032680336872940315,0.020454545454545454,0.03236797274275979
1.1855413695904493,0.032771878432808495,0.02062937062937063,0.03236797274275979
1.1938318686784943,0.033321127792017576,0.020804195804195805,0.03321976149914821
1.2021223677665396,0.033321127792017576,0.020804195804195805,0.03321976149914821
1.2104128668545846,0.033458440131819846,0.02097902097902098,0.03321976149914821
1.2187033659426298,0.033595752471622116,0.021153846153846155,0.03321976149914821
1.2269938650306749,0.0341450018308312,0.02132867132867133,0.03321976149914821
1.23528436411872,0.03428231417063347,0.021503496503496502,0.03321976149914821
1.2435748632067651,0.03437385573050165,0.021678321678321677,0.03321976149914821
1.2518653622948102,0.03455693885023801,0.021853146853146852,0.03321976149914821
1.2601558613828552,0.03483156352984255,0.022027972027972027,0.03321976149914821
1.2684463604709004,0.03528927132918345,0.022202797202797202,0.03321976149914821
1.2767368595589454,0.0355181252288539,0.022377622377622378,0.034071550255536626
1.2850273586469905,0.03565543756865617,0.022552447552447553,0.034071550255536626
1.2933178577350357,0.03570120834859026,0.022727272727272728,0.03492333901192504
1.3016083568230807,0.03588429146832662,0.022902097902097903,0.03492333901192504
1.3098988559111258,0.03620468692786525,0.023076923076923078,0.03492333901192504
1.318189354999171,0.03638777004760161,0.023251748251748253,0.03577512776831346
1.326479854087216,0.03652508238740388,0.023426573426573425,0.03577512776831346
1.334770353175261,0.03684547784694251,0.0236013986013986,0.036626916524701875
1.3430608522633063,0.03698279018674478,0.023776223776223775,0.036626916524701875
1.3513513513513513,0.03739472720615159,0.02395104895104895,0.036626916524701875
1.3596418504393966,0.03776089344562431,0.024125874125874126,0.036626916524701875
1.3679323495274416,0.03789820578542658,0.0243006993006993,0.036626916524701875
1.3762228486154866,0.038996704503844744,0.024475524475524476,0.036626916524701875
1.3845133477035318,0.039454412303185644,0.02465034965034965,0.036626916524701875
1.3928038467915769,0.039637495422922005,0.024825174825174826,0.03747870528109029
1.401094345879622,0.039729036982790185,0.025,0.03747870528109029
1.4093848449676671,0.040369827901867446,0.025174825174825177,0.03747870528109029
1.4176753440557122,0.040415598681801536,0.025349650349650348,0.03833049403747871
1.4259658431437572,0.04096484804101062,0.025524475524475523,0.03833049403747871
1.4342563422318024,0.04101061882094471,0.0256993006993007,0.03833049403747871
1.4425468413198475,0.04169718051995606,0.025874125874125874,0.03833049403747871
1.4508373404078925,0.04247528377883559,0.02604895104895105,0.039182282793867124
1.4591278394959377,0.04279567923837422,0.026223776223776224,0.039182282793867124
1.4674183385839827,0.04339069937751739,0.0263986013986014,0.039182282793867124
1.4757088376720278,0.04348224093738557,0.026573426573426574,0.039182282793867124
1.483999336760073,0.04348224093738557,0.026573426573426574,0.039182282793867124
1.492289835848118,0.04371109483705602,0.02674825174825175,0.04003407155025554
1.500580334936163,0.04393994873672647,0.026923076923076925,0.04003407155025554
1.5088708340242083,0.04398571951666056,0.027097902097902096,0.04003407155025554
1.5171613331122533,0.04412303185646283,0.02727272727272727,0.04088586030664395
1.5254518322002986,0.04453496887586964,0.027447552447552447,0.04088586030664395
1.5337423312883436,0.04453496887586964,0.027447552447552447,0.04088586030664395
1.5420328303763886,0.04453496887586964,0.027447552447552447,0.04088586030664395
1.5503233294644339,0.04458073965580373,0.02762237762237762,0.04088586030664395
1.5586138285524789,0.04458073965580373,0.02762237762237762,0.04088586030664395
1.566904327640524,0.04462651043573782,0.027797202797202797,0.04088586030664395
1.5751948267285691,0.04462651043573782,0.027797202797202797,0.04088586030664395
1.5834853258166142,0.0451757597949469,0.027972027972027972,0.04088586030664395
1.5917758249046592,0.045725009154155984,0.028146853146853147,0.04088586030664395
1.6000663239927044,0.045816550714024164,0.028321678321678322,0.04088586030664395
1.6083568230807495,0.046136946173562794,0.028496503496503497,0.041737649063032366
1.6166473221687945,0.046686195532771875,0.028671328671328673,0.041737649063032366
1.6249378212568397,0.04700659099231051,0.028846153846153848,0.041737649063032366
1.6332283203448847,0.0470523617722446,0.02902097902097902,0.041737649063032366
1.6415188194329298,0.04709813255217869,0.029195804195804195,0.04258943781942078
1.649809318520975,0.04714390333211278,0.02937062937062937,0.04258943781942078
1.65809981760902,0.04741852801171732,0.029545454545454545,0.04258943781942078
1.666390316697065,0.04760161113145368,0.02972027972027972,0.0434412265758092
1.6746808157851103,0.04764738191138777,0.029895104895104895,0.0434412265758092
1.6829713148731553,0.047738923471255953,0.03006993006993007,0.044293015332197615
1.6912618139612006,0.047922006590992314,0.030244755244755245,0.044293015332197615
1.6995523130492456,0.048242402050530944,0.03041958041958042,0.04514480408858603
1.7078428121372906,0.048333943610399124,0.030594405594405596,0.04514480408858603
1.7161333112253359,0.048745880629805935,0.03076923076923077,0.04514480408858603
1.7244238103133809,0.048928963749542295,0.030944055944055943,0.04599659284497445
1.732714309401426,0.048974734529476385,0.031118881118881118,0.04599659284497445
1.7410048084894711,0.049203588429146836,0.03129370629370629,0.04599659284497445
1.7492953075775162,0.049478213108751376,0.03146853146853147,0.04599659284497445
1.7575858066655612,0.049569754668619556,0.03164335664335664,0.04599659284497445
1.7658763057536064,0.04993592090809228,0.031818181818181815,0.04599659284497445
1.7741668048416515,0.05043939948736727,0.031993006993006994,0.04599659284497445
1.7824573039296965,0.05089710728670817,0.032167832167832165,0.04599659284497445
1.7907478030177417,0.05103441962651044,0.032342657342657344,0.04599659284497445
1.7990383021057867,0.05117173196631271,0.032517482517482516,0.04599659284497445
1.8073288011938318,0.05176675210545588,0.032692307692307694,0.046848381601362864
1.815619300281877,0.05194983522519224,0.032867132867132866,0.046848381601362864
1.823909799369922,0.05236177224459905,0.033041958041958044,0.046848381601362864
1.8322002984579673,0.05240754302453314,0.033216783216783216,0.046848381601362864
1.8404907975460123,0.05295679238374222,0.033391608391608395,0.046848381601362864
1.8487812966340573,0.05359758330281948,0.033566433566433566,0.046848381601362864
1.8570717957221026,0.05359758330281948,0.033566433566433566,0.046848381601362864
1.8653622948101476,0.05405529110216038,0.03374125874125874,0.046848381601362864
1.8736527938981926,0.0544214573416331,0.03391608391608392,0.046848381601362864
1.8819432929862379,0.054696082021237644,0.03409090909090909,0.04770017035775128
1.8902337920742829,0.054833394361039914,0.03426573426573427,0.04770017035775128
1.898524291162328,0.055016477480776274,0.03444055944055944,0.04770017035775128
1.9068147902503731,0.055108019040644454,0.03461538461538462,0.04770017035775128
1.9151052893384182,0.055611497619919445,0.03479020979020979,0.04770017035775128
1.9233957884264632,0.055657268399853535,0.03496503496503497,0.04770017035775128
1.9316862875145084,0.056023434639326256,0.03513986013986014,0.04770017035775128
1.9399767866025535,0.056252288538996706,0.03531468531468532,0.04770017035775128
1.9482672856905985,0.056481142438667156,0.03548951048951049,0.04770017035775128
1.9565577847786437,0.056481142438667156,0.03548951048951049,0.04770017035775128
1.9648482838666887,0.056526913218601246,0.03566433566433566,0.04770017035775128
1.9731387829547338,0.056526913218601246,0.03566433566433566,0.04770017035775128
1.981429282042779,0.056618454778469426,0.03583916083916084,0.04770017035775128
1.989719781130824,0.05712193335774442,0.03601398601398601,0.04770017035775128
1.9980102802188693,0.05712193335774442,0.03601398601398601,0.04770017035775128
2.006300779306914,0.05712193335774442,0.03601398601398601,0.04770017035775128
2.0145912783949593,0.0576711827169535,0.03618881118881119,0.04770017035775128
2.0228817774830046,0.05771695349688759,0.03636363636363636,0.04770017035775128
2.0311722765710494,0.05803734895642622,0.03653846153846154,0.048551959114139696
2.0394627756590946,0.05840351519589894,0.03671328671328671,0.048551959114139696
2.04775327474714,0.0585865983156353,0.03688811188811189,0.049403747870528106
2.0560437738351847,0.05890699377517393,0.03706293706293706,0.049403747870528106
2.06433427292323,0.05936470157451483,0.03723776223776224,0.05025553662691652
2.072624772011275,0.05936470157451483,0.03723776223776224,0.05110732538330494
2.0809152710993204,0.0595020139143171,0.03741258741258741,0.05110732538330494
2.089205770187365,0.06050897107286708,0.037587412587412584,0.05110732538330494
2.0974962692754104,0.06055474185280117,0.03776223776223776,0.05110732538330494
2.1057867683634557,0.06055474185280117,0.03776223776223776,0.05110732538330494
2.1140772674515005,0.06096667887220798,0.037937062937062935,0.05110732538330494
2.1223677665395457,0.06128707433174661,0.03811188811188811,0.05110732538330494
2.130658265627591,0.061470157451482973,0.038286713286713285,0.05110732538330494
2.1389487647156358,0.061699011351153424,0.038461538461538464,0.051959114139693355
2.147239263803681,0.062156719150494324,0.038636363636363635,0.051959114139693355
2.1555297628917263,0.06261442694983523,0.038811188811188814,0.051959114139693355
2.163820261979771,0.06302636396924204,0.038986013986013986,0.051959114139693355
2.1721107610678163,0.06343830098864885,0.039160839160839164,0.051959114139693355
2.1804012601558616,0.06380446722812157,0.039335664335664336,0.051959114139693355
2.1886917592439064,0.06394177956792384,0.03951048951048951,0.051959114139693355
2.1969822583319516,0.0641248626876602,0.039685314685314686,0.051959114139693355
2.205272757419997,0.06444525814719883,0.03986013986013986,0.051959114139693355
2.2135632565080416,0.06444525814719883,0.03986013986013986,0.051959114139693355
2.221853755596087,0.06444525814719883,0.03986013986013986,0.05281090289608177
2.230144254684132,0.06471988282680337,0.04003496503496504,0.05281090289608177
2.238434753772177,0.06494873672647382,0.04020979020979021,0.05366269165247019
2.246725252860222,0.06494873672647382,0.04020979020979021,0.05366269165247019
2.2550157519482674,0.06522336140607836,0.04038461538461539,0.05366269165247019
2.2633062510363122,0.06531490296594654,0.04055944055944056,0.05366269165247019
2.2715967501243575,0.06531490296594654,0.04055944055944056,0.05366269165247019
2.2798872492124027,0.06531490296594654,0.04055944055944056,0.054514480408858604
2.2881777483004475,0.06563529842548517,0.04073426573426574,0.05536626916524702
2.2964682473884928,0.06590992310508971,0.04090909090909091,0.05536626916524702
2.304758746476538,0.06600146466495789,0.04108391608391608,0.05536626916524702
2.313049245564583,0.06623031856462834,0.04125874125874126,0.05536626916524702
2.321339744652628,0.06819846210179421,0.04143356643356643,0.056218057921635436
2.3296302437406733,0.06819846210179421,0.04143356643356643,0.05706984667802385
2.337920742828718,0.0682442328817283,0.04160839160839161,0.05792163543441227
2.3462112419167633,0.0682900036616624,0.04178321678321678,0.05792163543441227
2.3545017410048086,0.06861039912120102,0.04195804195804196,0.05792163543441227
2.3627922400928534,0.06888502380080556,0.04213286713286713,0.05792163543441227
2.3710827391808986,0.06938850238008056,0.04230769230769231,0.05792163543441227
2.379373238268944,0.0696631270596851,0.04248251748251748,0.05792163543441227
2.3876637373569887,0.06993775173928964,0.04265734265734266,0.05792163543441227
2.395954236445034,0.07016660563896009,0.04283216783216783,0.05877342419080068
2.404244735533079,0.0705785426583669,0.043006993006993004,0.059625212947189095
2.4125352346211244,0.07062431343830099,0.04318181818181818,0.06047700170357751
2.420825733709169,0.07112779201757598,0.043356643356643354,0.06047700170357751
2.4291162327972144,0.07135664591724643,0.04353146853146853,0.06047700170357751
2.4374067318852597,0.0714939582570487,0.043706293706293704,0.06132879045996593
2.4456972309733045,0.07199743683632369,0.04388111888111888,0.06132879045996593
2.4539877300613497,0.0724093738557305,0.044055944055944055,0.062180579216354344
2.462278229149395,0.0728670816550714,0.04423076923076923,0.062180579216354344
2.47056872823744,0.07337056023434639,0.044405594405594405,0.062180579216354344
2.478859227325485,0.07387403881362138,0.044580419580419584,0.062180579216354344
2.4871497264135303,0.07428597583302819,0.044755244755244755,0.062180579216354344
2.495440225501575,0.07478945441230318,0.04493006993006993,0.062180579216354344
2.5037307245896203,0.07538447455144635,0.045104895104895106,0.062180579216354344
2.5120212236776656,0.07639143170999634,0.04527972027972028,0.062180579216354344
2.5203117227657104,0.0765745148297327,0.045454545454545456,0.062180579216354344
2.5286022218537556,0.07707799340900769,0.04562937062937063,0.06303236797274275
2.536892720941801,0.07730684730867814,0.045804195804195806,0.06388415672913117
2.5451832200298456,0.0779476382277554,0.04597902097902098,0.06388415672913117
2.553473719117891,0.07813072134749176,0.046153846153846156,0.06473594548551959
2.561764218205936,0.0784053460270963,0.04632867132867133,0.06473594548551959
2.570054717293981,0.07863419992676675,0.04650349650349651,0.065587734241908
2.578345216382026,0.07863419992676675,0.04650349650349651,0.065587734241908
2.5866357154700714,0.07895459538630538,0.04667832167832168,0.065587734241908
2.5949262145581162,0.07922922006590992,0.04685314685314685,0.065587734241908
2.6032167136461615,0.0793207616257781,0.04702797202797203,0.065587734241908
2.6115072127342067,0.07959538630538264,0.0472027972027972,0.065587734241908
2.6197977118222515,0.079778469425119,0.04737762237762238,0.06643952299829642
2.6280882109102968,0.08000732332478945,0.04755244755244755,0.06643952299829642
2.636378709998342,0.08055657268399853,0.04772727272727273,0.06643952299829642
2.644669209086387,0.08092273892347125,0.0479020979020979,0.06643952299829642
2.652959708174432,0.0811515928231417,0.04807692307692308,0.06643952299829642
2.6612502072624773,0.08165507140241669,0.04825174825174825,0.06643952299829642
2.669540706350522,0.08165507140241669,0.04825174825174825,0.06729131175468483
2.6778312054385673,0.08188392530208714,0.04842657342657343,0.06729131175468483
2.6861217045266126,0.08192969608202123,0.0486013986013986,0.06729131175468483
2.6944122036146574,0.0821127792017576,0.04877622377622377,0.06729131175468483
2.7027027027027026,0.08261625778103258,0.04895104895104895,0.06729131175468483
2.710993201790748,0.08311973636030758,0.049125874125874124,0.06729131175468483
2.719283700878793,0.08316550714024167,0.0493006993006993,0.06814310051107325
2.727574199966838,0.08357744415964848,0.049475524475524474,0.06899488926746167
2.735864699054883,0.08357744415964848,0.049475524475524474,0.06899488926746167
2.7441551981429284,0.08371475649945075,0.04965034965034965,0.06899488926746167
2.752445697230973,0.08385206883925302,0.049825174825174824,0.06899488926746167
2.7607361963190185,0.08398938117905529,0.05,0.06984667802385008
2.7690266954070637,0.08458440131819846,0.050174825174825174,0.0706984667802385
2.7773171944951085,0.08463017209813255,0.05034965034965035,0.0706984667802385
2.7856076935831537,0.08472171365800073,0.050524475524475525,0.0706984667802385
2.793898192671199,0.08504210911753936,0.050699300699300696,0.0706984667802385
2.802188691759244,0.08508787989747345,0.050874125874125875,0.0706984667802385
2.810479190847289,0.08508787989747345,0.050874125874125875,0.0706984667802385
2.8187696899353343,0.08559135847674844,0.05104895104895105,0.0706984667802385
2.827060189023379,0.08572867081655071,0.051223776223776225,0.0706984667802385
2.8353506881114243,0.08609483705602343,0.0513986013986014,0.0706984667802385
2.8436411871994696,0.08609483705602343,0.0513986013986014,0.0706984667802385
2.8519316862875144,0.0862321493958257,0.051573426573426576,0.0706984667802385
2.8602221853755596,0.08682716953496887,0.05174825174825175,0.07155025553662692
2.868512684463605,0.08687294031490296,0.051923076923076926,0.07240204429301533
2.8768031835516497,0.08701025265470523,0.0520979020979021,0.07240204429301533
2.885093682639695,0.08705602343463932,0.05227272727272727,0.07240204429301533
2.89338418172774,0.08742218967411204,0.05244755244755245,0.07240204429301533
2.901674680815785,0.08765104357378249,0.05262237762237762,0.07240204429301533
2.90996517990383,0.08792566825338703,0.0527972027972028,0.07240204429301533
2.9182556789918754,0.08792566825338703,0.0527972027972028,0.07325383304940375
2.9265461780799202,0.08801720981325521,0.05297202797202797,0.07410562180579217
2.9348366771679655,0.08810875137312339,0.05314685314685315,0.07410562180579217
2.9431271762560107,0.08833760527279384,0.05332167832167832,0.07410562180579217
2.9514176753440555,0.08870377151226656,0.0534965034965035,0.07410562180579217
2.9597081744321008,0.08906993775173928,0.05367132867132867,0.07410562180579217
2.967998673520146,0.0894818747711461,0.05384615384615385,0.07410562180579217
2.976289172608191,0.08952764555108018,0.05402097902097902,0.07410562180579217
2.984579671696236,0.0898938117905529,0.05419580419580419,0.07410562180579217
2.9928701707842813,0.0898938117905529,0.05419580419580419,0.07410562180579217
3.001160669872326,0.09021420725009154,0.05437062937062937,0.07410562180579217
3.0094511689603713,0.0903515195898938,0.05454545454545454,0.07495741056218058
3.0177416680484166,0.0903972903698279,0.05472027972027972,0.075809199318569
3.026032167136462,0.0903972903698279,0.05472027972027972,0.075809199318569
3.0343226662245066,0.09090076894910289,0.05489510489510489,0.075809199318569
3.042613165312552,0.09103808128890516,0.05506993006993007,0.07666098807495741
3.050903664400597,0.09158733064811424,0.05524475524475524,0.07666098807495741
3.059194163488642,0.09158733064811424,0.05524475524475524,0.07666098807495741
3.067484662576687,0.09167887220798242,0.05541958041958042,0.07666098807495741
3.0757751616647324,0.09241120468692786,0.055594405594405594,0.07666098807495741
3.084065660752777,0.09250274624679604,0.05576923076923077,0.07666098807495741
3.0923561598408225,0.0926858293665324,0.055944055944055944,0.07751277683134583
3.1006466589288677,0.09300622482607103,0.056118881118881116,0.07751277683134583
3.1089371580169125,0.09300622482607103,0.056118881118881116,0.07751277683134583
3.1172276571049577,0.09341816184547784,0.056293706293706294,0.07751277683134583
3.125518156193003,0.09373855730501647,0.056468531468531466,0.07836456558773425
3.133808655281048,0.09401318198462102,0.056643356643356645,0.07836456558773425
3.142099154369093,0.09447088978396193,0.056818181818181816,0.07836456558773425
3.1503896534571383,0.0945624313438301,0.056993006993006995,0.07921635434412266
3.158680152545183,0.09497436836323692,0.05716783216783217,0.07921635434412266
3.1669706516332283,0.09543207616257782,0.057342657342657345,0.08006814310051108
3.1752611507212736,0.09634749176125962,0.05751748251748252,0.08006814310051108
3.1835516498093184,0.09662211644086416,0.057692307692307696,0.08006814310051108
3.1918421488973636,0.09662211644086416,0.057692307692307696,0.08006814310051108
3.200132647985409,0.0968967411204687,0.05786713286713287,0.08006814310051108
3.2084231470734537,0.09703405346027097,0.05804195804195804,0.08006814310051108
3.216713646161499,0.09721713658000733,0.05821678321678322,0.08006814310051108
3.225004145249544,0.0982698645184914,0.05839160839160839,0.08091993185689948
3.233294644337589,0.09881911387770048,0.05856643356643357,0.08091993185689948
3.241585143425634,0.09909373855730502,0.05874125874125874,0.08091993185689948
3.2498756425136794,0.0991852801171732,0.05891608391608392,0.08091993185689948
3.2581661416017242,0.0996429879165141,0.05909090909090909,0.08091993185689948
3.2664566406897695,0.09978030025631637,0.05926573426573427,0.08091993185689948
3.2747471397778147,0.09987184181618455,0.05944055944055944,0.08091993185689948
3.2830376388658595,0.09987184181618455,0.05944055944055944,0.08091993185689948
3.2913281379539048,0.10037532039545954,0.05961538461538462,0.08091993185689948
3.29961863704195,0.10042109117539363,0.05979020979020979,0.08091993185689948
3.307909136129995,0.10060417429513,0.05996503496503496,0.08091993185689948
3.31619963521804,0.10064994507506408,0.06013986013986014,0.08091993185689948
3.3244901343060853,0.10110765287440499,0.06031468531468531,0.08091993185689948
3.33278063339413,0.10129073599414135,0.06048951048951049,0.08091993185689948
3.3410711324821754,0.10142804833394362,0.06066433566433566,0.08091993185689948
3.3493616315702206,0.10156536067374589,0.06083916083916084,0.08091993185689948
3.357652130658266,0.10188575613328452,0.06101398601398601,0.08091993185689948
3.3659426297463106,0.10225192237275724,0.06118881118881119,0.08091993185689948
3.374233128834356,0.10284694251190041,0.06136363636363636,0.08091993185689948
3.382523627922401,0.10330465031124131,0.06153846153846154,0.08091993185689948
3.390814127010446,0.10348773343097767,0.061713286713286714,0.0817717206132879
3.399104626098491,0.10371658733064812,0.061888111888111885,0.0817717206132879
3.4073951251865364,0.10394544123031857,0.062062937062937064,0.0817717206132879
3.4156856242745812,0.10422006590992311,0.062237762237762236,0.0817717206132879
3.4239761233626265,0.10449469058952765,0.062412587412587414,0.0817717206132879
3.4322666224506717,0.10499816916880264,0.06258741258741259,0.0817717206132879
3.4405571215387165,0.10499816916880264,0.06258741258741259,0.0817717206132879
3.4488476206267618,0.10536433540827536,0.06276223776223776,0.0817717206132879
3.457138119714807,0.10554741852801172,0.06293706293706294,0.0817717206132879
3.465428618802852,0.10582204320761626,0.06311188811188811,0.0817717206132879
3.473719117890897,0.10582204320761626,0.06311188811188811,0.0817717206132879
3.4820096169789423,0.10614243866715489,0.06328671328671329,0.0817717206132879
3.490300116066987,0.10618820944708898,0.06346153846153846,0.0817717206132879
3.4985906151550323,0.1066001464664958,0.06363636363636363,0.0817717206132879
3.5068811142430776,0.10678322958623215,0.06381118881118882,0.0817717206132879
3.5151716133311224,0.10728670816550714,0.06398601398601399,0.08262350936967632
3.5234621124191676,0.10728670816550714,0.06398601398601399,0.08262350936967632
3.531752611507213,0.10783595752471622,0.06416083916083916,0.08262350936967632
3.5400431105952577,0.10824789454412304,0.06433566433566433,0.08262350936967632
3.548333609683303,0.10824789454412304,0.06433566433566433,0.08262350936967632
3.556624108771348,0.10824789454412304,0.06433566433566433,0.08262350936967632
3.564914607859393,0.10833943610399122,0.06451048951048952,0.08262350936967632
3.573205106947438,0.10865983156352985,0.06468531468531469,0.08262350936967632
3.5814956060354834,0.10879714390333212,0.06486013986013986,0.08262350936967632
3.5897861051235282,0.10952947638227756,0.06503496503496503,0.08347529812606473
3.5980766042115735,0.10952947638227756,0.06503496503496503,0.08432708688245315
3.6063671032996187,0.10984987184181619,0.06520979020979022,0.08432708688245315
3.6146576023876635,0.10984987184181619,0.06520979020979022,0.08432708688245315
3.622948101475709,0.11039912120102527,0.06538461538461539,0.08432708688245315
3.631238600563754,0.1107195166605639,0.06555944055944056,0.08432708688245315
3.639529099651799,0.11076528744049799,0.06573426573426573,0.08432708688245315
3.647819598739844,0.11076528744049799,0.06573426573426573,0.08517887563884156
3.6561100978278893,0.11076528744049799,0.06573426573426573,0.08603066439522998
3.6644005969159346,0.11099414134016844,0.0659090909090909,0.0868824531516184
3.6726910960039794,0.11145184913950934,0.06608391608391609,0.0868824531516184
3.6809815950920246,0.11168070303917979,0.06625874125874126,0.0868824531516184
3.68927209418007,0.11172647381911388,0.06643356643356643,0.0868824531516184
3.6975625932681147,0.11218418161845478,0.0666083916083916,0.0868824531516184
3.70585309235616,0.1125503478579275,0.06678321678321679,0.0868824531516184
3.714143591444205,0.11273343097766386,0.06695804195804196,0.08773424190800681
3.72243409053225,0.11296228487733431,0.06713286713286713,0.08858603066439523
3.730724589620295,0.11337422189674112,0.0673076923076923,0.08858603066439523
3.7390150887083404,0.1134657634566093,0.06748251748251748,0.08858603066439523
3.7473055877963852,0.11369461735627975,0.06765734265734266,0.08858603066439523
3.7555960868844305,0.11415232515562065,0.06783216783216783,0.08858603066439523
3.7638865859724757,0.11451849139509337,0.068006993006993,0.08858603066439523
3.7721770850605205,0.11456426217502746,0.06818181818181818,0.08858603066439523
3.7804675841485658,0.11465580373489564,0.06835664335664336,0.08858603066439523
3.788758083236611,0.11506774075430246,0.06853146853146853,0.08858603066439523
3.797048582324656,0.11552544855364336,0.0687062937062937,0.08943781942078365
3.805339081412701,0.11552544855364336,0.0687062937062937,0.08943781942078365
3.8136295805007463,0.11589161479311608,0.06888111888111888,0.08943781942078365
3.821920079588791,0.11621201025265471,0.06905594405594405,0.08943781942078365
3.8302105786768363,0.1167154888319297,0.06923076923076923,0.08943781942078365
3.8385010777648816,0.1167154888319297,0.06923076923076923,0.08943781942078365
3.8467915768529264,0.11694434273160015,0.0694055944055944,0.08943781942078365
3.8550820759409716,0.11731050897107287,0.06958041958041958,0.09028960817717206
3.863372575029017,0.11731050897107287,0.06958041958041958,0.09114139693356048
3.8716630741170617,0.11758513365067741,0.06975524475524475,0.0919931856899489
3.879953573205107,0.11758513365067741,0.06975524475524475,0.0919931856899489
3.888244072293152,0.11790552911021604,0.06993006993006994,0.09284497444633731
3.896534571381197,0.11804284145001831,0.0701048951048951,0.09284497444633731
3.904825070469242,0.1180886122299524,0.07027972027972028,0.09284497444633731
3.9131155695572875,0.1185463200292933,0.07045454545454545,0.09284497444633731
3.9214060686453323,0.11914134016843647,0.07062937062937064,0.09284497444633731
3.9296965677333775,0.11937019406810692,0.07080419580419581,0.09369676320272573
3.9379870668214227,0.11964481874771146,0.07097902097902098,0.09369676320272573
3.9462775659094675,0.12005675576711827,0.07115384615384615,0.09369676320272573
3.954568064997513,0.12028560966678872,0.07132867132867132,0.09369676320272573
3.962858564085558,0.12142987916514097,0.07150349650349651,0.09369676320272573
3.971149063173603,0.12152142072500915,0.07167832167832168,0.09369676320272573
3.979439562261648,0.12152142072500915,0.07167832167832168,0.09369676320272573
3.9877300613496933,0.1217502746246796,0.07185314685314685,0.09369676320272573
3.9960205604377386,0.12216221164408642,0.07202797202797202,0.09369676320272573
4.004311059525784,0.12229952398388869,0.07220279720279721,0.09369676320272573
4.012601558613828,0.12275723178322959,0.07237762237762238,0.09369676320272573
4.020892057701873,0.12294031490296595,0.07255244755244755,0.09454855195911414
4.029182556789919,0.12303185646283413,0.07272727272727272,0.09454855195911414
4.037473055877964,0.12344379348224094,0.0729020979020979,0.09454855195911414
4.045763554966009,0.12417612596118638,0.07307692307692308,0.09454855195911414
4.054054054054054,0.12431343830098865,0.07325174825174825,0.09454855195911414
4.062344553142099,0.12472537532039546,0.07342657342657342,0.09454855195911414
4.070635052230144,0.12495422922006591,0.0736013986013986,0.09454855195911414
4.078925551318189,0.1250457707799341,0.07377622377622378,0.09540034071550256
4.0872160504062345,0.12509154155986818,0.07395104895104895,0.09540034071550256
4.09550654949428,0.12564079091907726,0.07412587412587412,0.09540034071550256
4.103797048582325,0.1259611863786159,0.0743006993006993,0.09625212947189098
4.112087547670369,0.12609849871841816,0.07447552447552448,0.09625212947189098
4.120378046758415,0.12609849871841816,0.07447552447552448,0.09625212947189098
4.12866854584646,0.12623581105822043,0.07465034965034965,0.09625212947189098
4.136959044934505,0.1263273526180886,0.07482517482517483,0.09625212947189098
4.14524954402255,0.12646466495789088,0.075,0.09625212947189098
4.1535400431105955,0.1272427682167704,0.07517482517482517,0.09710391822827939
4.161830542198641,0.1272885389967045,0.07534965034965035,0.09710391822827939
4.170121041286685,0.12738008055657268,0.07552447552447553,0.09710391822827939
4.17841154037473,0.12738008055657268,0.07552447552447553,0.09795570698466781
4.186702039462776,0.12742585133650677,0.0756993006993007,0.09795570698466781
4.194992538550821,0.1277920175759795,0.07587412587412587,0.09795570698466781
4.203283037638866,0.12783778835591358,0.07604895104895106,0.09880749574105621
4.211573536726911,0.12806664225558403,0.07622377622377623,0.09880749574105621
4.219864035814956,0.12829549615525448,0.0763986013986014,0.09880749574105621
4.228154534903001,0.12875320395459539,0.07657342657342657,0.09880749574105621
4.236445033991046,0.12884474551446357,0.07674825174825174,0.09965928449744463
4.2447355330790915,0.1291193701940681,0.07692307692307693,0.09965928449744463
4.253026032167137,0.12980593189307946,0.0770979020979021,0.10051107325383304
4.261316531255182,0.12998901501281582,0.07727272727272727,0.10051107325383304
4.269607030343226,0.1300347857927499,0.07744755244755244,0.10051107325383304
4.2778975294312716,0.13044672281215672,0.07762237762237763,0.10051107325383304
4.286188028519317,0.1304924935920908,0.0777972027972028,0.10051107325383304
4.294478527607362,0.13081288905162944,0.07797202797202797,0.10051107325383304
4.302769026695407,0.13090443061149762,0.07814685314685314,0.10051107325383304
4.3110595257834525,0.13136213841083852,0.07832167832167833,0.10051107325383304
4.319350024871497,0.13172830465031124,0.0784965034965035,0.10051107325383304
4.327640523959542,0.1319571585499817,0.07867132867132867,0.10051107325383304
4.335931023047587,0.1323233247894544,0.07884615384615384,0.10051107325383304
4.344221522135633,0.1327810325887953,0.07902097902097902,0.10051107325383304
4.352512021223678,0.1328268033687294,0.0791958041958042,0.10051107325383304
4.360802520311723,0.1332387403881362,0.07937062937062937,0.10051107325383304
4.3690930193997675,0.1332845111680703,0.07954545454545454,0.10051107325383304
4.377383518487813,0.13351336506774075,0.07972027972027972,0.10136286201022146
4.385674017575858,0.13351336506774075,0.07972027972027972,0.10136286201022146
4.393964516663903,0.1336964481874771,0.0798951048951049,0.10136286201022146
4.402255015751948,0.1337879897473453,0.08006993006993007,0.10136286201022146
4.410545514839994,0.1337879897473453,0.08006993006993007,0.10136286201022146
4.418836013928038,0.13397107286708165,0.08024475524475524,0.10136286201022146
4.427126513016083,0.13447455144635664,0.08041958041958042,0.10221465076660988
4.4354170121041285,0.13447455144635664,0.08041958041958042,0.1030664395229983
4.443707511192174,0.13461186378615891,0.08059440559440559,0.1030664395229983
4.451998010280219,0.134657634566093,0.08076923076923077,0.10391822827938671
4.460288509368264,0.13488648846576345,0.08094405594405595,0.10391822827938671
4.4685790084563095,0.13497803002563163,0.08111888111888112,0.10391822827938671
4.476869507544354,0.13520688392530208,0.08129370629370629,0.10477001703577513
4.485160006632399,0.13520688392530208,0.08129370629370629,0.10477001703577513
4.493450505720444,0.13534419626510436,0.08146853146853147,0.10477001703577513
4.50174100480849,0.13534419626510436,0.08146853146853147,0.10477001703577513
4.510031503896535,0.13548150860490663,0.08164335664335665,0.10562180579216354
4.51832200298458,0.13575613328451117,0.08181818181818182,0.10562180579216354
4.5266125020726244,0.13584767484437935,0.08199300699300699,0.10562180579216354
4.53490300116067,0.13625961186378616,0.08216783216783216,0.10562180579216354
4.543193500248715,0.13635115342365434,0.08234265734265735,0.10562180579216354
4.55148399933676,0.13639692420358843,0.08251748251748252,0.10562180579216354
4.559774498424805,0.13639692420358843,0.08251748251748252,0.10562180579216354
4.568064997512851,0.1365342365433907,0.08269230769230769,0.10647359454855196
4.576355496600895,0.13662577810325888,0.08286713286713286,0.10647359454855196
4.58464599568894,0.13671731966312706,0.08304195804195805,0.10647359454855196
4.5929364947769855,0.13676309044306115,0.08321678321678322,0.10647359454855196
4.601226993865031,0.1369919443427316,0.08339160839160839,0.10647359454855196
4.609517492953076,0.13717502746246796,0.08356643356643356,0.10647359454855196
4.617807992041121,0.1374038813621384,0.08374125874125875,0.10647359454855196
4.626098491129166,0.1374038813621384,0.08374125874125875,0.10647359454855196
4.634388990217211,0.13763273526180886,0.08391608391608392,0.10647359454855196
4.642679489305256,0.13781581838154522,0.08409090909090909,0.10732538330494037
4.650969988393301,0.13781581838154522,0.08409090909090909,0.10732538330494037
4.659260487481347,0.1384108385206884,0.08426573426573426,0.10732538330494037
4.667550986569392,0.13896008787989747,0.08444055944055943,0.10732538330494037
4.675841485657436,0.1392804833394361,0.08461538461538462,0.10732538330494037
4.684131984745481,0.13992127425851336,0.08479020979020979,0.10732538330494037
4.692422483833527,0.14037898205785426,0.08496503496503496,0.10732538330494037
4.700712982921572,0.14037898205785426,0.08496503496503496,0.10732538330494037
4.709003482009617,0.1406993775173929,0.08513986013986014,0.10732538330494037
4.717293981097662,0.14101977297693152,0.08531468531468532,0.10732538330494037
4.725584480185707,0.14152325155620651,0.08548951048951049,0.10732538330494037
4.733874979273752,0.14170633467594287,0.08566433566433566,0.10732538330494037
4.742165478361797,0.14170633467594287,0.08566433566433566,0.10732538330494037
4.7504559774498425,0.14184364701574514,0.08583916083916084,0.10732538330494037
4.758746476537888,0.14188941779567923,0.08601398601398601,0.10732538330494037
4.767036975625933,0.14193518857561332,0.08618881118881119,0.10732538330494037
4.775327474713977,0.14193518857561332,0.08618881118881119,0.10732538330494037
4.783617973802023,0.1420725009154156,0.08636363636363636,0.10732538330494037
4.791908472890068,0.14262175027462468,0.08653846153846154,0.10732538330494037
4.800198971978113,0.14307945807396558,0.08671328671328671,0.10732538330494037
4.808489471066158,0.14307945807396558,0.08671328671328671,0.10732538330494037
4.816779970154204,0.14312522885389967,0.0868881118881119,0.10732538330494037
4.825070469242249,0.14335408275357012,0.08706293706293707,0.10732538330494037
4.833360968330293,0.14376601977297693,0.08723776223776224,0.10732538330494037
4.841651467418338,0.1439033321127792,0.08741258741258741,0.10732538330494037
4.849941966506384,0.14559685097034053,0.0875874125874126,0.10732538330494037
4.858232465594429,0.14587147564994507,0.08776223776223777,0.10732538330494037
4.866522964682474,0.14610032954961552,0.08793706293706294,0.10732538330494037
4.874813463770519,0.14610032954961552,0.08793706293706294,0.10732538330494037
4.883103962858564,0.14674112046869278,0.08811188811188811,0.10732538330494037
4.891394461946609,0.1471530574880996,0.08828671328671328,0.10732538330494037
4.899684961034654,0.14742768216770413,0.08846153846153847,0.10732538330494037
4.9079754601226995,0.14747345294763822,0.08863636363636364,0.10732538330494037
4.916265959210745,0.14793116074697912,0.08881118881118881,0.10732538330494037
4.92455645829879,0.14820578542658366,0.08898601398601398,0.10732538330494037
4.932846957386834,0.14866349322592456,0.08916083916083917,0.10732538330494037
4.94113745647488,0.14907543024533138,0.08933566433566434,0.10732538330494037
4.949427955562925,0.14912120102526547,0.08951048951048951,0.10732538330494037
4.95771845465097,0.14930428414500183,0.08968531468531468,0.10732538330494037
4.966008953739015,0.14935005492493592,0.08986013986013985,0.10732538330494037
4.9742994528270605,0.1498535335042109,0.09003496503496504,0.10732538330494037
4.982589951915105,0.149899304284145,0.09020979020979021,0.10732538330494037
4.99088045100315,0.15021969974368363,0.09038461538461538,0.10732538330494037
4.999170950091195,0.1503570120834859,0.09055944055944055,0.10732538330494037
5.007461449179241,0.15054009520322226,0.09073426573426574,0.10817717206132879
5.015751948267286,0.15058586598315635,0.09090909090909091,0.10817717206132879
5.024042447355331,0.1508604906627609,0.09108391608391608,0.10817717206132879
5.0323329464433755,0.15090626144269498,0.09125874125874125,0.10817717206132879
5.040623445531421,0.1512266569022336,0.09143356643356643,0.10817717206132879
5.048913944619466,0.15150128158183815,0.09160839160839161,0.10817717206132879
5.057204443707511,0.15182167704137678,0.09178321678321678,0.10817717206132879
5.0654949427955565,0.15182167704137678,0.09178321678321678,0.10817717206132879
5.073785441883602,0.15195898938117905,0.09195804195804196,0.10902896081771721
5.082075940971646,0.1522336140607836,0.09213286713286713,0.10902896081771721
5.090366440059691,0.15241669718051995,0.09230769230769231,0.10902896081771721
5.0986569391477365,0.15273709264005858,0.09248251748251748,0.10902896081771721
5.106947438235782,0.15282863419992676,0.09265734265734266,0.10902896081771721
5.115237937323827,0.15392713291834492,0.09283216783216783,0.10902896081771721
5.123528436411872,0.15392713291834492,0.09283216783216783,0.10902896081771721
5.1318189354999175,0.15433906993775173,0.09300699300699301,0.10902896081771721
5.140109434587962,0.1545221530574881,0.09318181818181819,0.10902896081771721
5.148399933676007,0.15534602709630171,0.09335664335664336,0.10902896081771721
5.156690432764052,0.15548333943610398,0.09353146853146853,0.10902896081771721
5.164980931852098,0.15566642255584034,0.0937062937062937,0.10902896081771721
5.173271430940143,0.1558495056755767,0.09388111888111889,0.10902896081771721
5.181561930028188,0.15658183815452215,0.09405594405594406,0.10902896081771721
5.1898524291162325,0.1581838154522153,0.09423076923076923,0.10988074957410562
5.198142928204278,0.1582295862321494,0.0944055944055944,0.10988074957410562
5.206433427292323,0.15854998169168802,0.09458041958041959,0.10988074957410562
5.214723926380368,0.15887037715122665,0.09475524475524476,0.10988074957410562
5.223014425468413,0.1591450018308312,0.09493006993006993,0.11073253833049404
5.231304924556459,0.1595111680703039,0.0951048951048951,0.11158432708688246
5.239595423644503,0.15974002196997436,0.09527972027972027,0.11243611584327087
5.247885922732548,0.15983156352984254,0.09545454545454546,0.11243611584327087
5.2561764218205935,0.160060417429513,0.09562937062937063,0.11328790459965929
5.264466920908639,0.16024350054924935,0.0958041958041958,0.1141396933560477
5.272757419996684,0.16056389600878798,0.09597902097902097,0.1141396933560477
5.281047919084729,0.16102160380812888,0.09615384615384616,0.1141396933560477
5.289338418172774,0.16125045770779933,0.09632867132867133,0.1141396933560477
5.297628917260819,0.16129622848773342,0.0965034965034965,0.1141396933560477
5.305919416348864,0.1614335408275357,0.09667832167832167,0.1141396933560477
5.314209915436909,0.16147931160746978,0.09685314685314686,0.1141396933560477
5.322500414524955,0.16161662394727205,0.09702797202797203,0.1141396933560477
5.330790913613,0.16170816550714023,0.0972027972027972,0.1141396933560477
5.339081412701044,0.16212010252654704,0.09737762237762237,0.1141396933560477
5.347371911789089,0.16248626876601976,0.09755244755244755,0.1141396933560477
5.355662410877135,0.1628066642255584,0.09772727272727273,0.1141396933560477
5.36395290996518,0.16303551812522885,0.0979020979020979,0.1141396933560477
5.372243409053225,0.16317283046503112,0.09807692307692308,0.1141396933560477
5.38053390814127,0.16331014280483339,0.09825174825174825,0.1141396933560477
5.388824407229315,0.16363053826437202,0.09842657342657343,0.1141396933560477
5.39711490631736,0.16363053826437202,0.09842657342657343,0.1141396933560477
5.405405405405405,0.16385939216404247,0.0986013986013986,0.1141396933560477
5.4136959044934505,0.16385939216404247,0.0986013986013986,0.1141396933560477
5.421986403581496,0.16385939216404247,0.0986013986013986,0.1141396933560477
5.430276902669541,0.16385939216404247,0.0986013986013986,0.1141396933560477
5.438567401757586,0.16395093372391065,0.09877622377622378,0.1141396933560477
5.446857900845631,0.1641797876235811,0.09895104895104895,0.1141396933560477
5.455148399933676,0.16427132918344928,0.09912587412587412,0.11499148211243612
5.463438899021721,0.16436287074331746,0.0993006993006993,0.11499148211243612
5.471729398109766,0.16445441230318564,0.09947552447552448,0.11499148211243612
5.480019897197812,0.16495789088246063,0.09965034965034965,0.11499148211243612
5.488310396285857,0.16523251556206517,0.09982517482517482,0.11584327086882454
5.496600895373901,0.16541559868180153,0.1,0.11584327086882454
5.504891394461946,0.16573599414134016,0.10017482517482518,0.11584327086882454
5.513181893549992,0.1659648480410106,0.10034965034965035,0.11669505962521294
5.521472392638037,0.1660106188209447,0.10052447552447552,0.11669505962521294
5.529762891726082,0.16619370194068106,0.1006993006993007,0.11754684838160136
5.538053390814127,0.1664225558403515,0.10087412587412588,0.11754684838160136
5.546343889902172,0.16674295129989014,0.10104895104895105,0.11754684838160136
5.554634388990217,0.16678872207982423,0.10122377622377622,0.11839863713798977
5.562924888078262,0.1669718051995606,0.10139860139860139,0.11839863713798977
5.5712153871663075,0.16747528377883558,0.10157342657342658,0.11925042589437819
5.579505886254353,0.1678872207982424,0.10174825174825175,0.11925042589437819
5.587796385342398,0.1678872207982424,0.10174825174825175,0.11925042589437819
5.596086884430442,0.16811607469791284,0.10192307692307692,0.11925042589437819
5.604377383518488,0.16848224093738556,0.1020979020979021,0.11925042589437819
5.612667882606533,0.16889417795679237,0.10227272727272728,0.11925042589437819
5.620958381694578,0.16935188575613327,0.10244755244755245,0.1201022146507666
5.629248880782623,0.16935188575613327,0.10244755244755245,0.1201022146507666
5.6375393798706686,0.16948919809593554,0.10262237762237762,0.1201022146507666
5.645829878958713,0.16985536433540827,0.1027972027972028,0.1201022146507666
5.654120378046758,0.17136580007323324,0.10297202797202797,0.1201022146507666
5.662410877134803,0.17168619553277187,0.10314685314685315,0.1201022146507666
5.670701376222849,0.17168619553277187,0.10314685314685315,0.1201022146507666
5.678991875310894,0.17168619553277187,0.10314685314685315,0.1201022146507666
5.687282374398939,0.1720065909923105,0.10332167832167832,0.1201022146507666
5.6955728734869835,0.17214390333211277,0.1034965034965035,0.1201022146507666
5.703863372575029,0.17255584035151958,0.10367132867132867,0.1201022146507666
5.712153871663074,0.17255584035151958,0.10367132867132867,0.1201022146507666
5.720444370751119,0.17255584035151958,0.10367132867132867,0.1201022146507666
5.7287348698391645,0.17273892347125594,0.10384615384615385,0.1201022146507666
5.73702536892721,0.17273892347125594,0.10384615384615385,0.1201022146507666
5.745315868015255,0.17301354815086048,0.10402097902097902,0.1201022146507666
5.753606367103299,0.17356279751006956,0.1041958041958042,0.1201022146507666
5.761896866191345,0.17402050530941046,0.10437062937062937,0.12095400340715502
5.77018736527939,0.17420358842914682,0.10454545454545454,0.12095400340715502
5.778477864367435,0.1743409007689491,0.10472027972027972,0.12095400340715502
5.78676836345548,0.17456975466861954,0.1048951048951049,0.12095400340715502
5.7950588625435255,0.17466129622848772,0.10506993006993007,0.12095400340715502
5.80334936163157,0.17479860856829,0.10524475524475524,0.12180579216354344
5.811639860719615,0.17489015012815817,0.10541958041958042,0.12180579216354344
5.81993035980766,0.1751647748077627,0.1055944055944056,0.12180579216354344
5.828220858895706,0.1752105455876968,0.10576923076923077,0.12180579216354344
5.836511357983751,0.17543939948736725,0.10594405594405594,0.12180579216354344
5.844801857071796,0.1761259611863786,0.10611888111888113,0.12180579216354344
5.8530923561598405,0.1761717319663127,0.1062937062937063,0.12180579216354344
5.861382855247886,0.17626327352618087,0.10646853146853147,0.12180579216354344
5.869673354335931,0.17653789820578542,0.10664335664335664,0.12180579216354344
5.877963853423976,0.1766294397656536,0.10681818181818181,0.12180579216354344
5.8862543525120214,0.1766294397656536,0.10681818181818181,0.12180579216354344
5.894544851600067,0.17667521054558769,0.106993006993007,0.12180579216354344
5.902835350688111,0.17676675210545587,0.10716783216783217,0.12180579216354344
5.911125849776156,0.17722445990479677,0.10734265734265734,0.12180579216354344
5.9194163488642015,0.17768216770413767,0.10751748251748251,0.12180579216354344
5.927706847952247,0.17768216770413767,0.10751748251748251,0.12180579216354344
5.935997347040292,0.17781948004393994,0.1076923076923077,0.12180579216354344
5.944287846128337,0.1780025631636763,0.10786713286713287,0.12180579216354344
5.952578345216382,0.17818564628341266,0.10804195804195804,0.12180579216354344
5.960868844304427,0.178872207982424,0.10821678321678321,0.12180579216354344
5.969159343392472,0.17900952032222628,0.10839160839160839,0.12180579216354344
5.977449842480517,0.179375686561699,0.10856643356643357,0.12265758091993186
5.985740341568563,0.17946722812156718,0.10874125874125874,0.12350936967632027
5.994030840656608,0.1797876235811058,0.10891608391608391,0.12436115843270869
6.002321339744652,0.18010801904064444,0.10909090909090909,0.12436115843270869
6.0106118388326975,0.18065726839985352,0.10926573426573427,0.12436115843270869
6.018902337920743,0.1812065177590626,0.10944055944055944,0.12436115843270869
6.027192837008788,0.1817099963383376,0.10961538461538461,0.12436115843270869
6.035483336096833,0.1821677041376785,0.10979020979020979,0.12436115843270869
6.043773835184878,0.18235078725741485,0.10996503496503497,0.12436115843270869
6.052064334272924,0.18253387037715121,0.11013986013986014,0.12436115843270869
6.060354833360968,0.18271695349688757,0.11031468531468532,0.12436115843270869
6.068645332449013,0.18285426583668984,0.11048951048951049,0.1252129471890971
6.0769358315370585,0.18312889051629438,0.11066433566433566,0.1252129471890971
6.085226330625104,0.18331197363603075,0.11083916083916084,0.1252129471890971
6.093516829713149,0.18344928597583302,0.11101398601398602,0.1252129471890971
6.101807328801194,0.1835408275357012,0.11118881118881119,0.1252129471890971
6.110097827889239,0.18367813987550347,0.11136363636363636,0.1252129471890971
6.118388326977284,0.18413584767484437,0.11153846153846154,0.1252129471890971
6.126678826065329,0.18427316001464664,0.11171328671328672,0.1252129471890971
6.134969325153374,0.1844104723544489,0.11188811188811189,0.1252129471890971
6.14325982424142,0.18500549249359208,0.11206293706293706,0.1252129471890971
6.151550323329465,0.18514280483339435,0.11223776223776223,0.1252129471890971
6.159840822417509,0.18528011717319662,0.11241258741258742,0.1252129471890971
6.168131321505554,0.1853258879531307,0.11258741258741259,0.1260647359454855
6.1764218205936,0.1853716587330648,0.11276223776223776,0.12691652470187392
6.184712319681645,0.18569205419260343,0.11293706293706293,0.12691652470187392
6.19300281876969,0.1858293665324057,0.11311188811188812,0.12691652470187392
6.201293317857735,0.18592090809227388,0.11328671328671329,0.12776831345826234
6.20958381694578,0.18619553277187842,0.11346153846153846,0.12776831345826234
6.217874316033825,0.1866990113511534,0.11363636363636363,0.12776831345826234
6.22616481512187,0.1867447821310875,0.1138111888111888,0.12862010221465076
6.2344553142099155,0.1871567191504943,0.11398601398601399,0.12862010221465076
6.242745813297961,0.18743134383009885,0.11416083916083916,0.12862010221465076
6.251036312386006,0.18788905162943978,0.11433566433566433,0.12862010221465076
6.25932681147405,0.18807213474917614,0.1145104895104895,0.12862010221465076
6.267617310562096,0.18807213474917614,0.1145104895104895,0.12862010221465076
6.275907809650141,0.18811790552911023,0.11468531468531469,0.12862010221465076
6.284198308738186,0.18880446722812158,0.11486013986013986,0.12862010221465076
6.292488807826231,0.18903332112779203,0.11503496503496503,0.12862010221465076
6.300779306914277,0.1896283412669352,0.1152097902097902,0.12862010221465076
6.309069806002321,0.1896283412669352,0.1152097902097902,0.12862010221465076
6.317360305090366,0.1896283412669352,0.1152097902097902,0.12862010221465076
6.325650804178411,0.18990296594653974,0.11538461538461539,0.12862010221465076
6.333941303266457,0.18994873672647383,0.11555944055944056,0.12862010221465076
6.342231802354502,0.1901318198462102,0.11573426573426573,0.12862010221465076
6.350522301442547,0.19063529842548518,0.1159090909090909,0.12862010221465076
6.3588128005305915,0.19113877700476017,0.11608391608391608,0.12862010221465076
6.367103299618637,0.19159648480410107,0.11625874125874126,0.12862010221465076
6.375393798706682,0.19187110948370562,0.11643356643356643,0.12947189097103917
6.383684297794727,0.19223727572317834,0.1166083916083916,0.12947189097103917
6.3919747968827725,0.19255767118271697,0.11678321678321678,0.12947189097103917
6.400265295970818,0.1929238374221897,0.11695804195804196,0.12947189097103917
6.408555795058863,0.19306114976199196,0.11713286713286714,0.12947189097103917
6.416846294146907,0.19351885756133286,0.11730769230769231,0.12947189097103917
6.425136793234953,0.19397656536067376,0.11748251748251748,0.12947189097103917
6.433427292322998,0.1942054192603442,0.11765734265734265,0.12947189097103917
6.441717791411043,0.19489198095935556,0.11783216783216784,0.12947189097103917
6.450008290499088,0.19502929329915783,0.11800699300699301,0.12947189097103917
6.4582987895871335,0.19502929329915783,0.11800699300699301,0.12947189097103917
6.466589288675178,0.1952123764188942,0.11818181818181818,0.12947189097103917
6.474879787763223,0.19548700109849873,0.11835664335664335,0.12947189097103917
6.483170286851268,0.195624313438301,0.11853146853146854,0.12947189097103917
6.491460785939314,0.19617356279751008,0.11870629370629371,0.12947189097103917
6.499751285027359,0.19644818747711462,0.11888111888111888,0.12947189097103917
6.508041784115404,0.1964939582570487,0.11905594405594405,0.12947189097103917
6.5163322832034485,0.19667704137678507,0.11923076923076924,0.12947189097103917
6.524622782291494,0.19686012449652143,0.11940559440559441,0.12947189097103917
6.532913281379539,0.19768399853533505,0.11958041958041958,0.12947189097103917
6.541203780467584,0.1979128524350055,0.11975524475524475,0.12947189097103917
6.5494942795556295,0.19827901867447822,0.11993006993006992,0.12947189097103917
6.557784778643675,0.19878249725375322,0.12010489510489511,0.12947189097103917
6.566075277731719,0.19905712193335776,0.12027972027972028,0.12947189097103917
6.574365776819764,0.19914866349322594,0.12045454545454545,0.1303236797274276
6.5826562759078096,0.19997253753203956,0.12062937062937062,0.1303236797274276
6.590946774995855,0.20001830831197365,0.12080419580419581,0.1303236797274276
6.5992372740839,0.20033870377151228,0.12097902097902098,0.1303236797274276
6.607527773171945,0.2006590992310509,0.12115384615384615,0.1303236797274276
6.61581827225999,0.20084218235078727,0.12132867132867133,0.1303236797274276
6.624108771348035,0.20084218235078727,0.12132867132867133,0.1303236797274276
6.63239927043608,0.20093372391065545,0.1215034965034965,0.1303236797274276
6.640689769524125,0.2011168070303918,0.12167832167832168,0.131175468483816
6.648980268612171,0.20120834859026,0.12185314685314685,0.131175468483816
6.657270767700216,0.20125411937019408,0.12202797202797203,0.131175468483816
6.66556126678826,0.20129989015012817,0.1222027972027972,0.131175468483816
6.6738517658763055,0.20194068106920543,0.12237762237762238,0.131175468483816
6.682142264964351,0.20194068106920543,0.12237762237762238,0.131175468483816
6.690432764052396,0.20198645184913952,0.12255244755244755,0.131175468483816
6.698723263140441,0.2024899304284145,0.12272727272727273,0.131175468483816
6.707013762228486,0.2025357012083486,0.1229020979020979,0.131175468483816
6.715304261316532,0.2025814719882827,0.12307692307692308,0.131175468483816
6.723594760404576,0.20267301354815087,0.12325174825174826,0.131175468483816
6.731885259492621,0.20317649212742586,0.12342657342657343,0.131175468483816
6.7401757585806665,0.20367997070670085,0.1236013986013986,0.131175468483816
6.748466257668712,0.20381728304650312,0.12377622377622377,0.131175468483816
6.756756756756757,0.2039088246063713,0.12395104895104896,0.131175468483816
6.765047255844802,0.2039088246063713,0.12395104895104896,0.13202725724020442
6.773337754932847,0.20413767850604175,0.12412587412587413,0.13287904599659284
6.781628254020892,0.20413767850604175,0.12412587412587413,0.13287904599659284
6.789918753108937,0.20422922006590993,0.1243006993006993,0.13287904599659284
6.798209252196982,0.20450384474551447,0.12447552447552447,0.13287904599659284
6.806499751285028,0.20450384474551447,0.12447552447552447,0.13287904599659284
6.814790250373073,0.20454961552544856,0.12465034965034966,0.13287904599659284
6.823080749461117,0.20454961552544856,0.12465034965034966,0.13287904599659284
6.8313712485491624,0.20500732332478946,0.12482517482517483,0.13287904599659284
6.839661747637208,0.20555657268399855,0.125,0.13287904599659284
6.847952246725253,0.20569388502380082,0.12517482517482517,0.13373083475298125
6.856242745813298,0.205785426583669,0.12534965034965034,0.13373083475298125
6.864533244901343,0.20601428048333945,0.12552447552447552,0.13373083475298125
6.872823743989388,0.20638044672281217,0.1256993006993007,0.13373083475298125
6.881114243077433,0.2067008421823508,0.1258741258741259,0.13373083475298125
6.889404742165478,0.2067466129622849,0.12604895104895106,0.13373083475298125
6.8976952412535235,0.20725009154155988,0.12622377622377623,0.13373083475298125
6.905985740341569,0.20770779934090078,0.1263986013986014,0.13373083475298125
6.914276239429614,0.20775357012083487,0.12657342657342657,0.13373083475298125
6.922566738517658,0.20844013181984622,0.12674825174825174,0.13373083475298125
6.930857237605704,0.2084859025997803,0.12692307692307692,0.13373083475298125
6.939147736693749,0.2084859025997803,0.12692307692307692,0.13373083475298125
6.947438235781794,0.2085774441596485,0.1270979020979021,0.13373083475298125
6.955728734869839,0.20876052727938485,0.12727272727272726,0.13458262350936967
6.964019233957885,0.2094470889783962,0.12744755244755246,0.13458262350936967
6.972309733045929,0.2099047967777371,0.12762237762237763,0.13458262350936967
6.980600232133974,0.2104082753570121,0.1277972027972028,0.13458262350936967
6.988890731222019,0.21091175393628708,0.12797202797202797,0.13458262350936967
6.997181230310065,0.21118637861589162,0.12814685314685315,0.13458262350936967
7.00547172939811,0.2113236909556939,0.12832167832167832,0.1354344122657581
7.013762228486155,0.21141523251556207,0.1284965034965035,0.1354344122657581
7.0220527275742,0.2117813987550348,0.12867132867132866,0.1354344122657581
7.030343226662245,0.21242218967411206,0.12884615384615383,0.1354344122657581
7.03863372575029,0.21242218967411206,0.12884615384615383,0.1354344122657581
7.046924224838335,0.2131545221530575,0.12902097902097903,0.1354344122657581
7.0552147239263805,0.2131545221530575,0.12902097902097903,0.1354344122657581
7.063505223014426,0.2136580007323325,0.1291958041958042,0.1354344122657581
7.071795722102471,0.2141157085316734,0.12937062937062938,0.1354344122657581
7.080086221190515,0.2144818747711461,0.12954545454545455,0.1354344122657581
7.088376720278561,0.21471072867081656,0.12972027972027972,0.1354344122657581
7.096667219366606,0.21480227023068474,0.1298951048951049,0.1354344122657581
7.104957718454651,0.21484804101061883,0.13006993006993006,0.1354344122657581
7.113248217542696,0.214939582570487,0.13024475524475523,0.1354344122657581
7.121538716630742,0.21516843647015746,0.13041958041958043,0.1354344122657581
7.129829215718786,0.21562614426949836,0.1305944055944056,0.1354344122657581
7.138119714806831,0.21571768582936654,0.13076923076923078,0.1354344122657581
7.146410213894876,0.21576345660930063,0.13094405594405595,0.1354344122657581
7.154700712982922,0.21599231050897108,0.13111888111888112,0.1354344122657581
7.162991212070967,0.21603808128890517,0.1312937062937063,0.1354344122657581
7.171281711159012,0.21608385206883926,0.13146853146853146,0.1354344122657581
7.1795722102470565,0.2163584767484438,0.13164335664335663,0.1354344122657581
7.187862709335102,0.21663310142804834,0.1318181818181818,0.1354344122657581
7.196153208423147,0.2168161845477847,0.131993006993007,0.1354344122657581
7.204443707511192,0.21699926766752106,0.13216783216783218,0.1354344122657581
7.2127342065992375,0.21759428780666423,0.13234265734265735,0.1354344122657581
7.221024705687283,0.21786891248626877,0.13251748251748252,0.1354344122657581
7.229315204775327,0.21791468326620286,0.1326923076923077,0.1362862010221465
7.237605703863372,0.21832662028560967,0.13286713286713286,0.1362862010221465
7.245896202951418,0.21873855730501648,0.13304195804195804,0.1362862010221465
7.254186702039463,0.21873855730501648,0.13304195804195804,0.1362862010221465
7.262477201127508,0.21919626510435739,0.1332167832167832,0.13713798977853492
7.270767700215553,0.21947088978396193,0.13339160839160838,0.13713798977853492
7.279058199303598,0.21947088978396193,0.13339160839160838,0.13713798977853492
7.287348698391643,0.21965397290369829,0.13356643356643358,0.13798977853492334
7.295639197479688,0.21997436836323692,0.13374125874125875,0.13798977853492334
7.303929696567733,0.22024899304284146,0.13391608391608392,0.13798977853492334
7.312220195655779,0.22029476382277555,0.1340909090909091,0.13798977853492334
7.320510694743824,0.22029476382277555,0.1340909090909091,0.13798977853492334
7.328801193831869,0.22066093006224827,0.13426573426573427,0.13798977853492334
7.3370916929199135,0.2209355547418528,0.13444055944055944,0.13798977853492334
7.345382192007959,0.2214390333211278,0.1346153846153846,0.13798977853492334
7.353672691096004,0.22198828268033688,0.13479020979020978,0.13798977853492334
7.361963190184049,0.22226290735994142,0.13496503496503495,0.13884156729131175
7.3702536892720945,0.22226290735994142,0.13496503496503495,0.13884156729131175
7.37854418836014,0.22262907359941414,0.13513986013986015,0.13884156729131175
7.386834687448184,0.22262907359941414,0.13513986013986015,0.13884156729131175
7.395125186536229,0.2228121567191505,0.13531468531468532,0.13884156729131175
7.4034156856242745,0.22308678139875504,0.1354895104895105,0.13884156729131175
7.41170618471232,0.22340717685829367,0.13566433566433567,0.13884156729131175
7.419996683800365,0.22363603075796412,0.13583916083916084,0.13884156729131175
7.42828718288841,0.2237275723178323,0.136013986013986,0.13884156729131175
7.436577681976455,0.2237275723178323,0.136013986013986,0.13884156729131175
7.4448681810645,0.22400219699743684,0.13618881118881118,0.13884156729131175
7.453158680152545,0.22400219699743684,0.13618881118881118,0.13884156729131175
7.46144917924059,0.22409373855730502,0.13636363636363635,0.13884156729131175
7.469739678328636,0.22445990479677774,0.13653846153846153,0.13884156729131175
7.478030177416681,0.22473452947638228,0.13671328671328672,0.13969335604770017
7.486320676504725,0.22473452947638228,0.13671328671328672,0.13969335604770017
7.4946111755927705,0.22491761259611864,0.1368881118881119,0.13969335604770017
7.502901674680816,0.22500915415598682,0.13706293706293707,0.14054514480408858
7.511192173768861,0.22500915415598682,0.13706293706293707,0.14054514480408858
7.519482672856906,0.22546686195532772,0.13723776223776224,0.141396933560477
7.527773171944951,0.22597034053460271,0.1374125874125874,0.141396933560477
7.536063671032996,0.2260618820944709,0.13758741258741258,0.141396933560477
7.544354170121041,0.22661113145367998,0.13776223776223775,0.141396933560477
7.552644669209086,0.22679421457341634,0.13793706293706293,0.141396933560477
7.5609351682971315,0.22683998535335043,0.1381118881118881,0.141396933560477
7.569225667385177,0.22716038081288906,0.1382867132867133,0.141396933560477
7.577516166473222,0.22734346393262542,0.13846153846153847,0.141396933560477
7.585806665561266,0.22734346393262542,0.13846153846153847,0.141396933560477
7.594097164649312,0.22734346393262542,0.13846153846153847,0.141396933560477
7.602387663737357,0.22766385939216405,0.13863636363636364,0.141396933560477
7.610678162825402,0.22798425485170268,0.1388111888111888,0.14224872231686542
7.618968661913447,0.22803002563163677,0.13898601398601398,0.14310051107325383
7.627259161001493,0.22867081655071403,0.13916083916083916,0.14310051107325383
7.635549660089537,0.22894544123031857,0.13933566433566433,0.14310051107325383
7.643840159177582,0.2292200659099231,0.1395104895104895,0.14310051107325383
7.652130658265627,0.22940314902965947,0.1396853146853147,0.14310051107325383
7.660421157353673,0.22990662760893446,0.13986013986013987,0.14395229982964225
7.668711656441718,0.22990662760893446,0.13986013986013987,0.14395229982964225
7.677002155529763,0.22999816916880264,0.14003496503496504,0.14395229982964225
7.685292654617808,0.22999816916880264,0.14003496503496504,0.14395229982964225
7.693583153705853,0.23086781398755035,0.1402097902097902,0.14480408858603067
7.701873652793898,0.23137129256682534,0.14038461538461539,0.14480408858603067
7.710164151881943,0.2315086049066276,0.14055944055944056,0.14480408858603067
7.7184546509699885,0.23169168802636397,0.14073426573426573,0.14480408858603067
7.726745150058034,0.23169168802636397,0.14073426573426573,0.14565587734241908
7.735035649146079,0.23187477114610033,0.1409090909090909,0.14565587734241908
7.743326148234123,0.2319663127059685,0.14108391608391607,0.1465076660988075
7.751616647322169,0.23214939582570487,0.14125874125874127,0.1465076660988075
7.759907146410214,0.23256133284511168,0.14143356643356644,0.1465076660988075
7.768197645498259,0.23288172830465032,0.14160839160839161,0.1465076660988075
7.776488144586304,0.23288172830465032,0.14160839160839161,0.1465076660988075
7.78477864367435,0.23311058220432077,0.1417832167832168,0.1465076660988075
7.793069142762394,0.23315635298425486,0.14195804195804196,0.1465076660988075
7.801359641850439,0.23315635298425486,0.14195804195804196,0.1465076660988075
7.809650140938484,0.23375137312339803,0.14213286713286713,0.1465076660988075
7.81794064002653,0.23379714390333212,0.1423076923076923,0.14735945485519591
7.826231139114575,0.23379714390333212,0.1423076923076923,0.14735945485519591
7.83452163820262,0.2338429146832662,0.14248251748251747,0.14735945485519591
7.8428121372906645,0.23457524716221165,0.14265734265734265,0.14735945485519591
7.85110263637871,0.23457524716221165,0.14265734265734265,0.14735945485519591
7.859393135466755,0.23489564262175028,0.14283216783216784,0.14735945485519591
7.8676836345548,0.23489564262175028,0.14283216783216784,0.14735945485519591
7.8759741336428455,0.23549066276089345,0.14300699300699302,0.14821124361158433
7.884264632730891,0.2356737458806298,0.1431818181818182,0.14821124361158433
7.892555131818935,0.23581105822043208,0.14335664335664336,0.14821124361158433
7.90084563090698,0.23581105822043208,0.14335664335664336,0.14821124361158433
7.909136129995026,0.23599414134016844,0.14353146853146853,0.14821124361158433
7.917426629083071,0.23636030757964116,0.1437062937062937,0.14821124361158433
7.925717128171116,0.23640607835957525,0.14388111888111887,0.14906303236797275
7.934007627259161,0.2366349322592457,0.14405594405594405,0.14906303236797275
7.942298126347206,0.2366349322592457,0.14405594405594405,0.14906303236797275
7.950588625435251,0.2366807030391798,0.14423076923076922,0.14906303236797275
7.958879124523296,0.23672647381911388,0.14440559440559442,0.14991482112436116
7.967169623611341,0.23686378615891615,0.1445804195804196,0.14991482112436116
7.975460122699387,0.23722995239838887,0.14475524475524476,0.14991482112436116
7.983750621787432,0.23727572317832296,0.14493006993006993,0.14991482112436116
7.992041120875477,0.23745880629805932,0.1451048951048951,0.14991482112436116
8.000331619963521,0.23791651409740022,0.14527972027972028,0.15076660988074958
8.008622119051568,0.2384199926766752,0.14545454545454545,0.15076660988074958
8.016912618139612,0.23860307579641157,0.14562937062937062,0.151618398637138
8.025203117227656,0.2388777004760161,0.1458041958041958,0.151618398637138
8.033493616315702,0.23906078359575247,0.145979020979021,0.151618398637138
8.041784115403747,0.23906078359575247,0.145979020979021,0.151618398637138
8.050074614491793,0.23915232515562065,0.14615384615384616,0.151618398637138
8.058365113579837,0.23933540827535701,0.14632867132867133,0.151618398637138
8.066655612667883,0.23965580373489564,0.1465034965034965,0.151618398637138
8.074946111755928,0.239838886854632,0.14667832167832168,0.151618398637138
8.083236610843972,0.240342365433907,0.14685314685314685,0.151618398637138
8.091527109932018,0.24043390699377518,0.14702797202797202,0.151618398637138
8.099817609020063,0.24066276089344563,0.1472027972027972,0.151618398637138
8.108108108108109,0.2407543024533138,0.1473776223776224,0.151618398637138
8.116398607196153,0.2407543024533138,0.1473776223776224,0.151618398637138
8.124689106284197,0.2408000732332479,0.14755244755244756,0.1524701873935264
8.132979605372244,0.2408000732332479,0.14755244755244756,0.1524701873935264
8.141270104460288,0.240845844013182,0.14772727272727273,0.15332197614991483
8.149560603548334,0.24116623947272062,0.1479020979020979,0.15417376490630325
8.157851102636378,0.24144086415232516,0.14807692307692308,0.15502555366269166
8.166141601724425,0.24144086415232516,0.14807692307692308,0.15502555366269166
8.174432100812469,0.2416697180519956,0.14825174825174825,0.15502555366269166
8.182722599900513,0.2416697180519956,0.14825174825174825,0.15502555366269166
8.19101309898856,0.2416697180519956,0.14825174825174825,0.15502555366269166
8.199303598076604,0.2421274258513365,0.14842657342657342,0.15587734241908008
8.20759409716465,0.2422189674112047,0.1486013986013986,0.15587734241908008
8.215884596252694,0.24253936287074332,0.14877622377622376,0.15587734241908008
8.224175095340739,0.24253936287074332,0.14877622377622376,0.15587734241908008
8.232465594428785,0.2425851336506774,0.14895104895104896,0.15587734241908008
8.24075609351683,0.24276821677041377,0.14912587412587414,0.15587734241908008
8.249046592604875,0.24299707067008422,0.1493006993006993,0.15587734241908008
8.25733709169292,0.24318015378982058,0.14947552447552448,0.15587734241908008
8.265627590780966,0.24345477846942512,0.14965034965034965,0.15587734241908008
8.27391808986901,0.24345477846942512,0.14965034965034965,0.15587734241908008
8.282208588957054,0.2440040278286342,0.14982517482517482,0.1567291311754685
8.2904990880451,0.24437019406810692,0.15,0.1567291311754685
8.298789587133145,0.2457890882460637,0.15017482517482517,0.1567291311754685
8.307080086221191,0.24597217136580007,0.15034965034965034,0.1567291311754685
8.315370585309235,0.2463383376052728,0.15052447552447554,0.1567291311754685
8.323661084397282,0.2463383376052728,0.15052447552447554,0.1567291311754685
8.331951583485326,0.2463383376052728,0.15052447552447554,0.1567291311754685
8.34024208257337,0.24665873306481143,0.1506993006993007,0.1567291311754685
8.348532581661416,0.24707067008421824,0.15087412587412588,0.1567291311754685
8.35682308074946,0.24729952398388869,0.15104895104895105,0.1567291311754685
8.365113579837507,0.24748260710362505,0.15122377622377622,0.1567291311754685
8.373404078925551,0.2477572317832296,0.1513986013986014,0.1567291311754685
8.381694578013596,0.24784877334309777,0.15157342657342657,0.1567291311754685
8.389985077101642,0.24789454412303186,0.15174825174825174,0.1567291311754685
8.398275576189686,0.24789454412303186,0.15174825174825174,0.1567291311754685
8.406566075277732,0.24807762724276822,0.1519230769230769,0.1567291311754685
8.414856574365777,0.2481233980227023,0.1520979020979021,0.1567291311754685
8.423147073453823,0.24848956426217503,0.15227272727272728,0.1567291311754685
8.431437572541867,0.24871841816184548,0.15244755244755245,0.1567291311754685
8.439728071629911,0.24871841816184548,0.15244755244755245,0.1567291311754685
8.448018570717958,0.2491303551812523,0.15262237762237763,0.1567291311754685
8.456309069806002,0.24935920908092274,0.1527972027972028,0.1567291311754685
8.464599568894048,0.249496521420725,0.15297202797202797,0.1567291311754685
8.472890067982092,0.249496521420725,0.15297202797202797,0.1567291311754685
8.481180567070137,0.249496521420725,0.15297202797202797,0.1567291311754685
8.489471066158183,0.24981691688026364,0.15314685314685314,0.1567291311754685
8.497761565246227,0.24986268766019773,0.1533216783216783,0.1575809199318569
8.506052064334273,0.25073233247894544,0.15349650349650348,0.15843270868824533
8.514342563422318,0.25086964481874774,0.15367132867132868,0.15843270868824533
8.522633062510364,0.2509154155986818,0.15384615384615385,0.15843270868824533
8.530923561598408,0.2509611863786159,0.15402097902097903,0.15843270868824533
8.539214060686453,0.2511442694983523,0.1541958041958042,0.15843270868824533
8.547504559774499,0.2511442694983523,0.1541958041958042,0.15843270868824533
8.555795058862543,0.25119004027828634,0.15437062937062937,0.15843270868824533
8.56408555795059,0.25119004027828634,0.15437062937062937,0.15843270868824533
8.572376057038634,0.25164774807762724,0.15454545454545454,0.15843270868824533
8.580666556126678,0.25210545587696814,0.1547202797202797,0.15843270868824533
8.588957055214724,0.25215122665690226,0.15489510489510488,0.15843270868824533
8.597247554302768,0.2522885389967045,0.15506993006993006,0.15843270868824533
8.605538053390815,0.252517392896375,0.15524475524475526,0.15843270868824533
8.613828552478859,0.2529751006957159,0.15541958041958043,0.15843270868824533
8.622119051566905,0.25306664225558406,0.1555944055944056,0.15928449744463374
8.63040955065495,0.2532954961552545,0.15576923076923077,0.15928449744463374
8.638700049742994,0.2532954961552545,0.15576923076923077,0.15928449744463374
8.64699054883104,0.2534328084950568,0.15594405594405594,0.15928449744463374
8.655281047919084,0.25393628707433175,0.15611888111888111,0.15928449744463374
8.66357154700713,0.2542109117539363,0.15629370629370629,0.15928449744463374
8.671862046095175,0.25443976565360676,0.15646853146853146,0.15928449744463374
8.68015254518322,0.2548059318930795,0.15664335664335666,0.15928449744463374
8.688443044271265,0.2548059318930795,0.15664335664335666,0.15928449744463374
8.69673354335931,0.25485170267301355,0.15681818181818183,0.15928449744463374
8.705024042447356,0.25521786891248627,0.156993006993007,0.16013628620102216
8.7133145415354,0.25521786891248627,0.156993006993007,0.16013628620102216
8.721605040623446,0.25521786891248627,0.156993006993007,0.16013628620102216
8.72989553971149,0.25535518125228857,0.15716783216783217,0.16013628620102216
8.738186038799535,0.25540095203222263,0.15734265734265734,0.16013628620102216
8.746476537887581,0.25581288905162947,0.15751748251748252,0.16013628620102216
8.754767036975625,0.25622482607103625,0.1576923076923077,0.16013628620102216
8.763057536063672,0.25631636763090443,0.15786713286713286,0.16013628620102216
8.771348035151716,0.25668253387037715,0.15804195804195803,0.16013628620102216
8.779638534239762,0.25681984621017945,0.15821678321678323,0.16013628620102216
8.787929033327806,0.257094470889784,0.1583916083916084,0.16013628620102216
8.79621953241585,0.25718601244965217,0.15856643356643357,0.16013628620102216
8.804510031503897,0.25727755400952035,0.15874125874125875,0.16098807495741055
8.812800530591941,0.25727755400952035,0.15874125874125875,0.16098807495741055
8.821091029679987,0.2577810325887953,0.15891608391608392,0.16098807495741055
8.829381528768032,0.2582387403881362,0.1590909090909091,0.16098807495741055
8.837672027856076,0.2584675942878067,0.15926573426573426,0.16098807495741055
8.845962526944122,0.25855913584767487,0.15944055944055943,0.16183986371379896
8.854253026032167,0.2587879897473453,0.1596153846153846,0.16183986371379896
8.862543525120213,0.2589253020871476,0.1597902097902098,0.16183986371379896
8.870834024208257,0.2589253020871476,0.1597902097902098,0.16183986371379896
8.879124523296303,0.2589253020871476,0.1597902097902098,0.16183986371379896
8.887415022384348,0.25906261442694983,0.15996503496503497,0.16183986371379896
8.895705521472392,0.25947455144635667,0.16013986013986015,0.16183986371379896
8.903996020560438,0.2596118637861589,0.16031468531468532,0.16183986371379896
8.912286519648482,0.26011534236543393,0.1604895104895105,0.16183986371379896
8.920577018736529,0.2602068839253021,0.16066433566433566,0.16183986371379896
8.928867517824573,0.26034419626510436,0.16083916083916083,0.16183986371379896
8.937158016912619,0.2607103625045771,0.161013986013986,0.16183986371379896
8.945448516000663,0.2608476748443794,0.16118881118881118,0.16183986371379896
8.953739015088708,0.2611222995239839,0.16136363636363638,0.16183986371379896
8.962029514176754,0.2616257781032589,0.16153846153846155,0.16183986371379896
8.970320013264798,0.2616257781032589,0.16153846153846155,0.16183986371379896
8.978610512352844,0.26171731966312706,0.16171328671328672,0.16183986371379896
8.986901011440889,0.26217502746246796,0.1618881118881119,0.16183986371379896
8.995191510528933,0.2624954229220066,0.16206293706293706,0.16183986371379896
9.00348200961698,0.2625869644818748,0.16223776223776223,0.16183986371379896
9.011772508705024,0.2625869644818748,0.16223776223776223,0.16183986371379896
9.02006300779307,0.262678506041743,0.1624125874125874,0.16183986371379896
9.028353506881114,0.2630446722812157,0.16258741258741258,0.16183986371379896
9.03664400596916,0.26318198462101794,0.16276223776223775,0.16183986371379896
9.044934505057205,0.2632735261808861,0.16293706293706295,0.16269165247018738
9.053225004145249,0.2638227755400952,0.16311188811188812,0.16269165247018738
9.061515503233295,0.2643262541193702,0.1632867132867133,0.16269165247018738
9.06980600232134,0.2643262541193702,0.1632867132867133,0.16269165247018738
9.078096501409386,0.2643262541193702,0.1632867132867133,0.16269165247018738
9.08638700049743,0.2643262541193702,0.1632867132867133,0.1635434412265758
9.094677499585474,0.26446356645917246,0.16346153846153846,0.1635434412265758
9.10296799867352,0.26492127425851336,0.16363636363636364,0.1643952299829642
9.111258497761565,0.2651043573782497,0.1638111888111888,0.1643952299829642
9.11954899684961,0.2657909190772611,0.16398601398601398,0.16524701873935263
9.127839495937655,0.26592823141706334,0.16416083916083915,0.16524701873935263
9.136129995025701,0.26629439765653606,0.16433566433566432,0.16524701873935263
9.144420494113746,0.2665690223361406,0.16451048951048952,0.16524701873935263
9.15271099320179,0.2671640424752838,0.1646853146853147,0.16524701873935263
9.161001492289836,0.26730135481508605,0.16486013986013986,0.16524701873935263
9.16929199137788,0.2676217502746247,0.16503496503496504,0.16524701873935263
9.177582490465927,0.2677132918344929,0.1652097902097902,0.16524701873935263
9.185872989553971,0.2677132918344929,0.1652097902097902,0.16524701873935263
9.194163488642015,0.2681709996338338,0.16538461538461538,0.16524701873935263
9.202453987730062,0.26821677041376785,0.16555944055944055,0.16524701873935263
9.210744486818106,0.2686287074331747,0.16573426573426572,0.16524701873935263
9.219034985906152,0.269315269132186,0.16590909090909092,0.16524701873935263
9.227325484994196,0.2693610399121201,0.1660839160839161,0.16524701873935263
9.235615984082242,0.2693610399121201,0.1660839160839161,0.16524701873935263
9.243906483170287,0.26972720615159285,0.16625874125874127,0.16524701873935263
9.252196982258331,0.2702306847308678,0.16643356643356644,0.16524701873935263
9.260487481346377,0.2702764555108019,0.1666083916083916,0.16524701873935263
9.268777980434422,0.27050530941047235,0.16678321678321678,0.16524701873935263
9.277068479522468,0.27050530941047235,0.16678321678321678,0.16524701873935263
9.285358978610512,0.27096301720981325,0.16695804195804195,0.16524701873935263
9.293649477698558,0.27100878798974737,0.16713286713286712,0.16524701873935263
9.301939976786603,0.2711461003295496,0.1673076923076923,0.16524701873935263
9.310230475874647,0.2713749542292201,0.1674825174825175,0.16609880749574105
9.318520974962693,0.27151226656902233,0.16765734265734267,0.16609880749574105
9.326811474050738,0.27192420358842917,0.16783216783216784,0.16609880749574105
9.335101973138784,0.2722445990479678,0.168006993006993,0.16609880749574105
9.343392472226828,0.27279384840717685,0.16818181818181818,0.16695059625212946
9.351682971314872,0.27293116074697915,0.16835664335664335,0.16695059625212946
9.359973470402918,0.2731142438667155,0.16853146853146853,0.16780238500851788
9.368263969490963,0.2731142438667155,0.16853146853146853,0.1686541737649063
9.376554468579009,0.2731142438667155,0.16853146853146853,0.1686541737649063
9.384844967667053,0.2732057854265837,0.1687062937062937,0.1686541737649063
9.3931354667551,0.2732057854265837,0.1687062937062937,0.1695059625212947
9.401425965843144,0.27334309776638593,0.16888111888111887,0.1695059625212947
9.409716464931188,0.27384657634566095,0.16905594405594407,0.1695059625212947
9.418006964019234,0.27439582570487003,0.16923076923076924,0.1695059625212947
9.426297463107279,0.2745789088246064,0.1694055944055944,0.17035775127768313
9.434587962195325,0.2749908458440132,0.16958041958041958,0.17035775127768313
9.44287846128337,0.2750366166239473,0.16975524475524476,0.17035775127768313
9.451168960371414,0.27531124130355183,0.16993006993006993,0.17035775127768313
9.45945945945946,0.27531124130355183,0.16993006993006993,0.17035775127768313
9.467749958547504,0.27531124130355183,0.16993006993006993,0.17035775127768313
9.47604045763555,0.2755858659831564,0.1701048951048951,0.17120954003407154
9.484330956723594,0.27563163676309044,0.17027972027972027,0.17120954003407154
9.49262145581164,0.27576894910289274,0.17045454545454544,0.17206132879045996
9.500911954899685,0.27599780300256316,0.17062937062937064,0.17206132879045996
9.50920245398773,0.2763181984621018,0.1708041958041958,0.17206132879045996
9.517492953075775,0.27654705236177224,0.17097902097902098,0.17206132879045996
9.52578345216382,0.2767301354815086,0.17115384615384616,0.17206132879045996
9.534073951251866,0.2770963017209813,0.17132867132867133,0.17206132879045996
9.54236445033991,0.2771878432808495,0.1715034965034965,0.17206132879045996
9.550654949427955,0.2771878432808495,0.1715034965034965,0.17206132879045996
9.558945448516,0.27750823874038816,0.17167832167832167,0.17206132879045996
9.567235947604045,0.2776455510801904,0.17185314685314684,0.17206132879045996
9.575526446692091,0.2778744049798609,0.17202797202797201,0.17206132879045996
9.583816945780136,0.2781032588795313,0.17220279720279721,0.17206132879045996
9.592107444868182,0.2786525082387404,0.17237762237762239,0.17206132879045996
9.600397943956226,0.2786982790186745,0.17255244755244756,0.17206132879045996
9.60868844304427,0.2790186744782131,0.17272727272727273,0.17206132879045996
9.616978942132317,0.2791559868180154,0.1729020979020979,0.17206132879045996
9.625269441220361,0.2796136946173563,0.17307692307692307,0.17206132879045996
9.633559940308407,0.27975100695715854,0.17325174825174824,0.17206132879045996
9.641850439396451,0.2798425485170267,0.17342657342657342,0.17206132879045996
9.650140938484498,0.2803002563163676,0.1736013986013986,0.17206132879045996
9.658431437572542,0.2803917978762358,0.1737762237762238,0.17206132879045996
9.666721936660586,0.28080373489564264,0.17395104895104896,0.17206132879045996
9.675012435748632,0.28112413035518125,0.17412587412587413,0.17206132879045996
9.683302934836677,0.28149029659465397,0.1743006993006993,0.17206132879045996
9.691593433924723,0.2815360673745881,0.17447552447552447,0.17206132879045996
9.699883933012767,0.28194800439399487,0.17465034965034965,0.17206132879045996
9.708174432100812,0.28217685829366534,0.17482517482517482,0.17291311754684838
9.716464931188858,0.28240571219333577,0.175,0.17291311754684838
9.724755430276902,0.28263456609300625,0.1751748251748252,0.17291311754684838
9.733045929364948,0.28263456609300625,0.1751748251748252,0.17291311754684838
9.741336428452993,0.2826803368729403,0.17534965034965036,0.17291311754684838
9.749626927541039,0.2826803368729403,0.17534965034965036,0.17291311754684838
9.757917426629083,0.28309227389234715,0.17552447552447553,0.17291311754684838
9.766207925717127,0.2837330648114244,0.1756993006993007,0.17291311754684838
9.774498424805174,0.28387037715122665,0.17587412587412588,0.1737649063032368
9.782788923893218,0.28400768949102895,0.17604895104895105,0.1737649063032368
9.791079422981264,0.2840992310508971,0.17622377622377622,0.1737649063032368
9.799369922069308,0.28423654339069937,0.1763986013986014,0.1737649063032368
9.807660421157353,0.2846027096301721,0.17657342657342656,0.1737649063032368
9.815950920245399,0.2846484804101062,0.17674825174825176,0.1737649063032368
9.824241419333443,0.2847400219699744,0.17692307692307693,0.1737649063032368
9.83253191842149,0.28492310508971075,0.1770979020979021,0.1737649063032368
9.840822417509534,0.28515195898938117,0.17727272727272728,0.1737649063032368
9.84911291659758,0.28515195898938117,0.17727272727272728,0.1737649063032368
9.857403415685624,0.28570120834859025,0.17744755244755245,0.1746166950596252
9.865693914773669,0.286067374588063,0.17762237762237762,0.1746166950596252
9.873984413861715,0.28615891614793115,0.1777972027972028,0.1746166950596252
9.88227491294976,0.2863419992676675,0.17797202797202796,0.1746166950596252
9.890565412037805,0.28638777004760163,0.17814685314685313,0.1746166950596252
9.89885591112585,0.28666239472720617,0.17832167832167833,0.1746166950596252
9.907146410213896,0.28666239472720617,0.17832167832167833,0.1746166950596252
9.91543690930194,0.28712010252654707,0.1784965034965035,0.17546848381601363
9.923727408389984,0.28753203954595385,0.17867132867132868,0.17546848381601363
9.93201790747803,0.28808128890516294,0.17884615384615385,0.17546848381601363
9.940308406566075,0.28821860124496523,0.17902097902097902,0.17546848381601363
9.948598905654121,0.288630538264372,0.1791958041958042,0.17546848381601363
9.956889404742165,0.288630538264372,0.1791958041958042,0.17546848381601363
9.96517990383021,0.28890516294397656,0.17937062937062936,0.17546848381601363
9.973470402918256,0.2890882460637129,0.17954545454545454,0.17546848381601363
9.9817609020063,0.28913401684364703,0.1797202797202797,0.17546848381601363
9.990051401094346,0.28959172464298794,0.1798951048951049,0.17546848381601363
9.99834190018239,0.2900952032222629,0.18006993006993008,0.17632027257240204
10.006632399270437,0.2900952032222629,0.18006993006993008,0.17632027257240204
10.014922898358481,0.290140974002197,0.18024475524475525,0.17717206132879046
10.023213397446526,0.29036982790186744,0.18041958041958042,0.17717206132879046
10.031503896534572,0.29036982790186744,0.18041958041958042,0.17717206132879046
10.039794395622616,0.2905529110216038,0.1805944055944056,0.17717206132879046
10.048084894710662,0.2905986818015379,0.18076923076923077,0.17717206132879046
10.056375393798707,0.2905986818015379,0.18076923076923077,0.17717206132879046
10.064665892886751,0.29082753570120834,0.18094405594405594,0.17717206132879046
10.072956391974797,0.29082753570120834,0.18094405594405594,0.17717206132879046
10.081246891062841,0.2910106188209447,0.1811188811188811,0.17717206132879046
10.089537390150888,0.2910563896008788,0.18129370629370628,0.17717206132879046
10.097827889238932,0.2910563896008788,0.18129370629370628,0.17717206132879046
10.106118388326978,0.2915598681801538,0.18146853146853148,0.17717206132879046
10.114408887415022,0.29178872207982426,0.18164335664335665,0.17717206132879046
10.122699386503067,0.2919260344196265,0.18181818181818182,0.17717206132879046
10.130989885591113,0.2919718051995606,0.181993006993007,0.17717206132879046
10.139280384679157,0.2922922006590992,0.18216783216783217,0.17717206132879046
10.147570883767203,0.2922922006590992,0.18216783216783217,0.17717206132879046
10.155861382855248,0.2927499084584401,0.18234265734265734,0.17717206132879046
10.164151881943292,0.2927499084584401,0.18234265734265734,0.17717206132879046
10.172442381031338,0.2928414500183083,0.1825174825174825,0.17717206132879046
10.180732880119383,0.2929787623581106,0.18269230769230768,0.17717206132879046
10.189023379207429,0.2930703039179788,0.18286713286713285,0.17717206132879046
10.197313878295473,0.29357378249725374,0.18304195804195805,0.17717206132879046
10.20560437738352,0.29371109483705604,0.18321678321678322,0.17717206132879046
10.213894876471564,0.2937568656169901,0.1833916083916084,0.17717206132879046
10.222185375559608,0.2939857195166606,0.18356643356643357,0.17717206132879046
10.230475874647654,0.2943518857561333,0.18374125874125874,0.17802385008517888
10.238766373735698,0.294718051995606,0.1839160839160839,0.17802385008517888
10.247056872823745,0.29485536433540827,0.18409090909090908,0.1788756388415673
10.255347371911789,0.29545038447455146,0.18426573426573425,0.1788756388415673
10.263637870999835,0.2956792383742219,0.18444055944055945,0.1797274275979557
10.27192837008788,0.295725009154156,0.18461538461538463,0.1797274275979557
10.280218869175924,0.29586232149395825,0.1847902097902098,0.1797274275979557
10.28850936826397,0.29590809227389236,0.18496503496503497,0.1797274275979557
10.296799867352014,0.2959538630538264,0.18513986013986014,0.1797274275979557
10.30509036644006,0.2959538630538264,0.18513986013986014,0.1797274275979557
10.313380865528105,0.29599963383376054,0.1853146853146853,0.1797274275979557
10.321671364616149,0.29622848773343097,0.18548951048951048,0.1797274275979557
10.329961863704195,0.29636580007323327,0.18566433566433566,0.1797274275979557
10.33825236279224,0.2965946539729037,0.18583916083916083,0.1797274275979557
10.346542861880286,0.2970065909923105,0.18601398601398603,0.1797274275979557
10.35483336096833,0.2970981325521787,0.1861888111888112,0.1797274275979557
10.363123860056376,0.29723544489198095,0.18636363636363637,0.18057921635434412
10.37141435914442,0.29769315269132185,0.18653846153846154,0.18057921635434412
10.379704858232465,0.29783046503112415,0.1867132867132867,0.18057921635434412
10.387995357320511,0.29805931893079457,0.18688811188811189,0.18057921635434412
10.396285856408555,0.2984254851702673,0.18706293706293706,0.18057921635434412
10.404576355496602,0.29874588062980595,0.18723776223776223,0.18057921635434412
10.412866854584646,0.29906627608934455,0.1874125874125874,0.18057921635434412
10.42115735367269,0.29906627608934455,0.1874125874125874,0.18143100511073254
10.429447852760736,0.29956975466861957,0.1875874125874126,0.18143100511073254
10.43773835184878,0.29956975466861957,0.1875874125874126,0.18143100511073254
10.446028850936827,0.29966129622848775,0.18776223776223777,0.18143100511073254
10.454319350024871,0.30007323324789453,0.18793706293706294,0.18143100511073254
10.462609849112917,0.3001647748077627,0.18811188811188811,0.18143100511073254
10.470900348200962,0.3002563163676309,0.1882867132867133,0.18143100511073254
10.479190847289006,0.3002563163676309,0.1882867132867133,0.18143100511073254
10.487481346377052,0.300302087147565,0.18846153846153846,0.18143100511073254
10.495771845465097,0.30048517026730137,0.18863636363636363,0.18143100511073254
10.504062344553143,0.30057671182716955,0.1888111888111888,0.18143100511073254
10.512352843641187,0.30057671182716955,0.1888111888111888,0.18143100511073254
10.520643342729233,0.30057671182716955,0.1888111888111888,0.18228279386712096
10.528933841817278,0.3007140241669718,0.18898601398601397,0.18228279386712096
10.537224340905322,0.3007140241669718,0.18898601398601397,0.18228279386712096
10.545514839993368,0.3007140241669718,0.18898601398601397,0.18228279386712096
10.553805339081412,0.30094287806664227,0.18916083916083917,0.18228279386712096
10.562095838169459,0.30135481508604905,0.18933566433566434,0.18228279386712096
10.570386337257503,0.30181252288538996,0.18951048951048952,0.18228279386712096
10.578676836345547,0.3021329183449286,0.1896853146853147,0.18228279386712096
10.586967335433593,0.302316001464665,0.18986013986013986,0.18313458262350937
10.595257834521638,0.302316001464665,0.18986013986013986,0.18313458262350937
10.603548333609684,0.30240754302453315,0.19003496503496503,0.18313458262350937
10.611838832697728,0.3025448553643354,0.1902097902097902,0.18313458262350937
10.620129331785774,0.3032314170633468,0.19038461538461537,0.18313458262350937
10.628419830873819,0.3032314170633468,0.19038461538461537,0.1839863713798978
10.636710329961863,0.30332295862321496,0.19055944055944055,0.1848381601362862
10.64500082904991,0.30387220798242404,0.19073426573426575,0.18568994889267462
10.653291328137954,0.3039637495422922,0.19090909090909092,0.18568994889267462
10.661581827226,0.3040095203222263,0.1910839160839161,0.18568994889267462
10.669872326314044,0.30478762358110584,0.19125874125874126,0.18568994889267462
10.678162825402088,0.3048333943610399,0.19143356643356643,0.18568994889267462
10.686453324490135,0.30501647748077626,0.1916083916083916,0.18568994889267462
10.694743823578179,0.30501647748077626,0.1916083916083916,0.18568994889267462
10.703034322666225,0.30524533138044674,0.19178321678321678,0.18654173764906304
10.71132482175427,0.30524533138044674,0.19178321678321678,0.18654173764906304
10.719615320842315,0.30556572683998534,0.19195804195804195,0.18654173764906304
10.72790581993036,0.30561149761991946,0.19213286713286715,0.18654173764906304
10.736196319018404,0.3057488099597217,0.19230769230769232,0.18654173764906304
10.74448681810645,0.30616074697912854,0.1924825174825175,0.18654173764906304
10.752777317194495,0.30661845477846944,0.19265734265734266,0.18654173764906304
10.76106781628254,0.30684730867813986,0.19283216783216783,0.18654173764906304
10.769358315370585,0.3072592456975467,0.193006993006993,0.18739352640545145
10.77764881445863,0.3072592456975467,0.193006993006993,0.18739352640545145
10.785939313546676,0.3076711827169535,0.19318181818181818,0.18739352640545145
10.79422981263472,0.3081746612962285,0.19335664335664335,0.18739352640545145
10.802520311722766,0.3084950567557671,0.19353146853146852,0.18739352640545145
10.81081081081081,0.30890699377517394,0.19370629370629372,0.18739352640545145
10.819101309898857,0.3089985353350421,0.1938811188811189,0.18739352640545145
10.827391808986901,0.30927316001464666,0.19405594405594406,0.18739352640545145
10.835682308074945,0.30973086781398756,0.19423076923076923,0.18739352640545145
10.843972807162992,0.31005126327352617,0.1944055944055944,0.18739352640545145
10.852263306251036,0.310463200292933,0.19458041958041958,0.18739352640545145
10.860553805339082,0.3107835957524716,0.19475524475524475,0.18739352640545145
10.868844304427126,0.3107835957524716,0.19475524475524475,0.18739352640545145
10.877134803515172,0.3113328451116807,0.19493006993006992,0.18739352640545145
10.885425302603217,0.31156169901135117,0.1951048951048951,0.18824531516183987
10.893715801691261,0.31197363603075795,0.1952797202797203,0.1890971039182283
10.902006300779307,0.31197363603075795,0.1952797202797203,0.1890971039182283
10.910296799867352,0.31197363603075795,0.1952797202797203,0.1890971039182283
10.918587298955398,0.3121567191504943,0.19545454545454546,0.1890971039182283
10.926877798043442,0.31266019772976933,0.19562937062937064,0.1890971039182283
10.935168297131487,0.3127059685097034,0.1958041958041958,0.1890971039182283
10.943458796219533,0.3127517392896375,0.19597902097902098,0.1890971039182283
10.951749295307577,0.31279751006957157,0.19615384615384615,0.1890971039182283
10.960039794395623,0.3130721347491761,0.19632867132867132,0.1890971039182283
10.968330293483668,0.3130721347491761,0.19632867132867132,0.1890971039182283
10.976620792571714,0.3132094470889784,0.1965034965034965,0.1899488926746167
10.984911291659758,0.3136671548883193,0.19667832167832167,0.1899488926746167
10.993201790747802,0.3136671548883193,0.19667832167832167,0.1899488926746167
11.001492289835848,0.31389600878798973,0.19685314685314687,0.1899488926746167
11.009782788923893,0.3141706334675943,0.19702797202797204,0.1899488926746167
11.018073288011939,0.3156810692054193,0.1972027972027972,0.19080068143100512
11.026363787099983,0.31572683998535334,0.19737762237762238,0.19080068143100512
11.034654286188028,0.3160014646649579,0.19755244755244755,0.19165247018739354
11.042944785276074,0.31609300622482606,0.19772727272727272,0.19165247018739354
11.051235284364118,0.31609300622482606,0.19772727272727272,0.19165247018739354
11.059525783452164,0.3164591724642988,0.1979020979020979,0.19165247018739354
11.067816282540209,0.3164591724642988,0.1979020979020979,0.19250425894378195
11.076106781628255,0.3169168802636397,0.19807692307692307,0.19250425894378195
11.0843972807163,0.3175119004027829,0.19825174825174824,0.19250425894378195
11.092687779804344,0.31755767118271694,0.19842657342657344,0.19335604770017037
11.10097827889239,0.31769498352251924,0.1986013986013986,0.19335604770017037
11.109268777980434,0.31838154522153056,0.19877622377622378,0.19420783645655879
11.11755927706848,0.31861039912120104,0.19895104895104895,0.19420783645655879
11.125849776156524,0.3186561699011351,0.19912587412587412,0.19420783645655879
11.134140275244569,0.31883925302087146,0.1993006993006993,0.19420783645655879
11.142430774332615,0.3190223361406078,0.19947552447552447,0.19420783645655879
11.15072127342066,0.31938850238008054,0.19965034965034964,0.19420783645655879
11.159011772508705,0.31952581471988284,0.1998251748251748,0.19420783645655879
11.16730227159675,0.3196631270596851,0.2,0.19420783645655879
11.175592770684796,0.3200750640790919,0.20017482517482518,0.19420783645655879
11.18388326977284,0.3200750640790919,0.20017482517482518,0.19420783645655879
11.192173768860885,0.3201666056389601,0.20034965034965035,0.19420783645655879
11.20046426794893,0.32021237641889416,0.20052447552447553,0.19420783645655879
11.208754767036975,0.32021237641889416,0.20052447552447553,0.19420783645655879
11.217045266125021,0.32076162577810324,0.2006993006993007,0.19420783645655879
11.225335765213066,0.3208531673379714,0.20087412587412587,0.19420783645655879
11.233626264301112,0.32135664591724644,0.20104895104895104,0.1950596252129472
11.241916763389156,0.3214024166971805,0.2012237762237762,0.1950596252129472
11.2502072624772,0.32172281215671916,0.2013986013986014,0.19591141396933562
11.258497761565247,0.3218601244965214,0.20157342657342658,0.19591141396933562
11.266788260653291,0.32204320761625777,0.20174825174825176,0.19591141396933562
11.275078759741337,0.32213474917612595,0.20192307692307693,0.19591141396933562
11.283369258829381,0.3223636030757964,0.2020979020979021,0.19591141396933562
11.291659757917426,0.32259245697546685,0.20227272727272727,0.19591141396933562
11.299950257005472,0.32263822775540096,0.20244755244755244,0.19591141396933562
11.308240756093516,0.32263822775540096,0.20244755244755244,0.19591141396933562
11.316531255181562,0.32309593555474186,0.20262237762237761,0.19591141396933562
11.324821754269607,0.3233705602343464,0.20279720279720279,0.19591141396933562
11.333112253357653,0.32350787257414865,0.20297202797202799,0.19591141396933562
11.341402752445697,0.32355364335408276,0.20314685314685316,0.19591141396933562
11.349693251533742,0.3238282680336873,0.20332167832167833,0.19591141396933562
11.357983750621788,0.3241486634932259,0.2034965034965035,0.19591141396933562
11.366274249709832,0.32451482973269863,0.20367132867132867,0.19591141396933562
11.374564748797878,0.32456060051263275,0.20384615384615384,0.196763202725724
11.382855247885923,0.324697912852435,0.20402097902097902,0.196763202725724
11.391145746973967,0.3248352251922373,0.2041958041958042,0.196763202725724
11.399436246062013,0.32497253753203953,0.20437062937062936,0.196763202725724
11.407726745150057,0.32520139143171,0.20454545454545456,0.19761499148211242
11.416017244238104,0.3252929329915782,0.20472027972027973,0.19761499148211242
11.424307743326148,0.3256590992310509,0.2048951048951049,0.19761499148211242
11.432598242414194,0.3256590992310509,0.2048951048951049,0.19761499148211242
11.440888741502238,0.32616257781032587,0.20506993006993007,0.19761499148211242
11.449179240590283,0.32634566093006223,0.20524475524475524,0.19761499148211242
11.457469739678329,0.32634566093006223,0.20524475524475524,0.19846678023850084
11.465760238766373,0.3265287440497986,0.20541958041958042,0.19846678023850084
11.47405073785442,0.32675759794946907,0.2055944055944056,0.19846678023850084
11.482341236942464,0.32694068106920543,0.20576923076923076,0.19846678023850084
11.49063173603051,0.32726107652874403,0.20594405594405593,0.19846678023850084
11.498922235118554,0.32726107652874403,0.20594405594405593,0.19846678023850084
11.507212734206599,0.3275357012083486,0.20611888111888113,0.19846678023850084
11.515503233294645,0.32767301354815087,0.2062937062937063,0.19846678023850084
11.52379373238269,0.3279018674478213,0.20646853146853147,0.19846678023850084
11.532084231470735,0.3279018674478213,0.20646853146853147,0.19846678023850084
11.54037473055878,0.3279476382277554,0.20664335664335665,0.19846678023850084
11.548665229646824,0.3283595752471622,0.20681818181818182,0.19846678023850084
11.55695572873487,0.3283595752471622,0.20681818181818182,0.19846678023850084
11.565246227822914,0.3284511168070304,0.206993006993007,0.19931856899488926
11.57353672691096,0.3284511168070304,0.206993006993007,0.19931856899488926
11.581827225999005,0.3284968875869645,0.20716783216783216,0.20017035775127767
11.590117725087051,0.32854265836689855,0.20734265734265733,0.20017035775127767
11.598408224175095,0.32867997070670085,0.2075174825174825,0.2010221465076661
11.60669872326314,0.3290461369461736,0.2076923076923077,0.2010221465076661
11.614989222351186,0.32922922006590993,0.20786713286713288,0.2010221465076661
11.62327972143923,0.3294123031856463,0.20804195804195805,0.2018739352640545
11.631570220527276,0.32954961552544854,0.20821678321678322,0.2018739352640545
11.63986071961532,0.3296411570853167,0.2083916083916084,0.2018739352640545
11.648151218703365,0.3296411570853167,0.2083916083916084,0.2018739352640545
11.656441717791411,0.3298242402050531,0.20856643356643356,0.2018739352640545
11.664732216879456,0.32991578176492126,0.20874125874125873,0.2018739352640545
11.673022715967502,0.3303277187843281,0.2089160839160839,0.2018739352640545
11.681313215055546,0.33051080190406446,0.20909090909090908,0.20272572402044292
11.689603714143592,0.3306481142438667,0.20926573426573428,0.20272572402044292
11.697894213231637,0.33083119736360306,0.20944055944055945,0.20272572402044292
11.706184712319681,0.3311058220432076,0.20961538461538462,0.20272572402044292
11.714475211407727,0.3311058220432076,0.20961538461538462,0.20272572402044292
11.722765710495771,0.3311058220432076,0.20961538461538462,0.20272572402044292
11.731056209583818,0.3316550714024167,0.2097902097902098,0.20272572402044292
11.739346708671862,0.3321585499816917,0.20996503496503496,0.20272572402044292
11.747637207759906,0.3321585499816917,0.20996503496503496,0.20272572402044292
11.755927706847952,0.3322500915415599,0.21013986013986014,0.20272572402044292
11.764218205935997,0.3323874038813621,0.2103146853146853,0.20272572402044292
11.772508705024043,0.3323874038813621,0.2103146853146853,0.20272572402044292
11.780799204112087,0.3323874038813621,0.2103146853146853,0.20272572402044292
11.789089703200133,0.3325247162211644,0.21048951048951048,0.20272572402044292
11.797380202288178,0.3325247162211644,0.21048951048951048,0.20272572402044292
11.805670701376222,0.3325247162211644,0.21048951048951048,0.20272572402044292
11.813961200464268,0.3325704870010985,0.21066433566433568,0.20272572402044292
11.822251699552313,0.3329366532405712,0.21083916083916085,0.20272572402044292
11.830542198640359,0.3334401318198462,0.21101398601398602,0.20272572402044292
11.838832697728403,0.3335316733797144,0.2111888111888112,0.20272572402044292
11.84712319681645,0.3335316733797144,0.2111888111888112,0.20272572402044292
11.855413695904494,0.3339893811790553,0.21136363636363636,0.20272572402044292
11.863704194992538,0.3342182350787257,0.21153846153846154,0.20272572402044292
11.871994694080584,0.334355547418528,0.2117132867132867,0.20272572402044292
11.880285193168628,0.334355547418528,0.2117132867132867,0.20272572402044292
11.888575692256675,0.3347674844379348,0.21188811188811188,0.20272572402044292
11.896866191344719,0.3351336506774075,0.21206293706293705,0.20272572402044292
11.905156690432763,0.3353167337971439,0.21223776223776225,0.20272572402044292
11.91344718952081,0.33540827535701206,0.21241258741258742,0.20272572402044292
11.921737688608854,0.3357286708165507,0.2125874125874126,0.20272572402044292
11.9300281876969,0.3358202123764189,0.21276223776223777,0.20272572402044292
11.938318686784944,0.33632369095569387,0.21293706293706294,0.20272572402044292
11.94660918587299,0.336369461735628,0.2131118881118881,0.20272572402044292
11.954899684961035,0.3365983156352984,0.21328671328671328,0.20272572402044292
11.963190184049079,0.33733064811424385,0.21346153846153845,0.20272572402044292
11.971480683137125,0.33733064811424385,0.21346153846153845,0.20272572402044292
11.97977118222517,0.33733064811424385,0.21346153846153845,0.20272572402044292
11.988061681313216,0.33733064811424385,0.21346153846153845,0.20357751277683134
11.99635218040126,0.3376052727938484,0.21363636363636362,0.20357751277683134
12.004642679489304,0.33783412669351887,0.21381118881118882,0.20442930153321975
12.01293317857735,0.3380629805931893,0.213986013986014,0.20442930153321975
12.021223677665395,0.33838337605272795,0.21416083916083917,0.20442930153321975
12.029514176753441,0.33838337605272795,0.21416083916083917,0.20442930153321975
12.037804675841485,0.33838337605272795,0.21416083916083917,0.20442930153321975
12.046095174929532,0.33884108385206885,0.21433566433566434,0.20442930153321975
12.054385674017576,0.33884108385206885,0.21433566433566434,0.20442930153321975
12.06267617310562,0.3391157085316734,0.2145104895104895,0.20442930153321975
12.070966672193666,0.3394818747711461,0.21468531468531468,0.20442930153321975
12.07925717128171,0.33966495789088247,0.21486013986013985,0.20442930153321975
12.087547670369757,0.34007689491028925,0.21503496503496503,0.20442930153321975
12.095838169457801,0.34067191504943245,0.2152097902097902,0.20442930153321975
12.104128668545847,0.34112962284877335,0.2153846153846154,0.20442930153321975
12.112419167633892,0.3412669351885756,0.21555944055944057,0.20528109028960817
12.120709666721936,0.3417246429879165,0.21573426573426574,0.20528109028960817
12.129000165809982,0.34199926766752103,0.2159090909090909,0.20528109028960817
12.137290664898027,0.34199926766752103,0.2159090909090909,0.20528109028960817
12.145581163986073,0.34213658000732333,0.21608391608391608,0.20528109028960817
12.153871663074117,0.3422281215671915,0.21625874125874125,0.20528109028960817
12.162162162162161,0.3422738923471256,0.21643356643356643,0.2061328790459966
12.170452661250208,0.3426858293665324,0.2166083916083916,0.2061328790459966
12.178743160338252,0.343006224826071,0.21678321678321677,0.2061328790459966
12.187033659426298,0.34341816184547785,0.21695804195804197,0.2061328790459966
12.195324158514342,0.34350970340534603,0.21713286713286714,0.2061328790459966
12.203614657602389,0.3436470157451483,0.2173076923076923,0.2061328790459966
12.211905156690433,0.34419626510435736,0.21748251748251748,0.2061328790459966
12.220195655778477,0.3443793482240937,0.21765734265734266,0.2061328790459966
12.228486154866523,0.3443793482240937,0.21765734265734266,0.2061328790459966
12.236776653954568,0.3446997436836324,0.21783216783216783,0.2061328790459966
12.245067153042614,0.34474551446356644,0.218006993006993,0.2061328790459966
12.253357652130658,0.3449285975833028,0.21818181818181817,0.2061328790459966
12.261648151218703,0.34534053460270964,0.21835664335664334,0.2061328790459966
12.269938650306749,0.3454320761625778,0.21853146853146854,0.2061328790459966
12.278229149394793,0.34570670084218236,0.21870629370629371,0.2061328790459966
12.28651964848284,0.3457524716221164,0.21888111888111889,0.2061328790459966
12.294810147570884,0.34579824240205054,0.21905594405594406,0.2061328790459966
12.30310064665893,0.3460728670816551,0.21923076923076923,0.2061328790459966
12.311391145746974,0.3460728670816551,0.21923076923076923,0.2061328790459966
12.319681644835018,0.3460728670816551,0.21923076923076923,0.2061328790459966
12.327972143923065,0.34611863786158914,0.2194055944055944,0.2061328790459966
12.336262643011109,0.3463474917612596,0.21958041958041957,0.2061328790459966
12.344553142099155,0.3463474917612596,0.21958041958041957,0.2061328790459966
12.3528436411872,0.3464390333211278,0.21975524475524474,0.2061328790459966
12.361134140275244,0.346530574880996,0.21993006993006994,0.2061328790459966
12.36942463936329,0.34662211644086416,0.22010489510489512,0.2061328790459966
12.377715138451334,0.3467594287806664,0.2202797202797203,0.2061328790459966
12.38600563753938,0.3467594287806664,0.2202797202797203,0.2061328790459966
12.394296136627425,0.3468509703405346,0.22045454545454546,0.2061328790459966
12.40258663571547,0.34703405346027094,0.22062937062937063,0.2061328790459966
12.410877134803515,0.34707982424020506,0.2208041958041958,0.2061328790459966
12.41916763389156,0.3471255950201391,0.22097902097902097,0.2061328790459966
12.427458132979606,0.34753753203954596,0.22115384615384615,0.2061328790459966
12.43574863206765,0.3477206151592823,0.22132867132867132,0.2061328790459966
12.444039131155696,0.3480410106188209,0.22150349650349652,0.2061328790459966
12.45232963024374,0.34854448919809594,0.2216783216783217,0.2061328790459966
12.460620129331787,0.3491395093372391,0.22185314685314686,0.206984667802385
12.468910628419831,0.3491395093372391,0.22185314685314686,0.206984667802385
12.477201127507875,0.3495056755767118,0.22202797202797203,0.206984667802385
12.485491626595921,0.34968875869644817,0.2222027972027972,0.206984667802385
12.493782125683966,0.3497345294763823,0.22237762237762237,0.206984667802385
12.502072624772012,0.34991761259611864,0.22255244755244755,0.206984667802385
12.510363123860056,0.3503295496155254,0.22272727272727272,0.206984667802385
12.5186536229481,0.3505126327352618,0.2229020979020979,0.206984667802385
12.526944122036147,0.3505126327352618,0.2229020979020979,0.206984667802385
12.535234621124191,0.35069571585499815,0.2230769230769231,0.206984667802385
12.543525120212237,0.3509245697546686,0.22325174825174826,0.206984667802385
12.551815619300282,0.351107652874405,0.22342657342657343,0.206984667802385
12.560106118388328,0.351107652874405,0.22342657342657343,0.206984667802385
12.568396617476372,0.35129073599414135,0.2236013986013986,0.206984667802385
12.576687116564417,0.3513822775540095,0.22377622377622378,0.206984667802385
12.584977615652463,0.3513822775540095,0.22377622377622378,0.20783645655877342
12.593268114740507,0.3513822775540095,0.22377622377622378,0.20783645655877342
12.601558613828553,0.35197729769315267,0.22395104895104895,0.20783645655877342
12.609849112916597,0.35206883925302085,0.22412587412587412,0.20783645655877342
12.618139612004642,0.35211461003295497,0.2243006993006993,0.20783645655877342
12.626430111092688,0.35211461003295497,0.2243006993006993,0.20868824531516184
12.634720610180732,0.35211461003295497,0.2243006993006993,0.20868824531516184
12.643011109268778,0.35289271329183447,0.22447552447552446,0.20868824531516184
12.651301608356823,0.35298425485170265,0.22465034965034966,0.20868824531516184
12.659592107444869,0.35321310875137313,0.22482517482517483,0.20868824531516184
12.667882606532913,0.3532588795313072,0.225,0.20954003407155025
12.676173105620958,0.35357927499084585,0.22517482517482518,0.20954003407155025
12.684463604709004,0.3536250457707799,0.22534965034965035,0.20954003407155025
12.692754103797048,0.35367081655071403,0.22552447552447552,0.21039182282793867
12.701044602885094,0.35389967045038445,0.2256993006993007,0.21039182282793867
12.709335101973139,0.35394544123031857,0.22587412587412586,0.21039182282793867
12.717625601061183,0.35394544123031857,0.22587412587412586,0.21039182282793867
12.72591610014923,0.35440314902965947,0.22604895104895104,0.21039182282793867
12.734206599237273,0.3546320029293299,0.22622377622377624,0.21039182282793867
12.74249709832532,0.3546320029293299,0.22622377622377624,0.21039182282793867
12.750787597413364,0.3546320029293299,0.22622377622377624,0.21039182282793867
12.75907809650141,0.35486085682900037,0.2263986013986014,0.21039182282793867
12.767368595589454,0.35495239838886855,0.22657342657342658,0.21039182282793867
12.775659094677499,0.35495239838886855,0.22657342657342658,0.21039182282793867
12.783949593765545,0.3554558769681435,0.22674825174825175,0.21039182282793867
12.79224009285359,0.3555931893079458,0.22692307692307692,0.21039182282793867
12.800530591941635,0.355684730867814,0.2270979020979021,0.21039182282793867
12.80882109102968,0.35586781398755035,0.22727272727272727,0.21039182282793867
12.817111590117726,0.3559135847674844,0.22744755244755244,0.21039182282793867
12.82540208920577,0.3560051263273526,0.2276223776223776,0.21039182282793867
12.833692588293815,0.3560051263273526,0.2276223776223776,0.21039182282793867
12.84198308738186,0.3560051263273526,0.2276223776223776,0.21039182282793867
12.850273586469905,0.3563712925668253,0.2277972027972028,0.21039182282793867
12.858564085557951,0.3565543756865617,0.22797202797202798,0.21039182282793867
12.866854584645996,0.35673745880629804,0.22814685314685315,0.21039182282793867
12.87514508373404,0.3568290003661662,0.22832167832167832,0.21039182282793867
12.883435582822086,0.3568290003661662,0.22832167832167832,0.21039182282793867
12.89172608191013,0.35687477114610033,0.2284965034965035,0.21039182282793867
12.900016580998177,0.3569205419260344,0.22867132867132867,0.21124361158432708
12.908307080086221,0.3570578542658367,0.22884615384615384,0.21124361158432708
12.916597579174267,0.3570578542658367,0.22884615384615384,0.21124361158432708
12.924888078262311,0.3570578542658367,0.22884615384615384,0.21124361158432708
12.933178577350356,0.35724093738557305,0.229020979020979,0.21124361158432708
12.941469076438402,0.3573782497253753,0.2291958041958042,0.2120954003407155
12.949759575526446,0.3574697912852435,0.22937062937062938,0.2120954003407155
12.958050074614492,0.35765287440497984,0.22954545454545455,0.2120954003407155
12.966340573702537,0.357744415964848,0.22972027972027972,0.2120954003407155
12.974631072790581,0.3578359575247162,0.2298951048951049,0.2120954003407155
12.982921571878627,0.3582936653240571,0.23006993006993007,0.2120954003407155
12.991212070966672,0.3585225192237276,0.23024475524475524,0.2120954003407155
12.999502570054718,0.35856829000366164,0.2304195804195804,0.2120954003407155
13.007793069142762,0.35861406078359576,0.23059440559440558,0.2120954003407155
13.016083568230808,0.3588886854632003,0.23076923076923078,0.2120954003407155
13.024374067318853,0.35907176858293666,0.23094405594405595,0.2120954003407155
13.032664566406897,0.35962101794214574,0.23111888111888113,0.2120954003407155
13.040955065494943,0.35984987184181616,0.2312937062937063,0.2120954003407155
13.049245564582987,0.35984987184181616,0.2312937062937063,0.2120954003407155
13.057536063671034,0.3601702673013548,0.23146853146853147,0.2120954003407155
13.065826562759078,0.36053643354082754,0.23164335664335664,0.2120954003407155
13.074117061847124,0.36090259978030026,0.2318181818181818,0.21294718909710392
13.082407560935168,0.36090259978030026,0.2318181818181818,0.21294718909710392
13.090698060023213,0.3610856829000366,0.23199300699300698,0.21379897785349233
13.098988559111259,0.361268766019773,0.23216783216783216,0.21379897785349233
13.107279058199303,0.3615891614793116,0.23234265734265735,0.21379897785349233
13.11556955728735,0.3616349322592457,0.23251748251748253,0.21379897785349233
13.123860056375394,0.36190955693885024,0.2326923076923077,0.21379897785349233
13.132150555463438,0.36190955693885024,0.2326923076923077,0.21379897785349233
13.140441054551484,0.36190955693885024,0.2326923076923077,0.21379897785349233
13.148731553639529,0.3621841816184548,0.23286713286713287,0.21379897785349233
13.157022052727575,0.3621841816184548,0.23286713286713287,0.21465076660988075
13.165312551815619,0.36222995239838884,0.23304195804195804,0.21465076660988075
13.173603050903665,0.36222995239838884,0.23304195804195804,0.21465076660988075
13.18189354999171,0.362321493958257,0.2332167832167832,0.21465076660988075
13.190184049079754,0.3625503478579275,0.23339160839160839,0.21550255536626917
13.1984745481678,0.3630080556572684,0.23356643356643356,0.21550255536626917
13.206765047255844,0.363328451116807,0.23374125874125873,0.21550255536626917
13.21505554634389,0.3635573050164775,0.23391608391608393,0.21550255536626917
13.223346045431935,0.36360307579641155,0.2340909090909091,0.21550255536626917
13.23163654451998,0.36364884657634566,0.23426573426573427,0.21550255536626917
13.239927043608025,0.363831929696082,0.23444055944055944,0.21550255536626917
13.24821754269607,0.363831929696082,0.23444055944055944,0.21550255536626917
13.256508041784116,0.36419809593555474,0.23461538461538461,0.21550255536626917
13.26479854087216,0.36442694983522517,0.2347902097902098,0.21550255536626917
13.273089039960206,0.36442694983522517,0.2347902097902098,0.21550255536626917
13.28137953904825,0.3644727206151593,0.23496503496503496,0.21550255536626917
13.289670038136295,0.3644727206151593,0.23496503496503496,0.21550255536626917
13.297960537224341,0.36497619919443425,0.23513986013986013,0.21550255536626917
13.306251036312386,0.3652050530941047,0.2353146853146853,0.21550255536626917
13.314541535400432,0.3652050530941047,0.2353146853146853,0.21550255536626917
13.322832034488476,0.36547967777370927,0.2354895104895105,0.21550255536626917
13.33112253357652,0.365845844013182,0.23566433566433567,0.21550255536626917
13.339413032664567,0.3660746979128524,0.23583916083916084,0.21635434412265758
13.347703531752611,0.3665324057121933,0.23601398601398602,0.217206132879046
13.355994030840657,0.3674478213108751,0.2361888111888112,0.21805792163543442
13.364284529928701,0.3675851336506774,0.23636363636363636,0.21805792163543442
13.372575029016748,0.36781398755034783,0.23653846153846153,0.21805792163543442
13.380865528104792,0.36781398755034783,0.23653846153846153,0.21805792163543442
13.389156027192836,0.3683632369095569,0.2367132867132867,0.21805792163543442
13.397446526280882,0.3683632369095569,0.2367132867132867,0.21805792163543442
13.405737025368927,0.3688209447088978,0.2368881118881119,0.21805792163543442
13.414027524456973,0.3688209447088978,0.2368881118881119,0.21805792163543442
13.422318023545017,0.3689582570487001,0.23706293706293707,0.21805792163543442
13.430608522633063,0.3690497986085683,0.23723776223776225,0.21890971039182283
13.438899021721108,0.3692786525082387,0.23741258741258742,0.21890971039182283
13.447189520809152,0.3694617356279751,0.2375874125874126,0.21976149914821125
13.455480019897198,0.36955327718784325,0.23776223776223776,0.21976149914821125
13.463770518985243,0.36964481874771143,0.23793706293706293,0.21976149914821125
13.472061018073289,0.3702856096667887,0.2381118881118881,0.21976149914821125
13.480351517161333,0.3705144635664592,0.23828671328671328,0.21976149914821125
13.488642016249377,0.3707890882460637,0.23846153846153847,0.21976149914821125
13.496932515337424,0.3713383376052728,0.23863636363636365,0.21976149914821125
13.505223014425468,0.371429879165141,0.23881118881118882,0.21976149914821125
13.513513513513514,0.3716587330648114,0.238986013986014,0.21976149914821125
13.521804012601558,0.3717502746246796,0.23916083916083916,0.21976149914821125
13.530094511689605,0.3717502746246796,0.23916083916083916,0.21976149914821125
13.538385010777649,0.37184181618454776,0.23933566433566433,0.21976149914821125
13.546675509865693,0.37229952398388866,0.2395104895104895,0.21976149914821125
13.55496600895374,0.37243683632369096,0.23968531468531468,0.21976149914821125
13.563256508041784,0.37243683632369096,0.23968531468531468,0.21976149914821125
13.57154700712983,0.372482607103625,0.23986013986013985,0.21976149914821125
13.579837506217874,0.3726656902233614,0.24003496503496505,0.21976149914821125
13.588128005305919,0.3727114610032955,0.24020979020979022,0.21976149914821125
13.596418504393965,0.37284877334309774,0.2403846153846154,0.21976149914821125
13.604709003482009,0.3729403149029659,0.24055944055944056,0.21976149914821125
13.612999502570055,0.3731233980227023,0.24073426573426573,0.21976149914821125
13.6212900016581,0.37376418894177954,0.2409090909090909,0.21976149914821125
13.629580500746146,0.37380995972171366,0.24108391608391608,0.21976149914821125
13.63787099983419,0.37380995972171366,0.24108391608391608,0.21976149914821125
13.646161498922234,0.37413035518125226,0.24125874125874125,0.22061328790459966
13.65445199801028,0.3745422922006591,0.24143356643356642,0.22061328790459966
13.662742497098325,0.3746338337605273,0.24160839160839162,0.22061328790459966
13.671032996186371,0.37467960454046134,0.2417832167832168,0.22061328790459966
13.679323495274415,0.37481691688026364,0.24195804195804196,0.22061328790459966
13.68761399436246,0.3749542292200659,0.24213286713286714,0.22061328790459966
13.695904493450506,0.375,0.2423076923076923,0.22146507666098808
13.70419499253855,0.37541193701940684,0.24248251748251748,0.2223168654173765
13.712485491626596,0.375503478579275,0.24265734265734265,0.2223168654173765
13.72077599071464,0.37600695715855,0.24283216783216782,0.2223168654173765
13.729066489802687,0.3760527279384841,0.243006993006993,0.2223168654173765
13.737356988890731,0.3760527279384841,0.243006993006993,0.2223168654173765
13.745647487978776,0.37609849871841816,0.2431818181818182,0.2223168654173765
13.753937987066822,0.3761442694983523,0.24335664335664337,0.2223168654173765
13.762228486154866,0.37623581105822046,0.24353146853146854,0.2223168654173765
13.770518985242912,0.376510435737825,0.2437062937062937,0.2223168654173765
13.778809484330957,0.37669351885756136,0.24388111888111888,0.2223168654173765
13.787099983419003,0.37701391431709996,0.24405594405594405,0.2223168654173765
13.795390482507047,0.37710545587696814,0.24423076923076922,0.2223168654173765
13.803680981595091,0.37715122665690226,0.2444055944055944,0.2223168654173765
13.811971480683138,0.377517392896375,0.24458041958041957,0.2223168654173765
13.820261979771182,0.37756316367630904,0.24475524475524477,0.2223168654173765
13.828552478859228,0.3777920175759795,0.24493006993006994,0.2223168654173765
13.836842977947272,0.3779751006957159,0.2451048951048951,0.2223168654173765
13.845133477035317,0.3779751006957159,0.2451048951048951,0.2223168654173765
13.853423976123363,0.37852435005492496,0.24527972027972028,0.2223168654173765
13.861714475211407,0.378570120834859,0.24545454545454545,0.2223168654173765
13.870004974299453,0.37907359941413404,0.24562937062937062,0.2223168654173765
13.878295473387498,0.3791193701940681,0.2458041958041958,0.2223168654173765
13.886585972475544,0.3792109117539363,0.24597902097902097,0.2223168654173765
13.894876471563588,0.3793482240937386,0.24615384615384617,0.2223168654173765
13.903166970651633,0.37953130721347494,0.24632867132867134,0.2223168654173765
13.911457469739679,0.379577077993409,0.2465034965034965,0.2223168654173765
13.919747968827723,0.3796228487733431,0.24667832167832168,0.2223168654173765
13.92803846791577,0.3797143903332113,0.24685314685314685,0.2223168654173765
13.936328967003814,0.37976016111314537,0.24702797202797203,0.2223168654173765
13.944619466091858,0.3802636396924204,0.2472027972027972,0.2223168654173765
13.952909965179904,0.38035518125228857,0.24737762237762237,0.2223168654173765
13.961200464267948,0.3806298059318931,0.24755244755244754,0.2223168654173765
13.969490963355994,0.3809502013914317,0.24772727272727274,0.2223168654173765
13.977781462444039,0.38136213841083855,0.2479020979020979,0.2223168654173765
13.986071961532085,0.38136213841083855,0.2479020979020979,0.2231686541737649
13.99436246062013,0.3814079091907726,0.24807692307692308,0.2231686541737649
14.002652959708174,0.3814536799707067,0.24825174825174826,0.2231686541737649
14.01094345879622,0.38172830465031127,0.24842657342657343,0.2231686541737649
14.019233957884264,0.38181984621017945,0.2486013986013986,0.2231686541737649
14.02752445697231,0.38218601244965217,0.24877622377622377,0.2231686541737649
14.035814956060355,0.38218601244965217,0.24877622377622377,0.2231686541737649
14.0441054551484,0.38236909556938853,0.24895104895104894,0.22402044293015333
14.052395954236445,0.3825521786891249,0.2491258741258741,0.22402044293015333
14.06068645332449,0.3825521786891249,0.2491258741258741,0.22402044293015333
14.068976952412536,0.38259794946905895,0.2493006993006993,0.22487223168654175
14.07726745150058,0.38268949102892713,0.24947552447552448,0.22487223168654175
14.085557950588626,0.3829183449285976,0.24965034965034966,0.22487223168654175
14.09384844967667,0.3832387403881362,0.24982517482517483,0.22487223168654175
14.102138948764715,0.3832387403881362,0.24982517482517483,0.22487223168654175
14.110429447852761,0.3834218235078726,0.25,0.22487223168654175
14.118719946940805,0.38351336506774075,0.2501748251748252,0.22572402044293016
14.127010446028851,0.38351336506774075,0.2501748251748252,0.22572402044293016
14.135300945116896,0.38397107286708165,0.25034965034965034,0.22572402044293016
14.143591444204942,0.3842914683266203,0.25052447552447554,0.22657580919931858
14.151881943292986,0.38456609300622485,0.2506993006993007,0.22657580919931858
14.16017244238103,0.3846118637861589,0.2508741258741259,0.22657580919931858
14.168462941469077,0.3847949469058953,0.25104895104895103,0.22657580919931858
14.176753440557121,0.38493225924569757,0.25122377622377623,0.22657580919931858
14.185043939645167,0.38493225924569757,0.25122377622377623,0.22657580919931858
14.193334438733212,0.38502380080556575,0.2513986013986014,0.22657580919931858
14.201624937821256,0.3852984254851703,0.2515734265734266,0.22657580919931858
14.209915436909302,0.3853899670450385,0.2517482517482518,0.22657580919931858
14.218205935997347,0.3858476748443794,0.2519230769230769,0.22657580919931858
14.226496435085393,0.38589344562431344,0.2520979020979021,0.22657580919931858
14.234786934173437,0.38625961186378616,0.25227272727272726,0.22657580919931858
14.243077433261483,0.3865342365433907,0.25244755244755246,0.227427597955707
14.251367932349527,0.3869919443427316,0.2526223776223776,0.2282793867120954
14.259658431437572,0.3869919443427316,0.2526223776223776,0.2282793867120954
14.267948930525618,0.3871292566825339,0.2527972027972028,0.2282793867120954
14.276239429613662,0.38731233980227026,0.25297202797202795,0.2282793867120954
14.284529928701708,0.3875869644818748,0.25314685314685315,0.2282793867120954
14.292820427789753,0.3879531307213475,0.25332167832167835,0.2282793867120954
14.301110926877797,0.3880446722812157,0.2534965034965035,0.2282793867120954
14.309401425965843,0.38831929696082024,0.2536713286713287,0.2282793867120954
14.317691925053888,0.38854815086049066,0.25384615384615383,0.2282793867120954
14.325982424141934,0.38863969242035884,0.25402097902097903,0.2282793867120954
14.334272923229978,0.388731233980227,0.2541958041958042,0.2282793867120954
14.342563422318024,0.388731233980227,0.2541958041958042,0.2282793867120954
14.350853921406069,0.3888227755400952,0.2543706293706294,0.22913117546848383
14.359144420494113,0.3889600878798975,0.2545454545454545,0.22913117546848383
14.36743491958216,0.38900585865983156,0.2547202797202797,0.22913117546848383
14.375725418670203,0.3892804833394361,0.2548951048951049,0.22913117546848383
14.38401591775825,0.38955510801904064,0.25506993006993006,0.22998296422487224
14.392306416846294,0.3898297326986452,0.25524475524475526,0.22998296422487224
14.40059691593434,0.3898755034785793,0.2554195804195804,0.22998296422487224
14.408887415022384,0.38992127425851336,0.2555944055944056,0.22998296422487224
14.417177914110429,0.3905620651775906,0.25576923076923075,0.22998296422487224
14.425468413198475,0.391248626876602,0.25594405594405595,0.22998296422487224
14.43375891228652,0.391248626876602,0.25594405594405595,0.22998296422487224
14.442049411374565,0.3916605638960088,0.2561188811188811,0.22998296422487224
14.45033991046261,0.3917978762358111,0.2562937062937063,0.22998296422487224
14.458630409550654,0.3917978762358111,0.2562937062937063,0.22998296422487224
14.4669209086387,0.39198095935554744,0.2564685314685315,0.22998296422487224
14.475211407726745,0.39198095935554744,0.2564685314685315,0.22998296422487224
14.48350190681479,0.3926217502746247,0.25664335664335663,0.22998296422487224
14.491792405902835,0.39266752105455877,0.25681818181818183,0.22998296422487224
14.500082904990881,0.3927132918344929,0.256993006993007,0.22998296422487224
14.508373404078926,0.3929421457341633,0.2571678321678322,0.22998296422487224
14.51666390316697,0.39335408275357014,0.2573426573426573,0.22998296422487224
14.524954402255016,0.39335408275357014,0.2573426573426573,0.22998296422487224
14.53324490134306,0.39358293665324057,0.2575174825174825,0.22998296422487224
14.541535400431107,0.39372024899304287,0.25769230769230766,0.22998296422487224
14.549825899519151,0.39372024899304287,0.25769230769230766,0.22998296422487224
14.558116398607195,0.3939948736726474,0.25786713286713286,0.22998296422487224
14.566406897695241,0.3940864152325156,0.25804195804195806,0.22998296422487224
14.574697396783286,0.39422372757231783,0.2582167832167832,0.22998296422487224
14.582987895871332,0.39422372757231783,0.2582167832167832,0.22998296422487224
14.591278394959376,0.3944525814719883,0.2583916083916084,0.22998296422487224
14.599568894047422,0.3944525814719883,0.2583916083916084,0.22998296422487224
14.607859393135467,0.39468143537165873,0.25856643356643355,0.22998296422487224
14.616149892223511,0.39495606005126327,0.25874125874125875,0.22998296422487224
14.624440391311557,0.39495606005126327,0.25874125874125875,0.22998296422487224
14.632730890399602,0.3953679970706701,0.2589160839160839,0.22998296422487224
14.641021389487648,0.39555108019040647,0.2590909090909091,0.22998296422487224
14.649311888575692,0.39587147564994507,0.2592657342657343,0.22998296422487224
14.657602387663738,0.39587147564994507,0.2592657342657343,0.22998296422487224
14.665892886751783,0.3959172464298792,0.25944055944055944,0.22998296422487224
14.674183385839827,0.39605455876968143,0.25961538461538464,0.22998296422487224
14.682473884927873,0.3961461003295496,0.2597902097902098,0.22998296422487224
14.690764384015917,0.3962376418894178,0.259965034965035,0.22998296422487224
14.699054883103964,0.3966038081288905,0.2601398601398601,0.22998296422487224
14.707345382192008,0.39664957890882463,0.2603146853146853,0.22998296422487224
14.715635881280052,0.3971988282680337,0.26048951048951047,0.22998296422487224
14.723926380368098,0.39742768216770413,0.26066433566433567,0.22998296422487224
14.732216879456143,0.39756499450750643,0.26083916083916087,0.22998296422487224
14.740507378544189,0.3976107652874405,0.261013986013986,0.23083475298126066
14.748797877632233,0.39783961918711097,0.2611888111888112,0.23083475298126066
14.75708837672028,0.3979769315269132,0.26136363636363635,0.23083475298126066
14.765378875808324,0.3982057854265837,0.26153846153846155,0.23083475298126066
14.773669374896368,0.39838886854632005,0.2617132867132867,0.23083475298126066
14.781959873984414,0.3984346393262541,0.2618881118881119,0.23083475298126066
14.790250373072459,0.39884657634566095,0.26206293706293704,0.23083475298126066
14.798540872160505,0.39930428414500185,0.26223776223776224,0.23083475298126066
14.806831371248549,0.3994873672647382,0.26241258741258744,0.23083475298126066
14.815121870336593,0.3995331380446723,0.2625874125874126,0.23083475298126066
14.82341236942464,0.3995789088246064,0.2627622377622378,0.23083475298126066
14.831702868512684,0.3995789088246064,0.2627622377622378,0.23083475298126066
14.83999336760073,0.40008238740388136,0.2629370629370629,0.23083475298126066
14.848283866688774,0.40008238740388136,0.2629370629370629,0.23083475298126066
14.85657436577682,0.40017392896374954,0.2631118881118881,0.23083475298126066
14.864864864864865,0.40031124130355183,0.26328671328671327,0.23168654173764908
14.87315536395291,0.40054009520322226,0.26346153846153847,0.23168654173764908
14.881445863040955,0.40054009520322226,0.26346153846153847,0.23168654173764908
14.889736362129,0.4007231783229586,0.2636363636363636,0.23168654173764908
14.898026861217046,0.40108934456243134,0.2638111888111888,0.23168654173764908
14.90631736030509,0.40113511534236546,0.263986013986014,0.23168654173764908
14.914607859393135,0.4012724276821677,0.26416083916083916,0.23168654173764908
14.92289835848118,0.4012724276821677,0.26416083916083916,0.23168654173764908
14.931188857569225,0.40145551080190406,0.26433566433566436,0.23168654173764908
14.939479356657271,0.4017301354815086,0.2645104895104895,0.23168654173764908
14.947769855745316,0.4017301354815086,0.2645104895104895,0.23168654173764908
14.956060354833362,0.40191321860124496,0.2646853146853147,0.23168654173764908
14.964350853921406,0.40214207250091544,0.26486013986013984,0.23168654173764908
14.97264135300945,0.4021878432808495,0.26503496503496504,0.23253833049403747
14.980931852097497,0.4022336140607836,0.2652097902097902,0.23253833049403747
14.989222351185541,0.4022336140607836,0.2652097902097902,0.23339011925042588
14.997512850273587,0.4022793848407177,0.2653846153846154,0.23339011925042588
15.005803349361631,0.4022793848407177,0.2653846153846154,0.23339011925042588
15.014093848449678,0.40241669718052,0.2655594405594406,0.2342419080068143
15.022384347537722,0.40259978030025634,0.26573426573426573,0.2342419080068143
15.030674846625766,0.4026913218601245,0.26590909090909093,0.2342419080068143
15.038965345713812,0.40296594653972906,0.26608391608391607,0.2342419080068143
15.047255844801857,0.4031490296594654,0.26625874125874127,0.2342419080068143
15.055546343889903,0.4031490296594654,0.26625874125874127,0.2342419080068143
15.063836842977947,0.4031490296594654,0.26625874125874127,0.2342419080068143
15.072127342065992,0.40337788355913584,0.2664335664335664,0.2342419080068143
15.080417841154038,0.40342365433906996,0.2666083916083916,0.2342419080068143
15.088708340242082,0.40342365433906996,0.2666083916083916,0.2342419080068143
15.096998839330128,0.4035609666788722,0.26678321678321676,0.2342419080068143
15.105289338418173,0.4042475283778836,0.26695804195804196,0.23509369676320271
15.113579837506219,0.4046136946173563,0.26713286713286716,0.23509369676320271
15.121870336594263,0.40475100695715854,0.2673076923076923,0.23509369676320271
15.130160835682307,0.404979860856829,0.2674825174825175,0.23509369676320271
15.138451334770354,0.404979860856829,0.2674825174825175,0.23509369676320271
15.146741833858398,0.40534602709630174,0.26765734265734265,0.23509369676320271
15.155032332946444,0.40566642255584034,0.26783216783216784,0.23509369676320271
15.163322832034488,0.4057579641157085,0.268006993006993,0.23509369676320271
15.171613331122533,0.4057579641157085,0.268006993006993,0.23509369676320271
15.179903830210579,0.4060783595752472,0.2681818181818182,0.23509369676320271
15.188194329298623,0.40616990113511536,0.26835664335664333,0.23509369676320271
15.19648482838667,0.40649029659465397,0.26853146853146853,0.23509369676320271
15.204775327474714,0.40649029659465397,0.26853146853146853,0.23509369676320271
15.21306582656276,0.40649029659465397,0.26853146853146853,0.23509369676320271
15.221356325650804,0.4071310875137312,0.26870629370629373,0.23594548551959113
15.229646824738849,0.4072683998535335,0.2688811188811189,0.23594548551959113
15.237937323826895,0.4076803368729403,0.2690559440559441,0.23594548551959113
15.246227822914939,0.40800073233247897,0.2692307692307692,0.23594548551959113
15.254518322002985,0.40804650311241303,0.2694055944055944,0.23594548551959113
15.26280882109103,0.40804650311241303,0.2694055944055944,0.23594548551959113
15.271099320179074,0.40809227389234715,0.26958041958041956,0.23594548551959113
15.27938981926712,0.4083668985719517,0.26975524475524476,0.23594548551959113
15.287680318355164,0.4085957524716221,0.2699300699300699,0.23594548551959113
15.29597081744321,0.4087330648114244,0.2701048951048951,0.23594548551959113
15.304261316531255,0.40941962651043573,0.2702797202797203,0.23594548551959113
15.312551815619301,0.40941962651043573,0.2702797202797203,0.23594548551959113
15.320842314707345,0.40941962651043573,0.2702797202797203,0.23594548551959113
15.32913281379539,0.4096027096301721,0.27045454545454545,0.23594548551959113
15.337423312883436,0.4096027096301721,0.27045454545454545,0.23594548551959113
15.34571381197148,0.4096484804101062,0.27062937062937065,0.23594548551959113
15.354004311059526,0.4096484804101062,0.27062937062937065,0.23679727427597955
15.36229481014757,0.40992310508971075,0.2708041958041958,0.23679727427597955
15.370585309235617,0.40992310508971075,0.2708041958041958,0.23679727427597955
15.378875808323661,0.41015195898938117,0.270979020979021,0.23679727427597955
15.387166307411706,0.41028927132918347,0.27115384615384613,0.23679727427597955
15.395456806499752,0.4104265836689857,0.27132867132867133,0.23679727427597955
15.403747305587796,0.4104265836689857,0.27132867132867133,0.23679727427597955
15.412037804675842,0.41074697912852437,0.2715034965034965,0.23679727427597955
15.420328303763887,0.4111131453679971,0.2716783216783217,0.23679727427597955
15.42861880285193,0.41129622848773345,0.2718531468531469,0.23679727427597955
15.436909301939977,0.41175393628707435,0.272027972027972,0.23679727427597955
15.445199801028021,0.41175393628707435,0.272027972027972,0.23679727427597955
15.453490300116068,0.4118912486268766,0.2722027972027972,0.23764906303236796
15.461780799204112,0.4119370194068107,0.27237762237762236,0.23764906303236796
15.470071298292158,0.41221164408641525,0.27255244755244756,0.23764906303236796
15.478361797380202,0.4123489564262175,0.2727272727272727,0.23764906303236796
15.486652296468247,0.4123947272061516,0.2729020979020979,0.23764906303236796
15.494942795556293,0.41253203954595385,0.27307692307692305,0.23764906303236796
15.503233294644337,0.41253203954595385,0.27307692307692305,0.23764906303236796
15.511523793732383,0.41253203954595385,0.27307692307692305,0.23764906303236796
15.519814292820428,0.4129439765653607,0.27325174825174825,0.23764906303236796
15.528104791908472,0.4134016843647016,0.27342657342657345,0.23850085178875638
15.536395290996518,0.4134016843647016,0.27342657342657345,0.23850085178875638
15.544685790084563,0.4137678506041743,0.2736013986013986,0.23850085178875638
15.552976289172609,0.4140882460637129,0.2737762237762238,0.23850085178875638
15.561266788260653,0.4142255584035152,0.27395104895104894,0.2393526405451448
15.5695572873487,0.41459172464298794,0.27412587412587414,0.2393526405451448
15.577847786436744,0.41495789088246066,0.2743006993006993,0.2393526405451448
15.586138285524788,0.415140974002197,0.2744755244755245,0.2393526405451448
15.594428784612834,0.41550714024166974,0.2746503496503496,0.2393526405451448
15.602719283700878,0.4155529110216038,0.2748251748251748,0.2393526405451448
15.611009782788924,0.4155529110216038,0.2748251748251748,0.2393526405451448
15.619300281876969,0.4155529110216038,0.2748251748251748,0.2393526405451448
15.627590780965015,0.4160563896008788,0.275,0.2393526405451448
15.63588128005306,0.4160563896008788,0.275,0.2393526405451448
15.644171779141104,0.4161021603808129,0.27517482517482517,0.2393526405451448
15.65246227822915,0.4161021603808129,0.27517482517482517,0.2393526405451448
15.660752777317194,0.4161021603808129,0.27517482517482517,0.2393526405451448
15.66904327640524,0.4163767850604174,0.27534965034965037,0.2393526405451448
15.677333775493285,0.4163767850604174,0.27534965034965037,0.2393526405451448
15.685624274581329,0.41674295129989014,0.2755244755244755,0.2402044293015332
15.693914773669375,0.41674295129989014,0.2755244755244755,0.24105621805792163
15.70220527275742,0.41724642987916516,0.2756993006993007,0.24105621805792163
15.710495771845466,0.41733797143903334,0.27587412587412585,0.24105621805792163
15.71878627093351,0.4173837422189674,0.27604895104895105,0.24105621805792163
15.727076770021556,0.4174752837788356,0.2762237762237762,0.24105621805792163
15.7353672691096,0.4175210545587697,0.2763986013986014,0.24105621805792163
15.743657768197645,0.4176125961186379,0.2765734265734266,0.24105621805792163
15.751948267285691,0.4178414500183083,0.27674825174825174,0.24105621805792163
15.760238766373735,0.4179329915781765,0.27692307692307694,0.24105621805792163
15.768529265461781,0.4179329915781765,0.27692307692307694,0.24105621805792163
15.776819764549826,0.4179787623581106,0.2770979020979021,0.24105621805792163
15.78511026363787,0.41802453313804466,0.2772727272727273,0.24105621805792163
15.793400762725916,0.41802453313804466,0.2772727272727273,0.24190800681431004
15.80169126181396,0.41802453313804466,0.2772727272727273,0.24190800681431004
15.809981760902007,0.41811607469791284,0.2774475524475524,0.24190800681431004
15.818272259990051,0.4183906993775174,0.2776223776223776,0.24190800681431004
15.826562759078097,0.4183906993775174,0.2776223776223776,0.24190800681431004
15.834853258166142,0.41861955327718786,0.2777972027972028,0.24190800681431004
15.843143757254186,0.4187568656169901,0.27797202797202797,0.24190800681431004
15.851434256342232,0.41903149029659464,0.27814685314685317,0.24190800681431004
15.859724755430276,0.41962651043573784,0.2783216783216783,0.24190800681431004
15.868015254518323,0.41962651043573784,0.2783216783216783,0.24190800681431004
15.876305753606367,0.4197638227755401,0.2784965034965035,0.24190800681431004
15.884596252694411,0.4197638227755401,0.2784965034965035,0.24190800681431004
15.892886751782457,0.4198095935554742,0.27867132867132866,0.24190800681431004
15.901177250870502,0.4198095935554742,0.27867132867132866,0.24190800681431004
15.909467749958548,0.41999267667521056,0.27884615384615385,0.24190800681431004
15.917758249046592,0.42008421823507874,0.279020979020979,0.24275979557069846
15.926048748134638,0.420221530574881,0.2791958041958042,0.24275979557069846
15.934339247222683,0.42031307213474917,0.2793706293706294,0.24275979557069846
15.942629746310727,0.42045038447455146,0.27954545454545454,0.24275979557069846
15.950920245398773,0.4204961552544855,0.27972027972027974,0.24275979557069846
15.959210744486818,0.42054192603441964,0.2798951048951049,0.24275979557069846
15.967501243574864,0.4205876968143537,0.2800699300699301,0.24275979557069846
15.975791742662908,0.4208165507140242,0.28024475524475523,0.24275979557069846
15.984082241750954,0.4211369461735628,0.2804195804195804,0.24361158432708688
15.992372740838999,0.4215946539729037,0.28059440559440557,0.24361158432708688
16.000663239927043,0.4215946539729037,0.28059440559440557,0.24361158432708688
16.008953739015087,0.4215946539729037,0.28059440559440557,0.24361158432708688
16.017244238103135,0.421731966312706,0.28076923076923077,0.24361158432708688
16.02553473719118,0.4221896741120469,0.28094405594405597,0.24361158432708688
16.033825236279224,0.4225100695715855,0.2811188811188811,0.24361158432708688
16.04211573536727,0.42269315269132185,0.2812937062937063,0.24361158432708688
16.050406234455313,0.42283046503112415,0.28146853146853146,0.24361158432708688
16.05869673354336,0.4230135481508605,0.28164335664335666,0.2444633730834753
16.066987232631405,0.42324240205053093,0.2818181818181818,0.2444633730834753
16.07527773171945,0.42324240205053093,0.2818181818181818,0.2444633730834753
16.083568230807494,0.42324240205053093,0.2818181818181818,0.2444633730834753
16.091858729895538,0.42324240205053093,0.2818181818181818,0.2444633730834753
16.100149228983586,0.42328817283046505,0.281993006993007,0.2444633730834753
16.10843972807163,0.4235627975100696,0.28216783216783214,0.2444633730834753
16.116730227159675,0.4235627975100696,0.28216783216783214,0.2444633730834753
16.12502072624772,0.42365433906993777,0.28234265734265734,0.2444633730834753
16.133311225335767,0.4238831929696082,0.28251748251748254,0.2444633730834753
16.14160172442381,0.42415781764921273,0.2826923076923077,0.2444633730834753
16.149892223511856,0.4242493592090809,0.2828671328671329,0.2453151618398637
16.1581827225999,0.42466129622848775,0.28304195804195803,0.2453151618398637
16.166473221687944,0.42475283778835593,0.28321678321678323,0.2453151618398637
16.174763720775992,0.42475283778835593,0.28321678321678323,0.2453151618398637
16.183054219864037,0.42479860856829,0.2833916083916084,0.2453151618398637
16.19134471895208,0.4248443793482241,0.2835664335664336,0.2453151618398637
16.199635218040125,0.4249359209080923,0.2837412587412587,0.2453151618398637
16.20792571712817,0.42511900402782865,0.2839160839160839,0.2453151618398637
16.216216216216218,0.42553094104723543,0.2840909090909091,0.2453151618398637
16.224506715304262,0.42557671182716955,0.28426573426573426,0.2453151618398637
16.232797214392306,0.4256224826071036,0.28444055944055946,0.24616695059625213
16.24108771348035,0.4256224826071036,0.28444055944055946,0.24616695059625213
16.249378212568395,0.4256224826071036,0.28444055944055946,0.24616695059625213
16.257668711656443,0.42603441962651045,0.2846153846153846,0.24616695059625213
16.265959210744487,0.426309044306115,0.2847902097902098,0.24701873935264054
16.27424970983253,0.426309044306115,0.2847902097902098,0.24701873935264054
16.282540208920576,0.4267209813255218,0.28496503496503495,0.24701873935264054
16.290830708008624,0.4267667521054559,0.28513986013986015,0.24701873935264054
16.29912120709667,0.4268582936653241,0.2853146853146853,0.24701873935264054
16.307411706184713,0.42704137678506043,0.2854895104895105,0.24701873935264054
16.315702205272757,0.4275906261442695,0.2856643356643357,0.24701873935264054
16.3239927043608,0.4279110216038081,0.28583916083916083,0.24787052810902896
16.33228320344885,0.4280025631636763,0.28601398601398603,0.24787052810902896
16.340573702536894,0.4281398755034786,0.2861888111888112,0.24872231686541738
16.348864201624938,0.428368729403149,0.2863636363636364,0.24872231686541738
16.357154700712982,0.4285518125228854,0.2865384615384615,0.24872231686541738
16.365445199801027,0.4285975833028195,0.2867132867132867,0.24872231686541738
16.373735698889075,0.4285975833028195,0.2867132867132867,0.24872231686541738
16.38202619797712,0.4290095203222263,0.28688811188811186,0.24872231686541738
16.390316697065163,0.42923837422189676,0.28706293706293706,0.24872231686541738
16.398607196153208,0.42923837422189676,0.28706293706293706,0.24872231686541738
16.406897695241252,0.42969608202123766,0.28723776223776226,0.2495741056218058
16.4151881943293,0.42978762358110584,0.2874125874125874,0.2495741056218058
16.423478693417344,0.42978762358110584,0.2874125874125874,0.2495741056218058
16.43176919250539,0.42978762358110584,0.2874125874125874,0.2495741056218058
16.440059691593433,0.42978762358110584,0.2874125874125874,0.2495741056218058
16.448350190681477,0.42978762358110584,0.2874125874125874,0.2495741056218058
16.456640689769525,0.4300622482607104,0.2875874125874126,0.2495741056218058
16.46493118885757,0.4304284145001831,0.28776223776223775,0.2504258943781942
16.473221687945614,0.4305199560600513,0.28793706293706295,0.2504258943781942
16.48151218703366,0.43056572683998534,0.2881118881118881,0.2512776831345826
16.489802686121706,0.4306572683998535,0.2882867132867133,0.2512776831345826
16.49809318520975,0.43070303917978764,0.28846153846153844,0.2512776831345826
16.506383684297795,0.43070303917978764,0.28846153846153844,0.2512776831345826
16.51467418338584,0.4307488099597217,0.28863636363636364,0.2512776831345826
16.522964682473884,0.4307488099597217,0.28863636363636364,0.2512776831345826
16.53125518156193,0.4312065177590626,0.28881118881118883,0.2512776831345826
16.539545680649976,0.4313438300988649,0.288986013986014,0.2512776831345826
16.54783617973802,0.4318015378982058,0.2891608391608392,0.2512776831345826
16.556126678826065,0.431893079458074,0.2893356643356643,0.2512776831345826
16.56441717791411,0.4322592456975467,0.2895104895104895,0.2512776831345826
16.572707677002157,0.4322592456975467,0.2895104895104895,0.252129471890971
16.5809981760902,0.43244232881728306,0.28968531468531467,0.252129471890971
16.589288675178246,0.43253387037715124,0.28986013986013986,0.252129471890971
16.59757917426629,0.4325796411570853,0.290034965034965,0.252129471890971
16.605869673354334,0.4325796411570853,0.290034965034965,0.252129471890971
16.614160172442382,0.4325796411570853,0.290034965034965,0.252129471890971
16.622450671530427,0.4327169534968876,0.2902097902097902,0.252129471890971
16.63074117061847,0.43335774441596486,0.2903846153846154,0.25298126064735943
16.639031669706515,0.43344928597583304,0.29055944055944055,0.25383304940374785
16.647322168794563,0.43344928597583304,0.29055944055944055,0.25383304940374785
16.655612667882608,0.43344928597583304,0.29055944055944055,0.25383304940374785
16.663903166970652,0.4335408275357012,0.29073426573426575,0.25383304940374785
16.672193666058696,0.4335408275357012,0.29073426573426575,0.25383304940374785
16.68048416514674,0.43367813987550347,0.2909090909090909,0.25383304940374785
16.68877466423479,0.43367813987550347,0.2909090909090909,0.25383304940374785
16.697065163322833,0.43367813987550347,0.2909090909090909,0.25383304940374785
16.705355662410877,0.43376968143537165,0.2910839160839161,0.25383304940374785
16.71364616149892,0.433952764555108,0.29125874125874124,0.25468483816013626
16.721936660586966,0.4340443061149762,0.29143356643356644,0.25468483816013626
16.730227159675014,0.43413584767484437,0.2916083916083916,0.25468483816013626
16.738517658763058,0.43422738923471255,0.2917832167832168,0.25468483816013626
16.746808157851103,0.4346393262541194,0.291958041958042,0.25468483816013626
16.755098656939147,0.43473086781398756,0.2921328671328671,0.25468483816013626
16.76338915602719,0.4347766385939216,0.2923076923076923,0.25468483816013626
16.77167965511524,0.43505126327352617,0.29248251748251747,0.25468483816013626
16.779970154203284,0.43528011717319665,0.29265734265734267,0.25468483816013626
16.788260653291328,0.4354174295129989,0.2928321678321678,0.25468483816013626
16.796551152379372,0.4354174295129989,0.2928321678321678,0.25468483816013626
16.804841651467417,0.43573782497253755,0.293006993006993,0.25468483816013626
16.813132150555465,0.43573782497253755,0.293006993006993,0.25468483816013626
16.82142264964351,0.4358293665324057,0.29318181818181815,0.2555366269165247
16.829713148731553,0.4358293665324057,0.29318181818181815,0.2555366269165247
16.838003647819598,0.4358293665324057,0.29318181818181815,0.2555366269165247
16.846294146907645,0.43596667887220797,0.29335664335664335,0.2563884156729131
16.85458464599569,0.4360124496521421,0.29353146853146855,0.2563884156729131
16.862875145083734,0.4360124496521421,0.29353146853146855,0.2563884156729131
16.87116564417178,0.4360124496521421,0.29353146853146855,0.2563884156729131
16.879456143259823,0.4360124496521421,0.29353146853146855,0.2563884156729131
16.88774664234787,0.43619553277187845,0.2937062937062937,0.2572402044293015
16.896037141435915,0.43660746979128523,0.2938811188811189,0.2572402044293015
16.90432764052396,0.43660746979128523,0.2938811188811189,0.2572402044293015
16.912618139612004,0.4367905529110216,0.29405594405594404,0.2572402044293015
16.92090863870005,0.43697363603075795,0.29423076923076924,0.2572402044293015
16.929199137788096,0.4372940314902966,0.2944055944055944,0.2572402044293015
16.93748963687614,0.43733980227023067,0.2945804195804196,0.2572402044293015
16.945780135964185,0.43733980227023067,0.2945804195804196,0.2572402044293015
16.95407063505223,0.43747711461003297,0.2947552447552448,0.2572402044293015
16.962361134140274,0.4376144269498352,0.2949300699300699,0.2580919931856899
16.97065163322832,0.43779751006957157,0.2951048951048951,0.2580919931856899
16.978942132316366,0.43798059318930793,0.29527972027972027,0.2580919931856899
16.98723263140441,0.43798059318930793,0.29527972027972027,0.2580919931856899
16.995523130492455,0.43825521786891247,0.29545454545454547,0.2580919931856899
17.003813629580502,0.43825521786891247,0.29545454545454547,0.2580919931856899
17.012104128668547,0.43825521786891247,0.29545454545454547,0.2580919931856899
17.02039462775659,0.43825521786891247,0.29545454545454547,0.25894378194207834
17.028685126844636,0.43857561332845113,0.2956293706293706,0.25894378194207834
17.03697562593268,0.4387586964481875,0.2958041958041958,0.25894378194207834
17.045266125020728,0.4389875503478579,0.29597902097902096,0.25894378194207834
17.053556624108772,0.43939948736726475,0.29615384615384616,0.25894378194207834
17.061847123196817,0.439536799707067,0.29632867132867136,0.25894378194207834
17.07013762228486,0.4396283412669352,0.2965034965034965,0.25894378194207834
17.078428121372905,0.4396741120468693,0.2966783216783217,0.25894378194207834
17.086718620460953,0.4396741120468693,0.2966783216783217,0.25894378194207834
17.095009119548997,0.4396741120468693,0.2966783216783217,0.25894378194207834
17.103299618637042,0.4399945075064079,0.29685314685314684,0.25979557069846676
17.111590117725086,0.4402233614060784,0.29702797202797204,0.25979557069846676
17.11988061681313,0.4403606737458806,0.2972027972027972,0.25979557069846676
17.12817111590118,0.4406810692054193,0.2973776223776224,0.25979557069846676
17.136461614989223,0.44072683998535334,0.29755244755244753,0.25979557069846676
17.144752114077267,0.4409099231050897,0.29772727272727273,0.25979557069846676
17.15304261316531,0.4409099231050897,0.29772727272727273,0.25979557069846676
17.161333112253356,0.4409556938850238,0.29790209790209793,0.2606473594548552
17.169623611341404,0.441047235444892,0.2980769230769231,0.2606473594548552
17.177914110429448,0.4411387770047602,0.29825174825174827,0.2606473594548552
17.186204609517493,0.44164225558403514,0.2984265734265734,0.2606473594548552
17.194495108605537,0.4422830465031124,0.2986013986013986,0.2606473594548552
17.202785607693585,0.4423288172830465,0.29877622377622376,0.2606473594548552
17.21107610678163,0.4426492127425851,0.29895104895104896,0.2606473594548552
17.219366605869673,0.44269498352251924,0.2991258741258741,0.2606473594548552
17.227657104957718,0.44292383742218966,0.2993006993006993,0.2606473594548552
17.235947604045762,0.44301537898205784,0.2994755244755245,0.2614991482112436
17.24423810313381,0.44351885756133286,0.29965034965034965,0.262350936967632
17.252528602221854,0.4435646283412669,0.29982517482517484,0.262350936967632
17.2608191013099,0.44393079458073964,0.3,0.262350936967632
17.269109600397943,0.4441596484804101,0.3001748251748252,0.2632027257240204
17.277400099485988,0.4441596484804101,0.3001748251748252,0.2632027257240204
17.285690598574035,0.44429696082021236,0.30034965034965033,0.26405451448040884
17.29398109766208,0.44429696082021236,0.30034965034965033,0.26405451448040884
17.302271596750124,0.4443427316001465,0.30052447552447553,0.26405451448040884
17.31056209583817,0.4444800439399487,0.3006993006993007,0.26405451448040884
17.318852594926213,0.4447088978396192,0.3008741258741259,0.26405451448040884
17.32714309401426,0.44475466861955326,0.3010489510489511,0.26405451448040884
17.335433593102305,0.44489198095935556,0.3012237762237762,0.26405451448040884
17.34372409219035,0.44489198095935556,0.3012237762237762,0.26405451448040884
17.352014591278394,0.44489198095935556,0.3012237762237762,0.26405451448040884
17.36030509036644,0.44489198095935556,0.3012237762237762,0.26405451448040884
17.368595589454486,0.44498352251922374,0.3013986013986014,0.26405451448040884
17.37688608854253,0.44498352251922374,0.3013986013986014,0.26405451448040884
17.385176587630575,0.4450292932991578,0.30157342657342656,0.26405451448040884
17.39346708671862,0.44530391797876234,0.30174825174825176,0.26405451448040884
17.401757585806667,0.4455785426583669,0.3019230769230769,0.26405451448040884
17.41004808489471,0.4459904796777737,0.3020979020979021,0.26405451448040884
17.418338583982756,0.44612779201757596,0.30227272727272725,0.26405451448040884
17.4266290830708,0.44626510435737826,0.30244755244755245,0.26405451448040884
17.434919582158845,0.44672281215671916,0.30262237762237765,0.26405451448040884
17.443210081246892,0.4469058952764555,0.3027972027972028,0.26405451448040884
17.451500580334937,0.4473178322958623,0.302972027972028,0.26405451448040884
17.45979107942298,0.4473636030757964,0.30314685314685313,0.26405451448040884
17.468081578511025,0.44750091541559867,0.30332167832167833,0.26405451448040884
17.47637207759907,0.44763822775540096,0.3034965034965035,0.26405451448040884
17.484662576687118,0.4478670816550714,0.3036713286713287,0.26405451448040884
17.492953075775162,0.4478670816550714,0.3036713286713287,0.26405451448040884
17.501243574863206,0.44805016477480775,0.3038461538461538,0.26405451448040884
17.50953407395125,0.4483247894544123,0.304020979020979,0.26405451448040884
17.5178245730393,0.4484621017942146,0.3041958041958042,0.26405451448040884
17.526115072127343,0.4484621017942146,0.3041958041958042,0.26405451448040884
17.534405571215387,0.44850787257414865,0.30437062937062936,0.26405451448040884
17.542696070303432,0.44864518491395095,0.30454545454545456,0.26405451448040884
17.550986569391476,0.44933174661296227,0.3047202797202797,0.26405451448040884
17.559277068479524,0.44942328817283045,0.3048951048951049,0.26405451448040884
17.56756756756757,0.44946905895276457,0.30506993006993005,0.26405451448040884
17.575858066655613,0.44956060051263275,0.30524475524475525,0.26405451448040884
17.584148565743657,0.449697912852435,0.3054195804195804,0.26490630323679726
17.5924390648317,0.449697912852435,0.3054195804195804,0.26490630323679726
17.60072956391975,0.449697912852435,0.3054195804195804,0.26490630323679726
17.609020063007794,0.4498352251922373,0.3055944055944056,0.26490630323679726
17.617310562095838,0.45001830831197365,0.3057692307692308,0.26490630323679726
17.625601061183882,0.45020139143171,0.30594405594405594,0.26490630323679726
17.633891560271927,0.45033870377151225,0.30611888111888114,0.26490630323679726
17.642182059359975,0.45038447455144637,0.3062937062937063,0.26490630323679726
17.65047255844802,0.4507506407909191,0.3064685314685315,0.26490630323679726
17.658763057536063,0.4510710362504577,0.3066433566433566,0.26490630323679726
17.667053556624108,0.45116257781032587,0.3068181818181818,0.26490630323679726
17.675344055712152,0.45129989015012817,0.30699300699300697,0.26490630323679726
17.6836345548002,0.45139143170999635,0.30716783216783217,0.26490630323679726
17.691925053888244,0.4515287440497986,0.30734265734265737,0.26490630323679726
17.70021555297629,0.45162028560966677,0.3075174825174825,0.26490630323679726
17.708506052064333,0.4516660563896009,0.3076923076923077,0.26490630323679726
17.71679655115238,0.45184913950933725,0.30786713286713285,0.26490630323679726
17.725087050240425,0.45230684730867815,0.30804195804195805,0.26490630323679726
17.73337754932847,0.45230684730867815,0.30804195804195805,0.26490630323679726
17.741668048416514,0.45230684730867815,0.30804195804195805,0.26490630323679726
17.74995854750456,0.4528103258879531,0.3082167832167832,0.2657580919931857
17.758249046592606,0.453268033687294,0.3083916083916084,0.2657580919931857
17.76653954568065,0.4534511168070304,0.30856643356643354,0.2657580919931857
17.774830044768695,0.4534968875869645,0.30874125874125874,0.2657580919931857
17.78312054385674,0.4535884291468327,0.30891608391608394,0.2657580919931857
17.791411042944784,0.4535884291468327,0.30891608391608394,0.2657580919931857
17.79970154203283,0.45400036616623946,0.3090909090909091,0.2666098807495741
17.807992041120876,0.45422922006590993,0.3092657342657343,0.2666098807495741
17.81628254020892,0.4543207616257781,0.3094405594405594,0.2666098807495741
17.824573039296965,0.4545038447455145,0.3096153846153846,0.2666098807495741
17.83286353838501,0.45491578176492126,0.30979020979020977,0.2666098807495741
17.841154037473057,0.45491578176492126,0.30979020979020977,0.2666098807495741
17.8494445365611,0.45505309410472355,0.30996503496503497,0.2666098807495741
17.857735035649146,0.4551904064445258,0.3101398601398601,0.2666098807495741
17.86602553473719,0.4551904064445258,0.3101398601398601,0.2674616695059625
17.874316033825238,0.45560234346393264,0.3103146853146853,0.2674616695059625
17.882606532913282,0.45560234346393264,0.3103146853146853,0.2674616695059625
17.890897032001327,0.4556938850238008,0.3104895104895105,0.2674616695059625
17.89918753108937,0.455785426583669,0.31066433566433566,0.2683134582623509
17.907478030177415,0.45596850970340536,0.31083916083916086,0.2683134582623509
17.915768529265463,0.4560142804833394,0.311013986013986,0.2683134582623509
17.924059028353508,0.4560142804833394,0.311013986013986,0.2683134582623509
17.932349527441552,0.4560142804833394,0.311013986013986,0.2683134582623509
17.940640026529596,0.4560142804833394,0.311013986013986,0.26916524701873934
17.94893052561764,0.4561515928231417,0.3111888111888112,0.26916524701873934
17.95722102470569,0.45628890516294396,0.31136363636363634,0.26916524701873934
17.965511523793733,0.45638044672281214,0.31153846153846154,0.26916524701873934
17.973802022881777,0.45642621750274626,0.3117132867132867,0.26916524701873934
17.98209252196982,0.4567008421823508,0.3118881118881119,0.27001703577512776
17.990383021057866,0.45697546686195534,0.3120629370629371,0.27001703577512776
17.998673520145914,0.4570212376418894,0.31223776223776223,0.27001703577512776
18.00696401923396,0.4570670084218235,0.31241258741258743,0.27001703577512776
18.015254518322003,0.4573874038813621,0.31258741258741257,0.27001703577512776
18.023545017410047,0.4573874038813621,0.31258741258741257,0.27001703577512776
18.03183551649809,0.4574789454412303,0.31276223776223777,0.27001703577512776
18.04012601558614,0.4575247162211644,0.3129370629370629,0.27001703577512776
18.048416514674184,0.4577077993409008,0.3131118881118881,0.27001703577512776
18.056707013762228,0.4579366532405712,0.3132867132867133,0.27001703577512776
18.064997512850272,0.4581655071402417,0.31346153846153846,0.2708688245315162
18.07328801193832,0.4584859025997803,0.31363636363636366,0.2708688245315162
18.081578511026365,0.4584859025997803,0.31363636363636366,0.2708688245315162
18.08986901011441,0.45866898571951664,0.3138111888111888,0.2708688245315162
18.098159509202453,0.45866898571951664,0.3138111888111888,0.2708688245315162
18.106450008290498,0.4587605272793848,0.313986013986014,0.2708688245315162
18.114740507378546,0.4589893811790553,0.31416083916083914,0.2708688245315162
18.12303100646659,0.4589893811790553,0.31416083916083914,0.2717206132879046
18.131321505554634,0.4589893811790553,0.31416083916083914,0.272572402044293
18.13961200464268,0.4593097766385939,0.31433566433566434,0.272572402044293
18.147902503730723,0.45963017209813256,0.3145104895104895,0.2734241908006814
18.15619300281877,0.46008787989747346,0.3146853146853147,0.2734241908006814
18.164483501906815,0.46008787989747346,0.3146853146853147,0.2734241908006814
18.17277400099486,0.4603167337971439,0.3148601398601399,0.27427597955706984
18.181064500082904,0.460362504577078,0.31503496503496503,0.27427597955706984
18.18935499917095,0.4604540461369462,0.31520979020979023,0.27427597955706984
18.197645498258996,0.4604540461369462,0.31520979020979023,0.27427597955706984
18.20593599734704,0.4605913584767484,0.3153846153846154,0.27427597955706984
18.214226496435085,0.46063712925668254,0.3155594405594406,0.27427597955706984
18.22251699552313,0.46063712925668254,0.3155594405594406,0.27427597955706984
18.230807494611177,0.4610490662760893,0.3157342657342657,0.27512776831345825
18.23909799369922,0.4610490662760893,0.3157342657342657,0.27512776831345825
18.247388492787266,0.4612779201757598,0.3159090909090909,0.27512776831345825
18.25567899187531,0.4615983156352984,0.31608391608391606,0.27512776831345825
18.263969490963355,0.4616440864152325,0.31625874125874126,0.27512776831345825
18.272259990051403,0.4617356279751007,0.31643356643356646,0.27512776831345825
18.280550489139447,0.4618271695349689,0.3166083916083916,0.27512776831345825
18.28884098822749,0.4625137312339802,0.3167832167832168,0.27512776831345825
18.297131487315536,0.4625137312339802,0.3167832167832168,0.27512776831345825
18.30542198640358,0.4627425851336507,0.31695804195804195,0.27512776831345825
18.313712485491628,0.4629714390333211,0.31713286713286715,0.27512776831345825
18.322002984579672,0.4629714390333211,0.31713286713286715,0.27512776831345825
18.330293483667717,0.4632002929329916,0.3173076923076923,0.27512776831345825
18.33858398275576,0.46333760527279383,0.3174825174825175,0.27512776831345825
18.346874481843805,0.46333760527279383,0.3174825174825175,0.27512776831345825
18.355164980931853,0.46333760527279383,0.3174825174825175,0.27512776831345825
18.363455480019898,0.4635664591724643,0.31765734265734263,0.27512776831345825
18.371745979107942,0.46361222995239837,0.31783216783216783,0.27512776831345825
18.380036478195986,0.46379531307213473,0.31800699300699303,0.27597955706984667
18.38832697728403,0.4640241669718052,0.3181818181818182,0.27597955706984667
18.39661747637208,0.4640241669718052,0.3181818181818182,0.27597955706984667
18.404907975460123,0.4640241669718052,0.3181818181818182,0.27597955706984667
18.413198474548167,0.46406993775173927,0.3183566433566434,0.27597955706984667
18.42148897363621,0.4641157085316734,0.3185314685314685,0.27597955706984667
18.42977947272426,0.4641157085316734,0.3185314685314685,0.27597955706984667
18.438069971812304,0.46429879165140975,0.3187062937062937,0.27597955706984667
18.44636047090035,0.4643445624313438,0.31888111888111886,0.27597955706984667
18.454650969988393,0.4643445624313438,0.31888111888111886,0.27597955706984667
18.462941469076437,0.46452764555108017,0.31905594405594406,0.2768313458262351
18.471231968164485,0.4648022702306847,0.3192307692307692,0.2768313458262351
18.47952246725253,0.46484804101061883,0.3194055944055944,0.2776831345826235
18.487812966340574,0.46498535335042107,0.3195804195804196,0.2776831345826235
18.496103465428618,0.4653515195898938,0.31975524475524475,0.2776831345826235
18.504393964516662,0.4653972903698279,0.31993006993006995,0.2776831345826235
18.51268446360471,0.4654888319296961,0.3201048951048951,0.2776831345826235
18.520974962692755,0.46576345660930063,0.3202797202797203,0.2776831345826235
18.5292654617808,0.4658549981691688,0.32045454545454544,0.2776831345826235
18.537555960868843,0.4663127059685097,0.32062937062937064,0.2776831345826235
18.545846459956888,0.4663127059685097,0.32062937062937064,0.2776831345826235
18.554136959044936,0.4664042475283779,0.3208041958041958,0.2776831345826235
18.56242745813298,0.4666331014280483,0.320979020979021,0.2776831345826235
18.570717957221024,0.4666331014280483,0.320979020979021,0.2776831345826235
18.57900845630907,0.4666331014280483,0.320979020979021,0.2776831345826235
18.587298955397117,0.4667246429879165,0.3211538461538462,0.2776831345826235
18.59558945448516,0.4668619553277188,0.3213286713286713,0.2776831345826235
18.603879953573205,0.4668619553277188,0.3213286713286713,0.2776831345826235
18.61217045266125,0.46690772610765285,0.3215034965034965,0.2776831345826235
18.620460951749294,0.46699926766752103,0.32167832167832167,0.2776831345826235
18.628751450837342,0.46699926766752103,0.32167832167832167,0.2776831345826235
18.637041949925386,0.4672738923471256,0.32185314685314687,0.2776831345826235
18.64533244901343,0.4673196631270597,0.322027972027972,0.2776831345826235
18.653622948101475,0.4673196631270597,0.322027972027972,0.2776831345826235
18.66191344718952,0.4676400585865983,0.3222027972027972,0.2776831345826235
18.670203946277567,0.4677316001464665,0.32237762237762235,0.2776831345826235
18.67849444536561,0.4677773709264006,0.32255244755244755,0.2776831345826235
18.686784944453656,0.46791468326620284,0.32272727272727275,0.2785349233390119
18.6950754435417,0.46791468326620284,0.32272727272727275,0.2785349233390119
18.703365942629745,0.46791468326620284,0.32272727272727275,0.2785349233390119
18.711656441717793,0.46841816184547785,0.3229020979020979,0.27938671209540034
18.719946940805837,0.46883009886488464,0.3230769230769231,0.27938671209540034
18.72823743989388,0.46883009886488464,0.3230769230769231,0.27938671209540034
18.736527938981926,0.46883009886488464,0.3230769230769231,0.27938671209540034
18.74481843806997,0.4691047235444892,0.32325174825174824,0.27938671209540034
18.753108937158018,0.4692420358842915,0.32342657342657344,0.27938671209540034
18.761399436246062,0.4693793482240937,0.3236013986013986,0.27938671209540034
18.769689935334107,0.46942511900402784,0.3237762237762238,0.27938671209540034
18.77798043442215,0.46974551446356644,0.3239510489510489,0.27938671209540034
18.7862709335102,0.470020139143171,0.3241258741258741,0.27938671209540034
18.794561432598243,0.47020322226290734,0.3243006993006993,0.27938671209540034
18.802851931686288,0.4703863053826437,0.32447552447552447,0.27938671209540034
18.811142430774332,0.4704778469425119,0.32465034965034967,0.27938671209540034
18.819432929862376,0.47066093006224824,0.3248251748251748,0.27938671209540034
18.827723428950424,0.4709813255217869,0.325,0.27938671209540034
18.83601392803847,0.47111863786158914,0.32517482517482516,0.27938671209540034
18.844304427126513,0.4713017209813255,0.32534965034965035,0.27938671209540034
18.852594926214557,0.47148480410106186,0.3255244755244755,0.27938671209540034
18.8608854253026,0.47157634566093004,0.3256993006993007,0.27938671209540034
18.86917592439065,0.47157634566093004,0.3256993006993007,0.27938671209540034
18.877466423478694,0.4718509703405346,0.3258741258741259,0.28023850085178875
18.88575692256674,0.4722171365800073,0.32604895104895104,0.28109028960817717
18.894047421654783,0.47253753203954596,0.32622377622377624,0.28109028960817717
18.902337920742827,0.47308678139875504,0.3263986013986014,0.28109028960817717
18.910628419830875,0.4731325521786891,0.3265734265734266,0.28109028960817717
18.91891891891892,0.47331563529842546,0.32674825174825173,0.28109028960817717
18.927209418006964,0.47345294763822776,0.3269230769230769,0.28109028960817717
18.935499917095008,0.47345294763822776,0.3269230769230769,0.28109028960817717
18.943790416183056,0.4734987184181618,0.32709790209790207,0.28109028960817717
18.9520809152711,0.47354448919809594,0.32727272727272727,0.28109028960817717
18.960371414359145,0.4736360307579641,0.32744755244755247,0.2819420783645656
18.96866191344719,0.4739564262175027,0.3276223776223776,0.2819420783645656
18.976952412535233,0.47400219699743684,0.3277972027972028,0.2819420783645656
18.98524291162328,0.47400219699743684,0.3277972027972028,0.2819420783645656
18.993533410711326,0.4741852801171732,0.32797202797202796,0.2819420783645656
19.00182390979937,0.4742768216770414,0.32814685314685316,0.2819420783645656
19.010114408887414,0.4742768216770414,0.32814685314685316,0.2819420783645656
19.01840490797546,0.4742768216770414,0.32814685314685316,0.2819420783645656
19.026695407063507,0.47436836323690956,0.3283216783216783,0.2819420783645656
19.03498590615155,0.4744141340168436,0.3284965034965035,0.2819420783645656
19.043276405239595,0.4751922372757232,0.32867132867132864,0.2819420783645656
19.05156690432764,0.4751922372757232,0.32867132867132864,0.2819420783645656
19.059857403415684,0.47528377883559136,0.32884615384615384,0.2819420783645656
19.068147902503732,0.4754668619553277,0.32902097902097904,0.2819420783645656
19.076438401591776,0.4756499450750641,0.3291958041958042,0.282793867120954
19.08472890067982,0.47574148663493226,0.3293706293706294,0.282793867120954
19.093019399767865,0.4757872574148663,0.32954545454545453,0.282793867120954
19.10130989885591,0.47629073599414135,0.32972027972027973,0.282793867120954
19.109600397943957,0.47629073599414135,0.32972027972027973,0.282793867120954
19.117890897032,0.47629073599414135,0.32972027972027973,0.282793867120954
19.126181396120046,0.47665690223361407,0.3298951048951049,0.282793867120954
19.13447189520809,0.4772976931526913,0.3300699300699301,0.282793867120954
19.14276239429614,0.4772976931526913,0.3300699300699301,0.2836456558773424
19.151052893384183,0.4774807762724277,0.3302447552447552,0.2836456558773424
19.159343392472227,0.47761808861222993,0.3304195804195804,0.2836456558773424
19.16763389156027,0.4777096301720981,0.3305944055944056,0.2836456558773424
19.175924390648316,0.4778469425119004,0.33076923076923076,0.2836456558773424
19.184214889736364,0.47789271329183447,0.33094405594405596,0.2836456558773424
19.192505388824408,0.4779384840717686,0.3311188811188811,0.2836456558773424
19.200795887912452,0.4782588795313072,0.3312937062937063,0.2836456558773424
19.209086387000497,0.4783046503112413,0.33146853146853145,0.28449744463373083
19.21737688608854,0.47835042109117537,0.33164335664335665,0.28449744463373083
19.22566738517659,0.47880812889051627,0.33181818181818185,0.28534923339011925
19.233957884264633,0.4790827535701208,0.331993006993007,0.28534923339011925
19.242248383352678,0.4790827535701208,0.331993006993007,0.28534923339011925
19.250538882440722,0.47949469058952765,0.3321678321678322,0.28534923339011925
19.258829381528766,0.4797693152691322,0.33234265734265733,0.28534923339011925
19.267119880616814,0.47995239838886855,0.33251748251748253,0.28534923339011925
19.27541037970486,0.48004393994873673,0.3326923076923077,0.28534923339011925
19.283700878792903,0.4800897107286708,0.3328671328671329,0.28534923339011925
19.291991377880947,0.4801354815086049,0.333041958041958,0.28620102214650767
19.300281876968995,0.48027279384840715,0.3332167832167832,0.28620102214650767
19.30857237605704,0.48036433540827533,0.3333916083916084,0.28620102214650767
19.316862875145084,0.4804558769681435,0.33356643356643356,0.28620102214650767
19.32515337423313,0.4804558769681435,0.33356643356643356,0.28620102214650767
19.333443873321173,0.4804558769681435,0.33356643356643356,0.28620102214650767
19.34173437240922,0.48082204320761623,0.33374125874125876,0.28620102214650767
19.350024871497265,0.4810966678872208,0.3339160839160839,0.28620102214650767
19.35831537058531,0.4810966678872208,0.3339160839160839,0.28620102214650767
19.366605869673354,0.4810966678872208,0.3339160839160839,0.28620102214650767
19.374896368761398,0.4810966678872208,0.3339160839160839,0.28620102214650767
19.383186867849446,0.48118820944708895,0.3340909090909091,0.28620102214650767
19.39147736693749,0.4815543756865617,0.33426573426573425,0.28620102214650767
19.399767866025535,0.4815543756865617,0.33426573426573425,0.28620102214650767
19.40805836511358,0.4815543756865617,0.33426573426573425,0.28620102214650767
19.416348864201623,0.48164591724642986,0.33444055944055945,0.28620102214650767
19.42463936328967,0.48178322958623215,0.3346153846153846,0.28620102214650767
19.432929862377716,0.4819205419260344,0.3347902097902098,0.28620102214650767
19.44122036146576,0.4823782497253753,0.334965034965035,0.28620102214650767
19.449510860553804,0.48265287440497984,0.33513986013986014,0.28620102214650767
19.457801359641852,0.4829732698645185,0.33531468531468533,0.28620102214650767
19.466091858729897,0.4830648114243867,0.3354895104895105,0.2870528109028961
19.47438235781794,0.48311058220432074,0.3356643356643357,0.2870528109028961
19.482672856905985,0.4834309776638594,0.3358391608391608,0.2879045996592845
19.49096335599403,0.48361406078359576,0.336013986013986,0.2879045996592845
19.499253855082078,0.483751373123398,0.33618881118881117,0.2879045996592845
19.507544354170122,0.483751373123398,0.33618881118881117,0.2879045996592845
19.515834853258166,0.4838886854632003,0.33636363636363636,0.2879045996592845
19.52412535234621,0.48416331014280484,0.33653846153846156,0.2879045996592845
19.532415851434255,0.48439216404247526,0.3367132867132867,0.2879045996592845
19.540706350522303,0.48439216404247526,0.3367132867132867,0.2879045996592845
19.548996849610347,0.48439216404247526,0.3367132867132867,0.2879045996592845
19.55728734869839,0.484758330281948,0.3368881118881119,0.2879045996592845
19.565577847786436,0.48507872574148664,0.33706293706293705,0.2887563884156729
19.57386834687448,0.4851702673013548,0.33723776223776225,0.2887563884156729
19.582158845962528,0.4852160380812889,0.3374125874125874,0.2887563884156729
19.590449345050573,0.4852160380812889,0.3374125874125874,0.2887563884156729
19.598739844138617,0.485261808861223,0.3375874125874126,0.2887563884156729
19.60703034322666,0.485261808861223,0.3375874125874126,0.28960817717206133
19.615320842314706,0.4856737458806298,0.33776223776223774,0.28960817717206133
19.623611341402754,0.4858110582204321,0.33793706293706294,0.28960817717206133
19.631901840490798,0.486268766019773,0.33811188811188814,0.28960817717206133
19.640192339578842,0.48668070303917976,0.3382867132867133,0.28960817717206133
19.648482838666887,0.48668070303917976,0.3382867132867133,0.28960817717206133
19.656773337754935,0.48681801537898206,0.3384615384615385,0.28960817717206133
19.66506383684298,0.4870468692786525,0.3386363636363636,0.28960817717206133
19.673354335931023,0.4870926400585866,0.3388111888111888,0.28960817717206133
19.681644835019068,0.4874588062980593,0.33898601398601397,0.28960817717206133
19.689935334107112,0.4875503478579275,0.33916083916083917,0.28960817717206133
19.69822583319516,0.4875503478579275,0.33916083916083917,0.28960817717206133
19.706516332283204,0.4875503478579275,0.33916083916083917,0.28960817717206133
19.71480683137125,0.48773343097766386,0.3393356643356643,0.28960817717206133
19.723097330459293,0.4879165140974002,0.3395104895104895,0.29045996592844975
19.731387829547337,0.4879622848773343,0.3396853146853147,0.29045996592844975
19.739678328635385,0.4882369095569388,0.33986013986013985,0.29131175468483816
19.74796882772343,0.4883742218967411,0.34003496503496505,0.29131175468483816
19.756259326811474,0.4884657634566093,0.3402097902097902,0.29131175468483816
19.76454982589952,0.488831929696082,0.3403846153846154,0.29131175468483816
19.772840324987563,0.48896924203588427,0.34055944055944054,0.29131175468483816
19.78113082407561,0.4892438667154888,0.34073426573426574,0.29131175468483816
19.789421323163655,0.48942694983522517,0.3409090909090909,0.29131175468483816
19.7977118222517,0.4894727206151593,0.3410839160839161,0.29131175468483816
19.806002321339744,0.48951849139509335,0.3412587412587413,0.29131175468483816
19.81429282042779,0.48951849139509335,0.3412587412587413,0.29131175468483816
19.822583319515836,0.4897015745148297,0.3414335664335664,0.29131175468483816
19.83087381860388,0.4897015745148297,0.3414335664335664,0.29131175468483816
19.839164317691925,0.4897015745148297,0.3414335664335664,0.29131175468483816
19.84745481677997,0.489838886854632,0.3416083916083916,0.29131175468483816
19.855745315868017,0.489838886854632,0.3416083916083916,0.29131175468483816
19.86403581495606,0.49011351153423655,0.34178321678321677,0.29131175468483816
19.872326314044106,0.49011351153423655,0.34178321678321677,0.29131175468483816
19.88061681313215,0.4902965946539729,0.34195804195804197,0.29131175468483816
19.888907312220194,0.4903881362138411,0.3421328671328671,0.29131175468483816
19.897197811308242,0.49057121933357745,0.3423076923076923,0.29131175468483816
19.905488310396287,0.4906627608934456,0.34248251748251746,0.2921635434412266
19.91377880948433,0.4907085316733797,0.34265734265734266,0.2921635434412266
19.922069308572375,0.4907085316733797,0.34265734265734266,0.2921635434412266
19.93035980766042,0.49089161479311605,0.34283216783216786,0.2921635434412266
19.938650306748468,0.49089161479311605,0.34283216783216786,0.2921635434412266
19.946940805836512,0.4913035518125229,0.343006993006993,0.2921635434412266
19.955231304924556,0.49139509337239107,0.3431818181818182,0.2921635434412266
19.9635218040126,0.4915781764921274,0.34335664335664334,0.293015332197615
19.971812303100645,0.49194434273160015,0.34353146853146854,0.293015332197615
19.980102802188693,0.49203588429146833,0.3437062937062937,0.293015332197615
19.988393301276737,0.4921274258513365,0.3438811188811189,0.293015332197615
19.99668380036478,0.49226473819113875,0.34405594405594403,0.2938671209540034
20.004974299452826,0.49263090443061147,0.34423076923076923,0.29471890971039183
20.013264798540874,0.49263090443061147,0.34423076923076923,0.29471890971039183
20.021555297628918,0.49285975833028195,0.34440559440559443,0.29557069846678025
20.029845796716963,0.49318015378982055,0.3445804195804196,0.29557069846678025
20.038136295805007,0.49331746612962285,0.34475524475524477,0.29557069846678025
20.04642679489305,0.49363786158916145,0.3449300699300699,0.29557069846678025
20.0547172939811,0.49363786158916145,0.3449300699300699,0.29642248722316866
20.063007793069144,0.4940497986085683,0.3451048951048951,0.29642248722316866
20.071298292157188,0.49418711094837053,0.34527972027972026,0.29642248722316866
20.079588791245232,0.49418711094837053,0.34527972027972026,0.29642248722316866
20.087879290333277,0.4945075064079092,0.34545454545454546,0.29642248722316866
20.096169789421324,0.4945075064079092,0.34545454545454546,0.29642248722316866
20.10446028850937,0.49478213108751373,0.3456293706293706,0.29642248722316866
20.112750787597413,0.494919443427316,0.3458041958041958,0.29642248722316866
20.121041286685458,0.49514829732698645,0.345979020979021,0.29642248722316866
20.129331785773502,0.49514829732698645,0.345979020979021,0.29642248722316866
20.13762228486155,0.4951940681069205,0.34615384615384615,0.29642248722316866
20.145912783949594,0.4953771512266569,0.34632867132867134,0.29642248722316866
20.15420328303764,0.49556023434639324,0.3465034965034965,0.29642248722316866
20.162493782125683,0.49560600512632735,0.3466783216783217,0.29642248722316866
20.17078428121373,0.4957433174661296,0.34685314685314683,0.29642248722316866
20.179074780301775,0.4957890882460637,0.34702797202797203,0.29642248722316866
20.18736527938982,0.49606371292566825,0.3472027972027972,0.29642248722316866
20.195655778477864,0.49615525448553643,0.3473776223776224,0.2972742759795571
20.203946277565908,0.496429879165141,0.3475524475524476,0.2972742759795571
20.212236776653956,0.4967960454046137,0.3477272727272727,0.2972742759795571
20.220527275742,0.49693335774441594,0.3479020979020979,0.2972742759795571
20.228817774830045,0.4971164408641523,0.34807692307692306,0.2972742759795571
20.23710827391809,0.4972537532039546,0.34825174825174826,0.2972742759795571
20.245398773006134,0.497482607103625,0.3484265734265734,0.2981260647359455
20.25368927209418,0.49784877334309774,0.3486013986013986,0.2981260647359455
20.261979771182226,0.49835225192237276,0.3487762237762238,0.2981260647359455
20.27027027027027,0.498489564262175,0.34895104895104895,0.2981260647359455
20.278560769358315,0.4987184181618455,0.34912587412587415,0.2981260647359455
20.28685126844636,0.49890150128158184,0.3493006993006993,0.2981260647359455
20.295141767534407,0.49890150128158184,0.3493006993006993,0.2981260647359455
20.30343226662245,0.49890150128158184,0.3493006993006993,0.2981260647359455
20.311722765710496,0.49926766752105456,0.3494755244755245,0.2981260647359455
20.32001326479854,0.4993134383009886,0.34965034965034963,0.2981260647359455
20.328303763886584,0.499496521420725,0.34982517482517483,0.2989778534923339
20.336594262974632,0.49967960454046134,0.35,0.2989778534923339
20.344884762062676,0.49972537532039546,0.3501748251748252,0.2989778534923339
20.35317526115072,0.4999542292200659,0.3503496503496504,0.2989778534923339
20.361465760238765,0.4999542292200659,0.3503496503496504,0.2989778534923339
20.369756259326813,0.5002746246796046,0.3505244755244755,0.2989778534923339
20.378046758414857,0.5002746246796046,0.3505244755244755,0.2989778534923339
20.386337257502902,0.5003203954595387,0.3506993006993007,0.2989778534923339
20.394627756590946,0.5003661662394727,0.35087412587412586,0.2989778534923339
20.40291825567899,0.5007323324789454,0.35104895104895106,0.2989778534923339
20.41120875476704,0.5007781032588795,0.3512237762237762,0.2989778534923339
20.419499253855083,0.5008238740388137,0.3513986013986014,0.2989778534923339
20.427789752943127,0.5011442694983522,0.35157342657342655,0.2989778534923339
20.43608025203117,0.5013731233980228,0.35174825174825175,0.2989778534923339
20.444370751119216,0.5016019772976932,0.35192307692307695,0.2989778534923339
20.452661250207264,0.5016019772976932,0.35192307692307695,0.2989778534923339
20.460951749295308,0.5018766019772977,0.3520979020979021,0.2989778534923339
20.469242248383352,0.5019223727572318,0.3522727272727273,0.2989778534923339
20.477532747471397,0.502059685097034,0.35244755244755244,0.2989778534923339
20.48582324655944,0.5021969974368363,0.35262237762237764,0.2989778534923339
20.49411374564749,0.5023800805565727,0.3527972027972028,0.2989778534923339
20.502404244735533,0.502517392896375,0.352972027972028,0.2989778534923339
20.510694743823578,0.5026547052361773,0.3531468531468531,0.2989778534923339
20.518985242911622,0.5027920175759795,0.3533216783216783,0.2989778534923339
20.52727574199967,0.5027920175759795,0.3533216783216783,0.2989778534923339
20.535566241087714,0.5029293299157818,0.3534965034965035,0.2989778534923339
20.54385674017576,0.5029751006957158,0.35367132867132867,0.2989778534923339
20.552147239263803,0.5029751006957158,0.35367132867132867,0.2989778534923339
20.560437738351848,0.5031581838154522,0.35384615384615387,0.29982964224872233
20.568728237439895,0.5032497253753204,0.354020979020979,0.29982964224872233
20.57701873652794,0.5032954961552545,0.3541958041958042,0.29982964224872233
20.585309235615984,0.5032954961552545,0.3541958041958042,0.29982964224872233
20.59359973470403,0.5032954961552545,0.3541958041958042,0.29982964224872233
20.601890233792073,0.5034785792749908,0.35437062937062935,0.29982964224872233
20.61018073288012,0.5036158916147931,0.35454545454545455,0.29982964224872233
20.618471231968165,0.5037074331746613,0.3547202797202797,0.29982964224872233
20.62676173105621,0.5038447455144636,0.3548951048951049,0.29982964224872233
20.635052230144254,0.5043482240937386,0.3550699300699301,0.29982964224872233
20.643342729232298,0.5043482240937386,0.3550699300699301,0.30068143100511074
20.651633228320346,0.5045313072134749,0.35524475524475524,0.30153321976149916
20.65992372740839,0.5046228487733431,0.35541958041958044,0.30153321976149916
20.668214226496435,0.5048517026730136,0.3555944055944056,0.30153321976149916
20.67650472558448,0.5048517026730136,0.3555944055944056,0.30153321976149916
20.684795224672524,0.5048517026730136,0.3555944055944056,0.30153321976149916
20.69308572376057,0.5048517026730136,0.3555944055944056,0.30153321976149916
20.701376222848616,0.5048974734529477,0.3557692307692308,0.30153321976149916
20.70966672193666,0.505080556572684,0.3559440559440559,0.30153321976149916
20.717957221024704,0.5054467228121567,0.3561188811188811,0.30153321976149916
20.726247720112752,0.5054467228121567,0.3561188811188811,0.30153321976149916
20.734538219200797,0.5056755767118272,0.35629370629370627,0.30153321976149916
20.74282871828884,0.5057671182716954,0.35646853146853147,0.3023850085178876
20.751119217376885,0.5060417429512999,0.35664335664335667,0.3023850085178876
20.75940971646493,0.5061790552911022,0.3568181818181818,0.303236797274276
20.767700215552978,0.506636763090443,0.356993006993007,0.303236797274276
20.775990714641022,0.507094470889784,0.35716783216783216,0.303236797274276
20.784281213729066,0.5073233247894544,0.35734265734265735,0.303236797274276
20.79257171281711,0.507597949469059,0.3575174825174825,0.303236797274276
20.800862211905155,0.5078268033687294,0.3576923076923077,0.303236797274276
20.809152710993203,0.5078268033687294,0.3576923076923077,0.303236797274276
20.817443210081247,0.5080098864884658,0.35786713286713284,0.303236797274276
20.825733709169292,0.5082845111680703,0.35804195804195804,0.303236797274276
20.834024208257336,0.5084218235078726,0.35821678321678324,0.303236797274276
20.84231470734538,0.5084218235078726,0.35821678321678324,0.303236797274276
20.85060520643343,0.508650677407543,0.3583916083916084,0.303236797274276
20.858895705521473,0.5087879897473453,0.3585664335664336,0.303236797274276
20.867186204609517,0.5089710728670817,0.35874125874125873,0.303236797274276
20.87547670369756,0.5090168436470157,0.35891608391608393,0.3040885860306644
20.88376720278561,0.509108385206884,0.35909090909090907,0.3040885860306644
20.892057701873654,0.509108385206884,0.35909090909090907,0.3040885860306644
20.900348200961698,0.5097034053460271,0.35926573426573427,0.3040885860306644
20.908638700049742,0.5097034053460271,0.35926573426573427,0.3040885860306644
20.916929199137787,0.5097491761259612,0.3594405594405594,0.3040885860306644
20.925219698225835,0.5097949469058953,0.3596153846153846,0.3040885860306644
20.93351019731388,0.5099322592456975,0.3597902097902098,0.3049403747870528
20.941800696401923,0.5099780300256317,0.35996503496503496,0.3049403747870528
20.950091195489968,0.5099780300256317,0.35996503496503496,0.3049403747870528
20.958381694578012,0.5100238008055658,0.36013986013986016,0.3049403747870528
20.96667219366606,0.5102068839253021,0.3603146853146853,0.3049403747870528
20.974962692754104,0.5102526547052362,0.3604895104895105,0.3049403747870528
20.98325319184215,0.5103899670450385,0.36066433566433564,0.3049403747870528
20.991543690930193,0.5105730501647748,0.36083916083916084,0.30579216354344124
20.999834190018237,0.5107561332845112,0.361013986013986,0.30579216354344124
21.008124689106285,0.5108019040644453,0.3611888111888112,0.30579216354344124
21.01641518819433,0.5108019040644453,0.3611888111888112,0.30579216354344124
21.024705687282374,0.5108476748443793,0.3613636363636364,0.30579216354344124
21.03299618637042,0.5108934456243135,0.36153846153846153,0.30579216354344124
21.041286685458466,0.5108934456243135,0.36153846153846153,0.30579216354344124
21.04957718454651,0.5109392164042476,0.36171328671328673,0.30664395229982966
21.057867683634555,0.5110307579641157,0.3618881118881119,0.3074957410562181
21.0661581827226,0.511168070303918,0.3620629370629371,0.3074957410562181
21.074448681810644,0.5113969242035884,0.3622377622377622,0.3074957410562181
21.08273918089869,0.5115342365433907,0.3624125874125874,0.3074957410562181
21.091029679986736,0.5115342365433907,0.3624125874125874,0.3074957410562181
21.09932017907478,0.5117630904430611,0.36258741258741256,0.3074957410562181
21.107610678162825,0.5118546320029294,0.36276223776223776,0.3074957410562181
21.11590117725087,0.5122207982424021,0.36293706293706296,0.3074957410562181
21.124191676338917,0.5125411937019407,0.3631118881118881,0.3074957410562181
21.13248217542696,0.5125411937019407,0.3631118881118881,0.3074957410562181
21.140772674515006,0.5125411937019407,0.3631118881118881,0.3074957410562181
21.14906317360305,0.5130904430611498,0.3632867132867133,0.3074957410562181
21.157353672691094,0.5132735261808862,0.36346153846153845,0.3074957410562181
21.165644171779142,0.5135023800805566,0.36363636363636365,0.3083475298126065
21.173934670867187,0.5138227755400953,0.3638111888111888,0.3083475298126065
21.18222516995523,0.5138227755400953,0.3638111888111888,0.3083475298126065
21.190515669043275,0.5138685463200293,0.363986013986014,0.3083475298126065
21.19880616813132,0.5138685463200293,0.363986013986014,0.3091993185689949
21.207096667219368,0.5138685463200293,0.363986013986014,0.3091993185689949
21.215387166307412,0.5138685463200293,0.363986013986014,0.3091993185689949
21.223677665395456,0.5138685463200293,0.363986013986014,0.3100511073253833
21.2319681644835,0.5138685463200293,0.363986013986014,0.3100511073253833
21.24025866357155,0.5143262541193702,0.36416083916083913,0.3100511073253833
21.248549162659593,0.5143262541193702,0.36416083916083913,0.3100511073253833
21.256839661747637,0.5143720248993043,0.36433566433566433,0.3100511073253833
21.26513016083568,0.5145093372391065,0.36451048951048953,0.3100511073253833
21.273420659923726,0.5146924203588429,0.3646853146853147,0.3100511073253833
21.281711159011774,0.5146924203588429,0.3646853146853147,0.3100511073253833
21.29000165809982,0.5146924203588429,0.3646853146853147,0.3100511073253833
21.298292157187863,0.5148755034785792,0.3648601398601399,0.3100511073253833
21.306582656275907,0.5150128158183815,0.365034965034965,0.3100511073253833
21.31487315536395,0.5151501281581838,0.3652097902097902,0.3100511073253833
21.323163654452,0.5154247528377883,0.36538461538461536,0.3100511073253833
21.331454153540044,0.5155162943976566,0.36555944055944056,0.3100511073253833
21.339744652628088,0.5155162943976566,0.36555944055944056,0.3100511073253833
21.348035151716132,0.5156078359575247,0.3657342657342657,0.3100511073253833
21.356325650804177,0.5156993775173929,0.3659090909090909,0.3100511073253833
21.364616149892225,0.5160655437568656,0.3660839160839161,0.3100511073253833
21.37290664898027,0.5160655437568656,0.3660839160839161,0.3100511073253833
21.381197148068313,0.5162028560966679,0.36625874125874125,0.3100511073253833
21.389487647156358,0.5162028560966679,0.36625874125874125,0.3100511073253833
21.397778146244406,0.516248626876602,0.36643356643356645,0.3100511073253833
21.40606864533245,0.5164317099963384,0.3666083916083916,0.3100511073253833
21.414359144420494,0.5164317099963384,0.3666083916083916,0.3100511073253833
21.42264964350854,0.516752105455877,0.3667832167832168,0.3100511073253833
21.430940142596583,0.5169351885756134,0.36695804195804194,0.3100511073253833
21.43923064168463,0.5169809593555474,0.36713286713286714,0.3100511073253833
21.447521140772675,0.5170267301354815,0.36730769230769234,0.3100511073253833
21.45581163986072,0.5170267301354815,0.36730769230769234,0.3100511073253833
21.464102138948764,0.5171182716953497,0.3674825174825175,0.3100511073253833
21.47239263803681,0.5172098132552179,0.3676573426573427,0.3100511073253833
21.480683137124856,0.5173013548150861,0.3678321678321678,0.3100511073253833
21.4889736362129,0.5173013548150861,0.3678321678321678,0.3100511073253833
21.497264135300945,0.5173013548150861,0.3678321678321678,0.31090289608177174
21.50555463438899,0.5174844379348225,0.368006993006993,0.31090289608177174
21.513845133477034,0.5175302087147565,0.36818181818181817,0.31090289608177174
21.52213563256508,0.5178506041742952,0.36835664335664337,0.31175468483816016
21.530426131653126,0.5179421457341633,0.3685314685314685,0.31175468483816016
21.53871663074117,0.5179421457341633,0.3685314685314685,0.31175468483816016
21.547007129829215,0.5180336872940315,0.3687062937062937,0.3126064735945486
21.55529762891726,0.5180336872940315,0.3687062937062937,0.313458262350937
21.563588128005307,0.5185829366532406,0.3688811188811189,0.313458262350937
21.57187862709335,0.5186287074331747,0.36905594405594405,0.313458262350937
21.580169126181396,0.518811790552911,0.36923076923076925,0.313458262350937
21.58845962526944,0.5191321860124497,0.3694055944055944,0.313458262350937
21.596750124357488,0.5191779567923838,0.3695804195804196,0.313458262350937
21.605040623445532,0.5194525814719883,0.36975524475524474,0.313458262350937
21.613331122533577,0.5195441230318565,0.36993006993006994,0.3143100511073254
21.62162162162162,0.5200476016111315,0.3701048951048951,0.3143100511073254
21.629912120709665,0.5200933723910656,0.3702797202797203,0.3143100511073254
21.638202619797713,0.5200933723910656,0.3702797202797203,0.3143100511073254
21.646493118885758,0.5200933723910656,0.3702797202797203,0.3143100511073254
21.654783617973802,0.5200933723910656,0.3702797202797203,0.3143100511073254
21.663074117061846,0.520322226290736,0.3704545454545455,0.3143100511073254
21.67136461614989,0.52036799707067,0.3706293706293706,0.3143100511073254
21.67965511523794,0.5204595386305383,0.3708041958041958,0.3143100511073254
21.687945614325983,0.5205968509703406,0.37097902097902097,0.3143100511073254
21.696236113414027,0.5206426217502746,0.37115384615384617,0.3143100511073254
21.70452661250207,0.5206883925302087,0.3713286713286713,0.3143100511073254
21.712817111590116,0.5209172464298791,0.3715034965034965,0.3143100511073254
21.721107610678164,0.5215122665690224,0.37167832167832165,0.3143100511073254
21.72939810976621,0.5216038081288905,0.37185314685314685,0.3143100511073254
21.737688608854253,0.5216495789088246,0.37202797202797205,0.3151618398637138
21.745979107942297,0.5219242035884292,0.3722027972027972,0.3151618398637138
21.754269607030345,0.5219699743683632,0.3723776223776224,0.3151618398637138
21.76256010611839,0.5220157451482973,0.37255244755244754,0.31601362862010224
21.770850605206434,0.522336140607836,0.37272727272727274,0.31601362862010224
21.779141104294478,0.5224276821677042,0.3729020979020979,0.31686541737649065
21.787431603382522,0.5224734529476383,0.3730769230769231,0.31686541737649065
21.79572210247057,0.5227023068473087,0.3732517482517482,0.31771720613287907
21.804012601558615,0.5227480776272427,0.3734265734265734,0.31771720613287907
21.81230310064666,0.5227480776272427,0.3734265734265734,0.3185689948892675
21.820593599734703,0.5229769315269133,0.3736013986013986,0.3185689948892675
21.828884098822748,0.5229769315269133,0.3736013986013986,0.3185689948892675
21.837174597910796,0.5230684730867814,0.37377622377622377,0.3185689948892675
21.84546509699884,0.5231600146466496,0.37395104895104897,0.3185689948892675
21.853755596086884,0.5235261808861223,0.3741258741258741,0.3185689948892675
21.86204609517493,0.5237550347857928,0.3743006993006993,0.3185689948892675
21.870336594262973,0.5240754302453314,0.37447552447552446,0.3185689948892675
21.87862709335102,0.5240754302453314,0.37447552447552446,0.3185689948892675
21.886917592439065,0.5242585133650678,0.37465034965034966,0.3185689948892675
21.89520809152711,0.5242585133650678,0.37465034965034966,0.3185689948892675
21.903498590615154,0.5242585133650678,0.37465034965034966,0.3185689948892675
21.9117890897032,0.52439582570487,0.3748251748251748,0.3185689948892675
21.920079588791246,0.5244415964848042,0.375,0.3185689948892675
21.92837008787929,0.5244415964848042,0.375,0.3185689948892675
21.936660586967335,0.5245331380446723,0.3751748251748252,0.3185689948892675
21.94495108605538,0.5245331380446723,0.3751748251748252,0.3185689948892675
21.953241585143427,0.5246246796045405,0.37534965034965034,0.3185689948892675
21.96153208423147,0.5247162211644086,0.37552447552447554,0.3185689948892675
21.969822583319516,0.5247162211644086,0.37552447552447554,0.3185689948892675
21.97811308240756,0.5250366166239473,0.3756993006993007,0.3185689948892675
21.986403581495605,0.5251281581838154,0.3758741258741259,0.3185689948892675
21.994694080583653,0.52540278286342,0.37604895104895103,0.3185689948892675
22.002984579671697,0.52540278286342,0.37604895104895103,0.3185689948892675
22.01127507875974,0.5256774075430245,0.37622377622377623,0.3185689948892675
22.019565577847786,0.5257231783229587,0.3763986013986014,0.3185689948892675
22.02785607693583,0.5258604906627609,0.3765734265734266,0.3185689948892675
22.036146576023878,0.5259978030025632,0.3767482517482518,0.3185689948892675
22.044437075111922,0.5262266569022336,0.3769230769230769,0.3194207836456559
22.052727574199967,0.5264097400219699,0.3770979020979021,0.3194207836456559
22.06101807328801,0.5264555108019041,0.37727272727272726,0.3194207836456559
22.069308572376055,0.5268674478213109,0.37744755244755246,0.3194207836456559
22.077599071464103,0.5270047601611132,0.3776223776223776,0.3194207836456559
22.085889570552148,0.5270963017209813,0.3777972027972028,0.3194207836456559
22.094180069640192,0.5275082387403881,0.37797202797202795,0.3202725724020443
22.102470568728236,0.5281032588795314,0.37814685314685315,0.3202725724020443
22.110761067816284,0.5281032588795314,0.37814685314685315,0.32112436115843274
22.11905156690433,0.5282863419992677,0.37832167832167835,0.32112436115843274
22.127342065992373,0.5284694251190041,0.3784965034965035,0.32112436115843274
22.135632565080417,0.5286982790186745,0.3786713286713287,0.32112436115843274
22.14392306416846,0.5286982790186745,0.3786713286713287,0.32112436115843274
22.15221356325651,0.5288813621384109,0.37884615384615383,0.32112436115843274
22.160504062344554,0.528972903698279,0.37902097902097903,0.32112436115843274
22.1687945614326,0.5291102160380813,0.3791958041958042,0.32112436115843274
22.177085060520643,0.529476382277554,0.3793706293706294,0.32112436115843274
22.185375559608687,0.5295221530574881,0.3795454545454545,0.32112436115843274
22.193666058696735,0.5296136946173563,0.3797202797202797,0.32112436115843274
22.20195655778478,0.5298425485170267,0.3798951048951049,0.32112436115843274
22.210247056872824,0.529934090076895,0.38006993006993006,0.32112436115843274
22.218537555960868,0.529934090076895,0.38006993006993006,0.32112436115843274
22.226828055048912,0.529979860856829,0.38024475524475526,0.32112436115843274
22.23511855413696,0.5300714024166971,0.3804195804195804,0.32112436115843274
22.243409053225005,0.5302544855364335,0.3805944055944056,0.32112436115843274
22.25169955231305,0.5302544855364335,0.3805944055944056,0.3219761499148211
22.259990051401093,0.5303460270963017,0.38076923076923075,0.3219761499148211
22.268280550489138,0.530483339436104,0.38094405594405595,0.3219761499148211
22.276571049577186,0.5305291102160381,0.3811188811188811,0.3219761499148211
22.28486154866523,0.5308952764555108,0.3812937062937063,0.3219761499148211
22.293152047753274,0.5310783595752472,0.3814685314685315,0.3219761499148211
22.30144254684132,0.5312156719150495,0.38164335664335663,0.3219761499148211
22.309733045929367,0.5312156719150495,0.38164335664335663,0.3219761499148211
22.31802354501741,0.5313987550347858,0.38181818181818183,0.3219761499148211
22.326314044105455,0.5314445258147199,0.381993006993007,0.3219761499148211
22.3346045431935,0.531490296594654,0.3821678321678322,0.3219761499148211
22.342895042281544,0.531536067374588,0.3823426573426573,0.3219761499148211
22.351185541369592,0.5317649212742586,0.3825174825174825,0.3219761499148211
22.359476040457636,0.5322683998535335,0.38269230769230766,0.3228279386712095
22.36776653954568,0.5322683998535335,0.38269230769230766,0.3228279386712095
22.376057038633725,0.5325430245331381,0.38286713286713286,0.3228279386712095
22.38434753772177,0.5328176492127426,0.38304195804195806,0.3228279386712095
22.392638036809817,0.5332753570120835,0.3832167832167832,0.3228279386712095
22.40092853589786,0.5334126693518858,0.3833916083916084,0.3228279386712095
22.409219034985906,0.5336415232515562,0.38356643356643355,0.3228279386712095
22.41750953407395,0.5336872940314903,0.38374125874125875,0.3228279386712095
22.425800033161995,0.5336872940314903,0.38374125874125875,0.3228279386712095
22.434090532250043,0.5336872940314903,0.38374125874125875,0.3228279386712095
22.442381031338087,0.5338703771512266,0.3839160839160839,0.3228279386712095
22.45067153042613,0.5339161479311607,0.3840909090909091,0.3228279386712095
22.458962029514176,0.5339161479311607,0.3840909090909091,0.3228279386712095
22.467252528602224,0.5339161479311607,0.3840909090909091,0.3228279386712095
22.475543027690268,0.5339161479311607,0.3840909090909091,0.3228279386712095
22.483833526778312,0.5339619187110949,0.3842657342657343,0.3228279386712095
22.492124025866357,0.5340992310508971,0.38444055944055944,0.3228279386712095
22.5004145249544,0.5343280849505676,0.38461538461538464,0.3228279386712095
22.50870502404245,0.5347857927499085,0.3847902097902098,0.3228279386712095
22.516995523130493,0.5349231050897107,0.384965034965035,0.3228279386712095
22.525286022218538,0.5351519589893812,0.3851398601398601,0.32367972742759793
22.533576521306582,0.5352435005492494,0.3853146853146853,0.32367972742759793
22.541867020394626,0.5352435005492494,0.3853146853146853,0.32367972742759793
22.550157519482674,0.5352892713291835,0.38548951048951047,0.32367972742759793
22.55844801857072,0.5353808128890516,0.38566433566433567,0.32367972742759793
22.566738517658763,0.5354723544489198,0.38583916083916087,0.32367972742759793
22.575029016746807,0.535563896008788,0.386013986013986,0.32367972742759793
22.58331951583485,0.5356554375686562,0.3861888111888112,0.32367972742759793
22.5916100149229,0.5357927499084585,0.38636363636363635,0.32367972742759793
22.599900514010944,0.5362504577077993,0.38653846153846155,0.32367972742759793
22.60819101309899,0.5366623947272061,0.3867132867132867,0.32367972742759793
22.616481512187033,0.5368912486268766,0.3868881118881119,0.32367972742759793
22.62477201127508,0.5371201025265471,0.38706293706293704,0.32367972742759793
22.633062510363125,0.5372574148663494,0.38723776223776224,0.32367972742759793
22.64135300945117,0.5372574148663494,0.38723776223776224,0.32367972742759793
22.649643508539214,0.5372574148663494,0.38723776223776224,0.32367972742759793
22.657934007627258,0.5372574148663494,0.38723776223776224,0.32367972742759793
22.666224506715306,0.5373947272061516,0.38741258741258744,0.32453151618398635
22.67451500580335,0.5373947272061516,0.38741258741258744,0.32453151618398635
22.682805504891395,0.5375320395459539,0.3875874125874126,0.32453151618398635
22.69109600397944,0.5375778103258879,0.3877622377622378,0.32453151618398635
22.699386503067483,0.5375778103258879,0.3877622377622378,0.32453151618398635
22.70767700215553,0.5377151226656902,0.3879370629370629,0.32453151618398635
22.715967501243576,0.5377151226656902,0.3879370629370629,0.32453151618398635
22.72425800033162,0.5377151226656902,0.3879370629370629,0.32453151618398635
22.732548499419664,0.538127059685097,0.3881118881118881,0.32453151618398635
22.74083899850771,0.5382186012449652,0.38828671328671327,0.32453151618398635
22.749129497595757,0.5384932259245697,0.38846153846153847,0.32453151618398635
22.7574199966838,0.5388593921640424,0.3886363636363636,0.32453151618398635
22.765710495771845,0.5389509337239107,0.3888111888111888,0.32453151618398635
22.77400099485989,0.5390424752837788,0.388986013986014,0.32453151618398635
22.782291493947934,0.5391797876235811,0.38916083916083916,0.32453151618398635
22.790581993035982,0.5393170999633834,0.38933566433566436,0.32453151618398635
22.798872492124026,0.5393170999633834,0.38933566433566436,0.32453151618398635
22.80716299121207,0.5394544123031857,0.3895104895104895,0.32453151618398635
22.815453490300115,0.5395917246429879,0.3896853146853147,0.32453151618398635
22.823743989388163,0.5395917246429879,0.3896853146853147,0.32453151618398635
22.832034488476207,0.5395917246429879,0.3896853146853147,0.32453151618398635
22.84032498756425,0.539637495422922,0.38986013986013984,0.32453151618398635
22.848615486652296,0.5400952032222629,0.39003496503496504,0.32453151618398635
22.85690598574034,0.5402325155620652,0.3902097902097902,0.32453151618398635
22.865196484828388,0.5404155986818016,0.3903846153846154,0.32453151618398635
22.873486983916433,0.5405071402416697,0.3905594405594406,0.32453151618398635
22.881777483004477,0.5409190772610766,0.39073426573426573,0.32453151618398635
22.89006798209252,0.5409190772610766,0.39073426573426573,0.32453151618398635
22.898358481180566,0.5412852435005493,0.39090909090909093,0.32453151618398635
22.906648980268614,0.5418344928597584,0.39108391608391607,0.32453151618398635
22.914939479356658,0.5418344928597584,0.39108391608391607,0.32453151618398635
22.923229978444702,0.5418344928597584,0.39108391608391607,0.32453151618398635
22.931520477532747,0.5419718051995606,0.39125874125874127,0.32453151618398635
22.93981097662079,0.5419718051995606,0.39125874125874127,0.32453151618398635
22.94810147570884,0.5422922006590992,0.3914335664335664,0.32453151618398635
22.956391974796883,0.5423379714390333,0.3916083916083916,0.32453151618398635
22.964682473884928,0.5423379714390333,0.3916083916083916,0.32453151618398635
22.972972972972972,0.5423379714390333,0.3916083916083916,0.32453151618398635
22.98126347206102,0.5425210545587696,0.39178321678321676,0.32453151618398635
22.989553971149064,0.5425210545587696,0.39178321678321676,0.32453151618398635
22.99784447023711,0.5427956792383742,0.39195804195804196,0.32453151618398635
23.006134969325153,0.5428872207982424,0.39213286713286716,0.32453151618398635
23.014425468413197,0.5428872207982424,0.39213286713286716,0.32453151618398635
23.022715967501245,0.5430245331380447,0.3923076923076923,0.32453151618398635
23.03100646658929,0.5430245331380447,0.3923076923076923,0.32453151618398635
23.039296965677334,0.5430703039179787,0.3924825174825175,0.32453151618398635
23.04758746476538,0.5430703039179787,0.3924825174825175,0.32453151618398635
23.055877963853423,0.543161845477847,0.39265734265734265,0.32453151618398635
23.06416846294147,0.543161845477847,0.39265734265734265,0.32453151618398635
23.072458962029515,0.5432991578176493,0.39283216783216784,0.32453151618398635
23.08074946111756,0.5434364701574514,0.393006993006993,0.32453151618398635
23.089039960205604,0.5434822409373856,0.3931818181818182,0.32453151618398635
23.097330459293648,0.5435737824972537,0.39335664335664333,0.32453151618398635
23.105620958381696,0.543665324057122,0.39353146853146853,0.32538330494037476
23.11391145746974,0.543711094837056,0.39370629370629373,0.32538330494037476
23.122201956557785,0.5437568656169901,0.3938811188811189,0.32538330494037476
23.13049245564583,0.5439857195166605,0.3940559440559441,0.32538330494037476
23.138782954733873,0.5439857195166605,0.3940559440559441,0.32538330494037476
23.14707345382192,0.5442603441962651,0.3942307692307692,0.32538330494037476
23.155363952909966,0.5443061149761992,0.3944055944055944,0.32538330494037476
23.16365445199801,0.5443061149761992,0.3944055944055944,0.32538330494037476
23.171944951086054,0.5443061149761992,0.3944055944055944,0.32538330494037476
23.180235450174102,0.544718051995606,0.39458041958041956,0.32538330494037476
23.188525949262146,0.5450842182350787,0.39475524475524476,0.32538330494037476
23.19681644835019,0.5454046136946173,0.3949300699300699,0.32538330494037476
23.205106947438235,0.5454503844745514,0.3951048951048951,0.3262350936967632
23.21339744652628,0.5454503844745514,0.3951048951048951,0.3262350936967632
23.221687945614327,0.5458165507140241,0.3952797202797203,0.3262350936967632
23.229978444702372,0.5458623214939583,0.39545454545454545,0.3262350936967632
23.238268943790416,0.5458623214939583,0.39545454545454545,0.3262350936967632
23.24655944287846,0.5459538630538264,0.39562937062937065,0.3262350936967632
23.254849941966505,0.5459996338337605,0.3958041958041958,0.3262350936967632
23.263140441054553,0.5460454046136947,0.395979020979021,0.3262350936967632
23.271430940142597,0.5463658000732332,0.39615384615384613,0.3262350936967632
23.27972143923064,0.5464115708531674,0.39632867132867133,0.3262350936967632
23.288011938318686,0.5464573416331014,0.3965034965034965,0.3262350936967632
23.29630243740673,0.5464573416331014,0.3965034965034965,0.3262350936967632
23.304592936494778,0.5464573416331014,0.3965034965034965,0.3262350936967632
23.312883435582823,0.5468235078725742,0.3966783216783217,0.3262350936967632
23.321173934670867,0.5468692786525082,0.3968531468531469,0.3262350936967632
23.32946443375891,0.5468692786525082,0.3968531468531469,0.3262350936967632
23.33775493284696,0.547235444891981,0.397027972027972,0.3262350936967632
23.346045431935003,0.5473727572317832,0.3972027972027972,0.3262350936967632
23.354335931023048,0.5474185280117173,0.39737762237762236,0.3262350936967632
23.362626430111092,0.5474185280117173,0.39737762237762236,0.3262350936967632
23.370916929199137,0.5480593189307946,0.39755244755244756,0.3262350936967632
23.379207428287184,0.548242402050531,0.3977272727272727,0.3262350936967632
23.38749792737523,0.5484254851702673,0.3979020979020979,0.3262350936967632
23.395788426463273,0.5484712559502014,0.39807692307692305,0.3262350936967632
23.404078925551318,0.5485627975100695,0.39825174825174825,0.3262350936967632
23.412369424639362,0.5486085682900037,0.39842657342657345,0.3262350936967632
23.42065992372741,0.5489747345294764,0.3986013986013986,0.3262350936967632
23.428950422815454,0.5495697546686196,0.3987762237762238,0.3262350936967632
23.4372409219035,0.5497070670084219,0.39895104895104894,0.3262350936967632
23.445531420991543,0.549844379348224,0.39912587412587414,0.3270868824531516
23.453821920079587,0.5499359209080923,0.3993006993006993,0.3270868824531516
23.462112419167635,0.5499359209080923,0.3993006993006993,0.3270868824531516
23.47040291825568,0.5501190040278287,0.3994755244755245,0.3270868824531516
23.478693417343724,0.5501647748077627,0.3996503496503496,0.32793867120954
23.486983916431768,0.5505767118271695,0.3998251748251748,0.32793867120954
23.495274415519813,0.5505767118271695,0.3998251748251748,0.32793867120954
23.50356491460786,0.5507140241669718,0.4,0.32793867120954
23.511855413695905,0.5507140241669718,0.4,0.32793867120954
23.52014591278395,0.5510344196265105,0.40017482517482517,0.32793867120954
23.528436411871994,0.5515378982057855,0.40034965034965037,0.32793867120954
23.53672691096004,0.55181252288539,0.4005244755244755,0.32793867120954
23.545017410048086,0.5521329183449286,0.4006993006993007,0.3287904599659284
23.55330790913613,0.5522244599047967,0.40087412587412585,0.3287904599659284
23.561598408224175,0.5522244599047967,0.40087412587412585,0.3287904599659284
23.56988890731222,0.5527279384840718,0.40104895104895105,0.3287904599659284
23.578179406400267,0.55281948004394,0.4012237762237762,0.3287904599659284
23.58646990548831,0.552865250823874,0.4013986013986014,0.3287904599659284
23.594760404576355,0.5532314170633468,0.4015734265734266,0.3287904599659284
23.6030509036644,0.5535518125228854,0.40174825174825174,0.3287904599659284
23.611341402752444,0.5535975833028195,0.40192307692307694,0.32964224872231684
23.619631901840492,0.553872207982424,0.4020979020979021,0.32964224872231684
23.627922400928536,0.5539179787623582,0.4022727272727273,0.32964224872231684
23.63621290001658,0.5539179787623582,0.4022727272727273,0.32964224872231684
23.644503399104625,0.5540552911021603,0.4024475524475524,0.32964224872231684
23.65279389819267,0.5542383742218967,0.4026223776223776,0.32964224872231684
23.661084397280717,0.5542383742218967,0.4026223776223776,0.33049403747870526
23.669374896368762,0.5542841450018309,0.4027972027972028,0.33049403747870526
23.677665395456806,0.5545129989015013,0.40297202797202797,0.33049403747870526
23.68595589454485,0.5550622482607104,0.40314685314685317,0.33049403747870526
23.6942463936329,0.5551537898205785,0.4033216783216783,0.33049403747870526
23.702536892720943,0.5551995606005127,0.4034965034965035,0.33049403747870526
23.710827391808987,0.5552453313804467,0.40367132867132866,0.33049403747870526
23.71911789089703,0.555382643720249,0.40384615384615385,0.33049403747870526
23.727408389985076,0.5555657268399854,0.404020979020979,0.33049403747870526
23.735698889073124,0.5556572683998535,0.4041958041958042,0.3313458262350937
23.743989388161168,0.5558403515195899,0.4043706293706294,0.3313458262350937
23.752279887249212,0.5558403515195899,0.4043706293706294,0.3313458262350937
23.760570386337257,0.5560692054192603,0.40454545454545454,0.3313458262350937
23.7688608854253,0.5562065177590626,0.40472027972027974,0.3313458262350937
23.77715138451335,0.556389600878799,0.4048951048951049,0.3321976149914821
23.785441883601393,0.5570761625778103,0.4050699300699301,0.3321976149914821
23.793732382689438,0.5570761625778103,0.4050699300699301,0.3321976149914821
23.802022881777482,0.5571677041376785,0.40524475524475523,0.3321976149914821
23.810313380865527,0.5572134749176126,0.4054195804195804,0.3321976149914821
23.818603879953574,0.5575796411570854,0.40559440559440557,0.3321976149914821
23.82689437904162,0.5575796411570854,0.40559440559440557,0.3321976149914821
23.835184878129663,0.5576711827169535,0.40576923076923077,0.3321976149914821
23.843475377217707,0.5578084950567558,0.40594405594405597,0.3321976149914821
23.851765876305752,0.5580373489564262,0.4061188811188811,0.3321976149914821
23.8600563753938,0.5580831197363603,0.4062937062937063,0.3321976149914821
23.868346874481844,0.5581746612962285,0.40646853146853146,0.3321976149914821
23.87663737356989,0.5581746612962285,0.40646853146853146,0.3321976149914821
23.884927872657933,0.5582204320761626,0.40664335664335666,0.3321976149914821
23.89321837174598,0.5582204320761626,0.40664335664335666,0.3321976149914821
23.901508870834025,0.5583577444159649,0.4068181818181818,0.3330494037478705
23.90979936992207,0.5584950567557672,0.406993006993007,0.3339011925042589
23.918089869010114,0.5587696814353716,0.40716783216783214,0.3339011925042589
23.926380368098158,0.558952764555108,0.40734265734265734,0.3339011925042589
23.934670867186206,0.5591816184547784,0.40751748251748254,0.3339011925042589
23.94296136627425,0.5596393262541194,0.4076923076923077,0.3339011925042589
23.951251865362295,0.5596393262541194,0.4076923076923077,0.3339011925042589
23.95954236445034,0.5596850970340534,0.4078671328671329,0.33475298126064734
23.967832863538383,0.5602343463932625,0.40804195804195803,0.33475298126064734
23.97612336262643,0.5602343463932625,0.40804195804195803,0.33475298126064734
23.984413861714476,0.5602801171731966,0.40821678321678323,0.33475298126064734
23.99270436080252,0.5605089710728671,0.4083916083916084,0.33475298126064734
24.000994859890564,0.5605089710728671,0.4083916083916084,0.33475298126064734
24.00928535897861,0.5605089710728671,0.4083916083916084,0.33475298126064734
24.017575858066657,0.5606920541926035,0.4085664335664336,0.33560477001703576
24.0258663571547,0.5606920541926035,0.4085664335664336,0.33560477001703576
24.034156856242745,0.5611955327718784,0.4087412587412587,0.3364565587734242
24.04244735533079,0.5611955327718784,0.4087412587412587,0.3364565587734242
24.050737854418838,0.5612870743317466,0.4089160839160839,0.3364565587734242
24.059028353506882,0.561470157451483,0.4090909090909091,0.3364565587734242
24.067318852594926,0.5616074697912853,0.40926573426573426,0.3364565587734242
24.07560935168297,0.5616074697912853,0.40926573426573426,0.3364565587734242
24.083899850771015,0.5617905529110216,0.40944055944055946,0.3364565587734242
24.092190349859063,0.5618820944708898,0.4096153846153846,0.3364565587734242
24.100480848947107,0.5619278652508238,0.4097902097902098,0.3364565587734242
24.10877134803515,0.5619278652508238,0.4097902097902098,0.3364565587734242
24.117061847123196,0.5619278652508238,0.4097902097902098,0.3364565587734242
24.12535234621124,0.5621109483705602,0.40996503496503495,0.3373083475298126
24.13364284529929,0.5621109483705602,0.40996503496503495,0.3373083475298126
24.141933344387333,0.5621567191504944,0.41013986013986015,0.3373083475298126
24.150223843475377,0.5621567191504944,0.41013986013986015,0.3373083475298126
24.15851434256342,0.5627059685097034,0.4103146853146853,0.3373083475298126
24.166804841651466,0.5628432808495056,0.4104895104895105,0.3373083475298126
24.175095340739514,0.5629348224093739,0.4106643356643357,0.3373083475298126
24.183385839827558,0.5633467594287807,0.41083916083916083,0.3373083475298126
24.191676338915602,0.5634383009886489,0.41101398601398603,0.3373083475298126
24.199966838003647,0.5634383009886489,0.41101398601398603,0.338160136286201
24.208257337091695,0.563529842548517,0.4111888111888112,0.338160136286201
24.21654783617974,0.563529842548517,0.4111888111888112,0.3390119250425894
24.224838335267783,0.5635756133284511,0.4113636363636364,0.3390119250425894
24.233128834355828,0.5638044672281216,0.4115384615384615,0.3390119250425894
24.241419333443872,0.5638044672281216,0.4115384615384615,0.3390119250425894
24.24970983253192,0.5642164042475284,0.4117132867132867,0.3390119250425894
24.258000331619964,0.5642621750274625,0.41188811188811186,0.3390119250425894
24.26629083070801,0.5644452581471988,0.41206293706293706,0.3390119250425894
24.274581329796053,0.5644452581471988,0.41206293706293706,0.3390119250425894
24.282871828884097,0.564536799707067,0.41223776223776226,0.3390119250425894
24.291162327972145,0.5648114243866715,0.4124125874125874,0.3390119250425894
24.29945282706019,0.5649029659465398,0.4125874125874126,0.3390119250425894
24.307743326148234,0.5649029659465398,0.4125874125874126,0.3390119250425894
24.31603382523628,0.5649029659465398,0.4125874125874126,0.3390119250425894
24.324324324324323,0.565040278286342,0.41276223776223775,0.3390119250425894
24.33261482341237,0.5650860490662761,0.41293706293706295,0.3390119250425894
24.340905322500415,0.5650860490662761,0.41293706293706295,0.33986371379897784
24.34919582158846,0.5654064445258147,0.4131118881118881,0.33986371379897784
24.357486320676504,0.5654064445258147,0.4131118881118881,0.33986371379897784
24.365776819764548,0.5654064445258147,0.4131118881118881,0.34071550255536626
24.374067318852596,0.5656352984254852,0.4132867132867133,0.34071550255536626
24.38235781794064,0.5658183815452216,0.41346153846153844,0.34071550255536626
24.390648317028685,0.5660014646649579,0.41363636363636364,0.34071550255536626
24.39893881611673,0.5660930062248261,0.41381118881118883,0.3415672913117547
24.407229315204777,0.5664591724642988,0.413986013986014,0.3424190800681431
24.41551981429282,0.5664591724642988,0.413986013986014,0.3424190800681431
24.423810313380866,0.566550714024167,0.4141608391608392,0.3424190800681431
24.43210081246891,0.5665964848041011,0.4143356643356643,0.3424190800681431
24.440391311556954,0.5665964848041011,0.4143356643356643,0.3424190800681431
24.448681810645002,0.5667795679238374,0.4145104895104895,0.3424190800681431
24.456972309733047,0.5667795679238374,0.4145104895104895,0.3424190800681431
24.46526280882109,0.5668711094837056,0.41468531468531467,0.3424190800681431
24.473553307909135,0.5670541926034419,0.41486013986013986,0.3424190800681431
24.48184380699718,0.5670999633833761,0.415034965034965,0.3432708688245315
24.490134306085228,0.5672830465031125,0.4152097902097902,0.3432708688245315
24.498424805173272,0.5673288172830465,0.4153846153846154,0.3432708688245315
24.506715304261316,0.5673745880629806,0.41555944055944055,0.3432708688245315
24.51500580334936,0.5675119004027829,0.41573426573426575,0.3432708688245315
24.523296302437405,0.5676492127425852,0.4159090909090909,0.3432708688245315
24.531586801525453,0.5677865250823874,0.4160839160839161,0.3432708688245315
24.539877300613497,0.5679238374221897,0.41625874125874124,0.3432708688245315
24.54816779970154,0.5681984621017943,0.41643356643356644,0.3432708688245315
24.556458298789586,0.5682442328817283,0.4166083916083916,0.3432708688245315
24.564748797877634,0.5683357744415964,0.4167832167832168,0.3432708688245315
24.57303929696568,0.568564628341267,0.416958041958042,0.3432708688245315
24.581329796053723,0.568564628341267,0.416958041958042,0.3432708688245315
24.589620295141767,0.568564628341267,0.416958041958042,0.3432708688245315
24.59791079422981,0.568564628341267,0.416958041958042,0.3432708688245315
24.60620129331786,0.568610399121201,0.4171328671328671,0.3432708688245315
24.614491792405904,0.5686561699011351,0.4173076923076923,0.3432708688245315
24.622782291493948,0.5688850238008055,0.41748251748251747,0.3432708688245315
24.631072790581992,0.5688850238008055,0.41748251748251747,0.3432708688245315
24.639363289670037,0.5693427316001465,0.41765734265734267,0.3441226575809199
24.647653788758085,0.5693885023800805,0.4178321678321678,0.3441226575809199
24.65594428784613,0.5695258147198828,0.418006993006993,0.3441226575809199
24.664234786934173,0.5695258147198828,0.418006993006993,0.3441226575809199
24.672525286022218,0.5697546686195533,0.41818181818181815,0.34497444633730834
24.680815785110262,0.5698462101794215,0.41835664335664335,0.34497444633730834
24.68910628419831,0.5698462101794215,0.41835664335664335,0.34497444633730834
24.697396783286354,0.5699835225192237,0.41853146853146855,0.34582623509369675
24.7056872823744,0.5700750640790919,0.4187062937062937,0.34582623509369675
24.713977781462443,0.5707158549981691,0.4188811188811189,0.34582623509369675
24.722268280550487,0.5707158549981691,0.4188811188811189,0.34582623509369675
24.730558779638535,0.5709447088978397,0.41905594405594404,0.34582623509369675
24.73884927872658,0.571127792017576,0.41923076923076924,0.34582623509369675
24.747139777814624,0.5713108751373124,0.4194055944055944,0.34582623509369675
24.75543027690267,0.5715854998169169,0.4195804195804196,0.34582623509369675
24.763720775990716,0.5717228121567192,0.4197552447552448,0.34582623509369675
24.77201127507876,0.5717228121567192,0.4197552447552448,0.34667802385008517
24.780301774166805,0.5717685829366532,0.4199300699300699,0.34667802385008517
24.78859227325485,0.5719058952764555,0.4201048951048951,0.34667802385008517
24.796882772342894,0.5725009154155987,0.42027972027972027,0.3475298126064736
24.80517327143094,0.5725009154155987,0.42027972027972027,0.3475298126064736
24.813463770518986,0.5725009154155987,0.42027972027972027,0.3475298126064736
24.82175426960703,0.5728670816550714,0.42045454545454547,0.348381601362862
24.830044768695075,0.5729128524350054,0.4206293706293706,0.348381601362862
24.83833526778312,0.5729128524350054,0.4206293706293706,0.348381601362862
24.846625766871167,0.5730959355547418,0.4208041958041958,0.348381601362862
24.85491626595921,0.57318747711461,0.42097902097902096,0.348381601362862
24.863206765047256,0.57318747711461,0.42097902097902096,0.3492333901192504
24.8714972641353,0.5735078725741487,0.42115384615384616,0.3492333901192504
24.879787763223344,0.5735536433540828,0.42132867132867136,0.3492333901192504
24.888078262311392,0.5735994141340168,0.4215034965034965,0.35008517887563884
24.896368761399437,0.5737824972537532,0.4216783216783217,0.35093696763202725
24.90465926048748,0.5738282680336872,0.42185314685314684,0.35093696763202725
24.912949759575525,0.5739198095935555,0.42202797202797204,0.35093696763202725
24.921240258663573,0.5744232881728305,0.4222027972027972,0.35093696763202725
24.929530757751618,0.5744690589527646,0.4223776223776224,0.35093696763202725
24.937821256839662,0.5747894544123032,0.42255244755244753,0.35093696763202725
24.946111755927706,0.5753844745514464,0.42272727272727273,0.35093696763202725
24.95440225501575,0.5753844745514464,0.42272727272727273,0.35093696763202725
24.9626927541038,0.5753844745514464,0.42272727272727273,0.35093696763202725
24.970983253191843,0.5754760161113145,0.42290209790209793,0.35093696763202725
24.979273752279887,0.5754760161113145,0.42290209790209793,0.35093696763202725
24.98756425136793,0.5754760161113145,0.42290209790209793,0.35093696763202725
24.995854750455976,0.5756590992310509,0.4230769230769231,0.35178875638841567
25.004145249544024,0.5757964115708532,0.42325174825174827,0.3526405451448041
25.01243574863207,0.5759794946905895,0.4234265734265734,0.3526405451448041
25.020726247720113,0.5760710362504577,0.4236013986013986,0.3526405451448041
25.029016746808157,0.5761168070303918,0.42377622377622376,0.3526405451448041
25.0373072458962,0.5761625778103259,0.42395104895104896,0.3526405451448041
25.04559774498425,0.5762541193701941,0.4241258741258741,0.3526405451448041
25.053888244072294,0.5762541193701941,0.4241258741258741,0.3526405451448041
25.062178743160338,0.5762541193701941,0.4241258741258741,0.3526405451448041
25.070469242248382,0.5765287440497986,0.4243006993006993,0.3526405451448041
25.078759741336427,0.576757597949469,0.4244755244755245,0.3526405451448041
25.087050240424475,0.5768033687294032,0.42465034965034965,0.3526405451448041
25.09534073951252,0.5770779934090077,0.42482517482517484,0.3526405451448041
25.103631238600563,0.57721530574881,0.425,0.3526405451448041
25.111921737688608,0.577261076528744,0.4251748251748252,0.3534923339011925
25.120212236776656,0.577261076528744,0.4251748251748252,0.3534923339011925
25.1285027358647,0.5773068473086781,0.42534965034965033,0.3543441226575809
25.136793234952744,0.5773983888685463,0.42552447552447553,0.3543441226575809
25.14508373404079,0.577764555108019,0.4256993006993007,0.35519591141396933
25.153374233128833,0.5780391797876235,0.4258741258741259,0.35519591141396933
25.16166473221688,0.5780849505675577,0.4260489510489511,0.35519591141396933
25.169955231304925,0.5780849505675577,0.4260489510489511,0.35519591141396933
25.17824573039297,0.5782680336872941,0.4262237762237762,0.35519591141396933
25.186536229481014,0.5782680336872941,0.4262237762237762,0.35604770017035775
25.19482672856906,0.5784053460270963,0.4263986013986014,0.35604770017035775
25.203117227657106,0.5788172830465032,0.42657342657342656,0.35604770017035775
25.21140772674515,0.5789088246063713,0.42674825174825176,0.35604770017035775
25.219698225833195,0.5790461369461736,0.4269230769230769,0.35604770017035775
25.22798872492124,0.5791376785060417,0.4270979020979021,0.35604770017035775
25.236279224009284,0.5791376785060417,0.4270979020979021,0.35604770017035775
25.24456972309733,0.5793207616257781,0.42727272727272725,0.35604770017035775
25.252860222185376,0.5795953863053827,0.42744755244755245,0.35604770017035775
25.26115072127342,0.5796411570853167,0.42762237762237765,0.35604770017035775
25.269441220361465,0.5798242402050531,0.4277972027972028,0.35604770017035775
25.277731719449513,0.5800988648846577,0.427972027972028,0.35604770017035775
25.286022218537557,0.580281948004394,0.42814685314685313,0.35604770017035775
25.2943127176256,0.5804192603441962,0.42832167832167833,0.35604770017035775
25.302603216713646,0.5804650311241304,0.4284965034965035,0.35604770017035775
25.31089371580169,0.5807396558037349,0.4286713286713287,0.35604770017035775
25.319184214889738,0.5808769681435372,0.4288461538461538,0.35604770017035775
25.327474713977782,0.5811058220432076,0.429020979020979,0.35604770017035775
25.335765213065827,0.5813804467228122,0.4291958041958042,0.35604770017035775
25.34405571215387,0.5813804467228122,0.4291958041958042,0.35604770017035775
25.352346211241915,0.5813804467228122,0.4291958041958042,0.35604770017035775
25.360636710329963,0.5813804467228122,0.4291958041958042,0.35604770017035775
25.368927209418008,0.5814262175027463,0.42937062937062936,0.35604770017035775
25.377217708506052,0.5816093006224826,0.42954545454545456,0.35604770017035775
25.385508207594096,0.5817008421823507,0.4297202797202797,0.35604770017035775
25.39379870668214,0.5817008421823507,0.4297202797202797,0.35604770017035775
25.40208920577019,0.5817466129622849,0.4298951048951049,0.35604770017035775
25.410379704858233,0.581838154522153,0.43006993006993005,0.35604770017035775
25.418670203946277,0.5819754668619553,0.43024475524475525,0.35604770017035775
25.42696070303432,0.5821127792017576,0.4304195804195804,0.35604770017035775
25.435251202122366,0.5828451116807031,0.4305944055944056,0.35604770017035775
25.443541701210414,0.5829824240205053,0.4307692307692308,0.35604770017035775
25.45183220029846,0.5830739655803735,0.43094405594405594,0.35604770017035775
25.460122699386503,0.5830739655803735,0.43094405594405594,0.35689948892674617
25.468413198474547,0.5830739655803735,0.43094405594405594,0.35689948892674617
25.476703697562595,0.5830739655803735,0.43094405594405594,0.35689948892674617
25.48499419665064,0.5833028194800439,0.43111888111888114,0.35689948892674617
25.493284695738684,0.5835774441596485,0.4312937062937063,0.35689948892674617
25.501575194826728,0.5839436103991212,0.4314685314685315,0.35689948892674617
25.509865693914772,0.5844470889783961,0.4316433566433566,0.35689948892674617
25.51815619300282,0.5845844013181984,0.4318181818181818,0.35689948892674617
25.526446692090865,0.5847674844379348,0.43199300699300697,0.35689948892674617
25.53473719117891,0.5851336506774075,0.43216783216783217,0.3577512776831346
25.543027690266953,0.5851336506774075,0.43216783216783217,0.3577512776831346
25.551318189354998,0.5851336506774075,0.43216783216783217,0.3577512776831346
25.559608688443046,0.5852709630172098,0.43234265734265737,0.3577512776831346
25.56789918753109,0.5855455876968143,0.4325174825174825,0.3577512776831346
25.576189686619134,0.5858202123764189,0.4326923076923077,0.358603066439523
25.58448018570718,0.585911753936287,0.43286713286713285,0.3594548551959114
25.592770684795223,0.5861406078359576,0.43304195804195805,0.3594548551959114
25.60106118388327,0.5862779201757597,0.4332167832167832,0.36030664395229983
25.609351682971315,0.5863236909556939,0.4333916083916084,0.36030664395229983
25.61764218205936,0.5863236909556939,0.4333916083916084,0.36030664395229983
25.625932681147404,0.5871017942145734,0.43356643356643354,0.36030664395229983
25.634223180235452,0.5871017942145734,0.43356643356643354,0.36030664395229983
25.642513679323496,0.5871933357744415,0.43374125874125874,0.36030664395229983
25.65080417841154,0.5872391065543757,0.43391608391608394,0.36115843270868825
25.659094677499585,0.5873306481142438,0.4340909090909091,0.36115843270868825
25.66738517658763,0.5873764188941779,0.4342657342657343,0.36115843270868825
25.675675675675677,0.5874221896741121,0.4344405594405594,0.36115843270868825
25.68396617476372,0.5875595020139143,0.4346153846153846,0.36115843270868825
25.692256673851766,0.5875595020139143,0.4346153846153846,0.36115843270868825
25.70054717293981,0.5876510435737825,0.43479020979020977,0.36115843270868825
25.708837672027855,0.5877425851336506,0.43496503496503497,0.36201022146507666
25.717128171115903,0.5880629805931893,0.4351398601398601,0.36201022146507666
25.725418670203947,0.5881545221530575,0.4353146853146853,0.36201022146507666
25.73370916929199,0.5882460637129256,0.4354895104895105,0.36201022146507666
25.741999668380036,0.5882460637129256,0.4354895104895105,0.36201022146507666
25.75029016746808,0.5882918344928597,0.43566433566433566,0.36201022146507666
25.758580666556128,0.5883376052727939,0.43583916083916086,0.36201022146507666
25.766871165644172,0.588429146832662,0.436013986013986,0.36201022146507666
25.775161664732217,0.5887953130721347,0.4361888111888112,0.36201022146507666
25.78345216382026,0.5888410838520688,0.43636363636363634,0.36201022146507666
25.791742662908305,0.5889783961918711,0.43653846153846154,0.36201022146507666
25.800033161996353,0.5890699377517393,0.4367132867132867,0.3628620102214651
25.808323661084398,0.5893445624313438,0.4368881118881119,0.3628620102214651
25.816614160172442,0.5895276455510802,0.4370629370629371,0.3628620102214651
25.824904659260486,0.5895734163310142,0.43723776223776223,0.3637137989778535
25.833195158348534,0.5897564994507506,0.43741258741258743,0.3637137989778535
25.84148565743658,0.5898022702306848,0.43758741258741257,0.3637137989778535
25.849776156524623,0.5898022702306848,0.43758741258741257,0.3637137989778535
25.858066655612667,0.589939582570487,0.43776223776223777,0.3637137989778535
25.86635715470071,0.589939582570487,0.43776223776223777,0.3645655877342419
25.87464765378876,0.5899853533504211,0.4379370629370629,0.3645655877342419
25.882938152876804,0.5901226656902233,0.4381118881118881,0.3645655877342419
25.89122865196485,0.5901226656902233,0.4381118881118881,0.3645655877342419
25.899519151052893,0.5901684364701575,0.4382867132867133,0.3645655877342419
25.907809650140937,0.5906261442694983,0.43846153846153846,0.3645655877342419
25.916100149228985,0.5911296228487734,0.43863636363636366,0.3645655877342419
25.92439064831703,0.5911753936287074,0.4388111888111888,0.3645655877342419
25.932681147405074,0.5912211644086415,0.438986013986014,0.3645655877342419
25.940971646493118,0.5914957890882461,0.43916083916083914,0.36541737649063033
25.949262145581162,0.5915415598681801,0.43933566433566434,0.36541737649063033
25.95755264466921,0.5915415598681801,0.43933566433566434,0.36626916524701875
25.965843143757255,0.5919534968875869,0.4395104895104895,0.36626916524701875
25.9741336428453,0.5919534968875869,0.4395104895104895,0.36626916524701875
25.982424141933343,0.592502746246796,0.4396853146853147,0.36626916524701875
25.99071464102139,0.5926858293665324,0.4398601398601399,0.36712095400340716
25.999005140109436,0.5927773709264006,0.44003496503496503,0.36712095400340716
26.00729563919748,0.5928231417063347,0.44020979020979023,0.36712095400340716
26.015586138285524,0.5929146832662029,0.4403846153846154,0.36712095400340716
26.02387663737357,0.5930977663859393,0.4405594405594406,0.36712095400340716
26.032167136461617,0.5930977663859393,0.4405594405594406,0.36712095400340716
26.04045763554966,0.5931435371658733,0.4407342657342657,0.3679727427597956
26.048748134637705,0.5932350787257414,0.4409090909090909,0.3679727427597956
26.05703863372575,0.5936470157451483,0.44108391608391606,0.3679727427597956
26.065329132813794,0.5936927865250824,0.44125874125874126,0.3679727427597956
26.073619631901842,0.5937385573050165,0.44143356643356646,0.368824531516184
26.081910130989886,0.5938758696448188,0.4416083916083916,0.368824531516184
26.09020063007793,0.5938758696448188,0.4416083916083916,0.368824531516184
26.098491129165975,0.5938758696448188,0.4416083916083916,0.3696763202725724
26.10678162825402,0.5938758696448188,0.4416083916083916,0.3696763202725724
26.115072127342067,0.5939216404247528,0.4417832167832168,0.3696763202725724
26.12336262643011,0.5941504943244232,0.44195804195804195,0.3696763202725724
26.131653125518156,0.5942420358842915,0.44213286713286715,0.37052810902896083
26.1399436246062,0.5942420358842915,0.44213286713286715,0.37052810902896083
26.148234123694248,0.5942420358842915,0.44213286713286715,0.37052810902896083
26.156524622782293,0.5945624313438301,0.4423076923076923,0.37052810902896083
26.164815121870337,0.5945624313438301,0.4423076923076923,0.37052810902896083
26.17310562095838,0.5945624313438301,0.4423076923076923,0.37052810902896083
26.181396120046426,0.5948828268033687,0.4424825174825175,0.37137989778534924
26.189686619134473,0.5948828268033687,0.4424825174825175,0.37137989778534924
26.197977118222518,0.5948828268033687,0.4424825174825175,0.37223168654173766
26.206267617310562,0.5948828268033687,0.4424825174825175,0.37223168654173766
26.214558116398607,0.5949285975833029,0.44265734265734263,0.37223168654173766
26.22284861548665,0.5953863053826437,0.44283216783216783,0.37223168654173766
26.2311391145747,0.5953863053826437,0.44283216783216783,0.37223168654173766
26.239429613662743,0.5954320761625778,0.44300699300699303,0.37223168654173766
26.247720112750788,0.5954320761625778,0.44300699300699303,0.37223168654173766
26.256010611838832,0.595523617722446,0.4431818181818182,0.37223168654173766
26.264301110926876,0.5956609300622483,0.4433566433566434,0.37223168654173766
26.272591610014924,0.5956609300622483,0.4433566433566434,0.37223168654173766
26.28088210910297,0.5957067008421824,0.4435314685314685,0.3730834752981261
26.289172608191013,0.5957067008421824,0.4435314685314685,0.3730834752981261
26.297463107279057,0.5957524716221164,0.4437062937062937,0.3730834752981261
26.3057536063671,0.5958897839619187,0.44388111888111886,0.3730834752981261
26.31404410545515,0.5960728670816551,0.44405594405594406,0.3739352640545145
26.322334604543194,0.5961644086415232,0.4442307692307692,0.3739352640545145
26.330625103631238,0.5962101794214574,0.4444055944055944,0.3739352640545145
26.338915602719283,0.5963932625411937,0.4445804195804196,0.3739352640545145
26.34720610180733,0.5968051995606005,0.44475524475524475,0.3739352640545145
26.355496600895375,0.5968967411204686,0.44493006993006995,0.3747870528109029
26.36378709998342,0.5968967411204686,0.44493006993006995,0.3747870528109029
26.372077599071464,0.5969882826803369,0.4451048951048951,0.3747870528109029
26.380368098159508,0.5970340534602709,0.4452797202797203,0.3747870528109029
26.388658597247556,0.5972629073599414,0.44545454545454544,0.3747870528109029
26.3969490963356,0.5973544489198096,0.44562937062937064,0.3747870528109029
26.405239595423645,0.5974917612596119,0.4458041958041958,0.3756388415672913
26.41353009451169,0.5976290735994141,0.445979020979021,0.3756388415672913
26.421820593599733,0.5979494690589527,0.4461538461538462,0.3756388415672913
26.43011109268778,0.5979952398388868,0.4463286713286713,0.37649063032367974
26.438401591775825,0.598041010618821,0.4465034965034965,0.37649063032367974
26.44669209086387,0.598041010618821,0.4465034965034965,0.37649063032367974
26.454982589951914,0.5982698645184914,0.44667832167832167,0.37649063032367974
26.46327308903996,0.5983156352984255,0.44685314685314687,0.37649063032367974
26.471563588128006,0.5983156352984255,0.44685314685314687,0.37649063032367974
26.47985408721605,0.5987733430977664,0.447027972027972,0.37649063032367974
26.488144586304095,0.5987733430977664,0.447027972027972,0.37649063032367974
26.49643508539214,0.5988648846576345,0.4472027972027972,0.37649063032367974
26.504725584480187,0.5990021969974368,0.44737762237762235,0.37649063032367974
26.513016083568232,0.5990479677773709,0.44755244755244755,0.37649063032367974
26.521306582656276,0.5991852801171732,0.44772727272727275,0.37649063032367974
26.52959708174432,0.5993683632369096,0.4479020979020979,0.37649063032367974
26.537887580832365,0.5994141340168436,0.4480769230769231,0.37649063032367974
26.546178079920413,0.599642987916514,0.44825174825174824,0.37649063032367974
26.554468579008457,0.5996887586964482,0.44842657342657344,0.37649063032367974
26.5627590780965,0.5996887586964482,0.44842657342657344,0.37649063032367974
26.571049577184546,0.5998718418161846,0.4486013986013986,0.37649063032367974
26.57934007627259,0.5999176125961186,0.4487762237762238,0.37649063032367974
26.587630575360638,0.5999633833760527,0.4489510489510489,0.37649063032367974
26.595921074448682,0.6000549249359209,0.4491258741258741,0.37649063032367974
26.604211573536727,0.6000549249359209,0.4491258741258741,0.37649063032367974
26.61250207262477,0.6001922372757231,0.4493006993006993,0.37734241908006816
26.620792571712816,0.6003295496155254,0.44947552447552447,0.37734241908006816
26.629083070800863,0.6003295496155254,0.44947552447552447,0.37734241908006816
26.637373569888908,0.6005126327352618,0.44965034965034967,0.37734241908006816
26.645664068976952,0.6005584035151958,0.4498251748251748,0.3781942078364566
26.653954568064997,0.6006499450750641,0.45,0.3781942078364566
26.66224506715304,0.6010161113145368,0.45017482517482516,0.379045996592845
26.67053556624109,0.6011991944342732,0.45034965034965035,0.379045996592845
26.678826065329133,0.6012907359941413,0.4505244755244755,0.379045996592845
26.687116564417177,0.6013365067740755,0.4506993006993007,0.379045996592845
26.695407063505222,0.6013365067740755,0.4506993006993007,0.379045996592845
26.70369756259327,0.6013365067740755,0.4506993006993007,0.379045996592845
26.711988061681314,0.6013822775540095,0.4508741258741259,0.379045996592845
26.72027856076936,0.6014280483339436,0.45104895104895104,0.3798977853492334
26.728569059857403,0.6017026730135482,0.45122377622377624,0.3807495741056218
26.736859558945447,0.6017026730135482,0.45122377622377624,0.3807495741056218
26.745150058033495,0.6020688392530209,0.4513986013986014,0.3807495741056218
26.75344055712154,0.6020688392530209,0.4513986013986014,0.3807495741056218
26.761731056209584,0.6025265470523617,0.4515734265734266,0.38160136286201024
26.770021555297628,0.6025265470523617,0.4515734265734266,0.38160136286201024
26.778312054385673,0.6025265470523617,0.4515734265734266,0.38160136286201024
26.78660255347372,0.6025265470523617,0.4515734265734266,0.38160136286201024
26.794893052561765,0.60261808861223,0.45174825174825173,0.38160136286201024
26.80318355164981,0.6028469425119004,0.4519230769230769,0.38160136286201024
26.811474050737854,0.6028469425119004,0.4519230769230769,0.38160136286201024
26.819764549825898,0.6030300256316368,0.45209790209790207,0.38245315161839866
26.828055048913946,0.6030300256316368,0.45209790209790207,0.3833049403747871
26.83634554800199,0.6030300256316368,0.45209790209790207,0.3833049403747871
26.844636047090034,0.6032131087513731,0.45227272727272727,0.3841567291311755
26.85292654617808,0.6033961918711095,0.45244755244755247,0.3841567291311755
26.861217045266127,0.6036250457707799,0.4526223776223776,0.3841567291311755
26.86950754435417,0.6037165873306481,0.4527972027972028,0.3841567291311755
26.877798043442215,0.6039912120102526,0.45297202797202796,0.3841567291311755
26.88608854253026,0.6039912120102526,0.45297202797202796,0.3841567291311755
26.894379041618304,0.604220065909923,0.45314685314685316,0.3841567291311755
26.902669540706352,0.6049066276089344,0.4533216783216783,0.3850085178875639
26.910960039794396,0.6049981691688027,0.4534965034965035,0.3850085178875639
26.91925053888244,0.6051354815086049,0.45367132867132864,0.3850085178875639
26.927541037970485,0.6053185646283412,0.45384615384615384,0.3850085178875639
26.93583153705853,0.6057762724276822,0.45402097902097904,0.3850085178875639
26.944122036146577,0.6060508971072867,0.4541958041958042,0.3850085178875639
26.95241253523462,0.6060966678872208,0.4543706293706294,0.3850085178875639
26.960703034322666,0.6063255217868913,0.45454545454545453,0.3850085178875639
26.96899353341071,0.6064170633467594,0.45472027972027973,0.3850085178875639
26.977284032498755,0.6064170633467594,0.45472027972027973,0.3858603066439523
26.985574531586803,0.6064170633467594,0.45472027972027973,0.3858603066439523
26.993865030674847,0.6065543756865617,0.4548951048951049,0.3858603066439523
27.00215552976289,0.606691688026364,0.4550699300699301,0.3858603066439523
27.010446028850936,0.6070578542658367,0.4552447552447552,0.38671209540034074
27.01873652793898,0.607195166605639,0.4554195804195804,0.38756388415672915
27.027027027027028,0.6072867081655071,0.4555944055944056,0.38756388415672915
27.035317526115072,0.6072867081655071,0.4555944055944056,0.38841567291311757
27.043608025203117,0.6076986451849139,0.45576923076923076,0.38841567291311757
27.05189852429116,0.6077901867447821,0.45594405594405596,0.38841567291311757
27.06018902337921,0.6079274990845844,0.4561188811188811,0.389267461669506
27.068479522467253,0.6079732698645185,0.4562937062937063,0.3901192504258944
27.076770021555298,0.6079732698645185,0.4562937062937063,0.3901192504258944
27.085060520643342,0.6085225192237276,0.45646853146853145,0.3909710391822828
27.093351019731386,0.6086598315635299,0.45664335664335665,0.3909710391822828
27.101641518819434,0.6088429146832662,0.45681818181818185,0.3909710391822828
27.10993201790748,0.6088429146832662,0.45681818181818185,0.3909710391822828
27.118222516995523,0.6088886854632003,0.456993006993007,0.3909710391822828
27.126513016083567,0.6088886854632003,0.456993006993007,0.3909710391822828
27.134803515171612,0.6088886854632003,0.456993006993007,0.3909710391822828
27.14309401425966,0.6089344562431344,0.4571678321678322,0.3909710391822828
27.151384513347704,0.6090259978030026,0.45734265734265733,0.39182282793867124
27.15967501243575,0.6090259978030026,0.45734265734265733,0.39182282793867124
27.167965511523793,0.609209080922739,0.45751748251748253,0.39182282793867124
27.176256010611837,0.609209080922739,0.45751748251748253,0.39182282793867124
27.184546509699885,0.6093006224826071,0.4576923076923077,0.39182282793867124
27.19283700878793,0.6093006224826071,0.4576923076923077,0.39182282793867124
27.201127507875974,0.6097125595020139,0.4578671328671329,0.39182282793867124
27.209418006964018,0.6097125595020139,0.4578671328671329,0.39267461669505965
27.217708506052066,0.6097125595020139,0.4578671328671329,0.39267461669505965
27.22599900514011,0.6098498718418162,0.458041958041958,0.39267461669505965
27.234289504228155,0.6098498718418162,0.458041958041958,0.39267461669505965
27.2425800033162,0.6098498718418162,0.458041958041958,0.39267461669505965
27.250870502404243,0.6098956426217502,0.4582167832167832,0.39267461669505965
27.25916100149229,0.6100329549615525,0.4583916083916084,0.39267461669505965
27.267451500580336,0.6104906627608935,0.45856643356643356,0.39267461669505965
27.27574199966838,0.6104906627608935,0.45856643356643356,0.39267461669505965
27.284032498756424,0.6109941413401684,0.45874125874125876,0.39267461669505965
27.29232299784447,0.6111314536799707,0.4589160839160839,0.39267461669505965
27.300613496932517,0.6111314536799707,0.4589160839160839,0.39267461669505965
27.30890399602056,0.6114518491395093,0.4590909090909091,0.39267461669505965
27.317194495108605,0.6114518491395093,0.4590909090909091,0.39267461669505965
27.32548499419665,0.6114518491395093,0.4590909090909091,0.39267461669505965
27.333775493284694,0.6117264738191138,0.45926573426573425,0.39267461669505965
27.342065992372742,0.6117264738191138,0.45926573426573425,0.393526405451448
27.350356491460786,0.6118180153789821,0.45944055944055945,0.393526405451448
27.35864699054883,0.6118180153789821,0.45944055944055945,0.393526405451448
27.366937489636875,0.6119553277187844,0.4596153846153846,0.39437819420783643
27.37522798872492,0.6120010984987184,0.4597902097902098,0.39437819420783643
27.383518487812967,0.6121384108385207,0.459965034965035,0.39437819420783643
27.39180898690101,0.6121384108385207,0.459965034965035,0.39437819420783643
27.400099485989056,0.6121384108385207,0.459965034965035,0.39437819420783643
27.4083899850771,0.6123214939582571,0.46013986013986014,0.39437819420783643
27.41668048416515,0.6123214939582571,0.46013986013986014,0.39437819420783643
27.424970983253193,0.6123214939582571,0.46013986013986014,0.39522998296422485
27.433261482341237,0.6123214939582571,0.46013986013986014,0.39522998296422485
27.44155198142928,0.6124588062980593,0.46031468531468533,0.39522998296422485
27.449842480517326,0.6125503478579275,0.4604895104895105,0.39522998296422485
27.458132979605374,0.6125961186378616,0.4606643356643357,0.39522998296422485
27.466423478693418,0.6126876601977298,0.4608391608391608,0.39522998296422485
27.474713977781462,0.6130995972171366,0.461013986013986,0.39522998296422485
27.483004476869507,0.6137403881362138,0.46118881118881117,0.39608177172061326
27.49129497595755,0.6139692420358843,0.46136363636363636,0.39608177172061326
27.4995854750456,0.6141523251556207,0.46153846153846156,0.39608177172061326
27.507875974133643,0.6143811790552911,0.4617132867132867,0.39608177172061326
27.516166473221688,0.6143811790552911,0.4617132867132867,0.39608177172061326
27.524456972309732,0.6145184913950934,0.4618881118881119,0.39608177172061326
27.532747471397776,0.6147015745148298,0.46206293706293705,0.39608177172061326
27.541037970485824,0.6149761991944342,0.46223776223776225,0.39608177172061326
27.54932846957387,0.6150677407543025,0.4624125874125874,0.39608177172061326
27.557618968661913,0.6151135115342365,0.4625874125874126,0.39608177172061326
27.565909467749957,0.6151592823141706,0.46276223776223774,0.39608177172061326
27.574199966838005,0.6151592823141706,0.46276223776223774,0.39608177172061326
27.58249046592605,0.615388136213841,0.46293706293706294,0.39608177172061326
27.590780965014094,0.615388136213841,0.46293706293706294,0.39608177172061326
27.59907146410214,0.615388136213841,0.46293706293706294,0.3969335604770017
27.607361963190183,0.6154339069937752,0.46311188811188814,0.3969335604770017
27.61565246227823,0.6154796777737093,0.4632867132867133,0.3969335604770017
27.623942961366275,0.6157543024533138,0.4634615384615385,0.3969335604770017
27.63223346045432,0.6160289271329183,0.4636363636363636,0.3969335604770017
27.640523959542364,0.6165324057121934,0.4638111888111888,0.3969335604770017
27.648814458630408,0.6167154888319297,0.46398601398601397,0.3977853492333901
27.657104957718456,0.6168985719516661,0.46416083916083917,0.3977853492333901
27.6653954568065,0.6170816550714024,0.4643356643356643,0.3986371379897785
27.673685955894545,0.6175393628707433,0.4645104895104895,0.3986371379897785
27.68197645498259,0.6177682167704137,0.4646853146853147,0.3986371379897785
27.690266954070633,0.617859758330282,0.46486013986013985,0.3986371379897785
27.69855745315868,0.6179970706700842,0.46503496503496505,0.39948892674616693
27.706847952246726,0.6185005492493592,0.4652097902097902,0.39948892674616693
27.71513845133477,0.6185005492493592,0.4652097902097902,0.39948892674616693
27.723428950422814,0.6185463200292933,0.4653846153846154,0.39948892674616693
27.731719449510862,0.6186836323690955,0.46555944055944054,0.39948892674616693
27.740009948598907,0.6191413401684365,0.46573426573426574,0.40034071550255534
27.74830044768695,0.619415964848041,0.4659090909090909,0.40119250425894376
27.756590946774995,0.6197821310875137,0.4660839160839161,0.40119250425894376
27.76488144586304,0.6197821310875137,0.4660839160839161,0.40119250425894376
27.773171944951088,0.6197821310875137,0.4660839160839161,0.40119250425894376
27.781462444039132,0.6197821310875137,0.4660839160839161,0.40119250425894376
27.789752943127176,0.6198279018674479,0.4662587412587413,0.40119250425894376
27.79804344221522,0.6202398388868546,0.4664335664335664,0.40119250425894376
27.806333941303265,0.6203771512266569,0.4666083916083916,0.40119250425894376
27.814624440391313,0.6203771512266569,0.4666083916083916,0.40119250425894376
27.822914939479357,0.620422922006591,0.46678321678321677,0.40119250425894376
27.8312054385674,0.6204686927865251,0.46695804195804197,0.40119250425894376
27.839495937655446,0.6204686927865251,0.46695804195804197,0.40119250425894376
27.84778643674349,0.6204686927865251,0.46695804195804197,0.40119250425894376
27.85607693583154,0.6206975466861955,0.4671328671328671,0.40119250425894376
27.864367434919583,0.6208348590259978,0.4673076923076923,0.40119250425894376
27.872657934007627,0.6208806298059318,0.46748251748251746,0.40119250425894376
27.88094843309567,0.6210179421457341,0.46765734265734266,0.40119250425894376
27.889238932183716,0.6210179421457341,0.46765734265734266,0.40119250425894376
27.897529431271764,0.6210637129256682,0.46783216783216786,0.40119250425894376
27.905819930359808,0.6210637129256682,0.46783216783216786,0.40119250425894376
27.914110429447852,0.6213383376052728,0.468006993006993,0.4020442930153322
27.922400928535897,0.6217045038447455,0.4681818181818182,0.4020442930153322
27.930691427623945,0.6217502746246796,0.46835664335664334,0.4020442930153322
27.93898192671199,0.6217502746246796,0.46835664335664334,0.4020442930153322
27.947272425800033,0.6219333577444159,0.46853146853146854,0.4020442930153322
27.955562924888078,0.6221622116440864,0.4687062937062937,0.4020442930153322
27.963853423976122,0.6222995239838887,0.4688811188811189,0.4020442930153322
27.97214392306417,0.6223452947638227,0.46905594405594403,0.4020442930153322
27.980434422152214,0.6223452947638227,0.46905594405594403,0.4020442930153322
27.98872492124026,0.6223452947638227,0.46905594405594403,0.4020442930153322
27.997015420328303,0.6225741486634933,0.46923076923076923,0.4028960817717206
28.005305919416347,0.6228487733430977,0.46940559440559443,0.4028960817717206
28.013596418504395,0.6233980227023068,0.4695804195804196,0.4028960817717206
28.02188691759244,0.6234437934822409,0.46975524475524477,0.4028960817717206
28.030177416680484,0.6238557305016478,0.4699300699300699,0.403747870528109
28.03846791576853,0.6239472720615159,0.4701048951048951,0.403747870528109
28.046758414856573,0.6242218967411205,0.47027972027972026,0.403747870528109
28.05504891394462,0.6242218967411205,0.47027972027972026,0.4045996592844974
28.063339413032665,0.6243134383009886,0.47045454545454546,0.40545144804088584
28.07162991212071,0.624496521420725,0.4706293706293706,0.40545144804088584
28.079920411208754,0.6247711461003296,0.4708041958041958,0.40545144804088584
28.0882109102968,0.6247711461003296,0.4708041958041958,0.40545144804088584
28.096501409384846,0.6249084584401318,0.470979020979021,0.40545144804088584
28.10479190847289,0.6249084584401318,0.470979020979021,0.40545144804088584
28.113082407560935,0.6249084584401318,0.470979020979021,0.40545144804088584
28.12137290664898,0.6250457707799341,0.47115384615384615,0.40630323679727426
28.129663405737027,0.6250457707799341,0.47115384615384615,0.40630323679727426
28.13795390482507,0.6253203954595387,0.47132867132867134,0.4071550255536627
28.146244403913116,0.6253203954595387,0.47132867132867134,0.4071550255536627
28.15453490300116,0.6253203954595387,0.47132867132867134,0.4071550255536627
28.162825402089204,0.6253661662394727,0.4715034965034965,0.4071550255536627
28.171115901177252,0.6253661662394727,0.4715034965034965,0.4071550255536627
28.179406400265297,0.6253661662394727,0.4715034965034965,0.4071550255536627
28.18769689935334,0.6253661662394727,0.4715034965034965,0.4080068143100511
28.195987398441385,0.6253661662394727,0.4715034965034965,0.4080068143100511
28.20427789752943,0.625457707799341,0.4716783216783217,0.4080068143100511
28.212568396617478,0.625503478579275,0.47185314685314683,0.4080068143100511
28.220858895705522,0.6255950201391431,0.47202797202797203,0.4080068143100511
28.229149394793566,0.6260984987184182,0.4722027972027972,0.4080068143100511
28.23743989388161,0.6266477480776272,0.4723776223776224,0.4088586030664395
28.245730392969655,0.6266477480776272,0.4723776223776224,0.4088586030664395
28.254020892057703,0.6266935188575613,0.4725524475524476,0.4088586030664395
28.262311391145747,0.6266935188575613,0.4725524475524476,0.4088586030664395
28.27060189023379,0.6266935188575613,0.4725524475524476,0.4088586030664395
28.278892389321836,0.6267850604174295,0.4727272727272727,0.4088586030664395
28.287182888409884,0.6267850604174295,0.4727272727272727,0.4088586030664395
28.29547338749793,0.6268766019772977,0.4729020979020979,0.4088586030664395
28.303763886585973,0.6268766019772977,0.4729020979020979,0.4088586030664395
28.312054385674017,0.6269223727572318,0.47307692307692306,0.4088586030664395
28.32034488476206,0.6270139143171,0.47325174825174826,0.4088586030664395
28.32863538385011,0.6271969974368363,0.4734265734265734,0.4088586030664395
28.336925882938154,0.6271969974368363,0.4734265734265734,0.4088586030664395
28.345216382026198,0.6273800805565727,0.4736013986013986,0.4088586030664395
28.353506881114242,0.627563163676309,0.4737762237762238,0.4088586030664395
28.361797380202287,0.627563163676309,0.4737762237762238,0.4088586030664395
28.370087879290335,0.6276547052361773,0.47395104895104895,0.4088586030664395
28.37837837837838,0.6277004760161113,0.47412587412587415,0.4088586030664395
28.386668877466423,0.6277004760161113,0.47412587412587415,0.4088586030664395
28.394959376554468,0.6277004760161113,0.47412587412587415,0.4088586030664395
28.403249875642512,0.6277920175759795,0.4743006993006993,0.4088586030664395
28.41154037473056,0.6277920175759795,0.4743006993006993,0.4088586030664395
28.419830873818604,0.6278377883559136,0.4744755244755245,0.4088586030664395
28.42812137290665,0.6279293299157818,0.47465034965034963,0.4088586030664395
28.436411871994693,0.6279751006957158,0.47482517482517483,0.4088586030664395
28.44470237108274,0.62802087147565,0.475,0.4097103918228279
28.452992870170785,0.6281581838154522,0.4751748251748252,0.4097103918228279
28.46128336925883,0.6281581838154522,0.4751748251748252,0.4097103918228279
28.469573868346874,0.6282039545953864,0.4753496503496504,0.4097103918228279
28.47786436743492,0.6282039545953864,0.4753496503496504,0.4097103918228279
28.486154866522966,0.6282039545953864,0.4753496503496504,0.4097103918228279
28.49444536561101,0.6282497253753204,0.4755244755244755,0.4097103918228279
28.502735864699055,0.6283870377151227,0.4756993006993007,0.4097103918228279
28.5110263637871,0.6284328084950568,0.47587412587412586,0.4097103918228279
28.519316862875144,0.6284785792749908,0.47604895104895106,0.4097103918228279
28.52760736196319,0.6284785792749908,0.47604895104895106,0.4097103918228279
28.535897861051236,0.6286616623947272,0.4762237762237762,0.41056218057921634
28.54418836013928,0.6289362870743318,0.4763986013986014,0.41056218057921634
28.552478859227325,0.6290278286341999,0.47657342657342655,0.41056218057921634
28.56076935831537,0.629073599414134,0.47674825174825175,0.41056218057921634
28.569059857403417,0.6294397656536067,0.47692307692307695,0.41056218057921634
28.57735035649146,0.6294855364335409,0.4770979020979021,0.41141396933560476
28.585640855579506,0.6302178689124863,0.4772727272727273,0.41141396933560476
28.59393135466755,0.6304009520322227,0.47744755244755244,0.4122657580919932
28.602221853755594,0.630584035151959,0.47762237762237764,0.4122657580919932
28.610512352843642,0.6306298059318931,0.4777972027972028,0.4122657580919932
28.618802851931687,0.6308128890516295,0.477972027972028,0.4122657580919932
28.62709335101973,0.6308128890516295,0.477972027972028,0.4122657580919932
28.635383850107775,0.6314536799707067,0.4781468531468531,0.4131175468483816
28.643674349195823,0.6314536799707067,0.4781468531468531,0.4131175468483816
28.651964848283868,0.631590992310509,0.4783216783216783,0.4131175468483816
28.660255347371912,0.6319113877700476,0.4784965034965035,0.4131175468483816
28.668545846459956,0.6319113877700476,0.4784965034965035,0.4131175468483816
28.676836345548,0.632094470889784,0.47867132867132867,0.4131175468483816
28.68512684463605,0.632094470889784,0.47867132867132867,0.4131175468483816
28.693417343724093,0.6322775540095203,0.47884615384615387,0.4131175468483816
28.701707842812137,0.6323233247894544,0.479020979020979,0.4131175468483816
28.70999834190018,0.6324148663493226,0.4791958041958042,0.4131175468483816
28.718288840988226,0.6325064079091908,0.47937062937062935,0.41396933560477
28.726579340076274,0.632597949469059,0.47954545454545455,0.41396933560477
28.73486983916432,0.6329183449285976,0.4797202797202797,0.41396933560477
28.743160338252363,0.6329183449285976,0.4797202797202797,0.41396933560477
28.751450837340407,0.6330556572683999,0.4798951048951049,0.41396933560477
28.75974133642845,0.6332387403881362,0.4800699300699301,0.41396933560477
28.7680318355165,0.6334675942878066,0.48024475524475524,0.41396933560477
28.776322334604544,0.6336049066276089,0.48041958041958044,0.41396933560477
28.784612833692588,0.633650677407543,0.4805944055944056,0.41396933560477
28.792903332780632,0.633650677407543,0.4805944055944056,0.41396933560477
28.80119383186868,0.633650677407543,0.4805944055944056,0.41396933560477
28.809484330956725,0.633650677407543,0.4805944055944056,0.41396933560477
28.81777483004477,0.6336964481874772,0.4807692307692308,0.41396933560477
28.826065329132813,0.6337422189674112,0.4809440559440559,0.41396933560477
28.834355828220858,0.6339253020871476,0.4811188811188811,0.41396933560477
28.842646327308906,0.634108385206884,0.48129370629370627,0.41396933560477
28.85093682639695,0.6343830098864884,0.48146853146853147,0.41396933560477
28.859227325484994,0.6344745514463567,0.48164335664335667,0.41396933560477
28.86751782457304,0.6347034053460271,0.4818181818181818,0.41396933560477
28.875808323661083,0.6347034053460271,0.4818181818181818,0.41396933560477
28.88409882274913,0.6347034053460271,0.4818181818181818,0.41396933560477
28.892389321837175,0.6350238008055658,0.481993006993007,0.41396933560477
28.90067982092522,0.6350238008055658,0.481993006993007,0.41396933560477
28.908970320013264,0.6351153423654339,0.48216783216783216,0.41396933560477
28.91726081910131,0.6352068839253021,0.48234265734265735,0.4148211243611584
28.925551318189356,0.6352068839253021,0.48234265734265735,0.4148211243611584
28.9338418172774,0.6353441962651044,0.4825174825174825,0.4148211243611584
28.942132316365445,0.6353441962651044,0.4825174825174825,0.4148211243611584
28.95042281545349,0.6354815086049066,0.4826923076923077,0.4148211243611584
28.958713314541534,0.6354815086049066,0.4826923076923077,0.4148211243611584
28.96700381362958,0.6357103625045771,0.48286713286713284,0.4148211243611584
28.975294312717626,0.6357103625045771,0.48286713286713284,0.4148211243611584
28.98358481180567,0.6358019040644453,0.48304195804195804,0.4148211243611584
28.991875310893715,0.6359849871841816,0.48321678321678324,0.4148211243611584
29.000165809981763,0.6360307579641157,0.4833916083916084,0.4148211243611584
29.008456309069807,0.6360307579641157,0.4833916083916084,0.4148211243611584
29.01674680815785,0.6360765287440499,0.4835664335664336,0.4148211243611584
29.025037307245896,0.6360765287440499,0.4835664335664336,0.4148211243611584
29.03332780633394,0.6363969242035884,0.48374125874125873,0.4148211243611584
29.041618305421988,0.6364884657634566,0.48391608391608393,0.4148211243611584
29.049908804510032,0.6374954229220066,0.48409090909090907,0.4148211243611584
29.058199303598077,0.6375869644818748,0.48426573426573427,0.4148211243611584
29.06648980268612,0.6375869644818748,0.48426573426573427,0.4148211243611584
29.074780301774165,0.6377242768216771,0.4844405594405594,0.4148211243611584
29.083070800862213,0.6379531307213475,0.4846153846153846,0.41567291311754684
29.091361299950258,0.6380446722812156,0.4847902097902098,0.41567291311754684
29.099651799038302,0.6380904430611498,0.48496503496503496,0.41652470187393525
29.107942298126346,0.6380904430611498,0.48496503496503496,0.41652470187393525
29.11623279721439,0.6380904430611498,0.48496503496503496,0.41652470187393525
29.12452329630244,0.6380904430611498,0.48496503496503496,0.41652470187393525
29.132813795390483,0.6380904430611498,0.48496503496503496,0.41652470187393525
29.141104294478527,0.6380904430611498,0.48496503496503496,0.41652470187393525
29.14939479356657,0.638227755400952,0.48513986013986016,0.41652470187393525
29.15768529265462,0.6383192969608202,0.4853146853146853,0.41652470187393525
29.165975791742664,0.6384566093006225,0.4854895104895105,0.41652470187393525
29.174266290830708,0.6388227755400953,0.48566433566433564,0.41652470187393525
29.182556789918753,0.6388227755400953,0.48566433566433564,0.41652470187393525
29.190847289006797,0.6390058586598316,0.48583916083916084,0.41652470187393525
29.199137788094845,0.6390058586598316,0.48583916083916084,0.41652470187393525
29.20742828718289,0.6390974002196997,0.486013986013986,0.41737649063032367
29.215718786270934,0.6390974002196997,0.486013986013986,0.41737649063032367
29.224009285358978,0.6390974002196997,0.486013986013986,0.41737649063032367
29.232299784447022,0.6392804833394361,0.4861888111888112,0.41737649063032367
29.24059028353507,0.6396008787989748,0.4863636363636364,0.41737649063032367
29.248880782623115,0.6396924203588429,0.48653846153846153,0.41737649063032367
29.25717128171116,0.6401043573782498,0.48671328671328673,0.41737649063032367
29.265461780799203,0.6404247528377883,0.4868881118881119,0.41737649063032367
29.273752279887248,0.6404247528377883,0.4868881118881119,0.41737649063032367
29.282042778975296,0.6405162943976566,0.4870629370629371,0.41737649063032367
29.29033327806334,0.6405162943976566,0.4870629370629371,0.41737649063032367
29.298623777151384,0.6406993775173929,0.4872377622377622,0.41737649063032367
29.30691427623943,0.640745148297327,0.4874125874125874,0.41737649063032367
29.315204775327476,0.640745148297327,0.4874125874125874,0.41737649063032367
29.32349527441552,0.6414317099963384,0.48758741258741256,0.4182282793867121
29.331785773503565,0.6416605638960088,0.48776223776223776,0.4182282793867121
29.34007627259161,0.641752105455877,0.48793706293706296,0.4182282793867121
29.348366771679654,0.6419351885756134,0.4881118881118881,0.4190800681431005
29.356657270767702,0.6419809593555474,0.4882867132867133,0.4190800681431005
29.364947769855746,0.6419809593555474,0.4882867132867133,0.4190800681431005
29.37323826894379,0.6422098132552179,0.48846153846153845,0.4190800681431005
29.381528768031835,0.6422555840351519,0.48863636363636365,0.4199318568994889
29.38981926711988,0.6423928963749542,0.4888111888111888,0.4199318568994889
29.398109766207927,0.6425302087147565,0.488986013986014,0.4199318568994889
29.40640026529597,0.6425302087147565,0.488986013986014,0.4199318568994889
29.414690764384016,0.6425302087147565,0.488986013986014,0.4199318568994889
29.42298126347206,0.6425302087147565,0.488986013986014,0.4199318568994889
29.431271762560105,0.6426675210545588,0.48916083916083913,0.4199318568994889
29.439562261648152,0.6426675210545588,0.48916083916083913,0.4199318568994889
29.447852760736197,0.6428963749542292,0.48933566433566433,0.4199318568994889
29.45614325982424,0.6429421457341633,0.48951048951048953,0.4199318568994889
29.464433758912286,0.6431252288538997,0.4896853146853147,0.42078364565587734
29.47272425800033,0.6431252288538997,0.4896853146853147,0.42078364565587734
29.481014757088378,0.6432167704137679,0.4898601398601399,0.42078364565587734
29.489305256176422,0.6432167704137679,0.4898601398601399,0.42078364565587734
29.497595755264467,0.643262541193702,0.490034965034965,0.42078364565587734
29.50588625435251,0.6434456243134383,0.4902097902097902,0.42163543441226575
29.51417675344056,0.6435371658733064,0.49038461538461536,0.42163543441226575
29.522467252528603,0.6436744782131087,0.49055944055944056,0.42248722316865417
29.530757751616648,0.6436744782131087,0.49055944055944056,0.42248722316865417
29.539048250704692,0.643811790552911,0.4907342657342657,0.42248722316865417
29.547338749792736,0.6439491028927133,0.4909090909090909,0.42248722316865417
29.555629248880784,0.6440406444525815,0.4910839160839161,0.42248722316865417
29.56391974796883,0.6443152691321861,0.49125874125874125,0.42248722316865417
29.572210247056873,0.6443610399121201,0.49143356643356645,0.42248722316865417
29.580500746144917,0.6443610399121201,0.49143356643356645,0.42248722316865417
29.58879124523296,0.6444068106920542,0.4916083916083916,0.42248722316865417
29.59708174432101,0.6444068106920542,0.4916083916083916,0.42248722316865417
29.605372243409054,0.6444525814719883,0.4917832167832168,0.42248722316865417
29.613662742497098,0.6448645184913951,0.49195804195804194,0.42248722316865417
29.621953241585143,0.6449102892713292,0.49213286713286714,0.42248722316865417
29.630243740673187,0.6449102892713292,0.49213286713286714,0.42248722316865417
29.638534239761235,0.6449102892713292,0.49213286713286714,0.42248722316865417
29.64682473884928,0.6449102892713292,0.49213286713286714,0.42248722316865417
29.655115237937324,0.6449102892713292,0.49213286713286714,0.42248722316865417
29.663405737025368,0.6449560600512633,0.49230769230769234,0.42248722316865417
29.671696236113416,0.6452764555108019,0.4924825174825175,0.42248722316865417
29.67998673520146,0.6455968509703406,0.4926573426573427,0.42248722316865417
29.688277234289504,0.6455968509703406,0.4926573426573427,0.42248722316865417
29.69656773337755,0.6457341633101428,0.4928321678321678,0.42248722316865417
29.704858232465593,0.6459172464298791,0.493006993006993,0.4233390119250426
29.71314873155364,0.6460087879897474,0.49318181818181817,0.4233390119250426
29.721439230641685,0.6461918711094837,0.49335664335664337,0.424190800681431
29.72972972972973,0.646329183449286,0.4935314685314685,0.424190800681431
29.738020228817774,0.646329183449286,0.4935314685314685,0.424190800681431
29.74631072790582,0.6464207250091542,0.4937062937062937,0.4250425894378194
29.754601226993866,0.6465580373489564,0.4938811188811189,0.4250425894378194
29.76289172608191,0.6466038081288905,0.49405594405594405,0.4250425894378194
29.771182225169955,0.6466495789088246,0.49423076923076925,0.4250425894378194
29.779472724258,0.6468784328084951,0.4944055944055944,0.4250425894378194
29.787763223346044,0.6472445990479678,0.4945804195804196,0.4250425894378194
29.796053722434092,0.6472903698279019,0.49475524475524474,0.4250425894378194
29.804344221522136,0.647336140607836,0.49493006993006994,0.4250425894378194
29.81263472061018,0.64738191138777,0.4951048951048951,0.4250425894378194
29.820925219698225,0.6474276821677042,0.4952797202797203,0.4250425894378194
29.82921571878627,0.6474276821677042,0.4952797202797203,0.4250425894378194
29.837506217874317,0.6474734529476383,0.4954545454545455,0.4250425894378194
29.84579671696236,0.6476107652874405,0.4956293706293706,0.4250425894378194
29.854087216050406,0.6476107652874405,0.4956293706293706,0.4250425894378194
29.86237771513845,0.6477480776272427,0.4958041958041958,0.4250425894378194
29.870668214226498,0.6477938484071769,0.49597902097902097,0.4250425894378194
29.878958713314542,0.6480684730867814,0.49615384615384617,0.4250425894378194
29.887249212402587,0.6480684730867814,0.49615384615384617,0.4250425894378194
29.89553971149063,0.6482515562065178,0.4963286713286713,0.4250425894378194
29.903830210578676,0.6482515562065178,0.4963286713286713,0.4250425894378194
29.912120709666723,0.64838886854632,0.4965034965034965,0.4250425894378194
29.920411208754768,0.64838886854632,0.4965034965034965,0.4250425894378194
29.928701707842812,0.6485261808861223,0.49667832167832165,0.4250425894378194
29.936992206930856,0.6487092640058587,0.49685314685314685,0.4250425894378194
29.9452827060189,0.6490754302453314,0.49702797202797205,0.42589437819420783
29.95357320510695,0.6491212010252655,0.4972027972027972,0.42589437819420783
29.961863704194993,0.6491669718051996,0.4973776223776224,0.42589437819420783
29.970154203283037,0.6491669718051996,0.4973776223776224,0.42589437819420783
29.978444702371082,0.6493042841450019,0.49755244755244754,0.42589437819420783
29.986735201459126,0.6493500549249359,0.49772727272727274,0.42589437819420783
29.995025700547174,0.64939582570487,0.4979020979020979,0.42589437819420783
30.00331619963522,0.64939582570487,0.4979020979020979,0.42589437819420783
30.011606698723263,0.6496246796045405,0.4980769230769231,0.42589437819420783
30.019897197811307,0.6497619919443427,0.4982517482517482,0.42589437819420783
30.028187696899355,0.6497619919443427,0.4982517482517482,0.42589437819420783
30.0364781959874,0.65040278286342,0.4984265734265734,0.42589437819420783
30.044768695075444,0.6505400952032223,0.4986013986013986,0.42589437819420783
30.053059194163488,0.6505400952032223,0.4986013986013986,0.42589437819420783
30.061349693251532,0.6505400952032223,0.4986013986013986,0.42589437819420783
30.06964019233958,0.650906261442695,0.49877622377622377,0.42589437819420783
30.077930691427625,0.650906261442695,0.49877622377622377,0.42589437819420783
30.08622119051567,0.6509520322226291,0.49895104895104897,0.42589437819420783
30.094511689603713,0.6510893445624314,0.4991258741258741,0.42589437819420783
30.102802188691758,0.6513639692420359,0.4993006993006993,0.42589437819420783
30.111092687779806,0.6513639692420359,0.4993006993006993,0.42589437819420783
30.11938318686785,0.6513639692420359,0.4993006993006993,0.42589437819420783
30.127673685955894,0.6514097400219699,0.49947552447552446,0.42589437819420783
30.13596418504394,0.6514097400219699,0.49947552447552446,0.42589437819420783
30.144254684131983,0.6514097400219699,0.49947552447552446,0.42589437819420783
30.15254518322003,0.6514555108019041,0.49965034965034966,0.42589437819420783
30.160835682308075,0.6514555108019041,0.49965034965034966,0.42589437819420783
30.16912618139612,0.6514555108019041,0.49965034965034966,0.42589437819420783
30.177416680484164,0.6514555108019041,0.49965034965034966,0.42589437819420783
30.18570717957221,0.6515012815818382,0.4998251748251748,0.42589437819420783
30.193997678660256,0.6517301354815086,0.5,0.42589437819420783
30.2022881777483,0.6518674478213109,0.5001748251748251,0.42589437819420783
30.210578676836345,0.6522793848407177,0.5003496503496504,0.42674616695059625
30.21886917592439,0.6523251556206517,0.5005244755244755,0.42674616695059625
30.227159675012437,0.6523251556206517,0.5005244755244755,0.42759795570698467
30.23545017410048,0.652462467960454,0.5006993006993007,0.42759795570698467
30.243740673188526,0.6525082387403881,0.5008741258741258,0.42759795570698467
30.25203117227657,0.6525997803002563,0.5010489510489511,0.42759795570698467
30.260321671364615,0.6525997803002563,0.5010489510489511,0.42759795570698467
30.268612170452663,0.652920175759795,0.5012237762237762,0.42759795570698467
30.276902669540707,0.6534694251190041,0.5013986013986014,0.42759795570698467
30.28519316862875,0.6535151958989381,0.5015734265734266,0.42759795570698467
30.293483667716796,0.6539271329183449,0.5017482517482518,0.42759795570698467
30.30177416680484,0.6544306114976199,0.5019230769230769,0.42759795570698467
30.310064665892888,0.654476382277554,0.5020979020979021,0.42759795570698467
30.318355164980932,0.6545221530574881,0.5022727272727273,0.42759795570698467
30.326645664068977,0.6545221530574881,0.5022727272727273,0.42759795570698467
30.33493616315702,0.6546594653972904,0.5024475524475525,0.42759795570698467
30.343226662245065,0.6546594653972904,0.5024475524475525,0.42759795570698467
30.351517161333113,0.654934090076895,0.5026223776223776,0.42759795570698467
30.359807660421158,0.6552544855364335,0.5027972027972027,0.42759795570698467
30.368098159509202,0.6552544855364335,0.5027972027972027,0.42759795570698467
30.376388658597246,0.6552544855364335,0.5027972027972027,0.42759795570698467
30.384679157685294,0.6553002563163677,0.502972027972028,0.42759795570698467
30.39296965677334,0.6553002563163677,0.502972027972028,0.42759795570698467
30.401260155861383,0.6553002563163677,0.502972027972028,0.42759795570698467
30.409550654949427,0.6554375686561699,0.5031468531468531,0.42759795570698467
30.417841154037472,0.6554375686561699,0.5031468531468531,0.42759795570698467
30.42613165312552,0.6555748809959722,0.5033216783216783,0.42759795570698467
30.434422152213564,0.6559410472354449,0.5034965034965035,0.4284497444633731
30.44271265130161,0.6559410472354449,0.5034965034965035,0.4284497444633731
30.451003150389653,0.655986818015379,0.5036713286713287,0.4293015332197615
30.459293649477697,0.6560783595752472,0.5038461538461538,0.4293015332197615
30.467584148565745,0.6560783595752472,0.5038461538461538,0.4293015332197615
30.47587464765379,0.6562156719150495,0.504020979020979,0.4293015332197615
30.484165146741834,0.6563529842548517,0.5041958041958042,0.4293015332197615
30.492455645829878,0.6563529842548517,0.5041958041958042,0.4293015332197615
30.500746144917922,0.6567649212742586,0.5043706293706294,0.4301533219761499
30.50903664400597,0.6568564628341267,0.5045454545454545,0.4301533219761499
30.517327143094015,0.657039545953863,0.5047202797202798,0.4301533219761499
30.52561764218206,0.6570853167337971,0.5048951048951049,0.4301533219761499
30.533908141270103,0.6576803368729404,0.5050699300699301,0.4301533219761499
30.542198640358148,0.6576803368729404,0.5050699300699301,0.4301533219761499
30.550489139446196,0.6577718784328085,0.5052447552447552,0.43100511073253833
30.55877963853424,0.6580007323324789,0.5054195804195805,0.43185689948892675
30.567070137622284,0.6585957524716222,0.5055944055944056,0.43185689948892675
30.57536063671033,0.6586872940314903,0.5057692307692307,0.43185689948892675
30.583651135798377,0.6589161479311607,0.5059440559440559,0.43270868824531517
30.59194163488642,0.659007689491029,0.5061188811188811,0.43270868824531517
30.600232133974465,0.6591450018308312,0.5062937062937063,0.43270868824531517
30.60852263306251,0.6591450018308312,0.5062937062937063,0.43270868824531517
30.616813132150554,0.6593738557305017,0.5064685314685314,0.43270868824531517
30.625103631238602,0.659556938850238,0.5066433566433567,0.43270868824531517
30.633394130326646,0.6596027096301721,0.5068181818181818,0.4335604770017036
30.64168462941469,0.6596027096301721,0.5068181818181818,0.4335604770017036
30.649975128502735,0.6596027096301721,0.5068181818181818,0.4335604770017036
30.65826562759078,0.6596027096301721,0.5068181818181818,0.4335604770017036
30.666556126678827,0.6596027096301721,0.5068181818181818,0.4335604770017036
30.67484662576687,0.6596484804101062,0.506993006993007,0.4335604770017036
30.683137124854916,0.6596484804101062,0.506993006993007,0.4335604770017036
30.69142762394296,0.6596942511900403,0.5071678321678321,0.4335604770017036
30.699718123031005,0.6600146466495789,0.5073426573426574,0.4335604770017036
30.708008622119053,0.6600146466495789,0.5073426573426574,0.4335604770017036
30.716299121207097,0.6600146466495789,0.5073426573426574,0.4335604770017036
30.72458962029514,0.6601977297693152,0.5075174825174825,0.4335604770017036
30.732880119383186,0.6603808128890516,0.5076923076923077,0.4335604770017036
30.741170618471234,0.6603808128890516,0.5076923076923077,0.434412265758092
30.749461117559278,0.6603808128890516,0.5076923076923077,0.434412265758092
30.757751616647322,0.6604723544489198,0.5078671328671329,0.434412265758092
30.766042115735367,0.6607927499084585,0.5080419580419581,0.434412265758092
30.77433261482341,0.6607927499084585,0.5080419580419581,0.434412265758092
30.78262311391146,0.6608842914683266,0.5082167832167832,0.434412265758092
30.790913612999503,0.661067374588063,0.5083916083916084,0.434412265758092
30.799204112087548,0.661113145367997,0.5085664335664336,0.4352640545144804
30.807494611175592,0.6612962284877334,0.5087412587412588,0.4352640545144804
30.815785110263636,0.6612962284877334,0.5087412587412588,0.4352640545144804
30.824075609351684,0.6612962284877334,0.5087412587412588,0.4352640545144804
30.83236610843973,0.6613877700476016,0.5089160839160839,0.4352640545144804
30.840656607527773,0.6613877700476016,0.5089160839160839,0.4352640545144804
30.848947106615817,0.6613877700476016,0.5089160839160839,0.43611584327086883
30.85723760570386,0.6613877700476016,0.5089160839160839,0.43611584327086883
30.86552810479191,0.6613877700476016,0.5089160839160839,0.43611584327086883
30.873818603879954,0.661616623947272,0.509090909090909,0.43611584327086883
30.882109102968,0.6618912486268766,0.5092657342657343,0.43611584327086883
30.890399602056043,0.6619370194068107,0.5094405594405594,0.43611584327086883
30.89869010114409,0.6619370194068107,0.5094405594405594,0.43611584327086883
30.906980600232135,0.6619370194068107,0.5094405594405594,0.43611584327086883
30.91527109932018,0.6619827901867448,0.5096153846153846,0.43611584327086883
30.923561598408224,0.6620285609666788,0.5097902097902098,0.43611584327086883
30.931852097496268,0.662074331746613,0.509965034965035,0.43611584327086883
30.940142596584316,0.662074331746613,0.509965034965035,0.43611584327086883
30.94843309567236,0.662074331746613,0.509965034965035,0.43611584327086883
30.956723594760405,0.6624404979860857,0.5101398601398601,0.43611584327086883
30.96501409384845,0.6625320395459539,0.5103146853146853,0.43696763202725725
30.973304592936493,0.6626235811058221,0.5104895104895105,0.43696763202725725
30.98159509202454,0.6626235811058221,0.5104895104895105,0.43696763202725725
30.989885591112586,0.6628982057854266,0.5106643356643357,0.43696763202725725
30.99817609020063,0.6629897473452948,0.5108391608391608,0.43696763202725725
31.006466589288674,0.6630355181252289,0.5110139860139861,0.43696763202725725
31.01475708837672,0.6635389967045039,0.5111888111888112,0.43696763202725725
31.023047587464767,0.6639967045038447,0.5113636363636364,0.43696763202725725
31.03133808655281,0.6639967045038447,0.5113636363636364,0.43696763202725725
31.039628585640855,0.6639967045038447,0.5113636363636364,0.43696763202725725
31.0479190847289,0.664088246063713,0.5115384615384615,0.43696763202725725
31.056209583816944,0.664134016843647,0.5117132867132868,0.43696763202725725
31.064500082904992,0.664134016843647,0.5117132867132868,0.43696763202725725
31.072790581993036,0.6642713291834493,0.5118881118881119,0.43781942078364566
31.08108108108108,0.6644544123031857,0.512062937062937,0.43781942078364566
31.089371580169125,0.6645001830831198,0.5122377622377622,0.4386712095400341
31.097662079257173,0.6645917246429879,0.5124125874125874,0.4386712095400341
31.105952578345217,0.6646832662028561,0.5125874125874126,0.4386712095400341
31.11424307743326,0.6646832662028561,0.5125874125874126,0.4386712095400341
31.122533576521306,0.6646832662028561,0.5125874125874126,0.4386712095400341
31.13082407560935,0.6646832662028561,0.5125874125874126,0.4386712095400341
31.1391145746974,0.6646832662028561,0.5125874125874126,0.4395229982964225
31.147405073785443,0.6646832662028561,0.5125874125874126,0.4395229982964225
31.155695572873487,0.6646832662028561,0.5125874125874126,0.4395229982964225
31.16398607196153,0.6646832662028561,0.5125874125874126,0.4403747870528109
31.172276571049576,0.6648205785426584,0.5127622377622377,0.4403747870528109
31.180567070137624,0.6648205785426584,0.5127622377622377,0.4403747870528109
31.188857569225668,0.6648205785426584,0.5127622377622377,0.4403747870528109
31.197148068313712,0.6649578908824606,0.512937062937063,0.4403747870528109
31.205438567401757,0.6649578908824606,0.512937062937063,0.4403747870528109
31.2137290664898,0.6651867447821311,0.5131118881118881,0.4403747870528109
31.22201956557785,0.6653240571219333,0.5132867132867133,0.4403747870528109
31.230310064665893,0.6653698279018675,0.5134615384615384,0.4403747870528109
31.238600563753938,0.6654613694617356,0.5136363636363637,0.4403747870528109
31.246891062841982,0.6655986818015379,0.5138111888111888,0.44122657580919933
31.25518156193003,0.665644452581472,0.513986013986014,0.44122657580919933
31.263472061018074,0.665690223361406,0.5141608391608392,0.44122657580919933
31.27176256010612,0.6658733064811424,0.5143356643356644,0.44122657580919933
31.280053059194163,0.6661021603808129,0.5145104895104895,0.44122657580919933
31.288343558282207,0.6661937019406811,0.5146853146853146,0.44122657580919933
31.296634057370255,0.6661937019406811,0.5146853146853146,0.44122657580919933
31.3049245564583,0.6661937019406811,0.5146853146853146,0.44122657580919933
31.313215055546344,0.6662394727206151,0.5148601398601399,0.44122657580919933
31.32150555463439,0.6663767850604174,0.515034965034965,0.44122657580919933
31.329796053722433,0.6664225558403515,0.5152097902097902,0.44122657580919933
31.33808655281048,0.6665140974002197,0.5153846153846153,0.44122657580919933
31.346377051898525,0.6665140974002197,0.5153846153846153,0.44122657580919933
31.35466755098657,0.6667429512998901,0.5155594405594406,0.44207836456558774
31.362958050074614,0.6667887220798242,0.5157342657342657,0.44207836456558774
31.371248549162658,0.6669260344196265,0.5159090909090909,0.44293015332197616
31.379539048250706,0.6669718051995606,0.5160839160839161,0.44293015332197616
31.38782954733875,0.6671091175393629,0.5162587412587413,0.44293015332197616
31.396120046426795,0.6671091175393629,0.5162587412587413,0.44293015332197616
31.40441054551484,0.6671548883192969,0.5164335664335664,0.4437819420783646
31.412701044602883,0.6672464298791652,0.5166083916083916,0.444633730834753
31.42099154369093,0.6673837422189675,0.5167832167832168,0.444633730834753
31.429282042778976,0.6676583668985719,0.516958041958042,0.444633730834753
31.43757254186702,0.6676583668985719,0.516958041958042,0.444633730834753
31.445863040955064,0.6678414500183083,0.5171328671328671,0.444633730834753
31.454153540043112,0.6678414500183083,0.5171328671328671,0.444633730834753
31.462444039131157,0.6678872207982424,0.5173076923076924,0.444633730834753
31.4707345382192,0.6680703039179787,0.5174825174825175,0.444633730834753
31.479025037307245,0.6680703039179787,0.5174825174825175,0.444633730834753
31.48731553639529,0.6682533870377151,0.5176573426573426,0.4454855195911414
31.495606035483338,0.6684364701574514,0.5178321678321678,0.4454855195911414
31.503896534571382,0.6684822409373856,0.518006993006993,0.4454855195911414
31.512187033659426,0.6686195532771878,0.5181818181818182,0.4454855195911414
31.52047753274747,0.6691230318564628,0.5183566433566433,0.4454855195911414
31.528768031835515,0.6692145734163311,0.5185314685314686,0.4454855195911414
31.537058530923563,0.6692145734163311,0.5185314685314686,0.4454855195911414
31.545349030011607,0.6693061149761992,0.5187062937062937,0.4454855195911414
31.55363952909965,0.6693061149761992,0.5187062937062937,0.4454855195911414
31.561930028187696,0.6696722812156719,0.5188811188811189,0.4454855195911414
31.57022052727574,0.6697638227755401,0.519055944055944,0.4454855195911414
31.57851102636379,0.6698095935554742,0.5192307692307693,0.4454855195911414
31.586801525451833,0.6701299890150129,0.5194055944055944,0.4463373083475298
31.595092024539877,0.6703130721347492,0.5195804195804196,0.4463373083475298
31.60338252362792,0.6705876968143537,0.5197552447552447,0.44718909710391824
31.61167302271597,0.6708165507140241,0.51993006993007,0.44718909710391824
31.619963521804014,0.6708165507140241,0.51993006993007,0.44718909710391824
31.628254020892058,0.6712742585133651,0.5201048951048951,0.44718909710391824
31.636544519980102,0.6714115708531674,0.5202797202797202,0.44718909710391824
31.644835019068147,0.6714573416331014,0.5204545454545455,0.44718909710391824
31.653125518156195,0.6716861955327719,0.5206293706293706,0.44718909710391824
31.66141601724424,0.6717777370926401,0.5208041958041958,0.44718909710391824
31.669706516332283,0.6718692786525082,0.5209790209790209,0.44718909710391824
31.677997015420328,0.6719150494324423,0.5211538461538462,0.44718909710391824
31.686287514508372,0.6719608202123765,0.5213286713286713,0.44718909710391824
31.69457801359642,0.6720523617722446,0.5215034965034965,0.44718909710391824
31.702868512684464,0.6720523617722446,0.5215034965034965,0.44718909710391824
31.71115901177251,0.6720981325521787,0.5216783216783217,0.44718909710391824
31.719449510860553,0.6720981325521787,0.5216783216783217,0.44718909710391824
31.727740009948597,0.6720981325521787,0.5216783216783217,0.44718909710391824
31.736030509036645,0.6723269864518492,0.5218531468531469,0.44804088586030666
31.74432100812469,0.6723269864518492,0.5218531468531469,0.44804088586030666
31.752611507212734,0.6725100695715855,0.522027972027972,0.44804088586030666
31.76090200630078,0.6725100695715855,0.522027972027972,0.44804088586030666
31.769192505388823,0.6728762358110583,0.5222027972027972,0.4488926746166951
31.77748300447687,0.6729220065909923,0.5223776223776224,0.4488926746166951
31.785773503564915,0.6729220065909923,0.5223776223776224,0.4488926746166951
31.79406400265296,0.6729677773709264,0.5225524475524476,0.4488926746166951
31.802354501741004,0.6730135481508605,0.5227272727272727,0.4488926746166951
31.81064500082905,0.6730135481508605,0.5227272727272727,0.4488926746166951
31.818935499917096,0.6731966312705968,0.5229020979020979,0.4497444633730835
31.82722599900514,0.673242402050531,0.5230769230769231,0.4497444633730835
31.835516498093185,0.6733797143903332,0.5232517482517482,0.4497444633730835
31.84380699718123,0.6737916514097401,0.5234265734265734,0.4497444633730835
31.852097496269277,0.6737916514097401,0.5234265734265734,0.4497444633730835
31.86038799535732,0.6738831929696082,0.5236013986013986,0.4497444633730835
31.868678494445366,0.6741578176492128,0.5237762237762238,0.4497444633730835
31.87696899353341,0.6742035884291468,0.5239510489510489,0.4497444633730835
31.885259492621454,0.6742035884291468,0.5239510489510489,0.4497444633730835
31.893549991709502,0.6745239838886855,0.5241258741258741,0.4497444633730835
31.901840490797547,0.6745697546686196,0.5243006993006993,0.4497444633730835
31.91013098988559,0.6747528377883559,0.5244755244755245,0.4497444633730835
31.918421488973635,0.6752105455876968,0.5246503496503496,0.4497444633730835
31.92671198806168,0.675256316367631,0.5248251748251749,0.4497444633730835
31.935002487149728,0.6754851702673014,0.525,0.4497444633730835
31.943292986237772,0.6756224826071037,0.5251748251748252,0.4497444633730835
31.951583485325816,0.6758513365067741,0.5253496503496503,0.4497444633730835
31.95987398441386,0.6758513365067741,0.5253496503496503,0.4497444633730835
31.96816448350191,0.6759428780666422,0.5255244755244756,0.4497444633730835
31.976454982589953,0.6759886488465764,0.5256993006993007,0.4497444633730835
31.984745481677997,0.6760344196265105,0.5258741258741259,0.4497444633730835
31.99303598076604,0.6761717319663128,0.526048951048951,0.4497444633730835
32.001326479854086,0.6761717319663128,0.526048951048951,0.4497444633730835
32.009616978942134,0.6761717319663128,0.526048951048951,0.4497444633730835
32.017907478030175,0.6764005858659832,0.5262237762237763,0.4497444633730835
32.02619797711822,0.6766752105455877,0.5263986013986014,0.4497444633730835
32.03448847620627,0.6766752105455877,0.5263986013986014,0.4497444633730835
32.04277897529431,0.6766752105455877,0.5263986013986014,0.4497444633730835
32.05106947438236,0.6766752105455877,0.5263986013986014,0.4497444633730835
32.0593599734704,0.676858293665324,0.5265734265734265,0.4505962521294719
32.06765047255845,0.6769956060051263,0.5267482517482518,0.4505962521294719
32.075940971646496,0.6769956060051263,0.5267482517482518,0.4505962521294719
32.08423147073454,0.677316001464665,0.5269230769230769,0.4505962521294719
32.092521969822585,0.6774075430245331,0.5270979020979021,0.4505962521294719
32.100812468910625,0.6774075430245331,0.5270979020979021,0.4505962521294719
32.10910296799867,0.6774075430245331,0.5270979020979021,0.4505962521294719
32.11739346708672,0.6774075430245331,0.5270979020979021,0.4514480408858603
32.12568396617476,0.6777279384840718,0.5272727272727272,0.4514480408858603
32.13397446526281,0.677865250823874,0.5274475524475525,0.4514480408858603
32.14226496435085,0.6780941047235445,0.5276223776223776,0.4514480408858603
32.1505554634389,0.6780941047235445,0.5276223776223776,0.4514480408858603
32.15884596252695,0.6781398755034785,0.5277972027972028,0.4514480408858603
32.16713646161499,0.6781398755034785,0.5277972027972028,0.4514480408858603
32.175426960703035,0.6781398755034785,0.5277972027972028,0.4514480408858603
32.183717459791076,0.6781398755034785,0.5277972027972028,0.4514480408858603
32.192007958879124,0.6784145001830831,0.527972027972028,0.4514480408858603
32.20029845796717,0.6784145001830831,0.527972027972028,0.4514480408858603
32.20858895705521,0.6785975833028195,0.5281468531468532,0.45229982964224874
32.21687945614326,0.6788264372024899,0.5283216783216783,0.45229982964224874
32.22516995523131,0.678872207982424,0.5284965034965035,0.45229982964224874
32.23346045431935,0.678872207982424,0.5284965034965035,0.45229982964224874
32.2417509534074,0.6790095203222263,0.5286713286713287,0.45229982964224874
32.25004145249544,0.6794214573416331,0.5288461538461539,0.45229982964224874
32.258331951583486,0.6794214573416331,0.5288461538461539,0.45229982964224874
32.266622450671534,0.6795129989015013,0.529020979020979,0.45229982964224874
32.274912949759575,0.6795587696814354,0.5291958041958041,0.45229982964224874
32.28320344884762,0.6795587696814354,0.5291958041958041,0.45229982964224874
32.29149394793566,0.6795587696814354,0.5291958041958041,0.45229982964224874
32.29978444702371,0.6796045404613694,0.5293706293706294,0.45315161839863716
32.30807494611176,0.6797876235811058,0.5295454545454545,0.45315161839863716
32.3163654451998,0.6797876235811058,0.5295454545454545,0.45315161839863716
32.32465594428785,0.6799249359209081,0.5297202797202797,0.45315161839863716
32.33294644337589,0.6799249359209081,0.5297202797202797,0.45315161839863716
32.34123694246394,0.6801080190406444,0.5298951048951049,0.45315161839863716
32.349527441551984,0.6801080190406444,0.5298951048951049,0.45315161839863716
32.357817940640025,0.6802911021603808,0.5300699300699301,0.45315161839863716
32.36610843972807,0.6802911021603808,0.5300699300699301,0.4540034071550256
32.374398938816114,0.6802911021603808,0.5300699300699301,0.4540034071550256
32.38268943790416,0.6802911021603808,0.5300699300699301,0.4540034071550256
32.39097993699221,0.6802911021603808,0.5300699300699301,0.4540034071550256
32.39927043608025,0.6802911021603808,0.5300699300699301,0.4540034071550256
32.4075609351683,0.6803368729403149,0.5302447552447552,0.4540034071550256
32.41585143425634,0.680382643720249,0.5304195804195804,0.4540034071550256
32.42414193334439,0.6804741852801172,0.5305944055944056,0.4540034071550256
32.432432432432435,0.6804741852801172,0.5305944055944056,0.4540034071550256
32.440722931520476,0.6806114976199195,0.5307692307692308,0.4540034071550256
32.449013430608524,0.6807945807396558,0.5309440559440559,0.4540034071550256
32.457303929696565,0.681435371658733,0.5311188811188812,0.4540034071550256
32.46559442878461,0.681435371658733,0.5311188811188812,0.4540034071550256
32.47388492787266,0.6817099963383376,0.5312937062937063,0.4540034071550256
32.4821754269607,0.681893079458074,0.5314685314685315,0.4540034071550256
32.49046592604875,0.681938850238008,0.5316433566433566,0.4540034071550256
32.49875642513679,0.681938850238008,0.5316433566433566,0.4540034071550256
32.50704692422484,0.681938850238008,0.5316433566433566,0.4540034071550256
32.515337423312886,0.681938850238008,0.5316433566433566,0.4540034071550256
32.52362792240093,0.6820303917978763,0.5318181818181819,0.4540034071550256
32.531918421488975,0.6822592456975467,0.531993006993007,0.454855195911414
32.540208920577015,0.6822592456975467,0.531993006993007,0.454855195911414
32.54849941966506,0.6823507872574148,0.5321678321678321,0.454855195911414
32.55678991875311,0.6823507872574148,0.5321678321678321,0.454855195911414
32.56508041784115,0.6825338703771512,0.5323426573426573,0.4557069846678024
32.5733709169292,0.6825338703771512,0.5323426573426573,0.4557069846678024
32.58166141601725,0.6825796411570854,0.5325174825174825,0.4557069846678024
32.58995191510529,0.6826254119370194,0.5326923076923077,0.4557069846678024
32.59824241419334,0.6826254119370194,0.5326923076923077,0.4557069846678024
32.60653291328138,0.6828084950567558,0.5328671328671328,0.4557069846678024
32.614823412369425,0.6828084950567558,0.5328671328671328,0.4557069846678024
32.62311391145747,0.6829458073965581,0.5330419580419581,0.4557069846678024
32.631404410545514,0.6831288905162944,0.5332167832167832,0.4557069846678024
32.63969490963356,0.6833577444159649,0.5333916083916084,0.4557069846678024
32.6479854087216,0.6834950567557672,0.5335664335664335,0.4557069846678024
32.65627590780965,0.6834950567557672,0.5335664335664335,0.4557069846678024
32.6645664068977,0.6837239106554376,0.5337412587412588,0.4557069846678024
32.67285690598574,0.6837239106554376,0.5337412587412588,0.4557069846678024
32.68114740507379,0.6840443061149762,0.5339160839160839,0.4557069846678024
32.68943790416183,0.6845020139143171,0.5340909090909091,0.4557069846678024
32.697728403249876,0.6845935554741853,0.5342657342657343,0.4557069846678024
32.706018902337924,0.6847308678139875,0.5344405594405595,0.4557069846678024
32.714309401425965,0.6847766385939217,0.5346153846153846,0.4557069846678024
32.72259990051401,0.6850054924935921,0.5347902097902097,0.4557069846678024
32.73089039960205,0.6852801171731966,0.534965034965035,0.4565587734241908
32.7391808986901,0.6853716587330648,0.5351398601398601,0.45741056218057924
32.74747139777815,0.6855547418528012,0.5353146853146853,0.45741056218057924
32.75576189686619,0.6855547418528012,0.5353146853146853,0.45741056218057924
32.76405239595424,0.685966678872208,0.5354895104895104,0.45826235093696766
32.77234289504228,0.686012449652142,0.5356643356643357,0.45911413969335607
32.78063339413033,0.6861955327718784,0.5358391608391608,0.45911413969335607
32.788923893218374,0.6866532405712193,0.536013986013986,0.45911413969335607
32.797214392306415,0.6866532405712193,0.536013986013986,0.45911413969335607
32.80550489139446,0.6866532405712193,0.536013986013986,0.45911413969335607
32.813795390482504,0.6867905529110216,0.5361888111888112,0.45911413969335607
32.82208588957055,0.6868363236909557,0.5363636363636364,0.45911413969335607
32.8303763886586,0.6868820944708898,0.5365384615384615,0.45911413969335607
32.83866688774664,0.6868820944708898,0.5365384615384615,0.45911413969335607
32.84695738683469,0.6869278652508238,0.5367132867132867,0.45911413969335607
32.85524788592273,0.6874771146100329,0.5368881118881119,0.45911413969335607
32.86353838501078,0.6874771146100329,0.5368881118881119,0.45911413969335607
32.871828884098825,0.6874771146100329,0.5368881118881119,0.45911413969335607
32.880119383186866,0.6874771146100329,0.5368881118881119,0.45911413969335607
32.888409882274914,0.6875686561699011,0.5370629370629371,0.45911413969335607
32.896700381362955,0.6876144269498352,0.5372377622377622,0.45911413969335607
32.904990880451,0.6876144269498352,0.5372377622377622,0.45911413969335607
32.91328137953905,0.6877059685097034,0.5374125874125875,0.45911413969335607
32.92157187862709,0.6877517392896375,0.5375874125874126,0.45911413969335607
32.92986237771514,0.6877517392896375,0.5375874125874126,0.45911413969335607
32.93815287680319,0.6881636763090443,0.5377622377622377,0.45911413969335607
32.94644337589123,0.6881636763090443,0.5377622377622377,0.45911413969335607
32.954733874979276,0.6883009886488466,0.5379370629370629,0.45911413969335607
32.96302437406732,0.6883009886488466,0.5379370629370629,0.45911413969335607
32.971314873155364,0.6883009886488466,0.5379370629370629,0.45911413969335607
32.97960537224341,0.6883009886488466,0.5379370629370629,0.45911413969335607
32.98789587133145,0.6883467594287807,0.5381118881118881,0.45911413969335607
32.9961863704195,0.6886671548883193,0.5382867132867133,0.45911413969335607
33.00447686950754,0.6889417795679238,0.5384615384615384,0.45911413969335607
33.01276736859559,0.6891248626876602,0.5386363636363637,0.45911413969335607
33.02105786768364,0.689536799707067,0.5388111888111888,0.45911413969335607
33.02934836677168,0.6895825704870011,0.538986013986014,0.45911413969335607
33.037638865859726,0.6895825704870011,0.538986013986014,0.45911413969335607
33.04592936494777,0.6897198828268034,0.5391608391608391,0.45911413969335607
33.054219864035815,0.690040278286342,0.5393356643356644,0.45911413969335607
33.06251036312386,0.6902233614060783,0.5395104895104895,0.45911413969335607
33.070800862211904,0.6902233614060783,0.5395104895104895,0.45911413969335607
33.07909136129995,0.6904522153057489,0.5396853146853147,0.45911413969335607
33.08738186038799,0.6904979860856829,0.5398601398601398,0.45911413969335607
33.09567235947604,0.6906352984254852,0.5400349650349651,0.45911413969335607
33.10396285856409,0.6906352984254852,0.5400349650349651,0.4599659284497445
33.11225335765213,0.6908641523251556,0.5402097902097902,0.4599659284497445
33.12054385674018,0.6910930062248261,0.5403846153846154,0.4599659284497445
33.12883435582822,0.6910930062248261,0.5403846153846154,0.4599659284497445
33.137124854916266,0.6912760893445624,0.5405594405594406,0.4599659284497445
33.145415354004314,0.6912760893445624,0.5405594405594406,0.4599659284497445
33.153705853092355,0.6914591724642988,0.5407342657342658,0.4599659284497445
33.1619963521804,0.6915964848041011,0.5409090909090909,0.4599659284497445
33.17028685126844,0.6919168802636397,0.541083916083916,0.4599659284497445
33.17857735035649,0.6921457341633102,0.5412587412587413,0.4599659284497445
33.18686784944454,0.6921915049432442,0.5414335664335664,0.4599659284497445
33.19515834853258,0.6922830465031125,0.5416083916083916,0.4599659284497445
33.20344884762063,0.6922830465031125,0.5416083916083916,0.4599659284497445
33.21173934670867,0.6926492127425852,0.5417832167832168,0.4599659284497445
33.22002984579672,0.6926949835225192,0.541958041958042,0.4599659284497445
33.228320344884764,0.6928322958623215,0.5421328671328671,0.4599659284497445
33.236610843972805,0.6932900036616624,0.5423076923076923,0.4599659284497445
33.24490134306085,0.6933815452215306,0.5424825174825175,0.4599659284497445
33.253191842148894,0.6937477114610033,0.5426573426573427,0.4599659284497445
33.26148234123694,0.6938392530208715,0.5428321678321678,0.4599659284497445
33.26977284032499,0.6938392530208715,0.5428321678321678,0.4599659284497445
33.27806333941303,0.6938850238008055,0.543006993006993,0.4599659284497445
33.28635383850108,0.6940223361406078,0.5431818181818182,0.4599659284497445
33.294644337589126,0.6941138777004761,0.5433566433566434,0.4599659284497445
33.30293483667717,0.6943427316001465,0.5435314685314685,0.4599659284497445
33.311225335765215,0.6943427316001465,0.5435314685314685,0.4599659284497445
33.319515834853256,0.6943885023800805,0.5437062937062938,0.4599659284497445
33.327806333941304,0.6943885023800805,0.5437062937062938,0.4599659284497445
33.33609683302935,0.6945258147198828,0.5438811188811189,0.4608177172061329
33.34438733211739,0.6945258147198828,0.5438811188811189,0.4608177172061329
33.35267783120544,0.694617356279751,0.544055944055944,0.4608177172061329
33.36096833029348,0.694617356279751,0.544055944055944,0.4608177172061329
33.36925882938153,0.6947088978396192,0.5442307692307692,0.4608177172061329
33.37754932846958,0.6947088978396192,0.5442307692307692,0.4608177172061329
33.38583982755762,0.6949377517392896,0.5444055944055944,0.4608177172061329
33.394130326645666,0.6949377517392896,0.5444055944055944,0.4608177172061329
33.40242082573371,0.69516660563896,0.5445804195804196,0.4608177172061329
33.410711324821754,0.69516660563896,0.5445804195804196,0.4608177172061329
33.4190018239098,0.6952123764188942,0.5447552447552447,0.4608177172061329
33.42729232299784,0.6953954595386306,0.54493006993007,0.4608177172061329
33.43558282208589,0.6957158549981691,0.5451048951048951,0.4608177172061329
33.44387332117393,0.6957616257781033,0.5452797202797203,0.4608177172061329
33.45216382026198,0.6958989381179055,0.5454545454545454,0.4608177172061329
33.46045431935003,0.6960362504577078,0.5456293706293707,0.4608177172061329
33.46874481843807,0.6963566459172464,0.5458041958041958,0.4608177172061329
33.477035317526116,0.6963566459172464,0.5458041958041958,0.4608177172061329
33.48532581661416,0.6963566459172464,0.5458041958041958,0.4608177172061329
33.493616315702205,0.6963566459172464,0.5458041958041958,0.4608177172061329
33.50190681479025,0.6965397290369828,0.545979020979021,0.4608177172061329
33.510197313878294,0.6966312705968509,0.5461538461538461,0.4608177172061329
33.51848781296634,0.6966770413767851,0.5463286713286714,0.4608177172061329
33.52677831205438,0.6966770413767851,0.5463286713286714,0.4608177172061329
33.53506881114243,0.6966770413767851,0.5463286713286714,0.4608177172061329
33.54335931023048,0.6967228121567192,0.5465034965034965,0.4608177172061329
33.55164980931852,0.6967228121567192,0.5465034965034965,0.4608177172061329
33.55994030840657,0.6968143537165873,0.5466783216783216,0.4608177172061329
33.56823080749461,0.6969516660563896,0.5468531468531469,0.4608177172061329
33.576521306582656,0.6970432076162578,0.547027972027972,0.4608177172061329
33.584811805670704,0.6970889783961919,0.5472027972027972,0.4608177172061329
33.593102304758744,0.6970889783961919,0.5472027972027972,0.4608177172061329
33.60139280384679,0.697134749176126,0.5473776223776223,0.4608177172061329
33.60968330293483,0.6975924569754669,0.5475524475524476,0.4608177172061329
33.61797380202288,0.6975924569754669,0.5475524475524476,0.4608177172061329
33.62626430111093,0.6978670816550714,0.5477272727272727,0.4608177172061329
33.63455480019897,0.6978670816550714,0.5477272727272727,0.4608177172061329
33.64284529928702,0.6982790186744782,0.5479020979020979,0.4608177172061329
33.651135798375066,0.6982790186744782,0.5479020979020979,0.4608177172061329
33.659426297463106,0.6983705602343464,0.5480769230769231,0.4608177172061329
33.667716796551154,0.6984163310142805,0.5482517482517483,0.4608177172061329
33.676007295639195,0.6984163310142805,0.5482517482517483,0.4608177172061329
33.68429779472724,0.6984163310142805,0.5482517482517483,0.4616695059625213
33.69258829381529,0.6984621017942145,0.5484265734265734,0.4616695059625213
33.70087879290333,0.6984621017942145,0.5484265734265734,0.4616695059625213
33.70916929199138,0.6985994141340168,0.5486013986013986,0.4616695059625213
33.71745979107942,0.6985994141340168,0.5486013986013986,0.4616695059625213
33.72575029016747,0.6986451849139509,0.5487762237762238,0.4616695059625213
33.734040789255516,0.6986451849139509,0.5487762237762238,0.4616695059625213
33.74233128834356,0.6986451849139509,0.5487762237762238,0.4616695059625213
33.750621787431605,0.6986451849139509,0.5487762237762238,0.4616695059625213
33.758912286519646,0.6988740388136214,0.548951048951049,0.4616695059625213
33.767202785607694,0.6989655803734895,0.5491258741258741,0.4616695059625213
33.77549328469574,0.6990571219333578,0.5493006993006992,0.4616695059625213
33.78378378378378,0.6990571219333578,0.5493006993006992,0.4616695059625213
33.79207428287183,0.6993775173928963,0.5494755244755245,0.4616695059625213
33.80036478195987,0.6993775173928963,0.5494755244755245,0.4616695059625213
33.80865528104792,0.6993775173928963,0.5494755244755245,0.4616695059625213
33.81694578013597,0.6995148297326986,0.5496503496503496,0.4616695059625213
33.82523627922401,0.6995148297326986,0.5496503496503496,0.4616695059625213
33.833526778312056,0.6995148297326986,0.5496503496503496,0.4616695059625213
33.8418172774001,0.6995606005126327,0.5498251748251748,0.4616695059625213
33.850107776488144,0.6995606005126327,0.5498251748251748,0.46252129471890974
33.85839827557619,0.699697912852435,0.55,0.46252129471890974
33.86668877466423,0.699697912852435,0.55,0.46252129471890974
33.87497927375228,0.6998809959721713,0.5501748251748252,0.46252129471890974
33.88326977284032,0.6998809959721713,0.5501748251748252,0.46252129471890974
33.89156027192837,0.6998809959721713,0.5501748251748252,0.46252129471890974
33.89985077101642,0.6999267667521054,0.5503496503496503,0.46252129471890974
33.90814127010446,0.7000183083119736,0.5505244755244755,0.46252129471890974
33.916431769192506,0.7000183083119736,0.5505244755244755,0.46252129471890974
33.92472226828055,0.7000183083119736,0.5505244755244755,0.46337308347529815
33.933012767368595,0.700155620651776,0.5506993006993007,0.46337308347529815
33.94130326645664,0.7002471622116441,0.5508741258741259,0.46337308347529815
33.949593765544684,0.7005217868912487,0.551048951048951,0.46337308347529815
33.95788426463273,0.7005675576711827,0.5512237762237763,0.46337308347529815
33.96617476372077,0.7005675576711827,0.5512237762237763,0.46337308347529815
33.97446526280882,0.7008421823507872,0.5513986013986014,0.46337308347529815
33.98275576189687,0.7009337239106554,0.5515734265734266,0.46337308347529815
33.99104626098491,0.7010252654705236,0.5517482517482517,0.46337308347529815
33.99933676007296,0.7012998901501282,0.551923076923077,0.46337308347529815
34.007627259161005,0.7012998901501282,0.551923076923077,0.46337308347529815
34.015917758249046,0.7012998901501282,0.551923076923077,0.46337308347529815
34.024208257337094,0.7012998901501282,0.551923076923077,0.46337308347529815
34.032498756425134,0.7012998901501282,0.551923076923077,0.46337308347529815
34.04078925551318,0.7013456609300622,0.5520979020979021,0.46337308347529815
34.04907975460123,0.7015287440497986,0.5522727272727272,0.46422487223168657
34.05737025368927,0.7015745148297327,0.5524475524475524,0.46422487223168657
34.06566075277732,0.7016660563896009,0.5526223776223776,0.46422487223168657
34.07395125186536,0.701757597949469,0.5527972027972028,0.46422487223168657
34.08224175095341,0.7018491395093372,0.5529720279720279,0.46422487223168657
34.090532250041456,0.7018949102892713,0.5531468531468532,0.46422487223168657
34.098822749129496,0.7028560966678872,0.5533216783216783,0.46507666098807493
34.107113248217544,0.7030391797876235,0.5534965034965035,0.46507666098807493
34.115403747305585,0.7032680336872941,0.5536713286713286,0.46507666098807493
34.12369424639363,0.7032680336872941,0.5536713286713286,0.46507666098807493
34.13198474548168,0.7034511168070304,0.5538461538461539,0.46592844974446335
34.14027524456972,0.7036341999267668,0.554020979020979,0.46592844974446335
34.14856574365777,0.7036341999267668,0.554020979020979,0.46592844974446335
34.15685624274581,0.7036799707067009,0.5541958041958042,0.46592844974446335
34.16514674183386,0.7037257414866349,0.5543706293706294,0.46592844974446335
34.173437240921906,0.7040003661662395,0.5545454545454546,0.46592844974446335
34.18172774000995,0.7040919077261076,0.5547202797202797,0.46678023850085176
34.190018239097995,0.704274990845844,0.5548951048951049,0.46678023850085176
34.198308738186036,0.704274990845844,0.5548951048951049,0.46678023850085176
34.206599237274084,0.704274990845844,0.5548951048951049,0.46678023850085176
34.21488973636213,0.7043665324057122,0.5550699300699301,0.4676320272572402
34.22318023545017,0.7043665324057122,0.5550699300699301,0.4676320272572402
34.23147073453822,0.704778469425119,0.5552447552447553,0.4676320272572402
34.23976123362626,0.7048700109849871,0.5554195804195804,0.4676320272572402
34.24805173271431,0.7053277187843281,0.5555944055944056,0.4676320272572402
34.25634223180236,0.7053734895642622,0.5557692307692308,0.4684838160136286
34.2646327308904,0.7053734895642622,0.5557692307692308,0.4684838160136286
34.272923229978446,0.7054192603441962,0.5559440559440559,0.4684838160136286
34.28121372906649,0.7055565726839985,0.5561188811188811,0.4684838160136286
34.289504228154534,0.7056023434639326,0.5562937062937063,0.4684838160136286
34.29779472724258,0.7057854265836689,0.5564685314685315,0.4684838160136286
34.30608522633062,0.7057854265836689,0.5564685314685315,0.4684838160136286
34.31437572541867,0.7058311973636031,0.5566433566433566,0.4684838160136286
34.32266622450671,0.7061515928231417,0.5568181818181818,0.4684838160136286
34.33095672359476,0.706334675942878,0.556993006993007,0.4684838160136286
34.33924722268281,0.706334675942878,0.556993006993007,0.4684838160136286
34.34753772177085,0.7064262175027463,0.5571678321678322,0.4684838160136286
34.355828220858896,0.7064262175027463,0.5571678321678322,0.4684838160136286
34.364118719946944,0.7067008421823507,0.5573426573426573,0.4684838160136286
34.372409219034985,0.7067008421823507,0.5573426573426573,0.4684838160136286
34.38069971812303,0.7067008421823507,0.5573426573426573,0.4684838160136286
34.388990217211074,0.706792383742219,0.5575174825174826,0.4684838160136286
34.39728071629912,0.7069754668619553,0.5576923076923077,0.4684838160136286
34.40557121538717,0.7071127792017576,0.5578671328671329,0.4684838160136286
34.41386171447521,0.7071585499816917,0.558041958041958,0.4684838160136286
34.42215221356326,0.7072500915415598,0.5582167832167833,0.4684838160136286
34.4304427126513,0.707295862321494,0.5583916083916084,0.4684838160136286
34.43873321173935,0.7073874038813621,0.5585664335664335,0.4684838160136286
34.447023710827395,0.7074331746612962,0.5587412587412588,0.4684838160136286
34.455314209915436,0.7074789454412304,0.5589160839160839,0.4684838160136286
34.463604709003484,0.7074789454412304,0.5589160839160839,0.4684838160136286
34.471895208091524,0.7074789454412304,0.5589160839160839,0.4684838160136286
34.48018570717957,0.7075247162211644,0.5590909090909091,0.4684838160136286
34.48847620626762,0.7076620285609667,0.5592657342657342,0.4684838160136286
34.49676670535566,0.7076620285609667,0.5592657342657342,0.4684838160136286
34.50505720444371,0.7076620285609667,0.5592657342657342,0.4684838160136286
34.51334770353175,0.7078908824606371,0.5594405594405595,0.4684838160136286
34.5216382026198,0.7078908824606371,0.5594405594405595,0.4684838160136286
34.529928701707846,0.7081197363603076,0.5596153846153846,0.4684838160136286
34.538219200795886,0.7081197363603076,0.5596153846153846,0.4684838160136286
34.546509699883934,0.7081197363603076,0.5596153846153846,0.4684838160136286
34.554800198971975,0.7082112779201758,0.5597902097902098,0.4684838160136286
34.56309069806002,0.7084401318198462,0.5599650349650349,0.4684838160136286
34.57138119714807,0.7084401318198462,0.5599650349650349,0.4684838160136286
34.57967169623611,0.7084859025997803,0.5601398601398602,0.4684838160136286
34.58796219532416,0.7084859025997803,0.5601398601398602,0.4684838160136286
34.5962526944122,0.7084859025997803,0.5601398601398602,0.4684838160136286
34.60454319350025,0.7084859025997803,0.5601398601398602,0.469335604770017
34.612833692588296,0.7086689857195166,0.5603146853146853,0.469335604770017
34.62112419167634,0.7086689857195166,0.5603146853146853,0.469335604770017
34.629414690764385,0.7089436103991212,0.5604895104895105,0.469335604770017
34.637705189852426,0.7089893811790553,0.5606643356643357,0.469335604770017
34.645995688940474,0.7090809227389234,0.5608391608391609,0.469335604770017
34.65428618802852,0.7092182350787257,0.561013986013986,0.47018739352640543
34.66257668711656,0.7092182350787257,0.561013986013986,0.47018739352640543
34.67086718620461,0.7092182350787257,0.561013986013986,0.47018739352640543
34.67915768529265,0.7092182350787257,0.561013986013986,0.47018739352640543
34.6874481843807,0.7094470889783961,0.5611888111888111,0.47018739352640543
34.69573868346875,0.7095844013181984,0.5613636363636364,0.47018739352640543
34.70402918255679,0.7097674844379348,0.5615384615384615,0.47018739352640543
34.712319681644836,0.7099047967777371,0.5617132867132867,0.47018739352640543
34.72061018073288,0.7100421091175394,0.5618881118881119,0.47018739352640543
34.728900679820924,0.7100421091175394,0.5618881118881119,0.47018739352640543
34.73719117890897,0.7100878798974735,0.5620629370629371,0.47018739352640543
34.74548167799701,0.7101794214573416,0.5622377622377622,0.47018739352640543
34.75377217708506,0.7101794214573416,0.5622377622377622,0.47018739352640543
34.76206267617311,0.7101794214573416,0.5622377622377622,0.47018739352640543
34.77035317526115,0.7101794214573416,0.5622377622377622,0.47018739352640543
34.7786436743492,0.7105913584767485,0.5624125874125874,0.47018739352640543
34.78693417343724,0.7107744415964848,0.5625874125874126,0.47103918228279384
34.795224672525286,0.710911753936287,0.5627622377622378,0.47103918228279384
34.803515171613334,0.711872940314903,0.5629370629370629,0.47103918228279384
34.811805670701375,0.711872940314903,0.5629370629370629,0.47103918228279384
34.82009616978942,0.711872940314903,0.5629370629370629,0.47103918228279384
34.828386668877464,0.7119187110948371,0.5631118881118881,0.47103918228279384
34.83667716796551,0.7119187110948371,0.5631118881118881,0.47103918228279384
34.84496766705356,0.7121017942145734,0.5632867132867133,0.47103918228279384
34.8532581661416,0.7121017942145734,0.5632867132867133,0.47103918228279384
34.86154866522965,0.7121933357744415,0.5634615384615385,0.47103918228279384
34.86983916431769,0.7123306481142438,0.5636363636363636,0.47103918228279384
34.87812966340574,0.7123306481142438,0.5636363636363636,0.47189097103918226
34.886420162493785,0.7125595020139143,0.5638111888111889,0.47189097103918226
34.894710661581826,0.7126052727938484,0.563986013986014,0.47189097103918226
34.903001160669874,0.7126052727938484,0.563986013986014,0.47189097103918226
34.911291659757914,0.7126052727938484,0.563986013986014,0.47189097103918226
34.91958215884596,0.7130629805931893,0.5641608391608391,0.4727427597955707
34.92787265793401,0.7131087513731234,0.5643356643356643,0.4727427597955707
34.93616315702205,0.7131545221530575,0.5645104895104895,0.4727427597955707
34.9444536561101,0.7132002929329916,0.5646853146853147,0.4727427597955707
34.95274415519814,0.7132002929329916,0.5646853146853147,0.4727427597955707
34.96103465428619,0.7132918344928597,0.5648601398601398,0.4727427597955707
34.969325153374236,0.7133376052727939,0.5650349650349651,0.4735945485519591
34.977615652462276,0.713429146832662,0.5652097902097902,0.4735945485519591
34.985906151550324,0.7135206883925302,0.5653846153846154,0.4735945485519591
34.994196650638365,0.7137495422922007,0.5655594405594405,0.4735945485519591
35.00248714972641,0.7137953130721347,0.5657342657342658,0.4735945485519591
35.01077764881446,0.7137953130721347,0.5657342657342658,0.4735945485519591
35.0190681479025,0.7141614793116074,0.5659090909090909,0.4735945485519591
35.02735864699055,0.7142072500915415,0.5660839160839161,0.4735945485519591
35.0356491460786,0.7145276455510802,0.5662587412587412,0.4735945485519591
35.04393964516664,0.7145276455510802,0.5662587412587412,0.4735945485519591
35.052230144254686,0.7145276455510802,0.5662587412587412,0.4735945485519591
35.06052064334273,0.7148480410106188,0.5664335664335665,0.4735945485519591
35.068811142430775,0.7148938117905529,0.5666083916083916,0.4735945485519591
35.07710164151882,0.7149853533504211,0.5667832167832167,0.4744463373083475
35.085392140606864,0.7149853533504211,0.5667832167832167,0.4744463373083475
35.09368263969491,0.7150768949102893,0.566958041958042,0.4744463373083475
35.10197313878295,0.7151226656902233,0.5671328671328671,0.4744463373083475
35.110263637871,0.7152142072500915,0.5673076923076923,0.4744463373083475
35.11855413695905,0.7153972903698279,0.5674825174825174,0.4744463373083475
35.12684463604709,0.7158092273892347,0.5676573426573427,0.4744463373083475
35.13513513513514,0.7158092273892347,0.5676573426573427,0.4744463373083475
35.14342563422318,0.7159007689491029,0.5678321678321678,0.4744463373083475
35.151716133311226,0.7160838520688393,0.568006993006993,0.4744463373083475
35.16000663239927,0.7160838520688393,0.568006993006993,0.4752981260647359
35.168297131487314,0.7160838520688393,0.568006993006993,0.4752981260647359
35.17658763057536,0.7161753936287074,0.5681818181818182,0.4752981260647359
35.1848781296634,0.7164042475283778,0.5683566433566434,0.47614991482112434
35.19316862875145,0.7165873306481142,0.5685314685314685,0.47614991482112434
35.2014591278395,0.7165873306481142,0.5685314685314685,0.47614991482112434
35.20974962692754,0.7167246429879165,0.5687062937062937,0.47614991482112434
35.21804012601559,0.7169534968875869,0.5688811188811189,0.47614991482112434
35.22633062510363,0.7169992676675211,0.5690559440559441,0.47614991482112434
35.234621124191676,0.7170450384474552,0.5692307692307692,0.47614991482112434
35.242911623279724,0.7171365800073233,0.5694055944055944,0.47614991482112434
35.251202122367765,0.7171823507872574,0.5695804195804196,0.47614991482112434
35.25949262145581,0.7172281215671915,0.5697552447552447,0.47614991482112434
35.267783120543854,0.7172281215671915,0.5697552447552447,0.47614991482112434
35.2760736196319,0.7172281215671915,0.5697552447552447,0.47614991482112434
35.28436411871995,0.7172281215671915,0.5697552447552447,0.47614991482112434
35.29265461780799,0.7174112046869279,0.5699300699300699,0.47614991482112434
35.30094511689604,0.717502746246796,0.5701048951048951,0.47614991482112434
35.30923561598408,0.717502746246796,0.5701048951048951,0.47614991482112434
35.31752611507213,0.717502746246796,0.5701048951048951,0.47614991482112434
35.325816614160175,0.7175942878066642,0.5702797202797203,0.47614991482112434
35.334107113248216,0.7175942878066642,0.5702797202797203,0.47614991482112434
35.34239761233626,0.7175942878066642,0.5702797202797203,0.47614991482112434
35.350688111424304,0.7178231417063347,0.5704545454545454,0.47614991482112434
35.35897861051235,0.7179146832662029,0.5706293706293706,0.47614991482112434
35.3672691096004,0.718006224826071,0.5708041958041958,0.47614991482112434
35.37555960868844,0.7182808495056756,0.570979020979021,0.47614991482112434
35.38385010777649,0.7183723910655437,0.5711538461538461,0.47614991482112434
35.39214060686454,0.7183723910655437,0.5711538461538461,0.47614991482112434
35.40043110595258,0.7184181618454778,0.5713286713286714,0.47614991482112434
35.408721605040625,0.7184181618454778,0.5713286713286714,0.47614991482112434
35.417012104128666,0.7184181618454778,0.5713286713286714,0.47614991482112434
35.425302603216714,0.7184181618454778,0.5713286713286714,0.47614991482112434
35.43359310230476,0.7184181618454778,0.5713286713286714,0.47614991482112434
35.4418836013928,0.718509703405346,0.5715034965034965,0.47614991482112434
35.45017410048085,0.7185554741852801,0.5716783216783217,0.47614991482112434
35.45846459956889,0.7186012449652142,0.5718531468531468,0.47614991482112434
35.46675509865694,0.7186927865250824,0.5720279720279721,0.47614991482112434
35.47504559774499,0.7186927865250824,0.5720279720279721,0.47614991482112434
35.48333609683303,0.7188758696448188,0.5722027972027972,0.47614991482112434
35.491626595921076,0.7189216404247528,0.5723776223776224,0.47700170357751276
35.49991709500912,0.7189674112046869,0.5725524475524476,0.47700170357751276
35.508207594097165,0.7189674112046869,0.5725524475524476,0.47700170357751276
35.51649809318521,0.7191047235444892,0.5727272727272728,0.47700170357751276
35.524788592273254,0.7191047235444892,0.5727272727272728,0.47700170357751276
35.5330790913613,0.7193793482240938,0.5729020979020979,0.47700170357751276
35.54136959044934,0.7194251190040278,0.573076923076923,0.4778534923339012
35.54966008953739,0.7194708897839619,0.5732517482517483,0.4778534923339012
35.55795058862544,0.7196997436836323,0.5734265734265734,0.4778534923339012
35.56624108771348,0.7197455144635665,0.5736013986013986,0.4778534923339012
35.57453158680153,0.7202032222629073,0.5737762237762237,0.4778534923339012
35.58282208588957,0.7202032222629073,0.5737762237762237,0.4778534923339012
35.591112584977616,0.7202032222629073,0.5737762237762237,0.4778534923339012
35.59940308406566,0.7202032222629073,0.5737762237762237,0.4787052810902896
35.607693583153704,0.7202489930428414,0.573951048951049,0.4787052810902896
35.61598408224175,0.7207067008421824,0.5741258741258741,0.4787052810902896
35.62427458132979,0.7207067008421824,0.5741258741258741,0.4787052810902896
35.63256508041784,0.7208897839619187,0.5743006993006993,0.4787052810902896
35.64085557950589,0.7209813255217868,0.5744755244755245,0.4787052810902896
35.64914607859393,0.7209813255217868,0.5744755244755245,0.4787052810902896
35.65743657768198,0.7209813255217868,0.5744755244755245,0.4787052810902896
35.66572707677002,0.7212101794214574,0.5746503496503497,0.4787052810902896
35.674017575858066,0.7212559502013914,0.5748251748251748,0.4787052810902896
35.682308074946114,0.7212559502013914,0.5748251748251748,0.4787052810902896
35.690598574034155,0.7213017209813255,0.575,0.4787052810902896
35.6988890731222,0.7213474917612596,0.5751748251748252,0.4787052810902896
35.707179572210244,0.7214848041010619,0.5753496503496504,0.4787052810902896
35.71547007129829,0.7216221164408642,0.5755244755244755,0.4787052810902896
35.72376057038634,0.7216678872207982,0.5756993006993008,0.479557069846678
35.73205106947438,0.7216678872207982,0.5756993006993008,0.479557069846678
35.74034156856243,0.7218509703405346,0.5758741258741259,0.479557069846678
35.748632067650476,0.7224002196997437,0.576048951048951,0.479557069846678
35.75692256673852,0.7224459904796777,0.5762237762237762,0.479557069846678
35.765213065826565,0.7224459904796777,0.5762237762237762,0.479557069846678
35.773503564914606,0.7224459904796777,0.5762237762237762,0.479557069846678
35.78179406400265,0.7224459904796777,0.5762237762237762,0.479557069846678
35.7900845630907,0.7229952398388868,0.5763986013986014,0.479557069846678
35.79837506217874,0.7229952398388868,0.5763986013986014,0.479557069846678
35.80666556126679,0.7231783229586232,0.5765734265734266,0.479557069846678
35.81495606035483,0.7231783229586232,0.5765734265734266,0.479557069846678
35.82324655944288,0.7231783229586232,0.5765734265734266,0.479557069846678
35.83153705853093,0.7233156352984255,0.5767482517482517,0.479557069846678
35.83982755761897,0.7235444891980959,0.5769230769230769,0.479557069846678
35.848118056707015,0.7235444891980959,0.5769230769230769,0.479557069846678
35.856408555795056,0.7238191138777005,0.5770979020979021,0.479557069846678
35.864699054883104,0.7238191138777005,0.5770979020979021,0.479557069846678
35.87298955397115,0.7238191138777005,0.5770979020979021,0.479557069846678
35.88128005305919,0.7239106554375686,0.5772727272727273,0.479557069846678
35.88957055214724,0.7240021969974368,0.5774475524475524,0.479557069846678
35.89786105123528,0.7240479677773709,0.5776223776223777,0.479557069846678
35.90615155032333,0.724093738557305,0.5777972027972028,0.479557069846678
35.91444204941138,0.7241852801171732,0.577972027972028,0.479557069846678
35.92273254849942,0.7242310508971073,0.5781468531468531,0.479557069846678
35.931023047587466,0.7242768216770413,0.5783216783216784,0.479557069846678
35.93931354667551,0.7242768216770413,0.5783216783216784,0.479557069846678
35.947604045763555,0.7243683632369096,0.5784965034965035,0.479557069846678
35.9558945448516,0.7247345294763823,0.5786713286713286,0.4804088586030664
35.96418504393964,0.7247345294763823,0.5786713286713286,0.4804088586030664
35.97247554302769,0.7248260710362504,0.5788461538461539,0.4804088586030664
35.98076604211573,0.7248718418161846,0.579020979020979,0.4804088586030664
35.98905654120378,0.7249176125961186,0.5791958041958042,0.4804088586030664
35.99734704029183,0.7250091541559868,0.5793706293706293,0.48126064735945484
36.00563753937987,0.7252837788355914,0.5795454545454546,0.48211243611584326
36.01392803846792,0.7253295496155254,0.5797202797202797,0.48211243611584326
36.02221853755596,0.7253295496155254,0.5797202797202797,0.48211243611584326
36.030509036644006,0.7253753203954595,0.5798951048951049,0.48211243611584326
36.03879953573205,0.7253753203954595,0.5798951048951049,0.48211243611584326
36.047090034820094,0.7254210911753937,0.58006993006993,0.48211243611584326
36.05538053390814,0.7254210911753937,0.58006993006993,0.48211243611584326
36.06367103299618,0.72560417429513,0.5802447552447553,0.48211243611584326
36.07196153208423,0.7259245697546686,0.5804195804195804,0.48211243611584326
36.08025203117228,0.7261076528744049,0.5805944055944056,0.48211243611584326
36.08854253026032,0.7261076528744049,0.5805944055944056,0.48211243611584326
36.09683302934837,0.7262449652142072,0.5807692307692308,0.4829642248722317
36.105123528436415,0.7262449652142072,0.5807692307692308,0.4829642248722317
36.113414027524456,0.7263822775540095,0.580944055944056,0.4829642248722317
36.121704526612504,0.72661113145368,0.5811188811188811,0.4838160136286201
36.129995025700545,0.7267942145734163,0.5812937062937062,0.4846678023850085
36.13828552478859,0.7269315269132186,0.5814685314685315,0.4846678023850085
36.14657602387664,0.7269772976931527,0.5816433566433566,0.4846678023850085
36.15486652296468,0.7270230684730867,0.5818181818181818,0.4846678023850085
36.16315702205273,0.7270230684730867,0.5818181818181818,0.4846678023850085
36.17144752114077,0.7270688392530209,0.581993006993007,0.4846678023850085
36.17973802022882,0.7270688392530209,0.581993006993007,0.4846678023850085
36.188028519316866,0.7272519223727573,0.5821678321678322,0.4846678023850085
36.19631901840491,0.7272976931526913,0.5823426573426573,0.4846678023850085
36.204609517492955,0.7274350054924936,0.5825174825174825,0.4846678023850085
36.212900016580996,0.72761808861223,0.5826923076923077,0.4846678023850085
36.22119051566904,0.72761808861223,0.5826923076923077,0.4855195911413969
36.22948101475709,0.7278011717319663,0.5828671328671329,0.4855195911413969
36.23777151384513,0.7278011717319663,0.5828671328671329,0.48637137989778534
36.24606201293318,0.7281215671915049,0.583041958041958,0.48637137989778534
36.25435251202122,0.7282588795313072,0.5832167832167832,0.48637137989778534
36.26264301110927,0.7282588795313072,0.5832167832167832,0.48637137989778534
36.27093351019732,0.7282588795313072,0.5832167832167832,0.48637137989778534
36.27922400928536,0.7283961918711095,0.5833916083916084,0.48637137989778534
36.287514508373405,0.7283961918711095,0.5833916083916084,0.48637137989778534
36.295805007461446,0.7287165873306481,0.5835664335664336,0.48637137989778534
36.304095506549494,0.7288538996704503,0.5837412587412587,0.48637137989778534
36.31238600563754,0.7288538996704503,0.5837412587412587,0.48637137989778534
36.32067650472558,0.7289454412303186,0.583916083916084,0.48637137989778534
36.32896700381363,0.7289454412303186,0.583916083916084,0.48637137989778534
36.33725750290167,0.7289454412303186,0.583916083916084,0.48637137989778534
36.34554800198972,0.7289912120102526,0.5840909090909091,0.48637137989778534
36.35383850107777,0.7291285243500549,0.5842657342657342,0.48637137989778534
36.36212900016581,0.729174295129989,0.5844405594405594,0.48637137989778534
36.370419499253856,0.729220065909923,0.5846153846153846,0.48637137989778534
36.3787099983419,0.729220065909923,0.5846153846153846,0.48637137989778534
36.387000497429945,0.7293116074697913,0.5847902097902098,0.48637137989778534
36.39529099651799,0.7293116074697913,0.5847902097902098,0.48637137989778534
36.40358149560603,0.7293116074697913,0.5847902097902098,0.48637137989778534
36.41187199469408,0.7293116074697913,0.5847902097902098,0.48637137989778534
36.42016249378212,0.7293116074697913,0.5847902097902098,0.48637137989778534
36.42845299287017,0.7293116074697913,0.5847902097902098,0.48637137989778534
36.43674349195822,0.7293116074697913,0.5847902097902098,0.48637137989778534
36.44503399104626,0.7293116074697913,0.5847902097902098,0.48637137989778534
36.45332449013431,0.7294031490296594,0.5849650349650349,0.48637137989778534
36.461614989222355,0.7294946905895277,0.5851398601398602,0.48637137989778534
36.469905488310395,0.7294946905895277,0.5851398601398602,0.48637137989778534
36.47819598739844,0.7294946905895277,0.5851398601398602,0.48637137989778534
36.486486486486484,0.7295862321493958,0.5853146853146853,0.48637137989778534
36.49477698557453,0.730181252288539,0.5854895104895105,0.48722316865417375
36.50306748466258,0.730181252288539,0.5854895104895105,0.48722316865417375
36.51135798375062,0.730181252288539,0.5854895104895105,0.48807495741056217
36.51964848283867,0.730181252288539,0.5854895104895105,0.48807495741056217
36.52793898192671,0.730181252288539,0.5854895104895105,0.48807495741056217
36.53622948101476,0.7302270230684731,0.5856643356643356,0.48807495741056217
36.544519980102805,0.7303185646283412,0.5858391608391609,0.48807495741056217
36.552810479190846,0.7306847308678139,0.586013986013986,0.48807495741056217
36.561100978278894,0.7308220432076162,0.5861888111888112,0.48807495741056217
36.569391477366935,0.7311424386671549,0.5863636363636363,0.48807495741056217
36.57768197645498,0.731233980227023,0.5865384615384616,0.48807495741056217
36.58597247554303,0.7316001464664957,0.5867132867132867,0.48807495741056217
36.59426297463107,0.7317832295862321,0.5868881118881119,0.48807495741056217
36.60255347371912,0.7317832295862321,0.5868881118881119,0.48807495741056217
36.61084397280716,0.7317832295862321,0.5868881118881119,0.48807495741056217
36.61913447189521,0.7317832295862321,0.5868881118881119,0.48807495741056217
36.627424970983256,0.7319663127059685,0.5870629370629371,0.48807495741056217
36.6357154700713,0.7320120834859026,0.5872377622377623,0.48807495741056217
36.644005969159345,0.7321036250457708,0.5874125874125874,0.48807495741056217
36.652296468247386,0.7321036250457708,0.5874125874125874,0.48807495741056217
36.66058696733543,0.7323782497253754,0.5875874125874125,0.48807495741056217
36.66887746642348,0.7323782497253754,0.5875874125874125,0.48807495741056217
36.67716796551152,0.7323782497253754,0.5875874125874125,0.4889267461669506
36.68545846459957,0.7323782497253754,0.5875874125874125,0.4889267461669506
36.69374896368761,0.7324240205053094,0.5877622377622378,0.4889267461669506
36.70203946277566,0.7325613328451117,0.5879370629370629,0.4889267461669506
36.71032996186371,0.7325613328451117,0.5879370629370629,0.4889267461669506
36.71862046095175,0.7325613328451117,0.5879370629370629,0.4889267461669506
36.726910960039795,0.7329732698645185,0.5881118881118881,0.4889267461669506
36.735201459127836,0.7330648114243866,0.5882867132867133,0.4889267461669506
36.743491958215884,0.7331563529842549,0.5884615384615385,0.4889267461669506
36.75178245730393,0.7331563529842549,0.5884615384615385,0.4889267461669506
36.76007295639197,0.7333852068839253,0.5886363636363636,0.4889267461669506
36.76836345548002,0.7334767484437935,0.5888111888111888,0.489778534923339
36.77665395456806,0.7335682900036616,0.588986013986014,0.489778534923339
36.78494445365611,0.7336598315635299,0.5891608391608392,0.489778534923339
36.79323495274416,0.7336598315635299,0.5891608391608392,0.489778534923339
36.8015254518322,0.7336598315635299,0.5891608391608392,0.489778534923339
36.809815950920246,0.7338886854632003,0.5893356643356643,0.489778534923339
36.818106450008294,0.7338886854632003,0.5893356643356643,0.489778534923339
36.826396949096335,0.7338886854632003,0.5893356643356643,0.489778534923339
36.83468744818438,0.7338886854632003,0.5893356643356643,0.489778534923339
36.84297794727242,0.7340717685829367,0.5895104895104896,0.4906303236797274
36.85126844636047,0.7341633101428048,0.5896853146853147,0.4906303236797274
36.85955894544852,0.7341633101428048,0.5896853146853147,0.4906303236797274
36.86784944453656,0.7341633101428048,0.5896853146853147,0.4906303236797274
36.87613994362461,0.7341633101428048,0.5896853146853147,0.4906303236797274
36.88443044271265,0.7343006224826071,0.5898601398601399,0.4906303236797274
36.8927209418007,0.7343006224826071,0.5898601398601399,0.4906303236797274
36.901011440888745,0.7343006224826071,0.5898601398601399,0.4906303236797274
36.909301939976785,0.7344379348224094,0.590034965034965,0.4906303236797274
36.91759243906483,0.7344379348224094,0.590034965034965,0.4906303236797274
36.925882938152874,0.7344837056023434,0.5902097902097903,0.4906303236797274
36.93417343724092,0.7344837056023434,0.5902097902097903,0.4906303236797274
36.94246393632897,0.7345752471622117,0.5903846153846154,0.4906303236797274
36.95075443541701,0.734758330281948,0.5905594405594405,0.4906303236797274
36.95904493450506,0.7352160380812889,0.5907342657342657,0.4906303236797274
36.9673354335931,0.7353533504210912,0.5909090909090909,0.4906303236797274
36.97562593268115,0.7353991212010252,0.5910839160839161,0.4906303236797274
36.983916431769195,0.7353991212010252,0.5910839160839161,0.4906303236797274
36.992206930857236,0.7354448919809593,0.5912587412587412,0.4906303236797274
37.000497429945284,0.7354906627608935,0.5914335664335665,0.4906303236797274
37.008787929033325,0.7356279751006957,0.5916083916083916,0.4906303236797274
37.01707842812137,0.7356279751006957,0.5916083916083916,0.4906303236797274
37.02536892720942,0.7356279751006957,0.5916083916083916,0.4906303236797274
37.03365942629746,0.7359025997803003,0.5917832167832168,0.4906303236797274
37.04194992538551,0.7359025997803003,0.5917832167832168,0.4906303236797274
37.05024042447355,0.7359941413401684,0.5919580419580419,0.4906303236797274
37.0585309235616,0.7359941413401684,0.5919580419580419,0.4906303236797274
37.066821422649646,0.7359941413401684,0.5919580419580419,0.4906303236797274
37.07511192173769,0.7359941413401684,0.5919580419580419,0.4906303236797274
37.083402420825735,0.7360399121201026,0.5921328671328672,0.4906303236797274
37.091692919913775,0.7360399121201026,0.5921328671328672,0.4906303236797274
37.09998341900182,0.7361314536799707,0.5923076923076923,0.4906303236797274
37.10827391808987,0.7361772244599047,0.5924825174825175,0.4906303236797274
37.11656441717791,0.7361772244599047,0.5924825174825175,0.4906303236797274
37.12485491626596,0.7361772244599047,0.5924825174825175,0.4906303236797274
37.133145415354,0.7362229952398389,0.5926573426573427,0.4906303236797274
37.14143591444205,0.736268766019773,0.5928321678321679,0.4906303236797274
37.1497264135301,0.736314536799707,0.593006993006993,0.4906303236797274
37.15801691261814,0.736314536799707,0.593006993006993,0.4906303236797274
37.166307411706185,0.7364976199194434,0.5931818181818181,0.49148211243611584
37.17459791079423,0.7364976199194434,0.5931818181818181,0.49148211243611584
37.182888409882274,0.7366807030391798,0.5933566433566434,0.49148211243611584
37.19117890897032,0.7367264738191138,0.5935314685314685,0.49148211243611584
37.19946940805836,0.7369553277187844,0.5937062937062937,0.49148211243611584
37.20775990714641,0.7373672647381911,0.5938811188811188,0.49148211243611584
37.21605040623446,0.7374588062980593,0.5940559440559441,0.49148211243611584
37.2243409053225,0.7375503478579275,0.5942307692307692,0.49148211243611584
37.23263140441055,0.7377334309776639,0.5944055944055944,0.49148211243611584
37.24092190349859,0.7379165140974002,0.5945804195804196,0.49148211243611584
37.249212402586636,0.7379165140974002,0.5945804195804196,0.49148211243611584
37.257502901674684,0.7379622848773343,0.5947552447552448,0.49148211243611584
37.265793400762725,0.7380080556572683,0.5949300699300699,0.49148211243611584
37.27408389985077,0.7380080556572683,0.5949300699300699,0.49148211243611584
37.28237439893881,0.7380080556572683,0.5949300699300699,0.49233390119250425
37.29066489802686,0.7380538264372025,0.5951048951048951,0.49233390119250425
37.29895539711491,0.7381911387770047,0.5952797202797203,0.49233390119250425
37.30724589620295,0.7381911387770047,0.5952797202797203,0.49233390119250425
37.315536395291,0.7382369095569389,0.5954545454545455,0.49233390119250425
37.32382689437904,0.7382369095569389,0.5954545454545455,0.49233390119250425
37.33211739346709,0.738328451116807,0.5956293706293706,0.49233390119250425
37.340407892555135,0.7383742218967411,0.5958041958041959,0.49233390119250425
37.348698391643175,0.7384199926766752,0.595979020979021,0.49233390119250425
37.35698889073122,0.7384199926766752,0.595979020979021,0.49233390119250425
37.365279389819264,0.7385573050164774,0.5961538461538461,0.49233390119250425
37.37356988890731,0.7385573050164774,0.5961538461538461,0.49233390119250425
37.38186038799536,0.7386946173562797,0.5963286713286713,0.49233390119250425
37.3901508870834,0.7386946173562797,0.5963286713286713,0.49233390119250425
37.39844138617145,0.7386946173562797,0.5963286713286713,0.49233390119250425
37.40673188525949,0.7388777004760161,0.5965034965034965,0.49233390119250425
37.41502238434754,0.7389234712559501,0.5966783216783217,0.49233390119250425
37.423312883435585,0.7389234712559501,0.5966783216783217,0.49233390119250425
37.431603382523626,0.7389234712559501,0.5966783216783217,0.49233390119250425
37.439893881611674,0.7391065543756865,0.5968531468531468,0.49233390119250425
37.448184380699715,0.7391980959355547,0.597027972027972,0.49233390119250425
37.45647487978776,0.7391980959355547,0.597027972027972,0.49233390119250425
37.46476537887581,0.7392896374954229,0.5972027972027972,0.49233390119250425
37.47305587796385,0.739335408275357,0.5973776223776224,0.49318568994889267
37.4813463770519,0.7394269498352252,0.5975524475524475,0.49318568994889267
37.48963687613994,0.7395184913950934,0.5977272727272728,0.4940374787052811
37.49792737522799,0.7395184913950934,0.5977272727272728,0.4940374787052811
37.506217874316036,0.7396100329549615,0.5979020979020979,0.4940374787052811
37.51450837340408,0.7396558037348956,0.5980769230769231,0.4940374787052811
37.522798872492125,0.7396558037348956,0.5980769230769231,0.4940374787052811
37.53108937158017,0.7396558037348956,0.5980769230769231,0.4940374787052811
37.53937987066821,0.7400219699743683,0.5982517482517482,0.4940374787052811
37.54767036975626,0.7402965946539729,0.5984265734265735,0.4940374787052811
37.5559608688443,0.740342365433907,0.5986013986013986,0.4940374787052811
37.56425136793235,0.7406169901135116,0.5987762237762237,0.4940374787052811
37.5725418670204,0.7406627608934456,0.598951048951049,0.4940374787052811
37.58083236610844,0.7407543024533138,0.5991258741258741,0.4940374787052811
37.58912286519649,0.740845844013182,0.5993006993006993,0.4940374787052811
37.59741336428453,0.7411204686927865,0.5994755244755244,0.4940374787052811
37.605703863372575,0.7411662394727206,0.5996503496503497,0.4940374787052811
37.61399436246062,0.7412577810325888,0.5998251748251748,0.4940374787052811
37.622284861548664,0.7412577810325888,0.5998251748251748,0.4940374787052811
37.63057536063671,0.7413950933723911,0.6,0.4940374787052811
37.63886585972475,0.7414866349322592,0.6001748251748251,0.4948892674616695
37.6471563588128,0.7414866349322592,0.6001748251748251,0.4948892674616695
37.65544685790085,0.7414866349322592,0.6001748251748251,0.4948892674616695
37.66373735698889,0.7414866349322592,0.6001748251748251,0.4948892674616695
37.67202785607694,0.7418070303917979,0.6003496503496504,0.4948892674616695
37.68031835516498,0.7418528011717319,0.6005244755244755,0.4948892674616695
37.688608854253026,0.7420358842914683,0.6006993006993007,0.4948892674616695
37.696899353341074,0.7420358842914683,0.6006993006993007,0.4948892674616695
37.705189852429115,0.7420358842914683,0.6006993006993007,0.4948892674616695
37.71348035151716,0.7420358842914683,0.6006993006993007,0.4948892674616695
37.7217708506052,0.7420358842914683,0.6006993006993007,0.4948892674616695
37.73006134969325,0.7420358842914683,0.6006993006993007,0.4948892674616695
37.7383518487813,0.7422647381911388,0.6008741258741259,0.4957410562180579
37.74664234786934,0.7422647381911388,0.6008741258741259,0.4957410562180579
37.75493284695739,0.7426309044306115,0.6010489510489511,0.4957410562180579
37.76322334604543,0.7426309044306115,0.6010489510489511,0.49659284497444633
37.77151384513348,0.7426309044306115,0.6010489510489511,0.49659284497444633
37.779804344221525,0.7426309044306115,0.6010489510489511,0.49659284497444633
37.788094843309565,0.7426309044306115,0.6010489510489511,0.49659284497444633
37.79638534239761,0.7427682167704137,0.6012237762237762,0.49659284497444633
37.804675841485654,0.7427682167704137,0.6012237762237762,0.49659284497444633
37.8129663405737,0.742859758330282,0.6013986013986014,0.49659284497444633
37.82125683966175,0.742905529110216,0.6015734265734266,0.49744463373083475
37.82954733874979,0.742905529110216,0.6015734265734266,0.49744463373083475
37.83783783783784,0.7429512998901501,0.6017482517482518,0.49829642248722317
37.84612833692588,0.7430886122299524,0.6019230769230769,0.49829642248722317
37.85441883601393,0.7430886122299524,0.6019230769230769,0.49829642248722317
37.862709335101975,0.7430886122299524,0.6019230769230769,0.49829642248722317
37.870999834190016,0.7430886122299524,0.6019230769230769,0.49829642248722317
37.879290333278064,0.743409007689491,0.6020979020979021,0.49829642248722317
37.88758083236611,0.744415964848041,0.6022727272727273,0.49829642248722317
37.89587133145415,0.744415964848041,0.6022727272727273,0.49829642248722317
37.9041618305422,0.7444617356279751,0.6024475524475524,0.49829642248722317
37.91245232963024,0.7444617356279751,0.6024475524475524,0.49829642248722317
37.92074282871829,0.7445075064079092,0.6026223776223776,0.49829642248722317
37.92903332780634,0.7445532771878433,0.6027972027972028,0.49829642248722317
37.93732382689438,0.7445532771878433,0.6027972027972028,0.49829642248722317
37.945614325982426,0.7445990479677773,0.602972027972028,0.49829642248722317
37.95390482507047,0.7447821310875137,0.6031468531468531,0.4991482112436116
37.962195324158515,0.7447821310875137,0.6031468531468531,0.4991482112436116
37.97048582324656,0.7448279018674479,0.6033216783216783,0.4991482112436116
37.9787763223346,0.744919443427316,0.6034965034965035,0.4991482112436116
37.98706682142265,0.744919443427316,0.6034965034965035,0.4991482112436116
37.99535732051069,0.7451482973269864,0.6036713286713287,0.5
38.00364781959874,0.7452398388868546,0.6038461538461538,0.5
38.01193831868679,0.7453313804467228,0.6040209790209791,0.5
38.02022881777483,0.7453313804467228,0.6040209790209791,0.5
38.02851931686288,0.7453313804467228,0.6040209790209791,0.5
38.03680981595092,0.7453771512266569,0.6041958041958042,0.5
38.045100315038965,0.7453771512266569,0.6041958041958042,0.5
38.05339081412701,0.7453771512266569,0.6041958041958042,0.5
38.061681313215054,0.7453771512266569,0.6041958041958042,0.5
38.0699718123031,0.745422922006591,0.6043706293706294,0.5008517887563884
38.07826231139114,0.745422922006591,0.6043706293706294,0.5008517887563884
38.08655281047919,0.7454686927865251,0.6045454545454545,0.5008517887563884
38.09484330956724,0.7456975466861955,0.6047202797202798,0.5008517887563884
38.10313380865528,0.7456975466861955,0.6047202797202798,0.5008517887563884
38.11142430774333,0.7456975466861955,0.6047202797202798,0.5008517887563884
38.11971480683137,0.7458348590259978,0.6048951048951049,0.5008517887563884
38.128005305919416,0.7459721713658001,0.60506993006993,0.5008517887563884
38.136295805007464,0.7460179421457341,0.6052447552447553,0.5008517887563884
38.144586304095505,0.7462010252654705,0.6054195804195804,0.5008517887563884
38.15287680318355,0.7467045038447455,0.6055944055944056,0.5008517887563884
38.16116730227159,0.7467502746246796,0.6057692307692307,0.5008517887563884
38.16945780135964,0.7468875869644819,0.605944055944056,0.5008517887563884
38.17774830044769,0.7470248993042842,0.6061188811188811,0.5017035775127768
38.18603879953573,0.7470706700842182,0.6062937062937063,0.5017035775127768
38.19432929862378,0.7470706700842182,0.6062937062937063,0.5017035775127768
38.20261979771182,0.7470706700842182,0.6062937062937063,0.5017035775127768
38.21091029679987,0.7470706700842182,0.6062937062937063,0.5017035775127768
38.219200795887915,0.7472079824240205,0.6064685314685314,0.5025553662691652
38.227491294975955,0.7472079824240205,0.6064685314685314,0.5025553662691652
38.235781794064,0.7473452947638227,0.6066433566433567,0.5025553662691652
38.24407229315205,0.7473452947638227,0.6066433566433567,0.5025553662691652
38.25236279224009,0.7478030025631637,0.6068181818181818,0.5025553662691652
38.26065329132814,0.747940314902966,0.606993006993007,0.5025553662691652
38.26894379041618,0.7480318564628341,0.6071678321678322,0.5025553662691652
38.27723428950423,0.7481691688026364,0.6073426573426574,0.5025553662691652
38.28552478859228,0.7482607103625045,0.6075174825174825,0.5025553662691652
38.29381528768032,0.7487184181618455,0.6076923076923076,0.5025553662691652
38.302105786768365,0.7487184181618455,0.6076923076923076,0.5025553662691652
38.310396285856406,0.7489015012815818,0.6078671328671329,0.5025553662691652
38.318686784944454,0.7489472720615159,0.608041958041958,0.5025553662691652
38.3269772840325,0.7490388136213841,0.6082167832167832,0.5025553662691652
38.33526778312054,0.7490845844013182,0.6083916083916084,0.5025553662691652
38.34355828220859,0.7491303551812523,0.6085664335664336,0.5025553662691652
38.35184878129663,0.7491303551812523,0.6085664335664336,0.5025553662691652
38.36013928038468,0.7491303551812523,0.6085664335664336,0.5025553662691652
38.36842977947273,0.7492676675210546,0.6087412587412587,0.5025553662691652
38.37672027856077,0.7493134383009886,0.6089160839160839,0.5025553662691652
38.385010777648816,0.749542292200659,0.6090909090909091,0.5025553662691652
38.39330127673686,0.749542292200659,0.6090909090909091,0.5025553662691652
38.401591775824905,0.749542292200659,0.6090909090909091,0.5025553662691652
38.40988227491295,0.7495880629805932,0.6092657342657343,0.5025553662691652
38.41817277400099,0.7496796045404613,0.6094405594405594,0.5034071550255537
38.42646327308904,0.7497711461003296,0.6096153846153847,0.504258943781942
38.43475377217708,0.7497711461003296,0.6096153846153847,0.5051107325383305
38.44304427126513,0.7502746246796046,0.6097902097902098,0.5051107325383305
38.45133477035318,0.7502746246796046,0.6097902097902098,0.5051107325383305
38.45962526944122,0.7503203954595387,0.609965034965035,0.5051107325383305
38.46791576852927,0.7503661662394727,0.6101398601398601,0.5051107325383305
38.47620626761731,0.7506865616990114,0.6103146853146854,0.5051107325383305
38.484496766705355,0.7506865616990114,0.6103146853146854,0.5051107325383305
38.4927872657934,0.7506865616990114,0.6103146853146854,0.5051107325383305
38.501077764881444,0.7507323324789454,0.6104895104895105,0.5051107325383305
38.50936826396949,0.7507323324789454,0.6104895104895105,0.5051107325383305
38.51765876305753,0.7507781032588795,0.6106643356643356,0.5051107325383305
38.52594926214558,0.7507781032588795,0.6106643356643356,0.5051107325383305
38.53423976123363,0.7508238740388137,0.6108391608391608,0.5051107325383305
38.54253026032167,0.7508696448187477,0.611013986013986,0.5051107325383305
38.55082075940972,0.7509154155986818,0.6111888111888112,0.5051107325383305
38.559111258497765,0.7509154155986818,0.6111888111888112,0.5051107325383305
38.567401757585806,0.7509611863786159,0.6113636363636363,0.5051107325383305
38.575692256673854,0.7510527279384841,0.6115384615384616,0.5051107325383305
38.583982755761895,0.7510984987184182,0.6117132867132867,0.5051107325383305
38.59227325484994,0.7512358110582205,0.6118881118881119,0.5051107325383305
38.60056375393799,0.7516019772976932,0.612062937062937,0.5051107325383305
38.60885425302603,0.7516019772976932,0.612062937062937,0.5051107325383305
38.61714475211408,0.7516019772976932,0.612062937062937,0.5051107325383305
38.62543525120212,0.7516019772976932,0.612062937062937,0.5051107325383305
38.63372575029017,0.7517850604174295,0.6122377622377623,0.5051107325383305
38.642016249378216,0.7518308311973636,0.6124125874125874,0.5059625212947189
38.65030674846626,0.7518766019772977,0.6125874125874126,0.5059625212947189
38.658597247554304,0.7519681435371659,0.6127622377622378,0.5059625212947189
38.666887746642345,0.7519681435371659,0.6127622377622378,0.5059625212947189
38.67517824573039,0.752059685097034,0.612937062937063,0.5059625212947189
38.68346874481844,0.752059685097034,0.612937062937063,0.5059625212947189
38.69175924390648,0.7523343097766386,0.6131118881118881,0.5059625212947189
38.70004974299453,0.7523343097766386,0.6131118881118881,0.5059625212947189
38.70834024208257,0.7523800805565727,0.6132867132867132,0.5059625212947189
38.71663074117062,0.7523800805565727,0.6132867132867132,0.5059625212947189
38.724921240258666,0.752563163676309,0.6134615384615385,0.5068143100511073
38.73321173934671,0.752563163676309,0.6134615384615385,0.5068143100511073
38.741502238434755,0.7526089344562431,0.6136363636363636,0.5068143100511073
38.749792737522796,0.7526547052361773,0.6138111888111888,0.5068143100511073
38.758083236610844,0.7527920175759795,0.6139860139860139,0.5068143100511073
38.76637373569889,0.75302087147565,0.6141608391608392,0.5068143100511073
38.77466423478693,0.7532039545953864,0.6143356643356643,0.5068143100511073
38.78295473387498,0.7537074331746613,0.6145104895104895,0.5068143100511073
38.79124523296302,0.7537074331746613,0.6145104895104895,0.5068143100511073
38.79953573205107,0.7537532039545954,0.6146853146853147,0.5068143100511073
38.80782623113912,0.7538447455144636,0.6148601398601399,0.5068143100511073
38.81611673022716,0.7538447455144636,0.6148601398601399,0.5068143100511073
38.824407229315206,0.754073599414134,0.615034965034965,0.5068143100511073
38.83269772840325,0.754073599414134,0.615034965034965,0.5068143100511073
38.840988227491295,0.7542109117539363,0.6152097902097902,0.5068143100511073
38.84927872657934,0.7543024533138045,0.6153846153846154,0.5068143100511073
38.85756922566738,0.7543024533138045,0.6153846153846154,0.5068143100511073
38.86585972475543,0.7546228487733431,0.6155594405594406,0.5068143100511073
38.87415022384347,0.7546228487733431,0.6155594405594406,0.5068143100511073
38.88244072293152,0.7547143903332113,0.6157342657342657,0.5068143100511073
38.89073122201957,0.7548059318930794,0.615909090909091,0.5068143100511073
38.89902172110761,0.7548059318930794,0.615909090909091,0.5068143100511073
38.90731222019566,0.7551263273526181,0.6160839160839161,0.5068143100511073
38.915602719283704,0.7551263273526181,0.6160839160839161,0.5068143100511073
38.923893218371745,0.7552636396924204,0.6162587412587412,0.5068143100511073
38.93218371745979,0.7552636396924204,0.6162587412587412,0.5068143100511073
38.940474216547834,0.755584035151959,0.6164335664335664,0.5068143100511073
38.94876471563588,0.7556298059318931,0.6166083916083916,0.5068143100511073
38.95705521472393,0.7559044306114976,0.6167832167832168,0.5068143100511073
38.96534571381197,0.7559959721713658,0.6169580419580419,0.5068143100511073
38.97363621290002,0.7559959721713658,0.6169580419580419,0.5068143100511073
38.98192671198806,0.7559959721713658,0.6169580419580419,0.5068143100511073
38.99021721107611,0.756087513731234,0.6171328671328671,0.5068143100511073
38.998507710164155,0.7562705968509703,0.6173076923076923,0.5068143100511073
39.006798209252196,0.7562705968509703,0.6173076923076923,0.5068143100511073
39.015088708340244,0.7563163676309045,0.6174825174825175,0.5068143100511073
39.023379207428285,0.756636763090443,0.6176573426573426,0.5068143100511073
39.03166970651633,0.7566825338703772,0.6178321678321679,0.5068143100511073
39.03996020560438,0.7566825338703772,0.6178321678321679,0.5068143100511073
39.04825070469242,0.7566825338703772,0.6178321678321679,0.5068143100511073
39.05654120378047,0.7570029293299158,0.618006993006993,0.5068143100511073
39.06483170286851,0.7570029293299158,0.618006993006993,0.5068143100511073
39.07312220195656,0.7570029293299158,0.618006993006993,0.5068143100511073
39.081412701044606,0.7572775540095203,0.6181818181818182,0.5068143100511073
39.08970320013265,0.7572775540095203,0.6181818181818182,0.5068143100511073
39.097993699220694,0.7573233247894544,0.6183566433566433,0.5068143100511073
39.106284198308735,0.7573233247894544,0.6183566433566433,0.5076660988074957
39.11457469739678,0.7573690955693885,0.6185314685314686,0.5076660988074957
39.12286519648483,0.7573690955693885,0.6185314685314686,0.5076660988074957
39.13115569557287,0.7578268033687294,0.6187062937062937,0.5076660988074957
39.13944619466092,0.7578725741486635,0.6188811188811189,0.5076660988074957
39.14773669374896,0.7580556572683999,0.6190559440559441,0.5076660988074957
39.15602719283701,0.7581014280483339,0.6192307692307693,0.5076660988074957
39.164317691925056,0.7581014280483339,0.6192307692307693,0.5076660988074957
39.1726081910131,0.7581014280483339,0.6192307692307693,0.5076660988074957
39.180898690101145,0.7581471988282681,0.6194055944055944,0.5076660988074957
39.189189189189186,0.7585133650677408,0.6195804195804195,0.5076660988074957
39.197479688277234,0.7585591358476749,0.6197552447552448,0.5076660988074957
39.20577018736528,0.758650677407543,0.6199300699300699,0.5076660988074957
39.21406068645332,0.7586964481874772,0.6201048951048951,0.5076660988074957
39.22235118554137,0.7586964481874772,0.6201048951048951,0.5076660988074957
39.23064168462941,0.7586964481874772,0.6201048951048951,0.5076660988074957
39.23893218371746,0.7594287806664226,0.6202797202797202,0.5076660988074957
39.24722268280551,0.7594745514463567,0.6204545454545455,0.5076660988074957
39.25551318189355,0.759657634566093,0.6206293706293706,0.5076660988074957
39.263803680981596,0.7597034053460271,0.6208041958041958,0.5076660988074957
39.272094180069644,0.7597034053460271,0.6208041958041958,0.5076660988074957
39.280384679157685,0.7597491761259612,0.620979020979021,0.5076660988074957
39.28867517824573,0.7597491761259612,0.620979020979021,0.5085178875638842
39.29696567733377,0.7597491761259612,0.620979020979021,0.5085178875638842
39.30525617642182,0.7597491761259612,0.620979020979021,0.5085178875638842
39.31354667550987,0.7597491761259612,0.620979020979021,0.5085178875638842
39.32183717459791,0.7598407176858294,0.6211538461538462,0.5085178875638842
39.33012767368596,0.7598407176858294,0.6211538461538462,0.5085178875638842
39.338418172774,0.7598864884657635,0.6213286713286713,0.5085178875638842
39.34670867186205,0.7599322592456975,0.6215034965034965,0.5085178875638842
39.354999170950094,0.7600238008055658,0.6216783216783217,0.5085178875638842
39.363289670038135,0.7603441962651044,0.6218531468531469,0.5085178875638842
39.37158016912618,0.7603441962651044,0.6218531468531469,0.5085178875638842
39.379870668214224,0.7603441962651044,0.6218531468531469,0.5085178875638842
39.38816116730227,0.7603441962651044,0.6218531468531469,0.5093696763202725
39.39645166639032,0.7603899670450385,0.622027972027972,0.5093696763202725
39.40474216547836,0.7604815086049066,0.6222027972027973,0.5093696763202725
39.41303266456641,0.760664591724643,0.6223776223776224,0.5093696763202725
39.42132316365445,0.7607103625045771,0.6225524475524475,0.5093696763202725
39.4296136627425,0.7607103625045771,0.6225524475524475,0.5093696763202725
39.437904161830545,0.7608019040644453,0.6227272727272727,0.510221465076661
39.446194660918586,0.7608019040644453,0.6227272727272727,0.510221465076661
39.454485160006634,0.7609849871841816,0.6229020979020979,0.510221465076661
39.462775659094675,0.7609849871841816,0.6229020979020979,0.510221465076661
39.47106615818272,0.7610307579641157,0.6230769230769231,0.510221465076661
39.47935665727077,0.7610307579641157,0.6230769230769231,0.510221465076661
39.48764715635881,0.7613969242035884,0.6232517482517482,0.510221465076661
39.49593765544686,0.7613969242035884,0.6232517482517482,0.510221465076661
39.5042281545349,0.7615800073233248,0.6234265734265734,0.510221465076661
39.51251865362295,0.761671548883193,0.6236013986013986,0.510221465076661
39.520809152710996,0.761671548883193,0.6236013986013986,0.510221465076661
39.52909965179904,0.7617630904430611,0.6237762237762238,0.510221465076661
39.537390150887084,0.7617630904430611,0.6237762237762238,0.5110732538330494
39.545680649975125,0.7617630904430611,0.6237762237762238,0.5110732538330494
39.55397114906317,0.7623123398022702,0.6239510489510489,0.5110732538330494
39.56226164815122,0.7623123398022702,0.6239510489510489,0.5110732538330494
39.57055214723926,0.7623123398022702,0.6239510489510489,0.5110732538330494
39.57884264632731,0.7624496521420725,0.6241258741258742,0.5119250425894378
39.58713314541535,0.7627242768216771,0.6243006993006993,0.5119250425894378
39.5954236445034,0.7631819846210179,0.6244755244755245,0.5119250425894378
39.603714143591446,0.7631819846210179,0.6244755244755245,0.5119250425894378
39.61200464267949,0.7634108385206884,0.6246503496503496,0.5119250425894378
39.620295141767535,0.7635939216404247,0.6248251748251749,0.5119250425894378
39.62858564085558,0.7636396924203589,0.625,0.5119250425894378
39.636876139943624,0.7636396924203589,0.625,0.5127768313458262
39.64516663903167,0.7636396924203589,0.625,0.5136286201022147
39.65345713811971,0.7636396924203589,0.625,0.5136286201022147
39.66174763720776,0.7637770047601611,0.6251748251748251,0.5136286201022147
39.67003813629581,0.7638685463200293,0.6253496503496504,0.5136286201022147
39.67832863538385,0.7638685463200293,0.6253496503496504,0.514480408858603
39.6866191344719,0.7639600878798974,0.6255244755244755,0.514480408858603
39.69490963355994,0.7639600878798974,0.6255244755244755,0.514480408858603
39.703200132647986,0.7640058586598316,0.6256993006993007,0.5153321976149915
39.711490631736034,0.7640974002196997,0.6258741258741258,0.5153321976149915
39.719781130824074,0.7640974002196997,0.6258741258741258,0.5161839863713799
39.72807162991212,0.764188941779568,0.6260489510489511,0.5161839863713799
39.73636212900016,0.764188941779568,0.6260489510489511,0.5161839863713799
39.74465262808821,0.7644177956792384,0.6262237762237762,0.5161839863713799
39.75294312717626,0.7647839619187111,0.6263986013986014,0.5170357751277683
39.7612336262643,0.7648297326986452,0.6265734265734266,0.5170357751277683
39.76952412535235,0.7648755034785792,0.6267482517482518,0.5170357751277683
39.77781462444039,0.7648755034785792,0.6267482517482518,0.5170357751277683
39.786105123528436,0.7649670450384475,0.6269230769230769,0.5170357751277683
39.794395622616484,0.7650585865983156,0.6270979020979021,0.5170357751277683
39.802686121704525,0.7650585865983156,0.6270979020979021,0.5170357751277683
39.81097662079257,0.7651501281581838,0.6272727272727273,0.5170357751277683
39.819267119880614,0.7651501281581838,0.6272727272727273,0.5170357751277683
39.82755761896866,0.7652874404979861,0.6274475524475525,0.5170357751277683
39.83584811805671,0.7652874404979861,0.6274475524475525,0.5170357751277683
39.84413861714475,0.7653789820578543,0.6276223776223776,0.5170357751277683
39.8524291162328,0.7653789820578543,0.6276223776223776,0.5170357751277683
39.86071961532084,0.7653789820578543,0.6276223776223776,0.5170357751277683
39.86901011440889,0.7653789820578543,0.6276223776223776,0.5170357751277683
39.877300613496935,0.7653789820578543,0.6276223776223776,0.5170357751277683
39.885591112584976,0.7654247528377883,0.6277972027972027,0.5170357751277683
39.893881611673024,0.7654705236177225,0.627972027972028,0.5170357751277683
39.902172110761065,0.7654705236177225,0.627972027972028,0.5170357751277683
39.91046260984911,0.7654705236177225,0.627972027972028,0.5170357751277683
39.91875310893716,0.7654705236177225,0.627972027972028,0.5178875638841567
39.9270436080252,0.7655620651775906,0.6281468531468531,0.5178875638841567
39.93533410711325,0.7658366898571952,0.6283216783216783,0.5178875638841567
39.94362460620129,0.7658366898571952,0.6283216783216783,0.5178875638841567
39.95191510528934,0.7658366898571952,0.6283216783216783,0.5187393526405452
39.960205604377386,0.7658366898571952,0.6283216783216783,0.5187393526405452
39.96849610346543,0.7658366898571952,0.6283216783216783,0.5187393526405452
39.976786602553474,0.7658366898571952,0.6283216783216783,0.5187393526405452
39.98507710164152,0.7658366898571952,0.6283216783216783,0.5187393526405452
39.99336760072956,0.7658824606371293,0.6284965034965035,0.5187393526405452
40.00165809981761,0.7661570853167338,0.6286713286713287,0.5187393526405452
40.00994859890565,0.7662028560966679,0.6288461538461538,0.5187393526405452
40.0182390979937,0.7665232515562065,0.629020979020979,0.5187393526405452
40.02652959708175,0.7665232515562065,0.629020979020979,0.5187393526405452
40.03482009616979,0.7665232515562065,0.629020979020979,0.5187393526405452
40.043110595257836,0.7665690223361407,0.6291958041958042,0.5187393526405452
40.05140109434588,0.7666147931160747,0.6293706293706294,0.5187393526405452
40.059691593433925,0.7666147931160747,0.6293706293706294,0.5187393526405452
40.06798209252197,0.7666147931160747,0.6293706293706294,0.5187393526405452
40.076272591610014,0.7666147931160747,0.6293706293706294,0.5187393526405452
40.08456309069806,0.7666147931160747,0.6293706293706294,0.5187393526405452
40.0928535897861,0.7666147931160747,0.6293706293706294,0.5187393526405452
40.10114408887415,0.7667063346759428,0.6295454545454545,0.5187393526405452
40.1094345879622,0.7667063346759428,0.6295454545454545,0.5195911413969335
40.11772508705024,0.7668436470157451,0.6297202797202798,0.5195911413969335
40.12601558613829,0.7668436470157451,0.6297202797202798,0.5195911413969335
40.13430608522633,0.7668894177956792,0.6298951048951049,0.5195911413969335
40.142596584314376,0.7668894177956792,0.6298951048951049,0.5195911413969335
40.150887083402424,0.7670725009154156,0.6300699300699301,0.5195911413969335
40.159177582490464,0.7671640424752838,0.6302447552447552,0.520442930153322
40.16746808157851,0.7672098132552179,0.6304195804195805,0.520442930153322
40.17575858066655,0.7672098132552179,0.6304195804195805,0.520442930153322
40.1840490797546,0.7673013548150861,0.6305944055944056,0.520442930153322
40.19233957884265,0.7673013548150861,0.6305944055944056,0.520442930153322
40.20063007793069,0.7673013548150861,0.6305944055944056,0.520442930153322
40.20892057701874,0.7673013548150861,0.6305944055944056,0.520442930153322
40.21721107610678,0.7675302087147565,0.6307692307692307,0.5212947189097104
40.225501575194826,0.7675759794946906,0.6309440559440559,0.5212947189097104
40.233792074282874,0.7675759794946906,0.6309440559440559,0.5212947189097104
40.242082573370915,0.7675759794946906,0.6309440559440559,0.5212947189097104
40.25037307245896,0.7676675210545588,0.6311188811188811,0.5212947189097104
40.258663571547004,0.7677132918344929,0.6312937062937063,0.5212947189097104
40.26695407063505,0.7677132918344929,0.6312937062937063,0.5212947189097104
40.2752445697231,0.7677132918344929,0.6312937062937063,0.5212947189097104
40.28353506881114,0.7677132918344929,0.6312937062937063,0.5212947189097104
40.29182556789919,0.7680794580739656,0.6314685314685314,0.5212947189097104
40.30011606698723,0.7681709996338337,0.6316433566433567,0.5212947189097104
40.30840656607528,0.768308311973636,0.6318181818181818,0.5212947189097104
40.316697065163325,0.7683998535335043,0.631993006993007,0.5212947189097104
40.324987564251366,0.7683998535335043,0.631993006993007,0.5212947189097104
40.333278063339414,0.7684456243134383,0.6321678321678321,0.5212947189097104
40.34156856242746,0.7684456243134383,0.6321678321678321,0.5212947189097104
40.3498590615155,0.7684456243134383,0.6321678321678321,0.5212947189097104
40.35814956060355,0.7684456243134383,0.6321678321678321,0.5212947189097104
40.36644005969159,0.7687202489930428,0.6323426573426574,0.5212947189097104
40.37473055877964,0.768811790552911,0.6325174825174825,0.5212947189097104
40.38302105786769,0.7688575613328451,0.6326923076923077,0.5212947189097104
40.39131155695573,0.7688575613328451,0.6326923076923077,0.5221465076660988
40.399602056043776,0.7689491028927133,0.6328671328671329,0.5221465076660988
40.407892555131816,0.7691321860124497,0.6330419580419581,0.5221465076660988
40.416183054219864,0.7692237275723178,0.6332167832167832,0.5221465076660988
40.42447355330791,0.7693610399121201,0.6333916083916084,0.5221465076660988
40.43276405239595,0.7694983522519224,0.6335664335664336,0.5221465076660988
40.441054551484,0.7695441230318565,0.6337412587412588,0.5221465076660988
40.44934505057204,0.7697272061515928,0.6339160839160839,0.5221465076660988
40.45763554966009,0.769818747711461,0.634090909090909,0.5229982964224872
40.46592604874814,0.7698645184913951,0.6342657342657343,0.5229982964224872
40.47421654783618,0.7698645184913951,0.6342657342657343,0.5238500851788757
40.482507046924226,0.7699102892713292,0.6344405594405594,0.5238500851788757
40.49079754601227,0.7699560600512633,0.6346153846153846,0.5238500851788757
40.499088045100315,0.7699560600512633,0.6346153846153846,0.5238500851788757
40.50737854418836,0.7699560600512633,0.6346153846153846,0.5238500851788757
40.515669043276404,0.7699560600512633,0.6346153846153846,0.5238500851788757
40.52395954236445,0.7699560600512633,0.6346153846153846,0.5238500851788757
40.53225004145249,0.7700018308311973,0.6347902097902098,0.5238500851788757
40.54054054054054,0.7700476016111315,0.634965034965035,0.5238500851788757
40.54883103962859,0.7704137678506042,0.6351398601398601,0.5238500851788757
40.55712153871663,0.7704137678506042,0.6351398601398601,0.5238500851788757
40.56541203780468,0.7704595386305383,0.6353146853146853,0.5238500851788757
40.57370253689272,0.7706883925302087,0.6354895104895105,0.5238500851788757
40.581993035980766,0.7706883925302087,0.6354895104895105,0.524701873935264
40.590283535068814,0.7706883925302087,0.6354895104895105,0.524701873935264
40.598574034156854,0.7706883925302087,0.6354895104895105,0.524701873935264
40.6068645332449,0.7706883925302087,0.6354895104895105,0.524701873935264
40.61515503233294,0.7706883925302087,0.6354895104895105,0.524701873935264
40.62344553142099,0.7706883925302087,0.6354895104895105,0.524701873935264
40.63173603050904,0.7706883925302087,0.6354895104895105,0.524701873935264
40.64002652959708,0.7706883925302087,0.6354895104895105,0.524701873935264
40.64831702868513,0.7706883925302087,0.6354895104895105,0.524701873935264
40.65660752777317,0.7707341633101428,0.6356643356643357,0.524701873935264
40.664898026861216,0.7707341633101428,0.6356643356643357,0.524701873935264
40.673188525949264,0.7708714756499451,0.6358391608391608,0.5255536626916525
40.681479025037305,0.7711003295496155,0.6360139860139861,0.5255536626916525
40.68976952412535,0.7713749542292201,0.6361888111888112,0.5264054514480409
40.6980600232134,0.7714664957890882,0.6363636363636364,0.5264054514480409
40.70635052230144,0.7714664957890882,0.6363636363636364,0.5264054514480409
40.71464102138949,0.7715580373489564,0.6365384615384615,0.5264054514480409
40.72293152047753,0.7716038081288905,0.6367132867132868,0.5264054514480409
40.73122201956558,0.7716038081288905,0.6367132867132868,0.5264054514480409
40.739512518653626,0.7716038081288905,0.6367132867132868,0.5264054514480409
40.74780301774167,0.7716038081288905,0.6367132867132868,0.5264054514480409
40.756093516829715,0.7717868912486269,0.6368881118881119,0.5264054514480409
40.764384015917756,0.7718326620285609,0.637062937062937,0.5264054514480409
40.772674515005804,0.7718326620285609,0.637062937062937,0.5264054514480409
40.78096501409385,0.7720157451482973,0.6372377622377622,0.5264054514480409
40.78925551318189,0.7721072867081655,0.6374125874125874,0.5264054514480409
40.79754601226994,0.7721530574880996,0.6375874125874126,0.5264054514480409
40.80583651135798,0.7721530574880996,0.6375874125874126,0.5264054514480409
40.81412701044603,0.7721530574880996,0.6375874125874126,0.5264054514480409
40.82241750953408,0.772336140607836,0.6377622377622377,0.5264054514480409
40.83070800862212,0.77238191138777,0.637937062937063,0.5264054514480409
40.838998507710166,0.77238191138777,0.637937062937063,0.5264054514480409
40.847289006798206,0.7724734529476383,0.6381118881118881,0.5264054514480409
40.855579505886254,0.7724734529476383,0.6381118881118881,0.5264054514480409
40.8638700049743,0.772839619187111,0.6382867132867133,0.5264054514480409
40.87216050406234,0.772885389967045,0.6384615384615384,0.5264054514480409
40.88045100315039,0.7730227023068473,0.6386363636363637,0.5264054514480409
40.88874150223843,0.7732973269864518,0.6388111888111888,0.5264054514480409
40.89703200132648,0.77338886854632,0.638986013986014,0.5264054514480409
40.90532250041453,0.7740296594653973,0.6391608391608392,0.5272572402044293
40.91361299950257,0.7744873672647382,0.6393356643356644,0.5272572402044293
40.921903498590616,0.7748077627242769,0.6395104895104895,0.5272572402044293
40.93019399767866,0.774899304284145,0.6396853146853146,0.5272572402044293
40.938484496766705,0.7749450750640791,0.6398601398601399,0.5281090289608177
40.94677499585475,0.7749450750640791,0.6398601398601399,0.5281090289608177
40.955065494942794,0.7749450750640791,0.6398601398601399,0.5281090289608177
40.96335599403084,0.7750366166239473,0.640034965034965,0.5281090289608177
40.97164649311888,0.7750366166239473,0.640034965034965,0.5281090289608177
40.97993699220693,0.7751281581838154,0.6402097902097902,0.5281090289608177
40.98822749129498,0.7751281581838154,0.6402097902097902,0.5281090289608177
40.99651799038302,0.7751281581838154,0.6402097902097902,0.5281090289608177
41.00480848947107,0.7751739289637496,0.6403846153846153,0.5281090289608177
41.01309898855911,0.77540278286342,0.6405594405594406,0.5281090289608177
41.021389487647156,0.7754485536433541,0.6407342657342657,0.5281090289608177
41.029679986735204,0.7754485536433541,0.6407342657342657,0.5281090289608177
41.037970485823244,0.7754485536433541,0.6407342657342657,0.5289608177172062
41.04626098491129,0.7755400952032223,0.6409090909090909,0.5289608177172062
41.05455148399934,0.7758147198828268,0.6410839160839161,0.5289608177172062
41.06284198308738,0.7759978030025632,0.6412587412587413,0.5289608177172062
41.07113248217543,0.7760893445624314,0.6414335664335664,0.5289608177172062
41.07942298126347,0.7760893445624314,0.6414335664335664,0.5289608177172062
41.08771348035152,0.7760893445624314,0.6414335664335664,0.5289608177172062
41.096003979439566,0.7760893445624314,0.6414335664335664,0.5289608177172062
41.104294478527606,0.7761351153423655,0.6416083916083916,0.5289608177172062
41.112584977615654,0.7761808861222995,0.6417832167832168,0.5289608177172062
41.120875476703695,0.7761808861222995,0.6417832167832168,0.5289608177172062
41.12916597579174,0.7761808861222995,0.6417832167832168,0.5289608177172062
41.13745647487979,0.7762266569022336,0.641958041958042,0.5289608177172062
41.14574697396783,0.7763181984621018,0.6421328671328671,0.5289608177172062
41.15403747305588,0.7763639692420359,0.6423076923076924,0.5298126064735945
41.16232797214392,0.7764097400219699,0.6424825174825175,0.5298126064735945
41.17061847123197,0.7765928231417063,0.6426573426573426,0.5298126064735945
41.178908970320016,0.7765928231417063,0.6426573426573426,0.5298126064735945
41.18719946940806,0.7768674478213109,0.6428321678321678,0.5298126064735945
41.195489968496105,0.7768674478213109,0.6428321678321678,0.5298126064735945
41.203780467584146,0.776913218601245,0.643006993006993,0.5298126064735945
41.212070966672194,0.776913218601245,0.643006993006993,0.5298126064735945
41.22036146576024,0.7770963017209813,0.6431818181818182,0.5298126064735945
41.22865196484828,0.7770963017209813,0.6431818181818182,0.5298126064735945
41.23694246393633,0.7771878432808496,0.6433566433566433,0.5298126064735945
41.24523296302437,0.7772793848407177,0.6435314685314686,0.5298126064735945
41.25352346211242,0.7772793848407177,0.6435314685314686,0.5298126064735945
41.26181396120047,0.7773709264005859,0.6437062937062937,0.530664395229983
41.27010446028851,0.7773709264005859,0.6437062937062937,0.530664395229983
41.278394959376556,0.7773709264005859,0.6437062937062937,0.530664395229983
41.286685458464596,0.7773709264005859,0.6437062937062937,0.530664395229983
41.294975957552644,0.7773709264005859,0.6437062937062937,0.5315161839863713
41.30326645664069,0.77741669718052,0.6438811188811189,0.5315161839863713
41.31155695572873,0.77741669718052,0.6438811188811189,0.5315161839863713
41.31984745481678,0.7776913218601245,0.644055944055944,0.5315161839863713
41.32813795390482,0.7776913218601245,0.644055944055944,0.5315161839863713
41.33642845299287,0.777920175759795,0.6442307692307693,0.5315161839863713
41.34471895208092,0.7779659465397291,0.6444055944055944,0.5315161839863713
41.35300945116896,0.7780117173196631,0.6445804195804196,0.5315161839863713
41.361299950257006,0.7780117173196631,0.6445804195804196,0.5315161839863713
41.36959044934505,0.7780117173196631,0.6445804195804196,0.5315161839863713
41.377880948433095,0.7781490296594654,0.6447552447552447,0.5315161839863713
41.38617144752114,0.7781490296594654,0.6447552447552447,0.5315161839863713
41.394461946609184,0.7781490296594654,0.6447552447552447,0.5315161839863713
41.40275244569723,0.7781490296594654,0.6447552447552447,0.5315161839863713
41.41104294478528,0.7781490296594654,0.6447552447552447,0.5315161839863713
41.41933344387332,0.7781490296594654,0.6447552447552447,0.5323679727427598
41.42762394296137,0.7782863419992677,0.64493006993007,0.5323679727427598
41.43591444204941,0.7782863419992677,0.64493006993007,0.5323679727427598
41.44420494113746,0.7782863419992677,0.64493006993007,0.5323679727427598
41.452495440225505,0.7783778835591358,0.6451048951048951,0.5323679727427598
41.460785939313546,0.7784694251190041,0.6452797202797202,0.5323679727427598
41.46907643840159,0.7786525082387404,0.6454545454545455,0.5323679727427598
41.477366937489634,0.7786525082387404,0.6454545454545455,0.5323679727427598
41.48565743657768,0.7786525082387404,0.6454545454545455,0.5323679727427598
41.49394793566573,0.7788355913584768,0.6456293706293706,0.5332197614991482
41.50223843475377,0.7791559868180153,0.6458041958041958,0.5332197614991482
41.51052893384182,0.779476382277554,0.6459790209790209,0.5332197614991482
41.51881943292986,0.7798425485170267,0.6461538461538462,0.5332197614991482
41.52710993201791,0.7800714024166971,0.6463286713286713,0.5332197614991482
41.535400431105955,0.7800714024166971,0.6463286713286713,0.5332197614991482
41.543690930193996,0.7800714024166971,0.6463286713286713,0.5332197614991482
41.551981429282044,0.7800714024166971,0.6463286713286713,0.5332197614991482
41.560271928370085,0.7800714024166971,0.6463286713286713,0.5332197614991482
41.56856242745813,0.7800714024166971,0.6463286713286713,0.5332197614991482
41.57685292654618,0.7801171731966313,0.6465034965034965,0.5332197614991482
41.58514342563422,0.7801629439765654,0.6466783216783217,0.5332197614991482
41.59343392472227,0.7802544855364335,0.6468531468531469,0.5332197614991482
41.60172442381031,0.7805291102160381,0.647027972027972,0.5332197614991482
41.61001492289836,0.7805748809959722,0.6472027972027972,0.5332197614991482
41.618305421986406,0.7806206517759062,0.6473776223776224,0.5332197614991482
41.62659592107445,0.7806206517759062,0.6473776223776224,0.5332197614991482
41.634886420162495,0.7808952764555108,0.6475524475524476,0.5332197614991482
41.643176919250536,0.7808952764555108,0.6475524475524476,0.5332197614991482
41.651467418338584,0.7809410472354449,0.6477272727272727,0.5332197614991482
41.65975791742663,0.780986818015379,0.6479020979020979,0.5332197614991482
41.66804841651467,0.780986818015379,0.6479020979020979,0.5332197614991482
41.67633891560272,0.7810783595752472,0.6480769230769231,0.5332197614991482
41.68462941469076,0.7811699011351153,0.6482517482517482,0.5332197614991482
41.69291991377881,0.7813987550347858,0.6484265734265734,0.5332197614991482
41.70121041286686,0.7813987550347858,0.6484265734265734,0.5332197614991482
41.7095009119549,0.7813987550347858,0.6484265734265734,0.5340715502555367
41.717791411042946,0.7813987550347858,0.6484265734265734,0.5340715502555367
41.72608191013099,0.7813987550347858,0.6484265734265734,0.5340715502555367
41.734372409219034,0.7813987550347858,0.6484265734265734,0.5340715502555367
41.74266290830708,0.7813987550347858,0.6484265734265734,0.5340715502555367
41.75095340739512,0.781490296594654,0.6486013986013986,0.5340715502555367
41.75924390648317,0.781490296594654,0.6486013986013986,0.5340715502555367
41.76753440557122,0.7815818381545222,0.6487762237762238,0.5340715502555367
41.77582490465926,0.7815818381545222,0.6487762237762238,0.5340715502555367
41.78411540374731,0.7816276089344563,0.6489510489510489,0.5340715502555367
41.79240590283535,0.7816276089344563,0.6489510489510489,0.5340715502555367
41.800696401923396,0.7816276089344563,0.6489510489510489,0.5340715502555367
41.808986901011444,0.7819022336140607,0.6491258741258741,0.534923339011925
41.817277400099485,0.7820853167337971,0.6493006993006993,0.5357751277683135
41.82556789918753,0.7820853167337971,0.6493006993006993,0.5357751277683135
41.833858398275574,0.7820853167337971,0.6493006993006993,0.5357751277683135
41.84214889736362,0.7821768582936653,0.6494755244755245,0.5357751277683135
41.85043939645167,0.7821768582936653,0.6494755244755245,0.5357751277683135
41.85872989553971,0.7821768582936653,0.6494755244755245,0.5357751277683135
41.86702039462776,0.7822683998535335,0.6496503496503496,0.5357751277683135
41.8753108937158,0.7822683998535335,0.6496503496503496,0.5357751277683135
41.88360139280385,0.7822683998535335,0.6496503496503496,0.5357751277683135
41.891891891891895,0.7823599414134017,0.6498251748251749,0.5357751277683135
41.900182390979936,0.7823599414134017,0.6498251748251749,0.5357751277683135
41.90847289006798,0.7824057121933358,0.65,0.5357751277683135
41.916763389156024,0.7824514829732698,0.6501748251748252,0.5357751277683135
41.92505388824407,0.7824514829732698,0.6501748251748252,0.5357751277683135
41.93334438733212,0.7828176492127426,0.6503496503496503,0.5366269165247018
41.94163488642016,0.7829549615525448,0.6505244755244756,0.5366269165247018
41.94992538550821,0.7831380446722812,0.6506993006993007,0.5366269165247018
41.95821588459625,0.7831380446722812,0.6506993006993007,0.5366269165247018
41.9665063836843,0.7831380446722812,0.6506993006993007,0.5366269165247018
41.974796882772345,0.7832295862321494,0.6508741258741259,0.5366269165247018
41.983087381860386,0.7832753570120835,0.651048951048951,0.5366269165247018
41.991377880948434,0.7832753570120835,0.651048951048951,0.5366269165247018
41.999668380036475,0.7833668985719516,0.6512237762237763,0.5366269165247018
42.00795887912452,0.7833668985719516,0.6512237762237763,0.5366269165247018
42.01624937821257,0.7836415232515562,0.6513986013986014,0.5366269165247018
42.02453987730061,0.7836415232515562,0.6513986013986014,0.5366269165247018
42.03283037638866,0.7837788355913585,0.6515734265734265,0.5366269165247018
42.0411208754767,0.784007689491029,0.6517482517482518,0.5366269165247018
42.04941137456475,0.7841450018308312,0.6519230769230769,0.5366269165247018
42.057701873652796,0.7842365433906994,0.6520979020979021,0.5366269165247018
42.06599237274084,0.7842365433906994,0.6520979020979021,0.5366269165247018
42.074282871828885,0.7844196265104357,0.6522727272727272,0.5366269165247018
42.08257337091693,0.7844196265104357,0.6522727272727272,0.5366269165247018
42.09086387000497,0.7846484804101062,0.6524475524475525,0.5374787052810903
42.09915436909302,0.7847400219699744,0.6526223776223776,0.5374787052810903
42.10744486818106,0.7847400219699744,0.6526223776223776,0.5374787052810903
42.11573536726911,0.7847400219699744,0.6526223776223776,0.5374787052810903
42.12402586635716,0.7847857927499085,0.6527972027972028,0.5374787052810903
42.1323163654452,0.7848315635298425,0.652972027972028,0.5383304940374787
42.14060686453325,0.7848773343097767,0.6531468531468532,0.5383304940374787
42.14889736362129,0.7848773343097767,0.6531468531468532,0.5383304940374787
42.157187862709335,0.7849231050897107,0.6533216783216783,0.5383304940374787
42.16547836179738,0.7849231050897107,0.6533216783216783,0.5383304940374787
42.173768860885424,0.7850146466495789,0.6534965034965035,0.5383304940374787
42.18205935997347,0.7850146466495789,0.6534965034965035,0.5383304940374787
42.19034985906151,0.7851519589893812,0.6536713286713287,0.5383304940374787
42.19864035814956,0.7853350421091175,0.6538461538461539,0.5383304940374787
42.20693085723761,0.7853808128890516,0.654020979020979,0.5383304940374787
42.21522135632565,0.7857469791285243,0.6541958041958041,0.5383304940374787
42.2235118554137,0.7857469791285243,0.6541958041958041,0.5383304940374787
42.23180235450174,0.7857927499084585,0.6543706293706294,0.5391822827938672
42.240092853589786,0.7858385206883926,0.6545454545454545,0.5391822827938672
42.248383352677834,0.786113145367997,0.6547202797202797,0.5391822827938672
42.256673851765875,0.7864335408275357,0.6548951048951049,0.5391822827938672
42.26496435085392,0.7864335408275357,0.6548951048951049,0.5391822827938672
42.273254849941964,0.7864793116074698,0.6550699300699301,0.5391822827938672
42.28154534903001,0.7864793116074698,0.6550699300699301,0.5391822827938672
42.28983584811806,0.786570853167338,0.6552447552447552,0.5391822827938672
42.2981263472061,0.786570853167338,0.6552447552447552,0.5391822827938672
42.30641684629415,0.786570853167338,0.6552447552447552,0.5391822827938672
42.31470734538219,0.786570853167338,0.6552447552447552,0.5391822827938672
42.32299784447024,0.786616623947272,0.6554195804195804,0.5391822827938672
42.331288343558285,0.7867997070670084,0.6555944055944056,0.5391822827938672
42.339578842646326,0.7867997070670084,0.6555944055944056,0.5391822827938672
42.34786934173437,0.787074331746613,0.6557692307692308,0.5391822827938672
42.356159840822414,0.7871201025265471,0.6559440559440559,0.5391822827938672
42.36445033991046,0.7871658733064811,0.6561188811188812,0.5391822827938672
42.37274083899851,0.7873031856462834,0.6562937062937063,0.5391822827938672
42.38103133808655,0.7873489564262175,0.6564685314685315,0.5391822827938672
42.3893218371746,0.7873489564262175,0.6564685314685315,0.5391822827938672
42.39761233626264,0.7873489564262175,0.6564685314685315,0.5391822827938672
42.40590283535069,0.7873489564262175,0.6564685314685315,0.5391822827938672
42.414193334438735,0.7873947272061516,0.6566433566433566,0.5391822827938672
42.422483833526776,0.7874862687660198,0.6568181818181819,0.5391822827938672
42.430774332614824,0.7875320395459539,0.656993006993007,0.5391822827938672
42.43906483170287,0.7877608934456243,0.6571678321678321,0.5391822827938672
42.44735533079091,0.7877608934456243,0.6571678321678321,0.5391822827938672
42.45564582987896,0.7879439765653606,0.6573426573426573,0.5391822827938672
42.463936328967,0.7879897473452948,0.6575174825174825,0.5391822827938672
42.47222682805505,0.7880355181252289,0.6576923076923077,0.5391822827938672
42.4805173271431,0.7880355181252289,0.6576923076923077,0.5391822827938672
42.48880782623114,0.7880355181252289,0.6576923076923077,0.5391822827938672
42.497098325319186,0.7880355181252289,0.6576923076923077,0.5391822827938672
42.50538882440723,0.7880355181252289,0.6576923076923077,0.5391822827938672
42.513679323495275,0.7880355181252289,0.6576923076923077,0.5391822827938672
42.52196982258332,0.7880355181252289,0.6576923076923077,0.5391822827938672
42.53026032167136,0.7880355181252289,0.6576923076923077,0.5400340715502555
42.53855082075941,0.7881728304650312,0.6578671328671328,0.5400340715502555
42.54684131984745,0.7881728304650312,0.6578671328671328,0.5400340715502555
42.5551318189355,0.7883101428048334,0.6580419580419581,0.5400340715502555
42.56342231802355,0.7884474551446357,0.6582167832167832,0.540885860306644
42.57171281711159,0.7884474551446357,0.6582167832167832,0.540885860306644
42.58000331619964,0.788584767484438,0.6583916083916084,0.540885860306644
42.58829381528768,0.7886763090443061,0.6585664335664335,0.540885860306644
42.596584314375725,0.7889051629439766,0.6587412587412588,0.540885860306644
42.60487481346377,0.7889967045038447,0.6589160839160839,0.540885860306644
42.613165312551814,0.789134016843647,0.6590909090909091,0.540885860306644
42.62145581163986,0.789134016843647,0.6590909090909091,0.5417376490630323
42.6297463107279,0.7895459538630538,0.6592657342657343,0.5417376490630323
42.63803680981595,0.7895459538630538,0.6592657342657343,0.5417376490630323
42.646327308904,0.7895459538630538,0.6592657342657343,0.5417376490630323
42.65461780799204,0.7895917246429879,0.6594405594405595,0.5417376490630323
42.66290830708009,0.789637495422922,0.6596153846153846,0.5417376490630323
42.67119880616813,0.7897290369827902,0.6597902097902097,0.5417376490630323
42.679489305256176,0.7897290369827902,0.6597902097902097,0.5417376490630323
42.687779804344224,0.7897290369827902,0.6597902097902097,0.5417376490630323
42.696070303432265,0.7897290369827902,0.6597902097902097,0.5417376490630323
42.70436080252031,0.7900952032222629,0.659965034965035,0.5417376490630323
42.71265130160835,0.7900952032222629,0.659965034965035,0.5417376490630323
42.7209418006964,0.7902325155620652,0.6601398601398601,0.5417376490630323
42.72923229978445,0.7902325155620652,0.6601398601398601,0.5417376490630323
42.73752279887249,0.7903698279018675,0.6603146853146853,0.5417376490630323
42.74581329796054,0.7904613694617356,0.6604895104895104,0.5417376490630323
42.75410379704858,0.7908733064811424,0.6606643356643357,0.5417376490630323
42.76239429613663,0.791147931160747,0.6608391608391608,0.5425894378194208
42.770684795224675,0.7911937019406811,0.661013986013986,0.5425894378194208
42.778975294312716,0.7912852435005493,0.6611888111888112,0.5425894378194208
42.78726579340076,0.7912852435005493,0.6611888111888112,0.5425894378194208
42.79555629248881,0.7912852435005493,0.6611888111888112,0.5425894378194208
42.80384679157685,0.7913310142804834,0.6613636363636364,0.5425894378194208
42.8121372906649,0.7913310142804834,0.6613636363636364,0.5425894378194208
42.82042778975294,0.7913310142804834,0.6613636363636364,0.5425894378194208
42.82871828884099,0.7913310142804834,0.6613636363636364,0.5425894378194208
42.83700878792904,0.7915598681801538,0.6615384615384615,0.5425894378194208
42.84529928701708,0.7916056389600878,0.6617132867132867,0.5425894378194208
42.853589786105125,0.7916056389600878,0.6617132867132867,0.5425894378194208
42.861880285193166,0.7916056389600878,0.6617132867132867,0.5425894378194208
42.870170784281214,0.7916056389600878,0.6617132867132867,0.5425894378194208
42.87846128336926,0.7916971805199561,0.6618881118881119,0.5425894378194208
42.8867517824573,0.7918344928597584,0.6620629370629371,0.5425894378194208
42.89504228154535,0.7918802636396924,0.6622377622377622,0.5425894378194208
42.90333278063339,0.7918802636396924,0.6622377622377622,0.5425894378194208
42.91162327972144,0.7919718051995606,0.6624125874125875,0.5425894378194208
42.91991377880949,0.7921548883192969,0.6625874125874126,0.5434412265758092
42.92820427789753,0.7922006590992311,0.6627622377622377,0.5434412265758092
42.936494776985576,0.7922464298791652,0.6629370629370629,0.5434412265758092
42.94478527607362,0.7922464298791652,0.6629370629370629,0.5434412265758092
42.953075775161665,0.7929329915781765,0.6631118881118881,0.5434412265758092
42.96136627424971,0.7929787623581106,0.6632867132867133,0.5434412265758092
42.96965677333775,0.7930703039179787,0.6634615384615384,0.5442930153321976
42.9779472724258,0.793161845477847,0.6636363636363637,0.5442930153321976
42.98623777151384,0.793161845477847,0.6636363636363637,0.5442930153321976
42.99452827060189,0.7933906993775174,0.6638111888111888,0.5442930153321976
43.00281876968994,0.7935737824972537,0.663986013986014,0.5442930153321976
43.01110926877798,0.7935737824972537,0.663986013986014,0.5442930153321976
43.01939976786603,0.793711094837056,0.6641608391608391,0.5442930153321976
43.02769026695407,0.793711094837056,0.6641608391608391,0.5442930153321976
43.035980766042115,0.7937568656169901,0.6643356643356644,0.5442930153321976
43.04427126513016,0.7938026363969242,0.6645104895104895,0.5442930153321976
43.052561764218204,0.7939857195166605,0.6646853146853147,0.5442930153321976
43.06085226330625,0.7940314902965947,0.6648601398601398,0.5442930153321976
43.06914276239429,0.7940314902965947,0.6648601398601398,0.5442930153321976
43.07743326148234,0.7940314902965947,0.6648601398601398,0.5442930153321976
43.08572376057039,0.7940772610765288,0.6650349650349651,0.545144804088586
43.09401425965843,0.7940772610765288,0.6650349650349651,0.545144804088586
43.10230475874648,0.7941230318564628,0.6652097902097902,0.545144804088586
43.11059525783452,0.7941230318564628,0.6652097902097902,0.545144804088586
43.118885756922566,0.7941230318564628,0.6652097902097902,0.545144804088586
43.127176256010614,0.7941688026363969,0.6653846153846154,0.545144804088586
43.135466755098655,0.7943976565360674,0.6655594405594406,0.545144804088586
43.1437572541867,0.7944434273160015,0.6657342657342658,0.545144804088586
43.15204775327475,0.7946265104357378,0.6659090909090909,0.545144804088586
43.16033825236279,0.7946265104357378,0.6659090909090909,0.5459965928449745
43.16862875145084,0.7946722812156719,0.666083916083916,0.5468483816013628
43.17691925053888,0.7948095935554742,0.6662587412587413,0.5468483816013628
43.18520974962693,0.7948095935554742,0.6662587412587413,0.5468483816013628
43.193500248714976,0.7949011351153423,0.6664335664335664,0.5468483816013628
43.20179074780302,0.7949011351153423,0.6664335664335664,0.5477001703577513
43.210081246891065,0.7949011351153423,0.6664335664335664,0.5477001703577513
43.218371745979105,0.7949011351153423,0.6664335664335664,0.5477001703577513
43.22666224506715,0.7949011351153423,0.6664335664335664,0.5477001703577513
43.2349527441552,0.7949469058952765,0.6666083916083916,0.5477001703577513
43.24324324324324,0.7949469058952765,0.6666083916083916,0.5477001703577513
43.25153374233129,0.7950384474551446,0.6667832167832168,0.5477001703577513
43.25982424141933,0.7950842182350787,0.666958041958042,0.5477001703577513
43.26811474050738,0.7951757597949469,0.6671328671328671,0.5477001703577513
43.27640523959543,0.795221530574881,0.6673076923076923,0.5477001703577513
43.28469573868347,0.795221530574881,0.6673076923076923,0.5477001703577513
43.292986237771515,0.7953130721347492,0.6674825174825175,0.5477001703577513
43.301276736859556,0.7953588429146833,0.6676573426573427,0.5477001703577513
43.309567235947604,0.7954503844745514,0.6678321678321678,0.5477001703577513
43.31785773503565,0.7956334675942878,0.668006993006993,0.5477001703577513
43.32614823412369,0.7956334675942878,0.668006993006993,0.5477001703577513
43.33443873321174,0.7956334675942878,0.668006993006993,0.5485519591141397
43.34272923229978,0.7958165507140241,0.6681818181818182,0.5485519591141397
43.35101973138783,0.7959080922738924,0.6683566433566434,0.5485519591141397
43.35931023047588,0.7959080922738924,0.6683566433566434,0.5485519591141397
43.36760072956392,0.7959080922738924,0.6683566433566434,0.5485519591141397
43.375891228651966,0.7960911753936287,0.6685314685314685,0.5494037478705281
43.38418172774001,0.7961369461735628,0.6687062937062938,0.5494037478705281
43.392472226828055,0.7961369461735628,0.6687062937062938,0.5494037478705281
43.4007627259161,0.7961369461735628,0.6687062937062938,0.5502555366269165
43.40905322500414,0.7964573416331014,0.6688811188811189,0.5502555366269165
43.41734372409219,0.7965031124130355,0.669055944055944,0.5502555366269165
43.42563422318023,0.7965031124130355,0.669055944055944,0.5502555366269165
43.43392472226828,0.7967319663127059,0.6692307692307692,0.5502555366269165
43.44221522135633,0.7968235078725742,0.6694055944055944,0.5502555366269165
43.45050572044437,0.7968235078725742,0.6694055944055944,0.5502555366269165
43.45879621953242,0.7968692786525082,0.6695804195804196,0.5502555366269165
43.46708671862046,0.7968692786525082,0.6695804195804196,0.5502555366269165
43.475377217708505,0.7968692786525082,0.6695804195804196,0.551107325383305
43.48366771679655,0.7969608202123765,0.6697552447552447,0.551107325383305
43.491958215884594,0.7969608202123765,0.6697552447552447,0.551107325383305
43.50024871497264,0.7970065909923105,0.66993006993007,0.551107325383305
43.50853921406069,0.7970065909923105,0.66993006993007,0.551107325383305
43.51682971314873,0.7970981325521787,0.6701048951048951,0.551107325383305
43.52512021223678,0.7970981325521787,0.6701048951048951,0.551107325383305
43.53341071132482,0.7971896741120469,0.6702797202797203,0.551107325383305
43.54170121041287,0.7971896741120469,0.6702797202797203,0.5519591141396933
43.549991709500915,0.797235444891981,0.6704545454545454,0.5519591141396933
43.558282208588956,0.797235444891981,0.6704545454545454,0.5519591141396933
43.566572707677004,0.7975100695715855,0.6706293706293707,0.5519591141396933
43.574863206765045,0.7976473819113877,0.6708041958041958,0.5519591141396933
43.58315370585309,0.79778469425119,0.670979020979021,0.5519591141396933
43.59144420494114,0.7979220065909923,0.6711538461538461,0.5519591141396933
43.59973470402918,0.7981508604906628,0.6713286713286714,0.5519591141396933
43.60802520311723,0.7981508604906628,0.6713286713286714,0.5519591141396933
43.61631570220527,0.7981508604906628,0.6713286713286714,0.5519591141396933
43.62460620129332,0.7981508604906628,0.6713286713286714,0.5519591141396933
43.632896700381366,0.7983339436103991,0.6715034965034965,0.5528109028960818
43.64118719946941,0.7983339436103991,0.6715034965034965,0.5528109028960818
43.649477698557455,0.7983339436103991,0.6715034965034965,0.5528109028960818
43.657768197645495,0.7983339436103991,0.6715034965034965,0.5528109028960818
43.66605869673354,0.7983339436103991,0.6715034965034965,0.5528109028960818
43.67434919582159,0.7985627975100695,0.6716783216783216,0.5528109028960818
43.68263969490963,0.7989289637495423,0.6718531468531469,0.5528109028960818
43.69093019399768,0.7992035884291468,0.672027972027972,0.5528109028960818
43.69922069308572,0.7992035884291468,0.672027972027972,0.5528109028960818
43.70751119217377,0.7992035884291468,0.672027972027972,0.5536626916524702
43.71580169126182,0.7992493592090809,0.6722027972027972,0.5545144804088586
43.72409219034986,0.7992493592090809,0.6722027972027972,0.5545144804088586
43.732382689437905,0.7992493592090809,0.6722027972027972,0.5545144804088586
43.740673188525946,0.799295129989015,0.6723776223776223,0.5545144804088586
43.748963687613994,0.7993866715488832,0.6725524475524476,0.5545144804088586
43.75725418670204,0.7993866715488832,0.6725524475524476,0.5545144804088586
43.76554468579008,0.7994782131087513,0.6727272727272727,0.5545144804088586
43.77383518487813,0.7996155254485536,0.6729020979020979,0.5545144804088586
43.78212568396617,0.7996155254485536,0.6729020979020979,0.555366269165247
43.79041618305422,0.7997070670084219,0.6730769230769231,0.555366269165247
43.79870668214227,0.7997070670084219,0.6730769230769231,0.555366269165247
43.80699718123031,0.7997070670084219,0.6730769230769231,0.555366269165247
43.815287680318356,0.8000274624679604,0.6732517482517483,0.555366269165247
43.8235781794064,0.8001190040278287,0.6734265734265734,0.555366269165247
43.831868678494445,0.8001190040278287,0.6734265734265734,0.555366269165247
43.84015917758249,0.8001190040278287,0.6734265734265734,0.555366269165247
43.84844967667053,0.8001190040278287,0.6734265734265734,0.555366269165247
43.85674017575858,0.8001647748077627,0.6736013986013986,0.555366269165247
43.86503067484663,0.8001647748077627,0.6736013986013986,0.555366269165247
43.87332117393467,0.8001647748077627,0.6736013986013986,0.555366269165247
43.88161167302272,0.8001647748077627,0.6736013986013986,0.555366269165247
43.88990217211076,0.800302087147565,0.6737762237762238,0.555366269165247
43.89819267119881,0.800302087147565,0.6737762237762238,0.555366269165247
43.906483170286855,0.800302087147565,0.6737762237762238,0.555366269165247
43.914773669374895,0.800302087147565,0.6737762237762238,0.555366269165247
43.92306416846294,0.8003478579274991,0.673951048951049,0.555366269165247
43.931354667550984,0.8003478579274991,0.673951048951049,0.555366269165247
43.93964516663903,0.8003478579274991,0.673951048951049,0.555366269165247
43.94793566572708,0.8003936287074331,0.6741258741258741,0.555366269165247
43.95622616481512,0.8003936287074331,0.6741258741258741,0.5562180579216355
43.96451666390317,0.8005309410472354,0.6743006993006992,0.5562180579216355
43.97280716299121,0.8005767118271695,0.6744755244755245,0.5562180579216355
43.98109766207926,0.8007140241669718,0.6746503496503496,0.5570698466780238
43.989388161167305,0.8007140241669718,0.6746503496503496,0.5570698466780238
43.997678660255346,0.80080556572684,0.6748251748251748,0.5570698466780238
44.005969159343394,0.80080556572684,0.6748251748251748,0.5570698466780238
44.014259658431435,0.8008971072867082,0.675,0.5570698466780238
44.02255015751948,0.8008971072867082,0.675,0.5570698466780238
44.03084065660753,0.8009428780666422,0.6751748251748252,0.5579216354344123
44.03913115569557,0.8009886488465764,0.6753496503496503,0.5579216354344123
44.04742165478362,0.8012632735261809,0.6755244755244755,0.5579216354344123
44.05571215387166,0.8014005858659832,0.6756993006993007,0.5579216354344123
44.06400265295971,0.8015836689857195,0.6758741258741259,0.5579216354344123
44.072293152047756,0.8019040644452582,0.676048951048951,0.5587734241908007
44.0805836511358,0.8020413767850604,0.6762237762237763,0.5587734241908007
44.088874150223845,0.8020413767850604,0.6762237762237763,0.5587734241908007
44.097164649311885,0.8022702306847309,0.6763986013986014,0.5587734241908007
44.10545514839993,0.8022702306847309,0.6763986013986014,0.5587734241908007
44.11374564748798,0.802316001464665,0.6765734265734266,0.5587734241908007
44.12203614657602,0.802316001464665,0.6765734265734266,0.5587734241908007
44.13032664566407,0.802361772244599,0.6767482517482517,0.5587734241908007
44.13861714475211,0.8024075430245331,0.676923076923077,0.5596252129471891
44.14690764384016,0.8025906261442695,0.6770979020979021,0.5596252129471891
44.15519814292821,0.8025906261442695,0.6770979020979021,0.5596252129471891
44.16348864201625,0.8027279384840718,0.6772727272727272,0.5596252129471891
44.171779141104295,0.8033229586232149,0.6774475524475524,0.5596252129471891
44.180069640192336,0.8033229586232149,0.6774475524475524,0.5596252129471891
44.188360139280384,0.8033229586232149,0.6774475524475524,0.5596252129471891
44.19665063836843,0.8033229586232149,0.6774475524475524,0.5596252129471891
44.20494113745647,0.8035975833028195,0.6776223776223776,0.5596252129471891
44.21323163654452,0.8035975833028195,0.6776223776223776,0.5596252129471891
44.22152213563257,0.8037806664225559,0.6777972027972028,0.5596252129471891
44.22981263472061,0.803872207982424,0.6779720279720279,0.5596252129471891
44.23810313380866,0.803872207982424,0.6779720279720279,0.5596252129471891
44.2463936328967,0.8041010618820945,0.6781468531468532,0.5596252129471891
44.254684131984746,0.8041010618820945,0.6781468531468532,0.5596252129471891
44.262974631072794,0.8042383742218967,0.6783216783216783,0.5596252129471891
44.271265130160835,0.8042383742218967,0.6783216783216783,0.5596252129471891
44.27955562924888,0.8042383742218967,0.6783216783216783,0.5596252129471891
44.28784612833692,0.8042841450018309,0.6784965034965035,0.5596252129471891
44.29613662742497,0.8042841450018309,0.6784965034965035,0.5596252129471891
44.30442712651302,0.8042841450018309,0.6784965034965035,0.5596252129471891
44.31271762560106,0.8044214573416331,0.6786713286713286,0.5596252129471891
44.32100812468911,0.8044672281215672,0.6788461538461539,0.5596252129471891
44.32929862377715,0.8044672281215672,0.6788461538461539,0.5596252129471891
44.3375891228652,0.8045129989015013,0.679020979020979,0.5596252129471891
44.345879621953245,0.8045129989015013,0.679020979020979,0.5596252129471891
44.354170121041285,0.8046045404613694,0.6791958041958042,0.5596252129471891
44.36246062012933,0.8046045404613694,0.6791958041958042,0.5596252129471891
44.370751119217374,0.804879165140974,0.6793706293706294,0.5596252129471891
44.37904161830542,0.8050622482607104,0.6795454545454546,0.5596252129471891
44.38733211739347,0.8052453313804467,0.6797202797202797,0.5596252129471891
44.39562261648151,0.8054284145001831,0.6798951048951049,0.5604770017035775
44.40391311556956,0.8055199560600512,0.6800699300699301,0.5604770017035775
44.4122036146576,0.8056114976199195,0.6802447552447553,0.5604770017035775
44.42049411374565,0.8056572683998535,0.6804195804195804,0.5604770017035775
44.428784612833695,0.8057030391797876,0.6805944055944056,0.5604770017035775
44.437075111921736,0.8057488099597218,0.6807692307692308,0.5604770017035775
44.445365611009784,0.8057488099597218,0.6807692307692308,0.5604770017035775
44.453656110097825,0.8057488099597218,0.6807692307692308,0.5604770017035775
44.46194660918587,0.8057488099597218,0.6807692307692308,0.5604770017035775
44.47023710827392,0.8057945807396558,0.6809440559440559,0.5604770017035775
44.47852760736196,0.8060234346393262,0.6811188811188811,0.5604770017035775
44.48681810645001,0.8060692054192603,0.6812937062937063,0.5604770017035775
44.49510860553805,0.8062522885389967,0.6814685314685315,0.5604770017035775
44.5033991046261,0.8062522885389967,0.6814685314685315,0.5604770017035775
44.511689603714146,0.8062980593189308,0.6816433566433566,0.5604770017035775
44.51998010280219,0.8062980593189308,0.6816433566433566,0.5604770017035775
44.528270601890235,0.8062980593189308,0.6816433566433566,0.5604770017035775
44.536561100978275,0.806389600878799,0.6818181818181818,0.5604770017035775
44.54485160006632,0.8064811424386672,0.681993006993007,0.5604770017035775
44.55314209915437,0.8064811424386672,0.681993006993007,0.5604770017035775
44.56143259824241,0.8064811424386672,0.681993006993007,0.5604770017035775
44.56972309733046,0.8065726839985353,0.6821678321678322,0.5604770017035775
44.57801359641851,0.8065726839985353,0.6821678321678322,0.5604770017035775
44.58630409550655,0.8065726839985353,0.6821678321678322,0.5604770017035775
44.5945945945946,0.8065726839985353,0.6821678321678322,0.5604770017035775
44.60288509368264,0.8065726839985353,0.6821678321678322,0.5604770017035775
44.611175592770685,0.8066642255584036,0.6823426573426573,0.5604770017035775
44.61946609185873,0.806938850238008,0.6825174825174826,0.5604770017035775
44.627756590946774,0.806938850238008,0.6825174825174826,0.5604770017035775
44.63604709003482,0.8071219333577444,0.6826923076923077,0.5604770017035775
44.64433758912286,0.8074423288172831,0.6828671328671329,0.5604770017035775
44.65262808821091,0.8078084950567558,0.683041958041958,0.5604770017035775
44.66091858729896,0.8079000366166239,0.6832167832167833,0.5604770017035775
44.669209086387,0.8079000366166239,0.6832167832167833,0.5604770017035775
44.67749958547505,0.8081288905162944,0.6833916083916084,0.5604770017035775
44.68579008456309,0.8081746612962285,0.6835664335664335,0.5604770017035775
44.694080583651136,0.8082662028560966,0.6837412587412588,0.5604770017035775
44.702371082739184,0.8082662028560966,0.6837412587412588,0.5604770017035775
44.710661581827225,0.8084950567557672,0.6839160839160839,0.5604770017035775
44.71895208091527,0.8084950567557672,0.6839160839160839,0.5604770017035775
44.72724258000331,0.8084950567557672,0.6839160839160839,0.5604770017035775
44.73553307909136,0.8084950567557672,0.6839160839160839,0.5604770017035775
44.74382357817941,0.8084950567557672,0.6839160839160839,0.5604770017035775
44.75211407726745,0.8085865983156353,0.6840909090909091,0.5604770017035775
44.7604045763555,0.8085865983156353,0.6840909090909091,0.561328790459966
44.76869507544354,0.8085865983156353,0.6840909090909091,0.561328790459966
44.77698557453159,0.8086323690955693,0.6842657342657342,0.561328790459966
44.785276073619634,0.8086781398755035,0.6844405594405595,0.561328790459966
44.793566572707675,0.8087239106554376,0.6846153846153846,0.561328790459966
44.80185707179572,0.8087239106554376,0.6846153846153846,0.561328790459966
44.810147570883764,0.8087239106554376,0.6846153846153846,0.561328790459966
44.81843806997181,0.8087239106554376,0.6846153846153846,0.561328790459966
44.82672856905986,0.8087696814353716,0.6847902097902098,0.561328790459966
44.8350190681479,0.808952764555108,0.6849650349650349,0.561328790459966
44.84330956723595,0.8089985353350421,0.6851398601398602,0.561328790459966
44.85160006632399,0.8089985353350421,0.6851398601398602,0.561328790459966
44.85989056541204,0.8089985353350421,0.6851398601398602,0.561328790459966
44.868181064500085,0.8092731600146467,0.6853146853146853,0.561328790459966
44.876471563588126,0.8093189307945807,0.6854895104895105,0.561328790459966
44.884762062676174,0.8093189307945807,0.6854895104895105,0.561328790459966
44.893052561764215,0.8093189307945807,0.6854895104895105,0.561328790459966
44.90134306085226,0.8095935554741853,0.6856643356643357,0.561328790459966
44.90963355994031,0.8095935554741853,0.6856643356643357,0.5621805792163543
44.91792405902835,0.8096393262541194,0.6858391608391609,0.5621805792163543
44.9262145581164,0.8096393262541194,0.6858391608391609,0.5621805792163543
44.93450505720445,0.8097766385939217,0.686013986013986,0.5621805792163543
44.94279555629249,0.8098224093738557,0.6861888111888111,0.5621805792163543
44.951086055380536,0.8100970340534602,0.6863636363636364,0.5630323679727428
44.95937655446858,0.8100970340534602,0.6863636363636364,0.5630323679727428
44.967667053556625,0.8100970340534602,0.6863636363636364,0.5630323679727428
44.97595755264467,0.8101428048333944,0.6865384615384615,0.5630323679727428
44.98424805173271,0.8101428048333944,0.6865384615384615,0.5638841567291312
44.99253855082076,0.8101885756133285,0.6867132867132867,0.5638841567291312
45.0008290499088,0.8106920541926035,0.6868881118881119,0.5638841567291312
45.00911954899685,0.8107378249725375,0.6870629370629371,0.5638841567291312
45.0174100480849,0.8108751373123398,0.6872377622377622,0.5638841567291312
45.02570054717294,0.8109209080922739,0.6874125874125874,0.5647359454855196
45.03399104626099,0.8110582204320762,0.6875874125874126,0.5647359454855196
45.04228154534903,0.8111039912120103,0.6877622377622378,0.565587734241908
45.050572044437075,0.8111039912120103,0.6877622377622378,0.565587734241908
45.05886254352512,0.8111497619919443,0.6879370629370629,0.565587734241908
45.067153042613164,0.8115616990113511,0.6881118881118881,0.565587734241908
45.07544354170121,0.8115616990113511,0.6881118881118881,0.565587734241908
45.08373404078925,0.8115616990113511,0.6881118881118881,0.565587734241908
45.0920245398773,0.8116074697912853,0.6882867132867133,0.565587734241908
45.10031503896535,0.8116074697912853,0.6882867132867133,0.565587734241908
45.10860553805339,0.8116074697912853,0.6882867132867133,0.565587734241908
45.11689603714144,0.8116532405712193,0.6884615384615385,0.565587734241908
45.12518653622948,0.8116990113511534,0.6886363636363636,0.565587734241908
45.133477035317526,0.8116990113511534,0.6886363636363636,0.565587734241908
45.141767534405574,0.8116990113511534,0.6886363636363636,0.565587734241908
45.150058033493615,0.8116990113511534,0.6886363636363636,0.565587734241908
45.15834853258166,0.8116990113511534,0.6886363636363636,0.565587734241908
45.1666390316697,0.8117905529110216,0.6888111888111889,0.565587734241908
45.17492953075775,0.8118363236909557,0.688986013986014,0.5664395229982965
45.1832200298458,0.8118820944708898,0.6891608391608391,0.5664395229982965
45.19151052893384,0.8118820944708898,0.6891608391608391,0.5664395229982965
45.19980102802189,0.8118820944708898,0.6891608391608391,0.5664395229982965
45.20809152710993,0.8118820944708898,0.6891608391608391,0.5664395229982965
45.21638202619798,0.8120194068106921,0.6893356643356643,0.5672913117546848
45.224672525286024,0.8122024899304284,0.6895104895104895,0.5681431005110733
45.232963024374065,0.8122024899304284,0.6895104895104895,0.5689948892674617
45.24125352346211,0.8122024899304284,0.6895104895104895,0.5698466780238501
45.24954402255016,0.8123855730501648,0.6896853146853147,0.5698466780238501
45.2578345216382,0.8123855730501648,0.6896853146853147,0.5698466780238501
45.26612502072625,0.8125228853899671,0.6898601398601398,0.5698466780238501
45.27441551981429,0.8125228853899671,0.6898601398601398,0.5698466780238501
45.28270601890234,0.8126144269498352,0.6900349650349651,0.5698466780238501
45.290996517990386,0.8126601977297693,0.6902097902097902,0.5698466780238501
45.29928701707843,0.8127517392896375,0.6903846153846154,0.5698466780238501
45.307577516166475,0.8127517392896375,0.6903846153846154,0.5698466780238501
45.315868015254516,0.8128432808495056,0.6905594405594405,0.5698466780238501
45.324158514342564,0.8128432808495056,0.6905594405594405,0.5698466780238501
45.33244901343061,0.8128432808495056,0.6905594405594405,0.5698466780238501
45.34073951251865,0.8128890516294398,0.6907342657342658,0.5698466780238501
45.3490300116067,0.8130721347491762,0.6909090909090909,0.5698466780238501
45.35732051069474,0.8131636763090443,0.6910839160839161,0.5698466780238501
45.36561100978279,0.8131636763090443,0.6910839160839161,0.5698466780238501
45.37390150887084,0.8133009886488466,0.6912587412587412,0.5706984667802385
45.38219200795888,0.8133925302087147,0.6914335664335665,0.5706984667802385
45.390482507046926,0.8133925302087147,0.6914335664335665,0.5706984667802385
45.39877300613497,0.8135756133284511,0.6916083916083916,0.5706984667802385
45.407063505223014,0.8135756133284511,0.6916083916083916,0.5706984667802385
45.41535400431106,0.8135756133284511,0.6916083916083916,0.5706984667802385
45.4236445033991,0.8136213841083852,0.6917832167832167,0.5706984667802385
45.43193500248715,0.8136213841083852,0.6917832167832167,0.5706984667802385
45.44022550157519,0.8136213841083852,0.6917832167832167,0.5706984667802385
45.44851600066324,0.8137586964481874,0.691958041958042,0.5706984667802385
45.45680649975129,0.8138502380080557,0.6921328671328671,0.5706984667802385
45.46509699883933,0.8138502380080557,0.6921328671328671,0.5706984667802385
45.473387497927376,0.8138960087879897,0.6923076923076923,0.5715502555366269
45.48167799701542,0.8139417795679238,0.6924825174825174,0.5715502555366269
45.489968496103465,0.8142164042475284,0.6926573426573427,0.5715502555366269
45.49825899519151,0.8142621750274625,0.6928321678321678,0.5715502555366269
45.506549494279554,0.8143537165873307,0.693006993006993,0.5715502555366269
45.5148399933676,0.8144910289271329,0.6931818181818182,0.5715502555366269
45.52313049245564,0.8144910289271329,0.6931818181818182,0.5715502555366269
45.53142099154369,0.8148114243866715,0.6933566433566434,0.5715502555366269
45.53971149063174,0.8148114243866715,0.6933566433566434,0.5715502555366269
45.54800198971978,0.8148114243866715,0.6933566433566434,0.5715502555366269
45.55629248880783,0.8148114243866715,0.6933566433566434,0.5715502555366269
45.56458298789587,0.8149487367264738,0.6935314685314685,0.5715502555366269
45.572873486983916,0.815040278286342,0.6937062937062937,0.5715502555366269
45.581163986071964,0.815040278286342,0.6937062937062937,0.5715502555366269
45.589454485160005,0.8152233614060783,0.6938811188811189,0.5724020442930153
45.59774498424805,0.8152233614060783,0.6938811188811189,0.5724020442930153
45.6060354833361,0.8152233614060783,0.6938811188811189,0.5724020442930153
45.61432598242414,0.8153149029659466,0.6940559440559441,0.5724020442930153
45.62261648151219,0.8153149029659466,0.6940559440559441,0.5724020442930153
45.63090698060023,0.8153149029659466,0.6940559440559441,0.5724020442930153
45.63919747968828,0.8153149029659466,0.6940559440559441,0.5724020442930153
45.647487978776326,0.8153149029659466,0.6940559440559441,0.5724020442930153
45.65577847786437,0.8154064445258147,0.6942307692307692,0.5724020442930153
45.664068976952414,0.8154064445258147,0.6942307692307692,0.5724020442930153
45.672359476040455,0.8154064445258147,0.6942307692307692,0.5724020442930153
45.6806499751285,0.8157726107652874,0.6944055944055944,0.5724020442930153
45.68894047421655,0.8159556938850238,0.6945804195804196,0.5724020442930153
45.69723097330459,0.8160014646649579,0.6947552447552447,0.5724020442930153
45.70552147239264,0.8160014646649579,0.6947552447552447,0.5724020442930153
45.71381197148068,0.8160014646649579,0.6947552447552447,0.5724020442930153
45.72210247056873,0.816047235444892,0.6949300699300699,0.5724020442930153
45.730392969656776,0.816047235444892,0.6949300699300699,0.5724020442930153
45.73868346874482,0.816047235444892,0.6949300699300699,0.5724020442930153
45.746973967832865,0.816047235444892,0.6949300699300699,0.5724020442930153
45.755264466920906,0.8162760893445624,0.6951048951048951,0.5724020442930153
45.763554966008954,0.8162760893445624,0.6951048951048951,0.5724020442930153
45.771845465097,0.8162760893445624,0.6951048951048951,0.5724020442930153
45.78013596418504,0.8163218601244965,0.6952797202797203,0.5732538330494037
45.78842646327309,0.8164134016843647,0.6954545454545454,0.5732538330494037
45.79671696236113,0.8165964848041011,0.6956293706293706,0.5732538330494037
45.80500746144918,0.8165964848041011,0.6956293706293706,0.5732538330494037
45.81329796053723,0.8167337971439034,0.6958041958041958,0.5732538330494037
45.82158845962527,0.8167337971439034,0.6958041958041958,0.5732538330494037
45.829878958713316,0.8167337971439034,0.6958041958041958,0.5732538330494037
45.83816945780136,0.8167795679238374,0.695979020979021,0.5732538330494037
45.846459956889404,0.8170541926034419,0.6961538461538461,0.5732538330494037
45.85475045597745,0.8170541926034419,0.6961538461538461,0.5732538330494037
45.86304095506549,0.8170541926034419,0.6961538461538461,0.5732538330494037
45.87133145415354,0.8174661296228488,0.6963286713286714,0.5732538330494037
45.87962195324158,0.8174661296228488,0.6963286713286714,0.5732538330494037
45.88791245232963,0.8176492127425852,0.6965034965034965,0.5732538330494037
45.89620295141768,0.8177865250823874,0.6966783216783217,0.5732538330494037
45.90449345050572,0.8177865250823874,0.6966783216783217,0.5732538330494037
45.912783949593766,0.8177865250823874,0.6966783216783217,0.5732538330494037
45.92107444868181,0.8177865250823874,0.6966783216783217,0.5732538330494037
45.929364947769855,0.8177865250823874,0.6966783216783217,0.5732538330494037
45.9376554468579,0.8179696082021237,0.6968531468531468,0.5741056218057922
45.945945945945944,0.8179696082021237,0.6968531468531468,0.5741056218057922
45.95423644503399,0.8180153789820579,0.6970279720279721,0.5741056218057922
45.96252694412204,0.8181526913218601,0.6972027972027972,0.5741056218057922
45.97081744321008,0.8181526913218601,0.6972027972027972,0.5741056218057922
45.97910794229813,0.8182442328817283,0.6973776223776224,0.5741056218057922
45.98739844138617,0.8182442328817283,0.6973776223776224,0.5749574105621805
45.99568894047422,0.8183815452215306,0.6975524475524476,0.5749574105621805
46.003979439562265,0.8183815452215306,0.6975524475524476,0.5749574105621805
46.012269938650306,0.8184273160014647,0.6977272727272728,0.5749574105621805
46.020560437738354,0.8184730867813987,0.6979020979020979,0.5749574105621805
46.028850936826395,0.818564628341267,0.698076923076923,0.575809199318569
46.03714143591444,0.8187477114610033,0.6982517482517483,0.575809199318569
46.04543193500249,0.8187477114610033,0.6982517482517483,0.575809199318569
46.05372243409053,0.8187477114610033,0.6982517482517483,0.575809199318569
46.06201293317858,0.8195258147198828,0.6984265734265734,0.575809199318569
46.07030343226662,0.8195715854998169,0.6986013986013986,0.575809199318569
46.07859393135467,0.8196631270596851,0.6987762237762237,0.575809199318569
46.086884430442716,0.8196631270596851,0.6987762237762237,0.575809199318569
46.09517492953076,0.8198004393994873,0.698951048951049,0.575809199318569
46.103465428618804,0.8198919809593556,0.6991258741258741,0.575809199318569
46.111755927706845,0.8200292932991579,0.6993006993006993,0.575809199318569
46.12004642679489,0.8200750640790919,0.6994755244755245,0.575809199318569
46.12833692588294,0.8203039179787623,0.6996503496503497,0.575809199318569
46.13662742497098,0.8203954595386306,0.6998251748251748,0.575809199318569
46.14491792405903,0.8205785426583669,0.7,0.575809199318569
46.15320842314707,0.8206700842182351,0.7001748251748252,0.575809199318569
46.16149892223512,0.8206700842182351,0.7001748251748252,0.575809199318569
46.169789421323166,0.8207158549981691,0.7003496503496504,0.575809199318569
46.17807992041121,0.8207616257781033,0.7005244755244755,0.575809199318569
46.186370419499255,0.8207616257781033,0.7005244755244755,0.575809199318569
46.194660918587296,0.8207616257781033,0.7005244755244755,0.575809199318569
46.202951417675344,0.8207616257781033,0.7005244755244755,0.575809199318569
46.21124191676339,0.8208531673379714,0.7006993006993008,0.5766609880749574
46.21953241585143,0.8208531673379714,0.7006993006993008,0.5766609880749574
46.22782291493948,0.8208531673379714,0.7006993006993008,0.5766609880749574
46.23611341402752,0.8208531673379714,0.7006993006993008,0.5766609880749574
46.24440391311557,0.8208531673379714,0.7006993006993008,0.5766609880749574
46.25269441220362,0.8208531673379714,0.7006993006993008,0.5766609880749574
46.26098491129166,0.8208531673379714,0.7006993006993008,0.5766609880749574
46.269275410379706,0.8208531673379714,0.7006993006993008,0.5766609880749574
46.27756590946775,0.8209904796777737,0.7008741258741259,0.5766609880749574
46.285856408555794,0.8210820212376418,0.701048951048951,0.5766609880749574
46.29414690764384,0.821127792017576,0.7012237762237762,0.5766609880749574
46.30243740673188,0.821127792017576,0.7012237762237762,0.5775127768313458
46.31072790581993,0.8211735627975101,0.7013986013986014,0.5775127768313458
46.31901840490798,0.8211735627975101,0.7013986013986014,0.5775127768313458
46.32730890399602,0.8214024166971805,0.7015734265734266,0.5775127768313458
46.33559940308407,0.8216770413767851,0.7017482517482517,0.5775127768313458
46.34388990217211,0.8217228121567192,0.7019230769230769,0.5775127768313458
46.352180401260156,0.8217228121567192,0.7019230769230769,0.5775127768313458
46.360470900348204,0.8217685829366532,0.7020979020979021,0.5775127768313458
46.368761399436245,0.8218601244965215,0.7022727272727273,0.5775127768313458
46.37705189852429,0.8218601244965215,0.7022727272727273,0.5783645655877342
46.385342397612334,0.8218601244965215,0.7022727272727273,0.5783645655877342
46.39363289670038,0.8218601244965215,0.7022727272727273,0.5783645655877342
46.40192339578843,0.8218601244965215,0.7022727272727273,0.5783645655877342
46.41021389487647,0.8218601244965215,0.7022727272727273,0.5783645655877342
46.41850439396452,0.8218601244965215,0.7022727272727273,0.5783645655877342
46.42679489305256,0.8220432076162578,0.7024475524475524,0.5783645655877342
46.43508539214061,0.822134749176126,0.7026223776223777,0.5783645655877342
46.443375891228655,0.822134749176126,0.7026223776223777,0.5783645655877342
46.451666390316696,0.822134749176126,0.7026223776223777,0.5783645655877342
46.459956889404744,0.822134749176126,0.7026223776223777,0.5783645655877342
46.468247388492784,0.822134749176126,0.7026223776223777,0.5783645655877342
46.47653788758083,0.822134749176126,0.7026223776223777,0.5792163543441227
46.48482838666888,0.82218051995606,0.7027972027972028,0.5792163543441227
46.49311888575692,0.82218051995606,0.7027972027972028,0.5792163543441227
46.50140938484497,0.8223178322958623,0.702972027972028,0.5792163543441227
46.50969988393301,0.8223178322958623,0.702972027972028,0.5792163543441227
46.51799038302106,0.8224093738557305,0.7031468531468531,0.580068143100511
46.526280882109106,0.8224551446356646,0.7033216783216784,0.580068143100511
46.534571381197146,0.8224551446356646,0.7033216783216784,0.580068143100511
46.542861880285194,0.8224551446356646,0.7033216783216784,0.580068143100511
46.551152379373235,0.8227297693152691,0.7034965034965035,0.580068143100511
46.55944287846128,0.8230043939948737,0.7036713286713286,0.580068143100511
46.56773337754933,0.8230043939948737,0.7036713286713286,0.580068143100511
46.57602387663737,0.8230959355547418,0.7038461538461539,0.580068143100511
46.58431437572542,0.82318747711461,0.704020979020979,0.580068143100511
46.59260487481346,0.82318747711461,0.704020979020979,0.580068143100511
46.60089537390151,0.8234163310142805,0.7041958041958042,0.580068143100511
46.609185872989556,0.8234621017942145,0.7043706293706293,0.580068143100511
46.6174763720776,0.8234621017942145,0.7043706293706293,0.580068143100511
46.625766871165645,0.8235536433540828,0.7045454545454546,0.580068143100511
46.634057370253686,0.8237367264738191,0.7047202797202797,0.580068143100511
46.642347869341734,0.8237367264738191,0.7047202797202797,0.580068143100511
46.65063836842978,0.8237367264738191,0.7047202797202797,0.580068143100511
46.65892886751782,0.8237367264738191,0.7047202797202797,0.580068143100511
46.66721936660587,0.8237367264738191,0.7047202797202797,0.580068143100511
46.67550986569392,0.82419443427316,0.7048951048951049,0.580068143100511
46.68380036478196,0.82419443427316,0.7048951048951049,0.580068143100511
46.69209086387001,0.82419443427316,0.7048951048951049,0.580068143100511
46.70038136295805,0.8246521420725009,0.70506993006993,0.580068143100511
46.708671862046096,0.8248352251922373,0.7052447552447553,0.580068143100511
46.716962361134144,0.8248809959721713,0.7054195804195804,0.580068143100511
46.725252860222184,0.8248809959721713,0.7054195804195804,0.580068143100511
46.73354335931023,0.8248809959721713,0.7054195804195804,0.580068143100511
46.74183385839827,0.8248809959721713,0.7054195804195804,0.580068143100511
46.75012435748632,0.825155620651776,0.7055944055944056,0.580068143100511
46.75841485657437,0.825155620651776,0.7055944055944056,0.580068143100511
46.76670535566241,0.8253844745514464,0.7057692307692308,0.580068143100511
46.77499585475046,0.8253844745514464,0.7057692307692308,0.580068143100511
46.7832863538385,0.8253844745514464,0.7057692307692308,0.580068143100511
46.791576852926546,0.8253844745514464,0.7057692307692308,0.580068143100511
46.799867352014594,0.8254302453313804,0.705944055944056,0.580068143100511
46.808157851102635,0.8254760161113145,0.7061188811188811,0.580068143100511
46.81644835019068,0.8255217868912487,0.7062937062937062,0.580068143100511
46.824738849278724,0.8256590992310509,0.7064685314685315,0.580068143100511
46.83302934836677,0.825704870010985,0.7066433566433566,0.580068143100511
46.84131984745482,0.8257506407909191,0.7068181818181818,0.580068143100511
46.84961034654286,0.8257506407909191,0.7068181818181818,0.580068143100511
46.85790084563091,0.8257964115708532,0.706993006993007,0.580068143100511
46.86619134471895,0.8258421823507872,0.7071678321678322,0.580068143100511
46.874481843807,0.8261625778103259,0.7073426573426573,0.5809199318568995
46.882772342895045,0.8262083485902599,0.7075174825174825,0.5809199318568995
46.891062841983086,0.8262083485902599,0.7075174825174825,0.5809199318568995
46.899353341071134,0.8262083485902599,0.7075174825174825,0.5809199318568995
46.907643840159174,0.8265287440497986,0.7076923076923077,0.5809199318568995
46.91593433924722,0.826711827169535,0.7078671328671329,0.5809199318568995
46.92422483833527,0.826757597949469,0.708041958041958,0.5809199318568995
46.93251533742331,0.826757597949469,0.708041958041958,0.5809199318568995
46.94080583651136,0.8268491395093372,0.7082167832167832,0.5809199318568995
46.9490963355994,0.8268491395093372,0.7082167832167832,0.5809199318568995
46.95738683468745,0.8270322226290736,0.7083916083916084,0.5809199318568995
46.965677333775496,0.8271237641889417,0.7085664335664336,0.5817717206132879
46.973967832863536,0.8271237641889417,0.7085664335664336,0.5817717206132879
46.982258331951584,0.82721530574881,0.7087412587412587,0.5826235093696763
46.990548831039625,0.82721530574881,0.7087412587412587,0.5826235093696763
46.99883933012767,0.82721530574881,0.7087412587412587,0.5826235093696763
47.00712982921572,0.8273526180886123,0.708916083916084,0.5826235093696763
47.01542032830376,0.8274441596484804,0.7090909090909091,0.5826235093696763
47.02371082739181,0.8275357012083486,0.7092657342657342,0.5826235093696763
47.03200132647986,0.8275357012083486,0.7092657342657342,0.5826235093696763
47.0402918255679,0.8278103258879531,0.7094405594405594,0.5826235093696763
47.048582324655946,0.8281307213474918,0.7096153846153846,0.5826235093696763
47.05687282374399,0.8281764921274258,0.7097902097902098,0.5826235093696763
47.065163322832035,0.8281764921274258,0.7097902097902098,0.5826235093696763
47.07345382192008,0.8283138044672281,0.7099650349650349,0.5826235093696763
47.081744321008124,0.8283138044672281,0.7099650349650349,0.5834752981260647
47.09003482009617,0.8288172830465032,0.7101398601398602,0.5834752981260647
47.09832531918421,0.8291834492859759,0.7103146853146853,0.5834752981260647
47.10661581827226,0.8291834492859759,0.7103146853146853,0.5834752981260647
47.11490631736031,0.8293207616257781,0.7104895104895105,0.5834752981260647
47.12319681644835,0.8293207616257781,0.7104895104895105,0.5834752981260647
47.1314873155364,0.8294123031856463,0.7106643356643356,0.5834752981260647
47.13977781462444,0.8294580739655804,0.7108391608391609,0.5834752981260647
47.148068313712486,0.8295038447455144,0.711013986013986,0.5834752981260647
47.15635881280053,0.8295038447455144,0.711013986013986,0.5834752981260647
47.164649311888574,0.8295038447455144,0.711013986013986,0.5834752981260647
47.17293981097662,0.8295038447455144,0.711013986013986,0.5834752981260647
47.18123031006466,0.8295038447455144,0.711013986013986,0.5834752981260647
47.18952080915271,0.8295038447455144,0.711013986013986,0.5834752981260647
47.19781130824076,0.8295953863053827,0.7111888111888112,0.5834752981260647
47.2061018073288,0.8296869278652508,0.7113636363636363,0.5834752981260647
47.21439230641685,0.8296869278652508,0.7113636363636363,0.5834752981260647
47.22268280550489,0.829732698645185,0.7115384615384616,0.5834752981260647
47.230973304592936,0.829778469425119,0.7117132867132867,0.5834752981260647
47.239263803680984,0.8298700109849871,0.7118881118881119,0.5843270868824532
47.247554302769025,0.8298700109849871,0.7118881118881119,0.5843270868824532
47.25584480185707,0.8300530941047235,0.7120629370629371,0.5843270868824532
47.264135300945114,0.8300530941047235,0.7120629370629371,0.5843270868824532
47.27242580003316,0.8301904064445258,0.7122377622377623,0.5843270868824532
47.28071629912121,0.8302361772244599,0.7124125874125874,0.5843270868824532
47.28900679820925,0.8302361772244599,0.7124125874125874,0.5843270868824532
47.2972972972973,0.8305108019040645,0.7125874125874125,0.5843270868824532
47.30558779638534,0.8306023434639326,0.7127622377622378,0.5843270868824532
47.31387829547339,0.8306023434639326,0.7127622377622378,0.5843270868824532
47.322168794561435,0.8306023434639326,0.7127622377622378,0.5843270868824532
47.330459293649476,0.8306481142438668,0.7129370629370629,0.5843270868824532
47.338749792737524,0.8308311973636031,0.7131118881118881,0.5843270868824532
47.347040291825564,0.8308311973636031,0.7131118881118881,0.5843270868824532
47.35533079091361,0.8308311973636031,0.7131118881118881,0.5843270868824532
47.36362129000166,0.8309227389234712,0.7132867132867133,0.5843270868824532
47.3719117890897,0.8309227389234712,0.7132867132867133,0.5843270868824532
47.38020228817775,0.8310142804833395,0.7134615384615385,0.5843270868824532
47.3884927872658,0.8310142804833395,0.7134615384615385,0.5843270868824532
47.39678328635384,0.8311515928231417,0.7136363636363636,0.5843270868824532
47.405073785441886,0.8314262175027463,0.7138111888111888,0.5843270868824532
47.413364284529926,0.8314719882826803,0.713986013986014,0.5843270868824532
47.421654783617974,0.8316093006224826,0.7141608391608392,0.5843270868824532
47.42994528270602,0.8316093006224826,0.7141608391608392,0.5843270868824532
47.43823578179406,0.8316550714024167,0.7143356643356643,0.5843270868824532
47.44652628088211,0.8317466129622849,0.7145104895104896,0.5843270868824532
47.45481677997015,0.831792383742219,0.7146853146853147,0.5843270868824532
47.4631072790582,0.831838154522153,0.7148601398601399,0.5843270868824532
47.47139777814625,0.831838154522153,0.7148601398601399,0.5843270868824532
47.47968827723429,0.8318839253020871,0.715034965034965,0.5843270868824532
47.487978776322336,0.8318839253020871,0.715034965034965,0.5843270868824532
47.49626927541038,0.8318839253020871,0.715034965034965,0.5843270868824532
47.504559774498425,0.8318839253020871,0.715034965034965,0.5843270868824532
47.51285027358647,0.8319296960820213,0.7152097902097903,0.5843270868824532
47.521140772674514,0.8319296960820213,0.7152097902097903,0.5843270868824532
47.52943127176256,0.8319754668619553,0.7153846153846154,0.5843270868824532
47.5377217708506,0.8319754668619553,0.7153846153846154,0.5843270868824532
47.54601226993865,0.8319754668619553,0.7153846153846154,0.5843270868824532
47.5543027690267,0.8321585499816917,0.7155594405594405,0.5843270868824532
47.56259326811474,0.8321585499816917,0.7155594405594405,0.5843270868824532
47.57088376720279,0.8322500915415598,0.7157342657342657,0.5843270868824532
47.57917426629083,0.8324789454412304,0.7159090909090909,0.5843270868824532
47.587464765378876,0.8326162577810325,0.7160839160839161,0.5843270868824532
47.59575526446692,0.8326620285609667,0.7162587412587412,0.5843270868824532
47.604045763554964,0.8326620285609667,0.7162587412587412,0.5843270868824532
47.61233626264301,0.8327077993409008,0.7164335664335665,0.5851788756388415
47.62062676173105,0.8327077993409008,0.7164335664335665,0.5851788756388415
47.6289172608191,0.8327077993409008,0.7164335664335665,0.5851788756388415
47.63720775990715,0.8329366532405712,0.7166083916083916,0.5851788756388415
47.64549825899519,0.8330281948004394,0.7167832167832168,0.5851788756388415
47.65378875808324,0.8330739655803735,0.7169580419580419,0.5851788756388415
47.66207925717128,0.8331655071402416,0.7171328671328672,0.5851788756388415
47.670369756259326,0.8332570487001099,0.7173076923076923,0.5851788756388415
47.678660255347374,0.8334859025997803,0.7174825174825175,0.5851788756388415
47.686950754435415,0.8334859025997803,0.7174825174825175,0.5851788756388415
47.69524125352346,0.8334859025997803,0.7174825174825175,0.5851788756388415
47.703531752611504,0.8338978396191871,0.7176573426573427,0.5851788756388415
47.71182225169955,0.8338978396191871,0.7176573426573427,0.5851788756388415
47.7201127507876,0.8338978396191871,0.7176573426573427,0.5851788756388415
47.72840324987564,0.8339893811790553,0.7178321678321679,0.5851788756388415
47.73669374896369,0.8339893811790553,0.7178321678321679,0.5851788756388415
47.744984248051736,0.8340809227389234,0.718006993006993,0.5851788756388415
47.75327474713978,0.8341724642987917,0.7181818181818181,0.5851788756388415
47.761565246227825,0.8341724642987917,0.7181818181818181,0.5851788756388415
47.769855745315866,0.8341724642987917,0.7181818181818181,0.5851788756388415
47.778146244403914,0.834309776638594,0.7183566433566434,0.5851788756388415
47.78643674349196,0.834355547418528,0.7185314685314685,0.5851788756388415
47.79472724258,0.834355547418528,0.7185314685314685,0.5851788756388415
47.80301774166805,0.834355547418528,0.7185314685314685,0.5851788756388415
47.81130824075609,0.834355547418528,0.7185314685314685,0.58603066439523
47.81959873984414,0.8344013181984621,0.7187062937062937,0.58603066439523
47.82788923893219,0.8344013181984621,0.7187062937062937,0.58603066439523
47.83617973802023,0.8344013181984621,0.7187062937062937,0.58603066439523
47.844470237108276,0.8344013181984621,0.7187062937062937,0.5868824531516184
47.852760736196316,0.8344013181984621,0.7187062937062937,0.5868824531516184
47.861051235284364,0.8344470889783961,0.7188811188811188,0.5868824531516184
47.86934173437241,0.8344470889783961,0.7188811188811188,0.5868824531516184
47.87763223346045,0.8345386305382644,0.7190559440559441,0.5868824531516184
47.8859227325485,0.8345386305382644,0.7190559440559441,0.5868824531516184
47.89421323163654,0.8345386305382644,0.7190559440559441,0.5868824531516184
47.90250373072459,0.8345386305382644,0.7190559440559441,0.5868824531516184
47.91079422981264,0.8345844013181984,0.7192307692307692,0.5868824531516184
47.91908472890068,0.8347217136580007,0.7194055944055944,0.5868824531516184
47.927375227988726,0.834859025997803,0.7195804195804196,0.5877342419080068
47.93566572707677,0.8354540461369462,0.7197552447552448,0.5877342419080068
47.943956226164815,0.8354540461369462,0.7197552447552448,0.5877342419080068
47.95224672525286,0.8354540461369462,0.7197552447552448,0.5877342419080068
47.960537224340904,0.8354540461369462,0.7197552447552448,0.5877342419080068
47.96882772342895,0.8354540461369462,0.7197552447552448,0.5877342419080068
47.97711822251699,0.8354540461369462,0.7197552447552448,0.5877342419080068
47.98540872160504,0.8354540461369462,0.7197552447552448,0.5877342419080068
47.99369922069309,0.8354998169168802,0.7199300699300699,0.5885860306643952
48.00198971978113,0.8356371292566825,0.7201048951048951,0.5885860306643952
48.01028021886918,0.8356371292566825,0.7201048951048951,0.5885860306643952
48.01857071795722,0.8356829000366166,0.7202797202797203,0.5885860306643952
48.026861217045266,0.8356829000366166,0.7202797202797203,0.5885860306643952
48.03515171613331,0.8357286708165507,0.7204545454545455,0.5885860306643952
48.043442215221354,0.8357744415964848,0.7206293706293706,0.5885860306643952
48.0517327143094,0.8361406078359576,0.7208041958041959,0.5885860306643952
48.06002321339744,0.8361863786158916,0.720979020979021,0.5885860306643952
48.06831371248549,0.8363236909556939,0.7211538461538461,0.5885860306643952
48.07660421157354,0.8363236909556939,0.7211538461538461,0.5885860306643952
48.08489471066158,0.8365067740754303,0.7213286713286713,0.5885860306643952
48.09318520974963,0.8365525448553643,0.7215034965034965,0.5885860306643952
48.101475708837675,0.8366440864152325,0.7216783216783217,0.5885860306643952
48.109766207925716,0.836872940314903,0.7218531468531468,0.5885860306643952
48.118056707013764,0.8372848773343098,0.722027972027972,0.5885860306643952
48.126347206101805,0.8373306481142438,0.7222027972027972,0.5885860306643952
48.13463770518985,0.8373306481142438,0.7222027972027972,0.5885860306643952
48.1429282042779,0.8373306481142438,0.7222027972027972,0.5885860306643952
48.15121870336594,0.8373306481142438,0.7222027972027972,0.5885860306643952
48.15950920245399,0.8373306481142438,0.7222027972027972,0.5885860306643952
48.16779970154203,0.8373306481142438,0.7222027972027972,0.5885860306643952
48.17609020063008,0.8373306481142438,0.7222027972027972,0.5885860306643952
48.184380699718126,0.8373306481142438,0.7222027972027972,0.5894378194207837
48.19267119880617,0.8374221896741121,0.7223776223776224,0.5894378194207837
48.200961697894215,0.8374221896741121,0.7223776223776224,0.5894378194207837
48.209252196982256,0.8374679604540461,0.7225524475524475,0.5894378194207837
48.2175426960703,0.8377883559135848,0.7227272727272728,0.5894378194207837
48.22583319515835,0.8377883559135848,0.7227272727272728,0.5894378194207837
48.23412369424639,0.8377883559135848,0.7227272727272728,0.5894378194207837
48.24241419333444,0.837925668253387,0.7229020979020979,0.5894378194207837
48.25070469242248,0.837925668253387,0.7229020979020979,0.5894378194207837
48.25899519151053,0.8379714390333212,0.7230769230769231,0.590289608177172
48.26728569059858,0.8380172098132552,0.7232517482517482,0.5911413969335605
48.27557618968662,0.8382002929329916,0.7234265734265735,0.5911413969335605
48.283866688774665,0.8382918344928597,0.7236013986013986,0.5911413969335605
48.292157187862706,0.8382918344928597,0.7236013986013986,0.5911413969335605
48.300447686950754,0.8382918344928597,0.7236013986013986,0.5911413969335605
48.3087381860388,0.8384749176125961,0.7237762237762237,0.5911413969335605
48.31702868512684,0.8384749176125961,0.7237762237762237,0.5911413969335605
48.32531918421489,0.8384749176125961,0.7237762237762237,0.5911413969335605
48.33360968330293,0.8384749176125961,0.7237762237762237,0.5911413969335605
48.34190018239098,0.8384749176125961,0.7237762237762237,0.5911413969335605
48.35019068147903,0.8384749176125961,0.7237762237762237,0.5911413969335605
48.35848118056707,0.8388410838520688,0.723951048951049,0.5911413969335605
48.366771679655116,0.8391614793116074,0.7241258741258741,0.5911413969335605
48.37506217874316,0.8392072500915415,0.7243006993006993,0.5911413969335605
48.383352677831205,0.8392530208714757,0.7244755244755244,0.5919931856899489
48.39164317691925,0.8393445624313438,0.7246503496503497,0.5919931856899489
48.399933676007294,0.8393445624313438,0.7246503496503497,0.5919931856899489
48.40822417509534,0.8396191871109484,0.7248251748251748,0.5919931856899489
48.41651467418339,0.8396191871109484,0.7248251748251748,0.5919931856899489
48.42480517327143,0.8400311241303552,0.725,0.5919931856899489
48.43309567235948,0.8403057488099597,0.7251748251748251,0.5928449744463373
48.44138617144752,0.8403515195898938,0.7253496503496504,0.5928449744463373
48.44967667053557,0.840488831929696,0.7255244755244755,0.5928449744463373
48.457967169623615,0.8406719150494324,0.7256993006993007,0.5928449744463373
48.466257668711656,0.8406719150494324,0.7256993006993007,0.5928449744463373
48.4745481677997,0.8406719150494324,0.7256993006993007,0.5928449744463373
48.482838666887744,0.8407176858293666,0.7258741258741259,0.5928449744463373
48.49112916597579,0.8407634566093006,0.7260489510489511,0.5928449744463373
48.49941966506384,0.8409007689491029,0.7262237762237762,0.5928449744463373
48.50771016415188,0.8409007689491029,0.7262237762237762,0.5928449744463373
48.51600066323993,0.8409007689491029,0.7262237762237762,0.5928449744463373
48.52429116232797,0.8409007689491029,0.7262237762237762,0.5928449744463373
48.53258166141602,0.8413584767484438,0.7263986013986014,0.5928449744463373
48.540872160504065,0.8413584767484438,0.7263986013986014,0.5928449744463373
48.549162659592106,0.8413584767484438,0.7263986013986014,0.5928449744463373
48.557453158680154,0.8414042475283778,0.7265734265734266,0.5928449744463373
48.565743657768195,0.8414042475283778,0.7265734265734266,0.5936967632027257
48.57403415685624,0.8414042475283778,0.7265734265734266,0.5936967632027257
48.58232465594429,0.8414042475283778,0.7265734265734266,0.5936967632027257
48.59061515503233,0.8414042475283778,0.7265734265734266,0.5936967632027257
48.59890565412038,0.841450018308312,0.7267482517482518,0.5936967632027257
48.60719615320842,0.841450018308312,0.7267482517482518,0.5936967632027257
48.61548665229647,0.841450018308312,0.7267482517482518,0.5936967632027257
48.623777151384516,0.8414957890882461,0.7269230769230769,0.5936967632027257
48.63206765047256,0.8414957890882461,0.7269230769230769,0.5936967632027257
48.640358149560605,0.8419077261076529,0.7270979020979021,0.5936967632027257
48.648648648648646,0.8419077261076529,0.7270979020979021,0.5936967632027257
48.65693914773669,0.8419534968875869,0.7272727272727273,0.5936967632027257
48.66522964682474,0.8419992676675211,0.7274475524475524,0.5936967632027257
48.67352014591278,0.8419992676675211,0.7274475524475524,0.5936967632027257
48.68181064500083,0.8420908092273892,0.7276223776223776,0.5936967632027257
48.69010114408887,0.8421823507872574,0.7277972027972028,0.5936967632027257
48.69839164317692,0.8421823507872574,0.7277972027972028,0.5936967632027257
48.70668214226497,0.8424112046869279,0.727972027972028,0.5936967632027257
48.71497264135301,0.8424112046869279,0.727972027972028,0.5936967632027257
48.723263140441055,0.8429146832662029,0.7281468531468531,0.5936967632027257
48.731553639529096,0.8429146832662029,0.7281468531468531,0.5936967632027257
48.739844138617144,0.843006224826071,0.7283216783216783,0.5936967632027257
48.74813463770519,0.8431435371658733,0.7284965034965035,0.5936967632027257
48.75642513679323,0.8431435371658733,0.7284965034965035,0.5936967632027257
48.76471563588128,0.8431435371658733,0.7284965034965035,0.5936967632027257
48.77300613496933,0.8431435371658733,0.7284965034965035,0.5936967632027257
48.78129663405737,0.8431435371658733,0.7284965034965035,0.5936967632027257
48.78958713314542,0.8431435371658733,0.7284965034965035,0.5936967632027257
48.79787763223346,0.843463932625412,0.7286713286713287,0.5936967632027257
48.806168131321506,0.843509703405346,0.7288461538461538,0.5936967632027257
48.814458630409554,0.8435554741852801,0.7290209790209791,0.5936967632027257
48.822749129497595,0.8436470157451483,0.7291958041958042,0.5936967632027257
48.83103962858564,0.8436470157451483,0.7291958041958042,0.5936967632027257
48.83933012767368,0.8436927865250824,0.7293706293706294,0.5936967632027257
48.84762062676173,0.8438300988648847,0.7295454545454545,0.5936967632027257
48.85591112584978,0.8438758696448188,0.7297202797202798,0.5936967632027257
48.86420162493782,0.8438758696448188,0.7297202797202798,0.5936967632027257
48.87249212402587,0.8444251190040278,0.7298951048951049,0.5936967632027257
48.88078262311391,0.8444708897839619,0.73006993006993,0.5936967632027257
48.88907312220196,0.844516660563896,0.7302447552447553,0.5936967632027257
48.897363621290005,0.844516660563896,0.7302447552447553,0.5936967632027257
48.905654120378045,0.844516660563896,0.7302447552447553,0.5936967632027257
48.91394461946609,0.8445624313438301,0.7304195804195804,0.5936967632027257
48.922235118554134,0.8446997436836323,0.7305944055944056,0.5936967632027257
48.93052561764218,0.8447455144635665,0.7307692307692307,0.5936967632027257
48.93881611673023,0.8447455144635665,0.7307692307692307,0.5936967632027257
48.94710661581827,0.845020139143171,0.730944055944056,0.5936967632027257
48.95539711490632,0.845065909923105,0.7311188811188811,0.5936967632027257
48.96368761399436,0.845065909923105,0.7311188811188811,0.5936967632027257
48.97197811308241,0.845065909923105,0.7311188811188811,0.5936967632027257
48.980268612170455,0.8454320761625778,0.7312937062937063,0.5936967632027257
48.988559111258496,0.8455693885023801,0.7314685314685314,0.5945485519591142
48.996849610346544,0.8456151592823141,0.7316433566433567,0.5945485519591142
49.005140109434585,0.8456609300622483,0.7318181818181818,0.5945485519591142
49.01343060852263,0.846027096301721,0.731993006993007,0.5954003407155025
49.02172110761068,0.846027096301721,0.731993006993007,0.5954003407155025
49.03001160669872,0.846027096301721,0.731993006993007,0.5954003407155025
49.03830210578677,0.846027096301721,0.731993006993007,0.5954003407155025
49.04659260487481,0.846027096301721,0.731993006993007,0.5954003407155025
49.05488310396286,0.846027096301721,0.731993006993007,0.5954003407155025
49.063173603050906,0.846027096301721,0.731993006993007,0.5954003407155025
49.07146410213895,0.846027096301721,0.731993006993007,0.5954003407155025
49.079754601226995,0.846027096301721,0.731993006993007,0.596252129471891
49.088045100315036,0.8460728670816551,0.7321678321678322,0.596252129471891
49.09633559940308,0.8460728670816551,0.7321678321678322,0.596252129471891
49.10462609849113,0.8460728670816551,0.7321678321678322,0.5971039182282794
49.11291659757917,0.8461186378615891,0.7323426573426574,0.5971039182282794
49.12120709666722,0.8462101794214574,0.7325174825174825,0.5971039182282794
49.12949759575527,0.8462101794214574,0.7325174825174825,0.5971039182282794
49.13778809484331,0.8463017209813255,0.7326923076923076,0.5971039182282794
49.14607859393136,0.8463474917612596,0.7328671328671329,0.5971039182282794
49.1543690930194,0.8467594287806665,0.733041958041958,0.5979557069846678
49.162659592107445,0.8468051995606005,0.7332167832167832,0.5979557069846678
49.17095009119549,0.8468051995606005,0.7332167832167832,0.5979557069846678
49.179240590283534,0.8468509703405346,0.7333916083916084,0.5979557069846678
49.18753108937158,0.8472171365800073,0.7335664335664336,0.5979557069846678
49.19582158845962,0.8472171365800073,0.7335664335664336,0.5979557069846678
49.20411208754767,0.8473086781398755,0.7337412587412587,0.5979557069846678
49.21240258663572,0.8473544489198096,0.7339160839160839,0.5979557069846678
49.22069308572376,0.84758330281948,0.7340909090909091,0.5988074957410562
49.22898358481181,0.84758330281948,0.7340909090909091,0.5988074957410562
49.23727408389985,0.84758330281948,0.7340909090909091,0.5988074957410562
49.245564582987896,0.8476290735994141,0.7342657342657343,0.5988074957410562
49.253855082075944,0.8476290735994141,0.7342657342657343,0.5988074957410562
49.262145581163985,0.8477206151592823,0.7344405594405594,0.5988074957410562
49.27043608025203,0.8477663859392164,0.7346153846153847,0.5988074957410562
49.27872657934007,0.8479036982790187,0.7347902097902098,0.5996592844974447
49.28701707842812,0.8479036982790187,0.7347902097902098,0.5996592844974447
49.29530757751617,0.8479494690589527,0.734965034965035,0.5996592844974447
49.30359807660421,0.8479494690589527,0.734965034965035,0.600511073253833
49.31188857569226,0.848041010618821,0.7351398601398601,0.600511073253833
49.3201790747803,0.848041010618821,0.7351398601398601,0.600511073253833
49.32846957386835,0.848041010618821,0.7351398601398601,0.600511073253833
49.336760072956395,0.848041010618821,0.7351398601398601,0.600511073253833
49.345050572044435,0.848041010618821,0.7351398601398601,0.600511073253833
49.35334107113248,0.848086781398755,0.7353146853146854,0.600511073253833
49.361631570220524,0.8481325521786891,0.7354895104895105,0.600511073253833
49.36992206930857,0.8481325521786891,0.7354895104895105,0.600511073253833
49.37821256839662,0.8481783229586232,0.7356643356643356,0.6013628620102215
49.38650306748466,0.8481783229586232,0.7356643356643356,0.6013628620102215
49.39479356657271,0.8481783229586232,0.7356643356643356,0.6013628620102215
49.40308406566075,0.8481783229586232,0.7356643356643356,0.6013628620102215
49.4113745647488,0.8481783229586232,0.7356643356643356,0.6013628620102215
49.419665063836845,0.8483614060783595,0.7358391608391608,0.6013628620102215
49.427955562924886,0.8483614060783595,0.7358391608391608,0.6013628620102215
49.436246062012934,0.8488648846576345,0.736013986013986,0.6013628620102215
49.444536561100975,0.8489106554375686,0.7361888111888112,0.6013628620102215
49.45282706018902,0.8489106554375686,0.7361888111888112,0.6022146507666098
49.46111755927707,0.8491852801171732,0.7363636363636363,0.6022146507666098
49.46940805836511,0.8491852801171732,0.7363636363636363,0.6022146507666098
49.47769855745316,0.8491852801171732,0.7363636363636363,0.6022146507666098
49.48598905654121,0.8492310508971073,0.7365384615384616,0.6022146507666098
49.49427955562925,0.8493683632369096,0.7367132867132867,0.6030664395229983
49.502570054717296,0.84959721713658,0.7368881118881119,0.6030664395229983
49.51086055380534,0.84959721713658,0.7368881118881119,0.6039182282793867
49.519151052893385,0.8497803002563163,0.737062937062937,0.6047700170357752
49.52744155198143,0.8498718418161846,0.7372377622377623,0.6047700170357752
49.53573205106947,0.8499176125961186,0.7374125874125874,0.6047700170357752
49.54402255015752,0.8499176125961186,0.7374125874125874,0.6047700170357752
49.55231304924556,0.8501464664957891,0.7375874125874126,0.6047700170357752
49.56060354833361,0.8503295496155254,0.7377622377622378,0.6047700170357752
49.56889404742166,0.8504210911753937,0.737937062937063,0.6047700170357752
49.5771845465097,0.8504210911753937,0.737937062937063,0.6047700170357752
49.58547504559775,0.8504668619553277,0.7381118881118881,0.6047700170357752
49.59376554468579,0.8504668619553277,0.7381118881118881,0.6047700170357752
49.602056043773835,0.8504668619553277,0.7381118881118881,0.6047700170357752
49.61034654286188,0.8504668619553277,0.7381118881118881,0.6047700170357752
49.618637041949924,0.8504668619553277,0.7381118881118881,0.6047700170357752
49.62692754103797,0.8504668619553277,0.7381118881118881,0.6047700170357752
49.63521804012601,0.8505126327352618,0.7382867132867132,0.6047700170357752
49.64350853921406,0.8505126327352618,0.7382867132867132,0.6047700170357752
49.65179903830211,0.8505126327352618,0.7382867132867132,0.6047700170357752
49.66008953739015,0.8505126327352618,0.7382867132867132,0.6047700170357752
49.6683800364782,0.8505126327352618,0.7382867132867132,0.6047700170357752
49.67667053556624,0.8505584035151958,0.7384615384615385,0.6047700170357752
49.684961034654286,0.8505584035151958,0.7384615384615385,0.6047700170357752
49.693251533742334,0.8506499450750641,0.7386363636363636,0.6047700170357752
49.701542032830375,0.8506499450750641,0.7386363636363636,0.6047700170357752
49.70983253191842,0.8506499450750641,0.7386363636363636,0.6047700170357752
49.71812303100646,0.8506499450750641,0.7386363636363636,0.6047700170357752
49.72641353009451,0.8506499450750641,0.7386363636363636,0.6047700170357752
49.73470402918256,0.8508330281948004,0.7388111888111888,0.6047700170357752
49.7429945282706,0.8509245697546686,0.7389860139860139,0.6047700170357752
49.75128502735865,0.8509245697546686,0.7389860139860139,0.6047700170357752
49.75957552644669,0.8509245697546686,0.7389860139860139,0.6047700170357752
49.76786602553474,0.8510618820944709,0.7391608391608392,0.6047700170357752
49.776156524622785,0.8510618820944709,0.7391608391608392,0.6047700170357752
49.784447023710825,0.8511534236543391,0.7393356643356643,0.6047700170357752
49.79273752279887,0.8511534236543391,0.7393356643356643,0.6047700170357752
49.801028021886914,0.8511991944342732,0.7395104895104895,0.6047700170357752
49.80931852097496,0.8511991944342732,0.7395104895104895,0.6047700170357752
49.81760902006301,0.8512449652142072,0.7396853146853147,0.6047700170357752
49.82589951915105,0.8512907359941413,0.7398601398601399,0.6056218057921635
49.8341900182391,0.8513365067740755,0.740034965034965,0.6056218057921635
49.84248051732715,0.8513822775540095,0.7402097902097902,0.6056218057921635
49.85077101641519,0.8513822775540095,0.7402097902097902,0.6056218057921635
49.859061515503235,0.8515195898938118,0.7403846153846154,0.6056218057921635
49.867352014591276,0.8515653606737459,0.7405594405594406,0.6056218057921635
49.875642513679324,0.8517942145734163,0.7407342657342657,0.6056218057921635
49.88393301276737,0.8517942145734163,0.7407342657342657,0.6056218057921635
49.89222351185541,0.8517942145734163,0.7407342657342657,0.6056218057921635
49.90051401094346,0.8519315269132186,0.740909090909091,0.6056218057921635
49.9088045100315,0.852160380812889,0.7410839160839161,0.6056218057921635
49.91709500911955,0.852160380812889,0.7410839160839161,0.6056218057921635
49.9253855082076,0.8522061515928231,0.7412587412587412,0.6056218057921635
49.93367600729564,0.8523434639326254,0.7414335664335664,0.6056218057921635
49.941966506383686,0.8523892347125595,0.7416083916083916,0.6056218057921635
49.95025700547173,0.8523892347125595,0.7416083916083916,0.6056218057921635
49.958547504559775,0.8524807762724277,0.7417832167832168,0.6056218057921635
49.96683800364782,0.8524807762724277,0.7417832167832168,0.6056218057921635
49.97512850273586,0.8524807762724277,0.7417832167832168,0.6056218057921635
49.98341900182391,0.8524807762724277,0.7417832167832168,0.6056218057921635
49.99170950091195,0.8524807762724277,0.7417832167832168,0.6056218057921635
50.0,0.8525265470523617,0.7419580419580419,0.6056218057921635
50.00829049908805,0.8525265470523617,0.7419580419580419,0.6056218057921635
50.01658099817609,0.85261808861223,0.7421328671328671,0.6056218057921635
50.02487149726414,0.85261808861223,0.7421328671328671,0.6056218057921635
50.03316199635218,0.852663859392164,0.7423076923076923,0.6056218057921635
50.041452495440225,0.8527096301720981,0.7424825174825175,0.6056218057921635
50.04974299452827,0.8528469425119004,0.7426573426573426,0.606473594548552
50.058033493616314,0.8529842548517027,0.7428321678321679,0.606473594548552
50.06632399270436,0.8530300256316368,0.743006993006993,0.606473594548552
50.0746144917924,0.8530757964115708,0.7431818181818182,0.606473594548552
50.08290499088045,0.8530757964115708,0.7431818181818182,0.606473594548552
50.0911954899685,0.8530757964115708,0.7431818181818182,0.606473594548552
50.09948598905654,0.8530757964115708,0.7431818181818182,0.606473594548552
50.10777648814459,0.8531673379714391,0.7433566433566433,0.606473594548552
50.11606698723263,0.8531673379714391,0.7433566433566433,0.606473594548552
50.124357486320676,0.8533961918711095,0.7435314685314686,0.606473594548552
50.132647985408724,0.8534419626510436,0.7437062937062937,0.606473594548552
50.140938484496765,0.8535792749908458,0.7438811188811189,0.606473594548552
50.14922898358481,0.8536250457707799,0.7440559440559441,0.6073253833049403
50.15751948267285,0.853670816550714,0.7442307692307693,0.6073253833049403
50.1658099817609,0.853670816550714,0.7442307692307693,0.6073253833049403
50.17410048084895,0.8537623581105822,0.7444055944055944,0.6073253833049403
50.18239097993699,0.8537623581105822,0.7444055944055944,0.6073253833049403
50.19068147902504,0.8537623581105822,0.7444055944055944,0.6081771720613288
50.198971978113086,0.8537623581105822,0.7444055944055944,0.6081771720613288
50.20726247720113,0.8540369827901867,0.7445804195804195,0.6081771720613288
50.215552976289175,0.854174295129989,0.7447552447552448,0.6081771720613288
50.223843475377215,0.854174295129989,0.7447552447552448,0.6081771720613288
50.23213397446526,0.854220065909923,0.7449300699300699,0.6081771720613288
50.24042447355331,0.854220065909923,0.7449300699300699,0.6081771720613288
50.24871497264135,0.854220065909923,0.7449300699300699,0.6081771720613288
50.2570054717294,0.854220065909923,0.7449300699300699,0.6081771720613288
50.26529597081744,0.8543116074697913,0.7451048951048951,0.6081771720613288
50.27358646990549,0.8545404613694617,0.7452797202797202,0.6090289608177172
50.28187696899354,0.8545862321493958,0.7454545454545455,0.6090289608177172
50.29016746808158,0.8545862321493958,0.7454545454545455,0.6098807495741057
50.298457967169625,0.8545862321493958,0.7454545454545455,0.6098807495741057
50.306748466257666,0.8547693152691321,0.7456293706293706,0.6098807495741057
50.315038965345714,0.8547693152691321,0.7456293706293706,0.6098807495741057
50.32332946443376,0.8547693152691321,0.7456293706293706,0.6098807495741057
50.3316199635218,0.8549066276089344,0.7458041958041958,0.6098807495741057
50.33991046260985,0.8549066276089344,0.7458041958041958,0.6098807495741057
50.34820096169789,0.8550897107286708,0.745979020979021,0.6098807495741057
50.35649146078594,0.8553185646283412,0.7461538461538462,0.6098807495741057
50.36478195987399,0.8553185646283412,0.7461538461538462,0.6098807495741057
50.37307245896203,0.8554558769681435,0.7463286713286713,0.6098807495741057
50.381362958050076,0.8554558769681435,0.7463286713286713,0.6098807495741057
50.38965345713812,0.8554558769681435,0.7463286713286713,0.6098807495741057
50.397943956226165,0.8555474185280117,0.7465034965034965,0.6098807495741057
50.40623445531421,0.8555474185280117,0.7465034965034965,0.6098807495741057
50.41452495440225,0.8555931893079458,0.7466783216783217,0.6098807495741057
50.4228154534903,0.8555931893079458,0.7466783216783217,0.6098807495741057
50.43110595257834,0.8558220432076162,0.7468531468531469,0.6098807495741057
50.43939645166639,0.8559135847674845,0.747027972027972,0.6098807495741057
50.44768695075444,0.8559135847674845,0.747027972027972,0.6098807495741057
50.45597744984248,0.8559593555474185,0.7472027972027973,0.6098807495741057
50.46426794893053,0.8560508971072867,0.7473776223776224,0.6098807495741057
50.47255844801857,0.8563255217868913,0.7475524475524475,0.6098807495741057
50.480848947106615,0.8563255217868913,0.7475524475524475,0.6098807495741057
50.48913944619466,0.8563712925668253,0.7477272727272727,0.6098807495741057
50.497429945282704,0.8563712925668253,0.7477272727272727,0.6098807495741057
50.50572044437075,0.8564628341266936,0.7479020979020979,0.6098807495741057
50.51401094345879,0.8565543756865617,0.7480769230769231,0.6098807495741057
50.52230144254684,0.8565543756865617,0.7480769230769231,0.6098807495741057
50.53059194163489,0.8566459172464299,0.7482517482517482,0.6098807495741057
50.53888244072293,0.8566459172464299,0.7482517482517482,0.6098807495741057
50.54717293981098,0.856691688026364,0.7484265734265734,0.6098807495741057
50.555463438899025,0.8568747711461003,0.7486013986013986,0.610732538330494
50.563753937987066,0.8568747711461003,0.7486013986013986,0.610732538330494
50.572044437075114,0.8568747711461003,0.7486013986013986,0.610732538330494
50.580334936163155,0.8568747711461003,0.7486013986013986,0.610732538330494
50.5886254352512,0.8568747711461003,0.7486013986013986,0.610732538330494
50.59691593433925,0.8569205419260344,0.7487762237762238,0.610732538330494
50.60520643342729,0.8569205419260344,0.7487762237762238,0.6115843270868825
50.61349693251534,0.8569205419260344,0.7487762237762238,0.6115843270868825
50.62178743160338,0.8569205419260344,0.7487762237762238,0.6115843270868825
50.63007793069143,0.8569205419260344,0.7487762237762238,0.6115843270868825
50.638368429779476,0.8569205419260344,0.7487762237762238,0.6115843270868825
50.64665892886752,0.8569205419260344,0.7487762237762238,0.6124361158432708
50.654949427955565,0.8569663127059685,0.7489510489510489,0.6124361158432708
50.663239927043605,0.8571493958257048,0.7491258741258742,0.6124361158432708
50.67153042613165,0.8571493958257048,0.7491258741258742,0.6124361158432708
50.6798209252197,0.8571493958257048,0.7491258741258742,0.6124361158432708
50.68811142430774,0.8571493958257048,0.7491258741258742,0.6124361158432708
50.69640192339579,0.8571493958257048,0.7491258741258742,0.6124361158432708
50.70469242248383,0.857240937385573,0.7493006993006993,0.6124361158432708
50.71298292157188,0.8572867081655071,0.7494755244755245,0.6124361158432708
50.72127342065993,0.8572867081655071,0.7494755244755245,0.6124361158432708
50.72956391974797,0.8572867081655071,0.7494755244755245,0.6124361158432708
50.737854418836015,0.8575613328451117,0.7496503496503496,0.6124361158432708
50.746144917924056,0.8575613328451117,0.7496503496503496,0.6124361158432708
50.754435417012104,0.8575613328451117,0.7496503496503496,0.6124361158432708
50.76272591610015,0.8578359575247162,0.7498251748251749,0.6124361158432708
50.77101641518819,0.8578817283046503,0.75,0.6124361158432708
50.77930691427624,0.8579274990845844,0.7501748251748251,0.6124361158432708
50.78759741336428,0.8579732698645185,0.7503496503496504,0.6124361158432708
50.79588791245233,0.8581563529842549,0.7505244755244755,0.6124361158432708
50.80417841154038,0.8581563529842549,0.7505244755244755,0.6132879045996593
50.81246891062842,0.858247894544123,0.7506993006993007,0.6132879045996593
50.820759409716466,0.858247894544123,0.7506993006993007,0.6132879045996593
50.82904990880451,0.8582936653240572,0.7508741258741258,0.6132879045996593
50.837340407892555,0.8583394361039912,0.7510489510489511,0.6132879045996593
50.8456309069806,0.8585225192237276,0.7512237762237762,0.6132879045996593
50.85392140606864,0.8585225192237276,0.7512237762237762,0.6132879045996593
50.86221190515669,0.8585225192237276,0.7512237762237762,0.6132879045996593
50.87050240424473,0.8585225192237276,0.7512237762237762,0.6132879045996593
50.87879290333278,0.8585225192237276,0.7512237762237762,0.6132879045996593
50.88708340242083,0.8585682900036616,0.7513986013986014,0.6132879045996593
50.89537390150887,0.8585682900036616,0.7513986013986014,0.6132879045996593
50.90366440059692,0.8587056023434639,0.7515734265734266,0.6132879045996593
50.911954899684964,0.8588886854632003,0.7517482517482518,0.6141396933560477
50.920245398773005,0.8589802270230684,0.7519230769230769,0.6141396933560477
50.92853589786105,0.8589802270230684,0.7519230769230769,0.6141396933560477
50.936826396949094,0.859254851702673,0.7520979020979021,0.6141396933560477
50.94511689603714,0.859254851702673,0.7520979020979021,0.6141396933560477
50.95340739512519,0.859254851702673,0.7520979020979021,0.6141396933560477
50.96169789421323,0.8593006224826071,0.7522727272727273,0.6141396933560477
50.96998839330128,0.8593463932625411,0.7524475524475525,0.6141396933560477
50.97827889238932,0.8593463932625411,0.7524475524475525,0.6141396933560477
50.98656939147737,0.8593463932625411,0.7524475524475525,0.6141396933560477
50.994859890565415,0.859758330281948,0.7526223776223776,0.6141396933560477
51.003150389653456,0.8598041010618821,0.7527972027972027,0.6141396933560477
51.011440888741504,0.8598041010618821,0.7527972027972027,0.6141396933560477
51.019731387829545,0.8598041010618821,0.7527972027972027,0.6141396933560477
51.02802188691759,0.8598498718418162,0.752972027972028,0.6141396933560477
51.03631238600564,0.8598956426217502,0.7531468531468531,0.6141396933560477
51.04460288509368,0.8598956426217502,0.7531468531468531,0.6141396933560477
51.05289338418173,0.8598956426217502,0.7531468531468531,0.6141396933560477
51.06118388326977,0.8598956426217502,0.7531468531468531,0.6149914821124361
51.06947438235782,0.8602160380812889,0.7533216783216783,0.6149914821124361
51.077764881445866,0.8603075796411571,0.7534965034965035,0.6149914821124361
51.08605538053391,0.8603075796411571,0.7534965034965035,0.6149914821124361
51.094345879621955,0.8604906627608935,0.7536713286713287,0.6149914821124361
51.102636378709995,0.8605822043207616,0.7538461538461538,0.6149914821124361
51.11092687779804,0.8607195166605639,0.754020979020979,0.6149914821124361
51.11921737688609,0.8607195166605639,0.754020979020979,0.6149914821124361
51.12750787597413,0.8607195166605639,0.754020979020979,0.6149914821124361
51.13579837506218,0.8607195166605639,0.754020979020979,0.6149914821124361
51.14408887415022,0.8607195166605639,0.754020979020979,0.6149914821124361
51.15237937323827,0.860811058220432,0.7541958041958042,0.6158432708688245
51.16066987232632,0.860811058220432,0.7541958041958042,0.6158432708688245
51.16896037141436,0.8610856829000366,0.7543706293706294,0.6158432708688245
51.177250870502405,0.8611314536799707,0.7545454545454545,0.6158432708688245
51.185541369590446,0.8611772244599047,0.7547202797202798,0.6158432708688245
51.193831868678494,0.8611772244599047,0.7547202797202798,0.6158432708688245
51.20212236776654,0.8611772244599047,0.7547202797202798,0.6158432708688245
51.21041286685458,0.8612229952398389,0.7548951048951049,0.6158432708688245
51.21870336594263,0.861314536799707,0.7550699300699301,0.6158432708688245
51.22699386503067,0.861314536799707,0.7550699300699301,0.6158432708688245
51.23528436411872,0.8613603075796411,0.7552447552447552,0.6158432708688245
51.24357486320677,0.8614518491395093,0.7554195804195805,0.6158432708688245
51.25186536229481,0.8614518491395093,0.7554195804195805,0.6158432708688245
51.260155861382856,0.8616807030391798,0.7555944055944056,0.6158432708688245
51.268446360470904,0.8618637861589161,0.7557692307692307,0.6158432708688245
51.276736859558945,0.8618637861589161,0.7557692307692307,0.616695059625213
51.28502735864699,0.8621384108385207,0.7559440559440559,0.616695059625213
51.29331785773503,0.8621384108385207,0.7559440559440559,0.6175468483816013
51.30160835682308,0.8621384108385207,0.7559440559440559,0.6175468483816013
51.30989885591113,0.8621841816184548,0.7561188811188811,0.6175468483816013
51.31818935499917,0.8621841816184548,0.7561188811188811,0.6175468483816013
51.32647985408722,0.8621841816184548,0.7561188811188811,0.6175468483816013
51.33477035317526,0.8621841816184548,0.7561188811188811,0.6175468483816013
51.34306085226331,0.8621841816184548,0.7561188811188811,0.6183986371379898
51.351351351351354,0.8623214939582571,0.7562937062937063,0.6183986371379898
51.359641850439395,0.8623214939582571,0.7562937062937063,0.6183986371379898
51.36793234952744,0.8623214939582571,0.7562937062937063,0.6183986371379898
51.376222848615484,0.8623672647381911,0.7564685314685314,0.6192504258943782
51.38451334770353,0.8623672647381911,0.7564685314685314,0.6192504258943782
51.39280384679158,0.8624130355181252,0.7566433566433567,0.6192504258943782
51.40109434587962,0.8624130355181252,0.7566433566433567,0.6192504258943782
51.40938484496767,0.8624130355181252,0.7566433566433567,0.6201022146507666
51.41767534405571,0.8626876601977298,0.7568181818181818,0.6201022146507666
51.42596584314376,0.8626876601977298,0.7568181818181818,0.6201022146507666
51.434256342231805,0.862824972537532,0.756993006993007,0.6201022146507666
51.442546841319846,0.862824972537532,0.756993006993007,0.6201022146507666
51.450837340407894,0.862824972537532,0.756993006993007,0.6201022146507666
51.459127839495935,0.8628707433174662,0.7571678321678321,0.6201022146507666
51.46741833858398,0.8630080556572683,0.7573426573426574,0.6201022146507666
51.47570883767203,0.8630995972171366,0.7575174825174825,0.6201022146507666
51.48399933676007,0.8631911387770047,0.7576923076923077,0.620954003407155
51.49228983584812,0.8631911387770047,0.7576923076923077,0.6218057921635435
51.50058033493616,0.8631911387770047,0.7576923076923077,0.6218057921635435
51.50887083402421,0.8631911387770047,0.7576923076923077,0.6218057921635435
51.517161333112256,0.8631911387770047,0.7576923076923077,0.6218057921635435
51.5254518322003,0.863328451116807,0.7578671328671329,0.6218057921635435
51.533742331288344,0.863328451116807,0.7578671328671329,0.6218057921635435
51.542032830376385,0.8633742218967411,0.7580419580419581,0.6218057921635435
51.55032332946443,0.8637403881362138,0.7582167832167832,0.6218057921635435
51.55861382855248,0.8639692420358843,0.7583916083916084,0.6226575809199318
51.56690432764052,0.8639692420358843,0.7583916083916084,0.6226575809199318
51.57519482672857,0.8639692420358843,0.7583916083916084,0.6226575809199318
51.58348532581661,0.8639692420358843,0.7583916083916084,0.6226575809199318
51.59177582490466,0.8641523251556207,0.7585664335664336,0.6226575809199318
51.600066323992706,0.864335408275357,0.7587412587412588,0.6226575809199318
51.60835682308075,0.864335408275357,0.7587412587412588,0.6226575809199318
51.616647322168795,0.864335408275357,0.7587412587412588,0.6226575809199318
51.62493782125684,0.864335408275357,0.7587412587412588,0.6226575809199318
51.633228320344884,0.864335408275357,0.7587412587412588,0.6226575809199318
51.64151881943293,0.864335408275357,0.7587412587412588,0.6226575809199318
51.64980931852097,0.864335408275357,0.7587412587412588,0.6226575809199318
51.65809981760902,0.8644269498352252,0.7589160839160839,0.6226575809199318
51.66639031669707,0.8644269498352252,0.7589160839160839,0.6235093696763203
51.67468081578511,0.8645184913950934,0.759090909090909,0.6235093696763203
51.68297131487316,0.8645642621750275,0.7592657342657343,0.6235093696763203
51.6912618139612,0.8645642621750275,0.7592657342657343,0.6235093696763203
51.699552313049246,0.8646100329549615,0.7594405594405594,0.6235093696763203
51.707842812137294,0.8646558037348956,0.7596153846153846,0.6235093696763203
51.716133311225335,0.8647473452947638,0.7597902097902098,0.6235093696763203
51.72442381031338,0.8647931160746979,0.759965034965035,0.6235093696763203
51.73271430940142,0.8647931160746979,0.759965034965035,0.6235093696763203
51.74100480848947,0.8647931160746979,0.759965034965035,0.6235093696763203
51.74929530757752,0.8647931160746979,0.759965034965035,0.6235093696763203
51.75758580666556,0.8649304284145002,0.7601398601398601,0.6243611584327087
51.76587630575361,0.8649304284145002,0.7601398601398601,0.6243611584327087
51.77416680484165,0.8650677407543025,0.7603146853146853,0.6243611584327087
51.7824573039297,0.8650677407543025,0.7603146853146853,0.6243611584327087
51.790747803017744,0.8651135115342365,0.7604895104895105,0.6243611584327087
51.799038302105785,0.8651592823141706,0.7606643356643357,0.6243611584327087
51.80732880119383,0.8652050530941047,0.7608391608391608,0.6243611584327087
51.815619300281874,0.8652050530941047,0.7608391608391608,0.6243611584327087
51.82390979936992,0.8652050530941047,0.7608391608391608,0.6243611584327087
51.83220029845797,0.8652050530941047,0.7608391608391608,0.6243611584327087
51.84049079754601,0.8652050530941047,0.7608391608391608,0.6243611584327087
51.84878129663406,0.8654339069937752,0.7610139860139861,0.6252129471890971
51.8570717957221,0.8654796777737093,0.7611888111888112,0.6252129471890971
51.86536229481015,0.8654796777737093,0.7611888111888112,0.6252129471890971
51.873652793898195,0.8654796777737093,0.7611888111888112,0.6252129471890971
51.881943292986236,0.8655254485536433,0.7613636363636364,0.6252129471890971
51.890233792074284,0.8655254485536433,0.7613636363636364,0.6260647359454855
51.898524291162325,0.8656169901135116,0.7615384615384615,0.6260647359454855
51.90681479025037,0.8657085316733797,0.7617132867132868,0.6260647359454855
51.91510528933842,0.8657085316733797,0.7617132867132868,0.626916524701874
51.92339578842646,0.8660289271329183,0.7618881118881119,0.626916524701874
51.93168628751451,0.8661662394727206,0.762062937062937,0.626916524701874
51.93997678660256,0.866349322592457,0.7622377622377622,0.626916524701874
51.9482672856906,0.866349322592457,0.7622377622377622,0.626916524701874
51.956557784778646,0.866349322592457,0.7622377622377622,0.626916524701874
51.96484828386669,0.8664408641523251,0.7624125874125874,0.626916524701874
51.973138782954734,0.8664408641523251,0.7624125874125874,0.626916524701874
51.98142928204278,0.8664866349322592,0.7625874125874126,0.626916524701874
51.98971978113082,0.8664866349322592,0.7625874125874126,0.626916524701874
51.99801028021887,0.8665324057121934,0.7627622377622377,0.626916524701874
52.00630077930691,0.8665781764921274,0.762937062937063,0.626916524701874
52.01459127839496,0.8666697180519956,0.7631118881118881,0.626916524701874
52.02288177748301,0.8666697180519956,0.7631118881118881,0.6277683134582623
52.03117227657105,0.8666697180519956,0.7631118881118881,0.6277683134582623
52.039462775659096,0.8666697180519956,0.7631118881118881,0.6277683134582623
52.04775327474714,0.8666697180519956,0.7631118881118881,0.6286201022146508
52.056043773835185,0.8667154888319297,0.7632867132867133,0.6286201022146508
52.06433427292323,0.8667154888319297,0.7632867132867133,0.6286201022146508
52.072624772011274,0.8667154888319297,0.7632867132867133,0.6286201022146508
52.08091527109932,0.8667612596118638,0.7634615384615384,0.6286201022146508
52.08920577018736,0.8668070303917979,0.7636363636363637,0.6294718909710392
52.09749626927541,0.8668528011717319,0.7638111888111888,0.6294718909710392
52.10578676836346,0.8669901135115342,0.763986013986014,0.6294718909710392
52.1140772674515,0.8669901135115342,0.763986013986014,0.6294718909710392
52.12236776653955,0.8669901135115342,0.763986013986014,0.6294718909710392
52.13065826562759,0.8669901135115342,0.763986013986014,0.6294718909710392
52.138948764715636,0.8671274258513365,0.7641608391608392,0.6294718909710392
52.147239263803684,0.8671274258513365,0.7641608391608392,0.6294718909710392
52.155529762891724,0.867402050530941,0.7643356643356644,0.6294718909710392
52.16382026197977,0.867402050530941,0.7643356643356644,0.6294718909710392
52.17211076106781,0.867402050530941,0.7643356643356644,0.6294718909710392
52.18040126015586,0.867402050530941,0.7643356643356644,0.6294718909710392
52.18869175924391,0.8674935920908092,0.7645104895104895,0.6303236797274276
52.19698225833195,0.8674935920908092,0.7645104895104895,0.6303236797274276
52.20527275742,0.8674935920908092,0.7645104895104895,0.6303236797274276
52.21356325650804,0.8674935920908092,0.7645104895104895,0.6303236797274276
52.221853755596086,0.8674935920908092,0.7645104895104895,0.6303236797274276
52.230144254684134,0.8674935920908092,0.7645104895104895,0.6303236797274276
52.238434753772175,0.8676309044306115,0.7646853146853146,0.6303236797274276
52.24672525286022,0.8676309044306115,0.7646853146853146,0.6303236797274276
52.255015751948264,0.8676309044306115,0.7646853146853146,0.6303236797274276
52.26330625103631,0.8679512998901501,0.7648601398601399,0.6303236797274276
52.27159675012436,0.8679970706700842,0.765034965034965,0.6303236797274276
52.2798872492124,0.8679970706700842,0.765034965034965,0.6303236797274276
52.28817774830045,0.8680428414500183,0.7652097902097902,0.631175468483816
52.296468247388496,0.8680886122299524,0.7653846153846153,0.631175468483816
52.30475874647654,0.8680886122299524,0.7653846153846153,0.631175468483816
52.313049245564585,0.8682259245697547,0.7655594405594406,0.631175468483816
52.321339744652626,0.8682259245697547,0.7655594405594406,0.631175468483816
52.329630243740674,0.8682259245697547,0.7655594405594406,0.631175468483816
52.33792074282872,0.8682259245697547,0.7655594405594406,0.631175468483816
52.34621124191676,0.8682259245697547,0.7655594405594406,0.631175468483816
52.35450174100481,0.8682259245697547,0.7655594405594406,0.631175468483816
52.36279224009285,0.8682259245697547,0.7655594405594406,0.631175468483816
52.3710827391809,0.8682259245697547,0.7655594405594406,0.631175468483816
52.37937323826895,0.8682716953496887,0.7657342657342657,0.631175468483816
52.38766373735699,0.8682716953496887,0.7657342657342657,0.631175468483816
52.395954236445036,0.868409007689491,0.7659090909090909,0.631175468483816
52.40424473553308,0.868409007689491,0.7659090909090909,0.631175468483816
52.412535234621124,0.8684547784694251,0.7660839160839161,0.631175468483816
52.42082573370917,0.8684547784694251,0.7660839160839161,0.6320272572402045
52.42911623279721,0.8685005492493592,0.7662587412587413,0.6320272572402045
52.43740673188526,0.8685005492493592,0.7662587412587413,0.6320272572402045
52.4456972309733,0.8685005492493592,0.7662587412587413,0.6320272572402045
52.45398773006135,0.8685005492493592,0.7662587412587413,0.6320272572402045
52.4622782291494,0.8685005492493592,0.7662587412587413,0.6320272572402045
52.47056872823744,0.8685005492493592,0.7662587412587413,0.6320272572402045
52.478859227325486,0.8685005492493592,0.7662587412587413,0.6320272572402045
52.48714972641353,0.8685005492493592,0.7662587412587413,0.6328790459965928
52.495440225501575,0.8685005492493592,0.7662587412587413,0.6328790459965928
52.50373072458962,0.8686378615891615,0.7664335664335664,0.6328790459965928
52.512021223677664,0.8688209447088978,0.7666083916083916,0.6328790459965928
52.52031172276571,0.8691871109483705,0.7667832167832168,0.6328790459965928
52.52860222185375,0.8692786525082388,0.766958041958042,0.6328790459965928
52.5368927209418,0.8694617356279751,0.7671328671328671,0.6328790459965928
52.54518322002985,0.8695990479677773,0.7673076923076924,0.6328790459965928
52.55347371911789,0.8695990479677773,0.7673076923076924,0.6337308347529813
52.56176421820594,0.8696448187477115,0.7674825174825175,0.6337308347529813
52.57005471729398,0.8698279018674479,0.7676573426573426,0.6337308347529813
52.578345216382026,0.8698279018674479,0.7676573426573426,0.6337308347529813
52.586635715470074,0.8698279018674479,0.7676573426573426,0.6337308347529813
52.594926214558114,0.8698279018674479,0.7676573426573426,0.6337308347529813
52.60321671364616,0.869919443427316,0.7678321678321678,0.6337308347529813
52.6115072127342,0.8700109849871842,0.768006993006993,0.6337308347529813
52.61979771182225,0.8700109849871842,0.768006993006993,0.6337308347529813
52.6280882109103,0.8700109849871842,0.768006993006993,0.6345826235093697
52.63637870999834,0.8701025265470523,0.7681818181818182,0.6345826235093697
52.64466920908639,0.8701025265470523,0.7681818181818182,0.6345826235093697
52.652959708174436,0.8703313804467228,0.7683566433566433,0.6345826235093697
52.661250207262476,0.8703313804467228,0.7683566433566433,0.6345826235093697
52.669540706350524,0.8703313804467228,0.7683566433566433,0.6345826235093697
52.677831205438565,0.8703313804467228,0.7683566433566433,0.6345826235093697
52.68612170452661,0.8703313804467228,0.7683566433566433,0.6354344122657581
52.69441220361466,0.8703771512266569,0.7685314685314686,0.6354344122657581
52.7027027027027,0.8703771512266569,0.7685314685314686,0.6354344122657581
52.71099320179075,0.8704686927865251,0.7687062937062937,0.6354344122657581
52.71928370087879,0.8704686927865251,0.7687062937062937,0.6354344122657581
52.72757419996684,0.8705602343463933,0.7688811188811189,0.6354344122657581
52.735864699054886,0.8706060051263274,0.769055944055944,0.6354344122657581
52.74415519814293,0.8707433174661297,0.7692307692307693,0.6354344122657581
52.752445697230975,0.8707433174661297,0.7692307692307693,0.6354344122657581
52.760736196319016,0.8707433174661297,0.7692307692307693,0.6354344122657581
52.769026695407064,0.8707433174661297,0.7692307692307693,0.6354344122657581
52.77731719449511,0.8707433174661297,0.7692307692307693,0.6354344122657581
52.78560769358315,0.8707890882460637,0.7694055944055944,0.6354344122657581
52.7938981926712,0.8708806298059318,0.7695804195804196,0.6354344122657581
52.80218869175924,0.8708806298059318,0.7695804195804196,0.6354344122657581
52.81047919084729,0.870926400585866,0.7697552447552447,0.6354344122657581
52.81876968993534,0.870926400585866,0.7697552447552447,0.6354344122657581
52.82706018902338,0.870926400585866,0.7697552447552447,0.6354344122657581
52.835350688111426,0.8710179421457341,0.76993006993007,0.6354344122657581
52.84364118719947,0.8710179421457341,0.76993006993007,0.6354344122657581
52.851931686287514,0.8710179421457341,0.76993006993007,0.6354344122657581
52.86022218537556,0.8711552544855364,0.7701048951048951,0.6354344122657581
52.8685126844636,0.8711552544855364,0.7701048951048951,0.6354344122657581
52.87680318355165,0.8712925668253387,0.7702797202797202,0.6362862010221465
52.88509368263969,0.8712925668253387,0.7702797202797202,0.6362862010221465
52.89338418172774,0.8712925668253387,0.7702797202797202,0.6362862010221465
52.90167468081579,0.8716129622848773,0.7704545454545455,0.6362862010221465
52.90996517990383,0.8716129622848773,0.7704545454545455,0.6362862010221465
52.918255678991876,0.8716129622848773,0.7704545454545455,0.6362862010221465
52.92654617807992,0.8716129622848773,0.7704545454545455,0.6362862010221465
52.934836677167965,0.87197912852435,0.7706293706293706,0.637137989778535
52.94312717625601,0.87197912852435,0.7706293706293706,0.637137989778535
52.951417675344054,0.8720248993042842,0.7708041958041958,0.637137989778535
52.9597081744321,0.8720248993042842,0.7708041958041958,0.637137989778535
52.96799867352014,0.8720248993042842,0.7708041958041958,0.6379897785349233
52.97628917260819,0.8720248993042842,0.7708041958041958,0.6379897785349233
52.98457967169624,0.8720706700842182,0.7709790209790209,0.6379897785349233
52.99287017078428,0.8721164408641523,0.7711538461538462,0.6388415672913118
53.00116066987233,0.8723452947638227,0.7713286713286713,0.6388415672913118
53.009451168960375,0.8723452947638227,0.7713286713286713,0.6388415672913118
53.017741668048416,0.8723910655437569,0.7715034965034965,0.6388415672913118
53.026032167136464,0.872482607103625,0.7716783216783217,0.6388415672913118
53.034322666224504,0.8725741486634933,0.7718531468531469,0.6388415672913118
53.04261316531255,0.8725741486634933,0.7718531468531469,0.6388415672913118
53.0509036644006,0.8726656902233614,0.772027972027972,0.6388415672913118
53.05919416348864,0.8726656902233614,0.772027972027972,0.6388415672913118
53.06748466257669,0.8726656902233614,0.772027972027972,0.6388415672913118
53.07577516166473,0.8726656902233614,0.772027972027972,0.6388415672913118
53.08406566075278,0.8726656902233614,0.772027972027972,0.6396933560477002
53.092356159840826,0.8727114610032954,0.7722027972027972,0.6396933560477002
53.100646658928866,0.8727114610032954,0.7722027972027972,0.6396933560477002
53.108937158016914,0.8728030025631637,0.7723776223776224,0.6396933560477002
53.117227657104955,0.872940314902966,0.7725524475524476,0.6396933560477002
53.125518156193,0.872940314902966,0.7725524475524476,0.6405451448040886
53.13380865528105,0.8730318564628341,0.7727272727272727,0.6405451448040886
53.14209915436909,0.8730318564628341,0.7727272727272727,0.6405451448040886
53.15038965345714,0.8733980227023068,0.7729020979020979,0.6405451448040886
53.15868015254518,0.8734437934822409,0.7730769230769231,0.6405451448040886
53.16697065163323,0.8736726473819114,0.7732517482517482,0.6405451448040886
53.175261150721276,0.8736726473819114,0.7732517482517482,0.6405451448040886
53.18355164980932,0.8737184181618455,0.7734265734265734,0.6405451448040886
53.191842148897365,0.8737184181618455,0.7734265734265734,0.6405451448040886
53.200132647985406,0.8737184181618455,0.7734265734265734,0.6405451448040886
53.208423147073454,0.8737184181618455,0.7734265734265734,0.6405451448040886
53.2167136461615,0.8737184181618455,0.7734265734265734,0.6405451448040886
53.22500414524954,0.8740845844013182,0.7736013986013986,0.6405451448040886
53.23329464433759,0.8740845844013182,0.7736013986013986,0.6405451448040886
53.24158514342563,0.8742676675210546,0.7737762237762238,0.6405451448040886
53.24987564251368,0.8744507506407909,0.7739510489510489,0.6405451448040886
53.25816614160173,0.8744507506407909,0.7739510489510489,0.6405451448040886
53.26645664068977,0.874496521420725,0.7741258741258741,0.6405451448040886
53.274747139777816,0.874496521420725,0.7741258741258741,0.6405451448040886
53.283037638865856,0.8746796045404613,0.7743006993006993,0.641396933560477
53.291328137953904,0.8746796045404613,0.7743006993006993,0.641396933560477
53.29961863704195,0.8746796045404613,0.7743006993006993,0.641396933560477
53.30790913612999,0.8746796045404613,0.7743006993006993,0.641396933560477
53.31619963521804,0.8746796045404613,0.7743006993006993,0.641396933560477
53.32449013430608,0.8747253753203954,0.7744755244755245,0.641396933560477
53.33278063339413,0.8748169168802636,0.7746503496503496,0.641396933560477
53.34107113248218,0.8748169168802636,0.7746503496503496,0.641396933560477
53.34936163157022,0.8748626876601977,0.7748251748251749,0.641396933560477
53.357652130658266,0.8748626876601977,0.7748251748251749,0.6422487223168655
53.365942629746314,0.8748626876601977,0.7748251748251749,0.6422487223168655
53.374233128834355,0.8750457707799341,0.775,0.6422487223168655
53.3825236279224,0.8750457707799341,0.775,0.6422487223168655
53.390814127010444,0.8750457707799341,0.775,0.6431005110732538
53.39910462609849,0.8751373123398023,0.7751748251748252,0.6439522998296422
53.40739512518654,0.8752746246796046,0.7753496503496503,0.6439522998296422
53.41568562427458,0.8753203954595387,0.7755244755244756,0.6439522998296422
53.42397612336263,0.8753661662394727,0.7756993006993007,0.6439522998296422
53.43226662245067,0.8755492493592091,0.7758741258741259,0.6439522998296422
53.44055712153872,0.8755950201391431,0.776048951048951,0.6439522998296422
53.448847620626765,0.8756407909190773,0.7762237762237763,0.6439522998296422
53.457138119714806,0.8756865616990114,0.7763986013986014,0.6439522998296422
53.465428618802854,0.8757323324789454,0.7765734265734265,0.6439522998296422
53.473719117890894,0.8757323324789454,0.7765734265734265,0.6439522998296422
53.48200961697894,0.8757323324789454,0.7765734265734265,0.6439522998296422
53.49030011606699,0.8757323324789454,0.7765734265734265,0.6439522998296422
53.49859061515503,0.8757323324789454,0.7765734265734265,0.6439522998296422
53.50688111424308,0.8758238740388137,0.7767482517482518,0.6448040885860307
53.51517161333112,0.8758238740388137,0.7767482517482518,0.6448040885860307
53.52346211241917,0.8758238740388137,0.7767482517482518,0.6448040885860307
53.531752611507216,0.8758238740388137,0.7767482517482518,0.6448040885860307
53.540043110595256,0.8758696448187477,0.7769230769230769,0.6448040885860307
53.548333609683304,0.8760527279384841,0.7770979020979021,0.6448040885860307
53.556624108771345,0.8760527279384841,0.7770979020979021,0.6448040885860307
53.56491460785939,0.8762358110582205,0.7772727272727272,0.6448040885860307
53.57320510694744,0.8762358110582205,0.7772727272727272,0.6448040885860307
53.58149560603548,0.8762358110582205,0.7772727272727272,0.6448040885860307
53.58978610512353,0.8762815818381545,0.7774475524475525,0.645655877342419
53.59807660421157,0.8762815818381545,0.7774475524475525,0.6465076660988075
53.60636710329962,0.8762815818381545,0.7774475524475525,0.6465076660988075
53.614657602387666,0.8763273526180886,0.7776223776223776,0.6465076660988075
53.62294810147571,0.8763731233980228,0.7777972027972028,0.6465076660988075
53.631238600563755,0.8764646649578909,0.777972027972028,0.6465076660988075
53.639529099651796,0.8764646649578909,0.777972027972028,0.6465076660988075
53.647819598739844,0.8766019772976932,0.7781468531468532,0.6465076660988075
53.65611009782789,0.8766477480776272,0.7783216783216783,0.6465076660988075
53.66440059691593,0.8766477480776272,0.7783216783216783,0.6465076660988075
53.67269109600398,0.8766477480776272,0.7783216783216783,0.6465076660988075
53.68098159509202,0.8766477480776272,0.7783216783216783,0.6465076660988075
53.68927209418007,0.8766477480776272,0.7783216783216783,0.6465076660988075
53.69756259326812,0.8768766019772977,0.7784965034965035,0.6465076660988075
53.70585309235616,0.8768766019772977,0.7784965034965035,0.6465076660988075
53.714143591444206,0.8769681435371659,0.7786713286713287,0.6465076660988075
53.72243409053225,0.8769681435371659,0.7786713286713287,0.6473594548551959
53.730724589620294,0.8769681435371659,0.7786713286713287,0.6473594548551959
53.73901508870834,0.8771512266569023,0.7788461538461539,0.6482112436115843
53.74730558779638,0.8771969974368363,0.779020979020979,0.6482112436115843
53.75559608688443,0.8772427682167704,0.7791958041958041,0.6482112436115843
53.76388658597248,0.8772427682167704,0.7791958041958041,0.6482112436115843
53.77217708506052,0.8772427682167704,0.7791958041958041,0.6482112436115843
53.78046758414857,0.8772427682167704,0.7791958041958041,0.6482112436115843
53.78875808323661,0.8772427682167704,0.7791958041958041,0.6482112436115843
53.797048582324656,0.8772885389967046,0.7793706293706294,0.6482112436115843
53.805339081412704,0.8774716221164409,0.7795454545454545,0.6482112436115843
53.813629580500745,0.877563163676309,0.7797202797202797,0.6482112436115843
53.82192007958879,0.877563163676309,0.7797202797202797,0.6482112436115843
53.830210578676834,0.877563163676309,0.7797202797202797,0.6482112436115843
53.83850107776488,0.877563163676309,0.7797202797202797,0.6482112436115843
53.84679157685293,0.877563163676309,0.7797202797202797,0.6482112436115843
53.85508207594097,0.8776089344562431,0.7798951048951049,0.6482112436115843
53.86337257502902,0.8777920175759795,0.7800699300699301,0.6482112436115843
53.87166307411706,0.8781124130355181,0.7802447552447552,0.6482112436115843
53.87995357320511,0.8782039545953864,0.7804195804195804,0.6482112436115843
53.888244072293155,0.8782497253753204,0.7805944055944056,0.6482112436115843
53.896534571381196,0.8782954961552545,0.7807692307692308,0.6482112436115843
53.90482507046924,0.8783412669351885,0.7809440559440559,0.6482112436115843
53.913115569557284,0.8784785792749908,0.7811188811188812,0.6482112436115843
53.92140606864533,0.8784785792749908,0.7811188811188812,0.6482112436115843
53.92969656773338,0.8785243500549249,0.7812937062937063,0.6482112436115843
53.93798706682142,0.8785701208348591,0.7814685314685315,0.6482112436115843
53.94627756590947,0.8786616623947272,0.7816433566433566,0.6482112436115843
53.95456806499751,0.8787074331746613,0.7818181818181819,0.6482112436115843
53.96285856408556,0.8787532039545954,0.781993006993007,0.6482112436115843
53.971149063173605,0.8787532039545954,0.781993006993007,0.6482112436115843
53.979439562261646,0.8787532039545954,0.781993006993007,0.6482112436115843
53.987730061349694,0.8787532039545954,0.781993006993007,0.6482112436115843
53.996020560437735,0.8787532039545954,0.781993006993007,0.6482112436115843
54.00431105952578,0.8791193701940682,0.7821678321678321,0.6482112436115843
54.01260155861383,0.8792109117539363,0.7823426573426573,0.6482112436115843
54.02089205770187,0.8792109117539363,0.7823426573426573,0.6482112436115843
54.02918255678992,0.8792109117539363,0.7823426573426573,0.6482112436115843
54.03747305587796,0.8792109117539363,0.7823426573426573,0.6482112436115843
54.04576355496601,0.8792109117539363,0.7823426573426573,0.6482112436115843
54.054054054054056,0.8792109117539363,0.7823426573426573,0.6490630323679727
54.0623445531421,0.8792109117539363,0.7823426573426573,0.6490630323679727
54.070635052230145,0.8792566825338703,0.7825174825174825,0.6490630323679727
54.07892555131819,0.8792566825338703,0.7825174825174825,0.6490630323679727
54.087216050406234,0.8792566825338703,0.7825174825174825,0.6490630323679727
54.09550654949428,0.8792566825338703,0.7825174825174825,0.6490630323679727
54.10379704858232,0.8792566825338703,0.7825174825174825,0.6490630323679727
54.11208754767037,0.8793024533138045,0.7826923076923077,0.6490630323679727
54.12037804675842,0.8793024533138045,0.7826923076923077,0.6490630323679727
54.12866854584646,0.8793482240937386,0.7828671328671328,0.6490630323679727
54.13695904493451,0.8793939948736726,0.7830419580419581,0.6490630323679727
54.14524954402255,0.8794397656536067,0.7832167832167832,0.6490630323679727
54.153540043110596,0.8795313072134749,0.7833916083916084,0.6490630323679727
54.16183054219864,0.879577077993409,0.7835664335664335,0.6490630323679727
54.170121041286684,0.879577077993409,0.7835664335664335,0.6490630323679727
54.17841154037473,0.879577077993409,0.7835664335664335,0.6490630323679727
54.18670203946277,0.8797143903332113,0.7837412587412588,0.6490630323679727
54.19499253855082,0.8798974734529477,0.7839160839160839,0.6490630323679727
54.20328303763887,0.8799432442328817,0.7840909090909091,0.6490630323679727
54.21157353672691,0.8799432442328817,0.7840909090909091,0.6490630323679727
54.21986403581496,0.8799432442328817,0.7840909090909091,0.6499148211243612
54.228154534903,0.8799432442328817,0.7840909090909091,0.6499148211243612
54.236445033991046,0.8799432442328817,0.7840909090909091,0.6507666098807495
54.244735533079094,0.88003478579275,0.7842657342657343,0.6507666098807495
54.253026032167135,0.88003478579275,0.7842657342657343,0.6507666098807495
54.26131653125518,0.88003478579275,0.7842657342657343,0.6507666098807495
54.269607030343224,0.8801720981325521,0.7844405594405595,0.6507666098807495
54.27789752943127,0.8802178689124863,0.7846153846153846,0.6507666098807495
54.28618802851932,0.8804009520322227,0.7847902097902097,0.6507666098807495
54.29447852760736,0.8804009520322227,0.7847902097902097,0.6507666098807495
54.30276902669541,0.8806755767118272,0.784965034965035,0.6507666098807495
54.31105952578345,0.8808586598315635,0.7851398601398601,0.6507666098807495
54.3193500248715,0.8809044306114976,0.7853146853146853,0.6507666098807495
54.327640523959545,0.8809044306114976,0.7853146853146853,0.6507666098807495
54.335931023047586,0.8809959721713658,0.7854895104895104,0.6507666098807495
54.34422152213563,0.881087513731234,0.7856643356643357,0.6507666098807495
54.352512021223674,0.8811332845111681,0.7858391608391608,0.6507666098807495
54.36080252031172,0.8812705968509703,0.786013986013986,0.6507666098807495
54.36909301939977,0.8812705968509703,0.786013986013986,0.6507666098807495
54.37738351848781,0.8813621384108385,0.7861888111888112,0.6507666098807495
54.38567401757586,0.8814536799707067,0.7863636363636364,0.6507666098807495
54.3939645166639,0.8814536799707067,0.7863636363636364,0.6507666098807495
54.40225501575195,0.8814994507506408,0.7865384615384615,0.651618398637138
54.410545514839995,0.8814994507506408,0.7865384615384615,0.6524701873935264
54.418836013928036,0.8817283046503113,0.7867132867132867,0.6524701873935264
54.427126513016084,0.8817283046503113,0.7867132867132867,0.6524701873935264
54.43541701210413,0.8817283046503113,0.7867132867132867,0.6533219761499148
54.44370751119217,0.8817740754302453,0.7868881118881119,0.6533219761499148
54.45199801028022,0.8817740754302453,0.7868881118881119,0.6533219761499148
54.46028850936826,0.8818198462101794,0.7870629370629371,0.6533219761499148
54.46857900845631,0.8818198462101794,0.7870629370629371,0.6533219761499148
54.47686950754436,0.8818198462101794,0.7870629370629371,0.6533219761499148
54.4851600066324,0.8818656169901136,0.7872377622377622,0.6533219761499148
54.493450505720446,0.8819113877700476,0.7874125874125875,0.6533219761499148
54.50174100480849,0.8819113877700476,0.7874125874125875,0.6533219761499148
54.510031503896535,0.8819113877700476,0.7874125874125875,0.6533219761499148
54.51832200298458,0.8819571585499817,0.7875874125874126,0.6541737649063032
54.526612502072624,0.8820029293299158,0.7877622377622377,0.6541737649063032
54.53490300116067,0.8820029293299158,0.7877622377622377,0.6541737649063032
54.54319350024871,0.882140241669718,0.7879370629370629,0.6541737649063032
54.55148399933676,0.882140241669718,0.7879370629370629,0.6541737649063032
54.55977449842481,0.8821860124496521,0.7881118881118881,0.6541737649063032
54.56806499751285,0.8824606371292567,0.7882867132867133,0.6541737649063032
54.5763554966009,0.8825521786891248,0.7884615384615384,0.6541737649063032
54.58464599568894,0.882597949469059,0.7886363636363637,0.6541737649063032
54.592936494776986,0.8828268033687294,0.7888111888111888,0.6550255536626917
54.60122699386503,0.8828725741486635,0.788986013986014,0.6550255536626917
54.609517492953074,0.8828725741486635,0.788986013986014,0.6550255536626917
54.61780799204112,0.8828725741486635,0.788986013986014,0.6550255536626917
54.62609849112916,0.8829183449285976,0.7891608391608391,0.6550255536626917
54.63438899021721,0.8829183449285976,0.7891608391608391,0.6550255536626917
54.64267948930526,0.8829183449285976,0.7891608391608391,0.6550255536626917
54.6509699883933,0.8829183449285976,0.7891608391608391,0.6550255536626917
54.65926048748135,0.8829641157085317,0.7893356643356644,0.6550255536626917
54.66755098656939,0.8829641157085317,0.7893356643356644,0.6550255536626917
54.675841485657436,0.8829641157085317,0.7893356643356644,0.6550255536626917
54.684131984745484,0.8829641157085317,0.7893356643356644,0.6550255536626917
54.692422483833525,0.8829641157085317,0.7893356643356644,0.6550255536626917
54.70071298292157,0.8829641157085317,0.7893356643356644,0.6550255536626917
54.709003482009614,0.8829641157085317,0.7893356643356644,0.6550255536626917
54.71729398109766,0.8829641157085317,0.7893356643356644,0.6550255536626917
54.72558448018571,0.8829641157085317,0.7893356643356644,0.6550255536626917
54.73387497927375,0.8829641157085317,0.7893356643356644,0.6550255536626917
54.7421654783618,0.8829641157085317,0.7893356643356644,0.6550255536626917
54.75045597744984,0.8829641157085317,0.7893356643356644,0.6550255536626917
54.75874647653789,0.8829641157085317,0.7893356643356644,0.6550255536626917
54.767036975625935,0.8831929696082021,0.7895104895104895,0.6550255536626917
54.775327474713976,0.8831929696082021,0.7895104895104895,0.6550255536626917
54.78361797380202,0.8832387403881362,0.7896853146853147,0.6550255536626917
54.79190847289007,0.8832387403881362,0.7896853146853147,0.6550255536626917
54.80019897197811,0.8832845111680703,0.7898601398601398,0.65587734241908
54.80848947106616,0.8832845111680703,0.7898601398601398,0.65587734241908
54.8167799701542,0.8834675942878066,0.7900349650349651,0.6567291311754685
54.82507046924225,0.8835133650677408,0.7902097902097902,0.6567291311754685
54.8333609683303,0.8835133650677408,0.7902097902097902,0.6567291311754685
54.84165146741834,0.8835591358476749,0.7903846153846154,0.6567291311754685
54.849941966506385,0.8836964481874772,0.7905594405594406,0.6567291311754685
54.858232465594426,0.8837422189674112,0.7907342657342658,0.6567291311754685
54.866522964682474,0.8837879897473453,0.7909090909090909,0.6567291311754685
54.87481346377052,0.8839253020871476,0.791083916083916,0.6567291311754685
54.88310396285856,0.8839253020871476,0.791083916083916,0.6567291311754685
54.89139446194661,0.8841999267667521,0.7912587412587413,0.6575809199318569
54.89968496103465,0.8842914683266203,0.7914335664335664,0.6575809199318569
54.9079754601227,0.8842914683266203,0.7914335664335664,0.6575809199318569
54.91626595921075,0.8842914683266203,0.7914335664335664,0.6575809199318569
54.92455645829879,0.8843372391065544,0.7916083916083916,0.6575809199318569
54.932846957386836,0.8843372391065544,0.7916083916083916,0.6575809199318569
54.94113745647488,0.8843372391065544,0.7916083916083916,0.6575809199318569
54.949427955562925,0.8847491761259612,0.7917832167832168,0.6575809199318569
54.95771845465097,0.8847491761259612,0.7917832167832168,0.6575809199318569
54.96600895373901,0.8847949469058953,0.791958041958042,0.6575809199318569
54.97429945282706,0.8848407176858294,0.7921328671328671,0.6575809199318569
54.9825899519151,0.8848407176858294,0.7921328671328671,0.6575809199318569
54.99088045100315,0.8848864884657635,0.7923076923076923,0.6575809199318569
54.9991709500912,0.8848864884657635,0.7923076923076923,0.6584327086882453
55.00746144917924,0.8848864884657635,0.7923076923076923,0.6584327086882453
55.01575194826729,0.8849322592456975,0.7924825174825175,0.6584327086882453
55.02404244735533,0.8849322592456975,0.7924825174825175,0.6584327086882453
55.032332946443375,0.8849322592456975,0.7924825174825175,0.6584327086882453
55.04062344553142,0.8849322592456975,0.7924825174825175,0.6584327086882453
55.048913944619464,0.8850695715854998,0.7926573426573427,0.6584327086882453
55.05720444370751,0.8851153423654339,0.7928321678321678,0.6584327086882453
55.06549494279555,0.885161113145368,0.793006993006993,0.6584327086882453
55.0737854418836,0.8852068839253021,0.7931818181818182,0.6592844974446337
55.08207594097165,0.8852526547052362,0.7933566433566434,0.6592844974446337
55.09036644005969,0.8852526547052362,0.7933566433566434,0.6592844974446337
55.09865693914774,0.8853441962651044,0.7935314685314685,0.6592844974446337
55.106947438235785,0.8853441962651044,0.7935314685314685,0.6592844974446337
55.115237937323826,0.8853441962651044,0.7935314685314685,0.6592844974446337
55.123528436411874,0.8853899670450385,0.7937062937062938,0.6592844974446337
55.131818935499915,0.8854815086049066,0.7938811188811189,0.6592844974446337
55.14010943458796,0.8855272793848408,0.794055944055944,0.6592844974446337
55.14839993367601,0.8856188209447089,0.7942307692307692,0.6592844974446337
55.15669043276405,0.8856188209447089,0.7942307692307692,0.6592844974446337
55.1649809318521,0.8856188209447089,0.7942307692307692,0.6592844974446337
55.17327143094014,0.8857561332845112,0.7944055944055944,0.6592844974446337
55.18156193002819,0.8857561332845112,0.7944055944055944,0.6601362862010222
55.189852429116236,0.8858019040644453,0.7945804195804196,0.6601362862010222
55.19814292820428,0.8858019040644453,0.7945804195804196,0.6601362862010222
55.206433427292325,0.8858019040644453,0.7945804195804196,0.6609880749574105
55.214723926380366,0.8861222995239839,0.7947552447552447,0.6609880749574105
55.22301442546841,0.886168070303918,0.79493006993007,0.661839863713799
55.23130492455646,0.886168070303918,0.79493006993007,0.661839863713799
55.2395954236445,0.886168070303918,0.79493006993007,0.661839863713799
55.24788592273255,0.8862596118637862,0.7951048951048951,0.661839863713799
55.25617642182059,0.8862596118637862,0.7951048951048951,0.661839863713799
55.26446692090864,0.8863053826437203,0.7952797202797203,0.661839863713799
55.27275741999669,0.8863511534236543,0.7954545454545454,0.661839863713799
55.28104791908473,0.8863969242035884,0.7956293706293707,0.661839863713799
55.289338418172775,0.8863969242035884,0.7956293706293707,0.661839863713799
55.297628917260816,0.8863969242035884,0.7956293706293707,0.661839863713799
55.305919416348864,0.8863969242035884,0.7956293706293707,0.661839863713799
55.31420991543691,0.8863969242035884,0.7956293706293707,0.661839863713799
55.32250041452495,0.8864426949835226,0.7958041958041958,0.661839863713799
55.330790913613,0.8864426949835226,0.7958041958041958,0.661839863713799
55.33908141270104,0.8864884657634566,0.795979020979021,0.661839863713799
55.34737191178909,0.8864884657634566,0.795979020979021,0.661839863713799
55.35566241087714,0.8864884657634566,0.795979020979021,0.661839863713799
55.36395290996518,0.8865342365433907,0.7961538461538461,0.661839863713799
55.372243409053226,0.8867630904430611,0.7963286713286714,0.661839863713799
55.38053390814127,0.8868088612229953,0.7965034965034965,0.661839863713799
55.388824407229315,0.8869461735627975,0.7966783216783216,0.661839863713799
55.39711490631736,0.8870834859025998,0.7968531468531469,0.661839863713799
55.4054054054054,0.8870834859025998,0.7968531468531469,0.661839863713799
55.41369590449345,0.8870834859025998,0.7968531468531469,0.6626916524701874
55.42198640358149,0.8870834859025998,0.7968531468531469,0.6626916524701874
55.43027690266954,0.8871292566825338,0.797027972027972,0.6626916524701874
55.43856740175759,0.8871292566825338,0.797027972027972,0.6626916524701874
55.44685790084563,0.8871292566825338,0.797027972027972,0.6626916524701874
55.45514839993368,0.8871292566825338,0.797027972027972,0.6626916524701874
55.463438899021725,0.8871292566825338,0.797027972027972,0.6626916524701874
55.471729398109765,0.8871292566825338,0.797027972027972,0.6626916524701874
55.48001989719781,0.8872207982424021,0.7972027972027972,0.6626916524701874
55.488310396285854,0.8872207982424021,0.7972027972027972,0.6635434412265758
55.4966008953739,0.8872207982424021,0.7972027972027972,0.6635434412265758
55.50489139446195,0.8872207982424021,0.7972027972027972,0.6635434412265758
55.51318189354999,0.8872207982424021,0.7972027972027972,0.6635434412265758
55.52147239263804,0.8872207982424021,0.7972027972027972,0.6635434412265758
55.52976289172608,0.8872207982424021,0.7972027972027972,0.6635434412265758
55.53805339081413,0.8873123398022702,0.7973776223776223,0.6635434412265758
55.546343889902175,0.8873123398022702,0.7973776223776223,0.6635434412265758
55.554634388990216,0.8873581105822044,0.7975524475524476,0.6635434412265758
55.562924888078264,0.8873581105822044,0.7975524475524476,0.6635434412265758
55.571215387166305,0.8873581105822044,0.7975524475524476,0.6635434412265758
55.57950588625435,0.8873581105822044,0.7975524475524476,0.6635434412265758
55.5877963853424,0.8873581105822044,0.7975524475524476,0.6635434412265758
55.59608688443044,0.8873581105822044,0.7975524475524476,0.6635434412265758
55.60437738351849,0.8874038813621384,0.7977272727272727,0.6635434412265758
55.61266788260653,0.8874038813621384,0.7977272727272727,0.6635434412265758
55.62095838169458,0.8874038813621384,0.7977272727272727,0.6635434412265758
55.629248880782626,0.8874038813621384,0.7977272727272727,0.6635434412265758
55.63753937987067,0.8874038813621384,0.7977272727272727,0.6635434412265758
55.645829878958715,0.8875869644818748,0.7979020979020979,0.6635434412265758
55.654120378046755,0.8875869644818748,0.7979020979020979,0.6635434412265758
55.6624108771348,0.8878615891614793,0.7980769230769231,0.6635434412265758
55.67070137622285,0.8878615891614793,0.7980769230769231,0.6635434412265758
55.67899187531089,0.8878615891614793,0.7980769230769231,0.6635434412265758
55.68728237439894,0.8878615891614793,0.7980769230769231,0.6635434412265758
55.69557287348698,0.8878615891614793,0.7980769230769231,0.6635434412265758
55.70386337257503,0.8878615891614793,0.7980769230769231,0.6643952299829642
55.71215387166308,0.8879073599414135,0.7982517482517483,0.6643952299829642
55.72044437075112,0.8879073599414135,0.7982517482517483,0.6643952299829642
55.728734869839165,0.8880446722812156,0.7984265734265734,0.6643952299829642
55.737025368927206,0.8880904430611498,0.7986013986013986,0.6652470187393527
55.745315868015254,0.8880904430611498,0.7986013986013986,0.6652470187393527
55.7536063671033,0.8881362138410839,0.7987762237762238,0.6652470187393527
55.76189686619134,0.8883650677407543,0.798951048951049,0.6652470187393527
55.77018736527939,0.8885023800805566,0.7991258741258741,0.6652470187393527
55.77847786436743,0.8889143170999634,0.7993006993006992,0.6652470187393527
55.78676836345548,0.8889143170999634,0.7993006993006992,0.6652470187393527
55.79505886254353,0.8889600878798974,0.7994755244755245,0.6652470187393527
55.80334936163157,0.8889600878798974,0.7994755244755245,0.6652470187393527
55.811639860719616,0.8892804833394361,0.7996503496503496,0.6652470187393527
55.819930359807664,0.8895551080190407,0.7998251748251748,0.6652470187393527
55.828220858895705,0.8895551080190407,0.7998251748251748,0.6652470187393527
55.83651135798375,0.8895551080190407,0.7998251748251748,0.6652470187393527
55.84480185707179,0.8895551080190407,0.7998251748251748,0.6652470187393527
55.85309235615984,0.8896008787989748,0.8,0.6652470187393527
55.86138285524789,0.8896008787989748,0.8,0.6652470187393527
55.86967335433593,0.8896008787989748,0.8,0.6652470187393527
55.87796385342398,0.8896008787989748,0.8,0.6652470187393527
55.88625435251202,0.8899212742585134,0.8001748251748252,0.6652470187393527
55.89454485160007,0.8899212742585134,0.8001748251748252,0.6652470187393527
55.902835350688115,0.8899212742585134,0.8001748251748252,0.6652470187393527
55.911125849776155,0.8903332112779202,0.8003496503496503,0.666098807495741
55.9194163488642,0.8903789820578543,0.8005244755244755,0.666098807495741
55.927706847952244,0.8905162943976566,0.8006993006993007,0.666098807495741
55.93599734704029,0.8905162943976566,0.8006993006993007,0.666098807495741
55.94428784612834,0.8905162943976566,0.8006993006993007,0.666098807495741
55.95257834521638,0.8906078359575247,0.8008741258741259,0.666098807495741
55.96086884430443,0.8906536067374589,0.801048951048951,0.666098807495741
55.96915934339247,0.8908824606371293,0.8012237762237763,0.666098807495741
55.97744984248052,0.8908824606371293,0.8012237762237763,0.666098807495741
55.985740341568565,0.8908824606371293,0.8012237762237763,0.666098807495741
55.994030840656606,0.8908824606371293,0.8012237762237763,0.666098807495741
56.002321339744654,0.8911570853167338,0.8013986013986014,0.666098807495741
56.010611838832695,0.8915232515562065,0.8015734265734266,0.666098807495741
56.01890233792074,0.8915232515562065,0.8015734265734266,0.666098807495741
56.02719283700879,0.8915232515562065,0.8015734265734266,0.666098807495741
56.03548333609683,0.8915232515562065,0.8015734265734266,0.666098807495741
56.04377383518488,0.8917978762358111,0.8017482517482517,0.666098807495741
56.05206433427292,0.8917978762358111,0.8017482517482517,0.666098807495741
56.06035483336097,0.8920267301354815,0.801923076923077,0.666098807495741
56.068645332449016,0.8920267301354815,0.801923076923077,0.666098807495741
56.07693583153706,0.8922098132552179,0.8020979020979021,0.666098807495741
56.085226330625105,0.8922555840351519,0.8022727272727272,0.666098807495741
56.093516829713145,0.8922555840351519,0.8022727272727272,0.666098807495741
56.10180732880119,0.8924386671548883,0.8024475524475524,0.666098807495741
56.11009782788924,0.8924386671548883,0.8024475524475524,0.666098807495741
56.11838832697728,0.8924386671548883,0.8024475524475524,0.666098807495741
56.12667882606533,0.8925759794946906,0.8026223776223776,0.666098807495741
56.13496932515337,0.8925759794946906,0.8026223776223776,0.666098807495741
56.14325982424142,0.8926217502746246,0.8027972027972028,0.666098807495741
56.15155032332947,0.8926217502746246,0.8027972027972028,0.666098807495741
56.15984082241751,0.8926217502746246,0.8027972027972028,0.666098807495741
56.168131321505555,0.8926675210545588,0.8029720279720279,0.666098807495741
56.1764218205936,0.8926675210545588,0.8029720279720279,0.666098807495741
56.184712319681644,0.8926675210545588,0.8029720279720279,0.666098807495741
56.19300281876969,0.8927132918344929,0.8031468531468532,0.666098807495741
56.20129331785773,0.8927132918344929,0.8031468531468532,0.666098807495741
56.20958381694578,0.892759062614427,0.8033216783216783,0.666098807495741
56.21787431603383,0.892759062614427,0.8033216783216783,0.666098807495741
56.22616481512187,0.8928506041742952,0.8034965034965035,0.666098807495741
56.23445531420992,0.8928506041742952,0.8034965034965035,0.666098807495741
56.24274581329796,0.8929879165140974,0.8036713286713286,0.666098807495741
56.251036312386006,0.8933998535335043,0.8038461538461539,0.666098807495741
56.259326811474054,0.8934913950933724,0.804020979020979,0.666098807495741
56.267617310562095,0.8936744782131087,0.8041958041958042,0.666098807495741
56.27590780965014,0.8939491028927133,0.8043706293706294,0.6669505962521295
56.28419830873818,0.8940406444525815,0.8045454545454546,0.6678023850085179
56.29248880782623,0.8940406444525815,0.8045454545454546,0.6678023850085179
56.30077930691428,0.8942694983522519,0.8047202797202797,0.6678023850085179
56.30906980600232,0.8942694983522519,0.8047202797202797,0.6678023850085179
56.31736030509037,0.8942694983522519,0.8047202797202797,0.6678023850085179
56.32565080417841,0.8942694983522519,0.8047202797202797,0.6678023850085179
56.33394130326646,0.8943152691321861,0.8048951048951049,0.6678023850085179
56.342231802354505,0.8943152691321861,0.8048951048951049,0.6678023850085179
56.350522301442545,0.8943152691321861,0.8048951048951049,0.6678023850085179
56.35881280053059,0.8944525814719883,0.8050699300699301,0.6678023850085179
56.367103299618634,0.8944525814719883,0.8050699300699301,0.6678023850085179
56.37539379870668,0.8944525814719883,0.8050699300699301,0.6678023850085179
56.38368429779473,0.8944525814719883,0.8050699300699301,0.6678023850085179
56.39197479688277,0.8944983522519224,0.8052447552447553,0.6678023850085179
56.40026529597082,0.8944983522519224,0.8052447552447553,0.6678023850085179
56.40855579505886,0.8944983522519224,0.8052447552447553,0.6678023850085179
56.41684629414691,0.8944983522519224,0.8052447552447553,0.6678023850085179
56.425136793234955,0.8945898938117905,0.8054195804195804,0.6678023850085179
56.433427292322996,0.8945898938117905,0.8054195804195804,0.6678023850085179
56.441717791411044,0.8945898938117905,0.8054195804195804,0.6678023850085179
56.450008290499085,0.8945898938117905,0.8054195804195804,0.6678023850085179
56.45829878958713,0.8945898938117905,0.8054195804195804,0.6678023850085179
56.46658928867518,0.8945898938117905,0.8054195804195804,0.6678023850085179
56.47487978776322,0.8946814353716588,0.8055944055944056,0.6678023850085179
56.48317028685127,0.8946814353716588,0.8055944055944056,0.6678023850085179
56.49146078593931,0.8947729769315269,0.8057692307692308,0.6678023850085179
56.49975128502736,0.8947729769315269,0.8057692307692308,0.6678023850085179
56.508041784115406,0.8952764555108019,0.8059440559440559,0.6678023850085179
56.51633228320345,0.895322226290736,0.8061188811188811,0.6678023850085179
56.524622782291495,0.895322226290736,0.8061188811188811,0.6678023850085179
56.53291328137954,0.8954137678506042,0.8062937062937063,0.6678023850085179
56.54120378046758,0.8954595386305383,0.8064685314685315,0.6678023850085179
56.54949427955563,0.8954595386305383,0.8064685314685315,0.6678023850085179
56.55778477864367,0.8954595386305383,0.8064685314685315,0.6678023850085179
56.56607527773172,0.8954595386305383,0.8064685314685315,0.6678023850085179
56.57436577681977,0.8955968509703406,0.8066433566433566,0.6678023850085179
56.58265627590781,0.8956426217502746,0.8068181818181818,0.6678023850085179
56.59094677499586,0.8956426217502746,0.8068181818181818,0.6678023850085179
56.5992372740839,0.8956426217502746,0.8068181818181818,0.6678023850085179
56.607527773171945,0.8956883925302087,0.806993006993007,0.6678023850085179
56.61581827225999,0.8956883925302087,0.806993006993007,0.6678023850085179
56.624108771348034,0.8957341633101428,0.8071678321678322,0.6678023850085179
56.63239927043608,0.8957341633101428,0.8071678321678322,0.6678023850085179
56.64068976952412,0.8960545587696814,0.8073426573426573,0.6678023850085179
56.64898026861217,0.8960545587696814,0.8073426573426573,0.6678023850085179
56.65727076770022,0.8961461003295497,0.8075174825174826,0.6678023850085179
56.66556126678826,0.896329183449286,0.8076923076923077,0.6678023850085179
56.67385176587631,0.896329183449286,0.8076923076923077,0.6678023850085179
56.68214226496435,0.8965580373489564,0.8078671328671329,0.6678023850085179
56.690432764052396,0.8965580373489564,0.8078671328671329,0.6678023850085179
56.698723263140444,0.8966495789088246,0.808041958041958,0.6686541737649063
56.707013762228485,0.8967411204686928,0.8082167832167833,0.6686541737649063
56.71530426131653,0.8967411204686928,0.8082167832167833,0.6686541737649063
56.72359476040457,0.8967868912486269,0.8083916083916084,0.6686541737649063
56.73188525949262,0.8968326620285609,0.8085664335664335,0.6686541737649063
56.74017575858067,0.8968326620285609,0.8085664335664335,0.6686541737649063
56.74846625766871,0.8968326620285609,0.8085664335664335,0.6686541737649063
56.75675675675676,0.8969699743683632,0.8087412587412588,0.6686541737649063
56.7650472558448,0.8969699743683632,0.8087412587412588,0.6695059625212947
56.77333775493285,0.8970615159282315,0.8089160839160839,0.6695059625212947
56.781628254020895,0.8970615159282315,0.8089160839160839,0.6695059625212947
56.789918753108935,0.8970615159282315,0.8089160839160839,0.6695059625212947
56.79820925219698,0.8971988282680337,0.8090909090909091,0.6695059625212947
56.806499751285024,0.897336140607836,0.8092657342657342,0.6703577512776832
56.81479025037307,0.89738191138777,0.8094405594405595,0.6703577512776832
56.82308074946112,0.89738191138777,0.8094405594405595,0.6712095400340715
56.83137124854916,0.8976107652874405,0.8096153846153846,0.6712095400340715
56.83966174763721,0.8976107652874405,0.8096153846153846,0.67206132879046
56.84795224672525,0.8976565360673746,0.8097902097902098,0.67206132879046
56.8562427458133,0.8976565360673746,0.8097902097902098,0.67206132879046
56.864533244901345,0.8976565360673746,0.8097902097902098,0.67206132879046
56.872823743989386,0.8977938484071769,0.8099650349650349,0.67206132879046
56.881114243077434,0.8979311607469791,0.8101398601398602,0.67206132879046
56.88940474216548,0.8979311607469791,0.8101398601398602,0.67206132879046
56.89769524125352,0.8979311607469791,0.8101398601398602,0.67206132879046
56.90598574034157,0.8979769315269133,0.8103146853146853,0.6729131175468483
56.91427623942961,0.8979769315269133,0.8103146853146853,0.6729131175468483
56.92256673851766,0.8980684730867814,0.8104895104895105,0.6729131175468483
56.93085723760571,0.8985719516660564,0.8106643356643357,0.6729131175468483
56.93914773669375,0.8986177224459905,0.8108391608391609,0.6729131175468483
56.947438235781796,0.8987550347857928,0.811013986013986,0.6729131175468483
56.95572873486984,0.8987550347857928,0.811013986013986,0.6729131175468483
56.964019233957885,0.8989381179055291,0.8111888111888111,0.6729131175468483
56.97230973304593,0.8990296594653973,0.8113636363636364,0.6729131175468483
56.98060023213397,0.8990296594653973,0.8113636363636364,0.6729131175468483
56.98889073122202,0.8990754302453314,0.8115384615384615,0.6729131175468483
56.99718123031006,0.8990754302453314,0.8115384615384615,0.6729131175468483
57.00547172939811,0.8990754302453314,0.8115384615384615,0.6729131175468483
57.01376222848616,0.8992127425851336,0.8117132867132867,0.6729131175468483
57.0220527275742,0.8992585133650678,0.8118881118881119,0.6729131175468483
57.03034322666225,0.8994415964848042,0.8120629370629371,0.6729131175468483
57.03863372575029,0.8994415964848042,0.8120629370629371,0.6729131175468483
57.046924224838335,0.8995789088246063,0.8122377622377622,0.6729131175468483
57.05521472392638,0.8996246796045405,0.8124125874125874,0.6729131175468483
57.063505223014424,0.8996246796045405,0.8124125874125874,0.6729131175468483
57.07179572210247,0.8996246796045405,0.8124125874125874,0.6729131175468483
57.08008622119051,0.8996704503844746,0.8125874125874126,0.6729131175468483
57.08837672027856,0.8996704503844746,0.8125874125874126,0.6737649063032368
57.09666721936661,0.8996704503844746,0.8125874125874126,0.6737649063032368
57.10495771845465,0.8996704503844746,0.8125874125874126,0.6737649063032368
57.1132482175427,0.8996704503844746,0.8125874125874126,0.6737649063032368
57.12153871663074,0.8996704503844746,0.8125874125874126,0.6737649063032368
57.129829215718786,0.8997162211644086,0.8127622377622378,0.6737649063032368
57.138119714806834,0.8997162211644086,0.8127622377622378,0.6737649063032368
57.146410213894875,0.8997162211644086,0.8127622377622378,0.6737649063032368
57.15470071298292,0.8998535335042109,0.8129370629370629,0.6737649063032368
57.16299121207096,0.8998535335042109,0.8129370629370629,0.6737649063032368
57.17128171115901,0.8998535335042109,0.8129370629370629,0.6737649063032368
57.17957221024706,0.9001739289637496,0.8131118881118881,0.6737649063032368
57.1878627093351,0.9001739289637496,0.8131118881118881,0.6737649063032368
57.19615320842315,0.9002196997436837,0.8132867132867133,0.6737649063032368
57.20444370751119,0.9002196997436837,0.8132867132867133,0.6737649063032368
57.21273420659924,0.9002654705236177,0.8134615384615385,0.6737649063032368
57.221024705687284,0.9002654705236177,0.8134615384615385,0.6737649063032368
57.229315204775325,0.9002654705236177,0.8134615384615385,0.6737649063032368
57.23760570386337,0.900357012083486,0.8136363636363636,0.6737649063032368
57.24589620295142,0.900357012083486,0.8136363636363636,0.6737649063032368
57.25418670203946,0.90040278286342,0.8138111888111889,0.6746166950596252
57.26247720112751,0.90040278286342,0.8138111888111889,0.6746166950596252
57.27076770021555,0.9004485536433541,0.813986013986014,0.6746166950596252
57.2790581993036,0.9004485536433541,0.813986013986014,0.6746166950596252
57.28734869839165,0.9004943244232881,0.8141608391608391,0.6746166950596252
57.29563919747969,0.9004943244232881,0.8141608391608391,0.6746166950596252
57.303929696567735,0.9008147198828268,0.8143356643356643,0.6746166950596252
57.312220195655776,0.9009520322226291,0.8145104895104895,0.6746166950596252
57.320510694743824,0.9009978030025632,0.8146853146853147,0.6754684838160137
57.32880119383187,0.9009978030025632,0.8146853146853147,0.6754684838160137
57.33709169291991,0.9010435737824972,0.8148601398601398,0.6754684838160137
57.34538219200796,0.9010435737824972,0.8148601398601398,0.6754684838160137
57.353672691096,0.9010435737824972,0.8148601398601398,0.6754684838160137
57.36196319018405,0.9010893445624314,0.8150349650349651,0.6754684838160137
57.3702536892721,0.9012266569022336,0.8152097902097902,0.676320272572402
57.37854418836014,0.9012724276821678,0.8153846153846154,0.676320272572402
57.386834687448186,0.9012724276821678,0.8153846153846154,0.676320272572402
57.39512518653623,0.9012724276821678,0.8153846153846154,0.676320272572402
57.403415685624275,0.9014097400219699,0.8155594405594405,0.6771720613287905
57.41170618471232,0.9014097400219699,0.8155594405594405,0.6771720613287905
57.41999668380036,0.9014097400219699,0.8155594405594405,0.6780238500851788
57.42828718288841,0.9014097400219699,0.8155594405594405,0.6780238500851788
57.43657768197645,0.9014097400219699,0.8155594405594405,0.6780238500851788
57.4448681810645,0.9014555108019041,0.8157342657342658,0.6780238500851788
57.45315868015255,0.9015012815818382,0.8159090909090909,0.6780238500851788
57.46144917924059,0.9015012815818382,0.8159090909090909,0.6780238500851788
57.46973967832864,0.9015928231417063,0.8160839160839161,0.6780238500851788
57.47803017741668,0.9015928231417063,0.8160839160839161,0.6780238500851788
57.486320676504725,0.9016843647015745,0.8162587412587412,0.6780238500851788
57.49461117559277,0.9018216770413768,0.8164335664335665,0.6780238500851788
57.502901674680814,0.9022336140607836,0.8166083916083916,0.6788756388415673
57.51119217376886,0.9022793848407177,0.8167832167832167,0.6788756388415673
57.5194826728569,0.9022793848407177,0.8167832167832167,0.6788756388415673
57.52777317194495,0.9022793848407177,0.8167832167832167,0.6788756388415673
57.536063671033,0.9022793848407177,0.8167832167832167,0.6788756388415673
57.54435417012104,0.9022793848407177,0.8167832167832167,0.6788756388415673
57.55264466920909,0.9023709264005859,0.816958041958042,0.6788756388415673
57.56093516829713,0.9025082387403881,0.8171328671328671,0.6788756388415673
57.569225667385176,0.9025082387403881,0.8171328671328671,0.6797274275979557
57.577516166473224,0.9026455510801904,0.8173076923076923,0.6797274275979557
57.585806665561265,0.9026913218601245,0.8174825174825174,0.6797274275979557
57.59409716464931,0.9028286341999268,0.8176573426573427,0.6797274275979557
57.60238766373736,0.9028286341999268,0.8176573426573427,0.6797274275979557
57.6106781628254,0.9028744049798608,0.8178321678321678,0.6797274275979557
57.61896866191345,0.9028744049798608,0.8178321678321678,0.6805792163543442
57.62725916100149,0.9028744049798608,0.8178321678321678,0.6805792163543442
57.63554966008954,0.9028744049798608,0.8178321678321678,0.6805792163543442
57.643840159177586,0.9028744049798608,0.8178321678321678,0.6805792163543442
57.65213065826563,0.9028744049798608,0.8178321678321678,0.6805792163543442
57.660421157353674,0.9028744049798608,0.8178321678321678,0.6805792163543442
57.668711656441715,0.9030574880995972,0.818006993006993,0.6805792163543442
57.67700215552976,0.9031032588795314,0.8181818181818182,0.6805792163543442
57.68529265461781,0.9031948004393995,0.8183566433566434,0.6805792163543442
57.69358315370585,0.9036525082387404,0.8185314685314685,0.6805792163543442
57.7018736527939,0.9037440497986086,0.8187062937062937,0.6805792163543442
57.71016415188194,0.9037440497986086,0.8187062937062937,0.6805792163543442
57.71845465096999,0.9037898205785426,0.8188811188811189,0.6805792163543442
57.726745150058036,0.9037898205785426,0.8188811188811189,0.6805792163543442
57.73503564914608,0.9045679238374222,0.8190559440559441,0.6814310051107325
57.743326148234125,0.9046136946173563,0.8192307692307692,0.6814310051107325
57.751616647322166,0.9046136946173563,0.8192307692307692,0.6814310051107325
57.759907146410214,0.9046136946173563,0.8192307692307692,0.6814310051107325
57.76819764549826,0.9046136946173563,0.8192307692307692,0.6814310051107325
57.7764881445863,0.9046136946173563,0.8192307692307692,0.6814310051107325
57.78477864367435,0.9046136946173563,0.8192307692307692,0.6814310051107325
57.79306914276239,0.9046136946173563,0.8192307692307692,0.6814310051107325
57.80135964185044,0.9046136946173563,0.8192307692307692,0.6814310051107325
57.80965014093849,0.9046136946173563,0.8192307692307692,0.6814310051107325
57.81794064002653,0.9046136946173563,0.8192307692307692,0.6814310051107325
57.826231139114576,0.9047052361772244,0.8194055944055944,0.6814310051107325
57.83452163820262,0.9047052361772244,0.8194055944055944,0.6814310051107325
57.842812137290665,0.9047052361772244,0.8194055944055944,0.6814310051107325
57.85110263637871,0.9047052361772244,0.8194055944055944,0.6814310051107325
57.85939313546675,0.9047052361772244,0.8194055944055944,0.6814310051107325
57.8676836345548,0.9047052361772244,0.8194055944055944,0.6814310051107325
57.87597413364284,0.9047052361772244,0.8194055944055944,0.6814310051107325
57.88426463273089,0.9047052361772244,0.8194055944055944,0.6814310051107325
57.89255513181894,0.9047967777370927,0.8195804195804196,0.6814310051107325
57.90084563090698,0.9047967777370927,0.8195804195804196,0.6814310051107325
57.90913612999503,0.9047967777370927,0.8195804195804196,0.6814310051107325
57.91742662908307,0.9048883192969608,0.8197552447552447,0.6814310051107325
57.925717128171115,0.904934090076895,0.8199300699300699,0.6814310051107325
57.93400762725916,0.904934090076895,0.8199300699300699,0.6814310051107325
57.942298126347204,0.9050256316367631,0.8201048951048951,0.6814310051107325
57.95058862543525,0.9050256316367631,0.8201048951048951,0.6814310051107325
57.9588791245233,0.9050256316367631,0.8201048951048951,0.682282793867121
57.96716962361134,0.9050256316367631,0.8201048951048951,0.682282793867121
57.97546012269939,0.9051629439765654,0.8202797202797203,0.682282793867121
57.98375062178743,0.9052544855364335,0.8204545454545454,0.682282793867121
57.99204112087548,0.9052544855364335,0.8204545454545454,0.682282793867121
58.000331619963525,0.9052544855364335,0.8204545454545454,0.682282793867121
58.008622119051566,0.9052544855364335,0.8204545454545454,0.682282793867121
58.016912618139614,0.9053917978762358,0.8206293706293706,0.682282793867121
58.025203117227655,0.9053917978762358,0.8206293706293706,0.682282793867121
58.0334936163157,0.9053917978762358,0.8206293706293706,0.682282793867121
58.04178411540375,0.9054375686561699,0.8208041958041958,0.682282793867121
58.05007461449179,0.9054375686561699,0.8208041958041958,0.682282793867121
58.05836511357984,0.9054375686561699,0.8208041958041958,0.682282793867121
58.06665561266788,0.9056206517759062,0.820979020979021,0.682282793867121
58.07494611175593,0.9056206517759062,0.820979020979021,0.682282793867121
58.083236610843976,0.9056206517759062,0.820979020979021,0.682282793867121
58.09152710993202,0.9056206517759062,0.820979020979021,0.682282793867121
58.099817609020064,0.9056664225558404,0.8211538461538461,0.682282793867121
58.108108108108105,0.9056664225558404,0.8211538461538461,0.682282793867121
58.11639860719615,0.9061241303551812,0.8213286713286714,0.6831345826235093
58.1246891062842,0.9063072134749176,0.8215034965034965,0.6831345826235093
58.13297960537224,0.9063529842548517,0.8216783216783217,0.6831345826235093
58.14127010446029,0.9063529842548517,0.8216783216783217,0.6831345826235093
58.14956060354833,0.9064445258147199,0.8218531468531468,0.6831345826235093
58.15785110263638,0.9066276089344563,0.8220279720279721,0.6831345826235093
58.166141601724426,0.9068106920541926,0.8222027972027972,0.6831345826235093
58.17443210081247,0.9068106920541926,0.8222027972027972,0.6839863713798978
58.182722599900515,0.9068106920541926,0.8222027972027972,0.6839863713798978
58.191013098988556,0.906993775173929,0.8223776223776224,0.6848381601362862
58.199303598076604,0.906993775173929,0.8223776223776224,0.6848381601362862
58.20759409716465,0.907039545953863,0.8225524475524476,0.6848381601362862
58.21588459625269,0.907039545953863,0.8225524475524476,0.6848381601362862
58.22417509534074,0.9071768582936653,0.8227272727272728,0.6848381601362862
58.23246559442878,0.9071768582936653,0.8227272727272728,0.6848381601362862
58.24075609351683,0.9072226290735994,0.8229020979020979,0.6848381601362862
58.24904659260488,0.9072226290735994,0.8229020979020979,0.6848381601362862
58.25733709169292,0.9072226290735994,0.8229020979020979,0.6856899488926746
58.265627590780966,0.9072226290735994,0.8229020979020979,0.6856899488926746
58.27391808986901,0.9072683998535335,0.823076923076923,0.6856899488926746
58.282208588957054,0.9073141706334676,0.8232517482517483,0.6856899488926746
58.2904990880451,0.9074514829732698,0.8234265734265734,0.6856899488926746
58.29878958713314,0.9074514829732698,0.8234265734265734,0.6856899488926746
58.30708008622119,0.9074514829732698,0.8234265734265734,0.6856899488926746
58.31537058530924,0.9074514829732698,0.8234265734265734,0.6856899488926746
58.32366108439728,0.9074514829732698,0.8234265734265734,0.6856899488926746
58.33195158348533,0.9075887953130721,0.8236013986013986,0.686541737649063
58.34024208257337,0.9075887953130721,0.8236013986013986,0.686541737649063
58.348532581661416,0.9076345660930062,0.8237762237762237,0.686541737649063
58.356823080749464,0.9076345660930062,0.8237762237762237,0.686541737649063
58.365113579837505,0.9077261076528744,0.823951048951049,0.686541737649063
58.37340407892555,0.9077261076528744,0.823951048951049,0.686541737649063
58.381694578013594,0.9077261076528744,0.823951048951049,0.686541737649063
58.38998507710164,0.9077261076528744,0.823951048951049,0.686541737649063
58.39827557618969,0.9077261076528744,0.823951048951049,0.686541737649063
58.40656607527773,0.9077718784328085,0.8241258741258741,0.686541737649063
58.41485657436578,0.9078176492127426,0.8243006993006993,0.686541737649063
58.42314707345382,0.9078634199926767,0.8244755244755245,0.6873935264054515
58.43143757254187,0.9078634199926767,0.8244755244755245,0.6873935264054515
58.439728071629915,0.9078634199926767,0.8244755244755245,0.6873935264054515
58.448018570717956,0.9080007323324789,0.8246503496503497,0.6873935264054515
58.456309069806004,0.9080465031124131,0.8248251748251748,0.6873935264054515
58.464599568894045,0.9082295862321494,0.825,0.6873935264054515
58.47289006798209,0.9082753570120835,0.8251748251748252,0.6873935264054515
58.48118056707014,0.9083211277920176,0.8253496503496504,0.6873935264054515
58.48947106615818,0.9083668985719516,0.8255244755244755,0.6882453151618398
58.49776156524623,0.9084126693518858,0.8256993006993008,0.6882453151618398
58.50605206433427,0.9084584401318199,0.8258741258741259,0.6890971039182283
58.51434256342232,0.9084584401318199,0.8258741258741259,0.6890971039182283
58.522633062510366,0.9087330648114244,0.826048951048951,0.6899488926746167
58.53092356159841,0.9087330648114244,0.826048951048951,0.6899488926746167
58.539214060686454,0.9087330648114244,0.826048951048951,0.6899488926746167
58.547504559774495,0.9087330648114244,0.826048951048951,0.6899488926746167
58.55579505886254,0.909007689491029,0.8262237762237762,0.6899488926746167
58.56408555795059,0.909007689491029,0.8262237762237762,0.6899488926746167
58.57237605703863,0.909007689491029,0.8262237762237762,0.6899488926746167
58.58066655612668,0.909053460270963,0.8263986013986014,0.6899488926746167
58.58895705521472,0.9091907726107653,0.8265734265734266,0.6899488926746167
58.59724755430277,0.9091907726107653,0.8265734265734266,0.6899488926746167
58.605538053390816,0.9094196265104357,0.8267482517482517,0.6899488926746167
58.61382855247886,0.9094653972903698,0.8269230769230769,0.6899488926746167
58.622119051566905,0.909511168070304,0.8270979020979021,0.6899488926746167
58.63040955065495,0.909511168070304,0.8270979020979021,0.6899488926746167
58.638700049742994,0.909511168070304,0.8270979020979021,0.6899488926746167
58.64699054883104,0.909556938850238,0.8272727272727273,0.6899488926746167
58.65528104791908,0.909556938850238,0.8272727272727273,0.6899488926746167
58.66357154700713,0.909556938850238,0.8272727272727273,0.6899488926746167
58.67186204609518,0.909556938850238,0.8272727272727273,0.6899488926746167
58.68015254518322,0.909556938850238,0.8272727272727273,0.6899488926746167
58.68844304427127,0.909556938850238,0.8272727272727273,0.6899488926746167
58.69673354335931,0.9096027096301721,0.8274475524475524,0.6899488926746167
58.705024042447356,0.9096027096301721,0.8274475524475524,0.6899488926746167
58.713314541535404,0.9096484804101062,0.8276223776223777,0.6899488926746167
58.721605040623444,0.9096484804101062,0.8276223776223777,0.6899488926746167
58.72989553971149,0.9098315635298425,0.8277972027972028,0.6899488926746167
58.73818603879953,0.9098315635298425,0.8277972027972028,0.6899488926746167
58.74647653788758,0.9098315635298425,0.8277972027972028,0.6899488926746167
58.75476703697563,0.9098315635298425,0.8277972027972028,0.6899488926746167
58.76305753606367,0.9098315635298425,0.8277972027972028,0.6899488926746167
58.77134803515172,0.9098773343097767,0.827972027972028,0.6899488926746167
58.77963853423976,0.910060417429513,0.8281468531468531,0.6899488926746167
58.787929033327806,0.910060417429513,0.8281468531468531,0.6899488926746167
58.796219532415854,0.910060417429513,0.8281468531468531,0.6899488926746167
58.804510031503895,0.910060417429513,0.8281468531468531,0.6899488926746167
58.81280053059194,0.9104723544489198,0.8283216783216784,0.6899488926746167
58.821091029679984,0.9104723544489198,0.8283216783216784,0.6899488926746167
58.82938152876803,0.9104723544489198,0.8283216783216784,0.6899488926746167
58.83767202785608,0.9104723544489198,0.8283216783216784,0.6899488926746167
58.84596252694412,0.9104723544489198,0.8283216783216784,0.6899488926746167
58.85425302603217,0.9105181252288539,0.8284965034965035,0.6899488926746167
58.86254352512021,0.9105181252288539,0.8284965034965035,0.6899488926746167
58.87083402420826,0.9105181252288539,0.8284965034965035,0.6899488926746167
58.879124523296305,0.9106554375686562,0.8286713286713286,0.6899488926746167
58.887415022384346,0.9106554375686562,0.8286713286713286,0.6899488926746167
58.895705521472394,0.9107469791285243,0.8288461538461539,0.6899488926746167
58.903996020560434,0.9108385206883926,0.829020979020979,0.6899488926746167
58.91228651964848,0.9108842914683266,0.8291958041958042,0.6899488926746167
58.92057701873653,0.9108842914683266,0.8291958041958042,0.6899488926746167
58.92886751782457,0.9108842914683266,0.8291958041958042,0.6899488926746167
58.93715801691262,0.9108842914683266,0.8291958041958042,0.6899488926746167
58.94544851600066,0.9108842914683266,0.8291958041958042,0.6899488926746167
58.95373901508871,0.9108842914683266,0.8291958041958042,0.6899488926746167
58.962029514176756,0.9108842914683266,0.8291958041958042,0.6899488926746167
58.970320013264796,0.9110216038081289,0.8293706293706293,0.6908006814310051
58.978610512352844,0.9110216038081289,0.8293706293706293,0.6908006814310051
58.98690101144089,0.9110216038081289,0.8293706293706293,0.6908006814310051
58.99519151052893,0.911067374588063,0.8295454545454546,0.6908006814310051
59.00348200961698,0.911113145367997,0.8297202797202797,0.6916524701873935
59.01177250870502,0.911113145367997,0.8297202797202797,0.6916524701873935
59.02006300779307,0.911113145367997,0.8297202797202797,0.6916524701873935
59.02835350688112,0.911113145367997,0.8297202797202797,0.6916524701873935
59.03664400596916,0.911113145367997,0.8297202797202797,0.6916524701873935
59.044934505057206,0.9111589161479312,0.8298951048951049,0.6916524701873935
59.05322500414525,0.9111589161479312,0.8298951048951049,0.6916524701873935
59.061515503233295,0.9111589161479312,0.8298951048951049,0.692504258943782
59.06980600232134,0.9112046869278653,0.83006993006993,0.692504258943782
59.078096501409384,0.9113419992676676,0.8302447552447553,0.692504258943782
59.08638700049743,0.9113877700476016,0.8304195804195804,0.692504258943782
59.09467749958547,0.9113877700476016,0.8304195804195804,0.692504258943782
59.10296799867352,0.9114335408275357,0.8305944055944056,0.692504258943782
59.11125849776157,0.9114335408275357,0.8305944055944056,0.692504258943782
59.11954899684961,0.9114335408275357,0.8305944055944056,0.692504258943782
59.12783949593766,0.9114335408275357,0.8305944055944056,0.692504258943782
59.1361299950257,0.9115250823874039,0.8307692307692308,0.692504258943782
59.144420494113746,0.911570853167338,0.830944055944056,0.692504258943782
59.152710993201794,0.911570853167338,0.830944055944056,0.692504258943782
59.161001492289834,0.911570853167338,0.830944055944056,0.692504258943782
59.16929199137788,0.911570853167338,0.830944055944056,0.692504258943782
59.17758249046592,0.911570853167338,0.830944055944056,0.692504258943782
59.18587298955397,0.911570853167338,0.830944055944056,0.692504258943782
59.19416348864202,0.911570853167338,0.830944055944056,0.692504258943782
59.20245398773006,0.911570853167338,0.830944055944056,0.692504258943782
59.21074448681811,0.911570853167338,0.830944055944056,0.6933560477001703
59.21903498590615,0.911570853167338,0.830944055944056,0.6933560477001703
59.227325484994196,0.911616623947272,0.8311188811188811,0.6933560477001703
59.235615984082244,0.911616623947272,0.8311188811188811,0.6933560477001703
59.243906483170285,0.911616623947272,0.8311188811188811,0.6933560477001703
59.25219698225833,0.911616623947272,0.8311188811188811,0.6933560477001703
59.260487481346374,0.911616623947272,0.8311188811188811,0.6933560477001703
59.26877798043442,0.9117081655071403,0.8312937062937062,0.6933560477001703
59.27706847952247,0.9117081655071403,0.8312937062937062,0.6933560477001703
59.28535897861051,0.9117081655071403,0.8312937062937062,0.6942078364565588
59.29364947769856,0.9119827901867448,0.8314685314685315,0.6942078364565588
59.3019399767866,0.9119827901867448,0.8314685314685315,0.6942078364565588
59.31023047587465,0.9119827901867448,0.8314685314685315,0.6942078364565588
59.318520974962695,0.9119827901867448,0.8314685314685315,0.6942078364565588
59.326811474050736,0.9119827901867448,0.8314685314685315,0.6942078364565588
59.335101973138784,0.9119827901867448,0.8314685314685315,0.6942078364565588
59.34339247222683,0.9120285609666788,0.8316433566433566,0.6942078364565588
59.35168297131487,0.9120285609666788,0.8316433566433566,0.6950596252129472
59.35997347040292,0.912074331746613,0.8318181818181818,0.6950596252129472
59.36826396949096,0.912074331746613,0.8318181818181818,0.6950596252129472
59.37655446857901,0.912074331746613,0.8318181818181818,0.6950596252129472
59.38484496766706,0.912074331746613,0.8318181818181818,0.6950596252129472
59.3931354667551,0.912074331746613,0.8318181818181818,0.6950596252129472
59.401425965843146,0.912074331746613,0.8318181818181818,0.6950596252129472
59.409716464931186,0.912074331746613,0.8318181818181818,0.6950596252129472
59.418006964019234,0.9121658733064811,0.831993006993007,0.6950596252129472
59.42629746310728,0.9122116440864152,0.8321678321678322,0.6950596252129472
59.43458796219532,0.9122116440864152,0.8321678321678322,0.6950596252129472
59.44287846128337,0.9122116440864152,0.8321678321678322,0.6950596252129472
59.45116896037141,0.9122116440864152,0.8321678321678322,0.6950596252129472
59.45945945945946,0.9122116440864152,0.8321678321678322,0.6959114139693356
59.46774995854751,0.9122116440864152,0.8321678321678322,0.6959114139693356
59.47604045763555,0.9123031856462834,0.8323426573426573,0.6959114139693356
59.484330956723596,0.9123031856462834,0.8323426573426573,0.6959114139693356
59.49262145581164,0.9123947272061516,0.8325174825174825,0.6959114139693356
59.500911954899685,0.9123947272061516,0.8325174825174825,0.6959114139693356
59.50920245398773,0.9124862687660198,0.8326923076923077,0.6959114139693356
59.517492953075774,0.9127151226656902,0.8328671328671329,0.6959114139693356
59.52578345216382,0.9127608934456243,0.833041958041958,0.6959114139693356
59.53407395125186,0.9127608934456243,0.833041958041958,0.6959114139693356
59.54236445033991,0.9128524350054925,0.8332167832167832,0.6959114139693356
59.55065494942796,0.9128524350054925,0.8332167832167832,0.6959114139693356
59.558945448516,0.9129439765653606,0.8333916083916084,0.6959114139693356
59.56723594760405,0.9129897473452948,0.8335664335664336,0.696763202725724
59.57552644669209,0.9129897473452948,0.8335664335664336,0.696763202725724
59.583816945780136,0.9129897473452948,0.8335664335664336,0.6976149914821125
59.592107444868184,0.9130355181252289,0.8337412587412587,0.6976149914821125
59.600397943956224,0.9132643720248993,0.833916083916084,0.6976149914821125
59.60868844304427,0.9132643720248993,0.833916083916084,0.6976149914821125
59.61697894213231,0.9132643720248993,0.833916083916084,0.6976149914821125
59.62526944122036,0.9133101428048334,0.8340909090909091,0.6976149914821125
59.63355994030841,0.9133559135847675,0.8342657342657342,0.6976149914821125
59.64185043939645,0.9133559135847675,0.8342657342657342,0.6976149914821125
59.6501409384845,0.9134016843647016,0.8344405594405594,0.6976149914821125
59.65843143757254,0.9134474551446357,0.8346153846153846,0.6976149914821125
59.666721936660586,0.9134932259245697,0.8347902097902098,0.6976149914821125
59.675012435748634,0.9134932259245697,0.8347902097902098,0.6976149914821125
59.683302934836675,0.9134932259245697,0.8347902097902098,0.6976149914821125
59.69159343392472,0.9135389967045039,0.8349650349650349,0.6976149914821125
59.69988393301277,0.913630538264372,0.8351398601398602,0.6976149914821125
59.70817443210081,0.9136763090443061,0.8353146853146853,0.6976149914821125
59.71646493118886,0.9136763090443061,0.8353146853146853,0.6976149914821125
59.7247554302769,0.9136763090443061,0.8353146853146853,0.6984667802385008
59.73304592936495,0.9136763090443061,0.8353146853146853,0.6984667802385008
59.741336428452996,0.9137220798242403,0.8354895104895105,0.6984667802385008
59.74962692754104,0.9137220798242403,0.8354895104895105,0.6993185689948893
59.757917426629085,0.9137678506041743,0.8356643356643356,0.6993185689948893
59.766207925717126,0.9137678506041743,0.8356643356643356,0.6993185689948893
59.774498424805174,0.9137678506041743,0.8356643356643356,0.6993185689948893
59.78278892389322,0.9138136213841084,0.8358391608391609,0.6993185689948893
59.79107942298126,0.9138136213841084,0.8358391608391609,0.6993185689948893
59.79936992206931,0.9138136213841084,0.8358391608391609,0.6993185689948893
59.80766042115735,0.9138136213841084,0.8358391608391609,0.6993185689948893
59.8159509202454,0.9138136213841084,0.8358391608391609,0.6993185689948893
59.82424141933345,0.9139051629439766,0.836013986013986,0.7001703577512777
59.83253191842149,0.9139051629439766,0.836013986013986,0.7001703577512777
59.840822417509536,0.9139051629439766,0.836013986013986,0.7001703577512777
59.849112916597576,0.9139051629439766,0.836013986013986,0.7001703577512777
59.857403415685624,0.9139051629439766,0.836013986013986,0.7001703577512777
59.86569391477367,0.9140424752837788,0.8361888111888112,0.7001703577512777
59.87398441386171,0.9140424752837788,0.8361888111888112,0.7001703577512777
59.88227491294976,0.9140424752837788,0.8361888111888112,0.7001703577512777
59.8905654120378,0.914088246063713,0.8363636363636363,0.7001703577512777
59.89885591112585,0.914134016843647,0.8365384615384616,0.7001703577512777
59.9071464102139,0.9143628707433175,0.8367132867132867,0.7001703577512777
59.91543690930194,0.9143628707433175,0.8367132867132867,0.7010221465076661
59.923727408389986,0.9144086415232515,0.8368881118881119,0.7018739352640545
59.93201790747803,0.9144086415232515,0.8368881118881119,0.7018739352640545
59.940308406566075,0.9145001830831198,0.8370629370629371,0.7018739352640545
59.94859890565412,0.9145001830831198,0.8370629370629371,0.7018739352640545
59.956889404742164,0.9145459538630538,0.8372377622377623,0.7018739352640545
59.96517990383021,0.9145459538630538,0.8372377622377623,0.7018739352640545
59.97347040291825,0.914637495422922,0.8374125874125874,0.7018739352640545
59.9817609020063,0.9147290369827902,0.8375874125874125,0.7018739352640545
59.99005140109435,0.9148663493225925,0.8377622377622378,0.7018739352640545
59.99834190018239,0.9148663493225925,0.8377622377622378,0.7018739352640545
60.00663239927044,0.9149578908824606,0.8379370629370629,0.7018739352640545
60.01492289835848,0.9150952032222629,0.8381118881118881,0.7018739352640545
60.023213397446526,0.9150952032222629,0.8381118881118881,0.7018739352640545
60.03150389653457,0.9150952032222629,0.8381118881118881,0.7018739352640545
60.039794395622614,0.9151867447821311,0.8382867132867133,0.7018739352640545
60.04808489471066,0.9152782863419993,0.8384615384615385,0.7018739352640545
60.05637539379871,0.9154155986818016,0.8386363636363636,0.7018739352640545
60.06466589288675,0.9154155986818016,0.8386363636363636,0.7018739352640545
60.0729563919748,0.9154155986818016,0.8386363636363636,0.7018739352640545
60.08124689106284,0.9154613694617356,0.8388111888111888,0.7018739352640545
60.08953739015089,0.9155071402416697,0.838986013986014,0.7018739352640545
60.097827889238935,0.9155529110216039,0.8391608391608392,0.7018739352640545
60.106118388326976,0.9157817649212743,0.8393356643356643,0.7018739352640545
60.114408887415024,0.9157817649212743,0.8393356643356643,0.7018739352640545
60.122699386503065,0.9158275357012083,0.8395104895104896,0.7018739352640545
60.13098988559111,0.9158733064811424,0.8396853146853147,0.7018739352640545
60.13928038467916,0.9159648480410106,0.8398601398601399,0.7018739352640545
60.1475708837672,0.9159648480410106,0.8398601398601399,0.702725724020443
60.15586138285525,0.9163310142804834,0.840034965034965,0.702725724020443
60.16415188194329,0.9163310142804834,0.840034965034965,0.702725724020443
60.17244238103134,0.9163767850604174,0.8402097902097903,0.702725724020443
60.180732880119386,0.9163767850604174,0.8402097902097903,0.702725724020443
60.18902337920743,0.9164683266202857,0.8403846153846154,0.702725724020443
60.197313878295475,0.9164683266202857,0.8403846153846154,0.702725724020443
60.205604377383516,0.9165598681801538,0.8405594405594405,0.702725724020443
60.213894876471564,0.9165598681801538,0.8405594405594405,0.702725724020443
60.22218537555961,0.9165598681801538,0.8405594405594405,0.702725724020443
60.23047587464765,0.9166056389600878,0.8407342657342657,0.702725724020443
60.2387663737357,0.9166971805199561,0.8409090909090909,0.702725724020443
60.24705687282374,0.9168344928597584,0.8410839160839161,0.702725724020443
60.25534737191179,0.9169260344196265,0.8412587412587412,0.7035775127768313
60.26363787099984,0.9169718051995606,0.8414335664335665,0.7035775127768313
60.27192837008788,0.9171091175393629,0.8416083916083916,0.7035775127768313
60.280218869175926,0.9175210545587696,0.8417832167832168,0.7035775127768313
60.288509368263966,0.9175210545587696,0.8417832167832168,0.7035775127768313
60.296799867352014,0.917704137678506,0.8419580419580419,0.7035775127768313
60.30509036644006,0.917704137678506,0.8419580419580419,0.7035775127768313
60.3133808655281,0.917704137678506,0.8419580419580419,0.7035775127768313
60.32167136461615,0.917704137678506,0.8419580419580419,0.7035775127768313
60.32996186370419,0.917704137678506,0.8419580419580419,0.7035775127768313
60.33825236279224,0.917704137678506,0.8419580419580419,0.7035775127768313
60.34654286188029,0.9177956792383742,0.8421328671328672,0.7044293015332198
60.35483336096833,0.9179787623581106,0.8423076923076923,0.7052810902896082
60.363123860056376,0.918207616257781,0.8424825174825175,0.7052810902896082
60.37141435914442,0.918207616257781,0.8424825174825175,0.7052810902896082
60.379704858232465,0.918207616257781,0.8424825174825175,0.7052810902896082
60.38799535732051,0.918207616257781,0.8424825174825175,0.7052810902896082
60.396285856408554,0.9182991578176493,0.8426573426573427,0.7052810902896082
60.4045763554966,0.9184364701574514,0.8428321678321679,0.7052810902896082
60.41286685458465,0.918665324057122,0.843006993006993,0.7052810902896082
60.42115735367269,0.918665324057122,0.843006993006993,0.7052810902896082
60.42944785276074,0.918711094837056,0.8431818181818181,0.7052810902896082
60.43773835184878,0.918711094837056,0.8431818181818181,0.7052810902896082
60.44602885093683,0.918711094837056,0.8431818181818181,0.7052810902896082
60.454319350024875,0.918711094837056,0.8431818181818181,0.7052810902896082
60.462609849112916,0.918711094837056,0.8431818181818181,0.7052810902896082
60.47090034820096,0.918711094837056,0.8431818181818181,0.7052810902896082
60.479190847289004,0.918711094837056,0.8431818181818181,0.7052810902896082
60.48748134637705,0.9187568656169901,0.8433566433566434,0.7061328790459966
60.4957718454651,0.9187568656169901,0.8433566433566434,0.706984667802385
60.50406234455314,0.9188026363969242,0.8435314685314685,0.706984667802385
60.51235284364119,0.9189857195166605,0.8437062937062937,0.706984667802385
60.52064334272923,0.9189857195166605,0.8437062937062937,0.706984667802385
60.52893384181728,0.9189857195166605,0.8437062937062937,0.706984667802385
60.537224340905325,0.9190772610765288,0.8438811188811188,0.706984667802385
60.545514839993366,0.9190772610765288,0.8438811188811188,0.706984667802385
60.553805339081414,0.9192145734163311,0.8440559440559441,0.706984667802385
60.562095838169455,0.9192145734163311,0.8440559440559441,0.706984667802385
60.5703863372575,0.9192145734163311,0.8440559440559441,0.706984667802385
60.57867683634555,0.9192145734163311,0.8440559440559441,0.706984667802385
60.58696733543359,0.9192145734163311,0.8440559440559441,0.706984667802385
60.59525783452164,0.9192145734163311,0.8440559440559441,0.706984667802385
60.60354833360968,0.9192145734163311,0.8440559440559441,0.706984667802385
60.61183883269773,0.9192145734163311,0.8440559440559441,0.706984667802385
60.620129331785776,0.9192145734163311,0.8440559440559441,0.706984667802385
60.62841983087382,0.9192603441962651,0.8442307692307692,0.706984667802385
60.636710329961865,0.9193518857561332,0.8444055944055944,0.706984667802385
60.645000829049906,0.9193518857561332,0.8444055944055944,0.706984667802385
60.65329132813795,0.9193518857561332,0.8444055944055944,0.706984667802385
60.661581827226,0.9193518857561332,0.8444055944055944,0.706984667802385
60.66987232631404,0.9193518857561332,0.8444055944055944,0.706984667802385
60.67816282540209,0.9193518857561332,0.8444055944055944,0.706984667802385
60.68645332449013,0.9196265104357378,0.8445804195804196,0.706984667802385
60.69474382357818,0.9196722812156719,0.8447552447552448,0.706984667802385
60.70303432266623,0.919718051995606,0.8449300699300699,0.7078364565587735
60.71132482175427,0.919718051995606,0.8449300699300699,0.7078364565587735
60.719615320842315,0.9199469058952765,0.8451048951048951,0.7078364565587735
60.727905819930356,0.9199926766752106,0.8452797202797203,0.7078364565587735
60.736196319018404,0.920221530574881,0.8454545454545455,0.7078364565587735
60.74448681810645,0.920267301354815,0.8456293706293706,0.7078364565587735
60.75277731719449,0.920267301354815,0.8456293706293706,0.7078364565587735
60.76106781628254,0.920267301354815,0.8456293706293706,0.7078364565587735
60.76935831537059,0.920267301354815,0.8456293706293706,0.7078364565587735
60.77764881445863,0.9203130721347492,0.8458041958041959,0.7078364565587735
60.78593931354668,0.9203130721347492,0.8458041958041959,0.7078364565587735
60.79422981263472,0.9203130721347492,0.8458041958041959,0.7078364565587735
60.802520311722766,0.9204503844745514,0.845979020979021,0.7078364565587735
60.810810810810814,0.9204503844745514,0.845979020979021,0.7078364565587735
60.819101309898855,0.9205876968143537,0.8461538461538461,0.7078364565587735
60.8273918089869,0.9206334675942878,0.8463286713286713,0.7078364565587735
60.835682308074944,0.9206334675942878,0.8463286713286713,0.7078364565587735
60.84397280716299,0.9206334675942878,0.8463286713286713,0.7078364565587735
60.85226330625104,0.9207707799340901,0.8465034965034965,0.7078364565587735
60.86055380533908,0.9207707799340901,0.8465034965034965,0.7078364565587735
60.86884430442713,0.9207707799340901,0.8465034965034965,0.7078364565587735
60.87713480351517,0.9207707799340901,0.8465034965034965,0.7078364565587735
60.88542530260322,0.9208165507140241,0.8466783216783217,0.7078364565587735
60.893715801691265,0.9208165507140241,0.8466783216783217,0.7078364565587735
60.902006300779306,0.9208165507140241,0.8466783216783217,0.7078364565587735
60.91029679986735,0.9210911753936287,0.8468531468531468,0.7078364565587735
60.918587298955394,0.9210911753936287,0.8468531468531468,0.7078364565587735
60.92687779804344,0.9210911753936287,0.8468531468531468,0.7078364565587735
60.93516829713149,0.9210911753936287,0.8468531468531468,0.7078364565587735
60.94345879621953,0.9210911753936287,0.8468531468531468,0.7078364565587735
60.95174929530758,0.9210911753936287,0.8468531468531468,0.7078364565587735
60.96003979439562,0.9211369461735628,0.847027972027972,0.7078364565587735
60.96833029348367,0.9211369461735628,0.847027972027972,0.7078364565587735
60.976620792571715,0.9211827169534968,0.8472027972027972,0.7078364565587735
60.984911291659756,0.9214115708531674,0.8473776223776224,0.7078364565587735
60.993201790747804,0.9214115708531674,0.8473776223776224,0.7078364565587735
61.001492289835845,0.9214115708531674,0.8473776223776224,0.7078364565587735
61.00978278892389,0.9214115708531674,0.8473776223776224,0.7078364565587735
61.01807328801194,0.9214115708531674,0.8473776223776224,0.7078364565587735
61.02636378709998,0.9214115708531674,0.8473776223776224,0.7078364565587735
61.03465428618803,0.9214573416331014,0.8475524475524475,0.7078364565587735
61.04294478527607,0.9214573416331014,0.8475524475524475,0.7078364565587735
61.05123528436412,0.9214573416331014,0.8475524475524475,0.7078364565587735
61.059525783452166,0.9214573416331014,0.8475524475524475,0.7078364565587735
61.06781628254021,0.9215031124130355,0.8477272727272728,0.7078364565587735
61.076106781628255,0.9215031124130355,0.8477272727272728,0.7078364565587735
61.084397280716296,0.9215031124130355,0.8477272727272728,0.7078364565587735
61.09268777980434,0.9215031124130355,0.8477272727272728,0.7078364565587735
61.10097827889239,0.9215031124130355,0.8477272727272728,0.7078364565587735
61.10926877798043,0.9215488831929696,0.8479020979020979,0.7078364565587735
61.11755927706848,0.9215488831929696,0.8479020979020979,0.7078364565587735
61.12584977615653,0.9215488831929696,0.8479020979020979,0.7078364565587735
61.13414027524457,0.9215488831929696,0.8479020979020979,0.7078364565587735
61.14243077433262,0.9216404247528378,0.8480769230769231,0.7086882453151618
61.15072127342066,0.9216861955327719,0.8482517482517482,0.7086882453151618
61.159011772508705,0.9216861955327719,0.8482517482517482,0.7086882453151618
61.16730227159675,0.9216861955327719,0.8482517482517482,0.7086882453151618
61.175592770684794,0.9216861955327719,0.8482517482517482,0.7095400340715503
61.18388326977284,0.9216861955327719,0.8482517482517482,0.7103918228279387
61.19217376886088,0.9216861955327719,0.8482517482517482,0.7103918228279387
61.20046426794893,0.9216861955327719,0.8482517482517482,0.7103918228279387
61.20875476703698,0.9217319663127059,0.8484265734265735,0.7112436115843271
61.21704526612502,0.9217319663127059,0.8484265734265735,0.7112436115843271
61.22533576521307,0.9217319663127059,0.8484265734265735,0.7112436115843271
61.23362626430111,0.9217777370926401,0.8486013986013986,0.7112436115843271
61.241916763389156,0.9217777370926401,0.8486013986013986,0.7112436115843271
61.250207262477204,0.9217777370926401,0.8486013986013986,0.7112436115843271
61.258497761565245,0.9218235078725742,0.8487762237762237,0.7112436115843271
61.26678826065329,0.9218692786525082,0.848951048951049,0.7112436115843271
61.275078759741334,0.9218692786525082,0.848951048951049,0.7112436115843271
61.28336925882938,0.9219150494324423,0.8491258741258741,0.7120954003407155
61.29165975791743,0.9219150494324423,0.8491258741258741,0.7120954003407155
61.29995025700547,0.9220065909923105,0.8493006993006993,0.7120954003407155
61.30824075609352,0.9220065909923105,0.8493006993006993,0.7120954003407155
61.31653125518156,0.9220065909923105,0.8493006993006993,0.7120954003407155
61.32482175426961,0.9220065909923105,0.8493006993006993,0.7120954003407155
61.333112253357655,0.9220981325521787,0.8494755244755244,0.7120954003407155
61.341402752445696,0.922235444891981,0.8496503496503497,0.7120954003407155
61.34969325153374,0.922235444891981,0.8496503496503497,0.7120954003407155
61.357983750621784,0.9223269864518492,0.8498251748251748,0.7120954003407155
61.36627424970983,0.9224185280117173,0.85,0.7120954003407155
61.37456474879788,0.9226016111314537,0.8501748251748251,0.7120954003407155
61.38285524788592,0.9226473819113877,0.8503496503496504,0.7120954003407155
61.39114574697397,0.9226473819113877,0.8503496503496504,0.7120954003407155
61.39943624606201,0.9226473819113877,0.8503496503496504,0.7120954003407155
61.40772674515006,0.9226931526913219,0.8505244755244755,0.7120954003407155
61.416017244238105,0.9226931526913219,0.8505244755244755,0.7120954003407155
61.424307743326146,0.9226931526913219,0.8505244755244755,0.7120954003407155
61.432598242414194,0.9226931526913219,0.8505244755244755,0.7120954003407155
61.440888741502235,0.9229220065909923,0.8506993006993007,0.7120954003407155
61.44917924059028,0.9229677773709264,0.8508741258741259,0.7120954003407155
61.45746973967833,0.9229677773709264,0.8508741258741259,0.7120954003407155
61.46576023876637,0.9229677773709264,0.8508741258741259,0.7120954003407155
61.47405073785442,0.9230135481508605,0.8510489510489511,0.7120954003407155
61.48234123694247,0.9230135481508605,0.8510489510489511,0.7120954003407155
61.49063173603051,0.923242402050531,0.8512237762237762,0.7120954003407155
61.498922235118556,0.923242402050531,0.8512237762237762,0.7120954003407155
61.5072127342066,0.923242402050531,0.8512237762237762,0.7120954003407155
61.515503233294645,0.923242402050531,0.8512237762237762,0.7120954003407155
61.52379373238269,0.923242402050531,0.8512237762237762,0.7120954003407155
61.53208423147073,0.923242402050531,0.8512237762237762,0.7120954003407155
61.54037473055878,0.9233339436103991,0.8513986013986014,0.7120954003407155
61.54866522964682,0.9233339436103991,0.8513986013986014,0.7120954003407155
61.55695572873487,0.9233339436103991,0.8513986013986014,0.7120954003407155
61.56524622782292,0.9233339436103991,0.8513986013986014,0.7120954003407155
61.57353672691096,0.9234712559502014,0.8515734265734266,0.7120954003407155
61.58182722599901,0.9234712559502014,0.8515734265734266,0.7120954003407155
61.59011772508705,0.9235170267301355,0.8517482517482518,0.7120954003407155
61.598408224175095,0.9235170267301355,0.8517482517482518,0.7120954003407155
61.60669872326314,0.9235627975100695,0.8519230769230769,0.7120954003407155
61.614989222351184,0.9235627975100695,0.8519230769230769,0.7120954003407155
61.62327972143923,0.9236085682900037,0.8520979020979021,0.7120954003407155
61.63157022052727,0.9236543390699378,0.8522727272727273,0.7120954003407155
61.63986071961532,0.9237001098498718,0.8524475524475524,0.7120954003407155
61.64815121870337,0.9237001098498718,0.8524475524475524,0.7120954003407155
61.65644171779141,0.9237001098498718,0.8524475524475524,0.7120954003407155
61.66473221687946,0.9237001098498718,0.8524475524475524,0.7120954003407155
61.6730227159675,0.9239289637495423,0.8526223776223776,0.7120954003407155
61.681313215055546,0.9239289637495423,0.8526223776223776,0.7120954003407155
61.689603714143594,0.9239289637495423,0.8526223776223776,0.7120954003407155
61.697894213231635,0.9239747345294764,0.8527972027972028,0.7120954003407155
61.70618471231968,0.9239747345294764,0.8527972027972028,0.7120954003407155
61.71447521140772,0.9240205053094105,0.852972027972028,0.7120954003407155
61.72276571049577,0.9240205053094105,0.852972027972028,0.7120954003407155
61.73105620958382,0.9240205053094105,0.852972027972028,0.7120954003407155
61.73934670867186,0.9240205053094105,0.852972027972028,0.7120954003407155
61.74763720775991,0.9240662760893446,0.8531468531468531,0.7120954003407155
61.75592770684795,0.9241578176492128,0.8533216783216783,0.7120954003407155
61.764218205936,0.9241578176492128,0.8533216783216783,0.7120954003407155
61.772508705024045,0.9242493592090809,0.8534965034965035,0.7120954003407155
61.780799204112085,0.9242493592090809,0.8534965034965035,0.7120954003407155
61.78908970320013,0.9242493592090809,0.8534965034965035,0.7120954003407155
61.79738020228818,0.9243409007689491,0.8536713286713287,0.7120954003407155
61.80567070137622,0.9243866715488832,0.8538461538461538,0.7120954003407155
61.81396120046427,0.9243866715488832,0.8538461538461538,0.7120954003407155
61.82225169955231,0.9243866715488832,0.8538461538461538,0.7120954003407155
61.83054219864036,0.9243866715488832,0.8538461538461538,0.7120954003407155
61.83883269772841,0.9245697546686196,0.8540209790209791,0.7120954003407155
61.84712319681645,0.9245697546686196,0.8540209790209791,0.7120954003407155
61.855413695904495,0.9245697546686196,0.8540209790209791,0.7120954003407155
61.863704194992536,0.9245697546686196,0.8540209790209791,0.7120954003407155
61.871994694080584,0.9245697546686196,0.8540209790209791,0.7120954003407155
61.88028519316863,0.9245697546686196,0.8540209790209791,0.712947189097104
61.88857569225667,0.9245697546686196,0.8540209790209791,0.712947189097104
61.89686619134472,0.9245697546686196,0.8540209790209791,0.712947189097104
61.90515669043276,0.9246612962284877,0.8541958041958042,0.712947189097104
61.91344718952081,0.9247070670084219,0.8543706293706294,0.712947189097104
61.92173768860886,0.9247070670084219,0.8543706293706294,0.712947189097104
61.9300281876969,0.9247070670084219,0.8543706293706294,0.712947189097104
61.938318686784946,0.9247070670084219,0.8543706293706294,0.712947189097104
61.94660918587299,0.9248901501281582,0.8545454545454545,0.712947189097104
61.954899684961035,0.9248901501281582,0.8545454545454545,0.712947189097104
61.96319018404908,0.9248901501281582,0.8545454545454545,0.712947189097104
61.97148068313712,0.9248901501281582,0.8545454545454545,0.712947189097104
61.97977118222517,0.9248901501281582,0.8545454545454545,0.712947189097104
61.98806168131321,0.9248901501281582,0.8545454545454545,0.712947189097104
61.99635218040126,0.9248901501281582,0.8545454545454545,0.712947189097104
62.00464267948931,0.9251647748077627,0.8547202797202798,0.7137989778534923
62.01293317857735,0.9251647748077627,0.8547202797202798,0.7137989778534923
62.0212236776654,0.9251647748077627,0.8547202797202798,0.7137989778534923
62.02951417675344,0.9251647748077627,0.8547202797202798,0.7137989778534923
62.037804675841485,0.9251647748077627,0.8547202797202798,0.7137989778534923
62.04609517492953,0.9251647748077627,0.8547202797202798,0.7137989778534923
62.054385674017574,0.9251647748077627,0.8547202797202798,0.7137989778534923
62.06267617310562,0.9251647748077627,0.8547202797202798,0.7137989778534923
62.07096667219366,0.9252105455876968,0.8548951048951049,0.7137989778534923
62.07925717128171,0.9252105455876968,0.8548951048951049,0.7137989778534923
62.08754767036976,0.9252105455876968,0.8548951048951049,0.7137989778534923
62.0958381694578,0.9252105455876968,0.8548951048951049,0.7137989778534923
62.10412866854585,0.9252105455876968,0.8548951048951049,0.7137989778534923
62.11241916763389,0.9252105455876968,0.8548951048951049,0.7137989778534923
62.120709666721936,0.9252105455876968,0.8548951048951049,0.7137989778534923
62.129000165809984,0.925256316367631,0.85506993006993,0.7137989778534923
62.137290664898025,0.925256316367631,0.85506993006993,0.7137989778534923
62.14558116398607,0.9253936287074331,0.8552447552447553,0.7137989778534923
62.15387166307412,0.9255767118271695,0.8554195804195804,0.7137989778534923
62.16216216216216,0.9257140241669718,0.8555944055944056,0.7137989778534923
62.17045266125021,0.9257140241669718,0.8555944055944056,0.7137989778534923
62.17874316033825,0.9257140241669718,0.8555944055944056,0.7137989778534923
62.1870336594263,0.9257140241669718,0.8555944055944056,0.7137989778534923
62.195324158514346,0.9257140241669718,0.8555944055944056,0.7137989778534923
62.20361465760239,0.9257140241669718,0.8555944055944056,0.7137989778534923
62.211905156690435,0.9257140241669718,0.8555944055944056,0.7137989778534923
62.220195655778475,0.9258513365067741,0.8557692307692307,0.7137989778534923
62.22848615486652,0.9258971072867082,0.855944055944056,0.7137989778534923
62.23677665395457,0.9259428780666422,0.8561188811188811,0.7137989778534923
62.24506715304261,0.9259886488465764,0.8562937062937063,0.7137989778534923
62.25335765213066,0.9259886488465764,0.8562937062937063,0.7137989778534923
62.2616481512187,0.9260344196265105,0.8564685314685314,0.7137989778534923
62.26993865030675,0.9260344196265105,0.8564685314685314,0.7137989778534923
62.2782291493948,0.9260344196265105,0.8564685314685314,0.7137989778534923
62.28651964848284,0.9261259611863786,0.8566433566433567,0.7137989778534923
62.294810147570885,0.9261259611863786,0.8566433566433567,0.7137989778534923
62.303100646658926,0.9261259611863786,0.8566433566433567,0.7137989778534923
62.311391145746974,0.9262632735261809,0.8568181818181818,0.7137989778534923
62.31968164483502,0.9263548150860491,0.856993006993007,0.7137989778534923
62.32797214392306,0.9263548150860491,0.856993006993007,0.7137989778534923
62.33626264301111,0.9263548150860491,0.856993006993007,0.7137989778534923
62.34455314209915,0.9264005858659832,0.8571678321678322,0.7137989778534923
62.3528436411872,0.9264005858659832,0.8571678321678322,0.7137989778534923
62.36113414027525,0.9264005858659832,0.8571678321678322,0.7146507666098807
62.36942463936329,0.9264005858659832,0.8571678321678322,0.7146507666098807
62.377715138451336,0.9264463566459172,0.8573426573426574,0.7146507666098807
62.38600563753938,0.9265378982057855,0.8575174825174825,0.7146507666098807
62.394296136627425,0.9265378982057855,0.8575174825174825,0.7146507666098807
62.40258663571547,0.9265378982057855,0.8575174825174825,0.7146507666098807
62.41087713480351,0.9265836689857195,0.8576923076923076,0.7146507666098807
62.41916763389156,0.9266752105455877,0.8578671328671329,0.7146507666098807
62.4274581329796,0.9266752105455877,0.8578671328671329,0.7146507666098807
62.43574863206765,0.9267209813255218,0.858041958041958,0.7146507666098807
62.4440391311557,0.9267209813255218,0.858041958041958,0.7146507666098807
62.45232963024374,0.9267209813255218,0.858041958041958,0.7146507666098807
62.46062012933179,0.9267209813255218,0.858041958041958,0.7146507666098807
62.46891062841983,0.9269498352251923,0.8582167832167832,0.7146507666098807
62.477201127507875,0.9269956060051263,0.8583916083916084,0.7146507666098807
62.48549162659592,0.9269956060051263,0.8583916083916084,0.7146507666098807
62.493782125683964,0.9269956060051263,0.8583916083916084,0.7146507666098807
62.50207262477201,0.9269956060051263,0.8583916083916084,0.7146507666098807
62.51036312386006,0.9270871475649946,0.8585664335664336,0.7146507666098807
62.5186536229481,0.9270871475649946,0.8585664335664336,0.7146507666098807
62.52694412203615,0.9271786891248627,0.8587412587412587,0.7146507666098807
62.53523462112419,0.9272244599047967,0.8589160839160839,0.7146507666098807
62.54352512021224,0.9272244599047967,0.8589160839160839,0.7146507666098807
62.551815619300285,0.9272244599047967,0.8589160839160839,0.7146507666098807
62.560106118388326,0.9272244599047967,0.8589160839160839,0.7146507666098807
62.568396617476374,0.9272244599047967,0.8589160839160839,0.7146507666098807
62.576687116564415,0.9272244599047967,0.8589160839160839,0.7146507666098807
62.58497761565246,0.9272702306847309,0.8590909090909091,0.7146507666098807
62.59326811474051,0.9272702306847309,0.8590909090909091,0.7146507666098807
62.60155861382855,0.9272702306847309,0.8590909090909091,0.7146507666098807
62.6098491129166,0.9272702306847309,0.8590909090909091,0.7146507666098807
62.61813961200464,0.9272702306847309,0.8590909090909091,0.7146507666098807
62.62643011109269,0.9272702306847309,0.8590909090909091,0.7155025553662692
62.634720610180736,0.9272702306847309,0.8590909090909091,0.7155025553662692
62.64301110926878,0.9272702306847309,0.8590909090909091,0.7155025553662692
62.651301608356825,0.9272702306847309,0.8590909090909091,0.7163543441226575
62.659592107444865,0.9272702306847309,0.8590909090909091,0.7163543441226575
62.66788260653291,0.9272702306847309,0.8590909090909091,0.7163543441226575
62.67617310562096,0.927316001464665,0.8592657342657343,0.7163543441226575
62.684463604709,0.927316001464665,0.8592657342657343,0.7163543441226575
62.69275410379705,0.927316001464665,0.8592657342657343,0.7163543441226575
62.70104460288509,0.927361772244599,0.8594405594405594,0.7163543441226575
62.70933510197314,0.927361772244599,0.8594405594405594,0.7163543441226575
62.71762560106119,0.927361772244599,0.8594405594405594,0.7163543441226575
62.72591610014923,0.927361772244599,0.8594405594405594,0.7163543441226575
62.734206599237275,0.927361772244599,0.8594405594405594,0.7163543441226575
62.742497098325316,0.927361772244599,0.8594405594405594,0.7163543441226575
62.750787597413364,0.9275448553643354,0.8596153846153847,0.7163543441226575
62.75907809650141,0.9276363969242036,0.8597902097902098,0.7163543441226575
62.76736859558945,0.9276363969242036,0.8597902097902098,0.7163543441226575
62.7756590946775,0.9276363969242036,0.8597902097902098,0.7163543441226575
62.78394959376554,0.9276363969242036,0.8597902097902098,0.7163543441226575
62.79224009285359,0.9276821677041377,0.859965034965035,0.7163543441226575
62.80053059194164,0.9276821677041377,0.859965034965035,0.7163543441226575
62.80882109102968,0.9279567923837422,0.8601398601398601,0.7163543441226575
62.817111590117726,0.9279567923837422,0.8601398601398601,0.7163543441226575
62.82540208920577,0.9280025631636764,0.8603146853146854,0.717206132879046
62.833692588293815,0.9280025631636764,0.8603146853146854,0.7180579216354344
62.84198308738186,0.9280025631636764,0.8603146853146854,0.7180579216354344
62.8502735864699,0.9280025631636764,0.8603146853146854,0.7180579216354344
62.85856408555795,0.9280025631636764,0.8603146853146854,0.7180579216354344
62.866854584646,0.9280025631636764,0.8603146853146854,0.7180579216354344
62.87514508373404,0.9280941047235445,0.8604895104895105,0.7180579216354344
62.88343558282209,0.9280941047235445,0.8604895104895105,0.7180579216354344
62.89172608191013,0.9280941047235445,0.8604895104895105,0.7180579216354344
62.90001658099818,0.9281398755034785,0.8606643356643356,0.7180579216354344
62.908307080086225,0.9281398755034785,0.8606643356643356,0.7180579216354344
62.916597579174265,0.9282314170633468,0.8608391608391608,0.7180579216354344
62.92488807826231,0.9282314170633468,0.8608391608391608,0.7180579216354344
62.933178577350354,0.9282314170633468,0.8608391608391608,0.7180579216354344
62.9414690764384,0.9282314170633468,0.8608391608391608,0.7180579216354344
62.94975957552645,0.9282314170633468,0.8608391608391608,0.7180579216354344
62.95805007461449,0.9282314170633468,0.8608391608391608,0.7180579216354344
62.96634057370254,0.9282314170633468,0.8608391608391608,0.7180579216354344
62.97463107279058,0.9282314170633468,0.8608391608391608,0.7180579216354344
62.98292157187863,0.9282314170633468,0.8608391608391608,0.7180579216354344
62.991212070966675,0.9283229586232149,0.861013986013986,0.7180579216354344
62.999502570054716,0.9284602709630172,0.8611888111888112,0.7180579216354344
63.007793069142764,0.9284602709630172,0.8611888111888112,0.7180579216354344
63.016083568230805,0.9284602709630172,0.8611888111888112,0.7180579216354344
63.02437406731885,0.9284602709630172,0.8611888111888112,0.7180579216354344
63.0326645664069,0.9284602709630172,0.8611888111888112,0.7180579216354344
63.04095506549494,0.9285518125228854,0.8613636363636363,0.7180579216354344
63.04924556458299,0.9285975833028195,0.8615384615384616,0.7189097103918228
63.05753606367103,0.9287348956426218,0.8617132867132867,0.7189097103918228
63.06582656275908,0.9287348956426218,0.8617132867132867,0.7189097103918228
63.074117061847126,0.9287348956426218,0.8617132867132867,0.7189097103918228
63.08240756093517,0.9287348956426218,0.8617132867132867,0.7189097103918228
63.090698060023215,0.9287348956426218,0.8617132867132867,0.7189097103918228
63.098988559111255,0.9287806664225559,0.8618881118881119,0.7189097103918228
63.1072790581993,0.9287806664225559,0.8618881118881119,0.7189097103918228
63.11556955728735,0.9287806664225559,0.8618881118881119,0.7189097103918228
63.12386005637539,0.9287806664225559,0.8618881118881119,0.7197614991482112
63.13215055546344,0.9287806664225559,0.8618881118881119,0.7197614991482112
63.14044105455148,0.9287806664225559,0.8618881118881119,0.7197614991482112
63.14873155363953,0.9287806664225559,0.8618881118881119,0.7197614991482112
63.15702205272758,0.9287806664225559,0.8618881118881119,0.7197614991482112
63.16531255181562,0.9287806664225559,0.8618881118881119,0.7197614991482112
63.173603050903665,0.9287806664225559,0.8618881118881119,0.7197614991482112
63.181893549991706,0.9287806664225559,0.8618881118881119,0.7197614991482112
63.190184049079754,0.9287806664225559,0.8618881118881119,0.7197614991482112
63.1984745481678,0.9287806664225559,0.8618881118881119,0.7197614991482112
63.20676504725584,0.9289179787623582,0.862062937062937,0.7197614991482112
63.21505554634389,0.9291010618820945,0.8622377622377623,0.7206132879045997
63.22334604543194,0.9291010618820945,0.8622377622377623,0.7206132879045997
63.23163654451998,0.9291010618820945,0.8622377622377623,0.7206132879045997
63.23992704360803,0.9292841450018309,0.8624125874125874,0.7206132879045997
63.24821754269607,0.929375686561699,0.8625874125874126,0.7206132879045997
63.256508041784116,0.929375686561699,0.8625874125874126,0.7206132879045997
63.264798540872164,0.929375686561699,0.8625874125874126,0.7206132879045997
63.273089039960205,0.929375686561699,0.8625874125874126,0.7206132879045997
63.28137953904825,0.9294214573416331,0.8627622377622378,0.7206132879045997
63.28967003813629,0.9294214573416331,0.8627622377622378,0.7206132879045997
63.29796053722434,0.9294214573416331,0.8627622377622378,0.7206132879045997
63.30625103631239,0.9294214573416331,0.8627622377622378,0.7206132879045997
63.31454153540043,0.9294214573416331,0.8627622377622378,0.721465076660988
63.32283203448848,0.9294214573416331,0.8627622377622378,0.7223168654173765
63.33112253357652,0.9294214573416331,0.8627622377622378,0.7223168654173765
63.33941303266457,0.9294672281215672,0.862937062937063,0.7223168654173765
63.347703531752614,0.9294672281215672,0.862937062937063,0.7223168654173765
63.355994030840655,0.9295129989015013,0.8631118881118881,0.7223168654173765
63.3642845299287,0.9295587696814354,0.8632867132867132,0.7231686541737649
63.372575029016744,0.9296503112413036,0.8634615384615385,0.7231686541737649
63.38086552810479,0.9296503112413036,0.8634615384615385,0.7231686541737649
63.38915602719284,0.9296503112413036,0.8634615384615385,0.7231686541737649
63.39744652628088,0.9296960820212377,0.8636363636363636,0.7231686541737649
63.40573702536893,0.9296960820212377,0.8636363636363636,0.7231686541737649
63.41402752445697,0.9297418528011717,0.8638111888111888,0.7231686541737649
63.42231802354502,0.9297418528011717,0.8638111888111888,0.7231686541737649
63.430608522633065,0.9297418528011717,0.8638111888111888,0.7231686541737649
63.438899021721106,0.9297418528011717,0.8638111888111888,0.7231686541737649
63.447189520809154,0.9297418528011717,0.8638111888111888,0.7231686541737649
63.455480019897195,0.9297418528011717,0.8638111888111888,0.7231686541737649
63.46377051898524,0.9297418528011717,0.8638111888111888,0.7231686541737649
63.47206101807329,0.9297418528011717,0.8638111888111888,0.7231686541737649
63.48035151716133,0.9297418528011717,0.8638111888111888,0.7231686541737649
63.48864201624938,0.9297876235811058,0.8639860139860139,0.7231686541737649
63.49693251533742,0.9297876235811058,0.8639860139860139,0.7231686541737649
63.50522301442547,0.9297876235811058,0.8639860139860139,0.7240204429301533
63.513513513513516,0.9297876235811058,0.8639860139860139,0.7240204429301533
63.52180401260156,0.9297876235811058,0.8639860139860139,0.7240204429301533
63.530094511689605,0.929879165140974,0.8641608391608392,0.7240204429301533
63.538385010777645,0.929879165140974,0.8641608391608392,0.7248722316865417
63.54667550986569,0.929879165140974,0.8641608391608392,0.7248722316865417
63.55496600895374,0.929879165140974,0.8641608391608392,0.7248722316865417
63.56325650804178,0.929879165140974,0.8641608391608392,0.7248722316865417
63.57154700712983,0.929879165140974,0.8641608391608392,0.7248722316865417
63.57983750621788,0.9299249359209081,0.8643356643356643,0.7248722316865417
63.58812800530592,0.9299249359209081,0.8643356643356643,0.7248722316865417
63.59641850439397,0.9299249359209081,0.8643356643356643,0.7248722316865417
63.60470900348201,0.9300164774807763,0.8645104895104895,0.7248722316865417
63.612999502570055,0.9300164774807763,0.8645104895104895,0.7248722316865417
63.6212900016581,0.9300164774807763,0.8645104895104895,0.7248722316865417
63.629580500746144,0.9300622482607104,0.8646853146853147,0.7248722316865417
63.63787099983419,0.9300622482607104,0.8646853146853147,0.7248722316865417
63.64616149892223,0.9301995606005127,0.8648601398601399,0.7248722316865417
63.65445199801028,0.9301995606005127,0.8648601398601399,0.7248722316865417
63.66274249709833,0.9302453313804467,0.865034965034965,0.7248722316865417
63.67103299618637,0.9302453313804467,0.865034965034965,0.7248722316865417
63.67932349527442,0.9302911021603808,0.8652097902097902,0.7248722316865417
63.68761399436246,0.9302911021603808,0.8652097902097902,0.7248722316865417
63.695904493450506,0.9302911021603808,0.8652097902097902,0.7248722316865417
63.704194992538554,0.9305199560600512,0.8653846153846154,0.7248722316865417
63.712485491626595,0.9305199560600512,0.8653846153846154,0.7248722316865417
63.72077599071464,0.9305199560600512,0.8653846153846154,0.7248722316865417
63.72906648980268,0.9305199560600512,0.8653846153846154,0.7257240204429302
63.73735698889073,0.9305199560600512,0.8653846153846154,0.7257240204429302
63.74564748797878,0.9305657268399854,0.8655594405594406,0.7265758091993185
63.75393798706682,0.9305657268399854,0.8655594405594406,0.7265758091993185
63.76222848615487,0.9305657268399854,0.8655594405594406,0.7265758091993185
63.77051898524291,0.9306114976199195,0.8657342657342657,0.7265758091993185
63.77880948433096,0.9306572683998535,0.865909090909091,0.7265758091993185
63.787099983419004,0.9306572683998535,0.865909090909091,0.7265758091993185
63.795390482507045,0.9307030391797876,0.8660839160839161,0.7265758091993185
63.80368098159509,0.9307030391797876,0.8660839160839161,0.7265758091993185
63.811971480683134,0.9307030391797876,0.8660839160839161,0.7265758091993185
63.82026197977118,0.9307488099597218,0.8662587412587412,0.7265758091993185
63.82855247885923,0.9309318930794581,0.8664335664335664,0.7265758091993185
63.83684297794727,0.9310234346393262,0.8666083916083916,0.7265758091993185
63.84513347703532,0.9310234346393262,0.8666083916083916,0.7265758091993185
63.85342397612336,0.9310234346393262,0.8666083916083916,0.7265758091993185
63.86171447521141,0.9310234346393262,0.8666083916083916,0.7265758091993185
63.870004974299455,0.9310234346393262,0.8666083916083916,0.727427597955707
63.878295473387496,0.9310234346393262,0.8666083916083916,0.727427597955707
63.886585972475544,0.9310234346393262,0.8666083916083916,0.727427597955707
63.894876471563585,0.9310234346393262,0.8666083916083916,0.727427597955707
63.90316697065163,0.9310234346393262,0.8666083916083916,0.727427597955707
63.91145746973968,0.9310234346393262,0.8666083916083916,0.727427597955707
63.91974796882772,0.9310234346393262,0.8666083916083916,0.727427597955707
63.92803846791577,0.9310234346393262,0.8666083916083916,0.7282793867120954
63.93632896700382,0.9310234346393262,0.8666083916083916,0.7282793867120954
63.94461946609186,0.9310692054192603,0.8667832167832168,0.7282793867120954
63.952909965179906,0.9310692054192603,0.8667832167832168,0.7282793867120954
63.96120046426795,0.9311149761991945,0.8669580419580419,0.7291311754684838
63.969490963355994,0.9311149761991945,0.8669580419580419,0.7291311754684838
63.97778146244404,0.9311149761991945,0.8669580419580419,0.7291311754684838
63.98607196153208,0.9311607469791285,0.8671328671328671,0.7291311754684838
63.99436246062013,0.9311607469791285,0.8671328671328671,0.7291311754684838
64.00265295970817,0.9312065177590626,0.8673076923076923,0.7291311754684838
64.01094345879622,0.9312065177590626,0.8673076923076923,0.7299829642248722
64.01923395788427,0.9312980593189308,0.8674825174825175,0.7299829642248722
64.02752445697232,0.9312980593189308,0.8674825174825175,0.7299829642248722
64.03581495606035,0.9313438300988649,0.8676573426573426,0.7299829642248722
64.0441054551484,0.9313438300988649,0.8676573426573426,0.7299829642248722
64.05239595423645,0.9313438300988649,0.8676573426573426,0.7299829642248722
64.0606864533245,0.9313438300988649,0.8676573426573426,0.7299829642248722
64.06897695241254,0.9313438300988649,0.8676573426573426,0.7299829642248722
64.07726745150057,0.9313438300988649,0.8676573426573426,0.7299829642248722
64.08555795058862,0.9313438300988649,0.8676573426573426,0.7299829642248722
64.09384844967667,0.9313438300988649,0.8676573426573426,0.7299829642248722
64.10213894876472,0.9313438300988649,0.8676573426573426,0.7299829642248722
64.11042944785277,0.9314811424386672,0.8678321678321679,0.7299829642248722
64.1187199469408,0.9315269132186013,0.868006993006993,0.7299829642248722
64.12701044602885,0.9315269132186013,0.868006993006993,0.7299829642248722
64.1353009451169,0.9315726839985353,0.8681818181818182,0.7299829642248722
64.14359144420494,0.9315726839985353,0.8681818181818182,0.7299829642248722
64.15188194329299,0.9315726839985353,0.8681818181818182,0.7299829642248722
64.16017244238103,0.9315726839985353,0.8681818181818182,0.7299829642248722
64.16846294146907,0.9316642255584036,0.8683566433566433,0.7299829642248722
64.17675344055712,0.9318015378982057,0.8685314685314686,0.7299829642248722
64.18504393964517,0.9318015378982057,0.8685314685314686,0.7299829642248722
64.19333443873322,0.9318473086781399,0.8687062937062937,0.7299829642248722
64.20162493782125,0.9318473086781399,0.8687062937062937,0.7299829642248722
64.2099154369093,0.9318473086781399,0.8687062937062937,0.7299829642248722
64.21820593599735,0.9318473086781399,0.8687062937062937,0.7299829642248722
64.2264964350854,0.931893079458074,0.8688811188811189,0.7299829642248722
64.23478693417344,0.931893079458074,0.8688811188811189,0.7299829642248722
64.24307743326148,0.931893079458074,0.8688811188811189,0.7299829642248722
64.25136793234952,0.931893079458074,0.8688811188811189,0.7299829642248722
64.25965843143757,0.931893079458074,0.8688811188811189,0.7299829642248722
64.26794893052562,0.931893079458074,0.8688811188811189,0.7299829642248722
64.27623942961367,0.931893079458074,0.8688811188811189,0.7299829642248722
64.2845299287017,0.9320761625778103,0.8690559440559441,0.7299829642248722
64.29282042778975,0.9321219333577444,0.8692307692307693,0.7299829642248722
64.3011109268778,0.9322592456975467,0.8694055944055944,0.7299829642248722
64.30940142596585,0.9322592456975467,0.8694055944055944,0.7299829642248722
64.3176919250539,0.9323507872574148,0.8695804195804195,0.7299829642248722
64.32598242414193,0.932396558037349,0.8697552447552448,0.7299829642248722
64.33427292322997,0.9325796411570854,0.8699300699300699,0.7299829642248722
64.34256342231802,0.9325796411570854,0.8699300699300699,0.7299829642248722
64.35085392140607,0.9325796411570854,0.8699300699300699,0.7299829642248722
64.35914442049412,0.9325796411570854,0.8699300699300699,0.7299829642248722
64.36743491958215,0.9325796411570854,0.8699300699300699,0.7299829642248722
64.3757254186702,0.9325796411570854,0.8699300699300699,0.7299829642248722
64.38401591775825,0.9327627242768217,0.8701048951048951,0.7299829642248722
64.3923064168463,0.9327627242768217,0.8701048951048951,0.7299829642248722
64.40059691593434,0.9327627242768217,0.8701048951048951,0.7308347529812607
64.40888741502238,0.9329000366166239,0.8702797202797202,0.7308347529812607
64.41717791411043,0.9329000366166239,0.8702797202797202,0.7308347529812607
64.42546841319847,0.9329000366166239,0.8702797202797202,0.7308347529812607
64.43375891228652,0.9329000366166239,0.8702797202797202,0.731686541737649
64.44204941137457,0.9329000366166239,0.8702797202797202,0.731686541737649
64.45033991046262,0.9329000366166239,0.8702797202797202,0.731686541737649
64.45863040955065,0.9329000366166239,0.8702797202797202,0.731686541737649
64.4669209086387,0.9329000366166239,0.8702797202797202,0.731686541737649
64.47521140772675,0.9329000366166239,0.8702797202797202,0.731686541737649
64.4835019068148,0.9329915781764921,0.8704545454545455,0.731686541737649
64.49179240590284,0.9329915781764921,0.8704545454545455,0.731686541737649
64.50008290499088,0.9329915781764921,0.8704545454545455,0.731686541737649
64.50837340407892,0.9329915781764921,0.8704545454545455,0.731686541737649
64.51666390316697,0.9329915781764921,0.8704545454545455,0.731686541737649
64.52495440225502,0.9329915781764921,0.8704545454545455,0.731686541737649
64.53324490134307,0.9329915781764921,0.8704545454545455,0.731686541737649
64.5415354004311,0.9331746612962285,0.8706293706293706,0.7325383304940375
64.54982589951915,0.9332204320761626,0.8708041958041958,0.7325383304940375
64.5581163986072,0.9332204320761626,0.8708041958041958,0.7325383304940375
64.56640689769524,0.9332204320761626,0.8708041958041958,0.7325383304940375
64.5746973967833,0.9332204320761626,0.8708041958041958,0.7325383304940375
64.58298789587133,0.9332204320761626,0.8708041958041958,0.7325383304940375
64.59127839495937,0.9332204320761626,0.8708041958041958,0.7325383304940375
64.59956889404742,0.9332204320761626,0.8708041958041958,0.7325383304940375
64.60785939313547,0.9332204320761626,0.8708041958041958,0.7325383304940375
64.61614989222352,0.9332204320761626,0.8708041958041958,0.7325383304940375
64.62444039131155,0.9333577444159649,0.870979020979021,0.7325383304940375
64.6327308903996,0.9335408275357012,0.8711538461538462,0.7325383304940375
64.64102138948765,0.9335865983156353,0.8713286713286713,0.7325383304940375
64.6493118885757,0.9335865983156353,0.8713286713286713,0.7325383304940375
64.65760238766374,0.9336323690955693,0.8715034965034965,0.7325383304940375
64.66589288675178,0.9336323690955693,0.8715034965034965,0.7325383304940375
64.67418338583983,0.9336323690955693,0.8715034965034965,0.7325383304940375
64.68247388492787,0.9337696814353716,0.8716783216783217,0.7325383304940375
64.69076438401592,0.9339069937751739,0.8718531468531469,0.7325383304940375
64.69905488310397,0.9339069937751739,0.8718531468531469,0.7325383304940375
64.707345382192,0.9339069937751739,0.8718531468531469,0.7325383304940375
64.71563588128005,0.9339985353350421,0.872027972027972,0.7325383304940375
64.7239263803681,0.9339985353350421,0.872027972027972,0.7325383304940375
64.73221687945615,0.9339985353350421,0.872027972027972,0.7325383304940375
64.7405073785442,0.9339985353350421,0.872027972027972,0.7325383304940375
64.74879787763223,0.9339985353350421,0.872027972027972,0.7325383304940375
64.75708837672028,0.9339985353350421,0.872027972027972,0.7325383304940375
64.76537887580832,0.9341358476748444,0.8722027972027973,0.7325383304940375
64.77366937489637,0.9341358476748444,0.8722027972027973,0.7325383304940375
64.78195987398442,0.9341358476748444,0.8722027972027973,0.7325383304940375
64.79025037307245,0.9341816184547784,0.8723776223776224,0.7325383304940375
64.7985408721605,0.9341816184547784,0.8723776223776224,0.7325383304940375
64.80683137124855,0.9341816184547784,0.8723776223776224,0.7325383304940375
64.8151218703366,0.9342273892347126,0.8725524475524475,0.7325383304940375
64.82341236942464,0.9342731600146467,0.8727272727272727,0.7325383304940375
64.83170286851268,0.9342731600146467,0.8727272727272727,0.7325383304940375
64.83999336760073,0.9342731600146467,0.8727272727272727,0.7325383304940375
64.84828386668877,0.9342731600146467,0.8727272727272727,0.7325383304940375
64.85657436577682,0.9342731600146467,0.8727272727272727,0.7325383304940375
64.86486486486487,0.9342731600146467,0.8727272727272727,0.7325383304940375
64.8731553639529,0.9342731600146467,0.8727272727272727,0.7325383304940375
64.88144586304095,0.9347766385939217,0.8729020979020979,0.7333901192504259
64.889736362129,0.9347766385939217,0.8729020979020979,0.7333901192504259
64.89802686121705,0.9347766385939217,0.8729020979020979,0.7333901192504259
64.9063173603051,0.9347766385939217,0.8729020979020979,0.7342419080068143
64.91460785939313,0.9347766385939217,0.8729020979020979,0.7342419080068143
64.92289835848118,0.9347766385939217,0.8729020979020979,0.7342419080068143
64.93118885756923,0.9347766385939217,0.8729020979020979,0.7342419080068143
64.93947935665727,0.9347766385939217,0.8729020979020979,0.7342419080068143
64.94776985574532,0.9347766385939217,0.8729020979020979,0.7342419080068143
64.95606035483335,0.9347766385939217,0.8729020979020979,0.7342419080068143
64.9643508539214,0.9350970340534602,0.8730769230769231,0.7342419080068143
64.97264135300945,0.9350970340534602,0.8730769230769231,0.7342419080068143
64.9809318520975,0.9350970340534602,0.8730769230769231,0.7342419080068143
64.98922235118555,0.9353716587330648,0.8732517482517482,0.7350936967632027
64.99751285027358,0.935463200292933,0.8734265734265734,0.7350936967632027
65.00580334936163,0.935463200292933,0.8734265734265734,0.7350936967632027
65.01409384844968,0.935463200292933,0.8734265734265734,0.7350936967632027
65.02238434753772,0.935463200292933,0.8734265734265734,0.7350936967632027
65.03067484662577,0.935463200292933,0.8734265734265734,0.7350936967632027
65.0389653457138,0.935463200292933,0.8734265734265734,0.7350936967632027
65.04725584480185,0.935463200292933,0.8734265734265734,0.7350936967632027
65.0555463438899,0.9356005126327352,0.8736013986013986,0.7350936967632027
65.06383684297795,0.9356005126327352,0.8736013986013986,0.7350936967632027
65.072127342066,0.9356005126327352,0.8736013986013986,0.7350936967632027
65.08041784115403,0.9357378249725375,0.8737762237762238,0.7350936967632027
65.08870834024208,0.9357378249725375,0.8737762237762238,0.7350936967632027
65.09699883933013,0.9358293665324057,0.8739510489510489,0.7350936967632027
65.10528933841817,0.9359209080922739,0.8741258741258742,0.7350936967632027
65.11357983750622,0.936012449652142,0.8743006993006993,0.7350936967632027
65.12187033659426,0.936012449652142,0.8743006993006993,0.7350936967632027
65.1301608356823,0.936012449652142,0.8743006993006993,0.7350936967632027
65.13845133477035,0.936012449652142,0.8743006993006993,0.7350936967632027
65.1467418338584,0.936012449652142,0.8743006993006993,0.7350936967632027
65.15503233294645,0.936012449652142,0.8743006993006993,0.7350936967632027
65.1633228320345,0.936012449652142,0.8743006993006993,0.7350936967632027
65.17161333112253,0.9360582204320762,0.8744755244755245,0.7350936967632027
65.17990383021058,0.9361955327718784,0.8746503496503496,0.7350936967632027
65.18819432929863,0.9362413035518126,0.8748251748251749,0.7350936967632027
65.19648482838667,0.9362413035518126,0.8748251748251749,0.7350936967632027
65.20477532747472,0.9362870743317466,0.875,0.7350936967632027
65.21306582656275,0.9362870743317466,0.875,0.7350936967632027
65.2213563256508,0.9362870743317466,0.875,0.7350936967632027
65.22964682473885,0.9363328451116807,0.8751748251748251,0.7350936967632027
65.2379373238269,0.936515928231417,0.8753496503496504,0.7350936967632027
65.24622782291495,0.936515928231417,0.8753496503496504,0.7350936967632027
65.25451832200298,0.9365616990113511,0.8755244755244755,0.7350936967632027
65.26280882109103,0.9365616990113511,0.8755244755244755,0.7350936967632027
65.27109932017908,0.9365616990113511,0.8755244755244755,0.7359454855195912
65.27938981926712,0.9365616990113511,0.8755244755244755,0.7359454855195912
65.28768031835517,0.9365616990113511,0.8755244755244755,0.7359454855195912
65.2959708174432,0.9365616990113511,0.8755244755244755,0.7359454855195912
65.30426131653125,0.9365616990113511,0.8755244755244755,0.7359454855195912
65.3125518156193,0.9365616990113511,0.8755244755244755,0.7359454855195912
65.32084231470735,0.9365616990113511,0.8755244755244755,0.7359454855195912
65.3291328137954,0.9365616990113511,0.8755244755244755,0.7359454855195912
65.33742331288343,0.9365616990113511,0.8755244755244755,0.7359454855195912
65.34571381197148,0.9366074697912853,0.8756993006993007,0.7359454855195912
65.35400431105953,0.9367447821310875,0.8758741258741258,0.7367972742759795
65.36229481014757,0.9367447821310875,0.8758741258741258,0.7367972742759795
65.37058530923562,0.9367447821310875,0.8758741258741258,0.7367972742759795
65.37887580832366,0.9367905529110216,0.8760489510489511,0.7367972742759795
65.3871663074117,0.9367905529110216,0.8760489510489511,0.7367972742759795
65.39545680649975,0.9367905529110216,0.8760489510489511,0.7367972742759795
65.4037473055878,0.9368363236909557,0.8762237762237762,0.7367972742759795
65.41203780467585,0.9368363236909557,0.8762237762237762,0.7367972742759795
65.42032830376388,0.9368820944708898,0.8763986013986014,0.737649063032368
65.42861880285193,0.9368820944708898,0.8763986013986014,0.737649063032368
65.43690930193998,0.9370651775906261,0.8765734265734266,0.737649063032368
65.44519980102802,0.9370651775906261,0.8765734265734266,0.737649063032368
65.45349030011607,0.9370651775906261,0.8765734265734266,0.737649063032368
65.4617807992041,0.9370651775906261,0.8765734265734266,0.737649063032368
65.47007129829215,0.9370651775906261,0.8765734265734266,0.737649063032368
65.4783617973802,0.9370651775906261,0.8765734265734266,0.737649063032368
65.48665229646825,0.9370651775906261,0.8765734265734266,0.737649063032368
65.4949427955563,0.9370651775906261,0.8765734265734266,0.737649063032368
65.50323329464433,0.9370651775906261,0.8765734265734266,0.737649063032368
65.51152379373238,0.9370651775906261,0.8765734265734266,0.737649063032368
65.51981429282043,0.9370651775906261,0.8765734265734266,0.737649063032368
65.52810479190848,0.9371109483705602,0.8767482517482518,0.737649063032368
65.53639529099652,0.9371109483705602,0.8767482517482518,0.7385008517887564
65.54468579008456,0.9371109483705602,0.8767482517482518,0.7385008517887564
65.5529762891726,0.9371109483705602,0.8767482517482518,0.7385008517887564
65.56126678826065,0.9371109483705602,0.8767482517482518,0.7385008517887564
65.5695572873487,0.9371567191504944,0.8769230769230769,0.7385008517887564
65.57784778643675,0.9372024899304284,0.8770979020979021,0.7385008517887564
65.58613828552478,0.9372024899304284,0.8770979020979021,0.7385008517887564
65.59442878461283,0.9372482607103625,0.8772727272727273,0.7385008517887564
65.60271928370088,0.9372940314902966,0.8774475524475525,0.7385008517887564
65.61100978278893,0.9374313438300989,0.8776223776223776,0.7385008517887564
65.61930028187697,0.9374313438300989,0.8776223776223776,0.7393526405451448
65.62759078096501,0.9374771146100329,0.8777972027972027,0.7393526405451448
65.63588128005306,0.9374771146100329,0.8777972027972027,0.7393526405451448
65.6441717791411,0.9375686561699011,0.877972027972028,0.7393526405451448
65.65246227822915,0.9376601977297693,0.8781468531468531,0.7393526405451448
65.6607527773172,0.9376601977297693,0.8781468531468531,0.7393526405451448
65.66904327640523,0.9377059685097034,0.8783216783216783,0.7393526405451448
65.67733377549328,0.9377059685097034,0.8783216783216783,0.7402044293015332
65.68562427458133,0.9377975100695716,0.8784965034965035,0.7402044293015332
65.69391477366938,0.9377975100695716,0.8784965034965035,0.7402044293015332
65.70220527275742,0.9377975100695716,0.8784965034965035,0.7410562180579217
65.71049577184546,0.9377975100695716,0.8784965034965035,0.7410562180579217
65.7187862709335,0.9377975100695716,0.8784965034965035,0.7410562180579217
65.72707677002155,0.9377975100695716,0.8784965034965035,0.7410562180579217
65.7353672691096,0.9377975100695716,0.8784965034965035,0.7410562180579217
65.74365776819765,0.9377975100695716,0.8784965034965035,0.7410562180579217
65.75194826728568,0.9377975100695716,0.8784965034965035,0.7410562180579217
65.76023876637373,0.9377975100695716,0.8784965034965035,0.7410562180579217
65.76852926546178,0.9377975100695716,0.8784965034965035,0.7410562180579217
65.77681976454983,0.9378432808495056,0.8786713286713287,0.7410562180579217
65.78511026363788,0.9378432808495056,0.8786713286713287,0.7410562180579217
65.79340076272591,0.9378890516294398,0.8788461538461538,0.7410562180579217
65.80169126181396,0.9378890516294398,0.8788461538461538,0.7410562180579217
65.809981760902,0.9378890516294398,0.8788461538461538,0.7410562180579217
65.81827225999005,0.9380721347491762,0.879020979020979,0.7410562180579217
65.8265627590781,0.9380721347491762,0.879020979020979,0.7410562180579217
65.83485325816613,0.9381636763090443,0.8791958041958042,0.7410562180579217
65.84314375725418,0.9382094470889784,0.8793706293706294,0.7410562180579217
65.85143425634223,0.9383009886488466,0.8795454545454545,0.7410562180579217
65.85972475543028,0.9383009886488466,0.8795454545454545,0.7410562180579217
65.86801525451833,0.9383009886488466,0.8795454545454545,0.7410562180579217
65.87630575360637,0.938529842548517,0.8797202797202798,0.7410562180579217
65.88459625269441,0.938529842548517,0.8797202797202798,0.7410562180579217
65.89288675178246,0.938529842548517,0.8797202797202798,0.7410562180579217
65.9011772508705,0.938529842548517,0.8797202797202798,0.7410562180579217
65.90946774995855,0.938529842548517,0.8797202797202798,0.7410562180579217
65.9177582490466,0.938529842548517,0.8797202797202798,0.7410562180579217
65.92604874813463,0.9386671548883193,0.8798951048951049,0.7410562180579217
65.93433924722268,0.9387129256682534,0.8800699300699301,0.7410562180579217
65.94262974631073,0.9387586964481874,0.8802447552447552,0.7410562180579217
65.95092024539878,0.9387586964481874,0.8802447552447552,0.7410562180579217
65.95921074448682,0.9388044672281216,0.8804195804195805,0.7410562180579217
65.96750124357486,0.9388044672281216,0.8804195804195805,0.74190800681431
65.9757917426629,0.9389417795679238,0.8805944055944056,0.7427597955706985
65.98408224175095,0.938987550347858,0.8807692307692307,0.7427597955706985
65.992372740839,0.938987550347858,0.8807692307692307,0.7427597955706985
66.00066323992705,0.9391706334675943,0.8809440559440559,0.7427597955706985
66.00895373901508,0.9392621750274625,0.8811188811188811,0.7427597955706985
66.01724423810313,0.9392621750274625,0.8811188811188811,0.7427597955706985
66.02553473719118,0.9393537165873307,0.8812937062937063,0.7427597955706985
66.03382523627923,0.9393537165873307,0.8812937062937063,0.7427597955706985
66.04211573536728,0.9394452581471988,0.8814685314685314,0.7427597955706985
66.05040623445531,0.9394452581471988,0.8814685314685314,0.7427597955706985
66.05869673354336,0.9394452581471988,0.8814685314685314,0.7427597955706985
66.0669872326314,0.9394452581471988,0.8814685314685314,0.7427597955706985
66.07527773171945,0.9394910289271329,0.8816433566433567,0.7427597955706985
66.0835682308075,0.9396283412669352,0.8818181818181818,0.7427597955706985
66.09185872989553,0.9396283412669352,0.8818181818181818,0.7427597955706985
66.10014922898358,0.9396741120468692,0.881993006993007,0.7436115843270868
66.10843972807163,0.9396741120468692,0.881993006993007,0.7444633730834753
66.11673022715968,0.9396741120468692,0.881993006993007,0.7444633730834753
66.12502072624773,0.9397656536067375,0.8821678321678321,0.7444633730834753
66.13331122533576,0.9397656536067375,0.8821678321678321,0.7453151618398637
66.14160172442381,0.9399487367264738,0.8823426573426574,0.7453151618398637
66.14989222351186,0.9399487367264738,0.8823426573426574,0.7453151618398637
66.1581827225999,0.9399487367264738,0.8823426573426574,0.7453151618398637
66.16647322168795,0.9399487367264738,0.8823426573426574,0.7453151618398637
66.17476372077599,0.9399487367264738,0.8823426573426574,0.7453151618398637
66.18305421986403,0.9399487367264738,0.8823426573426574,0.7453151618398637
66.19134471895208,0.9399487367264738,0.8823426573426574,0.7453151618398637
66.19963521804013,0.9401775906261443,0.8825174825174825,0.7453151618398637
66.20792571712818,0.9402233614060783,0.8826923076923077,0.7461669505962522
66.21621621621621,0.9402233614060783,0.8826923076923077,0.7461669505962522
66.22450671530426,0.9402233614060783,0.8826923076923077,0.7461669505962522
66.2327972143923,0.9402233614060783,0.8826923076923077,0.7470187393526405
66.24108771348035,0.9402233614060783,0.8826923076923077,0.7470187393526405
66.2493782125684,0.9402233614060783,0.8826923076923077,0.7470187393526405
66.25766871165644,0.9402233614060783,0.8826923076923077,0.7470187393526405
66.26595921074448,0.9402233614060783,0.8826923076923077,0.7470187393526405
66.27424970983253,0.9402233614060783,0.8826923076923077,0.7470187393526405
66.28254020892058,0.9402233614060783,0.8826923076923077,0.7470187393526405
66.29083070800863,0.9403606737458806,0.8828671328671329,0.7470187393526405
66.29912120709666,0.9403606737458806,0.8828671328671329,0.7470187393526405
66.30741170618471,0.9403606737458806,0.8828671328671329,0.7470187393526405
66.31570220527276,0.9404064445258147,0.8830419580419581,0.7470187393526405
66.3239927043608,0.9404522153057489,0.8832167832167832,0.747870528109029
66.33228320344885,0.940543756865617,0.8833916083916084,0.747870528109029
66.34057370253689,0.9407268399853533,0.8835664335664336,0.7487223168654173
66.34886420162493,0.9408641523251556,0.8837412587412588,0.7487223168654173
66.35715470071298,0.9409099231050897,0.8839160839160839,0.7487223168654173
66.36544519980103,0.9411387770047601,0.884090909090909,0.7487223168654173
66.37373569888908,0.9413218601244965,0.8842657342657343,0.7487223168654173
66.38202619797711,0.9413676309044307,0.8844405594405594,0.7495741056218058
66.39031669706516,0.9413676309044307,0.8844405594405594,0.7504258943781942
66.39860719615321,0.9413676309044307,0.8844405594405594,0.7504258943781942
66.40689769524126,0.9414591724642988,0.8846153846153846,0.7504258943781942
66.4151881943293,0.9414591724642988,0.8846153846153846,0.7504258943781942
66.42347869341734,0.9414591724642988,0.8846153846153846,0.7504258943781942
66.43176919250539,0.9414591724642988,0.8846153846153846,0.7504258943781942
66.44005969159343,0.9415049432442328,0.8847902097902098,0.7504258943781942
66.44835019068148,0.941550714024167,0.884965034965035,0.7504258943781942
66.45664068976953,0.941550714024167,0.884965034965035,0.7504258943781942
66.46493118885756,0.9415964848041011,0.8851398601398601,0.7504258943781942
66.47322168794561,0.9415964848041011,0.8851398601398601,0.7504258943781942
66.48151218703366,0.9416422555840351,0.8853146853146853,0.7504258943781942
66.4898026861217,0.9416422555840351,0.8853146853146853,0.7504258943781942
66.49809318520975,0.9416880263639692,0.8854895104895105,0.7504258943781942
66.50638368429779,0.9416880263639692,0.8854895104895105,0.7504258943781942
66.51467418338584,0.9416880263639692,0.8854895104895105,0.7504258943781942
66.52296468247388,0.9416880263639692,0.8854895104895105,0.7504258943781942
66.53125518156193,0.9416880263639692,0.8854895104895105,0.7504258943781942
66.53954568064998,0.9417337971439034,0.8856643356643357,0.7504258943781942
66.54783617973801,0.9417337971439034,0.8856643356643357,0.7504258943781942
66.55612667882606,0.9418711094837056,0.8858391608391608,0.7504258943781942
66.56441717791411,0.9418711094837056,0.8858391608391608,0.7504258943781942
66.57270767700216,0.9418711094837056,0.8858391608391608,0.7504258943781942
66.5809981760902,0.9420541926034419,0.8860139860139861,0.7512776831345827
66.58928867517825,0.9420541926034419,0.8860139860139861,0.7512776831345827
66.59757917426629,0.9420541926034419,0.8860139860139861,0.7512776831345827
66.60586967335433,0.9420541926034419,0.8860139860139861,0.752129471890971
66.61416017244238,0.9422372757231783,0.8861888111888112,0.752129471890971
66.62245067153043,0.9422372757231783,0.8861888111888112,0.752129471890971
66.63074117061848,0.9422372757231783,0.8861888111888112,0.752129471890971
66.63903166970651,0.9422372757231783,0.8861888111888112,0.752129471890971
66.64732216879456,0.9422372757231783,0.8861888111888112,0.752129471890971
66.65561266788261,0.9423288172830465,0.8863636363636364,0.752129471890971
66.66390316697066,0.9423288172830465,0.8863636363636364,0.752129471890971
66.6721936660587,0.9423288172830465,0.8863636363636364,0.752129471890971
66.68048416514674,0.9423745880629806,0.8865384615384615,0.752129471890971
66.68877466423478,0.9423745880629806,0.8865384615384615,0.752129471890971
66.69706516332283,0.9423745880629806,0.8865384615384615,0.752129471890971
66.70535566241088,0.9424203588429146,0.8867132867132868,0.752129471890971
66.71364616149893,0.9424203588429146,0.8867132867132868,0.752129471890971
66.72193666058696,0.9424203588429146,0.8867132867132868,0.752129471890971
66.73022715967501,0.9424203588429146,0.8867132867132868,0.752129471890971
66.73851765876306,0.9424661296228488,0.8868881118881119,0.752129471890971
66.7468081578511,0.942603441962651,0.887062937062937,0.752129471890971
66.75509865693915,0.942603441962651,0.887062937062937,0.752129471890971
66.76338915602719,0.942603441962651,0.887062937062937,0.752129471890971
66.77167965511524,0.9426492127425852,0.8872377622377622,0.752129471890971
66.77997015420328,0.9427407543024533,0.8874125874125874,0.752129471890971
66.78826065329133,0.9427865250823874,0.8875874125874126,0.752129471890971
66.79655115237938,0.9427865250823874,0.8875874125874126,0.752129471890971
66.80484165146741,0.9428322958623215,0.8877622377622377,0.752129471890971
66.81313215055546,0.9428780666422556,0.887937062937063,0.752129471890971
66.82142264964351,0.9428780666422556,0.887937062937063,0.752129471890971
66.82971314873156,0.9428780666422556,0.887937062937063,0.752129471890971
66.8380036478196,0.9429238374221897,0.8881118881118881,0.752129471890971
66.84629414690764,0.9429696082021237,0.8882867132867133,0.752129471890971
66.85458464599569,0.9430153789820579,0.8884615384615384,0.7529812606473595
66.86287514508373,0.9430153789820579,0.8884615384615384,0.7529812606473595
66.87116564417178,0.9432900036616624,0.8886363636363637,0.7529812606473595
66.87945614325983,0.9432900036616624,0.8886363636363637,0.7529812606473595
66.88774664234786,0.9432900036616624,0.8886363636363637,0.7529812606473595
66.89603714143591,0.9433357744415964,0.8888111888111888,0.7529812606473595
66.90432764052396,0.9433357744415964,0.8888111888111888,0.7529812606473595
66.91261813961201,0.9433357744415964,0.8888111888111888,0.7529812606473595
66.92090863870006,0.9433357744415964,0.8888111888111888,0.7529812606473595
66.92919913778809,0.9433357744415964,0.8888111888111888,0.7538330494037478
66.93748963687614,0.9433815452215306,0.888986013986014,0.7538330494037478
66.94578013596418,0.9434730867813987,0.8891608391608392,0.7538330494037478
66.95407063505223,0.9436561699011351,0.8893356643356644,0.7538330494037478
66.96236113414028,0.9436561699011351,0.8893356643356644,0.7538330494037478
66.97065163322831,0.9436561699011351,0.8893356643356644,0.7538330494037478
66.97894213231636,0.9438850238008055,0.8895104895104895,0.7538330494037478
66.98723263140441,0.9438850238008055,0.8895104895104895,0.7538330494037478
66.99552313049246,0.9438850238008055,0.8895104895104895,0.7538330494037478
67.0038136295805,0.9438850238008055,0.8895104895104895,0.7538330494037478
67.01210412866854,0.9438850238008055,0.8895104895104895,0.7538330494037478
67.02039462775659,0.9438850238008055,0.8895104895104895,0.7538330494037478
67.02868512684464,0.9439307945807397,0.8896853146853146,0.7546848381601363
67.03697562593268,0.9439307945807397,0.8896853146853146,0.7546848381601363
67.04526612502073,0.9439307945807397,0.8896853146853146,0.7546848381601363
67.05355662410877,0.9439307945807397,0.8896853146853146,0.7546848381601363
67.06184712319681,0.9439307945807397,0.8896853146853146,0.7546848381601363
67.07013762228486,0.9439307945807397,0.8896853146853146,0.7546848381601363
67.07842812137291,0.9440223361406078,0.8898601398601399,0.7546848381601363
67.08671862046096,0.9440223361406078,0.8898601398601399,0.7546848381601363
67.09500911954899,0.9440223361406078,0.8898601398601399,0.7546848381601363
67.10329961863704,0.9440681069205419,0.890034965034965,0.7546848381601363
67.11159011772509,0.9440681069205419,0.890034965034965,0.7546848381601363
67.11988061681313,0.9440681069205419,0.890034965034965,0.7546848381601363
67.12817111590118,0.9441138777004761,0.8902097902097902,0.7546848381601363
67.13646161498922,0.9441138777004761,0.8902097902097902,0.7546848381601363
67.14475211407726,0.9442054192603442,0.8903846153846153,0.7546848381601363
67.15304261316531,0.9442054192603442,0.8903846153846153,0.7546848381601363
67.16133311225336,0.9442054192603442,0.8903846153846153,0.7546848381601363
67.16962361134141,0.9442054192603442,0.8903846153846153,0.7546848381601363
67.17791411042944,0.9442054192603442,0.8903846153846153,0.7546848381601363
67.18620460951749,0.9442054192603442,0.8903846153846153,0.7546848381601363
67.19449510860554,0.9442054192603442,0.8903846153846153,0.7546848381601363
67.20278560769358,0.9443427316001465,0.8905594405594406,0.7546848381601363
67.21107610678163,0.9443427316001465,0.8905594405594406,0.7546848381601363
67.21936660586967,0.9443427316001465,0.8905594405594406,0.7555366269165247
67.22765710495771,0.9443427316001465,0.8905594405594406,0.7555366269165247
67.23594760404576,0.9443427316001465,0.8905594405594406,0.7555366269165247
67.24423810313381,0.9443427316001465,0.8905594405594406,0.7555366269165247
67.25252860222186,0.9444342731600146,0.8907342657342657,0.7555366269165247
67.2608191013099,0.9444342731600146,0.8907342657342657,0.7555366269165247
67.26910960039794,0.9444342731600146,0.8907342657342657,0.7555366269165247
67.27740009948599,0.9444342731600146,0.8907342657342657,0.7555366269165247
67.28569059857404,0.9444342731600146,0.8907342657342657,0.7555366269165247
67.29398109766208,0.9444342731600146,0.8907342657342657,0.7555366269165247
67.30227159675013,0.9444342731600146,0.8907342657342657,0.7563884156729132
67.31056209583816,0.9444342731600146,0.8907342657342657,0.7563884156729132
67.31885259492621,0.9444342731600146,0.8907342657342657,0.7563884156729132
67.32714309401426,0.9444800439399488,0.8909090909090909,0.7563884156729132
67.33543359310231,0.9444800439399488,0.8909090909090909,0.7563884156729132
67.34372409219036,0.9447546686195533,0.8910839160839161,0.7563884156729132
67.35201459127839,0.9447546686195533,0.8910839160839161,0.7572402044293015
67.36030509036644,0.9447546686195533,0.8910839160839161,0.7572402044293015
67.36859558945449,0.9449835225192237,0.8912587412587413,0.7572402044293015
67.37688608854253,0.9449835225192237,0.8912587412587413,0.7572402044293015
67.38517658763058,0.9450750640790919,0.8914335664335664,0.7572402044293015
67.39346708671862,0.9450750640790919,0.8914335664335664,0.75809199318569
67.40175758580666,0.9450750640790919,0.8914335664335664,0.75809199318569
67.41004808489471,0.9450750640790919,0.8914335664335664,0.75809199318569
67.41833858398276,0.94516660563896,0.8916083916083916,0.75809199318569
67.42662908307081,0.94516660563896,0.8916083916083916,0.75809199318569
67.43491958215884,0.94516660563896,0.8916083916083916,0.75809199318569
67.44321008124689,0.94516660563896,0.8916083916083916,0.75809199318569
67.45150058033494,0.94516660563896,0.8916083916083916,0.75809199318569
67.45979107942298,0.94516660563896,0.8916083916083916,0.75809199318569
67.46808157851103,0.94516660563896,0.8916083916083916,0.75809199318569
67.47637207759907,0.9452123764188942,0.8917832167832168,0.75809199318569
67.48466257668711,0.9452123764188942,0.8917832167832168,0.75809199318569
67.49295307577516,0.9452123764188942,0.8917832167832168,0.75809199318569
67.50124357486321,0.9452123764188942,0.8917832167832168,0.75809199318569
67.50953407395126,0.9453039179787623,0.891958041958042,0.75809199318569
67.51782457303929,0.9453039179787623,0.891958041958042,0.7589437819420783
67.52611507212734,0.9453039179787623,0.891958041958042,0.7597955706984668
67.53440557121539,0.9453039179787623,0.891958041958042,0.7597955706984668
67.54269607030344,0.9453039179787623,0.891958041958042,0.7597955706984668
67.55098656939148,0.9453039179787623,0.891958041958042,0.7597955706984668
67.55927706847952,0.9453039179787623,0.891958041958042,0.7597955706984668
67.56756756756756,0.9453496887586964,0.8921328671328671,0.7597955706984668
67.57585806665561,0.9453496887586964,0.8921328671328671,0.7597955706984668
67.58414856574366,0.9453496887586964,0.8921328671328671,0.7597955706984668
67.59243906483171,0.9456700842182351,0.8923076923076924,0.7597955706984668
67.60072956391974,0.9457616257781033,0.8924825174825175,0.7597955706984668
67.60902006300779,0.9457616257781033,0.8924825174825175,0.7597955706984668
67.61731056209584,0.9458073965580374,0.8926573426573426,0.7597955706984668
67.62560106118389,0.9458073965580374,0.8926573426573426,0.7597955706984668
67.63389156027193,0.9458531673379714,0.8928321678321678,0.7597955706984668
67.64218205935997,0.9458531673379714,0.8928321678321678,0.7597955706984668
67.65047255844802,0.9459447088978397,0.893006993006993,0.7597955706984668
67.65876305753606,0.9459447088978397,0.893006993006993,0.7597955706984668
67.66705355662411,0.9459447088978397,0.893006993006993,0.7597955706984668
67.67534405571216,0.9463108751373124,0.8931818181818182,0.7597955706984668
67.6836345548002,0.9463108751373124,0.8931818181818182,0.7597955706984668
67.69192505388824,0.9463108751373124,0.8931818181818182,0.7606473594548552
67.70021555297629,0.9463108751373124,0.8931818181818182,0.7606473594548552
67.70850605206434,0.9463108751373124,0.8931818181818182,0.7606473594548552
67.71679655115238,0.9463108751373124,0.8931818181818182,0.7606473594548552
67.72508705024042,0.9464481874771146,0.8933566433566433,0.7606473594548552
67.73337754932847,0.9464481874771146,0.8933566433566433,0.7606473594548552
67.74166804841651,0.9464481874771146,0.8933566433566433,0.7606473594548552
67.74995854750456,0.9464481874771146,0.8933566433566433,0.7606473594548552
67.75824904659261,0.9464481874771146,0.8933566433566433,0.7606473594548552
67.76653954568064,0.9464481874771146,0.8933566433566433,0.7606473594548552
67.77483004476869,0.9464481874771146,0.8933566433566433,0.7606473594548552
67.78312054385674,0.9464939582570487,0.8935314685314686,0.7606473594548552
67.79141104294479,0.9465397290369828,0.8937062937062937,0.7606473594548552
67.79970154203284,0.9465397290369828,0.8937062937062937,0.7606473594548552
67.80799204112087,0.9465854998169169,0.8938811188811189,0.7606473594548552
67.81628254020892,0.9465854998169169,0.8938811188811189,0.7614991482112436
67.82457303929696,0.9465854998169169,0.8938811188811189,0.762350936967632
67.83286353838501,0.9465854998169169,0.8938811188811189,0.762350936967632
67.84115403747306,0.9466312705968509,0.894055944055944,0.762350936967632
67.8494445365611,0.9466312705968509,0.894055944055944,0.762350936967632
67.85773503564914,0.9466312705968509,0.894055944055944,0.762350936967632
67.86602553473719,0.9467685829366532,0.8942307692307693,0.762350936967632
67.87431603382524,0.9467685829366532,0.8942307692307693,0.762350936967632
67.88260653291329,0.9468601244965215,0.8944055944055944,0.762350936967632
67.89089703200132,0.9468601244965215,0.8944055944055944,0.762350936967632
67.89918753108937,0.9469516660563896,0.8945804195804196,0.762350936967632
67.90747803017742,0.9469516660563896,0.8945804195804196,0.762350936967632
67.91576852926546,0.9469974368363236,0.8947552447552447,0.762350936967632
67.92405902835351,0.9470889783961919,0.89493006993007,0.762350936967632
67.93234952744154,0.9470889783961919,0.89493006993007,0.762350936967632
67.94064002652959,0.9470889783961919,0.89493006993007,0.762350936967632
67.94893052561764,0.9470889783961919,0.89493006993007,0.762350936967632
67.95722102470569,0.9470889783961919,0.89493006993007,0.762350936967632
67.96551152379374,0.9470889783961919,0.89493006993007,0.762350936967632
67.97380202288178,0.9472262907359942,0.8951048951048951,0.762350936967632
67.98209252196982,0.9472262907359942,0.8951048951048951,0.762350936967632
67.99038302105787,0.9473178322958623,0.8952797202797202,0.762350936967632
67.99867352014591,0.9473636030757964,0.8954545454545455,0.7632027257240205
68.00696401923396,0.9473636030757964,0.8954545454545455,0.7640545144804088
68.01525451832201,0.9473636030757964,0.8954545454545455,0.7640545144804088
68.02354501741004,0.9473636030757964,0.8954545454545455,0.7640545144804088
68.03183551649809,0.9473636030757964,0.8954545454545455,0.7640545144804088
68.04012601558614,0.947638227755401,0.8956293706293706,0.7640545144804088
68.04841651467419,0.947638227755401,0.8956293706293706,0.7640545144804088
68.05670701376224,0.947638227755401,0.8956293706293706,0.7640545144804088
68.06499751285027,0.947683998535335,0.8958041958041958,0.7640545144804088
68.07328801193832,0.9477297693152691,0.8959790209790209,0.7640545144804088
68.08157851102636,0.9477297693152691,0.8959790209790209,0.7649063032367973
68.08986901011441,0.9477297693152691,0.8959790209790209,0.7649063032367973
68.09815950920246,0.9478213108751373,0.8961538461538462,0.7649063032367973
68.1064500082905,0.9478213108751373,0.8961538461538462,0.7649063032367973
68.11474050737854,0.9480043939948737,0.8963286713286713,0.7649063032367973
68.12303100646659,0.9480043939948737,0.8963286713286713,0.7649063032367973
68.13132150555464,0.9480043939948737,0.8963286713286713,0.7649063032367973
68.13961200464269,0.9480043939948737,0.8963286713286713,0.7649063032367973
68.14790250373072,0.9480043939948737,0.8963286713286713,0.7657580919931857
68.15619300281877,0.9480501647748077,0.8965034965034965,0.7657580919931857
68.16448350190682,0.9483705602343464,0.8966783216783217,0.7666098807495741
68.17277400099486,0.9483705602343464,0.8966783216783217,0.7666098807495741
68.18106450008291,0.9483705602343464,0.8966783216783217,0.7666098807495741
68.18935499917094,0.9483705602343464,0.8966783216783217,0.7666098807495741
68.19764549825899,0.9483705602343464,0.8966783216783217,0.7666098807495741
68.20593599734704,0.9483705602343464,0.8966783216783217,0.7666098807495741
68.21422649643509,0.9484163310142805,0.8968531468531469,0.7666098807495741
68.22251699552314,0.9484621017942145,0.897027972027972,0.7666098807495741
68.23080749461117,0.9484621017942145,0.897027972027972,0.7666098807495741
68.23909799369922,0.9485536433540828,0.8972027972027972,0.7666098807495741
68.24738849278727,0.9485536433540828,0.8972027972027972,0.7666098807495741
68.25567899187531,0.9485536433540828,0.8972027972027972,0.7666098807495741
68.26396949096336,0.9485536433540828,0.8972027972027972,0.7666098807495741
68.2722599900514,0.9485536433540828,0.8972027972027972,0.7666098807495741
68.28055048913944,0.9485536433540828,0.8972027972027972,0.7666098807495741
68.28884098822749,0.9485536433540828,0.8972027972027972,0.7666098807495741
68.29713148731554,0.9485536433540828,0.8972027972027972,0.7666098807495741
68.30542198640359,0.9485536433540828,0.8972027972027972,0.7666098807495741
68.31371248549162,0.9485536433540828,0.8972027972027972,0.7666098807495741
68.32200298457967,0.9485536433540828,0.8972027972027972,0.7666098807495741
68.33029348366772,0.9485536433540828,0.8972027972027972,0.7666098807495741
68.33858398275576,0.9485994141340168,0.8973776223776224,0.7666098807495741
68.34687448184381,0.9485994141340168,0.8973776223776224,0.7666098807495741
68.35516498093185,0.9485994141340168,0.8973776223776224,0.7674616695059625
68.3634554800199,0.9486451849139509,0.8975524475524476,0.7674616695059625
68.37174597910794,0.9486909556938851,0.8977272727272727,0.7674616695059625
68.38003647819599,0.9486909556938851,0.8977272727272727,0.7674616695059625
68.38832697728404,0.9486909556938851,0.8977272727272727,0.7674616695059625
68.39661747637207,0.9487824972537532,0.8979020979020979,0.7674616695059625
68.40490797546012,0.9487824972537532,0.8979020979020979,0.7674616695059625
68.41319847454817,0.9488282680336872,0.8980769230769231,0.7674616695059625
68.42148897363622,0.9488282680336872,0.8980769230769231,0.7674616695059625
68.42977947272426,0.9488282680336872,0.8980769230769231,0.7674616695059625
68.4380699718123,0.9488282680336872,0.8980769230769231,0.7674616695059625
68.44636047090034,0.9488282680336872,0.8980769230769231,0.7674616695059625
68.45465096998839,0.9488282680336872,0.8980769230769231,0.7674616695059625
68.46294146907644,0.9488282680336872,0.8980769230769231,0.7674616695059625
68.47123196816449,0.9488282680336872,0.8980769230769231,0.7674616695059625
68.47952246725252,0.9488740388136214,0.8982517482517482,0.7674616695059625
68.48781296634057,0.9488740388136214,0.8982517482517482,0.7674616695059625
68.49610346542862,0.9488740388136214,0.8982517482517482,0.7674616695059625
68.50439396451667,0.9488740388136214,0.8982517482517482,0.7674616695059625
68.51268446360471,0.9488740388136214,0.8982517482517482,0.7674616695059625
68.52097496269275,0.9488740388136214,0.8982517482517482,0.768313458262351
68.5292654617808,0.9488740388136214,0.8982517482517482,0.768313458262351
68.53755596086884,0.9489198095935555,0.8984265734265734,0.768313458262351
68.54584645995689,0.9489655803734895,0.8986013986013986,0.768313458262351
68.55413695904494,0.9489655803734895,0.8986013986013986,0.768313458262351
68.56242745813297,0.9489655803734895,0.8986013986013986,0.768313458262351
68.57071795722102,0.9489655803734895,0.8986013986013986,0.768313458262351
68.57900845630907,0.9489655803734895,0.8986013986013986,0.768313458262351
68.58729895539712,0.94919443427316,0.8987762237762238,0.768313458262351
68.59558945448516,0.94919443427316,0.8987762237762238,0.7691652470187393
68.6038799535732,0.94919443427316,0.8987762237762238,0.7691652470187393
68.61217045266125,0.94919443427316,0.8987762237762238,0.7691652470187393
68.6204609517493,0.9492402050530941,0.8989510489510489,0.7691652470187393
68.62875145083734,0.9492402050530941,0.8989510489510489,0.7691652470187393
68.63704194992539,0.9493317466129623,0.8991258741258741,0.7700170357751278
68.64533244901342,0.9493317466129623,0.8991258741258741,0.7700170357751278
68.65362294810147,0.9493317466129623,0.8991258741258741,0.7700170357751278
68.66191344718952,0.9493317466129623,0.8991258741258741,0.7700170357751278
68.67020394627757,0.9493317466129623,0.8991258741258741,0.7700170357751278
68.67849444536562,0.9493775173928963,0.8993006993006993,0.7700170357751278
68.68678494445366,0.9493775173928963,0.8993006993006993,0.7700170357751278
68.6950754435417,0.9494690589527646,0.8994755244755245,0.7700170357751278
68.70336594262974,0.9494690589527646,0.8994755244755245,0.7700170357751278
68.71165644171779,0.949697912852435,0.8996503496503496,0.7700170357751278
68.71994694080584,0.949697912852435,0.8996503496503496,0.7700170357751278
68.72823743989389,0.949697912852435,0.8996503496503496,0.7700170357751278
68.73652793898192,0.949697912852435,0.8996503496503496,0.7700170357751278
68.74481843806997,0.949743683632369,0.8998251748251749,0.7700170357751278
68.75310893715802,0.949743683632369,0.8998251748251749,0.7708688245315162
68.76139943624607,0.949743683632369,0.8998251748251749,0.7708688245315162
68.76968993533411,0.949743683632369,0.8998251748251749,0.7708688245315162
68.77798043442215,0.949743683632369,0.8998251748251749,0.7708688245315162
68.7862709335102,0.9499267667521054,0.9,0.7708688245315162
68.79456143259824,0.9499267667521054,0.9,0.7708688245315162
68.80285193168629,0.9503844745514464,0.9001748251748252,0.7708688245315162
68.81114243077434,0.9503844745514464,0.9001748251748252,0.7708688245315162
68.81943292986237,0.9503844745514464,0.9001748251748252,0.7708688245315162
68.82772342895042,0.9506133284511168,0.9003496503496503,0.7708688245315162
68.83601392803847,0.9506133284511168,0.9003496503496503,0.7708688245315162
68.84430442712652,0.950704870010985,0.9005244755244756,0.7717206132879046
68.85259492621456,0.9507964115708532,0.9006993006993007,0.7717206132879046
68.8608854253026,0.9507964115708532,0.9006993006993007,0.772572402044293
68.86917592439065,0.9507964115708532,0.9006993006993007,0.772572402044293
68.8774664234787,0.9507964115708532,0.9006993006993007,0.772572402044293
68.88575692256674,0.9507964115708532,0.9006993006993007,0.772572402044293
68.89404742165479,0.9507964115708532,0.9006993006993007,0.772572402044293
68.90233792074282,0.9507964115708532,0.9006993006993007,0.7734241908006815
68.91062841983087,0.9508421823507872,0.9008741258741259,0.7734241908006815
68.91891891891892,0.9508421823507872,0.9008741258741259,0.7734241908006815
68.92720941800697,0.9508421823507872,0.9008741258741259,0.7734241908006815
68.93549991709502,0.9508421823507872,0.9008741258741259,0.7734241908006815
68.94379041618305,0.9508421823507872,0.9008741258741259,0.7734241908006815
68.9520809152711,0.9509794946905895,0.901048951048951,0.7734241908006815
68.96037141435914,0.9510252654705236,0.9012237762237763,0.7734241908006815
68.96866191344719,0.9510252654705236,0.9012237762237763,0.7734241908006815
68.97695241253524,0.9510252654705236,0.9012237762237763,0.7734241908006815
68.98524291162327,0.9510252654705236,0.9012237762237763,0.7734241908006815
68.99353341071132,0.9510252654705236,0.9012237762237763,0.7734241908006815
69.00182390979937,0.9510252654705236,0.9012237762237763,0.7734241908006815
69.01011440888742,0.9512083485902599,0.9013986013986014,0.7734241908006815
69.01840490797547,0.9512083485902599,0.9013986013986014,0.7734241908006815
69.0266954070635,0.9512083485902599,0.9013986013986014,0.7734241908006815
69.03498590615155,0.9512541193701941,0.9015734265734265,0.7734241908006815
69.0432764052396,0.9512541193701941,0.9015734265734265,0.7734241908006815
69.05156690432764,0.9512541193701941,0.9015734265734265,0.7734241908006815
69.05985740341569,0.9512541193701941,0.9015734265734265,0.7742759795570698
69.06814790250372,0.9512541193701941,0.9015734265734265,0.7742759795570698
69.07643840159177,0.9512541193701941,0.9015734265734265,0.7742759795570698
69.08472890067982,0.9512541193701941,0.9015734265734265,0.7742759795570698
69.09301939976787,0.9513456609300622,0.9017482517482518,0.7742759795570698
69.10130989885592,0.9513456609300622,0.9017482517482518,0.7742759795570698
69.10960039794395,0.9513456609300622,0.9017482517482518,0.7742759795570698
69.117890897032,0.9513456609300622,0.9017482517482518,0.7742759795570698
69.12618139612005,0.9513456609300622,0.9017482517482518,0.7742759795570698
69.1344718952081,0.9513456609300622,0.9017482517482518,0.7742759795570698
69.14276239429614,0.9513456609300622,0.9017482517482518,0.7742759795570698
69.15105289338418,0.9513914317099963,0.9019230769230769,0.7751277683134583
69.15934339247222,0.9513914317099963,0.9019230769230769,0.7759795570698467
69.16763389156027,0.9514372024899305,0.9020979020979021,0.7759795570698467
69.17592439064832,0.9518949102892713,0.9022727272727272,0.7768313458262351
69.18421488973637,0.9518949102892713,0.9022727272727272,0.7768313458262351
69.1925053888244,0.9518949102892713,0.9022727272727272,0.7768313458262351
69.20079588791245,0.952261076528744,0.9024475524475525,0.7768313458262351
69.2090863870005,0.952261076528744,0.9024475524475525,0.7768313458262351
69.21737688608854,0.952261076528744,0.9024475524475525,0.7768313458262351
69.22566738517659,0.952261076528744,0.9024475524475525,0.7768313458262351
69.23395788426463,0.952261076528744,0.9024475524475525,0.7768313458262351
69.24224838335267,0.952261076528744,0.9024475524475525,0.7768313458262351
69.25053888244072,0.952261076528744,0.9024475524475525,0.7768313458262351
69.25882938152877,0.9523983888685463,0.9026223776223776,0.7768313458262351
69.26711988061682,0.9524441596484804,0.9027972027972028,0.7768313458262351
69.27541037970485,0.9524899304284145,0.902972027972028,0.7768313458262351
69.2837008787929,0.9524899304284145,0.902972027972028,0.7768313458262351
69.29199137788095,0.9524899304284145,0.902972027972028,0.7768313458262351
69.300281876969,0.9524899304284145,0.902972027972028,0.7768313458262351
69.30857237605704,0.9525357012083486,0.9031468531468532,0.7768313458262351
69.31686287514508,0.9525357012083486,0.9031468531468532,0.7768313458262351
69.32515337423312,0.9525814719882827,0.9033216783216783,0.7768313458262351
69.33344387332117,0.9525814719882827,0.9033216783216783,0.7768313458262351
69.34173437240922,0.9525814719882827,0.9033216783216783,0.7768313458262351
69.35002487149727,0.9525814719882827,0.9033216783216783,0.7768313458262351
69.3583153705853,0.952718784328085,0.9034965034965035,0.7768313458262351
69.36660586967335,0.952718784328085,0.9034965034965035,0.7768313458262351
69.3748963687614,0.952718784328085,0.9034965034965035,0.7768313458262351
69.38318686784945,0.952718784328085,0.9034965034965035,0.7768313458262351
69.3914773669375,0.9528560966678872,0.9036713286713287,0.7768313458262351
69.39976786602554,0.9528560966678872,0.9036713286713287,0.7776831345826235
69.40805836511358,0.9528560966678872,0.9036713286713287,0.7776831345826235
69.41634886420162,0.9528560966678872,0.9036713286713287,0.7776831345826235
69.42463936328967,0.9528560966678872,0.9036713286713287,0.7776831345826235
69.43292986237772,0.9528560966678872,0.9036713286713287,0.7776831345826235
69.44122036146577,0.9528560966678872,0.9036713286713287,0.7776831345826235
69.4495108605538,0.9528560966678872,0.9036713286713287,0.7776831345826235
69.45780135964185,0.9528560966678872,0.9036713286713287,0.7776831345826235
69.4660918587299,0.9529018674478213,0.9038461538461539,0.7776831345826235
69.47438235781794,0.9529018674478213,0.9038461538461539,0.7776831345826235
69.48267285690599,0.9529018674478213,0.9038461538461539,0.7776831345826235
69.49096335599403,0.9529018674478213,0.9038461538461539,0.7776831345826235
69.49925385508207,0.9529018674478213,0.9038461538461539,0.7776831345826235
69.50754435417012,0.9529476382277554,0.904020979020979,0.7776831345826235
69.51583485325817,0.9529476382277554,0.904020979020979,0.7776831345826235
69.52412535234622,0.9529476382277554,0.904020979020979,0.7776831345826235
69.53241585143425,0.9529476382277554,0.904020979020979,0.7776831345826235
69.5407063505223,0.9529476382277554,0.904020979020979,0.7776831345826235
69.54899684961035,0.9529476382277554,0.904020979020979,0.778534923339012
69.5572873486984,0.9529476382277554,0.904020979020979,0.778534923339012
69.56557784778644,0.9529934090076895,0.9041958041958041,0.778534923339012
69.57386834687448,0.9529934090076895,0.9041958041958041,0.778534923339012
69.58215884596252,0.9529934090076895,0.9041958041958041,0.778534923339012
69.59044934505057,0.9529934090076895,0.9041958041958041,0.778534923339012
69.59873984413862,0.9529934090076895,0.9041958041958041,0.778534923339012
69.60703034322667,0.9529934090076895,0.9041958041958041,0.778534923339012
69.6153208423147,0.9529934090076895,0.9041958041958041,0.778534923339012
69.62361134140275,0.9529934090076895,0.9041958041958041,0.778534923339012
69.6319018404908,0.9529934090076895,0.9041958041958041,0.778534923339012
69.64019233957885,0.9529934090076895,0.9041958041958041,0.778534923339012
69.6484828386669,0.9529934090076895,0.9041958041958041,0.778534923339012
69.65677333775493,0.9530391797876235,0.9043706293706294,0.778534923339012
69.66506383684298,0.9530391797876235,0.9043706293706294,0.778534923339012
69.67335433593102,0.9530391797876235,0.9043706293706294,0.778534923339012
69.68164483501907,0.9530391797876235,0.9043706293706294,0.778534923339012
69.68993533410712,0.9530391797876235,0.9043706293706294,0.778534923339012
69.69822583319515,0.9530391797876235,0.9043706293706294,0.778534923339012
69.7065163322832,0.9530391797876235,0.9043706293706294,0.778534923339012
69.71480683137125,0.9530391797876235,0.9043706293706294,0.778534923339012
69.7230973304593,0.9530391797876235,0.9043706293706294,0.778534923339012
69.73138782954734,0.9530391797876235,0.9043706293706294,0.778534923339012
69.73967832863538,0.9530391797876235,0.9043706293706294,0.778534923339012
69.74796882772343,0.9530391797876235,0.9043706293706294,0.7793867120954003
69.75625932681147,0.9530391797876235,0.9043706293706294,0.7793867120954003
69.76454982589952,0.9530391797876235,0.9043706293706294,0.7793867120954003
69.77284032498757,0.9530849505675577,0.9045454545454545,0.7793867120954003
69.7811308240756,0.9531307213474918,0.9047202797202797,0.7793867120954003
69.78942132316365,0.9531307213474918,0.9047202797202797,0.7793867120954003
69.7977118222517,0.9531307213474918,0.9047202797202797,0.7793867120954003
69.80600232133975,0.9531307213474918,0.9047202797202797,0.7802385008517888
69.8142928204278,0.9531307213474918,0.9047202797202797,0.7802385008517888
69.82258331951583,0.9531307213474918,0.9047202797202797,0.7802385008517888
69.83087381860388,0.9531307213474918,0.9047202797202797,0.7802385008517888
69.83916431769192,0.9531764921274258,0.9048951048951049,0.7802385008517888
69.84745481677997,0.9531764921274258,0.9048951048951049,0.7802385008517888
69.85574531586802,0.9532222629073599,0.9050699300699301,0.7802385008517888
69.86403581495605,0.9532222629073599,0.9050699300699301,0.7802385008517888
69.8723263140441,0.9532680336872941,0.9052447552447552,0.7802385008517888
69.88061681313215,0.9532680336872941,0.9052447552447552,0.7810902896081772
69.8889073122202,0.9532680336872941,0.9052447552447552,0.7810902896081772
69.89719781130825,0.9532680336872941,0.9052447552447552,0.7810902896081772
69.90548831039628,0.9532680336872941,0.9052447552447552,0.7810902896081772
69.91377880948433,0.9532680336872941,0.9052447552447552,0.7810902896081772
69.92206930857238,0.9532680336872941,0.9052447552447552,0.7810902896081772
69.93035980766042,0.9532680336872941,0.9052447552447552,0.7810902896081772
69.93865030674847,0.9532680336872941,0.9052447552447552,0.7810902896081772
69.9469408058365,0.9533595752471622,0.9054195804195804,0.7810902896081772
69.95523130492455,0.9533595752471622,0.9054195804195804,0.7810902896081772
69.9635218040126,0.9534053460270963,0.9055944055944056,0.7810902896081772
69.97181230310065,0.9534968875869645,0.9057692307692308,0.7819420783645656
69.9801028021887,0.9534968875869645,0.9057692307692308,0.7819420783645656
69.98839330127673,0.9534968875869645,0.9057692307692308,0.7819420783645656
69.99668380036478,0.9534968875869645,0.9057692307692308,0.7819420783645656
70.00497429945283,0.9534968875869645,0.9057692307692308,0.7819420783645656
70.01326479854087,0.9536341999267668,0.9059440559440559,0.7819420783645656
70.02155529762892,0.9536341999267668,0.9059440559440559,0.7819420783645656
70.02984579671696,0.9536341999267668,0.9059440559440559,0.7819420783645656
70.038136295805,0.9536799707067009,0.9061188811188812,0.7819420783645656
70.04642679489305,0.9536799707067009,0.9061188811188812,0.7819420783645656
70.0547172939811,0.9536799707067009,0.9061188811188812,0.782793867120954
70.06300779306915,0.9536799707067009,0.9061188811188812,0.782793867120954
70.0712982921572,0.9536799707067009,0.9061188811188812,0.782793867120954
70.07958879124523,0.9536799707067009,0.9061188811188812,0.7836456558773425
70.08787929033328,0.9536799707067009,0.9061188811188812,0.7836456558773425
70.09616978942132,0.9536799707067009,0.9061188811188812,0.7836456558773425
70.10446028850937,0.9536799707067009,0.9061188811188812,0.7836456558773425
70.11275078759742,0.9537257414866349,0.9062937062937063,0.7836456558773425
70.12104128668545,0.9537257414866349,0.9062937062937063,0.7836456558773425
70.1293317857735,0.9537257414866349,0.9062937062937063,0.7836456558773425
70.13762228486155,0.9537257414866349,0.9062937062937063,0.7836456558773425
70.1459127839496,0.9537257414866349,0.9062937062937063,0.7836456558773425
70.15420328303765,0.9537257414866349,0.9062937062937063,0.7836456558773425
70.16249378212568,0.9537257414866349,0.9062937062937063,0.7844974446337308
70.17078428121373,0.9537257414866349,0.9062937062937063,0.7844974446337308
70.17907478030178,0.9540003661662395,0.9064685314685315,0.7844974446337308
70.18736527938982,0.9540003661662395,0.9064685314685315,0.7844974446337308
70.19565577847787,0.9540003661662395,0.9064685314685315,0.7844974446337308
70.2039462775659,0.9540003661662395,0.9064685314685315,0.7844974446337308
70.21223677665395,0.9540003661662395,0.9064685314685315,0.7853492333901193
70.220527275742,0.9540003661662395,0.9064685314685315,0.7853492333901193
70.22881777483005,0.9540461369461736,0.9066433566433566,0.7853492333901193
70.2371082739181,0.9540461369461736,0.9066433566433566,0.7853492333901193
70.24539877300613,0.9540461369461736,0.9066433566433566,0.7853492333901193
70.25368927209418,0.9540461369461736,0.9066433566433566,0.7853492333901193
70.26197977118223,0.9542292200659099,0.9068181818181819,0.7853492333901193
70.27027027027027,0.9542292200659099,0.9068181818181819,0.7853492333901193
70.27856076935832,0.9542292200659099,0.9068181818181819,0.7853492333901193
70.28685126844636,0.954274990845844,0.906993006993007,0.7853492333901193
70.2951417675344,0.9543207616257781,0.9071678321678321,0.7853492333901193
70.30343226662245,0.9543207616257781,0.9071678321678321,0.7853492333901193
70.3117227657105,0.9543207616257781,0.9071678321678321,0.7853492333901193
70.32001326479855,0.9544123031856463,0.9073426573426573,0.7853492333901193
70.32830376388658,0.9544580739655804,0.9075174825174825,0.7853492333901193
70.33659426297463,0.9544580739655804,0.9075174825174825,0.7853492333901193
70.34488476206268,0.9544580739655804,0.9075174825174825,0.7853492333901193
70.35317526115072,0.9544580739655804,0.9075174825174825,0.7853492333901193
70.36146576023877,0.9544580739655804,0.9075174825174825,0.7853492333901193
70.3697562593268,0.9544580739655804,0.9075174825174825,0.7853492333901193
70.37804675841485,0.9544580739655804,0.9075174825174825,0.7853492333901193
70.3863372575029,0.9544580739655804,0.9075174825174825,0.7853492333901193
70.39462775659095,0.9544580739655804,0.9075174825174825,0.7853492333901193
70.402918255679,0.9545953863053827,0.9076923076923077,0.7853492333901193
70.41120875476703,0.9545953863053827,0.9076923076923077,0.7853492333901193
70.41949925385508,0.9545953863053827,0.9076923076923077,0.7853492333901193
70.42778975294313,0.9545953863053827,0.9076923076923077,0.7853492333901193
70.43608025203118,0.9545953863053827,0.9076923076923077,0.7853492333901193
70.44437075111922,0.9545953863053827,0.9076923076923077,0.7853492333901193
70.45266125020726,0.9545953863053827,0.9076923076923077,0.7853492333901193
70.4609517492953,0.9545953863053827,0.9076923076923077,0.7853492333901193
70.46924224838335,0.9545953863053827,0.9076923076923077,0.7853492333901193
70.4775327474714,0.9546411570853167,0.9078671328671328,0.7853492333901193
70.48582324655945,0.9546869278652508,0.9080419580419581,0.7853492333901193
70.49411374564748,0.9546869278652508,0.9080419580419581,0.7853492333901193
70.50240424473553,0.9546869278652508,0.9080419580419581,0.7862010221465077
70.51069474382358,0.9546869278652508,0.9080419580419581,0.7862010221465077
70.51898524291163,0.9546869278652508,0.9080419580419581,0.7862010221465077
70.52727574199967,0.954732698645185,0.9082167832167832,0.7862010221465077
70.53556624108771,0.954732698645185,0.9082167832167832,0.787052810902896
70.54385674017576,0.954732698645185,0.9082167832167832,0.787052810902896
70.5521472392638,0.954732698645185,0.9082167832167832,0.787052810902896
70.56043773835185,0.954732698645185,0.9082167832167832,0.787052810902896
70.5687282374399,0.954732698645185,0.9082167832167832,0.787052810902896
70.57701873652793,0.954732698645185,0.9082167832167832,0.787052810902896
70.58530923561598,0.954732698645185,0.9082167832167832,0.787052810902896
70.59359973470403,0.954732698645185,0.9082167832167832,0.787052810902896
70.60189023379208,0.954732698645185,0.9082167832167832,0.787052810902896
70.61018073288012,0.954732698645185,0.9082167832167832,0.787052810902896
70.61847123196816,0.954732698645185,0.9082167832167832,0.787052810902896
70.6267617310562,0.954732698645185,0.9082167832167832,0.787052810902896
70.63505223014425,0.954778469425119,0.9083916083916084,0.787052810902896
70.6433427292323,0.9549615525448554,0.9085664335664335,0.787052810902896
70.65163322832035,0.9549615525448554,0.9085664335664335,0.787052810902896
70.65992372740838,0.9550073233247894,0.9087412587412588,0.787052810902896
70.66821422649643,0.9550073233247894,0.9087412587412588,0.787052810902896
70.67650472558448,0.9550530941047235,0.9089160839160839,0.787052810902896
70.68479522467253,0.9550988648846577,0.9090909090909091,0.787052810902896
70.69308572376057,0.9550988648846577,0.9090909090909091,0.787052810902896
70.70137622284861,0.9550988648846577,0.9090909090909091,0.787052810902896
70.70966672193666,0.9552361772244599,0.9092657342657343,0.787052810902896
70.7179572210247,0.9552361772244599,0.9092657342657343,0.787052810902896
70.72624772011275,0.9552361772244599,0.9092657342657343,0.787052810902896
70.7345382192008,0.9552361772244599,0.9092657342657343,0.787052810902896
70.74282871828883,0.9553277187843281,0.9094405594405595,0.787052810902896
70.75111921737688,0.9553277187843281,0.9094405594405595,0.787052810902896
70.75940971646493,0.9553277187843281,0.9094405594405595,0.787052810902896
70.76770021555298,0.9553277187843281,0.9094405594405595,0.787052810902896
70.77599071464103,0.9553277187843281,0.9094405594405595,0.787052810902896
70.78428121372907,0.9553734895642622,0.9096153846153846,0.787052810902896
70.79257171281711,0.9554650311241304,0.9097902097902097,0.787052810902896
70.80086221190516,0.9554650311241304,0.9097902097902097,0.787052810902896
70.8091527109932,0.9554650311241304,0.9097902097902097,0.787052810902896
70.81744321008125,0.9554650311241304,0.9097902097902097,0.787052810902896
70.8257337091693,0.9554650311241304,0.9097902097902097,0.787052810902896
70.83402420825733,0.9554650311241304,0.9097902097902097,0.787052810902896
70.84231470734538,0.9555565726839985,0.909965034965035,0.787052810902896
70.85060520643343,0.9556481142438668,0.9101398601398601,0.787052810902896
70.85889570552148,0.9556481142438668,0.9101398601398601,0.787052810902896
70.86718620460952,0.9556481142438668,0.9101398601398601,0.7879045996592845
70.87547670369756,0.9556481142438668,0.9101398601398601,0.7879045996592845
70.8837672027856,0.9556481142438668,0.9101398601398601,0.7879045996592845
70.89205770187365,0.9556938850238008,0.9103146853146853,0.7879045996592845
70.9003482009617,0.9556938850238008,0.9103146853146853,0.7879045996592845
70.90863870004975,0.9556938850238008,0.9103146853146853,0.7879045996592845
70.91692919913778,0.9556938850238008,0.9103146853146853,0.7879045996592845
70.92521969822583,0.9556938850238008,0.9103146853146853,0.7879045996592845
70.93351019731388,0.9557396558037349,0.9104895104895104,0.7887563884156729
70.94180069640193,0.9557396558037349,0.9104895104895104,0.7887563884156729
70.95009119548997,0.9559685097034053,0.9106643356643357,0.7887563884156729
70.95838169457801,0.9559685097034053,0.9106643356643357,0.7887563884156729
70.96667219366606,0.9559685097034053,0.9106643356643357,0.7887563884156729
70.9749626927541,0.9559685097034053,0.9106643356643357,0.7887563884156729
70.98325319184215,0.9559685097034053,0.9106643356643357,0.7887563884156729
70.9915436909302,0.9559685097034053,0.9106643356643357,0.7887563884156729
70.99983419001823,0.9559685097034053,0.9106643356643357,0.7887563884156729
71.00812468910628,0.9559685097034053,0.9106643356643357,0.7887563884156729
71.01641518819433,0.9559685097034053,0.9106643356643357,0.7887563884156729
71.02470568728238,0.9560142804833395,0.9108391608391608,0.7887563884156729
71.03299618637043,0.9560142804833395,0.9108391608391608,0.7887563884156729
71.04128668545846,0.9561973636030758,0.911013986013986,0.7887563884156729
71.04957718454651,0.9561973636030758,0.911013986013986,0.7887563884156729
71.05786768363456,0.956334675942878,0.9111888111888112,0.7896081771720613
71.0661581827226,0.9565635298425486,0.9113636363636364,0.7904599659284497
71.07444868181065,0.9566550714024167,0.9115384615384615,0.7904599659284497
71.08273918089868,0.9567466129622849,0.9117132867132867,0.7904599659284497
71.09102967998673,0.9567466129622849,0.9117132867132867,0.7904599659284497
71.09932017907478,0.9567466129622849,0.9117132867132867,0.7904599659284497
71.10761067816283,0.9567466129622849,0.9117132867132867,0.7904599659284497
71.11590117725088,0.9567466129622849,0.9117132867132867,0.7904599659284497
71.12419167633891,0.9567466129622849,0.9117132867132867,0.7904599659284497
71.13248217542696,0.9569296960820213,0.9118881118881119,0.7904599659284497
71.140772674515,0.9569754668619553,0.9120629370629371,0.7904599659284497
71.14906317360305,0.9569754668619553,0.9120629370629371,0.7904599659284497
71.1573536726911,0.9569754668619553,0.9120629370629371,0.7913117546848382
71.16564417177914,0.9569754668619553,0.9120629370629371,0.7913117546848382
71.17393467086718,0.9570670084218235,0.9122377622377622,0.7913117546848382
71.18222516995523,0.9573416331014281,0.9124125874125875,0.7921635434412265
71.19051566904328,0.9575247162211644,0.9125874125874126,0.793015332197615
71.19880616813133,0.9575247162211644,0.9125874125874126,0.7938671209540034
71.20709666721936,0.9575247162211644,0.9125874125874126,0.7938671209540034
71.21538716630741,0.9575247162211644,0.9125874125874126,0.7938671209540034
71.22367766539546,0.9576162577810325,0.9127622377622377,0.7947189097103918
71.2319681644835,0.9576162577810325,0.9127622377622377,0.7947189097103918
71.24025866357155,0.9576162577810325,0.9127622377622377,0.7947189097103918
71.24854916265959,0.9576162577810325,0.9127622377622377,0.7947189097103918
71.25683966174763,0.9576162577810325,0.9127622377622377,0.7947189097103918
71.26513016083568,0.9576162577810325,0.9127622377622377,0.7947189097103918
71.27342065992373,0.9576162577810325,0.9127622377622377,0.7947189097103918
71.28171115901178,0.9576162577810325,0.9127622377622377,0.7947189097103918
71.29000165809981,0.9576162577810325,0.9127622377622377,0.7947189097103918
71.29829215718786,0.9576162577810325,0.9127622377622377,0.7947189097103918
71.3065826562759,0.9576162577810325,0.9127622377622377,0.7947189097103918
71.31487315536395,0.9577077993409008,0.9129370629370629,0.7947189097103918
71.323163654452,0.9577077993409008,0.9129370629370629,0.7947189097103918
71.33145415354004,0.9577535701208348,0.9131118881118881,0.7947189097103918
71.33974465262808,0.9577993409007689,0.9132867132867133,0.7947189097103918
71.34803515171613,0.9578451116807031,0.9134615384615384,0.7947189097103918
71.35632565080418,0.9578451116807031,0.9134615384615384,0.7947189097103918
71.36461614989223,0.9578451116807031,0.9134615384615384,0.7947189097103918
71.37290664898026,0.9578451116807031,0.9134615384615384,0.7947189097103918
71.38119714806831,0.9578451116807031,0.9134615384615384,0.7947189097103918
71.38948764715636,0.9578451116807031,0.9134615384615384,0.7947189097103918
71.3977781462444,0.9578451116807031,0.9134615384615384,0.7947189097103918
71.40606864533245,0.9578451116807031,0.9134615384615384,0.7947189097103918
71.41435914442049,0.9578451116807031,0.9134615384615384,0.7947189097103918
71.42264964350854,0.9578451116807031,0.9134615384615384,0.7955706984667802
71.43094014259658,0.9578451116807031,0.9134615384615384,0.7955706984667802
71.43923064168463,0.9578908824606371,0.9136363636363637,0.7955706984667802
71.44752114077268,0.9578908824606371,0.9136363636363637,0.7964224872231687
71.45581163986071,0.9578908824606371,0.9136363636363637,0.797274275979557
71.46410213894876,0.9578908824606371,0.9136363636363637,0.797274275979557
71.47239263803681,0.9578908824606371,0.9136363636363637,0.797274275979557
71.48068313712486,0.9579824240205053,0.9138111888111888,0.7981260647359455
71.4889736362129,0.9579824240205053,0.9138111888111888,0.7981260647359455
71.49726413530095,0.9580739655803735,0.913986013986014,0.7981260647359455
71.50555463438899,0.9580739655803735,0.913986013986014,0.7981260647359455
71.51384513347703,0.9582112779201758,0.9141608391608391,0.7981260647359455
71.52213563256508,0.9582112779201758,0.9141608391608391,0.7981260647359455
71.53042613165313,0.9582570487001099,0.9143356643356644,0.7989778534923339
71.53871663074118,0.958348590259978,0.9145104895104895,0.7989778534923339
71.54700712982921,0.958348590259978,0.9145104895104895,0.7989778534923339
71.55529762891726,0.958348590259978,0.9145104895104895,0.7989778534923339
71.5635881280053,0.958348590259978,0.9145104895104895,0.7989778534923339
71.57187862709335,0.958348590259978,0.9145104895104895,0.7989778534923339
71.5801691261814,0.958348590259978,0.9145104895104895,0.7989778534923339
71.58845962526944,0.9584401318198462,0.9146853146853147,0.7998296422487223
71.59675012435748,0.9584859025997803,0.9148601398601398,0.7998296422487223
71.60504062344553,0.9585316733797143,0.9150349650349651,0.7998296422487223
71.61333112253358,0.9585316733797143,0.9150349650349651,0.7998296422487223
71.62162162162163,0.9585316733797143,0.9150349650349651,0.7998296422487223
71.62991212070966,0.9585316733797143,0.9150349650349651,0.8006814310051107
71.63820261979771,0.9585316733797143,0.9150349650349651,0.8006814310051107
71.64649311888576,0.9587147564994507,0.9152097902097902,0.8006814310051107
71.6547836179738,0.9587147564994507,0.9152097902097902,0.8006814310051107
71.66307411706185,0.958852068839253,0.9153846153846154,0.8006814310051107
71.67136461614989,0.9589436103991212,0.9155594405594406,0.8006814310051107
71.67965511523794,0.9589893811790553,0.9157342657342658,0.8006814310051107
71.68794561432598,0.9589893811790553,0.9157342657342658,0.8006814310051107
71.69623611341403,0.9589893811790553,0.9157342657342658,0.8006814310051107
71.70452661250208,0.9589893811790553,0.9157342657342658,0.8015332197614992
71.71281711159011,0.9589893811790553,0.9157342657342658,0.8015332197614992
71.72110761067816,0.9589893811790553,0.9157342657342658,0.8015332197614992
71.72939810976621,0.9589893811790553,0.9157342657342658,0.8015332197614992
71.73768860885426,0.9589893811790553,0.9157342657342658,0.8023850085178875
71.7459791079423,0.9589893811790553,0.9157342657342658,0.8023850085178875
71.75426960703034,0.9589893811790553,0.9157342657342658,0.803236797274276
71.76256010611839,0.9589893811790553,0.9157342657342658,0.803236797274276
71.77085060520643,0.9589893811790553,0.9157342657342658,0.803236797274276
71.77914110429448,0.9589893811790553,0.9157342657342658,0.803236797274276
71.78743160338253,0.9589893811790553,0.9157342657342658,0.803236797274276
71.79572210247056,0.9590809227389234,0.9159090909090909,0.803236797274276
71.80401260155861,0.9590809227389234,0.9159090909090909,0.803236797274276
71.81230310064666,0.9590809227389234,0.9159090909090909,0.803236797274276
71.8205935997347,0.959309776638594,0.916083916083916,0.803236797274276
71.82888409882275,0.959309776638594,0.916083916083916,0.803236797274276
71.83717459791079,0.959355547418528,0.9162587412587413,0.803236797274276
71.84546509699884,0.9594928597583303,0.9164335664335664,0.803236797274276
71.85375559608688,0.9594928597583303,0.9164335664335664,0.803236797274276
71.86204609517493,0.9594928597583303,0.9164335664335664,0.803236797274276
71.87033659426298,0.9594928597583303,0.9164335664335664,0.803236797274276
71.87862709335101,0.9594928597583303,0.9164335664335664,0.803236797274276
71.88691759243906,0.9594928597583303,0.9164335664335664,0.803236797274276
71.89520809152711,0.9594928597583303,0.9164335664335664,0.803236797274276
71.90349859061516,0.9594928597583303,0.9164335664335664,0.803236797274276
71.9117890897032,0.9594928597583303,0.9164335664335664,0.803236797274276
71.92007958879124,0.9594928597583303,0.9164335664335664,0.803236797274276
71.92837008787929,0.9595386305382644,0.9166083916083916,0.803236797274276
71.93666058696734,0.9595386305382644,0.9166083916083916,0.803236797274276
71.94495108605538,0.9595386305382644,0.9166083916083916,0.803236797274276
71.95324158514343,0.9595386305382644,0.9166083916083916,0.803236797274276
71.96153208423146,0.9595386305382644,0.9166083916083916,0.803236797274276
71.96982258331951,0.9595386305382644,0.9166083916083916,0.803236797274276
71.97811308240756,0.9596301720981325,0.9167832167832168,0.803236797274276
71.98640358149561,0.9597674844379348,0.916958041958042,0.803236797274276
71.99469408058366,0.9598132552178689,0.9171328671328671,0.803236797274276
72.00298457967169,0.9598132552178689,0.9171328671328671,0.803236797274276
72.01127507875974,0.9598132552178689,0.9171328671328671,0.803236797274276
72.01956557784779,0.9598132552178689,0.9171328671328671,0.803236797274276
72.02785607693583,0.9598132552178689,0.9171328671328671,0.803236797274276
72.03614657602388,0.9598132552178689,0.9171328671328671,0.803236797274276
72.04443707511192,0.9598132552178689,0.9171328671328671,0.803236797274276
72.05272757419996,0.9598132552178689,0.9171328671328671,0.803236797274276
72.06101807328801,0.9598132552178689,0.9171328671328671,0.803236797274276
72.06930857237606,0.9598132552178689,0.9171328671328671,0.803236797274276
72.0775990714641,0.9598132552178689,0.9171328671328671,0.803236797274276
72.08588957055214,0.9598132552178689,0.9171328671328671,0.803236797274276
72.09418006964019,0.9598132552178689,0.9171328671328671,0.803236797274276
72.10247056872824,0.9598132552178689,0.9171328671328671,0.803236797274276
72.11076106781628,0.9599963383376052,0.9173076923076923,0.8040885860306644
72.11905156690433,0.9599963383376052,0.9173076923076923,0.8049403747870528
72.12734206599237,0.9599963383376052,0.9173076923076923,0.8049403747870528
72.13563256508041,0.9600421091175394,0.9174825174825175,0.8049403747870528
72.14392306416846,0.9600421091175394,0.9174825174825175,0.8049403747870528
72.15221356325651,0.9600421091175394,0.9174825174825175,0.8057921635434412
72.16050406234456,0.9600878798974735,0.9176573426573427,0.8057921635434412
72.16879456143259,0.9600878798974735,0.9176573426573427,0.8057921635434412
72.17708506052064,0.9604082753570121,0.9178321678321678,0.8057921635434412
72.18537555960869,0.9604082753570121,0.9178321678321678,0.8057921635434412
72.19366605869673,0.9604540461369462,0.918006993006993,0.8057921635434412
72.20195655778478,0.9604540461369462,0.918006993006993,0.8057921635434412
72.21024705687283,0.9604540461369462,0.918006993006993,0.8057921635434412
72.21853755596086,0.9604998169168802,0.9181818181818182,0.8057921635434412
72.22682805504891,0.9604998169168802,0.9181818181818182,0.8057921635434412
72.23511855413696,0.9604998169168802,0.9181818181818182,0.8057921635434412
72.24340905322501,0.9604998169168802,0.9181818181818182,0.8057921635434412
72.25169955231306,0.9605455876968143,0.9183566433566434,0.8057921635434412
72.25999005140109,0.9605913584767485,0.9185314685314685,0.8057921635434412
72.26828055048914,0.9605913584767485,0.9185314685314685,0.8057921635434412
72.27657104957719,0.9605913584767485,0.9185314685314685,0.8057921635434412
72.28486154866523,0.9605913584767485,0.9185314685314685,0.8057921635434412
72.29315204775328,0.9605913584767485,0.9185314685314685,0.8057921635434412
72.30144254684132,0.9605913584767485,0.9185314685314685,0.8057921635434412
72.30973304592936,0.9605913584767485,0.9185314685314685,0.8057921635434412
72.31802354501741,0.9605913584767485,0.9185314685314685,0.8057921635434412
72.32631404410546,0.9606829000366166,0.9187062937062938,0.8057921635434412
72.3346045431935,0.9606829000366166,0.9187062937062938,0.8057921635434412
72.34289504228154,0.9606829000366166,0.9187062937062938,0.8057921635434412
72.35118554136959,0.9606829000366166,0.9187062937062938,0.8057921635434412
72.35947604045764,0.9606829000366166,0.9187062937062938,0.8057921635434412
72.36776653954568,0.9606829000366166,0.9187062937062938,0.8066439522998297
72.37605703863373,0.960911753936287,0.9188811188811189,0.8066439522998297
72.38434753772177,0.9609575247162212,0.919055944055944,0.8066439522998297
72.39263803680981,0.9609575247162212,0.919055944055944,0.8066439522998297
72.40092853589786,0.9609575247162212,0.919055944055944,0.807495741056218
72.40921903498591,0.9609575247162212,0.919055944055944,0.807495741056218
72.41750953407396,0.9609575247162212,0.919055944055944,0.807495741056218
72.42580003316199,0.9609575247162212,0.919055944055944,0.807495741056218
72.43409053225004,0.9609575247162212,0.919055944055944,0.8083475298126065
72.44238103133809,0.9609575247162212,0.919055944055944,0.8083475298126065
72.45067153042613,0.9610490662760893,0.9192307692307692,0.8091993185689949
72.45896202951418,0.9610948370560234,0.9194055944055944,0.8091993185689949
72.46725252860222,0.9611406078359576,0.9195804195804196,0.8100511073253833
72.47554302769026,0.9611863786158916,0.9197552447552447,0.8100511073253833
72.48383352677831,0.9617356279751007,0.91993006993007,0.8100511073253833
72.49212402586636,0.9617356279751007,0.91993006993007,0.8100511073253833
72.50041452495441,0.9617356279751007,0.91993006993007,0.8109028960817717
72.50870502404244,0.9617356279751007,0.91993006993007,0.8109028960817717
72.51699552313049,0.9617356279751007,0.91993006993007,0.8109028960817717
72.52528602221854,0.9617356279751007,0.91993006993007,0.8109028960817717
72.53357652130659,0.9617356279751007,0.91993006993007,0.8109028960817717
72.54186702039463,0.9617356279751007,0.91993006993007,0.8109028960817717
72.55015751948267,0.9617356279751007,0.91993006993007,0.8109028960817717
72.55844801857072,0.9617356279751007,0.91993006993007,0.8109028960817717
72.56673851765876,0.9617356279751007,0.91993006993007,0.8109028960817717
72.57502901674681,0.9617356279751007,0.91993006993007,0.8109028960817717
72.58331951583486,0.9617813987550348,0.9201048951048951,0.8109028960817717
72.59161001492289,0.9620102526547052,0.9202797202797203,0.8109028960817717
72.59990051401094,0.9620102526547052,0.9202797202797203,0.8109028960817717
72.60819101309899,0.9621017942145734,0.9204545454545454,0.8117546848381602
72.61648151218704,0.9621017942145734,0.9204545454545454,0.8117546848381602
72.62477201127508,0.9621017942145734,0.9204545454545454,0.8117546848381602
72.63306251036312,0.9621017942145734,0.9204545454545454,0.8117546848381602
72.64135300945117,0.9621017942145734,0.9204545454545454,0.8117546848381602
72.64964350853921,0.9621017942145734,0.9204545454545454,0.8117546848381602
72.65793400762726,0.9621017942145734,0.9204545454545454,0.8126064735945485
72.66622450671531,0.9621017942145734,0.9204545454545454,0.8126064735945485
72.67451500580334,0.9621017942145734,0.9204545454545454,0.8126064735945485
72.68280550489139,0.9621017942145734,0.9204545454545454,0.813458262350937
72.69109600397944,0.9621933357744415,0.9206293706293707,0.813458262350937
72.69938650306749,0.9621933357744415,0.9206293706293707,0.813458262350937
72.70767700215553,0.9621933357744415,0.9206293706293707,0.813458262350937
72.71596750124357,0.9621933357744415,0.9206293706293707,0.813458262350937
72.72425800033162,0.9621933357744415,0.9206293706293707,0.813458262350937
72.73254849941966,0.9621933357744415,0.9206293706293707,0.813458262350937
72.74083899850771,0.9624679604540461,0.9208041958041958,0.813458262350937
72.74912949759576,0.9624679604540461,0.9208041958041958,0.813458262350937
72.7574199966838,0.9624679604540461,0.9208041958041958,0.8143100511073254
72.76571049577184,0.9624679604540461,0.9208041958041958,0.8151618398637138
72.77400099485989,0.9624679604540461,0.9208041958041958,0.8151618398637138
72.78229149394794,0.9625595020139143,0.920979020979021,0.8151618398637138
72.79058199303599,0.9626052727938484,0.9211538461538461,0.8160136286201022
72.79887249212402,0.9626052727938484,0.9211538461538461,0.8160136286201022
72.80716299121207,0.9626510435737825,0.9213286713286714,0.8160136286201022
72.81545349030011,0.9626968143537166,0.9215034965034965,0.8160136286201022
72.82374398938816,0.9626968143537166,0.9215034965034965,0.8160136286201022
72.83203448847621,0.9627425851336506,0.9216783216783216,0.8160136286201022
72.84032498756424,0.9627425851336506,0.9216783216783216,0.8160136286201022
72.84861548665229,0.9627425851336506,0.9216783216783216,0.8160136286201022
72.85690598574034,0.9627425851336506,0.9216783216783216,0.8160136286201022
72.86519648482839,0.9627425851336506,0.9216783216783216,0.8160136286201022
72.87348698391644,0.9627425851336506,0.9216783216783216,0.8160136286201022
72.88177748300447,0.9627425851336506,0.9216783216783216,0.8160136286201022
72.89006798209252,0.9627425851336506,0.9216783216783216,0.8160136286201022
72.89835848118057,0.9627425851336506,0.9216783216783216,0.8160136286201022
72.90664898026861,0.9627883559135848,0.9218531468531469,0.8160136286201022
72.91493947935666,0.9627883559135848,0.9218531468531469,0.8160136286201022
72.92322997844471,0.9627883559135848,0.9218531468531469,0.8160136286201022
72.93152047753274,0.9627883559135848,0.9218531468531469,0.8160136286201022
72.93981097662079,0.9628341266935189,0.922027972027972,0.8160136286201022
72.94810147570884,0.9628341266935189,0.922027972027972,0.8160136286201022
72.95639197479689,0.9628341266935189,0.922027972027972,0.8160136286201022
72.96468247388493,0.9628341266935189,0.922027972027972,0.8160136286201022
72.97297297297297,0.9628341266935189,0.922027972027972,0.8160136286201022
72.98126347206102,0.9628341266935189,0.922027972027972,0.8160136286201022
72.98955397114906,0.9628341266935189,0.922027972027972,0.8160136286201022
72.99784447023711,0.9628341266935189,0.922027972027972,0.8160136286201022
73.00613496932516,0.9628341266935189,0.922027972027972,0.8160136286201022
73.0144254684132,0.9628341266935189,0.922027972027972,0.8160136286201022
73.02271596750124,0.9628341266935189,0.922027972027972,0.8168654173764907
73.03100646658929,0.9628341266935189,0.922027972027972,0.8168654173764907
73.03929696567734,0.9628341266935189,0.922027972027972,0.8168654173764907
73.04758746476539,0.962925668253387,0.9222027972027972,0.8168654173764907
73.05587796385342,0.962925668253387,0.9222027972027972,0.8168654173764907
73.06416846294147,0.962925668253387,0.9222027972027972,0.8168654173764907
73.07245896202951,0.962925668253387,0.9222027972027972,0.8168654173764907
73.08074946111756,0.962925668253387,0.9222027972027972,0.8168654173764907
73.08903996020561,0.962925668253387,0.9222027972027972,0.8168654173764907
73.09733045929364,0.9630172098132552,0.9223776223776223,0.8168654173764907
73.10562095838169,0.9630172098132552,0.9223776223776223,0.8168654173764907
73.11391145746974,0.9630172098132552,0.9223776223776223,0.8168654173764907
73.12220195655779,0.9630172098132552,0.9223776223776223,0.8168654173764907
73.13049245564584,0.9630172098132552,0.9223776223776223,0.8168654173764907
73.13878295473387,0.9630629805931893,0.9225524475524476,0.8168654173764907
73.14707345382192,0.9631087513731234,0.9227272727272727,0.8168654173764907
73.15536395290997,0.9631087513731234,0.9227272727272727,0.8168654173764907
73.16365445199801,0.9631087513731234,0.9227272727272727,0.8168654173764907
73.17194495108606,0.9631087513731234,0.9227272727272727,0.8168654173764907
73.1802354501741,0.9631087513731234,0.9227272727272727,0.8168654173764907
73.18852594926214,0.9631087513731234,0.9227272727272727,0.8168654173764907
73.19681644835019,0.9632460637129256,0.9229020979020979,0.817717206132879
73.20510694743824,0.9633376052727939,0.9230769230769231,0.817717206132879
73.21339744652629,0.9633376052727939,0.9230769230769231,0.817717206132879
73.22168794561432,0.9633376052727939,0.9230769230769231,0.817717206132879
73.22997844470237,0.9633376052727939,0.9230769230769231,0.817717206132879
73.23826894379042,0.9633376052727939,0.9230769230769231,0.817717206132879
73.24655944287846,0.9633376052727939,0.9230769230769231,0.817717206132879
73.25484994196651,0.9633376052727939,0.9230769230769231,0.817717206132879
73.26314044105455,0.9633376052727939,0.9230769230769231,0.817717206132879
73.2714309401426,0.9635206883925302,0.9232517482517483,0.817717206132879
73.27972143923064,0.9635206883925302,0.9232517482517483,0.817717206132879
73.28801193831869,0.9635206883925302,0.9232517482517483,0.817717206132879
73.29630243740674,0.9635206883925302,0.9232517482517483,0.817717206132879
73.30459293649477,0.9635206883925302,0.9232517482517483,0.817717206132879
73.31288343558282,0.9635206883925302,0.9232517482517483,0.817717206132879
73.32117393467087,0.9635206883925302,0.9232517482517483,0.817717206132879
73.32946443375891,0.9635664591724643,0.9234265734265734,0.817717206132879
73.33775493284696,0.9635664591724643,0.9234265734265734,0.817717206132879
73.346045431935,0.9635664591724643,0.9234265734265734,0.817717206132879
73.35433593102304,0.9636122299523984,0.9236013986013986,0.817717206132879
73.36262643011109,0.9636122299523984,0.9236013986013986,0.817717206132879
73.37091692919914,0.9636122299523984,0.9236013986013986,0.8185689948892675
73.37920742828719,0.9636122299523984,0.9236013986013986,0.8185689948892675
73.38749792737522,0.9636580007323324,0.9237762237762238,0.8185689948892675
73.39578842646327,0.9638410838520688,0.923951048951049,0.8185689948892675
73.40407892555132,0.963932625411937,0.9241258741258741,0.8194207836456558
73.41236942463937,0.963932625411937,0.9241258741258741,0.8194207836456558
73.42065992372741,0.963932625411937,0.9241258741258741,0.8194207836456558
73.42895042281545,0.9640241669718052,0.9243006993006992,0.8194207836456558
73.4372409219035,0.9641157085316734,0.9244755244755245,0.8194207836456558
73.44553142099154,0.9641157085316734,0.9244755244755245,0.8194207836456558
73.45382192007959,0.9641157085316734,0.9244755244755245,0.8194207836456558
73.46211241916764,0.9641157085316734,0.9244755244755245,0.8194207836456558
73.47040291825567,0.9641157085316734,0.9244755244755245,0.8194207836456558
73.47869341734372,0.9641157085316734,0.9244755244755245,0.8194207836456558
73.48698391643177,0.9641157085316734,0.9244755244755245,0.8194207836456558
73.49527441551982,0.9641157085316734,0.9244755244755245,0.8194207836456558
73.50356491460786,0.9641157085316734,0.9244755244755245,0.8194207836456558
73.5118554136959,0.9641157085316734,0.9244755244755245,0.8194207836456558
73.52014591278395,0.9641614793116074,0.9246503496503496,0.8194207836456558
73.528436411872,0.9642072500915415,0.9248251748251748,0.8202725724020443
73.53672691096004,0.9642072500915415,0.9248251748251748,0.8202725724020443
73.54501741004809,0.9642072500915415,0.9248251748251748,0.8202725724020443
73.55330790913612,0.9642072500915415,0.9248251748251748,0.8202725724020443
73.56159840822417,0.9642530208714757,0.925,0.8202725724020443
73.56988890731222,0.9642530208714757,0.925,0.8202725724020443
73.57817940640027,0.9642530208714757,0.925,0.8202725724020443
73.58646990548831,0.9642530208714757,0.925,0.8202725724020443
73.59476040457636,0.9642530208714757,0.925,0.8211243611584327
73.6030509036644,0.9642530208714757,0.925,0.8211243611584327
73.61134140275244,0.9642987916514097,0.9251748251748252,0.8211243611584327
73.61963190184049,0.9642987916514097,0.9251748251748252,0.8211243611584327
73.62792240092854,0.9642987916514097,0.9251748251748252,0.8211243611584327
73.63621290001659,0.9642987916514097,0.9251748251748252,0.8211243611584327
73.64450339910462,0.9643903332112779,0.9253496503496503,0.8211243611584327
73.65279389819267,0.964436103991212,0.9255244755244755,0.8211243611584327
73.66108439728072,0.964436103991212,0.9255244755244755,0.8219761499148212
73.66937489636877,0.964436103991212,0.9255244755244755,0.8219761499148212
73.67766539545681,0.964436103991212,0.9255244755244755,0.8228279386712095
73.68595589454485,0.964436103991212,0.9255244755244755,0.8228279386712095
73.6942463936329,0.9644818747711461,0.9256993006993007,0.823679727427598
73.70253689272094,0.9644818747711461,0.9256993006993007,0.823679727427598
73.71082739180899,0.9644818747711461,0.9256993006993007,0.823679727427598
73.71911789089704,0.9644818747711461,0.9256993006993007,0.823679727427598
73.72740838998507,0.9644818747711461,0.9256993006993007,0.823679727427598
73.73569888907312,0.9644818747711461,0.9256993006993007,0.823679727427598
73.74398938816117,0.9644818747711461,0.9256993006993007,0.823679727427598
73.75227988724922,0.9644818747711461,0.9256993006993007,0.823679727427598
73.76057038633726,0.9644818747711461,0.9256993006993007,0.823679727427598
73.7688608854253,0.9645276455510802,0.9258741258741259,0.823679727427598
73.77715138451335,0.9645276455510802,0.9258741258741259,0.823679727427598
73.7854418836014,0.9645276455510802,0.9258741258741259,0.823679727427598
73.79373238268944,0.9646191871109484,0.926048951048951,0.823679727427598
73.80202288177749,0.9646191871109484,0.926048951048951,0.823679727427598
73.81031338086552,0.9646191871109484,0.926048951048951,0.823679727427598
73.81860387995357,0.9646191871109484,0.926048951048951,0.823679727427598
73.82689437904162,0.9646191871109484,0.926048951048951,0.823679727427598
73.83518487812967,0.9646191871109484,0.926048951048951,0.823679727427598
73.84347537721771,0.9646191871109484,0.926048951048951,0.823679727427598
73.85176587630575,0.9646649578908825,0.9262237762237763,0.823679727427598
73.8600563753938,0.9646649578908825,0.9262237762237763,0.823679727427598
73.86834687448184,0.9648022702306848,0.9263986013986014,0.823679727427598
73.87663737356989,0.9648022702306848,0.9263986013986014,0.823679727427598
73.88492787265794,0.9648022702306848,0.9263986013986014,0.823679727427598
73.89321837174597,0.9648022702306848,0.9263986013986014,0.823679727427598
73.90150887083402,0.9648480410106188,0.9265734265734266,0.823679727427598
73.90979936992207,0.9648480410106188,0.9265734265734266,0.8245315161839863
73.91808986901012,0.9648480410106188,0.9265734265734266,0.8245315161839863
73.92638036809817,0.9648480410106188,0.9265734265734266,0.8245315161839863
73.9346708671862,0.9648480410106188,0.9265734265734266,0.8245315161839863
73.94296136627425,0.9648480410106188,0.9265734265734266,0.8245315161839863
73.9512518653623,0.9648480410106188,0.9265734265734266,0.8245315161839863
73.95954236445034,0.9648480410106188,0.9265734265734266,0.8253833049403748
73.96783286353839,0.9648480410106188,0.9265734265734266,0.8253833049403748
73.97612336262642,0.9648480410106188,0.9265734265734266,0.8253833049403748
73.98441386171447,0.9648480410106188,0.9265734265734266,0.8253833049403748
73.99270436080252,0.9653972903698279,0.9267482517482517,0.8253833049403748
74.00099485989057,0.9653972903698279,0.9267482517482517,0.8253833049403748
74.00928535897862,0.9653972903698279,0.9267482517482517,0.8253833049403748
74.01757585806665,0.9653972903698279,0.9267482517482517,0.8253833049403748
74.0258663571547,0.965443061149762,0.926923076923077,0.8253833049403748
74.03415685624275,0.965443061149762,0.926923076923077,0.8253833049403748
74.0424473553308,0.965443061149762,0.926923076923077,0.8253833049403748
74.05073785441884,0.965443061149762,0.926923076923077,0.8253833049403748
74.05902835350687,0.965443061149762,0.926923076923077,0.8253833049403748
74.06731885259492,0.965443061149762,0.926923076923077,0.8253833049403748
74.07560935168297,0.965443061149762,0.926923076923077,0.8253833049403748
74.08389985077102,0.9656261442694983,0.9270979020979021,0.8253833049403748
74.09219034985907,0.9656261442694983,0.9270979020979021,0.8253833049403748
74.1004808489471,0.9656261442694983,0.9270979020979021,0.8253833049403748
74.10877134803515,0.9656719150494324,0.9272727272727272,0.8253833049403748
74.1170618471232,0.9656719150494324,0.9272727272727272,0.8253833049403748
74.12535234621124,0.9656719150494324,0.9272727272727272,0.8253833049403748
74.13364284529929,0.9656719150494324,0.9272727272727272,0.8253833049403748
74.14193334438733,0.9656719150494324,0.9272727272727272,0.8253833049403748
74.15022384347537,0.9656719150494324,0.9272727272727272,0.8253833049403748
74.15851434256342,0.9656719150494324,0.9272727272727272,0.8253833049403748
74.16680484165147,0.9656719150494324,0.9272727272727272,0.8253833049403748
74.17509534073952,0.9656719150494324,0.9272727272727272,0.8262350936967632
74.18338583982755,0.9656719150494324,0.9272727272727272,0.8262350936967632
74.1916763389156,0.9656719150494324,0.9272727272727272,0.8262350936967632
74.19996683800365,0.9656719150494324,0.9272727272727272,0.8262350936967632
74.2082573370917,0.9656719150494324,0.9272727272727272,0.8262350936967632
74.21654783617974,0.9656719150494324,0.9272727272727272,0.8262350936967632
74.22483833526778,0.9656719150494324,0.9272727272727272,0.8262350936967632
74.23312883435582,0.9657176858293666,0.9274475524475524,0.8262350936967632
74.24141933344387,0.9658092273892347,0.9276223776223776,0.8262350936967632
74.24970983253192,0.9658092273892347,0.9276223776223776,0.8262350936967632
74.25800033161997,0.9658092273892347,0.9276223776223776,0.8262350936967632
74.266290830708,0.965992310508971,0.9277972027972028,0.8262350936967632
74.27458132979605,0.965992310508971,0.9277972027972028,0.8262350936967632
74.2828718288841,0.965992310508971,0.9277972027972028,0.8262350936967632
74.29116232797215,0.965992310508971,0.9277972027972028,0.8262350936967632
74.2994528270602,0.9660380812889051,0.9279720279720279,0.8262350936967632
74.30774332614824,0.9660380812889051,0.9279720279720279,0.8262350936967632
74.31603382523627,0.9660380812889051,0.9279720279720279,0.8262350936967632
74.32432432432432,0.9660380812889051,0.9279720279720279,0.8262350936967632
74.33261482341237,0.9660380812889051,0.9279720279720279,0.8262350936967632
74.34090532250042,0.9660838520688393,0.9281468531468532,0.8262350936967632
74.34919582158847,0.9661296228487734,0.9283216783216783,0.8262350936967632
74.3574863206765,0.9661296228487734,0.9283216783216783,0.8262350936967632
74.36577681976455,0.9661753936287074,0.9284965034965035,0.8262350936967632
74.3740673188526,0.9661753936287074,0.9284965034965035,0.8262350936967632
74.38235781794064,0.9661753936287074,0.9284965034965035,0.8262350936967632
74.39064831702869,0.9661753936287074,0.9284965034965035,0.8262350936967632
74.39893881611673,0.9661753936287074,0.9284965034965035,0.8262350936967632
74.40722931520477,0.9661753936287074,0.9284965034965035,0.8262350936967632
74.41551981429282,0.9662211644086415,0.9286713286713286,0.8262350936967632
74.42381031338087,0.9662669351885756,0.9288461538461539,0.8262350936967632
74.43210081246892,0.9662669351885756,0.9288461538461539,0.8262350936967632
74.44039131155695,0.9662669351885756,0.9288461538461539,0.8262350936967632
74.448681810645,0.9665873306481142,0.929020979020979,0.8262350936967632
74.45697230973305,0.9665873306481142,0.929020979020979,0.8262350936967632
74.4652628088211,0.9666788722079824,0.9291958041958042,0.8262350936967632
74.47355330790914,0.9666788722079824,0.9291958041958042,0.8262350936967632
74.48184380699718,0.9666788722079824,0.9291958041958042,0.8262350936967632
74.49013430608522,0.9667704137678506,0.9293706293706294,0.8270868824531517
74.49842480517327,0.9667704137678506,0.9293706293706294,0.8270868824531517
74.50671530426132,0.9667704137678506,0.9293706293706294,0.8270868824531517
74.51500580334937,0.9667704137678506,0.9293706293706294,0.8270868824531517
74.5232963024374,0.9667704137678506,0.9293706293706294,0.8270868824531517
74.53158680152545,0.9667704137678506,0.9293706293706294,0.8270868824531517
74.5398773006135,0.9667704137678506,0.9293706293706294,0.8270868824531517
74.54816779970155,0.9667704137678506,0.9293706293706294,0.8270868824531517
74.5564582987896,0.9668161845477847,0.9295454545454546,0.8270868824531517
74.56474879787763,0.9668619553277188,0.9297202797202797,0.8270868824531517
74.57303929696567,0.9668619553277188,0.9297202797202797,0.8270868824531517
74.58132979605372,0.9669534968875869,0.9298951048951049,0.8270868824531517
74.58962029514177,0.9669534968875869,0.9298951048951049,0.8270868824531517
74.59791079422982,0.9669534968875869,0.9298951048951049,0.8270868824531517
74.60620129331785,0.9669534968875869,0.9298951048951049,0.8270868824531517
74.6144917924059,0.9669534968875869,0.9298951048951049,0.8270868824531517
74.62278229149395,0.9669992676675211,0.9300699300699301,0.8270868824531517
74.631072790582,0.9669992676675211,0.9300699300699301,0.8270868824531517
74.63936328967004,0.9669992676675211,0.9300699300699301,0.82793867120954
74.64765378875808,0.9669992676675211,0.9300699300699301,0.82793867120954
74.65594428784613,0.9670908092273892,0.9302447552447553,0.82793867120954
74.66423478693417,0.9672738923471256,0.9304195804195804,0.82793867120954
74.67252528602222,0.9672738923471256,0.9304195804195804,0.82793867120954
74.68081578511027,0.9672738923471256,0.9304195804195804,0.82793867120954
74.6891062841983,0.9674569754668619,0.9305944055944056,0.82793867120954
74.69739678328635,0.9674569754668619,0.9305944055944056,0.82793867120954
74.7056872823744,0.9674569754668619,0.9305944055944056,0.82793867120954
74.71397778146245,0.967502746246796,0.9307692307692308,0.82793867120954
74.7222682805505,0.967502746246796,0.9307692307692308,0.82793867120954
74.73055877963853,0.967502746246796,0.9307692307692308,0.82793867120954
74.73884927872658,0.967502746246796,0.9307692307692308,0.82793867120954
74.74713977781462,0.967502746246796,0.9307692307692308,0.82793867120954
74.75543027690267,0.9675942878066642,0.9309440559440559,0.82793867120954
74.76372077599072,0.9676858293665324,0.9311188811188811,0.82793867120954
74.77201127507875,0.9676858293665324,0.9311188811188811,0.82793867120954
74.7803017741668,0.9677316001464665,0.9312937062937063,0.82793867120954
74.78859227325485,0.9677316001464665,0.9312937062937063,0.82793867120954
74.7968827723429,0.9677316001464665,0.9312937062937063,0.82793867120954
74.80517327143095,0.9677316001464665,0.9312937062937063,0.82793867120954
74.81346377051898,0.9677316001464665,0.9312937062937063,0.82793867120954
74.82175426960703,0.9677316001464665,0.9312937062937063,0.82793867120954
74.83004476869507,0.9679146832662029,0.9314685314685315,0.82793867120954
74.83833526778312,0.9679146832662029,0.9314685314685315,0.82793867120954
74.84662576687117,0.9679146832662029,0.9314685314685315,0.82793867120954
74.8549162659592,0.9679146832662029,0.9314685314685315,0.82793867120954
74.86320676504725,0.9679146832662029,0.9314685314685315,0.82793867120954
74.8714972641353,0.967960454046137,0.9316433566433566,0.82793867120954
74.87978776322335,0.967960454046137,0.9316433566433566,0.82793867120954
74.8880782623114,0.967960454046137,0.9316433566433566,0.82793867120954
74.89636876139943,0.967960454046137,0.9316433566433566,0.82793867120954
74.90465926048748,0.967960454046137,0.9316433566433566,0.82793867120954
74.91294975957553,0.967960454046137,0.9316433566433566,0.82793867120954
74.92124025866357,0.967960454046137,0.9316433566433566,0.82793867120954
74.92953075775162,0.967960454046137,0.9316433566433566,0.82793867120954
74.93782125683965,0.968006224826071,0.9318181818181818,0.82793867120954
74.9461117559277,0.9681435371658733,0.931993006993007,0.82793867120954
74.95440225501575,0.9681435371658733,0.931993006993007,0.82793867120954
74.9626927541038,0.9681435371658733,0.931993006993007,0.82793867120954
74.97098325319185,0.9681893079458074,0.9321678321678322,0.8287904599659285
74.97927375227988,0.9682350787257414,0.9323426573426573,0.8287904599659285
74.98756425136793,0.9682350787257414,0.9323426573426573,0.8287904599659285
74.99585475045598,0.9682350787257414,0.9323426573426573,0.8287904599659285
75.00414524954402,0.9682350787257414,0.9323426573426573,0.8287904599659285
75.01243574863207,0.9682350787257414,0.9323426573426573,0.8287904599659285
75.02072624772012,0.9682350787257414,0.9323426573426573,0.8287904599659285
75.02901674680815,0.9682808495056756,0.9325174825174826,0.8287904599659285
75.0373072458962,0.9682808495056756,0.9325174825174826,0.8287904599659285
75.04559774498425,0.9683266202856097,0.9326923076923077,0.8287904599659285
75.0538882440723,0.9683266202856097,0.9326923076923077,0.8287904599659285
75.06217874316035,0.9683266202856097,0.9326923076923077,0.8287904599659285
75.07046924224838,0.9683266202856097,0.9326923076923077,0.8287904599659285
75.07875974133643,0.9683266202856097,0.9326923076923077,0.8287904599659285
75.08705024042447,0.9683266202856097,0.9326923076923077,0.8287904599659285
75.09534073951252,0.968509703405346,0.9328671328671329,0.8287904599659285
75.10363123860057,0.968509703405346,0.9328671328671329,0.8287904599659285
75.1119217376886,0.968509703405346,0.9328671328671329,0.8287904599659285
75.12021223677665,0.968509703405346,0.9328671328671329,0.8287904599659285
75.1285027358647,0.9685554741852801,0.933041958041958,0.8287904599659285
75.13679323495275,0.9685554741852801,0.933041958041958,0.8287904599659285
75.1450837340408,0.9685554741852801,0.933041958041958,0.8287904599659285
75.15337423312883,0.9685554741852801,0.933041958041958,0.8287904599659285
75.16166473221688,0.9685554741852801,0.933041958041958,0.8287904599659285
75.16995523130493,0.9685554741852801,0.933041958041958,0.8287904599659285
75.17824573039297,0.9685554741852801,0.933041958041958,0.8296422487223168
75.18653622948102,0.9685554741852801,0.933041958041958,0.8296422487223168
75.19482672856905,0.9685554741852801,0.933041958041958,0.8296422487223168
75.2031172276571,0.9685554741852801,0.933041958041958,0.8296422487223168
75.21140772674515,0.9686012449652142,0.9332167832167833,0.8296422487223168
75.2196982258332,0.9686012449652142,0.9332167832167833,0.8296422487223168
75.22798872492125,0.9687843280849505,0.9333916083916084,0.8296422487223168
75.23627922400928,0.9687843280849505,0.9333916083916084,0.8296422487223168
75.24456972309733,0.9687843280849505,0.9333916083916084,0.8296422487223168
75.25286022218538,0.9689216404247528,0.9335664335664335,0.8304940374787053
75.26115072127342,0.9689674112046869,0.9337412587412588,0.8304940374787053
75.26944122036147,0.969013181984621,0.9339160839160839,0.8304940374787053
75.2777317194495,0.969013181984621,0.9339160839160839,0.8304940374787053
75.28602221853755,0.969013181984621,0.9339160839160839,0.8304940374787053
75.2943127176256,0.969013181984621,0.9339160839160839,0.8304940374787053
75.30260321671365,0.9691504943244232,0.9340909090909091,0.8304940374787053
75.3108937158017,0.9691504943244232,0.9340909090909091,0.8304940374787053
75.31918421488973,0.9691504943244232,0.9340909090909091,0.8304940374787053
75.32747471397778,0.9691962651043574,0.9342657342657342,0.8304940374787053
75.33576521306583,0.9692878066642255,0.9344405594405595,0.8304940374787053
75.34405571215387,0.9692878066642255,0.9344405594405595,0.8304940374787053
75.35234621124192,0.9692878066642255,0.9344405594405595,0.8304940374787053
75.36063671032996,0.9693335774441596,0.9346153846153846,0.8304940374787053
75.368927209418,0.9693335774441596,0.9346153846153846,0.8313458262350937
75.37721770850605,0.969516660563896,0.9347902097902098,0.8313458262350937
75.3855082075941,0.969516660563896,0.9347902097902098,0.8313458262350937
75.39379870668215,0.969516660563896,0.9347902097902098,0.8313458262350937
75.40208920577018,0.969516660563896,0.9347902097902098,0.8313458262350937
75.41037970485823,0.969516660563896,0.9347902097902098,0.8313458262350937
75.41867020394628,0.969516660563896,0.9347902097902098,0.8321976149914821
75.42696070303433,0.969516660563896,0.9347902097902098,0.8321976149914821
75.43525120212237,0.9696539729036983,0.9349650349650349,0.8321976149914821
75.4435417012104,0.9696997436836323,0.9351398601398602,0.8321976149914821
75.45183220029845,0.9696997436836323,0.9351398601398602,0.8321976149914821
75.4601226993865,0.9696997436836323,0.9351398601398602,0.8321976149914821
75.46841319847455,0.9696997436836323,0.9351398601398602,0.8321976149914821
75.4767036975626,0.9696997436836323,0.9351398601398602,0.8321976149914821
75.48499419665063,0.9696997436836323,0.9351398601398602,0.8321976149914821
75.49328469573868,0.9696997436836323,0.9351398601398602,0.8321976149914821
75.50157519482673,0.9699285975833029,0.9353146853146853,0.8321976149914821
75.50986569391478,0.9699743683632369,0.9354895104895105,0.8321976149914821
75.51815619300282,0.9699743683632369,0.9354895104895105,0.8321976149914821
75.52644669209086,0.9699743683632369,0.9354895104895105,0.8321976149914821
75.5347371911789,0.9699743683632369,0.9354895104895105,0.8321976149914821
75.54302769026695,0.9699743683632369,0.9354895104895105,0.8321976149914821
75.551318189355,0.9699743683632369,0.9354895104895105,0.8321976149914821
75.55960868844305,0.970020139143171,0.9356643356643357,0.8321976149914821
75.56789918753108,0.970020139143171,0.9356643356643357,0.8321976149914821
75.57618968661913,0.970020139143171,0.9356643356643357,0.8321976149914821
75.58448018570718,0.9701574514829733,0.9358391608391609,0.8321976149914821
75.59277068479523,0.9701574514829733,0.9358391608391609,0.8321976149914821
75.60106118388327,0.9701574514829733,0.9358391608391609,0.8321976149914821
75.60935168297131,0.9701574514829733,0.9358391608391609,0.8321976149914821
75.61764218205936,0.9701574514829733,0.9358391608391609,0.8321976149914821
75.6259326811474,0.9702489930428414,0.936013986013986,0.8321976149914821
75.63422318023545,0.9702489930428414,0.936013986013986,0.8321976149914821
75.6425136793235,0.9702489930428414,0.936013986013986,0.8330494037478705
75.65080417841153,0.9702489930428414,0.936013986013986,0.8330494037478705
75.65909467749958,0.9702489930428414,0.936013986013986,0.8330494037478705
75.66738517658763,0.9702489930428414,0.936013986013986,0.8330494037478705
75.67567567567568,0.9702489930428414,0.936013986013986,0.8330494037478705
75.68396617476373,0.9702489930428414,0.936013986013986,0.8330494037478705
75.69225667385176,0.9702489930428414,0.936013986013986,0.8330494037478705
75.7005471729398,0.9702947638227756,0.9361888111888111,0.8330494037478705
75.70883767202785,0.9702947638227756,0.9361888111888111,0.8330494037478705
75.7171281711159,0.9702947638227756,0.9361888111888111,0.8330494037478705
75.72541867020395,0.9702947638227756,0.9361888111888111,0.8330494037478705
75.733709169292,0.9702947638227756,0.9361888111888111,0.8330494037478705
75.74199966838003,0.9702947638227756,0.9361888111888111,0.8330494037478705
75.75029016746808,0.9702947638227756,0.9361888111888111,0.8330494037478705
75.75858066655613,0.9703405346027096,0.9363636363636364,0.8330494037478705
75.76687116564418,0.9703863053826437,0.9365384615384615,0.8330494037478705
75.77516166473222,0.9703863053826437,0.9365384615384615,0.8330494037478705
75.78345216382026,0.9704778469425119,0.9367132867132867,0.8330494037478705
75.7917426629083,0.9704778469425119,0.9367132867132867,0.8330494037478705
75.80003316199635,0.9704778469425119,0.9367132867132867,0.8330494037478705
75.8083236610844,0.9704778469425119,0.9367132867132867,0.8330494037478705
75.81661416017245,0.9706151592823141,0.9368881118881119,0.8330494037478705
75.82490465926048,0.9706151592823141,0.9368881118881119,0.833901192504259
75.83319515834853,0.9706151592823141,0.9368881118881119,0.833901192504259
75.84148565743658,0.9706151592823141,0.9368881118881119,0.833901192504259
75.84977615652463,0.9706151592823141,0.9368881118881119,0.833901192504259
75.85806665561267,0.9706609300622483,0.9370629370629371,0.833901192504259
75.86635715470071,0.9706609300622483,0.9370629370629371,0.833901192504259
75.87464765378876,0.9706609300622483,0.9370629370629371,0.833901192504259
75.8829381528768,0.9707067008421824,0.9372377622377622,0.833901192504259
75.89122865196485,0.9707067008421824,0.9372377622377622,0.833901192504259
75.8995191510529,0.9707067008421824,0.9372377622377622,0.8347529812606473
75.90780965014093,0.9707067008421824,0.9372377622377622,0.8347529812606473
75.91610014922898,0.9707067008421824,0.9372377622377622,0.8356047700170358
75.92439064831703,0.9707524716221164,0.9374125874125874,0.8356047700170358
75.93268114740508,0.9707524716221164,0.9374125874125874,0.8356047700170358
75.94097164649313,0.9707524716221164,0.9374125874125874,0.8356047700170358
75.94926214558116,0.9707524716221164,0.9374125874125874,0.8356047700170358
75.9575526446692,0.9707524716221164,0.9374125874125874,0.8356047700170358
75.96584314375725,0.9707524716221164,0.9374125874125874,0.8356047700170358
75.9741336428453,0.9707524716221164,0.9374125874125874,0.8356047700170358
75.98242414193335,0.9707524716221164,0.9374125874125874,0.8356047700170358
75.99071464102138,0.9707982424020505,0.9375874125874126,0.8356047700170358
75.99900514010943,0.9707982424020505,0.9375874125874126,0.8364565587734242
76.00729563919748,0.9707982424020505,0.9375874125874126,0.8364565587734242
76.01558613828553,0.9708440131819847,0.9377622377622378,0.8364565587734242
76.02387663737358,0.9708440131819847,0.9377622377622378,0.8364565587734242
76.03216713646161,0.9708440131819847,0.9377622377622378,0.8373083475298126
76.04045763554966,0.9708440131819847,0.9377622377622378,0.8373083475298126
76.0487481346377,0.9708440131819847,0.9377622377622378,0.8373083475298126
76.05703863372575,0.9708440131819847,0.9377622377622378,0.838160136286201
76.0653291328138,0.9708440131819847,0.9377622377622378,0.838160136286201
76.07361963190183,0.9708440131819847,0.9377622377622378,0.838160136286201
76.08191013098988,0.9708440131819847,0.9377622377622378,0.838160136286201
76.09020063007793,0.9709813255217868,0.9379370629370629,0.838160136286201
76.09849112916598,0.971027096301721,0.9381118881118881,0.838160136286201
76.10678162825403,0.971027096301721,0.9381118881118881,0.838160136286201
76.11507212734206,0.971027096301721,0.9381118881118881,0.838160136286201
76.12336262643011,0.971027096301721,0.9381118881118881,0.838160136286201
76.13165312551816,0.9710728670816551,0.9382867132867133,0.838160136286201
76.1399436246062,0.9710728670816551,0.9382867132867133,0.838160136286201
76.14823412369425,0.9711186378615891,0.9384615384615385,0.838160136286201
76.15652462278229,0.9711186378615891,0.9384615384615385,0.838160136286201
76.16481512187033,0.9711186378615891,0.9384615384615385,0.838160136286201
76.17310562095838,0.9711186378615891,0.9384615384615385,0.838160136286201
76.18139612004643,0.9711644086415232,0.9386363636363636,0.838160136286201
76.18968661913448,0.9712101794214574,0.9388111888111889,0.838160136286201
76.19797711822251,0.9712101794214574,0.9388111888111889,0.838160136286201
76.20626761731056,0.9713474917612596,0.938986013986014,0.838160136286201
76.2145581163986,0.9713474917612596,0.938986013986014,0.838160136286201
76.22284861548665,0.9713474917612596,0.938986013986014,0.838160136286201
76.2311391145747,0.9713474917612596,0.938986013986014,0.838160136286201
76.23942961366274,0.9713474917612596,0.938986013986014,0.838160136286201
76.24772011275078,0.9713932625411937,0.9391608391608391,0.838160136286201
76.25601061183883,0.9713932625411937,0.9391608391608391,0.838160136286201
76.26430111092688,0.9713932625411937,0.9391608391608391,0.838160136286201
76.27259161001493,0.9713932625411937,0.9391608391608391,0.838160136286201
76.28088210910296,0.9713932625411937,0.9391608391608391,0.838160136286201
76.28917260819101,0.9713932625411937,0.9391608391608391,0.8390119250425895
76.29746310727906,0.9713932625411937,0.9391608391608391,0.8390119250425895
76.3057536063671,0.9713932625411937,0.9391608391608391,0.8390119250425895
76.31404410545515,0.9713932625411937,0.9391608391608391,0.8390119250425895
76.32233460454319,0.9713932625411937,0.9391608391608391,0.8390119250425895
76.33062510363123,0.9715305748809959,0.9393356643356643,0.8390119250425895
76.33891560271928,0.9715305748809959,0.9393356643356643,0.8390119250425895
76.34720610180733,0.9715763456609301,0.9395104895104895,0.8390119250425895
76.35549660089538,0.9715763456609301,0.9395104895104895,0.8390119250425895
76.36378709998341,0.9715763456609301,0.9395104895104895,0.8390119250425895
76.37207759907146,0.9715763456609301,0.9395104895104895,0.8390119250425895
76.38036809815951,0.9715763456609301,0.9395104895104895,0.8398637137989778
76.38865859724756,0.9716221164408642,0.9396853146853147,0.8398637137989778
76.3969490963356,0.9716221164408642,0.9396853146853147,0.8398637137989778
76.40523959542364,0.9716678872207982,0.9398601398601398,0.8398637137989778
76.41353009451169,0.9716678872207982,0.9398601398601398,0.8398637137989778
76.42182059359973,0.9716678872207982,0.9398601398601398,0.8398637137989778
76.43011109268778,0.9716678872207982,0.9398601398601398,0.8398637137989778
76.43840159177583,0.9716678872207982,0.9398601398601398,0.8398637137989778
76.44669209086388,0.9716678872207982,0.9398601398601398,0.8398637137989778
76.45498258995191,0.9716678872207982,0.9398601398601398,0.8398637137989778
76.46327308903996,0.9717136580007323,0.9400349650349651,0.8407155025553663
76.471563588128,0.9717136580007323,0.9400349650349651,0.8407155025553663
76.47985408721605,0.9717136580007323,0.9400349650349651,0.8407155025553663
76.4881445863041,0.9717136580007323,0.9400349650349651,0.8407155025553663
76.49643508539214,0.9717594287806665,0.9402097902097902,0.8407155025553663
76.50472558448018,0.9717594287806665,0.9402097902097902,0.8407155025553663
76.51301608356823,0.9717594287806665,0.9402097902097902,0.8407155025553663
76.52130658265628,0.9717594287806665,0.9402097902097902,0.8407155025553663
76.52959708174433,0.9717594287806665,0.9402097902097902,0.8407155025553663
76.53788758083236,0.9717594287806665,0.9402097902097902,0.8415672913117547
76.54617807992041,0.9719425119004028,0.9403846153846154,0.8415672913117547
76.55446857900846,0.9719425119004028,0.9403846153846154,0.8415672913117547
76.5627590780965,0.9719425119004028,0.9403846153846154,0.8415672913117547
76.57104957718455,0.9719425119004028,0.9403846153846154,0.8415672913117547
76.57934007627259,0.9719425119004028,0.9403846153846154,0.8415672913117547
76.58763057536063,0.9719882826803369,0.9405594405594405,0.8415672913117547
76.59592107444868,0.9719882826803369,0.9405594405594405,0.8415672913117547
76.60421157353673,0.9719882826803369,0.9405594405594405,0.8415672913117547
76.61250207262478,0.9720340534602709,0.9407342657342658,0.8424190800681431
76.62079257171281,0.972079824240205,0.9409090909090909,0.8424190800681431
76.62908307080086,0.9722171365800073,0.9410839160839161,0.8432708688245315
76.63737356988891,0.9722171365800073,0.9410839160839161,0.8432708688245315
76.64566406897696,0.9722171365800073,0.9410839160839161,0.8432708688245315
76.653954568065,0.9722171365800073,0.9410839160839161,0.8432708688245315
76.66224506715304,0.9722171365800073,0.9410839160839161,0.8432708688245315
76.67053556624109,0.9722171365800073,0.9410839160839161,0.8432708688245315
76.67882606532913,0.9722171365800073,0.9410839160839161,0.8432708688245315
76.68711656441718,0.9722171365800073,0.9410839160839161,0.8432708688245315
76.69540706350523,0.9722171365800073,0.9410839160839161,0.8432708688245315
76.70369756259326,0.9722171365800073,0.9410839160839161,0.8432708688245315
76.71198806168131,0.9722629073599414,0.9412587412587412,0.8432708688245315
76.72027856076936,0.9723544489198096,0.9414335664335665,0.8432708688245315
76.7285690598574,0.9723544489198096,0.9414335664335665,0.8432708688245315
76.73685955894545,0.9724002196997437,0.9416083916083916,0.8432708688245315
76.74515005803349,0.9724002196997437,0.9416083916083916,0.84412265758092
76.75344055712154,0.9724002196997437,0.9416083916083916,0.84412265758092
76.76173105620958,0.9724002196997437,0.9416083916083916,0.84412265758092
76.77002155529763,0.9724459904796777,0.9417832167832167,0.84412265758092
76.77831205438568,0.9724459904796777,0.9417832167832167,0.84412265758092
76.78660255347371,0.9724459904796777,0.9417832167832167,0.84412265758092
76.79489305256176,0.9724459904796777,0.9417832167832167,0.84412265758092
76.80318355164981,0.9724459904796777,0.9417832167832167,0.84412265758092
76.81147405073786,0.9724459904796777,0.9417832167832167,0.84412265758092
76.8197645498259,0.9724459904796777,0.9417832167832167,0.84412265758092
76.82805504891394,0.9724459904796777,0.9417832167832167,0.84412265758092
76.83634554800199,0.97258330281948,0.941958041958042,0.84412265758092
76.84463604709003,0.9726290735994141,0.9421328671328671,0.84412265758092
76.85292654617808,0.9726290735994141,0.9421328671328671,0.84412265758092
76.86121704526613,0.9726290735994141,0.9421328671328671,0.84412265758092
76.86950754435416,0.9726748443793483,0.9423076923076923,0.84412265758092
76.87779804344221,0.9726748443793483,0.9423076923076923,0.84412265758092
76.88608854253026,0.9726748443793483,0.9423076923076923,0.84412265758092
76.89437904161831,0.9726748443793483,0.9423076923076923,0.84412265758092
76.90266954070636,0.9726748443793483,0.9423076923076923,0.84412265758092
76.91096003979439,0.9726748443793483,0.9423076923076923,0.84412265758092
76.91925053888244,0.9726748443793483,0.9423076923076923,0.84412265758092
76.92754103797049,0.9726748443793483,0.9423076923076923,0.84412265758092
76.93583153705853,0.9726748443793483,0.9423076923076923,0.8449744463373083
76.94412203614658,0.9726748443793483,0.9423076923076923,0.8449744463373083
76.95241253523461,0.9726748443793483,0.9423076923076923,0.8449744463373083
76.96070303432266,0.9727206151592823,0.9424825174825174,0.8449744463373083
76.96899353341071,0.9727206151592823,0.9424825174825174,0.8449744463373083
76.97728403249876,0.9727206151592823,0.9424825174825174,0.8449744463373083
76.9855745315868,0.9727206151592823,0.9424825174825174,0.8449744463373083
76.99386503067484,0.9727206151592823,0.9424825174825174,0.8449744463373083
77.00215552976289,0.9727206151592823,0.9424825174825174,0.8449744463373083
77.01044602885094,0.9727206151592823,0.9424825174825174,0.8449744463373083
77.01873652793898,0.9727206151592823,0.9424825174825174,0.8449744463373083
77.02702702702703,0.9728121567191504,0.9426573426573427,0.8449744463373083
77.03531752611507,0.9729036982790187,0.9428321678321678,0.8449744463373083
77.04360802520311,0.9729036982790187,0.9428321678321678,0.8449744463373083
77.05189852429116,0.9729036982790187,0.9428321678321678,0.8449744463373083
77.06018902337921,0.9729036982790187,0.9428321678321678,0.8449744463373083
77.06847952246726,0.9729036982790187,0.9428321678321678,0.8449744463373083
77.07677002155529,0.9729036982790187,0.9428321678321678,0.8449744463373083
77.08506052064334,0.9729036982790187,0.9428321678321678,0.8449744463373083
77.09335101973139,0.9729036982790187,0.9428321678321678,0.8458262350936968
77.10164151881943,0.9729036982790187,0.9428321678321678,0.8458262350936968
77.10993201790748,0.9729036982790187,0.9428321678321678,0.8458262350936968
77.11822251699553,0.9729036982790187,0.9428321678321678,0.8458262350936968
77.12651301608356,0.9729036982790187,0.9428321678321678,0.8458262350936968
77.13480351517161,0.9729036982790187,0.9428321678321678,0.8458262350936968
77.14309401425966,0.973041010618821,0.943006993006993,0.8458262350936968
77.15138451334771,0.973041010618821,0.943006993006993,0.8458262350936968
77.15967501243576,0.973041010618821,0.943006993006993,0.8466780238500852
77.16796551152379,0.973086781398755,0.9431818181818182,0.8466780238500852
77.17625601061184,0.973086781398755,0.9431818181818182,0.8466780238500852
77.18454650969989,0.973086781398755,0.9431818181818182,0.8466780238500852
77.19283700878793,0.973086781398755,0.9431818181818182,0.8466780238500852
77.20112750787598,0.973086781398755,0.9431818181818182,0.8466780238500852
77.20941800696401,0.973086781398755,0.9431818181818182,0.8466780238500852
77.21770850605206,0.9731325521786891,0.9433566433566434,0.8466780238500852
77.22599900514011,0.9731325521786891,0.9433566433566434,0.8466780238500852
77.23428950422816,0.9731325521786891,0.9433566433566434,0.8466780238500852
77.2425800033162,0.9731325521786891,0.9433566433566434,0.8466780238500852
77.25087050240424,0.9731325521786891,0.9433566433566434,0.8466780238500852
77.25916100149229,0.9731325521786891,0.9433566433566434,0.8466780238500852
77.26745150058034,0.9731325521786891,0.9433566433566434,0.8466780238500852
77.27574199966838,0.9731325521786891,0.9433566433566434,0.8466780238500852
77.28403249875643,0.9731325521786891,0.9433566433566434,0.8475298126064736
77.29232299784447,0.9731325521786891,0.9433566433566434,0.8475298126064736
77.30061349693251,0.9731325521786891,0.9433566433566434,0.8475298126064736
77.30890399602056,0.9731325521786891,0.9433566433566434,0.8475298126064736
77.31719449510861,0.9731325521786891,0.9433566433566434,0.8475298126064736
77.32548499419666,0.9731325521786891,0.9433566433566434,0.8475298126064736
77.33377549328469,0.9731783229586232,0.9435314685314685,0.8475298126064736
77.34206599237274,0.9731783229586232,0.9435314685314685,0.8475298126064736
77.35035649146079,0.9732240937385573,0.9437062937062937,0.8475298126064736
77.35864699054883,0.9732240937385573,0.9437062937062937,0.8475298126064736
77.36693748963688,0.9732240937385573,0.9437062937062937,0.8475298126064736
77.37522798872492,0.9735444891980959,0.9438811188811189,0.8475298126064736
77.38351848781296,0.9735444891980959,0.9438811188811189,0.8475298126064736
77.39180898690101,0.9735444891980959,0.9438811188811189,0.8475298126064736
77.40009948598906,0.9737733430977664,0.9440559440559441,0.848381601362862
77.40838998507711,0.9738648846576345,0.9442307692307692,0.848381601362862
77.41668048416514,0.9738648846576345,0.9442307692307692,0.848381601362862
77.42497098325319,0.9738648846576345,0.9442307692307692,0.848381601362862
77.43326148234124,0.9739564262175028,0.9444055944055944,0.848381601362862
77.44155198142928,0.9739564262175028,0.9444055944055944,0.848381601362862
77.44984248051733,0.9739564262175028,0.9444055944055944,0.848381601362862
77.45813297960537,0.9739564262175028,0.9444055944055944,0.848381601362862
77.46642347869341,0.9739564262175028,0.9444055944055944,0.848381601362862
77.47471397778146,0.9739564262175028,0.9444055944055944,0.848381601362862
77.48300447686951,0.9739564262175028,0.9444055944055944,0.848381601362862
77.49129497595756,0.9739564262175028,0.9444055944055944,0.848381601362862
77.49958547504559,0.9739564262175028,0.9444055944055944,0.848381601362862
77.50787597413364,0.9739564262175028,0.9444055944055944,0.848381601362862
77.51616647322169,0.9739564262175028,0.9444055944055944,0.848381601362862
77.52445697230974,0.9739564262175028,0.9444055944055944,0.848381601362862
77.53274747139778,0.9739564262175028,0.9444055944055944,0.848381601362862
77.54103797048582,0.9739564262175028,0.9444055944055944,0.848381601362862
77.54932846957387,0.9739564262175028,0.9444055944055944,0.848381601362862
77.55761896866191,0.9739564262175028,0.9444055944055944,0.848381601362862
77.56590946774996,0.9739564262175028,0.9444055944055944,0.848381601362862
77.57419996683801,0.9740021969974368,0.9445804195804196,0.848381601362862
77.58249046592604,0.9740021969974368,0.9445804195804196,0.848381601362862
77.59078096501409,0.9740021969974368,0.9445804195804196,0.848381601362862
77.59907146410214,0.9741852801171732,0.9447552447552447,0.848381601362862
77.60736196319019,0.9741852801171732,0.9447552447552447,0.848381601362862
77.61565246227823,0.9741852801171732,0.9447552447552447,0.8492333901192505
77.62394296136627,0.9741852801171732,0.9447552447552447,0.8492333901192505
77.63223346045432,0.9741852801171732,0.9447552447552447,0.8492333901192505
77.64052395954236,0.9741852801171732,0.9447552447552447,0.8492333901192505
77.64881445863041,0.9741852801171732,0.9447552447552447,0.8492333901192505
77.65710495771846,0.9741852801171732,0.9447552447552447,0.8492333901192505
77.6653954568065,0.9741852801171732,0.9447552447552447,0.8492333901192505
77.67368595589454,0.9741852801171732,0.9447552447552447,0.8492333901192505
77.68197645498259,0.9741852801171732,0.9447552447552447,0.8492333901192505
77.69026695407064,0.9741852801171732,0.9447552447552447,0.8492333901192505
77.69855745315868,0.9741852801171732,0.9447552447552447,0.8492333901192505
77.70684795224672,0.9741852801171732,0.9447552447552447,0.8492333901192505
77.71513845133477,0.9741852801171732,0.9447552447552447,0.8492333901192505
77.72342895042281,0.9741852801171732,0.9447552447552447,0.8492333901192505
77.73171944951086,0.9741852801171732,0.9447552447552447,0.8500851788756388
77.74000994859891,0.9741852801171732,0.9447552447552447,0.8500851788756388
77.74830044768694,0.9741852801171732,0.9447552447552447,0.8500851788756388
77.75659094677499,0.9741852801171732,0.9447552447552447,0.8500851788756388
77.76488144586304,0.9741852801171732,0.9447552447552447,0.8500851788756388
77.77317194495109,0.9741852801171732,0.9447552447552447,0.8500851788756388
77.78146244403914,0.9741852801171732,0.9447552447552447,0.8509369676320273
77.78975294312717,0.9741852801171732,0.9447552447552447,0.8509369676320273
77.79804344221522,0.9741852801171732,0.9447552447552447,0.8509369676320273
77.80633394130327,0.9741852801171732,0.9447552447552447,0.8509369676320273
77.81462444039131,0.9741852801171732,0.9447552447552447,0.8509369676320273
77.82291493947936,0.9741852801171732,0.9447552447552447,0.8509369676320273
77.83120543856741,0.9741852801171732,0.9447552447552447,0.8509369676320273
77.83949593765544,0.9741852801171732,0.9447552447552447,0.8509369676320273
77.84778643674349,0.9741852801171732,0.9447552447552447,0.8509369676320273
77.85607693583154,0.9741852801171732,0.9447552447552447,0.8509369676320273
77.86436743491959,0.9741852801171732,0.9447552447552447,0.8509369676320273
77.87265793400763,0.9741852801171732,0.9447552447552447,0.8509369676320273
77.88094843309567,0.9742310508971073,0.9449300699300699,0.8509369676320273
77.88923893218372,0.9742310508971073,0.9449300699300699,0.8509369676320273
77.89752943127176,0.9742310508971073,0.9449300699300699,0.8509369676320273
77.90581993035981,0.9742310508971073,0.9449300699300699,0.8517887563884157
77.91411042944786,0.9742310508971073,0.9449300699300699,0.8517887563884157
77.9224009285359,0.9742310508971073,0.9449300699300699,0.8517887563884157
77.93069142762394,0.9742310508971073,0.9449300699300699,0.8517887563884157
77.93898192671199,0.9742310508971073,0.9449300699300699,0.8526405451448041
77.94727242580004,0.9744599047967777,0.9451048951048951,0.8526405451448041
77.95556292488808,0.9744599047967777,0.9451048951048951,0.8526405451448041
77.96385342397612,0.9745514463566459,0.9452797202797203,0.8526405451448041
77.97214392306417,0.97459721713658,0.9454545454545454,0.8526405451448041
77.98043442215221,0.97459721713658,0.9454545454545454,0.8526405451448041
77.98872492124026,0.97459721713658,0.9454545454545454,0.8526405451448041
77.99701542032831,0.97459721713658,0.9454545454545454,0.8526405451448041
78.00530591941634,0.97459721713658,0.9454545454545454,0.8526405451448041
78.01359641850439,0.97459721713658,0.9454545454545454,0.8526405451448041
78.02188691759244,0.97459721713658,0.9454545454545454,0.8526405451448041
78.03017741668049,0.974642987916514,0.9456293706293706,0.8534923339011925
78.03846791576854,0.974642987916514,0.9456293706293706,0.8534923339011925
78.04675841485657,0.974642987916514,0.9456293706293706,0.8534923339011925
78.05504891394462,0.974642987916514,0.9456293706293706,0.8534923339011925
78.06333941303266,0.974642987916514,0.9456293706293706,0.8534923339011925
78.07162991212071,0.974642987916514,0.9456293706293706,0.8534923339011925
78.07992041120876,0.974642987916514,0.9456293706293706,0.8534923339011925
78.0882109102968,0.9747345294763823,0.9458041958041958,0.8534923339011925
78.09650140938484,0.9747345294763823,0.9458041958041958,0.8534923339011925
78.10479190847289,0.9748718418161846,0.945979020979021,0.8534923339011925
78.11308240756094,0.9748718418161846,0.945979020979021,0.8534923339011925
78.12137290664899,0.9748718418161846,0.945979020979021,0.8534923339011925
78.12966340573702,0.9750549249359209,0.9461538461538461,0.8534923339011925
78.13795390482507,0.975100695715855,0.9463286713286714,0.8534923339011925
78.14624440391312,0.9751464664957891,0.9465034965034965,0.8534923339011925
78.15453490300116,0.9754210911753937,0.9466783216783217,0.8534923339011925
78.16282540208921,0.9754210911753937,0.9466783216783217,0.8534923339011925
78.17111590117725,0.9754210911753937,0.9466783216783217,0.8534923339011925
78.1794064002653,0.9754210911753937,0.9466783216783217,0.8534923339011925
78.18769689935334,0.9754210911753937,0.9466783216783217,0.8534923339011925
78.19598739844139,0.9754210911753937,0.9466783216783217,0.8534923339011925
78.20427789752944,0.9754668619553277,0.9468531468531468,0.8534923339011925
78.21256839661747,0.9754668619553277,0.9468531468531468,0.8534923339011925
78.22085889570552,0.9754668619553277,0.9468531468531468,0.8534923339011925
78.22914939479357,0.9754668619553277,0.9468531468531468,0.8534923339011925
78.23743989388161,0.9755126327352618,0.9470279720279721,0.8534923339011925
78.24573039296966,0.9755126327352618,0.9470279720279721,0.8534923339011925
78.2540208920577,0.9755126327352618,0.9470279720279721,0.8534923339011925
78.26231139114574,0.9755126327352618,0.9470279720279721,0.8534923339011925
78.27060189023379,0.9755126327352618,0.9470279720279721,0.8534923339011925
78.27889238932184,0.9755126327352618,0.9470279720279721,0.8534923339011925
78.28718288840989,0.9755584035151958,0.9472027972027972,0.8534923339011925
78.29547338749792,0.9755584035151958,0.9472027972027972,0.8534923339011925
78.30376388658597,0.9755584035151958,0.9472027972027972,0.8534923339011925
78.31205438567402,0.9755584035151958,0.9472027972027972,0.8534923339011925
78.32034488476206,0.9755584035151958,0.9472027972027972,0.8534923339011925
78.32863538385011,0.9755584035151958,0.9472027972027972,0.8534923339011925
78.33692588293815,0.9755584035151958,0.9472027972027972,0.8534923339011925
78.3452163820262,0.9755584035151958,0.9472027972027972,0.8534923339011925
78.35350688111424,0.97560417429513,0.9473776223776224,0.8534923339011925
78.36179738020229,0.97560417429513,0.9473776223776224,0.8534923339011925
78.37008787929034,0.97560417429513,0.9473776223776224,0.8534923339011925
78.37837837837837,0.97560417429513,0.9473776223776224,0.8534923339011925
78.38666887746642,0.97560417429513,0.9473776223776224,0.8534923339011925
78.39495937655447,0.9756499450750641,0.9475524475524476,0.8534923339011925
78.40324987564252,0.9756499450750641,0.9475524475524476,0.854344122657581
78.41154037473056,0.9756499450750641,0.9475524475524476,0.854344122657581
78.4198308738186,0.9756499450750641,0.9475524475524476,0.854344122657581
78.42812137290665,0.9756499450750641,0.9475524475524476,0.854344122657581
78.4364118719947,0.9757414866349322,0.9477272727272728,0.8551959114139693
78.44470237108274,0.9757414866349322,0.9477272727272728,0.8551959114139693
78.45299287017079,0.9757872574148664,0.9479020979020979,0.8551959114139693
78.46128336925882,0.9757872574148664,0.9479020979020979,0.8551959114139693
78.46957386834687,0.9757872574148664,0.9479020979020979,0.8551959114139693
78.47786436743492,0.9758330281948004,0.948076923076923,0.8551959114139693
78.48615486652297,0.9758330281948004,0.948076923076923,0.8551959114139693
78.49444536561101,0.9758330281948004,0.948076923076923,0.8551959114139693
78.50273586469905,0.9759245697546686,0.9482517482517483,0.8551959114139693
78.5110263637871,0.9759703405346027,0.9484265734265734,0.8551959114139693
78.51931686287514,0.9760161113145368,0.9486013986013986,0.8551959114139693
78.52760736196319,0.9760161113145368,0.9486013986013986,0.8551959114139693
78.53589786105124,0.9760161113145368,0.9486013986013986,0.8551959114139693
78.54418836013929,0.9761991944342732,0.9487762237762237,0.8551959114139693
78.55247885922732,0.9762907359941413,0.948951048951049,0.8551959114139693
78.56076935831537,0.9762907359941413,0.948951048951049,0.8551959114139693
78.56905985740342,0.9762907359941413,0.948951048951049,0.8551959114139693
78.57735035649146,0.9762907359941413,0.948951048951049,0.8551959114139693
78.58564085557951,0.9765195898938118,0.9491258741258741,0.8551959114139693
78.59393135466755,0.9765195898938118,0.9491258741258741,0.8551959114139693
78.6022218537556,0.9765195898938118,0.9491258741258741,0.8551959114139693
78.61051235284364,0.9765195898938118,0.9491258741258741,0.8551959114139693
78.61880285193169,0.9765195898938118,0.9491258741258741,0.8551959114139693
78.62709335101974,0.9767026730135482,0.9493006993006993,0.8551959114139693
78.63538385010777,0.9767026730135482,0.9493006993006993,0.8551959114139693
78.64367434919582,0.9767484437934822,0.9494755244755245,0.8551959114139693
78.65196484828387,0.9767484437934822,0.9494755244755245,0.8551959114139693
78.66025534737192,0.9767484437934822,0.9494755244755245,0.8551959114139693
78.66854584645996,0.9767484437934822,0.9494755244755245,0.8551959114139693
78.676836345548,0.9767484437934822,0.9494755244755245,0.8551959114139693
78.68512684463605,0.9767484437934822,0.9494755244755245,0.8551959114139693
78.6934173437241,0.9767484437934822,0.9494755244755245,0.8551959114139693
78.70170784281214,0.9767484437934822,0.9494755244755245,0.8551959114139693
78.70999834190019,0.9767484437934822,0.9494755244755245,0.8551959114139693
78.71828884098822,0.9767484437934822,0.9494755244755245,0.8551959114139693
78.72657934007627,0.9767484437934822,0.9494755244755245,0.8551959114139693
78.73486983916432,0.9767484437934822,0.9494755244755245,0.8551959114139693
78.74316033825237,0.9768857561332845,0.9496503496503497,0.8551959114139693
78.75145083734041,0.9768857561332845,0.9496503496503497,0.8551959114139693
78.75974133642845,0.9768857561332845,0.9496503496503497,0.8551959114139693
78.7680318355165,0.9768857561332845,0.9496503496503497,0.8551959114139693
78.77632233460454,0.9768857561332845,0.9496503496503497,0.8551959114139693
78.78461283369259,0.9768857561332845,0.9496503496503497,0.8551959114139693
78.79290333278064,0.9768857561332845,0.9496503496503497,0.8551959114139693
78.80119383186867,0.9768857561332845,0.9496503496503497,0.8551959114139693
78.80948433095672,0.9768857561332845,0.9496503496503497,0.8551959114139693
78.81777483004477,0.9768857561332845,0.9496503496503497,0.8560477001703578
78.82606532913282,0.9768857561332845,0.9496503496503497,0.8560477001703578
78.83435582822086,0.9768857561332845,0.9496503496503497,0.8560477001703578
78.8426463273089,0.9768857561332845,0.9496503496503497,0.8560477001703578
78.85093682639695,0.9768857561332845,0.9496503496503497,0.8560477001703578
78.859227325485,0.9768857561332845,0.9496503496503497,0.8560477001703578
78.86751782457304,0.9768857561332845,0.9496503496503497,0.8560477001703578
78.87580832366109,0.9769772976931527,0.9498251748251748,0.8560477001703578
78.88409882274912,0.9769772976931527,0.9498251748251748,0.8560477001703578
78.89238932183717,0.9769772976931527,0.9498251748251748,0.8560477001703578
78.90067982092522,0.9769772976931527,0.9498251748251748,0.8560477001703578
78.90897032001327,0.9770230684730867,0.95,0.8560477001703578
78.91726081910132,0.9770230684730867,0.95,0.8568994889267462
78.92555131818935,0.9770688392530209,0.9501748251748252,0.8568994889267462
78.9338418172774,0.9770688392530209,0.9501748251748252,0.8568994889267462
78.94213231636544,0.9770688392530209,0.9501748251748252,0.8568994889267462
78.95042281545349,0.977160380812889,0.9503496503496504,0.8568994889267462
78.95871331454154,0.977160380812889,0.9503496503496504,0.8568994889267462
78.96700381362957,0.977160380812889,0.9503496503496504,0.8568994889267462
78.97529431271762,0.9772519223727573,0.9505244755244755,0.8568994889267462
78.98358481180567,0.9772519223727573,0.9505244755244755,0.8568994889267462
78.99187531089372,0.9772519223727573,0.9505244755244755,0.8568994889267462
79.00016580998177,0.9772519223727573,0.9505244755244755,0.8568994889267462
79.0084563090698,0.9772519223727573,0.9505244755244755,0.8568994889267462
79.01674680815785,0.9772519223727573,0.9505244755244755,0.8568994889267462
79.0250373072459,0.9772519223727573,0.9505244755244755,0.8577512776831345
79.03332780633394,0.9772519223727573,0.9505244755244755,0.8577512776831345
79.04161830542199,0.9772519223727573,0.9505244755244755,0.8577512776831345
79.04990880451003,0.9772519223727573,0.9505244755244755,0.8577512776831345
79.05819930359807,0.9772519223727573,0.9505244755244755,0.8577512776831345
79.06648980268612,0.9772519223727573,0.9505244755244755,0.8577512776831345
79.07478030177417,0.9772519223727573,0.9505244755244755,0.8577512776831345
79.08307080086222,0.9772519223727573,0.9505244755244755,0.8577512776831345
79.09136129995025,0.9772519223727573,0.9505244755244755,0.8577512776831345
79.0996517990383,0.9772519223727573,0.9505244755244755,0.8577512776831345
79.10794229812635,0.9772519223727573,0.9505244755244755,0.8577512776831345
79.1162327972144,0.9772519223727573,0.9505244755244755,0.8577512776831345
79.12452329630244,0.9772519223727573,0.9505244755244755,0.8577512776831345
79.13281379539048,0.9772519223727573,0.9505244755244755,0.8577512776831345
79.14110429447852,0.9772519223727573,0.9505244755244755,0.8577512776831345
79.14939479356657,0.9772519223727573,0.9505244755244755,0.8577512776831345
79.15768529265462,0.9773434639326254,0.9506993006993008,0.8577512776831345
79.16597579174267,0.9773434639326254,0.9506993006993008,0.8577512776831345
79.1742662908307,0.9773434639326254,0.9506993006993008,0.8577512776831345
79.18255678991875,0.9773434639326254,0.9506993006993008,0.8577512776831345
79.1908472890068,0.9773434639326254,0.9506993006993008,0.8577512776831345
79.19913778809484,0.9774807762724277,0.9508741258741259,0.8577512776831345
79.20742828718289,0.9774807762724277,0.9508741258741259,0.8577512776831345
79.21571878627093,0.9774807762724277,0.9508741258741259,0.8577512776831345
79.22400928535897,0.9775265470523617,0.951048951048951,0.858603066439523
79.23229978444702,0.9775265470523617,0.951048951048951,0.858603066439523
79.24059028353507,0.9775265470523617,0.951048951048951,0.858603066439523
79.24888078262312,0.9775265470523617,0.951048951048951,0.858603066439523
79.25717128171117,0.9775265470523617,0.951048951048951,0.858603066439523
79.2654617807992,0.9775265470523617,0.951048951048951,0.858603066439523
79.27375227988725,0.9775265470523617,0.951048951048951,0.858603066439523
79.2820427789753,0.9777096301720981,0.9512237762237762,0.858603066439523
79.29033327806334,0.9777096301720981,0.9512237762237762,0.858603066439523
79.29862377715139,0.9777096301720981,0.9512237762237762,0.858603066439523
79.30691427623943,0.9777096301720981,0.9512237762237762,0.858603066439523
79.31520477532747,0.9777096301720981,0.9512237762237762,0.858603066439523
79.32349527441552,0.9777096301720981,0.9512237762237762,0.858603066439523
79.33178577350357,0.9777096301720981,0.9512237762237762,0.858603066439523
79.34007627259162,0.9777096301720981,0.9512237762237762,0.858603066439523
79.34836677167965,0.9777554009520322,0.9513986013986014,0.858603066439523
79.3566572707677,0.9778469425119004,0.9515734265734266,0.858603066439523
79.36494776985575,0.9778469425119004,0.9515734265734266,0.858603066439523
79.3732382689438,0.9780757964115708,0.9517482517482517,0.858603066439523
79.38152876803184,0.9780757964115708,0.9517482517482517,0.858603066439523
79.38981926711988,0.9781215671915049,0.9519230769230769,0.8594548551959114
79.39810976620792,0.9781215671915049,0.9519230769230769,0.8594548551959114
79.40640026529597,0.9781215671915049,0.9519230769230769,0.8594548551959114
79.41469076438402,0.9781215671915049,0.9519230769230769,0.8594548551959114
79.42298126347207,0.9781215671915049,0.9519230769230769,0.8594548551959114
79.4312717625601,0.9781215671915049,0.9519230769230769,0.8594548551959114
79.43956226164815,0.9781673379714391,0.9520979020979021,0.8594548551959114
79.4478527607362,0.9781673379714391,0.9520979020979021,0.8594548551959114
79.45614325982424,0.9781673379714391,0.9520979020979021,0.8603066439522998
79.46443375891229,0.9783046503112413,0.9522727272727273,0.8603066439522998
79.47272425800033,0.9783046503112413,0.9522727272727273,0.8603066439522998
79.48101475708837,0.9783046503112413,0.9522727272727273,0.8603066439522998
79.48930525617642,0.9783046503112413,0.9522727272727273,0.8603066439522998
79.49759575526447,0.9783046503112413,0.9522727272727273,0.8603066439522998
79.50588625435252,0.9783046503112413,0.9522727272727273,0.8603066439522998
79.51417675344055,0.9783046503112413,0.9522727272727273,0.8603066439522998
79.5224672525286,0.9783046503112413,0.9522727272727273,0.8603066439522998
79.53075775161665,0.9783046503112413,0.9522727272727273,0.8603066439522998
79.5390482507047,0.9783046503112413,0.9522727272727273,0.8603066439522998
79.54733874979274,0.9783504210911754,0.9524475524475524,0.8603066439522998
79.55562924888078,0.9783504210911754,0.9524475524475524,0.8603066439522998
79.56391974796882,0.9783961918711095,0.9526223776223777,0.8603066439522998
79.57221024705687,0.9783961918711095,0.9526223776223777,0.8603066439522998
79.58050074614492,0.9784877334309776,0.9527972027972028,0.8603066439522998
79.58879124523297,0.9785335042109118,0.952972027972028,0.8603066439522998
79.597081744321,0.9785792749908458,0.9531468531468531,0.8603066439522998
79.60537224340905,0.9785792749908458,0.9531468531468531,0.8611584327086882
79.6136627424971,0.9785792749908458,0.9531468531468531,0.8611584327086882
79.62195324158515,0.9785792749908458,0.9531468531468531,0.8611584327086882
79.6302437406732,0.9785792749908458,0.9531468531468531,0.8611584327086882
79.63853423976123,0.978670816550714,0.9533216783216784,0.8611584327086882
79.64682473884928,0.978670816550714,0.9533216783216784,0.8611584327086882
79.65511523793732,0.978670816550714,0.9533216783216784,0.8611584327086882
79.66340573702537,0.978670816550714,0.9533216783216784,0.8611584327086882
79.67169623611342,0.978670816550714,0.9533216783216784,0.8611584327086882
79.67998673520145,0.978670816550714,0.9533216783216784,0.8620102214650767
79.6882772342895,0.978670816550714,0.9533216783216784,0.8620102214650767
79.69656773337755,0.978670816550714,0.9533216783216784,0.8620102214650767
79.7048582324656,0.978670816550714,0.9533216783216784,0.8620102214650767
79.71314873155364,0.978670816550714,0.9533216783216784,0.8620102214650767
79.72143923064168,0.978670816550714,0.9533216783216784,0.8620102214650767
79.72972972972973,0.978670816550714,0.9533216783216784,0.8620102214650767
79.73802022881777,0.978670816550714,0.9533216783216784,0.8620102214650767
79.74631072790582,0.978670816550714,0.9533216783216784,0.8620102214650767
79.75460122699387,0.978670816550714,0.9533216783216784,0.8620102214650767
79.7628917260819,0.9788996704503845,0.9534965034965035,0.8620102214650767
79.77118222516995,0.9788996704503845,0.9534965034965035,0.8620102214650767
79.779472724258,0.9789454412303186,0.9536713286713286,0.8620102214650767
79.78776322334605,0.9789454412303186,0.9536713286713286,0.8620102214650767
79.7960537224341,0.9789454412303186,0.9536713286713286,0.8620102214650767
79.80434422152213,0.9789454412303186,0.9536713286713286,0.8620102214650767
79.81263472061018,0.9789454412303186,0.9536713286713286,0.8620102214650767
79.82092521969822,0.9789454412303186,0.9536713286713286,0.8620102214650767
79.82921571878627,0.9789454412303186,0.9536713286713286,0.8620102214650767
79.83750621787432,0.9789454412303186,0.9536713286713286,0.8620102214650767
79.84579671696235,0.9790369827901867,0.9538461538461539,0.8620102214650767
79.8540872160504,0.9790369827901867,0.9538461538461539,0.8620102214650767
79.86237771513845,0.9790827535701209,0.954020979020979,0.8620102214650767
79.8706682142265,0.9790827535701209,0.954020979020979,0.8620102214650767
79.87895871331455,0.9790827535701209,0.954020979020979,0.8620102214650767
79.88724921240258,0.9790827535701209,0.954020979020979,0.8620102214650767
79.89553971149063,0.9790827535701209,0.954020979020979,0.8620102214650767
79.90383021057868,0.9790827535701209,0.954020979020979,0.8620102214650767
79.91212070966672,0.9790827535701209,0.954020979020979,0.8620102214650767
79.92041120875477,0.9791285243500549,0.9541958041958042,0.8620102214650767
79.9287017078428,0.979174295129989,0.9543706293706293,0.8620102214650767
79.93699220693085,0.9792658366898572,0.9545454545454546,0.8620102214650767
79.9452827060189,0.9793116074697913,0.9547202797202797,0.8620102214650767
79.95357320510695,0.9793116074697913,0.9547202797202797,0.8620102214650767
79.961863704195,0.9793116074697913,0.9547202797202797,0.8620102214650767
79.97015420328304,0.9793116074697913,0.9547202797202797,0.862862010221465
79.97844470237108,0.9793116074697913,0.9547202797202797,0.862862010221465
79.98673520145913,0.9793116074697913,0.9547202797202797,0.862862010221465
79.99502570054717,0.9793116074697913,0.9547202797202797,0.8637137989778535
80.00331619963522,0.9793116074697913,0.9547202797202797,0.8637137989778535
80.01160669872327,0.9793116074697913,0.9547202797202797,0.8637137989778535
80.0198971978113,0.9793116074697913,0.9547202797202797,0.8645655877342419
80.02818769689935,0.9793573782497254,0.9548951048951049,0.8645655877342419
80.0364781959874,0.9793573782497254,0.9548951048951049,0.8645655877342419
80.04476869507545,0.9793573782497254,0.9548951048951049,0.8645655877342419
80.0530591941635,0.9797693152691321,0.95506993006993,0.8645655877342419
80.06134969325153,0.9797693152691321,0.95506993006993,0.8645655877342419
80.06964019233958,0.9797693152691321,0.95506993006993,0.8645655877342419
80.07793069142762,0.9797693152691321,0.95506993006993,0.8645655877342419
80.08622119051567,0.9797693152691321,0.95506993006993,0.8645655877342419
80.09451168960372,0.9798150860490663,0.9552447552447553,0.8645655877342419
80.10280218869175,0.9798150860490663,0.9552447552447553,0.8654173764906303
80.1110926877798,0.9798150860490663,0.9552447552447553,0.8654173764906303
80.11938318686785,0.9798150860490663,0.9552447552447553,0.8662691652470187
80.1276736859559,0.9798608568290004,0.9554195804195804,0.8662691652470187
80.13596418504395,0.9798608568290004,0.9554195804195804,0.8662691652470187
80.14425468413198,0.9798608568290004,0.9554195804195804,0.8662691652470187
80.15254518322003,0.9799066276089344,0.9555944055944056,0.8662691652470187
80.16083568230808,0.9799523983888685,0.9557692307692308,0.8662691652470187
80.16912618139612,0.9799523983888685,0.9557692307692308,0.8671209540034072
80.17741668048417,0.9799523983888685,0.9557692307692308,0.8671209540034072
80.1857071795722,0.9799523983888685,0.9557692307692308,0.8671209540034072
80.19399767866025,0.9799523983888685,0.9557692307692308,0.8671209540034072
80.2022881777483,0.9799523983888685,0.9557692307692308,0.8671209540034072
80.21057867683635,0.9799523983888685,0.9557692307692308,0.8671209540034072
80.2188691759244,0.9800439399487367,0.955944055944056,0.8671209540034072
80.22715967501243,0.9801354815086049,0.9561188811188811,0.8671209540034072
80.23545017410048,0.9802727938484072,0.9562937062937062,0.8671209540034072
80.24374067318853,0.9802727938484072,0.9562937062937062,0.8671209540034072
80.25203117227657,0.9803185646283412,0.9564685314685315,0.8671209540034072
80.26032167136462,0.9803185646283412,0.9564685314685315,0.8671209540034072
80.26861217045266,0.9803185646283412,0.9564685314685315,0.8679727427597955
80.2769026695407,0.9803185646283412,0.9564685314685315,0.8679727427597955
80.28519316862875,0.9803185646283412,0.9564685314685315,0.8679727427597955
80.2934836677168,0.9803643354082754,0.9566433566433566,0.8679727427597955
80.30177416680485,0.9803643354082754,0.9566433566433566,0.8679727427597955
80.31006466589288,0.9803643354082754,0.9566433566433566,0.8679727427597955
80.31835516498093,0.9805016477480776,0.9568181818181818,0.8679727427597955
80.32664566406898,0.9805016477480776,0.9568181818181818,0.8679727427597955
80.33493616315702,0.9805016477480776,0.9568181818181818,0.868824531516184
80.34322666224507,0.9805016477480776,0.9568181818181818,0.868824531516184
80.3515171613331,0.9805474185280117,0.956993006993007,0.868824531516184
80.35980766042115,0.9805931893079458,0.9571678321678322,0.868824531516184
80.3680981595092,0.9805931893079458,0.9571678321678322,0.868824531516184
80.37638865859725,0.9805931893079458,0.9571678321678322,0.868824531516184
80.3846791576853,0.9805931893079458,0.9571678321678322,0.868824531516184
80.39296965677333,0.9807762724276822,0.9573426573426573,0.868824531516184
80.40126015586138,0.9808220432076162,0.9575174825174825,0.868824531516184
80.40955065494943,0.9808220432076162,0.9575174825174825,0.868824531516184
80.41784115403748,0.9809135847674845,0.9576923076923077,0.868824531516184
80.42613165312552,0.9809135847674845,0.9576923076923077,0.868824531516184
80.43442215221356,0.9809135847674845,0.9576923076923077,0.868824531516184
80.4427126513016,0.9809135847674845,0.9576923076923077,0.868824531516184
80.45100315038965,0.9809135847674845,0.9576923076923077,0.868824531516184
80.4592936494777,0.9809135847674845,0.9576923076923077,0.868824531516184
80.46758414856575,0.9809135847674845,0.9576923076923077,0.868824531516184
80.47587464765378,0.9809135847674845,0.9576923076923077,0.868824531516184
80.48416514674183,0.9809593555474185,0.9578671328671329,0.868824531516184
80.49245564582988,0.9809593555474185,0.9578671328671329,0.868824531516184
80.50074614491793,0.9809593555474185,0.9578671328671329,0.868824531516184
80.50903664400597,0.9809593555474185,0.9578671328671329,0.868824531516184
80.51732714309401,0.9809593555474185,0.9578671328671329,0.868824531516184
80.52561764218206,0.9809593555474185,0.9578671328671329,0.868824531516184
80.5339081412701,0.9809593555474185,0.9578671328671329,0.868824531516184
80.54219864035815,0.9809593555474185,0.9578671328671329,0.868824531516184
80.5504891394462,0.9809593555474185,0.9578671328671329,0.868824531516184
80.55877963853423,0.9809593555474185,0.9578671328671329,0.868824531516184
80.56707013762228,0.9810051263273526,0.958041958041958,0.868824531516184
80.57536063671033,0.9810508971072867,0.9582167832167832,0.868824531516184
80.58365113579838,0.9810508971072867,0.9582167832167832,0.868824531516184
80.59194163488642,0.9810508971072867,0.9582167832167832,0.868824531516184
80.60023213397446,0.9810508971072867,0.9582167832167832,0.868824531516184
80.6085226330625,0.9810508971072867,0.9582167832167832,0.868824531516184
80.61681313215055,0.9810508971072867,0.9582167832167832,0.868824531516184
80.6251036312386,0.9810508971072867,0.9582167832167832,0.868824531516184
80.63339413032665,0.9810508971072867,0.9582167832167832,0.868824531516184
80.6416846294147,0.9810966678872208,0.9583916083916084,0.868824531516184
80.64997512850273,0.9810966678872208,0.9583916083916084,0.868824531516184
80.65826562759078,0.9810966678872208,0.9583916083916084,0.868824531516184
80.66655612667883,0.9810966678872208,0.9583916083916084,0.868824531516184
80.67484662576688,0.9810966678872208,0.9583916083916084,0.868824531516184
80.68313712485492,0.9810966678872208,0.9583916083916084,0.868824531516184
80.69142762394296,0.9810966678872208,0.9583916083916084,0.868824531516184
80.699718123031,0.9811424386671549,0.9585664335664336,0.8696763202725724
80.70800862211905,0.9811424386671549,0.9585664335664336,0.8696763202725724
80.7162991212071,0.9811424386671549,0.9585664335664336,0.8696763202725724
80.72458962029515,0.981188209447089,0.9587412587412587,0.8696763202725724
80.73288011938318,0.981188209447089,0.9587412587412587,0.8696763202725724
80.74117061847123,0.981188209447089,0.9587412587412587,0.8696763202725724
80.74946111755928,0.981188209447089,0.9587412587412587,0.8696763202725724
80.75775161664733,0.9813712925668253,0.958916083916084,0.8705281090289608
80.76604211573537,0.9814170633467594,0.9590909090909091,0.8705281090289608
80.77433261482341,0.9814628341266936,0.9592657342657342,0.8705281090289608
80.78262311391146,0.9814628341266936,0.9592657342657342,0.8705281090289608
80.7909136129995,0.9814628341266936,0.9592657342657342,0.8705281090289608
80.79920411208755,0.9815086049066276,0.9594405594405594,0.8705281090289608
80.8074946111756,0.9815086049066276,0.9594405594405594,0.8705281090289608
80.81578511026363,0.9815086049066276,0.9594405594405594,0.8705281090289608
80.82407560935168,0.9815086049066276,0.9594405594405594,0.8705281090289608
80.83236610843973,0.9815543756865617,0.9596153846153846,0.8705281090289608
80.84065660752778,0.9815543756865617,0.9596153846153846,0.8705281090289608
80.84894710661582,0.9815543756865617,0.9596153846153846,0.8705281090289608
80.85723760570386,0.9815543756865617,0.9596153846153846,0.8705281090289608
80.8655281047919,0.9815543756865617,0.9596153846153846,0.8705281090289608
80.87381860387995,0.9815543756865617,0.9596153846153846,0.8705281090289608
80.882109102968,0.9815543756865617,0.9596153846153846,0.8705281090289608
80.89039960205605,0.9815543756865617,0.9596153846153846,0.8705281090289608
80.89869010114408,0.9815543756865617,0.9596153846153846,0.8705281090289608
80.90698060023213,0.9815543756865617,0.9596153846153846,0.8705281090289608
80.91527109932018,0.9815543756865617,0.9596153846153846,0.8705281090289608
80.92356159840823,0.9815543756865617,0.9596153846153846,0.8705281090289608
80.93185209749628,0.9815543756865617,0.9596153846153846,0.8705281090289608
80.94014259658431,0.9815543756865617,0.9596153846153846,0.8705281090289608
80.94843309567236,0.9815543756865617,0.9596153846153846,0.8705281090289608
80.9567235947604,0.9815543756865617,0.9596153846153846,0.8705281090289608
80.96501409384845,0.9815543756865617,0.9596153846153846,0.8705281090289608
80.9733045929365,0.9816459172464299,0.9597902097902098,0.8705281090289608
80.98159509202453,0.9816459172464299,0.9597902097902098,0.8705281090289608
80.98988559111258,0.9816459172464299,0.9597902097902098,0.8705281090289608
80.99817609020063,0.981737458806298,0.9599650349650349,0.8705281090289608
81.00646658928868,0.981737458806298,0.9599650349650349,0.8705281090289608
81.01475708837673,0.9817832295862321,0.9601398601398602,0.8705281090289608
81.02304758746476,0.9817832295862321,0.9601398601398602,0.8705281090289608
81.03133808655281,0.9817832295862321,0.9601398601398602,0.8705281090289608
81.03962858564086,0.9817832295862321,0.9601398601398602,0.8705281090289608
81.0479190847289,0.9817832295862321,0.9601398601398602,0.8705281090289608
81.05620958381695,0.9817832295862321,0.9601398601398602,0.8705281090289608
81.06450008290498,0.9817832295862321,0.9601398601398602,0.8705281090289608
81.07279058199303,0.9817832295862321,0.9601398601398602,0.8713798977853492
81.08108108108108,0.9818747711461003,0.9603146853146853,0.8713798977853492
81.08937158016913,0.9818747711461003,0.9603146853146853,0.8713798977853492
81.09766207925718,0.9818747711461003,0.9603146853146853,0.8713798977853492
81.10595257834521,0.9818747711461003,0.9603146853146853,0.8713798977853492
81.11424307743326,0.9818747711461003,0.9603146853146853,0.8713798977853492
81.1225335765213,0.9818747711461003,0.9603146853146853,0.8713798977853492
81.13082407560935,0.9818747711461003,0.9603146853146853,0.8713798977853492
81.1391145746974,0.9818747711461003,0.9603146853146853,0.8713798977853492
81.14740507378544,0.9818747711461003,0.9603146853146853,0.8713798977853492
81.15569557287348,0.9818747711461003,0.9603146853146853,0.8713798977853492
81.16398607196153,0.9818747711461003,0.9603146853146853,0.8713798977853492
81.17227657104958,0.9818747711461003,0.9603146853146853,0.8713798977853492
81.18056707013763,0.9818747711461003,0.9603146853146853,0.8713798977853492
81.18885756922566,0.9819205419260344,0.9604895104895105,0.8713798977853492
81.19714806831371,0.9819205419260344,0.9604895104895105,0.8713798977853492
81.20543856740176,0.9819205419260344,0.9604895104895105,0.8713798977853492
81.2137290664898,0.9819205419260344,0.9604895104895105,0.8713798977853492
81.22201956557785,0.9819205419260344,0.9604895104895105,0.8713798977853492
81.23031006466589,0.9819205419260344,0.9604895104895105,0.8713798977853492
81.23860056375393,0.9819205419260344,0.9604895104895105,0.8713798977853492
81.24689106284198,0.9819205419260344,0.9604895104895105,0.8713798977853492
81.25518156193003,0.9819205419260344,0.9604895104895105,0.8713798977853492
81.26347206101808,0.9819205419260344,0.9604895104895105,0.8713798977853492
81.27176256010611,0.9819205419260344,0.9604895104895105,0.8713798977853492
81.28005305919416,0.9819205419260344,0.9604895104895105,0.8713798977853492
81.28834355828221,0.9819205419260344,0.9604895104895105,0.8713798977853492
81.29663405737026,0.9819663127059685,0.9606643356643356,0.8713798977853492
81.3049245564583,0.9819663127059685,0.9606643356643356,0.8713798977853492
81.31321505554634,0.9820578542658367,0.9608391608391609,0.8713798977853492
81.32150555463438,0.9820578542658367,0.9608391608391609,0.8713798977853492
81.32979605372243,0.9820578542658367,0.9608391608391609,0.8722316865417377
81.33808655281048,0.9820578542658367,0.9608391608391609,0.8722316865417377
81.34637705189853,0.9820578542658367,0.9608391608391609,0.8722316865417377
81.35466755098658,0.9820578542658367,0.9608391608391609,0.8722316865417377
81.36295805007461,0.9820578542658367,0.9608391608391609,0.8722316865417377
81.37124854916266,0.9821036250457708,0.961013986013986,0.873083475298126
81.3795390482507,0.9821036250457708,0.961013986013986,0.873083475298126
81.38782954733875,0.9821036250457708,0.961013986013986,0.873083475298126
81.3961200464268,0.9821036250457708,0.961013986013986,0.873083475298126
81.40441054551484,0.9821036250457708,0.961013986013986,0.873083475298126
81.41270104460288,0.9821036250457708,0.961013986013986,0.873083475298126
81.42099154369093,0.9821036250457708,0.961013986013986,0.873083475298126
81.42928204277898,0.9821493958257048,0.9611888111888112,0.873083475298126
81.43757254186703,0.9821493958257048,0.9611888111888112,0.873083475298126
81.44586304095506,0.9821493958257048,0.9611888111888112,0.873083475298126
81.45415354004311,0.9825155620651775,0.9613636363636363,0.8739352640545145
81.46244403913116,0.9825155620651775,0.9613636363636363,0.8739352640545145
81.4707345382192,0.9825155620651775,0.9613636363636363,0.8739352640545145
81.47902503730725,0.9825155620651775,0.9613636363636363,0.8739352640545145
81.48731553639529,0.9825155620651775,0.9613636363636363,0.8739352640545145
81.49560603548333,0.9825155620651775,0.9613636363636363,0.8739352640545145
81.50389653457138,0.9825155620651775,0.9613636363636363,0.8739352640545145
81.51218703365943,0.9825155620651775,0.9613636363636363,0.8739352640545145
81.52047753274748,0.9825155620651775,0.9613636363636363,0.8739352640545145
81.52876803183551,0.9825155620651775,0.9613636363636363,0.8739352640545145
81.53705853092356,0.9825155620651775,0.9613636363636363,0.8739352640545145
81.54534903001161,0.9825155620651775,0.9613636363636363,0.8739352640545145
81.55363952909966,0.9825155620651775,0.9613636363636363,0.8739352640545145
81.5619300281877,0.9825155620651775,0.9613636363636363,0.8739352640545145
81.57022052727574,0.9825155620651775,0.9613636363636363,0.8739352640545145
81.57851102636378,0.9825613328451117,0.9615384615384616,0.8739352640545145
81.58680152545183,0.9825613328451117,0.9615384615384616,0.8739352640545145
81.59509202453988,0.9825613328451117,0.9615384615384616,0.8739352640545145
81.60338252362793,0.9825613328451117,0.9615384615384616,0.8739352640545145
81.61167302271596,0.9825613328451117,0.9615384615384616,0.8739352640545145
81.61996352180401,0.9826528744049798,0.9617132867132867,0.8739352640545145
81.62825402089206,0.9826986451849139,0.9618881118881119,0.8739352640545145
81.6365445199801,0.9826986451849139,0.9618881118881119,0.8739352640545145
81.64483501906815,0.9826986451849139,0.9618881118881119,0.8739352640545145
81.65312551815619,0.9826986451849139,0.9618881118881119,0.8739352640545145
81.66141601724424,0.9826986451849139,0.9618881118881119,0.8739352640545145
81.66970651633228,0.9826986451849139,0.9618881118881119,0.8739352640545145
81.67799701542033,0.9826986451849139,0.9618881118881119,0.8739352640545145
81.68628751450838,0.9826986451849139,0.9618881118881119,0.8739352640545145
81.69457801359641,0.9826986451849139,0.9618881118881119,0.8739352640545145
81.70286851268446,0.9826986451849139,0.9618881118881119,0.8747870528109029
81.71115901177251,0.9826986451849139,0.9618881118881119,0.8747870528109029
81.71944951086056,0.9826986451849139,0.9618881118881119,0.8747870528109029
81.7277400099486,0.9826986451849139,0.9618881118881119,0.8747870528109029
81.73603050903664,0.9826986451849139,0.9618881118881119,0.8747870528109029
81.74432100812469,0.9826986451849139,0.9618881118881119,0.8747870528109029
81.75261150721273,0.9826986451849139,0.9618881118881119,0.8747870528109029
81.76090200630078,0.9826986451849139,0.9618881118881119,0.8747870528109029
81.76919250538883,0.9826986451849139,0.9618881118881119,0.8756388415672913
81.77748300447686,0.9827901867447821,0.9620629370629371,0.8756388415672913
81.78577350356491,0.9827901867447821,0.9620629370629371,0.8756388415672913
81.79406400265296,0.9827901867447821,0.9620629370629371,0.8756388415672913
81.80235450174101,0.9827901867447821,0.9620629370629371,0.8756388415672913
81.81064500082906,0.9828359575247162,0.9622377622377623,0.8756388415672913
81.81893549991709,0.9828817283046503,0.9624125874125874,0.8756388415672913
81.82722599900514,0.9828817283046503,0.9624125874125874,0.8756388415672913
81.83551649809318,0.9828817283046503,0.9624125874125874,0.8756388415672913
81.84380699718123,0.9828817283046503,0.9624125874125874,0.8756388415672913
81.85209749626928,0.9828817283046503,0.9624125874125874,0.8756388415672913
81.86038799535731,0.9830190406444526,0.9625874125874125,0.8756388415672913
81.86867849444536,0.9830190406444526,0.9625874125874125,0.8756388415672913
81.87696899353341,0.9830190406444526,0.9625874125874125,0.8756388415672913
81.88525949262146,0.9830190406444526,0.9625874125874125,0.8756388415672913
81.8935499917095,0.9830190406444526,0.9625874125874125,0.8756388415672913
81.90184049079754,0.9830648114243866,0.9627622377622378,0.8756388415672913
81.91013098988559,0.9830648114243866,0.9627622377622378,0.8756388415672913
81.91842148897364,0.9830648114243866,0.9627622377622378,0.8756388415672913
81.92671198806168,0.9830648114243866,0.9627622377622378,0.8756388415672913
81.93500248714973,0.9830648114243866,0.9627622377622378,0.8756388415672913
81.94329298623776,0.9830648114243866,0.9627622377622378,0.8756388415672913
81.95158348532581,0.9830648114243866,0.9627622377622378,0.8756388415672913
81.95987398441386,0.9830648114243866,0.9627622377622378,0.8756388415672913
81.96816448350191,0.9831105822043208,0.9629370629370629,0.8756388415672913
81.97645498258996,0.9831105822043208,0.9629370629370629,0.8756388415672913
81.98474548167799,0.9831105822043208,0.9629370629370629,0.8756388415672913
81.99303598076604,0.9831563529842549,0.9631118881118881,0.8756388415672913
82.00132647985409,0.983247894544123,0.9632867132867133,0.8756388415672913
82.00961697894213,0.983247894544123,0.9632867132867133,0.8756388415672913
82.01790747803018,0.983247894544123,0.9632867132867133,0.8756388415672913
82.02619797711822,0.983247894544123,0.9632867132867133,0.8756388415672913
82.03448847620626,0.983247894544123,0.9632867132867133,0.8756388415672913
82.04277897529431,0.983247894544123,0.9632867132867133,0.8756388415672913
82.05106947438236,0.983247894544123,0.9632867132867133,0.8756388415672913
82.05935997347041,0.9835225192237276,0.9634615384615385,0.8756388415672913
82.06765047255846,0.9835225192237276,0.9634615384615385,0.8756388415672913
82.07594097164649,0.9835225192237276,0.9634615384615385,0.8756388415672913
82.08423147073454,0.9836140607835957,0.9636363636363636,0.8756388415672913
82.09252196982258,0.9836140607835957,0.9636363636363636,0.8756388415672913
82.10081246891063,0.9836140607835957,0.9636363636363636,0.8756388415672913
82.10910296799868,0.9837056023434639,0.9638111888111888,0.8764906303236797
82.11739346708671,0.9837056023434639,0.9638111888111888,0.8764906303236797
82.12568396617476,0.983751373123398,0.963986013986014,0.8764906303236797
82.13397446526281,0.983751373123398,0.963986013986014,0.8764906303236797
82.14226496435086,0.983751373123398,0.963986013986014,0.8764906303236797
82.1505554634389,0.983751373123398,0.963986013986014,0.8764906303236797
82.15884596252694,0.983751373123398,0.963986013986014,0.8764906303236797
82.16713646161499,0.983751373123398,0.963986013986014,0.8764906303236797
82.17542696070304,0.9838429146832662,0.9641608391608392,0.8764906303236797
82.18371745979108,0.9838886854632003,0.9643356643356643,0.8764906303236797
82.19200795887913,0.9839344562431344,0.9645104895104896,0.8764906303236797
82.20029845796716,0.9839344562431344,0.9645104895104896,0.8764906303236797
82.20858895705521,0.9839344562431344,0.9645104895104896,0.8764906303236797
82.21687945614326,0.9839344562431344,0.9645104895104896,0.8764906303236797
82.22516995523131,0.9839344562431344,0.9645104895104896,0.8764906303236797
82.23346045431936,0.9839344562431344,0.9645104895104896,0.8764906303236797
82.24175095340739,0.9839344562431344,0.9645104895104896,0.8764906303236797
82.25004145249544,0.9839344562431344,0.9645104895104896,0.8764906303236797
82.25833195158349,0.9839344562431344,0.9645104895104896,0.8764906303236797
82.26662245067153,0.9840717685829367,0.9646853146853147,0.8764906303236797
82.27491294975958,0.9840717685829367,0.9646853146853147,0.8773424190800682
82.28320344884762,0.9840717685829367,0.9646853146853147,0.8773424190800682
82.29149394793566,0.9840717685829367,0.9646853146853147,0.8773424190800682
82.29978444702371,0.9840717685829367,0.9646853146853147,0.8781942078364565
82.30807494611176,0.9840717685829367,0.9646853146853147,0.8781942078364565
82.3163654451998,0.984254851702673,0.9648601398601399,0.8781942078364565
82.32465594428784,0.984254851702673,0.9648601398601399,0.8781942078364565
82.33294644337589,0.9843921640424753,0.965034965034965,0.8781942078364565
82.34123694246394,0.9845752471622117,0.9652097902097903,0.879045996592845
82.34952744155198,0.9845752471622117,0.9652097902097903,0.879045996592845
82.35781794064003,0.9845752471622117,0.9652097902097903,0.879045996592845
82.36610843972807,0.9845752471622117,0.9652097902097903,0.879045996592845
82.37439893881611,0.9846210179421457,0.9653846153846154,0.879045996592845
82.38268943790416,0.9846210179421457,0.9653846153846154,0.879045996592845
82.39097993699221,0.9846210179421457,0.9653846153846154,0.879045996592845
82.39927043608026,0.9846667887220798,0.9655594405594405,0.879045996592845
82.40756093516829,0.9846667887220798,0.9655594405594405,0.879045996592845
82.41585143425634,0.9846667887220798,0.9655594405594405,0.879045996592845
82.42414193334439,0.9851244965214208,0.9657342657342657,0.8798977853492334
82.43243243243244,0.9851244965214208,0.9657342657342657,0.8798977853492334
82.44072293152048,0.9851244965214208,0.9657342657342657,0.8798977853492334
82.44901343060852,0.9851244965214208,0.9657342657342657,0.8798977853492334
82.45730392969656,0.9851244965214208,0.9657342657342657,0.8798977853492334
82.46559442878461,0.9851244965214208,0.9657342657342657,0.8807495741056218
82.47388492787266,0.9851244965214208,0.9657342657342657,0.8807495741056218
82.48217542696071,0.9851244965214208,0.9657342657342657,0.8807495741056218
82.49046592604874,0.9851244965214208,0.9657342657342657,0.8807495741056218
82.49875642513679,0.9851244965214208,0.9657342657342657,0.8807495741056218
82.50704692422484,0.9851244965214208,0.9657342657342657,0.8807495741056218
82.51533742331289,0.9851244965214208,0.9657342657342657,0.8807495741056218
82.52362792240093,0.9851244965214208,0.9657342657342657,0.8807495741056218
82.53191842148897,0.9851244965214208,0.9657342657342657,0.8807495741056218
82.54020892057702,0.9851244965214208,0.9657342657342657,0.8807495741056218
82.54849941966506,0.9851244965214208,0.9657342657342657,0.8807495741056218
82.55678991875311,0.9852160380812889,0.9659090909090909,0.8816013628620102
82.56508041784116,0.9852160380812889,0.9659090909090909,0.8816013628620102
82.57337091692919,0.9852160380812889,0.9659090909090909,0.8816013628620102
82.58166141601724,0.9852160380812889,0.9659090909090909,0.8816013628620102
82.58995191510529,0.9852618088612229,0.9660839160839161,0.8816013628620102
82.59824241419334,0.9852618088612229,0.9660839160839161,0.8816013628620102
82.60653291328138,0.9852618088612229,0.9660839160839161,0.8824531516183987
82.61482341236942,0.9852618088612229,0.9660839160839161,0.8824531516183987
82.62311391145747,0.9852618088612229,0.9660839160839161,0.8824531516183987
82.63140441054551,0.9852618088612229,0.9660839160839161,0.8824531516183987
82.63969490963356,0.9852618088612229,0.9660839160839161,0.8824531516183987
82.64798540872161,0.9853075796411571,0.9662587412587412,0.8824531516183987
82.65627590780964,0.9853075796411571,0.9662587412587412,0.8824531516183987
82.66456640689769,0.9853075796411571,0.9662587412587412,0.8824531516183987
82.67285690598574,0.9853075796411571,0.9662587412587412,0.8824531516183987
82.68114740507379,0.9853533504210912,0.9664335664335665,0.8824531516183987
82.68943790416184,0.9853533504210912,0.9664335664335665,0.8824531516183987
82.69772840324987,0.9853533504210912,0.9664335664335665,0.8824531516183987
82.70601890233792,0.9853533504210912,0.9664335664335665,0.8824531516183987
82.71430940142596,0.9853533504210912,0.9664335664335665,0.8824531516183987
82.72259990051401,0.9853533504210912,0.9664335664335665,0.883304940374787
82.73089039960206,0.9853533504210912,0.9664335664335665,0.883304940374787
82.7391808986901,0.9853991212010252,0.9666083916083916,0.883304940374787
82.74747139777814,0.9853991212010252,0.9666083916083916,0.883304940374787
82.75576189686619,0.9853991212010252,0.9666083916083916,0.883304940374787
82.76405239595424,0.9853991212010252,0.9666083916083916,0.883304940374787
82.77234289504229,0.9853991212010252,0.9666083916083916,0.883304940374787
82.78063339413033,0.9853991212010252,0.9666083916083916,0.883304940374787
82.78892389321837,0.9853991212010252,0.9666083916083916,0.883304940374787
82.79721439230642,0.9853991212010252,0.9666083916083916,0.883304940374787
82.80550489139446,0.9853991212010252,0.9666083916083916,0.883304940374787
82.81379539048251,0.9853991212010252,0.9666083916083916,0.883304940374787
82.82208588957056,0.9853991212010252,0.9666083916083916,0.883304940374787
82.83037638865859,0.9854448919809593,0.9667832167832168,0.883304940374787
82.83866688774664,0.9854448919809593,0.9667832167832168,0.883304940374787
82.84695738683469,0.9854448919809593,0.9667832167832168,0.883304940374787
82.85524788592274,0.9854448919809593,0.9667832167832168,0.883304940374787
82.86353838501078,0.9854448919809593,0.9667832167832168,0.883304940374787
82.87182888409882,0.9854448919809593,0.9667832167832168,0.883304940374787
82.88011938318687,0.9854448919809593,0.9667832167832168,0.883304940374787
82.88840988227491,0.9854906627608935,0.9669580419580419,0.883304940374787
82.89670038136296,0.9854906627608935,0.9669580419580419,0.883304940374787
82.90499088045101,0.9854906627608935,0.9669580419580419,0.883304940374787
82.91328137953904,0.9854906627608935,0.9669580419580419,0.883304940374787
82.92157187862709,0.9854906627608935,0.9669580419580419,0.883304940374787
82.92986237771514,0.9855364335408275,0.9671328671328672,0.883304940374787
82.93815287680319,0.9856279751006957,0.9673076923076923,0.883304940374787
82.94644337589123,0.9856279751006957,0.9673076923076923,0.883304940374787
82.95473387497927,0.985811058220432,0.9674825174825175,0.883304940374787
82.96302437406732,0.985811058220432,0.9674825174825175,0.883304940374787
82.97131487315536,0.985811058220432,0.9674825174825175,0.883304940374787
82.97960537224341,0.985811058220432,0.9674825174825175,0.883304940374787
82.98789587133146,0.985811058220432,0.9674825174825175,0.883304940374787
82.9961863704195,0.985811058220432,0.9674825174825175,0.883304940374787
83.00447686950754,0.985811058220432,0.9674825174825175,0.883304940374787
83.01276736859559,0.985811058220432,0.9674825174825175,0.883304940374787
83.02105786768364,0.985811058220432,0.9674825174825175,0.883304940374787
83.02934836677169,0.985811058220432,0.9674825174825175,0.883304940374787
83.03763886585972,0.985811058220432,0.9674825174825175,0.883304940374787
83.04592936494777,0.985811058220432,0.9674825174825175,0.883304940374787
83.05421986403582,0.985811058220432,0.9674825174825175,0.883304940374787
83.06251036312386,0.985811058220432,0.9674825174825175,0.883304940374787
83.07080086221191,0.985811058220432,0.9674825174825175,0.883304940374787
83.07909136129994,0.985811058220432,0.9674825174825175,0.883304940374787
83.08738186038799,0.9861314536799707,0.9676573426573427,0.883304940374787
83.09567235947604,0.9861314536799707,0.9676573426573427,0.883304940374787
83.10396285856409,0.9861314536799707,0.9676573426573427,0.883304940374787
83.11225335765214,0.9862229952398389,0.9678321678321679,0.883304940374787
83.12054385674017,0.9862229952398389,0.9678321678321679,0.883304940374787
83.12883435582822,0.9863603075796411,0.968006993006993,0.883304940374787
83.13712485491627,0.9863603075796411,0.968006993006993,0.883304940374787
83.14541535400431,0.9863603075796411,0.968006993006993,0.883304940374787
83.15370585309236,0.9863603075796411,0.968006993006993,0.8841567291311755
83.1619963521804,0.9865891614793116,0.9681818181818181,0.8841567291311755
83.17028685126844,0.9865891614793116,0.9681818181818181,0.8841567291311755
83.17857735035649,0.9865891614793116,0.9681818181818181,0.8841567291311755
83.18686784944454,0.9865891614793116,0.9681818181818181,0.8841567291311755
83.19515834853259,0.9866349322592457,0.9683566433566434,0.8841567291311755
83.20344884762062,0.9866349322592457,0.9683566433566434,0.8841567291311755
83.21173934670867,0.9866349322592457,0.9683566433566434,0.8841567291311755
83.22002984579672,0.9866349322592457,0.9683566433566434,0.8841567291311755
83.22832034488476,0.9866349322592457,0.9683566433566434,0.8841567291311755
83.23661084397281,0.9866349322592457,0.9683566433566434,0.8841567291311755
83.24490134306085,0.9866349322592457,0.9683566433566434,0.8841567291311755
83.2531918421489,0.9866349322592457,0.9683566433566434,0.8841567291311755
83.26148234123694,0.9866349322592457,0.9683566433566434,0.8841567291311755
83.26977284032499,0.9866349322592457,0.9683566433566434,0.8841567291311755
83.27806333941304,0.9866349322592457,0.9683566433566434,0.8850085178875639
83.28635383850107,0.9866349322592457,0.9683566433566434,0.8850085178875639
83.29464433758912,0.9866349322592457,0.9683566433566434,0.8850085178875639
83.30293483667717,0.9866349322592457,0.9683566433566434,0.8850085178875639
83.31122533576522,0.9866349322592457,0.9683566433566434,0.8850085178875639
83.31951583485326,0.9866349322592457,0.9683566433566434,0.8850085178875639
83.3278063339413,0.9866349322592457,0.9683566433566434,0.8850085178875639
83.33609683302934,0.9866349322592457,0.9683566433566434,0.8850085178875639
83.34438733211739,0.9866349322592457,0.9683566433566434,0.8850085178875639
83.35267783120544,0.9866349322592457,0.9683566433566434,0.8858603066439523
83.36096833029349,0.9866349322592457,0.9683566433566434,0.8858603066439523
83.36925882938152,0.9866349322592457,0.9683566433566434,0.8858603066439523
83.37754932846957,0.9866349322592457,0.9683566433566434,0.8858603066439523
83.38583982755762,0.9866349322592457,0.9683566433566434,0.8858603066439523
83.39413032664567,0.9866349322592457,0.9683566433566434,0.8858603066439523
83.40242082573371,0.9866349322592457,0.9683566433566434,0.8858603066439523
83.41071132482175,0.9866349322592457,0.9683566433566434,0.8858603066439523
83.4190018239098,0.9866349322592457,0.9683566433566434,0.8858603066439523
83.42729232299784,0.9866349322592457,0.9683566433566434,0.8858603066439523
83.43558282208589,0.9866349322592457,0.9683566433566434,0.8858603066439523
83.44387332117394,0.9866349322592457,0.9683566433566434,0.8858603066439523
83.45216382026199,0.9866807030391798,0.9685314685314685,0.8858603066439523
83.46045431935002,0.9866807030391798,0.9685314685314685,0.8858603066439523
83.46874481843807,0.9866807030391798,0.9685314685314685,0.8858603066439523
83.47703531752612,0.9866807030391798,0.9685314685314685,0.8858603066439523
83.48532581661416,0.9866807030391798,0.9685314685314685,0.8858603066439523
83.49361631570221,0.9866807030391798,0.9685314685314685,0.8858603066439523
83.50190681479025,0.9866807030391798,0.9685314685314685,0.8858603066439523
83.5101973138783,0.9866807030391798,0.9685314685314685,0.8858603066439523
83.51848781296634,0.9866807030391798,0.9685314685314685,0.8858603066439523
83.52677831205439,0.9866807030391798,0.9685314685314685,0.8858603066439523
83.53506881114244,0.9866807030391798,0.9685314685314685,0.8858603066439523
83.54335931023047,0.9867264738191138,0.9687062937062937,0.8858603066439523
83.55164980931852,0.9867264738191138,0.9687062937062937,0.8858603066439523
83.55994030840657,0.9867264738191138,0.9687062937062937,0.8858603066439523
83.56823080749461,0.9867264738191138,0.9687062937062937,0.8858603066439523
83.57652130658266,0.9867264738191138,0.9687062937062937,0.8858603066439523
83.5848118056707,0.9867264738191138,0.9687062937062937,0.8858603066439523
83.59310230475874,0.9867264738191138,0.9687062937062937,0.8858603066439523
83.60139280384679,0.9867264738191138,0.9687062937062937,0.8858603066439523
83.60968330293484,0.9868180153789821,0.9688811188811188,0.8858603066439523
83.61797380202289,0.9868180153789821,0.9688811188811188,0.8858603066439523
83.62626430111092,0.9868637861589161,0.9690559440559441,0.8858603066439523
83.63455480019897,0.9868637861589161,0.9690559440559441,0.8858603066439523
83.64284529928702,0.9868637861589161,0.9690559440559441,0.8858603066439523
83.65113579837507,0.9868637861589161,0.9690559440559441,0.8858603066439523
83.65942629746311,0.9868637861589161,0.9690559440559441,0.8858603066439523
83.66771679655115,0.9868637861589161,0.9690559440559441,0.8858603066439523
83.6760072956392,0.9868637861589161,0.9690559440559441,0.8858603066439523
83.68429779472724,0.9868637861589161,0.9690559440559441,0.8858603066439523
83.69258829381529,0.9868637861589161,0.9690559440559441,0.8858603066439523
83.70087879290334,0.9868637861589161,0.9690559440559441,0.8858603066439523
83.70916929199137,0.9868637861589161,0.9690559440559441,0.8858603066439523
83.71745979107942,0.9868637861589161,0.9690559440559441,0.8858603066439523
83.72575029016747,0.9868637861589161,0.9690559440559441,0.8858603066439523
83.73404078925552,0.9868637861589161,0.9690559440559441,0.8858603066439523
83.74233128834356,0.9868637861589161,0.9690559440559441,0.8858603066439523
83.7506217874316,0.9868637861589161,0.9690559440559441,0.8858603066439523
83.75891228651965,0.9868637861589161,0.9690559440559441,0.8858603066439523
83.7672027856077,0.9868637861589161,0.9690559440559441,0.8858603066439523
83.77549328469574,0.9868637861589161,0.9690559440559441,0.8858603066439523
83.78378378378379,0.9868637861589161,0.9690559440559441,0.8858603066439523
83.79207428287182,0.9868637861589161,0.9690559440559441,0.8867120954003407
83.80036478195987,0.9868637861589161,0.9690559440559441,0.8867120954003407
83.80865528104792,0.9868637861589161,0.9690559440559441,0.8867120954003407
83.81694578013597,0.9868637861589161,0.9690559440559441,0.8867120954003407
83.82523627922401,0.9868637861589161,0.9690559440559441,0.8875638841567292
83.83352677831205,0.9868637861589161,0.9690559440559441,0.8875638841567292
83.8418172774001,0.9868637861589161,0.9690559440559441,0.8875638841567292
83.85010777648814,0.9868637861589161,0.9690559440559441,0.8875638841567292
83.85839827557619,0.9869553277187844,0.9692307692307692,0.8875638841567292
83.86668877466424,0.9869553277187844,0.9692307692307692,0.8875638841567292
83.87497927375227,0.9869553277187844,0.9692307692307692,0.8875638841567292
83.88326977284032,0.9869553277187844,0.9692307692307692,0.8875638841567292
83.89156027192837,0.9870010984987184,0.9694055944055944,0.8875638841567292
83.89985077101642,0.9870010984987184,0.9694055944055944,0.8875638841567292
83.90814127010447,0.9870010984987184,0.9694055944055944,0.8875638841567292
83.9164317691925,0.9870010984987184,0.9694055944055944,0.8875638841567292
83.92472226828055,0.9870010984987184,0.9694055944055944,0.8875638841567292
83.9330127673686,0.9870010984987184,0.9694055944055944,0.8875638841567292
83.94130326645664,0.9870010984987184,0.9694055944055944,0.8875638841567292
83.94959376554469,0.9870010984987184,0.9694055944055944,0.8875638841567292
83.95788426463272,0.9870010984987184,0.9694055944055944,0.8875638841567292
83.96617476372077,0.9870010984987184,0.9694055944055944,0.8875638841567292
83.97446526280882,0.9870010984987184,0.9694055944055944,0.8875638841567292
83.98275576189687,0.9870010984987184,0.9694055944055944,0.8875638841567292
83.99104626098492,0.9870010984987184,0.9694055944055944,0.8875638841567292
83.99933676007295,0.9870010984987184,0.9694055944055944,0.8875638841567292
84.007627259161,0.9870010984987184,0.9694055944055944,0.8875638841567292
84.01591775824905,0.9870010984987184,0.9694055944055944,0.8875638841567292
84.0242082573371,0.9870010984987184,0.9694055944055944,0.8875638841567292
84.03249875642514,0.9870010984987184,0.9694055944055944,0.8884156729131175
84.04078925551318,0.9870468692786525,0.9695804195804196,0.889267461669506
84.04907975460122,0.9870468692786525,0.9695804195804196,0.889267461669506
84.05737025368927,0.9870926400585865,0.9697552447552448,0.889267461669506
84.06566075277732,0.9871384108385207,0.9699300699300699,0.889267461669506
84.07395125186537,0.9871384108385207,0.9699300699300699,0.889267461669506
84.0822417509534,0.9871384108385207,0.9699300699300699,0.889267461669506
84.09053225004145,0.9871384108385207,0.9699300699300699,0.8901192504258943
84.0988227491295,0.9871384108385207,0.9699300699300699,0.8901192504258943
84.10711324821754,0.9871384108385207,0.9699300699300699,0.8901192504258943
84.11540374730559,0.9871384108385207,0.9699300699300699,0.8901192504258943
84.12369424639363,0.9871384108385207,0.9699300699300699,0.8901192504258943
84.13198474548167,0.9872299523983888,0.9701048951048951,0.8901192504258943
84.14027524456972,0.9872299523983888,0.9701048951048951,0.8901192504258943
84.14856574365777,0.9872299523983888,0.9701048951048951,0.8901192504258943
84.15685624274582,0.9872299523983888,0.9701048951048951,0.8901192504258943
84.16514674183387,0.9872299523983888,0.9701048951048951,0.8901192504258943
84.1734372409219,0.9872299523983888,0.9701048951048951,0.8901192504258943
84.18172774000995,0.9872299523983888,0.9701048951048951,0.8901192504258943
84.190018239098,0.9872299523983888,0.9701048951048951,0.8901192504258943
84.19830873818604,0.9872299523983888,0.9701048951048951,0.8901192504258943
84.20659923727409,0.9872299523983888,0.9701048951048951,0.8901192504258943
84.21488973636212,0.9872299523983888,0.9701048951048951,0.8901192504258943
84.22318023545017,0.9872299523983888,0.9701048951048951,0.8901192504258943
84.23147073453822,0.9872757231783229,0.9702797202797203,0.8901192504258943
84.23976123362627,0.9872757231783229,0.9702797202797203,0.8901192504258943
84.24805173271432,0.9872757231783229,0.9702797202797203,0.8901192504258943
84.25634223180235,0.9873672647381911,0.9704545454545455,0.8901192504258943
84.2646327308904,0.9873672647381911,0.9704545454545455,0.8901192504258943
84.27292322997845,0.9873672647381911,0.9704545454545455,0.8901192504258943
84.2812137290665,0.9873672647381911,0.9704545454545455,0.8901192504258943
84.28950422815454,0.9873672647381911,0.9704545454545455,0.8901192504258943
84.29779472724258,0.9873672647381911,0.9704545454545455,0.8901192504258943
84.30608522633062,0.9873672647381911,0.9704545454545455,0.8909710391822828
84.31437572541867,0.9873672647381911,0.9704545454545455,0.8909710391822828
84.32266622450672,0.9873672647381911,0.9704545454545455,0.8909710391822828
84.33095672359477,0.9873672647381911,0.9704545454545455,0.8909710391822828
84.3392472226828,0.9873672647381911,0.9704545454545455,0.8909710391822828
84.34753772177085,0.9875961186378616,0.9706293706293706,0.8909710391822828
84.3558282208589,0.9875961186378616,0.9706293706293706,0.8909710391822828
84.36411871994694,0.9875961186378616,0.9706293706293706,0.8909710391822828
84.37240921903499,0.9875961186378616,0.9706293706293706,0.8909710391822828
84.38069971812303,0.9875961186378616,0.9706293706293706,0.8909710391822828
84.38899021721107,0.9875961186378616,0.9706293706293706,0.8909710391822828
84.39728071629912,0.9875961186378616,0.9706293706293706,0.8909710391822828
84.40557121538717,0.9875961186378616,0.9706293706293706,0.8909710391822828
84.41386171447522,0.9875961186378616,0.9706293706293706,0.8909710391822828
84.42215221356325,0.9875961186378616,0.9706293706293706,0.8909710391822828
84.4304427126513,0.9875961186378616,0.9706293706293706,0.8909710391822828
84.43873321173935,0.9877792017575979,0.9708041958041959,0.8909710391822828
84.4470237108274,0.9877792017575979,0.9708041958041959,0.8909710391822828
84.45531420991544,0.9877792017575979,0.9708041958041959,0.8909710391822828
84.46360470900348,0.9877792017575979,0.9708041958041959,0.8909710391822828
84.47189520809152,0.9877792017575979,0.9708041958041959,0.8909710391822828
84.48018570717957,0.9877792017575979,0.9708041958041959,0.8909710391822828
84.48847620626762,0.9877792017575979,0.9708041958041959,0.8909710391822828
84.49676670535567,0.9877792017575979,0.9708041958041959,0.8909710391822828
84.5050572044437,0.9877792017575979,0.9708041958041959,0.8909710391822828
84.51334770353175,0.9877792017575979,0.9708041958041959,0.8909710391822828
84.5216382026198,0.9877792017575979,0.9708041958041959,0.8909710391822828
84.52992870170785,0.9877792017575979,0.9708041958041959,0.8909710391822828
84.5382192007959,0.9877792017575979,0.9708041958041959,0.8909710391822828
84.54650969988393,0.9877792017575979,0.9708041958041959,0.8909710391822828
84.55480019897198,0.9877792017575979,0.9708041958041959,0.8909710391822828
84.56309069806002,0.9877792017575979,0.9708041958041959,0.8909710391822828
84.57138119714807,0.9877792017575979,0.9708041958041959,0.8909710391822828
84.57967169623612,0.9881453679970706,0.970979020979021,0.8909710391822828
84.58796219532415,0.9881453679970706,0.970979020979021,0.8909710391822828
84.5962526944122,0.9882369095569389,0.9711538461538461,0.8918228279386712
84.60454319350025,0.9882369095569389,0.9711538461538461,0.8918228279386712
84.6128336925883,0.9882369095569389,0.9711538461538461,0.8918228279386712
84.62112419167634,0.9882369095569389,0.9711538461538461,0.8918228279386712
84.62941469076438,0.9882826803368729,0.9713286713286713,0.8918228279386712
84.63770518985243,0.9884199926766752,0.9715034965034965,0.8918228279386712
84.64599568894047,0.9884199926766752,0.9715034965034965,0.8918228279386712
84.65428618802852,0.9884199926766752,0.9715034965034965,0.8918228279386712
84.66257668711657,0.9884199926766752,0.9715034965034965,0.8918228279386712
84.6708671862046,0.9884657634566093,0.9716783216783217,0.8918228279386712
84.67915768529265,0.9884657634566093,0.9716783216783217,0.8918228279386712
84.6874481843807,0.9884657634566093,0.9716783216783217,0.8918228279386712
84.69573868346875,0.9884657634566093,0.9716783216783217,0.8918228279386712
84.7040291825568,0.9884657634566093,0.9716783216783217,0.8918228279386712
84.71231968164483,0.9884657634566093,0.9716783216783217,0.8918228279386712
84.72061018073288,0.9884657634566093,0.9716783216783217,0.8918228279386712
84.72890067982092,0.9884657634566093,0.9716783216783217,0.8918228279386712
84.73719117890897,0.9884657634566093,0.9716783216783217,0.8918228279386712
84.74548167799702,0.9884657634566093,0.9716783216783217,0.8926746166950597
84.75377217708505,0.9884657634566093,0.9716783216783217,0.8926746166950597
84.7620626761731,0.9884657634566093,0.9716783216783217,0.8926746166950597
84.77035317526115,0.9884657634566093,0.9716783216783217,0.8926746166950597
84.7786436743492,0.9884657634566093,0.9716783216783217,0.8926746166950597
84.78693417343725,0.9884657634566093,0.9716783216783217,0.8926746166950597
84.79522467252528,0.9885115342365434,0.9718531468531468,0.8926746166950597
84.80351517161333,0.9885115342365434,0.9718531468531468,0.8926746166950597
84.81180567070137,0.9885115342365434,0.9718531468531468,0.8926746166950597
84.82009616978942,0.9885115342365434,0.9718531468531468,0.8926746166950597
84.82838666887747,0.9885115342365434,0.9718531468531468,0.8926746166950597
84.8366771679655,0.9885573050164774,0.972027972027972,0.8926746166950597
84.84496766705355,0.9885573050164774,0.972027972027972,0.8926746166950597
84.8532581661416,0.9885573050164774,0.972027972027972,0.8926746166950597
84.86154866522965,0.9885573050164774,0.972027972027972,0.8926746166950597
84.8698391643177,0.9885573050164774,0.972027972027972,0.8926746166950597
84.87812966340574,0.9885573050164774,0.972027972027972,0.8926746166950597
84.88642016249378,0.9885573050164774,0.972027972027972,0.8926746166950597
84.89471066158183,0.9885573050164774,0.972027972027972,0.8926746166950597
84.90300116066987,0.9885573050164774,0.972027972027972,0.8926746166950597
84.91129165975792,0.9885573050164774,0.972027972027972,0.8926746166950597
84.91958215884597,0.9885573050164774,0.972027972027972,0.8926746166950597
84.927872657934,0.9885573050164774,0.972027972027972,0.8926746166950597
84.93616315702205,0.9885573050164774,0.972027972027972,0.8926746166950597
84.9444536561101,0.9885573050164774,0.972027972027972,0.8926746166950597
84.95274415519815,0.9885573050164774,0.972027972027972,0.893526405451448
84.9610346542862,0.9886030757964116,0.9722027972027972,0.893526405451448
84.96932515337423,0.9886030757964116,0.9722027972027972,0.893526405451448
84.97761565246228,0.9886946173562797,0.9723776223776224,0.893526405451448
84.98590615155032,0.9886946173562797,0.9723776223776224,0.893526405451448
84.99419665063837,0.9886946173562797,0.9723776223776224,0.8943781942078365
85.00248714972642,0.9887403881362138,0.9725524475524475,0.8943781942078365
85.01077764881445,0.988786158916148,0.9727272727272728,0.8943781942078365
85.0190681479025,0.988786158916148,0.9727272727272728,0.8943781942078365
85.02735864699055,0.988786158916148,0.9727272727272728,0.8943781942078365
85.0356491460786,0.988786158916148,0.9727272727272728,0.8943781942078365
85.04393964516665,0.988786158916148,0.9727272727272728,0.8943781942078365
85.05223014425468,0.988786158916148,0.9727272727272728,0.8943781942078365
85.06052064334273,0.988786158916148,0.9727272727272728,0.8943781942078365
85.06881114243077,0.9889234712559501,0.9729020979020979,0.8943781942078365
85.07710164151882,0.9889234712559501,0.9729020979020979,0.8943781942078365
85.08539214060687,0.9889692420358843,0.9730769230769231,0.8952299829642248
85.0936826396949,0.9889692420358843,0.9730769230769231,0.8952299829642248
85.10197313878295,0.9889692420358843,0.9730769230769231,0.8952299829642248
85.110263637871,0.9889692420358843,0.9730769230769231,0.8952299829642248
85.11855413695905,0.9890150128158184,0.9732517482517482,0.8960817717206133
85.1268446360471,0.9890150128158184,0.9732517482517482,0.8960817717206133
85.13513513513513,0.9891523251556207,0.9734265734265735,0.8960817717206133
85.14342563422318,0.9891523251556207,0.9734265734265735,0.8960817717206133
85.15171613331123,0.9891523251556207,0.9734265734265735,0.8960817717206133
85.16000663239927,0.9891523251556207,0.9734265734265735,0.8960817717206133
85.16829713148732,0.9891523251556207,0.9734265734265735,0.8960817717206133
85.17658763057536,0.9891523251556207,0.9734265734265735,0.8960817717206133
85.1848781296634,0.9891523251556207,0.9734265734265735,0.8960817717206133
85.19316862875145,0.9891523251556207,0.9734265734265735,0.8969335604770017
85.2014591278395,0.9891523251556207,0.9734265734265735,0.8969335604770017
85.20974962692755,0.9891523251556207,0.9734265734265735,0.8969335604770017
85.21804012601558,0.9891523251556207,0.9734265734265735,0.8977853492333902
85.22633062510363,0.9891523251556207,0.9734265734265735,0.8977853492333902
85.23462112419168,0.9891523251556207,0.9734265734265735,0.8977853492333902
85.24291162327972,0.9891523251556207,0.9734265734265735,0.8977853492333902
85.25120212236777,0.9891523251556207,0.9734265734265735,0.8977853492333902
85.2594926214558,0.9891523251556207,0.9734265734265735,0.8977853492333902
85.26778312054385,0.9891523251556207,0.9734265734265735,0.8977853492333902
85.2760736196319,0.9891523251556207,0.9734265734265735,0.8977853492333902
85.28436411871995,0.9891523251556207,0.9734265734265735,0.8977853492333902
85.292654617808,0.9891523251556207,0.9734265734265735,0.8977853492333902
85.30094511689603,0.9891523251556207,0.9734265734265735,0.8977853492333902
85.30923561598408,0.9891980959355547,0.9736013986013986,0.8977853492333902
85.31752611507213,0.9891980959355547,0.9736013986013986,0.8977853492333902
85.32581661416017,0.9892438667154888,0.9737762237762237,0.8977853492333902
85.33410711324822,0.9892438667154888,0.9737762237762237,0.8977853492333902
85.34239761233626,0.9892438667154888,0.9737762237762237,0.8977853492333902
85.3506881114243,0.9892438667154888,0.9737762237762237,0.8977853492333902
85.35897861051235,0.9892896374954229,0.973951048951049,0.8977853492333902
85.3672691096004,0.9892896374954229,0.973951048951049,0.8977853492333902
85.37555960868845,0.9892896374954229,0.973951048951049,0.8977853492333902
85.38385010777648,0.9892896374954229,0.973951048951049,0.8977853492333902
85.39214060686453,0.9892896374954229,0.973951048951049,0.8977853492333902
85.40043110595258,0.9892896374954229,0.973951048951049,0.8977853492333902
85.40872160504063,0.9892896374954229,0.973951048951049,0.8977853492333902
85.41701210412867,0.9892896374954229,0.973951048951049,0.8977853492333902
85.4253026032167,0.9892896374954229,0.973951048951049,0.8986371379897785
85.43359310230476,0.9892896374954229,0.973951048951049,0.8986371379897785
85.4418836013928,0.9892896374954229,0.973951048951049,0.8986371379897785
85.45017410048085,0.9892896374954229,0.973951048951049,0.8986371379897785
85.4584645995689,0.9892896374954229,0.973951048951049,0.8986371379897785
85.46675509865693,0.9892896374954229,0.973951048951049,0.8986371379897785
85.47504559774498,0.9892896374954229,0.973951048951049,0.899488926746167
85.48333609683303,0.9892896374954229,0.973951048951049,0.899488926746167
85.49162659592108,0.9892896374954229,0.973951048951049,0.899488926746167
85.49991709500912,0.9892896374954229,0.973951048951049,0.899488926746167
85.50820759409716,0.9892896374954229,0.973951048951049,0.899488926746167
85.5164980931852,0.9892896374954229,0.973951048951049,0.899488926746167
85.52478859227325,0.9892896374954229,0.973951048951049,0.899488926746167
85.5330790913613,0.9892896374954229,0.973951048951049,0.899488926746167
85.54136959044935,0.9892896374954229,0.973951048951049,0.899488926746167
85.54966008953738,0.9892896374954229,0.973951048951049,0.899488926746167
85.55795058862543,0.9892896374954229,0.973951048951049,0.899488926746167
85.56624108771348,0.9892896374954229,0.973951048951049,0.899488926746167
85.57453158680153,0.9893811790552911,0.9741258741258741,0.899488926746167
85.58282208588957,0.9893811790552911,0.9741258741258741,0.899488926746167
85.59111258497762,0.9893811790552911,0.9741258741258741,0.899488926746167
85.59940308406566,0.9893811790552911,0.9741258741258741,0.899488926746167
85.6076935831537,0.9893811790552911,0.9741258741258741,0.899488926746167
85.61598408224175,0.9893811790552911,0.9741258741258741,0.899488926746167
85.6242745813298,0.9893811790552911,0.9741258741258741,0.899488926746167
85.63256508041785,0.9893811790552911,0.9741258741258741,0.899488926746167
85.64085557950588,0.9894727206151592,0.9743006993006993,0.899488926746167
85.64914607859393,0.9895184913950934,0.9744755244755244,0.899488926746167
85.65743657768198,0.9895184913950934,0.9744755244755244,0.899488926746167
85.66572707677003,0.9895184913950934,0.9744755244755244,0.899488926746167
85.67401757585807,0.9895184913950934,0.9744755244755244,0.899488926746167
85.6823080749461,0.9895184913950934,0.9744755244755244,0.899488926746167
85.69059857403415,0.9895184913950934,0.9744755244755244,0.899488926746167
85.6988890731222,0.9895184913950934,0.9744755244755244,0.899488926746167
85.70717957221025,0.9895184913950934,0.9744755244755244,0.899488926746167
85.7154700712983,0.9895184913950934,0.9744755244755244,0.899488926746167
85.72376057038633,0.9895184913950934,0.9744755244755244,0.9003407155025553
85.73205106947438,0.9895184913950934,0.9744755244755244,0.9003407155025553
85.74034156856243,0.9895184913950934,0.9744755244755244,0.9003407155025553
85.74863206765048,0.9895184913950934,0.9744755244755244,0.9003407155025553
85.75692256673852,0.9895184913950934,0.9744755244755244,0.9003407155025553
85.76521306582656,0.9895642621750275,0.9746503496503497,0.9003407155025553
85.7735035649146,0.9896100329549615,0.9748251748251748,0.9003407155025553
85.78179406400265,0.9896100329549615,0.9748251748251748,0.9011925042589438
85.7900845630907,0.9896100329549615,0.9748251748251748,0.9011925042589438
85.79837506217875,0.9896100329549615,0.9748251748251748,0.9011925042589438
85.80666556126678,0.9897015745148298,0.975,0.9011925042589438
85.81495606035483,0.9897015745148298,0.975,0.9011925042589438
85.82324655944288,0.9897015745148298,0.975,0.9011925042589438
85.83153705853093,0.9897015745148298,0.975,0.9011925042589438
85.83982755761897,0.9897015745148298,0.975,0.9011925042589438
85.84811805670701,0.9897015745148298,0.975,0.9011925042589438
85.85640855579506,0.9897015745148298,0.975,0.9011925042589438
85.8646990548831,0.9897015745148298,0.975,0.9011925042589438
85.87298955397115,0.9897015745148298,0.975,0.9011925042589438
85.8812800530592,0.9897015745148298,0.975,0.9011925042589438
85.88957055214723,0.9897015745148298,0.975,0.9011925042589438
85.89786105123528,0.9897015745148298,0.975,0.9011925042589438
85.90615155032333,0.9897931160746979,0.9751748251748251,0.9011925042589438
85.91444204941138,0.9897931160746979,0.9751748251748251,0.9011925042589438
85.92273254849943,0.9897931160746979,0.9751748251748251,0.9011925042589438
85.93102304758746,0.9897931160746979,0.9751748251748251,0.9011925042589438
85.9393135466755,0.9897931160746979,0.9751748251748251,0.9011925042589438
85.94760404576355,0.9897931160746979,0.9751748251748251,0.9011925042589438
85.9558945448516,0.9897931160746979,0.9751748251748251,0.9011925042589438
85.96418504393965,0.9897931160746979,0.9751748251748251,0.9011925042589438
85.97247554302768,0.989838886854632,0.9753496503496504,0.9020442930153322
85.98076604211573,0.989838886854632,0.9753496503496504,0.9020442930153322
85.98905654120378,0.989838886854632,0.9753496503496504,0.9020442930153322
85.99734704029183,0.989838886854632,0.9753496503496504,0.9020442930153322
86.00563753937988,0.989838886854632,0.9753496503496504,0.9020442930153322
86.01392803846791,0.989838886854632,0.9753496503496504,0.9020442930153322
86.02221853755596,0.989838886854632,0.9753496503496504,0.9020442930153322
86.030509036644,0.9898846576345661,0.9755244755244755,0.9020442930153322
86.03879953573205,0.9898846576345661,0.9755244755244755,0.9020442930153322
86.0470900348201,0.9898846576345661,0.9755244755244755,0.9020442930153322
86.05538053390814,0.9898846576345661,0.9755244755244755,0.9028960817717206
86.06367103299618,0.9898846576345661,0.9755244755244755,0.9028960817717206
86.07196153208423,0.9898846576345661,0.9755244755244755,0.9028960817717206
86.08025203117228,0.9898846576345661,0.9755244755244755,0.9028960817717206
86.08854253026033,0.9898846576345661,0.9755244755244755,0.9028960817717206
86.09683302934836,0.9899304284145002,0.9756993006993007,0.9028960817717206
86.10512352843641,0.9899304284145002,0.9756993006993007,0.9028960817717206
86.11341402752446,0.9899304284145002,0.9756993006993007,0.9028960817717206
86.1217045266125,0.9899304284145002,0.9756993006993007,0.9028960817717206
86.12999502570055,0.9901592823141706,0.9758741258741259,0.9028960817717206
86.13828552478859,0.9901592823141706,0.9758741258741259,0.9028960817717206
86.14657602387663,0.9901592823141706,0.9758741258741259,0.9028960817717206
86.15486652296468,0.9901592823141706,0.9758741258741259,0.9028960817717206
86.16315702205273,0.9901592823141706,0.9758741258741259,0.9028960817717206
86.17144752114078,0.9901592823141706,0.9758741258741259,0.9028960817717206
86.17973802022881,0.9901592823141706,0.9758741258741259,0.9028960817717206
86.18802851931686,0.9901592823141706,0.9758741258741259,0.9028960817717206
86.1963190184049,0.9901592823141706,0.9758741258741259,0.9028960817717206
86.20460951749295,0.9902050530941047,0.9760489510489511,0.9028960817717206
86.212900016581,0.9902050530941047,0.9760489510489511,0.9028960817717206
86.22119051566904,0.9902508238740388,0.9762237762237762,0.9028960817717206
86.22948101475708,0.9902508238740388,0.9762237762237762,0.9028960817717206
86.23777151384513,0.9902508238740388,0.9762237762237762,0.9028960817717206
86.24606201293318,0.9902508238740388,0.9762237762237762,0.9028960817717206
86.25435251202123,0.9902508238740388,0.9762237762237762,0.9028960817717206
86.26264301110926,0.9902508238740388,0.9762237762237762,0.9028960817717206
86.27093351019731,0.9902508238740388,0.9762237762237762,0.9028960817717206
86.27922400928536,0.9902508238740388,0.9762237762237762,0.9028960817717206
86.2875145083734,0.9902965946539729,0.9763986013986014,0.9028960817717206
86.29580500746145,0.9902965946539729,0.9763986013986014,0.9028960817717206
86.3040955065495,0.9902965946539729,0.9763986013986014,0.9028960817717206
86.31238600563753,0.9906627608934456,0.9765734265734266,0.9028960817717206
86.32067650472558,0.9906627608934456,0.9765734265734266,0.9028960817717206
86.32896700381363,0.9906627608934456,0.9765734265734266,0.9028960817717206
86.33725750290168,0.9906627608934456,0.9765734265734266,0.9028960817717206
86.34554800198973,0.9906627608934456,0.9765734265734266,0.9028960817717206
86.35383850107776,0.9907543024533138,0.9767482517482518,0.9028960817717206
86.36212900016581,0.9907543024533138,0.9767482517482518,0.9028960817717206
86.37041949925386,0.9907543024533138,0.9767482517482518,0.9028960817717206
86.3787099983419,0.9908000732332479,0.9769230769230769,0.9028960817717206
86.38700049742995,0.9908000732332479,0.9769230769230769,0.9028960817717206
86.39529099651799,0.9908000732332479,0.9769230769230769,0.9028960817717206
86.40358149560603,0.9908000732332479,0.9769230769230769,0.9028960817717206
86.41187199469408,0.9908000732332479,0.9769230769230769,0.9028960817717206
86.42016249378213,0.9908000732332479,0.9769230769230769,0.9028960817717206
86.42845299287018,0.9908000732332479,0.9769230769230769,0.9028960817717206
86.43674349195821,0.9908000732332479,0.9769230769230769,0.9028960817717206
86.44503399104626,0.9908000732332479,0.9769230769230769,0.903747870528109
86.4533244901343,0.9908000732332479,0.9769230769230769,0.903747870528109
86.46161498922235,0.9908000732332479,0.9769230769230769,0.903747870528109
86.4699054883104,0.9908000732332479,0.9769230769230769,0.903747870528109
86.47819598739844,0.9908000732332479,0.9769230769230769,0.903747870528109
86.48648648648648,0.9908000732332479,0.9769230769230769,0.903747870528109
86.49477698557453,0.9908000732332479,0.9769230769230769,0.903747870528109
86.50306748466258,0.9908000732332479,0.9769230769230769,0.903747870528109
86.51135798375063,0.9908000732332479,0.9769230769230769,0.903747870528109
86.51964848283866,0.990845844013182,0.9770979020979021,0.903747870528109
86.52793898192671,0.990845844013182,0.9770979020979021,0.903747870528109
86.53622948101476,0.990891614793116,0.9772727272727273,0.9045996592844975
86.5445199801028,0.990891614793116,0.9772727272727273,0.9045996592844975
86.55281047919085,0.990891614793116,0.9772727272727273,0.9045996592844975
86.56110097827889,0.990891614793116,0.9772727272727273,0.9045996592844975
86.56939147736693,0.990891614793116,0.9772727272727273,0.9045996592844975
86.57768197645498,0.990891614793116,0.9772727272727273,0.9045996592844975
86.58597247554303,0.990891614793116,0.9772727272727273,0.9045996592844975
86.59426297463108,0.990891614793116,0.9772727272727273,0.9045996592844975
86.60255347371911,0.990891614793116,0.9772727272727273,0.9045996592844975
86.61084397280716,0.990891614793116,0.9772727272727273,0.9045996592844975
86.61913447189521,0.990891614793116,0.9772727272727273,0.9045996592844975
86.62742497098326,0.990891614793116,0.9772727272727273,0.9045996592844975
86.6357154700713,0.990891614793116,0.9772727272727273,0.9045996592844975
86.64400596915934,0.990891614793116,0.9772727272727273,0.9045996592844975
86.65229646824739,0.990891614793116,0.9772727272727273,0.9045996592844975
86.66058696733543,0.990891614793116,0.9772727272727273,0.9045996592844975
86.66887746642348,0.990891614793116,0.9772727272727273,0.9045996592844975
86.67716796551153,0.990891614793116,0.9772727272727273,0.9045996592844975
86.68545846459956,0.990891614793116,0.9772727272727273,0.9045996592844975
86.69374896368761,0.990891614793116,0.9772727272727273,0.9045996592844975
86.70203946277566,0.990891614793116,0.9772727272727273,0.9045996592844975
86.7103299618637,0.990891614793116,0.9772727272727273,0.9045996592844975
86.71862046095175,0.990891614793116,0.9772727272727273,0.9045996592844975
86.72691096003979,0.990891614793116,0.9772727272727273,0.9045996592844975
86.73520145912784,0.9909373855730501,0.9774475524475524,0.9045996592844975
86.74349195821588,0.9909831563529843,0.9776223776223776,0.9045996592844975
86.75178245730393,0.9909831563529843,0.9776223776223776,0.9045996592844975
86.76007295639198,0.9909831563529843,0.9776223776223776,0.9045996592844975
86.76836345548001,0.9911204686927865,0.9777972027972028,0.9045996592844975
86.77665395456806,0.9911204686927865,0.9777972027972028,0.9054514480408858
86.78494445365611,0.9911204686927865,0.9777972027972028,0.9054514480408858
86.79323495274416,0.9911204686927865,0.9777972027972028,0.9054514480408858
86.8015254518322,0.9911204686927865,0.9777972027972028,0.9063032367972743
86.80981595092024,0.9911204686927865,0.9777972027972028,0.9063032367972743
86.81810645000829,0.9911204686927865,0.9777972027972028,0.9063032367972743
86.82639694909633,0.9911204686927865,0.9777972027972028,0.9071550255536627
86.83468744818438,0.9911204686927865,0.9777972027972028,0.9071550255536627
86.84297794727243,0.9911204686927865,0.9777972027972028,0.9071550255536627
86.85126844636046,0.9911662394727206,0.977972027972028,0.9071550255536627
86.85955894544851,0.9911662394727206,0.977972027972028,0.9071550255536627
86.86784944453656,0.9911662394727206,0.977972027972028,0.9071550255536627
86.87613994362461,0.9911662394727206,0.977972027972028,0.9071550255536627
86.88443044271266,0.9911662394727206,0.977972027972028,0.9071550255536627
86.89272094180069,0.9911662394727206,0.977972027972028,0.9071550255536627
86.90101144088874,0.9911662394727206,0.977972027972028,0.9071550255536627
86.90930193997679,0.9912577810325888,0.9781468531468531,0.9071550255536627
86.91759243906483,0.9912577810325888,0.9781468531468531,0.9071550255536627
86.92588293815288,0.9912577810325888,0.9781468531468531,0.9071550255536627
86.93417343724091,0.9912577810325888,0.9781468531468531,0.9071550255536627
86.94246393632896,0.9912577810325888,0.9781468531468531,0.9071550255536627
86.95075443541701,0.9913035518125228,0.9783216783216783,0.9071550255536627
86.95904493450506,0.9913035518125228,0.9783216783216783,0.9080068143100511
86.9673354335931,0.9913035518125228,0.9783216783216783,0.9080068143100511
86.97562593268115,0.9913035518125228,0.9783216783216783,0.9080068143100511
86.98391643176919,0.9913035518125228,0.9783216783216783,0.9080068143100511
86.99220693085724,0.9913035518125228,0.9783216783216783,0.9080068143100511
87.00049742994528,0.9913035518125228,0.9783216783216783,0.9080068143100511
87.00878792903333,0.9913035518125228,0.9783216783216783,0.9080068143100511
87.01707842812138,0.9913035518125228,0.9783216783216783,0.9080068143100511
87.02536892720941,0.991349322592457,0.9784965034965035,0.9080068143100511
87.03365942629746,0.991349322592457,0.9784965034965035,0.9088586030664395
87.04194992538551,0.9913950933723911,0.9786713286713287,0.9088586030664395
87.05024042447356,0.9913950933723911,0.9786713286713287,0.9088586030664395
87.0585309235616,0.9913950933723911,0.9786713286713287,0.9088586030664395
87.06682142264964,0.9913950933723911,0.9786713286713287,0.9088586030664395
87.07511192173769,0.9913950933723911,0.9786713286713287,0.9088586030664395
87.08340242082573,0.9914408641523251,0.9788461538461538,0.9088586030664395
87.09169291991378,0.9914408641523251,0.9788461538461538,0.9088586030664395
87.09998341900183,0.9914408641523251,0.9788461538461538,0.9088586030664395
87.10827391808986,0.9914408641523251,0.9788461538461538,0.9088586030664395
87.11656441717791,0.9914408641523251,0.9788461538461538,0.9088586030664395
87.12485491626596,0.9914408641523251,0.9788461538461538,0.9088586030664395
87.13314541535401,0.9914408641523251,0.9788461538461538,0.9088586030664395
87.14143591444206,0.9914408641523251,0.9788461538461538,0.9088586030664395
87.14972641353009,0.9914408641523251,0.9788461538461538,0.9088586030664395
87.15801691261814,0.9914408641523251,0.9788461538461538,0.909710391822828
87.16630741170619,0.9914408641523251,0.9788461538461538,0.909710391822828
87.17459791079423,0.9914408641523251,0.9788461538461538,0.909710391822828
87.18288840988228,0.9914866349322592,0.9790209790209791,0.909710391822828
87.19117890897031,0.9914866349322592,0.9790209790209791,0.909710391822828
87.19946940805836,0.9914866349322592,0.9790209790209791,0.909710391822828
87.20775990714641,0.9914866349322592,0.9790209790209791,0.909710391822828
87.21605040623446,0.9914866349322592,0.9790209790209791,0.909710391822828
87.2243409053225,0.9914866349322592,0.9790209790209791,0.909710391822828
87.23263140441054,0.9914866349322592,0.9790209790209791,0.909710391822828
87.24092190349859,0.9914866349322592,0.9790209790209791,0.909710391822828
87.24921240258664,0.9914866349322592,0.9790209790209791,0.909710391822828
87.25750290167468,0.9915324057121934,0.9791958041958042,0.909710391822828
87.26579340076273,0.9915324057121934,0.9791958041958042,0.909710391822828
87.27408389985077,0.9915324057121934,0.9791958041958042,0.909710391822828
87.28237439893881,0.9915324057121934,0.9791958041958042,0.909710391822828
87.29066489802686,0.9915324057121934,0.9791958041958042,0.909710391822828
87.29895539711491,0.9915324057121934,0.9791958041958042,0.909710391822828
87.30724589620296,0.9915324057121934,0.9791958041958042,0.909710391822828
87.31553639529099,0.9915324057121934,0.9791958041958042,0.909710391822828
87.32382689437904,0.9915324057121934,0.9791958041958042,0.909710391822828
87.33211739346709,0.9915324057121934,0.9791958041958042,0.909710391822828
87.34040789255513,0.9915324057121934,0.9791958041958042,0.909710391822828
87.34869839164318,0.9915324057121934,0.9791958041958042,0.909710391822828
87.35698889073122,0.9915324057121934,0.9791958041958042,0.9105621805792163
87.36527938981926,0.9915324057121934,0.9791958041958042,0.9105621805792163
87.37356988890731,0.9915781764921274,0.9793706293706294,0.9105621805792163
87.38186038799536,0.9916239472720615,0.9795454545454545,0.9114139693356048
87.39015088708341,0.9916239472720615,0.9795454545454545,0.9114139693356048
87.39844138617144,0.9916239472720615,0.9795454545454545,0.9114139693356048
87.40673188525949,0.9917154888319297,0.9797202797202798,0.9114139693356048
87.41502238434754,0.9917154888319297,0.9797202797202798,0.9114139693356048
87.42331288343559,0.9917612596118638,0.9798951048951049,0.9114139693356048
87.43160338252363,0.9917612596118638,0.9798951048951049,0.9114139693356048
87.43989388161167,0.9917612596118638,0.9798951048951049,0.9114139693356048
87.44818438069971,0.9918070303917979,0.98006993006993,0.9114139693356048
87.45647487978776,0.9918070303917979,0.98006993006993,0.9114139693356048
87.46476537887581,0.9918070303917979,0.98006993006993,0.9114139693356048
87.47305587796386,0.9918070303917979,0.98006993006993,0.9114139693356048
87.48134637705189,0.9918528011717319,0.9802447552447553,0.9114139693356048
87.48963687613994,0.9918528011717319,0.9802447552447553,0.9122657580919932
87.49792737522799,0.9918528011717319,0.9802447552447553,0.9122657580919932
87.50621787431604,0.9918528011717319,0.9802447552447553,0.9122657580919932
87.51450837340408,0.9918528011717319,0.9802447552447553,0.9122657580919932
87.52279887249212,0.9918528011717319,0.9802447552447553,0.9122657580919932
87.53108937158017,0.9918528011717319,0.9802447552447553,0.9122657580919932
87.53937987066821,0.9918528011717319,0.9802447552447553,0.9122657580919932
87.54767036975626,0.9918528011717319,0.9802447552447553,0.9122657580919932
87.55596086884431,0.9918528011717319,0.9802447552447553,0.9122657580919932
87.56425136793234,0.9918528011717319,0.9802447552447553,0.9122657580919932
87.57254186702039,0.9918528011717319,0.9802447552447553,0.9122657580919932
87.58083236610844,0.9918528011717319,0.9802447552447553,0.9122657580919932
87.58912286519649,0.9918528011717319,0.9802447552447553,0.9122657580919932
87.59741336428453,0.9918528011717319,0.9802447552447553,0.9122657580919932
87.60570386337257,0.9918528011717319,0.9802447552447553,0.9122657580919932
87.61399436246062,0.9918528011717319,0.9802447552447553,0.9122657580919932
87.62228486154866,0.9918528011717319,0.9802447552447553,0.9122657580919932
87.63057536063671,0.9918528011717319,0.9802447552447553,0.9131175468483816
87.63886585972476,0.9918528011717319,0.9802447552447553,0.9131175468483816
87.6471563588128,0.9918528011717319,0.9802447552447553,0.9131175468483816
87.65544685790084,0.9918528011717319,0.9802447552447553,0.9131175468483816
87.66373735698889,0.9918528011717319,0.9802447552447553,0.9131175468483816
87.67202785607694,0.9918985719516661,0.9804195804195804,0.9131175468483816
87.68031835516499,0.9918985719516661,0.9804195804195804,0.9131175468483816
87.68860885425303,0.9918985719516661,0.9804195804195804,0.9131175468483816
87.69689935334107,0.9918985719516661,0.9804195804195804,0.9131175468483816
87.70518985242911,0.9918985719516661,0.9804195804195804,0.9131175468483816
87.71348035151716,0.9918985719516661,0.9804195804195804,0.9131175468483816
87.72177085060521,0.9918985719516661,0.9804195804195804,0.9131175468483816
87.73006134969326,0.9919443427316001,0.9805944055944056,0.9131175468483816
87.73835184878129,0.9919443427316001,0.9805944055944056,0.9131175468483816
87.74664234786934,0.9919443427316001,0.9805944055944056,0.9131175468483816
87.75493284695739,0.9919443427316001,0.9805944055944056,0.9131175468483816
87.76322334604544,0.9919443427316001,0.9805944055944056,0.9131175468483816
87.77151384513348,0.9919443427316001,0.9805944055944056,0.9131175468483816
87.77980434422152,0.9919443427316001,0.9805944055944056,0.9131175468483816
87.78809484330957,0.9919443427316001,0.9805944055944056,0.9131175468483816
87.79638534239761,0.9919443427316001,0.9805944055944056,0.9131175468483816
87.80467584148566,0.9919443427316001,0.9805944055944056,0.9131175468483816
87.81296634057371,0.9919443427316001,0.9805944055944056,0.9131175468483816
87.82125683966174,0.9919443427316001,0.9805944055944056,0.9131175468483816
87.82954733874979,0.9919443427316001,0.9805944055944056,0.9131175468483816
87.83783783783784,0.9919443427316001,0.9805944055944056,0.9131175468483816
87.84612833692589,0.9919443427316001,0.9805944055944056,0.9131175468483816
87.85441883601393,0.9919443427316001,0.9805944055944056,0.9131175468483816
87.86270933510197,0.9919443427316001,0.9805944055944056,0.9131175468483816
87.87099983419002,0.9919901135115342,0.9807692307692307,0.9131175468483816
87.87929033327806,0.9919901135115342,0.9807692307692307,0.9131175468483816
87.88758083236611,0.9919901135115342,0.9807692307692307,0.9131175468483816
87.89587133145416,0.9919901135115342,0.9807692307692307,0.9131175468483816
87.9041618305422,0.9919901135115342,0.9807692307692307,0.9131175468483816
87.91245232963024,0.9919901135115342,0.9807692307692307,0.9131175468483816
87.92074282871829,0.9919901135115342,0.9807692307692307,0.9131175468483816
87.92903332780634,0.9919901135115342,0.9807692307692307,0.9131175468483816
87.93732382689439,0.9919901135115342,0.9807692307692307,0.9131175468483816
87.94561432598242,0.9920358842914683,0.980944055944056,0.9131175468483816
87.95390482507047,0.9920358842914683,0.980944055944056,0.9131175468483816
87.96219532415851,0.9920358842914683,0.980944055944056,0.9131175468483816
87.97048582324656,0.9920358842914683,0.980944055944056,0.9131175468483816
87.97877632233461,0.9920358842914683,0.980944055944056,0.9131175468483816
87.98706682142264,0.9920358842914683,0.980944055944056,0.9131175468483816
87.99535732051069,0.9920358842914683,0.980944055944056,0.9131175468483816
88.00364781959874,0.9920358842914683,0.980944055944056,0.9131175468483816
88.01193831868679,0.9920358842914683,0.980944055944056,0.9131175468483816
88.02022881777484,0.9920358842914683,0.980944055944056,0.9131175468483816
88.02851931686287,0.9920816550714024,0.9811188811188811,0.9131175468483816
88.03680981595092,0.9920816550714024,0.9811188811188811,0.9131175468483816
88.04510031503897,0.9920816550714024,0.9811188811188811,0.9131175468483816
88.05339081412701,0.9920816550714024,0.9811188811188811,0.9131175468483816
88.06168131321506,0.9920816550714024,0.9811188811188811,0.9131175468483816
88.0699718123031,0.9920816550714024,0.9811188811188811,0.9131175468483816
88.07826231139114,0.9920816550714024,0.9811188811188811,0.9131175468483816
88.08655281047919,0.9920816550714024,0.9811188811188811,0.9131175468483816
88.09484330956724,0.9920816550714024,0.9811188811188811,0.9131175468483816
88.10313380865529,0.9920816550714024,0.9811188811188811,0.9131175468483816
88.11142430774332,0.9920816550714024,0.9811188811188811,0.9131175468483816
88.11971480683137,0.9920816550714024,0.9811188811188811,0.9131175468483816
88.12800530591942,0.9920816550714024,0.9811188811188811,0.9131175468483816
88.13629580500746,0.9920816550714024,0.9811188811188811,0.91396933560477
88.14458630409551,0.9920816550714024,0.9811188811188811,0.91396933560477
88.15287680318355,0.9920816550714024,0.9811188811188811,0.91396933560477
88.1611673022716,0.9920816550714024,0.9811188811188811,0.91396933560477
88.16945780135964,0.9920816550714024,0.9811188811188811,0.91396933560477
88.17774830044769,0.9920816550714024,0.9811188811188811,0.91396933560477
88.18603879953574,0.9920816550714024,0.9811188811188811,0.91396933560477
88.19432929862377,0.9920816550714024,0.9811188811188811,0.91396933560477
88.20261979771182,0.9920816550714024,0.9811188811188811,0.91396933560477
88.21091029679987,0.9920816550714024,0.9811188811188811,0.91396933560477
88.21920079588791,0.9920816550714024,0.9811188811188811,0.91396933560477
88.22749129497596,0.9920816550714024,0.9811188811188811,0.91396933560477
88.235781794064,0.9920816550714024,0.9811188811188811,0.91396933560477
88.24407229315204,0.9920816550714024,0.9811188811188811,0.91396933560477
88.25236279224009,0.9921274258513365,0.9812937062937063,0.9148211243611585
88.26065329132814,0.9921274258513365,0.9812937062937063,0.9148211243611585
88.26894379041619,0.9921274258513365,0.9812937062937063,0.9148211243611585
88.27723428950422,0.9921274258513365,0.9812937062937063,0.9148211243611585
88.28552478859227,0.9921274258513365,0.9812937062937063,0.9148211243611585
88.29381528768032,0.9921274258513365,0.9812937062937063,0.9148211243611585
88.30210578676837,0.9921274258513365,0.9812937062937063,0.9148211243611585
88.31039628585641,0.9921274258513365,0.9812937062937063,0.9148211243611585
88.31868678494445,0.9921274258513365,0.9812937062937063,0.9156729131175468
88.3269772840325,0.9921274258513365,0.9812937062937063,0.9156729131175468
88.33526778312054,0.9921274258513365,0.9812937062937063,0.9156729131175468
88.34355828220859,0.9921274258513365,0.9812937062937063,0.9156729131175468
88.35184878129664,0.9921274258513365,0.9812937062937063,0.9165247018739353
88.36013928038467,0.9921274258513365,0.9812937062937063,0.9165247018739353
88.36842977947272,0.9921274258513365,0.9812937062937063,0.9165247018739353
88.37672027856077,0.9921274258513365,0.9812937062937063,0.9165247018739353
88.38501077764882,0.9921274258513365,0.9812937062937063,0.9165247018739353
88.39330127673686,0.9921274258513365,0.9812937062937063,0.9165247018739353
88.40159177582491,0.9921274258513365,0.9812937062937063,0.9165247018739353
88.40988227491295,0.9921274258513365,0.9812937062937063,0.9165247018739353
88.418172774001,0.9921274258513365,0.9812937062937063,0.9165247018739353
88.42646327308904,0.9921274258513365,0.9812937062937063,0.9165247018739353
88.43475377217709,0.9921274258513365,0.9812937062937063,0.9173764906303237
88.44304427126514,0.9921731966312706,0.9814685314685314,0.9173764906303237
88.45133477035317,0.9921731966312706,0.9814685314685314,0.9173764906303237
88.45962526944122,0.9921731966312706,0.9814685314685314,0.9173764906303237
88.46791576852927,0.9921731966312706,0.9814685314685314,0.9173764906303237
88.47620626761731,0.9921731966312706,0.9814685314685314,0.9173764906303237
88.48449676670536,0.9921731966312706,0.9814685314685314,0.9173764906303237
88.4927872657934,0.9921731966312706,0.9814685314685314,0.9173764906303237
88.50107776488144,0.9921731966312706,0.9814685314685314,0.9173764906303237
88.50936826396949,0.9921731966312706,0.9814685314685314,0.9173764906303237
88.51765876305754,0.9921731966312706,0.9814685314685314,0.9173764906303237
88.52594926214559,0.9921731966312706,0.9814685314685314,0.9173764906303237
88.53423976123362,0.9921731966312706,0.9814685314685314,0.9173764906303237
88.54253026032167,0.9921731966312706,0.9814685314685314,0.9173764906303237
88.55082075940972,0.9921731966312706,0.9814685314685314,0.9173764906303237
88.55911125849777,0.9922189674112046,0.9816433566433567,0.9173764906303237
88.56740175758581,0.9922189674112046,0.9816433566433567,0.9173764906303237
88.57569225667385,0.9922189674112046,0.9816433566433567,0.9173764906303237
88.5839827557619,0.9922189674112046,0.9816433566433567,0.9173764906303237
88.59227325484994,0.9922189674112046,0.9816433566433567,0.9173764906303237
88.60056375393799,0.9922189674112046,0.9816433566433567,0.9173764906303237
88.60885425302604,0.9922189674112046,0.9816433566433567,0.9173764906303237
88.61714475211407,0.9922189674112046,0.9816433566433567,0.9173764906303237
88.62543525120212,0.9922189674112046,0.9816433566433567,0.9182282793867121
88.63372575029017,0.9922189674112046,0.9816433566433567,0.9182282793867121
88.64201624937822,0.9922189674112046,0.9816433566433567,0.9182282793867121
88.65030674846626,0.9922189674112046,0.9816433566433567,0.9182282793867121
88.6585972475543,0.9922189674112046,0.9816433566433567,0.9182282793867121
88.66688774664235,0.9922189674112046,0.9816433566433567,0.9182282793867121
88.6751782457304,0.9922189674112046,0.9816433566433567,0.9182282793867121
88.68346874481844,0.9922189674112046,0.9816433566433567,0.9182282793867121
88.69175924390649,0.9922189674112046,0.9816433566433567,0.9182282793867121
88.70004974299452,0.9923105089710729,0.9818181818181818,0.9182282793867121
88.70834024208257,0.9923105089710729,0.9818181818181818,0.9182282793867121
88.71663074117062,0.9923105089710729,0.9818181818181818,0.9182282793867121
88.72492124025867,0.9923105089710729,0.9818181818181818,0.9182282793867121
88.73321173934671,0.9923562797510069,0.981993006993007,0.9182282793867121
88.74150223843475,0.9923562797510069,0.981993006993007,0.9182282793867121
88.7497927375228,0.9923562797510069,0.981993006993007,0.9190800681431005
88.75808323661084,0.9923562797510069,0.981993006993007,0.9190800681431005
88.76637373569889,0.9923562797510069,0.981993006993007,0.9190800681431005
88.77466423478694,0.9923562797510069,0.981993006993007,0.9190800681431005
88.78295473387497,0.9923562797510069,0.981993006993007,0.9190800681431005
88.79124523296302,0.9923562797510069,0.981993006993007,0.9190800681431005
88.79953573205107,0.9923562797510069,0.981993006993007,0.9190800681431005
88.80782623113912,0.9924478213108752,0.9821678321678322,0.9190800681431005
88.81611673022717,0.9924478213108752,0.9821678321678322,0.9190800681431005
88.8244072293152,0.9924478213108752,0.9821678321678322,0.919931856899489
88.83269772840325,0.9924478213108752,0.9821678321678322,0.919931856899489
88.8409882274913,0.9924478213108752,0.9821678321678322,0.919931856899489
88.84927872657934,0.9924478213108752,0.9821678321678322,0.919931856899489
88.85756922566739,0.9925393628707433,0.9823426573426574,0.919931856899489
88.86585972475542,0.9925393628707433,0.9823426573426574,0.919931856899489
88.87415022384347,0.9925393628707433,0.9823426573426574,0.919931856899489
88.88244072293152,0.9925393628707433,0.9823426573426574,0.919931856899489
88.89073122201957,0.9925851336506774,0.9825174825174825,0.919931856899489
88.89902172110762,0.9925851336506774,0.9825174825174825,0.919931856899489
88.90731222019565,0.9925851336506774,0.9825174825174825,0.919931856899489
88.9156027192837,0.9925851336506774,0.9825174825174825,0.919931856899489
88.92389321837175,0.9926309044306115,0.9826923076923076,0.919931856899489
88.9321837174598,0.9926766752105456,0.9828671328671329,0.919931856899489
88.94047421654784,0.9926766752105456,0.9828671328671329,0.919931856899489
88.94876471563587,0.9926766752105456,0.9828671328671329,0.919931856899489
88.95705521472392,0.9926766752105456,0.9828671328671329,0.919931856899489
88.96534571381197,0.9926766752105456,0.9828671328671329,0.919931856899489
88.97363621290002,0.9926766752105456,0.9828671328671329,0.919931856899489
88.98192671198807,0.9926766752105456,0.9828671328671329,0.919931856899489
88.9902172110761,0.9926766752105456,0.9828671328671329,0.919931856899489
88.99850771016415,0.9926766752105456,0.9828671328671329,0.919931856899489
89.0067982092522,0.9926766752105456,0.9828671328671329,0.919931856899489
89.01508870834024,0.9926766752105456,0.9828671328671329,0.919931856899489
89.02337920742829,0.9926766752105456,0.9828671328671329,0.919931856899489
89.03166970651633,0.9926766752105456,0.9828671328671329,0.919931856899489
89.03996020560437,0.9926766752105456,0.9828671328671329,0.919931856899489
89.04825070469242,0.9926766752105456,0.9828671328671329,0.9207836456558773
89.05654120378047,0.9926766752105456,0.9828671328671329,0.9207836456558773
89.06483170286852,0.9927682167704137,0.983041958041958,0.9207836456558773
89.07312220195655,0.9927682167704137,0.983041958041958,0.9207836456558773
89.0814127010446,0.9927682167704137,0.983041958041958,0.9207836456558773
89.08970320013265,0.9927682167704137,0.983041958041958,0.9207836456558773
89.0979936992207,0.9927682167704137,0.983041958041958,0.9207836456558773
89.10628419830874,0.9927682167704137,0.983041958041958,0.9207836456558773
89.11457469739679,0.9927682167704137,0.983041958041958,0.9207836456558773
89.12286519648482,0.9927682167704137,0.983041958041958,0.9207836456558773
89.13115569557287,0.9927682167704137,0.983041958041958,0.9207836456558773
89.13944619466092,0.9927682167704137,0.983041958041958,0.9216354344122658
89.14773669374897,0.9927682167704137,0.983041958041958,0.9216354344122658
89.15602719283702,0.9927682167704137,0.983041958041958,0.9216354344122658
89.16431769192505,0.9927682167704137,0.983041958041958,0.9216354344122658
89.1726081910131,0.9927682167704137,0.983041958041958,0.9216354344122658
89.18089869010115,0.9927682167704137,0.983041958041958,0.9216354344122658
89.1891891891892,0.9927682167704137,0.983041958041958,0.9216354344122658
89.19747968827724,0.9928139875503479,0.9832167832167832,0.9216354344122658
89.20577018736527,0.9928139875503479,0.9832167832167832,0.9216354344122658
89.21406068645332,0.9928139875503479,0.9832167832167832,0.9216354344122658
89.22235118554137,0.9928139875503479,0.9832167832167832,0.9216354344122658
89.23064168462942,0.9928139875503479,0.9832167832167832,0.9216354344122658
89.23893218371747,0.9928139875503479,0.9832167832167832,0.9216354344122658
89.2472226828055,0.9928139875503479,0.9832167832167832,0.9216354344122658
89.25551318189355,0.9928139875503479,0.9832167832167832,0.9216354344122658
89.2638036809816,0.9928139875503479,0.9832167832167832,0.9216354344122658
89.27209418006964,0.9928139875503479,0.9832167832167832,0.9216354344122658
89.28038467915769,0.9928139875503479,0.9832167832167832,0.9216354344122658
89.28867517824573,0.9928139875503479,0.9832167832167832,0.9216354344122658
89.29696567733377,0.9928139875503479,0.9832167832167832,0.9216354344122658
89.30525617642182,0.9928139875503479,0.9832167832167832,0.9216354344122658
89.31354667550987,0.9928139875503479,0.9832167832167832,0.9216354344122658
89.32183717459792,0.9929512998901501,0.9833916083916084,0.9216354344122658
89.33012767368595,0.9929512998901501,0.9833916083916084,0.9216354344122658
89.338418172774,0.9929512998901501,0.9833916083916084,0.9216354344122658
89.34670867186205,0.9929512998901501,0.9833916083916084,0.9216354344122658
89.3549991709501,0.9929512998901501,0.9833916083916084,0.9216354344122658
89.36328967003814,0.9929512998901501,0.9833916083916084,0.9216354344122658
89.37158016912618,0.9929512998901501,0.9833916083916084,0.9216354344122658
89.37987066821422,0.9929512998901501,0.9833916083916084,0.9216354344122658
89.38816116730227,0.9929512998901501,0.9833916083916084,0.9216354344122658
89.39645166639032,0.9929512998901501,0.9833916083916084,0.9216354344122658
89.40474216547837,0.9929970706700842,0.9835664335664336,0.9216354344122658
89.4130326645664,0.9929970706700842,0.9835664335664336,0.9216354344122658
89.42132316365445,0.9929970706700842,0.9835664335664336,0.9216354344122658
89.4296136627425,0.9929970706700842,0.9835664335664336,0.9216354344122658
89.43790416183055,0.9929970706700842,0.9835664335664336,0.9216354344122658
89.4461946609186,0.9929970706700842,0.9835664335664336,0.9216354344122658
89.45448516000663,0.9929970706700842,0.9835664335664336,0.9216354344122658
89.46277565909467,0.9929970706700842,0.9835664335664336,0.9216354344122658
89.47106615818272,0.9929970706700842,0.9835664335664336,0.9216354344122658
89.47935665727077,0.9929970706700842,0.9835664335664336,0.9216354344122658
89.48764715635882,0.9929970706700842,0.9835664335664336,0.9216354344122658
89.49593765544685,0.9929970706700842,0.9835664335664336,0.9216354344122658
89.5042281545349,0.9929970706700842,0.9835664335664336,0.9216354344122658
89.51251865362295,0.9929970706700842,0.9835664335664336,0.9216354344122658
89.520809152711,0.9930428414500183,0.9837412587412587,0.9224872231686542
89.52909965179904,0.9930428414500183,0.9837412587412587,0.9224872231686542
89.53739015088708,0.9930428414500183,0.9837412587412587,0.9233390119250426
89.54568064997513,0.9930428414500183,0.9837412587412587,0.9233390119250426
89.55397114906317,0.9930428414500183,0.9837412587412587,0.9233390119250426
89.56226164815122,0.9930428414500183,0.9837412587412587,0.924190800681431
89.57055214723927,0.9930428414500183,0.9837412587412587,0.924190800681431
89.5788426463273,0.9930428414500183,0.9837412587412587,0.924190800681431
89.58713314541535,0.9930428414500183,0.9837412587412587,0.9250425894378195
89.5954236445034,0.9930428414500183,0.9837412587412587,0.9250425894378195
89.60371414359145,0.9930428414500183,0.9837412587412587,0.9250425894378195
89.6120046426795,0.9930428414500183,0.9837412587412587,0.9250425894378195
89.62029514176753,0.9930428414500183,0.9837412587412587,0.9250425894378195
89.62858564085558,0.9930428414500183,0.9837412587412587,0.9250425894378195
89.63687613994362,0.9930428414500183,0.9837412587412587,0.9250425894378195
89.64516663903167,0.9930428414500183,0.9837412587412587,0.9250425894378195
89.65345713811972,0.9930428414500183,0.9837412587412587,0.9250425894378195
89.66174763720775,0.9930428414500183,0.9837412587412587,0.9250425894378195
89.6700381362958,0.9930428414500183,0.9837412587412587,0.9250425894378195
89.67832863538385,0.9930886122299524,0.9839160839160839,0.9250425894378195
89.6866191344719,0.9930886122299524,0.9839160839160839,0.9250425894378195
89.69490963355994,0.9930886122299524,0.9839160839160839,0.9250425894378195
89.70320013264798,0.9930886122299524,0.9839160839160839,0.9250425894378195
89.71149063173603,0.9930886122299524,0.9839160839160839,0.9250425894378195
89.71978113082407,0.9930886122299524,0.9839160839160839,0.9250425894378195
89.72807162991212,0.9930886122299524,0.9839160839160839,0.9250425894378195
89.73636212900017,0.9931801537898206,0.9840909090909091,0.9250425894378195
89.7446526280882,0.9931801537898206,0.9840909090909091,0.9250425894378195
89.75294312717625,0.9931801537898206,0.9840909090909091,0.9250425894378195
89.7612336262643,0.9931801537898206,0.9840909090909091,0.9250425894378195
89.76952412535235,0.9931801537898206,0.9840909090909091,0.9250425894378195
89.7778146244404,0.9931801537898206,0.9840909090909091,0.9250425894378195
89.78610512352843,0.9931801537898206,0.9840909090909091,0.9250425894378195
89.79439562261648,0.9931801537898206,0.9840909090909091,0.9250425894378195
89.80268612170453,0.9931801537898206,0.9840909090909091,0.9250425894378195
89.81097662079257,0.9931801537898206,0.9840909090909091,0.9250425894378195
89.81926711988062,0.9931801537898206,0.9840909090909091,0.9250425894378195
89.82755761896867,0.9931801537898206,0.9840909090909091,0.9250425894378195
89.8358481180567,0.9931801537898206,0.9840909090909091,0.9258943781942078
89.84413861714475,0.9931801537898206,0.9840909090909091,0.9258943781942078
89.8524291162328,0.9931801537898206,0.9840909090909091,0.9258943781942078
89.86071961532085,0.9931801537898206,0.9840909090909091,0.9258943781942078
89.8690101144089,0.9931801537898206,0.9840909090909091,0.9258943781942078
89.87730061349693,0.9933174661296228,0.9842657342657343,0.9258943781942078
89.88559111258498,0.9933174661296228,0.9842657342657343,0.9258943781942078
89.89388161167302,0.9933174661296228,0.9842657342657343,0.9258943781942078
89.90217211076107,0.9933174661296228,0.9842657342657343,0.9258943781942078
89.91046260984912,0.9933174661296228,0.9842657342657343,0.9258943781942078
89.91875310893715,0.993409007689491,0.9844405594405594,0.9258943781942078
89.9270436080252,0.993409007689491,0.9844405594405594,0.9267461669505963
89.93533410711325,0.993409007689491,0.9844405594405594,0.9267461669505963
89.9436246062013,0.993409007689491,0.9844405594405594,0.9267461669505963
89.95191510528934,0.993409007689491,0.9844405594405594,0.9267461669505963
89.96020560437738,0.993409007689491,0.9844405594405594,0.9275979557069847
89.96849610346543,0.993409007689491,0.9844405594405594,0.9275979557069847
89.97678660255347,0.993409007689491,0.9844405594405594,0.9275979557069847
89.98507710164152,0.993409007689491,0.9844405594405594,0.9275979557069847
89.99336760072957,0.993409007689491,0.9844405594405594,0.9275979557069847
90.0016580998176,0.993409007689491,0.9844405594405594,0.9275979557069847
90.00994859890565,0.993409007689491,0.9844405594405594,0.9275979557069847
90.0182390979937,0.993409007689491,0.9844405594405594,0.9275979557069847
90.02652959708175,0.993409007689491,0.9844405594405594,0.9275979557069847
90.0348200961698,0.993409007689491,0.9844405594405594,0.9275979557069847
90.04311059525783,0.993409007689491,0.9844405594405594,0.9275979557069847
90.05140109434588,0.993409007689491,0.9844405594405594,0.9275979557069847
90.05969159343393,0.993409007689491,0.9844405594405594,0.9275979557069847
90.06798209252197,0.993409007689491,0.9844405594405594,0.9284497444633731
90.07627259161002,0.993409007689491,0.9844405594405594,0.9284497444633731
90.08456309069805,0.9936378615891615,0.9846153846153847,0.9284497444633731
90.0928535897861,0.9936378615891615,0.9846153846153847,0.9284497444633731
90.10114408887415,0.9936378615891615,0.9846153846153847,0.9284497444633731
90.1094345879622,0.9936378615891615,0.9846153846153847,0.9284497444633731
90.11772508705025,0.9936836323690955,0.9847902097902098,0.9284497444633731
90.12601558613828,0.9936836323690955,0.9847902097902098,0.9284497444633731
90.13430608522633,0.9936836323690955,0.9847902097902098,0.9284497444633731
90.14259658431438,0.9936836323690955,0.9847902097902098,0.9284497444633731
90.15088708340242,0.9936836323690955,0.9847902097902098,0.9284497444633731
90.15917758249047,0.9937294031490297,0.984965034965035,0.9293015332197615
90.1674680815785,0.9937294031490297,0.984965034965035,0.9293015332197615
90.17575858066655,0.9937294031490297,0.984965034965035,0.9293015332197615
90.1840490797546,0.9937294031490297,0.984965034965035,0.9293015332197615
90.19233957884265,0.9937294031490297,0.984965034965035,0.9293015332197615
90.2006300779307,0.9937294031490297,0.984965034965035,0.9293015332197615
90.20892057701873,0.9937294031490297,0.984965034965035,0.9293015332197615
90.21721107610678,0.9937294031490297,0.984965034965035,0.9293015332197615
90.22550157519483,0.9937294031490297,0.984965034965035,0.9293015332197615
90.23379207428287,0.9937294031490297,0.984965034965035,0.9293015332197615
90.24208257337092,0.9937294031490297,0.984965034965035,0.9293015332197615
90.25037307245896,0.9937294031490297,0.984965034965035,0.9293015332197615
90.258663571547,0.9937294031490297,0.984965034965035,0.9301533219761499
90.26695407063505,0.9937294031490297,0.984965034965035,0.9301533219761499
90.2752445697231,0.9937294031490297,0.984965034965035,0.9301533219761499
90.28353506881115,0.9937294031490297,0.984965034965035,0.9301533219761499
90.29182556789918,0.9937294031490297,0.984965034965035,0.9301533219761499
90.30011606698723,0.9937294031490297,0.984965034965035,0.9301533219761499
90.30840656607528,0.9937294031490297,0.984965034965035,0.9301533219761499
90.31669706516332,0.9937294031490297,0.984965034965035,0.9301533219761499
90.32498756425137,0.9937294031490297,0.984965034965035,0.9301533219761499
90.3332780633394,0.9937294031490297,0.984965034965035,0.9301533219761499
90.34156856242745,0.9937294031490297,0.984965034965035,0.9301533219761499
90.3498590615155,0.9937294031490297,0.984965034965035,0.9301533219761499
90.35814956060355,0.9937294031490297,0.984965034965035,0.9301533219761499
90.3664400596916,0.9937294031490297,0.984965034965035,0.9301533219761499
90.37473055877963,0.9937294031490297,0.984965034965035,0.9301533219761499
90.38302105786768,0.9937294031490297,0.984965034965035,0.9301533219761499
90.39131155695573,0.9937294031490297,0.984965034965035,0.9301533219761499
90.39960205604378,0.9937294031490297,0.984965034965035,0.9301533219761499
90.40789255513182,0.9937751739289638,0.9851398601398601,0.9310051107325383
90.41618305421986,0.9938209447088978,0.9853146853146854,0.9310051107325383
90.4244735533079,0.9938209447088978,0.9853146853146854,0.9310051107325383
90.43276405239595,0.9938209447088978,0.9853146853146854,0.9310051107325383
90.441054551484,0.9938209447088978,0.9853146853146854,0.9310051107325383
90.44934505057205,0.9938209447088978,0.9853146853146854,0.9310051107325383
90.45763554966008,0.9938209447088978,0.9853146853146854,0.9310051107325383
90.46592604874813,0.9938209447088978,0.9853146853146854,0.9310051107325383
90.47421654783618,0.9938209447088978,0.9853146853146854,0.9310051107325383
90.48250704692423,0.9938209447088978,0.9853146853146854,0.9310051107325383
90.49079754601227,0.9938209447088978,0.9853146853146854,0.9310051107325383
90.49908804510032,0.9938209447088978,0.9853146853146854,0.9310051107325383
90.50737854418836,0.993912486268766,0.9854895104895105,0.9310051107325383
90.5156690432764,0.993912486268766,0.9854895104895105,0.9310051107325383
90.52395954236445,0.993912486268766,0.9854895104895105,0.9310051107325383
90.5322500414525,0.993912486268766,0.9854895104895105,0.9310051107325383
90.54054054054055,0.993912486268766,0.9854895104895105,0.9318568994889267
90.54883103962858,0.9939582570487001,0.9856643356643356,0.9318568994889267
90.55712153871663,0.9939582570487001,0.9856643356643356,0.9327086882453152
90.56541203780468,0.9939582570487001,0.9856643356643356,0.9335604770017035
90.57370253689272,0.9939582570487001,0.9856643356643356,0.9335604770017035
90.58199303598077,0.9939582570487001,0.9856643356643356,0.9335604770017035
90.5902835350688,0.9939582570487001,0.9856643356643356,0.9335604770017035
90.59857403415685,0.9939582570487001,0.9856643356643356,0.9335604770017035
90.6068645332449,0.9939582570487001,0.9856643356643356,0.9335604770017035
90.61515503233295,0.9939582570487001,0.9856643356643356,0.9335604770017035
90.623445531421,0.9939582570487001,0.9856643356643356,0.9335604770017035
90.63173603050903,0.9940040278286342,0.9858391608391608,0.9335604770017035
90.64002652959708,0.9940040278286342,0.9858391608391608,0.9335604770017035
90.64831702868513,0.9940497986085682,0.986013986013986,0.9335604770017035
90.65660752777318,0.9940497986085682,0.986013986013986,0.9335604770017035
90.66489802686122,0.9940497986085682,0.986013986013986,0.9335604770017035
90.67318852594926,0.9940497986085682,0.986013986013986,0.9335604770017035
90.6814790250373,0.9940497986085682,0.986013986013986,0.9335604770017035
90.68976952412535,0.9940497986085682,0.986013986013986,0.9335604770017035
90.6980600232134,0.9940497986085682,0.986013986013986,0.9335604770017035
90.70635052230145,0.9940497986085682,0.986013986013986,0.9335604770017035
90.71464102138948,0.9940497986085682,0.986013986013986,0.934412265758092
90.72293152047753,0.9940497986085682,0.986013986013986,0.934412265758092
90.73122201956558,0.9940497986085682,0.986013986013986,0.934412265758092
90.73951251865363,0.9940497986085682,0.986013986013986,0.934412265758092
90.74780301774167,0.9940497986085682,0.986013986013986,0.934412265758092
90.75609351682971,0.9940497986085682,0.986013986013986,0.934412265758092
90.76438401591776,0.9940497986085682,0.986013986013986,0.934412265758092
90.7726745150058,0.9940955693885024,0.9861888111888112,0.934412265758092
90.78096501409385,0.9940955693885024,0.9861888111888112,0.934412265758092
90.7892555131819,0.9940955693885024,0.9861888111888112,0.934412265758092
90.79754601226993,0.9940955693885024,0.9861888111888112,0.934412265758092
90.80583651135798,0.9940955693885024,0.9861888111888112,0.934412265758092
90.81412701044603,0.9940955693885024,0.9861888111888112,0.9352640545144804
90.82241750953408,0.9940955693885024,0.9861888111888112,0.9352640545144804
90.83070800862212,0.9940955693885024,0.9861888111888112,0.9352640545144804
90.83899850771016,0.9940955693885024,0.9861888111888112,0.9352640545144804
90.8472890067982,0.9940955693885024,0.9861888111888112,0.9361158432708688
90.85557950588625,0.9942328817283046,0.9863636363636363,0.9361158432708688
90.8638700049743,0.9943244232881728,0.9865384615384616,0.9361158432708688
90.87216050406235,0.9943701940681069,0.9867132867132867,0.9361158432708688
90.88045100315038,0.9943701940681069,0.9867132867132867,0.9361158432708688
90.88874150223843,0.9943701940681069,0.9867132867132867,0.9361158432708688
90.89703200132648,0.9943701940681069,0.9867132867132867,0.9361158432708688
90.90532250041453,0.9943701940681069,0.9867132867132867,0.9361158432708688
90.91361299950258,0.9943701940681069,0.9867132867132867,0.9369676320272572
90.92190349859061,0.9943701940681069,0.9867132867132867,0.9369676320272572
90.93019399767866,0.9943701940681069,0.9867132867132867,0.9369676320272572
90.9384844967667,0.9943701940681069,0.9867132867132867,0.9369676320272572
90.94677499585475,0.9943701940681069,0.9867132867132867,0.9378194207836457
90.9550654949428,0.9943701940681069,0.9867132867132867,0.9378194207836457
90.96335599403083,0.9943701940681069,0.9867132867132867,0.9378194207836457
90.97164649311888,0.994415964848041,0.9868881118881119,0.9378194207836457
90.97993699220693,0.994415964848041,0.9868881118881119,0.9378194207836457
90.98822749129498,0.994415964848041,0.9868881118881119,0.9378194207836457
90.99651799038303,0.994415964848041,0.9868881118881119,0.9378194207836457
91.00480848947106,0.994415964848041,0.9868881118881119,0.9378194207836457
91.01309898855911,0.994415964848041,0.9868881118881119,0.9378194207836457
91.02138948764716,0.994415964848041,0.9868881118881119,0.9378194207836457
91.0296799867352,0.994415964848041,0.9868881118881119,0.9378194207836457
91.03797048582325,0.994415964848041,0.9868881118881119,0.9378194207836457
91.04626098491129,0.994415964848041,0.9868881118881119,0.9378194207836457
91.05455148399933,0.994415964848041,0.9868881118881119,0.9378194207836457
91.06284198308738,0.9944617356279751,0.987062937062937,0.9378194207836457
91.07113248217543,0.9944617356279751,0.987062937062937,0.9378194207836457
91.07942298126348,0.9944617356279751,0.987062937062937,0.9378194207836457
91.08771348035151,0.9944617356279751,0.987062937062937,0.9378194207836457
91.09600397943956,0.9944617356279751,0.987062937062937,0.9378194207836457
91.1042944785276,0.9944617356279751,0.987062937062937,0.938671209540034
91.11258497761565,0.9944617356279751,0.987062937062937,0.938671209540034
91.1208754767037,0.9944617356279751,0.987062937062937,0.938671209540034
91.12916597579174,0.9944617356279751,0.987062937062937,0.938671209540034
91.13745647487978,0.9945075064079092,0.9872377622377623,0.938671209540034
91.14574697396783,0.9945075064079092,0.9872377622377623,0.938671209540034
91.15403747305588,0.9945075064079092,0.9872377622377623,0.938671209540034
91.16232797214393,0.9945075064079092,0.9872377622377623,0.9395229982964225
91.17061847123196,0.9945075064079092,0.9872377622377623,0.9395229982964225
91.17890897032001,0.9945075064079092,0.9872377622377623,0.9395229982964225
91.18719946940806,0.9945075064079092,0.9872377622377623,0.9403747870528109
91.1954899684961,0.9945075064079092,0.9872377622377623,0.9403747870528109
91.20378046758415,0.9945075064079092,0.9872377622377623,0.9403747870528109
91.2120709666722,0.9945075064079092,0.9872377622377623,0.9403747870528109
91.22036146576023,0.9945075064079092,0.9872377622377623,0.9403747870528109
91.22865196484828,0.9945532771878433,0.9874125874125874,0.9412265758091993
91.23694246393633,0.9945532771878433,0.9874125874125874,0.9412265758091993
91.24523296302438,0.9945532771878433,0.9874125874125874,0.9412265758091993
91.25352346211243,0.9945532771878433,0.9874125874125874,0.9412265758091993
91.26181396120046,0.9945532771878433,0.9874125874125874,0.9412265758091993
91.27010446028851,0.9945532771878433,0.9874125874125874,0.9412265758091993
91.27839495937656,0.9945532771878433,0.9874125874125874,0.9412265758091993
91.2866854584646,0.9945532771878433,0.9874125874125874,0.9412265758091993
91.29497595755265,0.9945532771878433,0.9874125874125874,0.9412265758091993
91.30326645664069,0.9945532771878433,0.9874125874125874,0.9412265758091993
91.31155695572873,0.9945532771878433,0.9874125874125874,0.9412265758091993
91.31984745481678,0.9945532771878433,0.9874125874125874,0.9412265758091993
91.32813795390483,0.9945532771878433,0.9874125874125874,0.9412265758091993
91.33642845299288,0.9945532771878433,0.9874125874125874,0.9412265758091993
91.34471895208091,0.9945532771878433,0.9874125874125874,0.9412265758091993
91.35300945116896,0.9945532771878433,0.9874125874125874,0.9412265758091993
91.361299950257,0.9945532771878433,0.9874125874125874,0.9412265758091993
91.36959044934505,0.9945990479677773,0.9875874125874126,0.9412265758091993
91.3778809484331,0.9945990479677773,0.9875874125874126,0.9412265758091993
91.38617144752114,0.9945990479677773,0.9875874125874126,0.9412265758091993
91.39446194660918,0.9945990479677773,0.9875874125874126,0.9412265758091993
91.40275244569723,0.9945990479677773,0.9875874125874126,0.9412265758091993
91.41104294478528,0.9945990479677773,0.9875874125874126,0.9412265758091993
91.41933344387333,0.9945990479677773,0.9875874125874126,0.9412265758091993
91.42762394296136,0.9945990479677773,0.9875874125874126,0.9412265758091993
91.43591444204941,0.9945990479677773,0.9875874125874126,0.9420783645655877
91.44420494113746,0.9945990479677773,0.9875874125874126,0.9420783645655877
91.4524954402255,0.9945990479677773,0.9875874125874126,0.9420783645655877
91.46078593931355,0.9945990479677773,0.9875874125874126,0.9420783645655877
91.46907643840159,0.9945990479677773,0.9875874125874126,0.9420783645655877
91.47736693748963,0.9945990479677773,0.9875874125874126,0.9420783645655877
91.48565743657768,0.9945990479677773,0.9875874125874126,0.9420783645655877
91.49394793566573,0.9945990479677773,0.9875874125874126,0.9420783645655877
91.50223843475378,0.9945990479677773,0.9875874125874126,0.9420783645655877
91.51052893384181,0.9945990479677773,0.9875874125874126,0.9420783645655877
91.51881943292986,0.9945990479677773,0.9875874125874126,0.9420783645655877
91.52710993201791,0.9945990479677773,0.9875874125874126,0.9420783645655877
91.53540043110596,0.9946448187477115,0.9877622377622378,0.9420783645655877
91.543690930194,0.9946448187477115,0.9877622377622378,0.9420783645655877
91.55198142928204,0.9946448187477115,0.9877622377622378,0.9420783645655877
91.56027192837008,0.9946448187477115,0.9877622377622378,0.9429301533219762
91.56856242745813,0.9946448187477115,0.9877622377622378,0.9429301533219762
91.57685292654618,0.9946448187477115,0.9877622377622378,0.9429301533219762
91.58514342563423,0.9946448187477115,0.9877622377622378,0.9429301533219762
91.59343392472226,0.9947363603075796,0.987937062937063,0.9429301533219762
91.60172442381031,0.9947363603075796,0.987937062937063,0.9429301533219762
91.61001492289836,0.9947363603075796,0.987937062937063,0.9429301533219762
91.6183054219864,0.9947821310875137,0.9881118881118881,0.9429301533219762
91.62659592107445,0.9947821310875137,0.9881118881118881,0.9429301533219762
91.63488642016249,0.9947821310875137,0.9881118881118881,0.9429301533219762
91.64317691925054,0.9947821310875137,0.9881118881118881,0.9429301533219762
91.65146741833858,0.9947821310875137,0.9881118881118881,0.9429301533219762
91.65975791742663,0.9947821310875137,0.9881118881118881,0.9429301533219762
91.66804841651468,0.9947821310875137,0.9881118881118881,0.9429301533219762
91.67633891560271,0.9947821310875137,0.9881118881118881,0.9429301533219762
91.68462941469076,0.9947821310875137,0.9881118881118881,0.9429301533219762
91.69291991377881,0.9947821310875137,0.9881118881118881,0.9429301533219762
91.70121041286686,0.9947821310875137,0.9881118881118881,0.9429301533219762
91.7095009119549,0.9947821310875137,0.9881118881118881,0.9429301533219762
91.71779141104294,0.9947821310875137,0.9881118881118881,0.9429301533219762
91.72608191013099,0.9947821310875137,0.9881118881118881,0.9429301533219762
91.73437240921903,0.9947821310875137,0.9881118881118881,0.9429301533219762
91.74266290830708,0.9948279018674479,0.9882867132867132,0.9437819420783645
91.75095340739513,0.9948279018674479,0.9882867132867132,0.9437819420783645
91.75924390648316,0.9948279018674479,0.9882867132867132,0.9437819420783645
91.76753440557121,0.9948279018674479,0.9882867132867132,0.944633730834753
91.77582490465926,0.9948279018674479,0.9882867132867132,0.944633730834753
91.78411540374731,0.9948279018674479,0.9882867132867132,0.944633730834753
91.79240590283536,0.9948279018674479,0.9882867132867132,0.944633730834753
91.80069640192339,0.9948279018674479,0.9882867132867132,0.944633730834753
91.80898690101144,0.9948279018674479,0.9882867132867132,0.944633730834753
91.81727740009948,0.9948279018674479,0.9882867132867132,0.944633730834753
91.82556789918753,0.9948279018674479,0.9882867132867132,0.944633730834753
91.83385839827558,0.9948279018674479,0.9882867132867132,0.944633730834753
91.84214889736361,0.9948279018674479,0.9882867132867132,0.944633730834753
91.85043939645166,0.9948279018674479,0.9882867132867132,0.944633730834753
91.85872989553971,0.9948279018674479,0.9882867132867132,0.944633730834753
91.86702039462776,0.9948279018674479,0.9882867132867132,0.944633730834753
91.8753108937158,0.9948736726473819,0.9884615384615385,0.944633730834753
91.88360139280384,0.9948736726473819,0.9884615384615385,0.944633730834753
91.89189189189189,0.9948736726473819,0.9884615384615385,0.944633730834753
91.90018239097994,0.9948736726473819,0.9884615384615385,0.944633730834753
91.90847289006798,0.9948736726473819,0.9884615384615385,0.944633730834753
91.91676338915603,0.9948736726473819,0.9884615384615385,0.944633730834753
91.92505388824408,0.9948736726473819,0.9884615384615385,0.944633730834753
91.93334438733211,0.9948736726473819,0.9884615384615385,0.944633730834753
91.94163488642016,0.9948736726473819,0.9884615384615385,0.944633730834753
91.94992538550821,0.9948736726473819,0.9884615384615385,0.944633730834753
91.95821588459626,0.9948736726473819,0.9884615384615385,0.944633730834753
91.9665063836843,0.9948736726473819,0.9884615384615385,0.944633730834753
91.97479688277234,0.9948736726473819,0.9884615384615385,0.944633730834753
91.98308738186039,0.9948736726473819,0.9884615384615385,0.944633730834753
91.99137788094843,0.9948736726473819,0.9884615384615385,0.944633730834753
91.99966838003648,0.9948736726473819,0.9884615384615385,0.9454855195911414
92.00795887912453,0.9948736726473819,0.9884615384615385,0.9454855195911414
92.01624937821256,0.9948736726473819,0.9884615384615385,0.9454855195911414
92.02453987730061,0.9948736726473819,0.9884615384615385,0.9463373083475298
92.03283037638866,0.9948736726473819,0.9884615384615385,0.9463373083475298
92.04112087547671,0.9948736726473819,0.9884615384615385,0.9463373083475298
92.04941137456476,0.9948736726473819,0.9884615384615385,0.9463373083475298
92.05770187365279,0.9948736726473819,0.9884615384615385,0.9463373083475298
92.06599237274084,0.9948736726473819,0.9884615384615385,0.9463373083475298
92.07428287182888,0.99496521420725,0.9886363636363636,0.9463373083475298
92.08257337091693,0.9951025265470523,0.9888111888111888,0.9463373083475298
92.09086387000498,0.9951025265470523,0.9888111888111888,0.9463373083475298
92.09915436909301,0.9951025265470523,0.9888111888111888,0.9463373083475298
92.10744486818106,0.9951025265470523,0.9888111888111888,0.9463373083475298
92.11573536726911,0.9951025265470523,0.9888111888111888,0.9463373083475298
92.12402586635716,0.9951025265470523,0.9888111888111888,0.9463373083475298
92.1323163654452,0.9951025265470523,0.9888111888111888,0.9463373083475298
92.14060686453324,0.9951025265470523,0.9888111888111888,0.9463373083475298
92.14889736362129,0.9951025265470523,0.9888111888111888,0.9463373083475298
92.15718786270934,0.9951025265470523,0.9888111888111888,0.9471890971039182
92.16547836179738,0.9951025265470523,0.9888111888111888,0.9471890971039182
92.17376886088543,0.9951025265470523,0.9888111888111888,0.9471890971039182
92.18205935997347,0.9951025265470523,0.9888111888111888,0.9471890971039182
92.19034985906151,0.9951025265470523,0.9888111888111888,0.9480408858603067
92.19864035814956,0.9951025265470523,0.9888111888111888,0.9480408858603067
92.20693085723761,0.9951025265470523,0.9888111888111888,0.9480408858603067
92.21522135632566,0.9951025265470523,0.9888111888111888,0.9480408858603067
92.22351185541369,0.9951025265470523,0.9888111888111888,0.9480408858603067
92.23180235450174,0.9951025265470523,0.9888111888111888,0.9480408858603067
92.24009285358979,0.9951025265470523,0.9888111888111888,0.9480408858603067
92.24838335267783,0.9951025265470523,0.9888111888111888,0.9480408858603067
92.25667385176588,0.9951025265470523,0.9888111888111888,0.9480408858603067
92.26496435085392,0.9951025265470523,0.9888111888111888,0.9480408858603067
92.27325484994196,0.9951025265470523,0.9888111888111888,0.9480408858603067
92.28154534903001,0.9951025265470523,0.9888111888111888,0.9480408858603067
92.28983584811806,0.9951025265470523,0.9888111888111888,0.9480408858603067
92.29812634720611,0.9951025265470523,0.9888111888111888,0.948892674616695
92.30641684629414,0.9951025265470523,0.9888111888111888,0.948892674616695
92.31470734538219,0.9951025265470523,0.9888111888111888,0.948892674616695
92.32299784447024,0.9951025265470523,0.9888111888111888,0.948892674616695
92.33128834355828,0.9951025265470523,0.9888111888111888,0.948892674616695
92.33957884264633,0.9951025265470523,0.9888111888111888,0.948892674616695
92.34786934173437,0.9951025265470523,0.9888111888111888,0.948892674616695
92.35615984082241,0.9951025265470523,0.9888111888111888,0.948892674616695
92.36445033991046,0.9951025265470523,0.9888111888111888,0.948892674616695
92.37274083899851,0.9951025265470523,0.9888111888111888,0.948892674616695
92.38103133808656,0.9951025265470523,0.9888111888111888,0.948892674616695
92.38932183717459,0.9951025265470523,0.9888111888111888,0.948892674616695
92.39761233626264,0.9951025265470523,0.9888111888111888,0.948892674616695
92.40590283535069,0.9951025265470523,0.9888111888111888,0.948892674616695
92.41419333443874,0.9952856096667887,0.9889860139860139,0.9497444633730835
92.42248383352678,0.9952856096667887,0.9889860139860139,0.9497444633730835
92.43077433261482,0.9952856096667887,0.9889860139860139,0.9497444633730835
92.43906483170286,0.9952856096667887,0.9889860139860139,0.9497444633730835
92.44735533079091,0.9952856096667887,0.9889860139860139,0.9497444633730835
92.45564582987896,0.9952856096667887,0.9889860139860139,0.9497444633730835
92.46393632896701,0.9952856096667887,0.9889860139860139,0.9497444633730835
92.47222682805504,0.9952856096667887,0.9889860139860139,0.9497444633730835
92.48051732714309,0.9952856096667887,0.9889860139860139,0.9497444633730835
92.48880782623114,0.9952856096667887,0.9889860139860139,0.9497444633730835
92.49709832531919,0.9952856096667887,0.9889860139860139,0.9497444633730835
92.50538882440723,0.9952856096667887,0.9889860139860139,0.9497444633730835
92.51367932349527,0.9952856096667887,0.9889860139860139,0.9497444633730835
92.52196982258332,0.9952856096667887,0.9889860139860139,0.9497444633730835
92.53026032167136,0.9952856096667887,0.9889860139860139,0.9497444633730835
92.53855082075941,0.9952856096667887,0.9889860139860139,0.9505962521294719
92.54684131984746,0.9952856096667887,0.9889860139860139,0.9505962521294719
92.5551318189355,0.9952856096667887,0.9889860139860139,0.9505962521294719
92.56342231802354,0.9952856096667887,0.9889860139860139,0.9505962521294719
92.57171281711159,0.9952856096667887,0.9889860139860139,0.9505962521294719
92.58000331619964,0.9952856096667887,0.9889860139860139,0.9505962521294719
92.58829381528768,0.9952856096667887,0.9889860139860139,0.9505962521294719
92.59658431437572,0.9952856096667887,0.9889860139860139,0.9505962521294719
92.60487481346377,0.9952856096667887,0.9889860139860139,0.9505962521294719
92.61316531255181,0.9952856096667887,0.9889860139860139,0.9514480408858603
92.62145581163986,0.9952856096667887,0.9889860139860139,0.9514480408858603
92.62974631072791,0.9952856096667887,0.9889860139860139,0.9514480408858603
92.63803680981596,0.9952856096667887,0.9889860139860139,0.9514480408858603
92.64632730890399,0.9952856096667887,0.9889860139860139,0.9514480408858603
92.65461780799204,0.9952856096667887,0.9889860139860139,0.9514480408858603
92.66290830708009,0.9952856096667887,0.9889860139860139,0.9514480408858603
92.67119880616814,0.9952856096667887,0.9889860139860139,0.9514480408858603
92.67948930525618,0.9955602343463933,0.9891608391608392,0.9514480408858603
92.68777980434422,0.9955602343463933,0.9891608391608392,0.9522998296422487
92.69607030343226,0.9955602343463933,0.9891608391608392,0.9522998296422487
92.70436080252031,0.9955602343463933,0.9891608391608392,0.9522998296422487
92.71265130160836,0.9955602343463933,0.9891608391608392,0.9522998296422487
92.72094180069641,0.9955602343463933,0.9891608391608392,0.9522998296422487
92.72923229978444,0.995926400585866,0.9893356643356643,0.9531516183986372
92.73752279887249,0.9959721713658001,0.9895104895104895,0.9531516183986372
92.74581329796054,0.9959721713658001,0.9895104895104895,0.9531516183986372
92.75410379704859,0.9959721713658001,0.9895104895104895,0.9531516183986372
92.76239429613663,0.9959721713658001,0.9895104895104895,0.9531516183986372
92.77068479522467,0.9959721713658001,0.9895104895104895,0.9531516183986372
92.77897529431272,0.9959721713658001,0.9895104895104895,0.9531516183986372
92.78726579340076,0.9959721713658001,0.9895104895104895,0.9531516183986372
92.79555629248881,0.9959721713658001,0.9895104895104895,0.9531516183986372
92.80384679157686,0.9959721713658001,0.9895104895104895,0.9531516183986372
92.8121372906649,0.9959721713658001,0.9895104895104895,0.9531516183986372
92.82042778975294,0.9959721713658001,0.9895104895104895,0.9531516183986372
92.82871828884099,0.9959721713658001,0.9895104895104895,0.9531516183986372
92.83700878792904,0.9959721713658001,0.9895104895104895,0.9531516183986372
92.84529928701708,0.9959721713658001,0.9895104895104895,0.9531516183986372
92.85358978610512,0.9960179421457341,0.9896853146853147,0.9531516183986372
92.86188028519317,0.9960179421457341,0.9896853146853147,0.9531516183986372
92.87017078428121,0.9960179421457341,0.9896853146853147,0.9531516183986372
92.87846128336926,0.9960637129256682,0.9898601398601399,0.9540034071550255
92.88675178245731,0.9960637129256682,0.9898601398601399,0.9540034071550255
92.89504228154534,0.9960637129256682,0.9898601398601399,0.9540034071550255
92.90333278063339,0.9960637129256682,0.9898601398601399,0.9540034071550255
92.91162327972144,0.9960637129256682,0.9898601398601399,0.954855195911414
92.91991377880949,0.9960637129256682,0.9898601398601399,0.954855195911414
92.92820427789754,0.9960637129256682,0.9898601398601399,0.954855195911414
92.93649477698557,0.9960637129256682,0.9898601398601399,0.954855195911414
92.94478527607362,0.9960637129256682,0.9898601398601399,0.954855195911414
92.95307577516166,0.9960637129256682,0.9898601398601399,0.954855195911414
92.96136627424971,0.9960637129256682,0.9898601398601399,0.954855195911414
92.96965677333776,0.9960637129256682,0.9898601398601399,0.954855195911414
92.9779472724258,0.9960637129256682,0.9898601398601399,0.954855195911414
92.98623777151384,0.9960637129256682,0.9898601398601399,0.954855195911414
92.99452827060189,0.9960637129256682,0.9898601398601399,0.954855195911414
93.00281876968994,0.9960637129256682,0.9898601398601399,0.954855195911414
93.01110926877799,0.9960637129256682,0.9898601398601399,0.954855195911414
93.01939976786602,0.9960637129256682,0.9898601398601399,0.954855195911414
93.02769026695407,0.9960637129256682,0.9898601398601399,0.954855195911414
93.03598076604212,0.9960637129256682,0.9898601398601399,0.954855195911414
93.04427126513016,0.9960637129256682,0.9898601398601399,0.9557069846678024
93.05256176421821,0.9961094837056024,0.990034965034965,0.9557069846678024
93.06085226330624,0.9961094837056024,0.990034965034965,0.9557069846678024
93.06914276239429,0.9961094837056024,0.990034965034965,0.9557069846678024
93.07743326148234,0.9961552544855364,0.9902097902097902,0.9557069846678024
93.08572376057039,0.9961552544855364,0.9902097902097902,0.9557069846678024
93.09401425965844,0.9961552544855364,0.9902097902097902,0.9557069846678024
93.10230475874647,0.9961552544855364,0.9902097902097902,0.9557069846678024
93.11059525783452,0.9961552544855364,0.9902097902097902,0.9557069846678024
93.11888575692257,0.9961552544855364,0.9902097902097902,0.9557069846678024
93.12717625601061,0.9961552544855364,0.9902097902097902,0.9557069846678024
93.13546675509866,0.9961552544855364,0.9902097902097902,0.9557069846678024
93.1437572541867,0.9961552544855364,0.9902097902097902,0.9557069846678024
93.15204775327474,0.9961552544855364,0.9902097902097902,0.9557069846678024
93.16033825236279,0.9961552544855364,0.9902097902097902,0.9557069846678024
93.16862875145084,0.9961552544855364,0.9902097902097902,0.9557069846678024
93.17691925053889,0.9961552544855364,0.9902097902097902,0.9565587734241908
93.18520974962692,0.9961552544855364,0.9902097902097902,0.9565587734241908
93.19350024871497,0.9961552544855364,0.9902097902097902,0.9565587734241908
93.20179074780302,0.9961552544855364,0.9902097902097902,0.9574105621805792
93.21008124689106,0.9961552544855364,0.9902097902097902,0.9574105621805792
93.21837174597911,0.9961552544855364,0.9902097902097902,0.9574105621805792
93.22666224506715,0.9961552544855364,0.9902097902097902,0.9574105621805792
93.2349527441552,0.9961552544855364,0.9902097902097902,0.9574105621805792
93.24324324324324,0.9961552544855364,0.9902097902097902,0.9574105621805792
93.25153374233129,0.9961552544855364,0.9902097902097902,0.9574105621805792
93.25982424141934,0.9961552544855364,0.9902097902097902,0.9574105621805792
93.26811474050737,0.9961552544855364,0.9902097902097902,0.9574105621805792
93.27640523959542,0.9961552544855364,0.9902097902097902,0.9574105621805792
93.28469573868347,0.9961552544855364,0.9902097902097902,0.9574105621805792
93.29298623777152,0.9961552544855364,0.9902097902097902,0.9574105621805792
93.30127673685956,0.9961552544855364,0.9902097902097902,0.9574105621805792
93.3095672359476,0.9961552544855364,0.9902097902097902,0.9574105621805792
93.31785773503564,0.9961552544855364,0.9902097902097902,0.9574105621805792
93.32614823412369,0.9961552544855364,0.9902097902097902,0.9574105621805792
93.33443873321174,0.9961552544855364,0.9902097902097902,0.9574105621805792
93.34272923229979,0.9961552544855364,0.9902097902097902,0.9574105621805792
93.35101973138784,0.9961552544855364,0.9902097902097902,0.9574105621805792
93.35931023047587,0.9961552544855364,0.9902097902097902,0.9574105621805792
93.36760072956392,0.9961552544855364,0.9902097902097902,0.9574105621805792
93.37589122865197,0.9961552544855364,0.9902097902097902,0.9574105621805792
93.38418172774001,0.9961552544855364,0.9902097902097902,0.9574105621805792
93.39247222682806,0.9962010252654705,0.9903846153846154,0.9574105621805792
93.4007627259161,0.9962010252654705,0.9903846153846154,0.9574105621805792
93.40905322500414,0.9962010252654705,0.9903846153846154,0.9574105621805792
93.41734372409219,0.9962010252654705,0.9903846153846154,0.9574105621805792
93.42563422318024,0.9962010252654705,0.9903846153846154,0.9574105621805792
93.43392472226829,0.9962010252654705,0.9903846153846154,0.9582623509369677
93.44221522135632,0.9962467960454046,0.9905594405594406,0.9582623509369677
93.45050572044437,0.9962467960454046,0.9905594405594406,0.9582623509369677
93.45879621953242,0.9962467960454046,0.9905594405594406,0.9582623509369677
93.46708671862046,0.9962467960454046,0.9905594405594406,0.9582623509369677
93.47537721770851,0.9962925668253387,0.9907342657342657,0.9582623509369677
93.48366771679655,0.9963383376052728,0.990909090909091,0.959114139693356
93.4919582158846,0.9963383376052728,0.990909090909091,0.959114139693356
93.50024871497264,0.9963383376052728,0.990909090909091,0.9599659284497445
93.50853921406069,0.9963383376052728,0.990909090909091,0.9608177172061328
93.51682971314874,0.9963383376052728,0.990909090909091,0.9608177172061328
93.52512021223677,0.9963383376052728,0.990909090909091,0.9608177172061328
93.53341071132482,0.9963383376052728,0.990909090909091,0.9608177172061328
93.54170121041287,0.9963383376052728,0.990909090909091,0.9608177172061328
93.54999170950092,0.9963383376052728,0.990909090909091,0.9608177172061328
93.55828220858896,0.9963383376052728,0.990909090909091,0.9608177172061328
93.566572707677,0.9963383376052728,0.990909090909091,0.9608177172061328
93.57486320676504,0.9963383376052728,0.990909090909091,0.9608177172061328
93.58315370585309,0.9963383376052728,0.990909090909091,0.9608177172061328
93.59144420494114,0.9963383376052728,0.990909090909091,0.9608177172061328
93.59973470402919,0.9963383376052728,0.990909090909091,0.9608177172061328
93.60802520311722,0.9963383376052728,0.990909090909091,0.9608177172061328
93.61631570220527,0.9963383376052728,0.990909090909091,0.9608177172061328
93.62460620129332,0.9963383376052728,0.990909090909091,0.9608177172061328
93.63289670038137,0.9963383376052728,0.990909090909091,0.9608177172061328
93.64118719946941,0.9963383376052728,0.990909090909091,0.9608177172061328
93.64947769855745,0.9963383376052728,0.990909090909091,0.9608177172061328
93.6577681976455,0.9963383376052728,0.990909090909091,0.9608177172061328
93.66605869673354,0.9963383376052728,0.990909090909091,0.9608177172061328
93.67434919582159,0.9963383376052728,0.990909090909091,0.9616695059625213
93.68263969490964,0.9963383376052728,0.990909090909091,0.9616695059625213
93.69093019399767,0.9963383376052728,0.990909090909091,0.9625212947189097
93.69922069308572,0.9963383376052728,0.990909090909091,0.9625212947189097
93.70751119217377,0.9963383376052728,0.990909090909091,0.9625212947189097
93.71580169126182,0.9963383376052728,0.990909090909091,0.9625212947189097
93.72409219034986,0.9963383376052728,0.990909090909091,0.9625212947189097
93.7323826894379,0.9963383376052728,0.990909090909091,0.9625212947189097
93.74067318852595,0.9963383376052728,0.990909090909091,0.9625212947189097
93.748963687614,0.9963383376052728,0.990909090909091,0.9625212947189097
93.75725418670204,0.9963383376052728,0.990909090909091,0.9625212947189097
93.76554468579009,0.9963383376052728,0.990909090909091,0.9625212947189097
93.77383518487812,0.9963383376052728,0.990909090909091,0.9625212947189097
93.78212568396617,0.9963383376052728,0.990909090909091,0.9625212947189097
93.79041618305422,0.9963383376052728,0.990909090909091,0.9625212947189097
93.79870668214227,0.9963841083852069,0.9910839160839161,0.9625212947189097
93.80699718123032,0.9963841083852069,0.9910839160839161,0.9625212947189097
93.81528768031835,0.9963841083852069,0.9910839160839161,0.9625212947189097
93.8235781794064,0.9963841083852069,0.9910839160839161,0.9625212947189097
93.83186867849444,0.9963841083852069,0.9910839160839161,0.9625212947189097
93.84015917758249,0.9964298791651409,0.9912587412587412,0.9633730834752982
93.84844967667054,0.9964298791651409,0.9912587412587412,0.9633730834752982
93.85674017575857,0.9964298791651409,0.9912587412587412,0.9633730834752982
93.86503067484662,0.9964298791651409,0.9912587412587412,0.9633730834752982
93.87332117393467,0.9964298791651409,0.9912587412587412,0.9633730834752982
93.88161167302272,0.9964298791651409,0.9912587412587412,0.9633730834752982
93.88990217211077,0.9964298791651409,0.9912587412587412,0.9633730834752982
93.8981926711988,0.9964298791651409,0.9912587412587412,0.9633730834752982
93.90648317028685,0.9966129622848773,0.9914335664335664,0.9642248722316865
93.9147736693749,0.9966129622848773,0.9914335664335664,0.9642248722316865
93.92306416846294,0.9966129622848773,0.9914335664335664,0.9642248722316865
93.93135466755099,0.9966129622848773,0.9914335664335664,0.9642248722316865
93.93964516663902,0.9966129622848773,0.9914335664335664,0.9642248722316865
93.94793566572707,0.9966129622848773,0.9914335664335664,0.9642248722316865
93.95622616481512,0.9966129622848773,0.9914335664335664,0.9642248722316865
93.96451666390317,0.9966129622848773,0.9914335664335664,0.9642248722316865
93.97280716299122,0.9966129622848773,0.9914335664335664,0.9642248722316865
93.98109766207925,0.9966129622848773,0.9914335664335664,0.9642248722316865
93.9893881611673,0.9966129622848773,0.9914335664335664,0.9642248722316865
93.99767866025535,0.9966129622848773,0.9914335664335664,0.9642248722316865
94.0059691593434,0.9966129622848773,0.9914335664335664,0.9642248722316865
94.01425965843144,0.9966129622848773,0.9914335664335664,0.9642248722316865
94.02255015751949,0.9966129622848773,0.9914335664335664,0.9642248722316865
94.03084065660752,0.9966129622848773,0.9914335664335664,0.9642248722316865
94.03913115569557,0.9966129622848773,0.9914335664335664,0.9642248722316865
94.04742165478362,0.9966587330648115,0.9916083916083916,0.9642248722316865
94.05571215387167,0.9966587330648115,0.9916083916083916,0.9642248722316865
94.06400265295972,0.9966587330648115,0.9916083916083916,0.9642248722316865
94.07229315204775,0.9966587330648115,0.9916083916083916,0.9642248722316865
94.0805836511358,0.9966587330648115,0.9916083916083916,0.9642248722316865
94.08887415022384,0.9966587330648115,0.9916083916083916,0.9642248722316865
94.09716464931189,0.9966587330648115,0.9916083916083916,0.9642248722316865
94.10545514839994,0.9966587330648115,0.9916083916083916,0.9642248722316865
94.11374564748797,0.9966587330648115,0.9916083916083916,0.9642248722316865
94.12203614657602,0.9966587330648115,0.9916083916083916,0.965076660988075
94.13032664566407,0.9966587330648115,0.9916083916083916,0.965076660988075
94.13861714475212,0.9966587330648115,0.9916083916083916,0.965076660988075
94.14690764384017,0.9966587330648115,0.9916083916083916,0.965076660988075
94.1551981429282,0.9966587330648115,0.9916083916083916,0.965076660988075
94.16348864201625,0.9966587330648115,0.9916083916083916,0.965076660988075
94.1717791411043,0.9966587330648115,0.9916083916083916,0.965076660988075
94.18006964019234,0.9966587330648115,0.9916083916083916,0.965076660988075
94.18836013928039,0.9966587330648115,0.9916083916083916,0.965076660988075
94.19665063836842,0.9966587330648115,0.9916083916083916,0.965076660988075
94.20494113745647,0.9966587330648115,0.9916083916083916,0.965076660988075
94.21323163654452,0.9966587330648115,0.9916083916083916,0.965076660988075
94.22152213563257,0.9966587330648115,0.9916083916083916,0.965076660988075
94.22981263472062,0.9966587330648115,0.9916083916083916,0.965076660988075
94.23810313380865,0.9966587330648115,0.9916083916083916,0.965076660988075
94.2463936328967,0.9966587330648115,0.9916083916083916,0.965076660988075
94.25468413198475,0.9966587330648115,0.9916083916083916,0.965076660988075
94.2629746310728,0.9966587330648115,0.9916083916083916,0.965076660988075
94.27126513016084,0.9966587330648115,0.9916083916083916,0.965076660988075
94.27955562924888,0.9966587330648115,0.9916083916083916,0.965076660988075
94.28784612833692,0.9966587330648115,0.9916083916083916,0.9659284497444633
94.29613662742497,0.9966587330648115,0.9916083916083916,0.9659284497444633
94.30442712651302,0.9966587330648115,0.9916083916083916,0.9659284497444633
94.31271762560107,0.9966587330648115,0.9916083916083916,0.9667802385008518
94.3210081246891,0.9966587330648115,0.9916083916083916,0.9667802385008518
94.32929862377715,0.9966587330648115,0.9916083916083916,0.9667802385008518
94.3375891228652,0.9966587330648115,0.9916083916083916,0.9667802385008518
94.34587962195324,0.9966587330648115,0.9916083916083916,0.9667802385008518
94.35417012104129,0.9966587330648115,0.9916083916083916,0.9667802385008518
94.36246062012933,0.9966587330648115,0.9916083916083916,0.9667802385008518
94.37075111921737,0.9966587330648115,0.9916083916083916,0.9667802385008518
94.37904161830542,0.9966587330648115,0.9916083916083916,0.9667802385008518
94.38733211739347,0.9967045038447455,0.9917832167832168,0.9667802385008518
94.39562261648152,0.9967045038447455,0.9917832167832168,0.9667802385008518
94.40391311556955,0.9967045038447455,0.9917832167832168,0.9667802385008518
94.4122036146576,0.9967045038447455,0.9917832167832168,0.9667802385008518
94.42049411374565,0.9967045038447455,0.9917832167832168,0.9667802385008518
94.4287846128337,0.9967045038447455,0.9917832167832168,0.9667802385008518
94.43707511192174,0.9967045038447455,0.9917832167832168,0.9667802385008518
94.44536561100978,0.9968418161845478,0.9919580419580419,0.9667802385008518
94.45365611009782,0.9968418161845478,0.9919580419580419,0.9667802385008518
94.46194660918587,0.9968418161845478,0.9919580419580419,0.9676320272572402
94.47023710827392,0.9968418161845478,0.9919580419580419,0.9676320272572402
94.47852760736197,0.9968418161845478,0.9919580419580419,0.9676320272572402
94.48681810645,0.9968418161845478,0.9919580419580419,0.9676320272572402
94.49510860553805,0.9968875869644819,0.9921328671328671,0.9676320272572402
94.5033991046261,0.9968875869644819,0.9921328671328671,0.9676320272572402
94.51168960371415,0.9968875869644819,0.9921328671328671,0.9676320272572402
94.5199801028022,0.9968875869644819,0.9921328671328671,0.9676320272572402
94.52827060189023,0.9969333577444159,0.9923076923076923,0.9684838160136287
94.53656110097828,0.9970248993042842,0.9924825174825175,0.9684838160136287
94.54485160006632,0.9970248993042842,0.9924825174825175,0.9684838160136287
94.55314209915437,0.9970248993042842,0.9924825174825175,0.9684838160136287
94.56143259824242,0.9970248993042842,0.9924825174825175,0.9684838160136287
94.56972309733045,0.9970248993042842,0.9924825174825175,0.9684838160136287
94.5780135964185,0.9970248993042842,0.9924825174825175,0.9684838160136287
94.58630409550655,0.9970248993042842,0.9924825174825175,0.9684838160136287
94.5945945945946,0.9970706700842182,0.9926573426573426,0.9684838160136287
94.60288509368264,0.9970706700842182,0.9926573426573426,0.9684838160136287
94.61117559277068,0.9970706700842182,0.9926573426573426,0.9684838160136287
94.61946609185873,0.9970706700842182,0.9926573426573426,0.9684838160136287
94.62775659094677,0.9971164408641523,0.9928321678321679,0.9684838160136287
94.63604709003482,0.9971164408641523,0.9928321678321679,0.9684838160136287
94.64433758912287,0.9971164408641523,0.9928321678321679,0.9684838160136287
94.6526280882109,0.9971164408641523,0.9928321678321679,0.9684838160136287
94.66091858729895,0.9971164408641523,0.9928321678321679,0.9684838160136287
94.669209086387,0.9971164408641523,0.9928321678321679,0.9684838160136287
94.67749958547505,0.9971164408641523,0.9928321678321679,0.969335604770017
94.6857900845631,0.9971164408641523,0.9928321678321679,0.969335604770017
94.69408058365113,0.9971164408641523,0.9928321678321679,0.969335604770017
94.70237108273918,0.9971164408641523,0.9928321678321679,0.969335604770017
94.71066158182722,0.9971164408641523,0.9928321678321679,0.969335604770017
94.71895208091527,0.9971164408641523,0.9928321678321679,0.9701873935264055
94.72724258000332,0.9971164408641523,0.9928321678321679,0.9701873935264055
94.73553307909137,0.9971164408641523,0.9928321678321679,0.9701873935264055
94.7438235781794,0.9971164408641523,0.9928321678321679,0.9701873935264055
94.75211407726745,0.9971164408641523,0.9928321678321679,0.9701873935264055
94.7604045763555,0.9971164408641523,0.9928321678321679,0.9701873935264055
94.76869507544355,0.9971164408641523,0.9928321678321679,0.9701873935264055
94.7769855745316,0.9971164408641523,0.9928321678321679,0.9701873935264055
94.78527607361963,0.9971164408641523,0.9928321678321679,0.9701873935264055
94.79356657270768,0.9971164408641523,0.9928321678321679,0.9701873935264055
94.80185707179572,0.9971164408641523,0.9928321678321679,0.9701873935264055
94.81014757088377,0.9971164408641523,0.9928321678321679,0.9701873935264055
94.81843806997182,0.9971164408641523,0.9928321678321679,0.9701873935264055
94.82672856905985,0.9971164408641523,0.9928321678321679,0.9701873935264055
94.8350190681479,0.9971164408641523,0.9928321678321679,0.9701873935264055
94.84330956723595,0.9971164408641523,0.9928321678321679,0.9701873935264055
94.851600066324,0.9971622116440864,0.993006993006993,0.9710391822827938
94.85989056541204,0.9971622116440864,0.993006993006993,0.9710391822827938
94.86818106450008,0.9971622116440864,0.993006993006993,0.9710391822827938
94.87647156358813,0.9971622116440864,0.993006993006993,0.9710391822827938
94.88476206267617,0.9972079824240205,0.9931818181818182,0.9710391822827938
94.89305256176422,0.9972079824240205,0.9931818181818182,0.9710391822827938
94.90134306085227,0.9972079824240205,0.9931818181818182,0.9710391822827938
94.9096335599403,0.9972079824240205,0.9931818181818182,0.9710391822827938
94.91792405902835,0.9972079824240205,0.9931818181818182,0.9710391822827938
94.9262145581164,0.9972079824240205,0.9931818181818182,0.9710391822827938
94.93450505720445,0.9972079824240205,0.9931818181818182,0.9710391822827938
94.9427955562925,0.9972079824240205,0.9931818181818182,0.9710391822827938
94.95108605538053,0.9972079824240205,0.9931818181818182,0.9710391822827938
94.95937655446858,0.9972079824240205,0.9931818181818182,0.9710391822827938
94.96766705355662,0.9972079824240205,0.9931818181818182,0.9710391822827938
94.97595755264467,0.9972537532039546,0.9933566433566433,0.9710391822827938
94.98424805173272,0.9972537532039546,0.9933566433566433,0.9710391822827938
94.99253855082075,0.9972537532039546,0.9933566433566433,0.9710391822827938
95.0008290499088,0.9972537532039546,0.9933566433566433,0.9710391822827938
95.00911954899685,0.9972537532039546,0.9933566433566433,0.9710391822827938
95.0174100480849,0.9972537532039546,0.9933566433566433,0.9710391822827938
95.02570054717295,0.9972537532039546,0.9933566433566433,0.9710391822827938
95.03399104626098,0.9972537532039546,0.9933566433566433,0.9710391822827938
95.04228154534903,0.9972537532039546,0.9933566433566433,0.9718909710391823
95.05057204443708,0.9972537532039546,0.9933566433566433,0.9718909710391823
95.05886254352512,0.9972537532039546,0.9933566433566433,0.9718909710391823
95.06715304261317,0.9972537532039546,0.9933566433566433,0.9718909710391823
95.0754435417012,0.9972537532039546,0.9933566433566433,0.9718909710391823
95.08373404078925,0.9972537532039546,0.9933566433566433,0.9718909710391823
95.0920245398773,0.9972537532039546,0.9933566433566433,0.9718909710391823
95.10031503896535,0.9972537532039546,0.9933566433566433,0.9718909710391823
95.1086055380534,0.9972537532039546,0.9933566433566433,0.9718909710391823
95.11689603714143,0.9972537532039546,0.9933566433566433,0.9718909710391823
95.12518653622948,0.9972537532039546,0.9933566433566433,0.9718909710391823
95.13347703531753,0.9972537532039546,0.9933566433566433,0.9718909710391823
95.14176753440557,0.9972537532039546,0.9933566433566433,0.9718909710391823
95.15005803349362,0.9972537532039546,0.9933566433566433,0.9718909710391823
95.15834853258166,0.9972537532039546,0.9933566433566433,0.9718909710391823
95.1666390316697,0.9972537532039546,0.9933566433566433,0.9718909710391823
95.17492953075775,0.9972537532039546,0.9933566433566433,0.9718909710391823
95.1832200298458,0.9972537532039546,0.9933566433566433,0.9718909710391823
95.19151052893385,0.9972537532039546,0.9933566433566433,0.9718909710391823
95.19980102802188,0.9972537532039546,0.9933566433566433,0.9718909710391823
95.20809152710993,0.9972537532039546,0.9933566433566433,0.9718909710391823
95.21638202619798,0.9972995239838887,0.9935314685314686,0.9718909710391823
95.22467252528602,0.9972995239838887,0.9935314685314686,0.9718909710391823
95.23296302437407,0.9972995239838887,0.9935314685314686,0.9718909710391823
95.2412535234621,0.9972995239838887,0.9935314685314686,0.9718909710391823
95.24954402255015,0.9972995239838887,0.9935314685314686,0.9718909710391823
95.2578345216382,0.9972995239838887,0.9935314685314686,0.9718909710391823
95.26612502072625,0.9972995239838887,0.9935314685314686,0.9718909710391823
95.2744155198143,0.9973910655437569,0.9937062937062937,0.9718909710391823
95.28270601890233,0.9973910655437569,0.9937062937062937,0.9718909710391823
95.29099651799038,0.9973910655437569,0.9937062937062937,0.9718909710391823
95.29928701707843,0.9973910655437569,0.9937062937062937,0.9718909710391823
95.30757751616648,0.9973910655437569,0.9937062937062937,0.9718909710391823
95.31586801525452,0.9973910655437569,0.9937062937062937,0.9718909710391823
95.32415851434256,0.9973910655437569,0.9937062937062937,0.9718909710391823
95.3324490134306,0.9973910655437569,0.9937062937062937,0.9718909710391823
95.34073951251865,0.9973910655437569,0.9937062937062937,0.9718909710391823
95.3490300116067,0.9973910655437569,0.9937062937062937,0.9718909710391823
95.35732051069475,0.9973910655437569,0.9937062937062937,0.9718909710391823
95.36561100978278,0.9973910655437569,0.9937062937062937,0.9718909710391823
95.37390150887083,0.9973910655437569,0.9937062937062937,0.9718909710391823
95.38219200795888,0.9973910655437569,0.9937062937062937,0.9718909710391823
95.39048250704693,0.9973910655437569,0.9937062937062937,0.9718909710391823
95.39877300613497,0.9973910655437569,0.9937062937062937,0.9718909710391823
95.40706350522301,0.9973910655437569,0.9937062937062937,0.9727427597955707
95.41535400431106,0.9973910655437569,0.9937062937062937,0.9727427597955707
95.4236445033991,0.9973910655437569,0.9937062937062937,0.9727427597955707
95.43193500248715,0.9973910655437569,0.9937062937062937,0.9727427597955707
95.4402255015752,0.9973910655437569,0.9937062937062937,0.9727427597955707
95.44851600066325,0.9973910655437569,0.9937062937062937,0.9727427597955707
95.45680649975128,0.9973910655437569,0.9937062937062937,0.9727427597955707
95.46509699883933,0.9973910655437569,0.9937062937062937,0.9727427597955707
95.47338749792738,0.9973910655437569,0.9937062937062937,0.9727427597955707
95.48167799701542,0.9973910655437569,0.9937062937062937,0.9727427597955707
95.48996849610347,0.9973910655437569,0.9937062937062937,0.9727427597955707
95.4982589951915,0.9973910655437569,0.9937062937062937,0.9727427597955707
95.50654949427955,0.9973910655437569,0.9937062937062937,0.9727427597955707
95.5148399933676,0.9973910655437569,0.9937062937062937,0.9727427597955707
95.52313049245565,0.9973910655437569,0.9937062937062937,0.9735945485519591
95.5314209915437,0.9973910655437569,0.9937062937062937,0.9735945485519591
95.53971149063173,0.9973910655437569,0.9937062937062937,0.9735945485519591
95.54800198971978,0.9973910655437569,0.9937062937062937,0.9735945485519591
95.55629248880783,0.9973910655437569,0.9937062937062937,0.9735945485519591
95.56458298789588,0.9973910655437569,0.9937062937062937,0.9735945485519591
95.57287348698392,0.997436836323691,0.9938811188811189,0.9735945485519591
95.58116398607196,0.997436836323691,0.9938811188811189,0.9735945485519591
95.58945448516,0.997436836323691,0.9938811188811189,0.9735945485519591
95.59774498424805,0.997436836323691,0.9938811188811189,0.9735945485519591
95.6060354833361,0.997436836323691,0.9938811188811189,0.9744463373083475
95.61432598242415,0.997436836323691,0.9938811188811189,0.9744463373083475
95.62261648151218,0.997436836323691,0.9938811188811189,0.975298126064736
95.63090698060023,0.997436836323691,0.9938811188811189,0.975298126064736
95.63919747968828,0.997436836323691,0.9938811188811189,0.975298126064736
95.64748797877633,0.997436836323691,0.9938811188811189,0.975298126064736
95.65577847786437,0.997436836323691,0.9938811188811189,0.975298126064736
95.66406897695241,0.997436836323691,0.9938811188811189,0.975298126064736
95.67235947604046,0.997436836323691,0.9938811188811189,0.975298126064736
95.6806499751285,0.997436836323691,0.9938811188811189,0.975298126064736
95.68894047421655,0.997436836323691,0.9938811188811189,0.975298126064736
95.6972309733046,0.997436836323691,0.9938811188811189,0.975298126064736
95.70552147239263,0.997436836323691,0.9938811188811189,0.975298126064736
95.71381197148068,0.997436836323691,0.9938811188811189,0.975298126064736
95.72210247056873,0.997436836323691,0.9938811188811189,0.975298126064736
95.73039296965678,0.997482607103625,0.9940559440559441,0.975298126064736
95.73868346874482,0.997482607103625,0.9940559440559441,0.975298126064736
95.74697396783286,0.997482607103625,0.9940559440559441,0.9761499148211243
95.7552644669209,0.997482607103625,0.9940559440559441,0.9761499148211243
95.76355496600895,0.997482607103625,0.9940559440559441,0.9761499148211243
95.771845465097,0.997482607103625,0.9940559440559441,0.9761499148211243
95.78013596418505,0.997482607103625,0.9940559440559441,0.9761499148211243
95.78842646327308,0.997482607103625,0.9940559440559441,0.9761499148211243
95.79671696236113,0.997482607103625,0.9940559440559441,0.9761499148211243
95.80500746144918,0.997482607103625,0.9940559440559441,0.9761499148211243
95.81329796053723,0.997482607103625,0.9940559440559441,0.9761499148211243
95.82158845962527,0.997482607103625,0.9940559440559441,0.9761499148211243
95.82987895871331,0.997482607103625,0.9940559440559441,0.9761499148211243
95.83816945780136,0.997482607103625,0.9940559440559441,0.9761499148211243
95.8464599568894,0.997482607103625,0.9940559440559441,0.9761499148211243
95.85475045597745,0.997482607103625,0.9940559440559441,0.9761499148211243
95.8630409550655,0.9975283778835591,0.9942307692307693,0.9761499148211243
95.87133145415353,0.9975283778835591,0.9942307692307693,0.9761499148211243
95.87962195324158,0.9975283778835591,0.9942307692307693,0.9770017035775128
95.88791245232963,0.9975283778835591,0.9942307692307693,0.9770017035775128
95.89620295141768,0.9975283778835591,0.9942307692307693,0.9770017035775128
95.90449345050573,0.9975283778835591,0.9942307692307693,0.9770017035775128
95.91278394959376,0.9975283778835591,0.9942307692307693,0.9770017035775128
95.92107444868181,0.9975283778835591,0.9942307692307693,0.9770017035775128
95.92936494776986,0.9975283778835591,0.9942307692307693,0.9770017035775128
95.9376554468579,0.9975283778835591,0.9942307692307693,0.9770017035775128
95.94594594594595,0.9975283778835591,0.9942307692307693,0.9770017035775128
95.95423644503398,0.9975283778835591,0.9942307692307693,0.9770017035775128
95.96252694412203,0.9975283778835591,0.9942307692307693,0.9770017035775128
95.97081744321008,0.9975283778835591,0.9942307692307693,0.9770017035775128
95.97910794229813,0.9975283778835591,0.9942307692307693,0.9770017035775128
95.98739844138618,0.9975283778835591,0.9942307692307693,0.9770017035775128
95.99568894047421,0.9975283778835591,0.9942307692307693,0.9770017035775128
96.00397943956226,0.9975283778835591,0.9942307692307693,0.9770017035775128
96.0122699386503,0.9975283778835591,0.9942307692307693,0.9770017035775128
96.02056043773835,0.9975283778835591,0.9942307692307693,0.9770017035775128
96.0288509368264,0.9975283778835591,0.9942307692307693,0.9770017035775128
96.03714143591444,0.9975283778835591,0.9942307692307693,0.9770017035775128
96.04543193500248,0.9975283778835591,0.9942307692307693,0.9770017035775128
96.05372243409053,0.9975283778835591,0.9942307692307693,0.9770017035775128
96.06201293317858,0.9975283778835591,0.9942307692307693,0.9770017035775128
96.07030343226663,0.9975283778835591,0.9942307692307693,0.9770017035775128
96.07859393135466,0.9975283778835591,0.9942307692307693,0.9770017035775128
96.08688443044271,0.9975283778835591,0.9942307692307693,0.9770017035775128
96.09517492953076,0.9975283778835591,0.9942307692307693,0.9770017035775128
96.1034654286188,0.9975283778835591,0.9942307692307693,0.9770017035775128
96.11175592770685,0.9975283778835591,0.9942307692307693,0.9770017035775128
96.12004642679489,0.9975283778835591,0.9942307692307693,0.9770017035775128
96.12833692588293,0.9975283778835591,0.9942307692307693,0.9778534923339012
96.13662742497098,0.9975283778835591,0.9942307692307693,0.9778534923339012
96.14491792405903,0.9975283778835591,0.9942307692307693,0.9778534923339012
96.15320842314708,0.9975283778835591,0.9942307692307693,0.9778534923339012
96.16149892223513,0.9975283778835591,0.9942307692307693,0.9787052810902896
96.16978942132316,0.9975283778835591,0.9942307692307693,0.9787052810902896
96.17807992041121,0.9975283778835591,0.9942307692307693,0.979557069846678
96.18637041949926,0.9975741486634933,0.9944055944055944,0.979557069846678
96.1946609185873,0.9975741486634933,0.9944055944055944,0.979557069846678
96.20295141767535,0.9975741486634933,0.9944055944055944,0.979557069846678
96.21124191676338,0.9975741486634933,0.9944055944055944,0.979557069846678
96.21953241585143,0.9975741486634933,0.9944055944055944,0.979557069846678
96.22782291493948,0.9975741486634933,0.9944055944055944,0.979557069846678
96.23611341402753,0.9975741486634933,0.9944055944055944,0.979557069846678
96.24440391311558,0.9975741486634933,0.9944055944055944,0.979557069846678
96.25269441220361,0.9975741486634933,0.9944055944055944,0.979557069846678
96.26098491129166,0.9975741486634933,0.9944055944055944,0.979557069846678
96.2692754103797,0.9975741486634933,0.9944055944055944,0.979557069846678
96.27756590946775,0.9975741486634933,0.9944055944055944,0.979557069846678
96.2858564085558,0.9976199194434273,0.9945804195804195,0.979557069846678
96.29414690764384,0.9976199194434273,0.9945804195804195,0.979557069846678
96.30243740673188,0.9976656902233614,0.9947552447552448,0.979557069846678
96.31072790581993,0.9976656902233614,0.9947552447552448,0.979557069846678
96.31901840490798,0.9976656902233614,0.9947552447552448,0.979557069846678
96.32730890399603,0.9976656902233614,0.9947552447552448,0.979557069846678
96.33559940308406,0.9977114610032954,0.9949300699300699,0.979557069846678
96.34388990217211,0.9977114610032954,0.9949300699300699,0.979557069846678
96.35218040126016,0.9977114610032954,0.9949300699300699,0.979557069846678
96.3604709003482,0.9977114610032954,0.9949300699300699,0.979557069846678
96.36876139943625,0.9977114610032954,0.9949300699300699,0.979557069846678
96.37705189852429,0.9977114610032954,0.9949300699300699,0.979557069846678
96.38534239761233,0.9977572317832296,0.9951048951048951,0.979557069846678
96.39363289670038,0.9977572317832296,0.9951048951048951,0.979557069846678
96.40192339578843,0.9977572317832296,0.9951048951048951,0.979557069846678
96.41021389487648,0.9977572317832296,0.9951048951048951,0.979557069846678
96.41850439396451,0.9977572317832296,0.9951048951048951,0.979557069846678
96.42679489305256,0.9977572317832296,0.9951048951048951,0.979557069846678
96.4350853921406,0.9977572317832296,0.9951048951048951,0.979557069846678
96.44337589122865,0.9977572317832296,0.9951048951048951,0.979557069846678
96.4516663903167,0.9977572317832296,0.9951048951048951,0.979557069846678
96.45995688940474,0.9977572317832296,0.9951048951048951,0.979557069846678
96.46824738849278,0.9977572317832296,0.9951048951048951,0.979557069846678
96.47653788758083,0.9977572317832296,0.9951048951048951,0.979557069846678
96.48482838666888,0.9977572317832296,0.9951048951048951,0.979557069846678
96.49311888575693,0.9977572317832296,0.9951048951048951,0.979557069846678
96.50140938484496,0.9977572317832296,0.9951048951048951,0.9804088586030665
96.50969988393301,0.9977572317832296,0.9951048951048951,0.9804088586030665
96.51799038302106,0.9977572317832296,0.9951048951048951,0.9804088586030665
96.5262808821091,0.9977572317832296,0.9951048951048951,0.9804088586030665
96.53457138119715,0.9977572317832296,0.9951048951048951,0.9804088586030665
96.54286188028519,0.9977572317832296,0.9951048951048951,0.9804088586030665
96.55115237937324,0.9977572317832296,0.9951048951048951,0.9804088586030665
96.55944287846128,0.9977572317832296,0.9951048951048951,0.9804088586030665
96.56773337754933,0.9977572317832296,0.9951048951048951,0.9804088586030665
96.57602387663738,0.9977572317832296,0.9951048951048951,0.9804088586030665
96.58431437572541,0.9977572317832296,0.9951048951048951,0.9804088586030665
96.59260487481346,0.9977572317832296,0.9951048951048951,0.9804088586030665
96.60089537390151,0.9978030025631637,0.9952797202797202,0.9812606473594548
96.60918587298956,0.9978030025631637,0.9952797202797202,0.9812606473594548
96.6174763720776,0.9978030025631637,0.9952797202797202,0.9812606473594548
96.62576687116564,0.9978030025631637,0.9952797202797202,0.9812606473594548
96.63405737025369,0.9978030025631637,0.9952797202797202,0.9812606473594548
96.64234786934173,0.9978030025631637,0.9952797202797202,0.9812606473594548
96.65063836842978,0.9978487733430977,0.9954545454545455,0.9812606473594548
96.65892886751783,0.9978487733430977,0.9954545454545455,0.9812606473594548
96.66721936660586,0.9978487733430977,0.9954545454545455,0.9812606473594548
96.67550986569391,0.9978487733430977,0.9954545454545455,0.9812606473594548
96.68380036478196,0.9978487733430977,0.9954545454545455,0.9812606473594548
96.69209086387,0.9978487733430977,0.9954545454545455,0.9812606473594548
96.70038136295805,0.9978487733430977,0.9954545454545455,0.9812606473594548
96.70867186204609,0.9978487733430977,0.9954545454545455,0.9812606473594548
96.71696236113414,0.9978487733430977,0.9954545454545455,0.9812606473594548
96.72525286022218,0.9978487733430977,0.9954545454545455,0.9821124361158433
96.73354335931023,0.9978487733430977,0.9954545454545455,0.9821124361158433
96.74183385839828,0.9978487733430977,0.9954545454545455,0.9821124361158433
96.75012435748631,0.9978487733430977,0.9954545454545455,0.9821124361158433
96.75841485657436,0.9978945441230318,0.9956293706293706,0.9821124361158433
96.76670535566241,0.9978945441230318,0.9956293706293706,0.9821124361158433
96.77499585475046,0.9978945441230318,0.9956293706293706,0.9821124361158433
96.7832863538385,0.9978945441230318,0.9956293706293706,0.9821124361158433
96.79157685292654,0.9978945441230318,0.9956293706293706,0.9821124361158433
96.79986735201459,0.9978945441230318,0.9956293706293706,0.9821124361158433
96.80815785110264,0.9978945441230318,0.9956293706293706,0.9821124361158433
96.81644835019068,0.9978945441230318,0.9956293706293706,0.9821124361158433
96.82473884927873,0.9978945441230318,0.9956293706293706,0.9821124361158433
96.83302934836678,0.9978945441230318,0.9956293706293706,0.9821124361158433
96.84131984745481,0.9978945441230318,0.9956293706293706,0.9821124361158433
96.84961034654286,0.9978945441230318,0.9956293706293706,0.9829642248722317
96.85790084563091,0.9979860856829,0.9958041958041958,0.9829642248722317
96.86619134471896,0.9979860856829,0.9958041958041958,0.9829642248722317
96.874481843807,0.9979860856829,0.9958041958041958,0.9829642248722317
96.88277234289504,0.9979860856829,0.9958041958041958,0.9829642248722317
96.89106284198309,0.9979860856829,0.9958041958041958,0.9829642248722317
96.89935334107113,0.9979860856829,0.9958041958041958,0.9829642248722317
96.90764384015918,0.9980318564628341,0.995979020979021,0.9829642248722317
96.91593433924723,0.9981233980227023,0.9961538461538462,0.9829642248722317
96.92422483833526,0.9981233980227023,0.9961538461538462,0.9829642248722317
96.93251533742331,0.9981233980227023,0.9961538461538462,0.9829642248722317
96.94080583651136,0.9981233980227023,0.9961538461538462,0.9829642248722317
96.9490963355994,0.9981691688026364,0.9963286713286713,0.9829642248722317
96.95738683468745,0.9981691688026364,0.9963286713286713,0.9829642248722317
96.96567733377549,0.9981691688026364,0.9963286713286713,0.9829642248722317
96.97396783286354,0.9981691688026364,0.9963286713286713,0.9838160136286201
96.98225833195158,0.9981691688026364,0.9963286713286713,0.9838160136286201
96.99054883103963,0.9982149395825705,0.9965034965034965,0.9838160136286201
96.99883933012768,0.9982149395825705,0.9965034965034965,0.9838160136286201
97.00712982921571,0.9982149395825705,0.9965034965034965,0.9838160136286201
97.01542032830376,0.9982149395825705,0.9965034965034965,0.9838160136286201
97.02371082739181,0.9983064811424387,0.9966783216783217,0.9838160136286201
97.03200132647986,0.9983064811424387,0.9966783216783217,0.9846678023850085
97.0402918255679,0.9983064811424387,0.9966783216783217,0.9846678023850085
97.04858232465594,0.9983980227023068,0.9968531468531469,0.9846678023850085
97.05687282374399,0.9983980227023068,0.9968531468531469,0.985519591141397
97.06516332283203,0.9983980227023068,0.9968531468531469,0.985519591141397
97.07345382192008,0.9983980227023068,0.9968531468531469,0.985519591141397
97.08174432100813,0.9983980227023068,0.9968531468531469,0.985519591141397
97.09003482009616,0.9983980227023068,0.9968531468531469,0.985519591141397
97.09832531918421,0.9983980227023068,0.9968531468531469,0.985519591141397
97.10661581827226,0.9983980227023068,0.9968531468531469,0.985519591141397
97.11490631736031,0.9983980227023068,0.9968531468531469,0.985519591141397
97.12319681644836,0.9983980227023068,0.9968531468531469,0.985519591141397
97.13148731553639,0.9983980227023068,0.9968531468531469,0.985519591141397
97.13977781462444,0.9983980227023068,0.9968531468531469,0.985519591141397
97.14806831371249,0.9983980227023068,0.9968531468531469,0.985519591141397
97.15635881280053,0.9984437934822409,0.997027972027972,0.985519591141397
97.16464931188858,0.9984437934822409,0.997027972027972,0.985519591141397
97.17293981097662,0.9984437934822409,0.997027972027972,0.985519591141397
97.18123031006466,0.9984437934822409,0.997027972027972,0.985519591141397
97.18952080915271,0.9984437934822409,0.997027972027972,0.985519591141397
97.19781130824076,0.9984437934822409,0.997027972027972,0.985519591141397
97.2061018073288,0.9984437934822409,0.997027972027972,0.985519591141397
97.21439230641684,0.9984437934822409,0.997027972027972,0.985519591141397
97.22268280550489,0.9984437934822409,0.997027972027972,0.985519591141397
97.23097330459294,0.9984437934822409,0.997027972027972,0.985519591141397
97.23926380368098,0.9984437934822409,0.997027972027972,0.985519591141397
97.24755430276903,0.9984437934822409,0.997027972027972,0.985519591141397
97.25584480185707,0.9984437934822409,0.997027972027972,0.985519591141397
97.26413530094511,0.9984895642621751,0.9972027972027973,0.985519591141397
97.27242580003316,0.9984895642621751,0.9972027972027973,0.985519591141397
97.28071629912121,0.9984895642621751,0.9972027972027973,0.985519591141397
97.28900679820926,0.9984895642621751,0.9972027972027973,0.985519591141397
97.29729729729729,0.9984895642621751,0.9972027972027973,0.9863713798977853
97.30558779638534,0.9984895642621751,0.9972027972027973,0.9863713798977853
97.31387829547339,0.9984895642621751,0.9972027972027973,0.9872231686541738
97.32216879456143,0.9984895642621751,0.9972027972027973,0.9872231686541738
97.33045929364948,0.9984895642621751,0.9972027972027973,0.9872231686541738
97.33874979273752,0.9984895642621751,0.9972027972027973,0.9872231686541738
97.34704029182556,0.9984895642621751,0.9972027972027973,0.9872231686541738
97.35533079091361,0.9984895642621751,0.9972027972027973,0.9872231686541738
97.36362129000166,0.9984895642621751,0.9972027972027973,0.9872231686541738
97.37191178908971,0.9984895642621751,0.9972027972027973,0.9872231686541738
97.38020228817774,0.9984895642621751,0.9972027972027973,0.9872231686541738
97.38849278726579,0.9987641889417795,0.9973776223776224,0.9872231686541738
97.39678328635384,0.9987641889417795,0.9973776223776224,0.9872231686541738
97.40507378544189,0.9987641889417795,0.9973776223776224,0.9872231686541738
97.41336428452993,0.9987641889417795,0.9973776223776224,0.9872231686541738
97.42165478361797,0.9987641889417795,0.9973776223776224,0.9872231686541738
97.42994528270602,0.9987641889417795,0.9973776223776224,0.9872231686541738
97.43823578179406,0.9987641889417795,0.9973776223776224,0.9872231686541738
97.44652628088211,0.9987641889417795,0.9973776223776224,0.9872231686541738
97.45481677997016,0.9987641889417795,0.9973776223776224,0.9872231686541738
97.46310727905819,0.9987641889417795,0.9973776223776224,0.9872231686541738
97.47139777814624,0.9987641889417795,0.9973776223776224,0.9872231686541738
97.47968827723429,0.9988099597217136,0.9975524475524475,0.9872231686541738
97.48797877632234,0.9988099597217136,0.9975524475524475,0.9872231686541738
97.49626927541038,0.9988099597217136,0.9975524475524475,0.9872231686541738
97.50455977449842,0.9988099597217136,0.9975524475524475,0.9872231686541738
97.51285027358647,0.9988099597217136,0.9975524475524475,0.9872231686541738
97.52114077267451,0.9988099597217136,0.9975524475524475,0.9872231686541738
97.52943127176256,0.9988099597217136,0.9975524475524475,0.9872231686541738
97.53772177085061,0.9988099597217136,0.9975524475524475,0.9872231686541738
97.54601226993866,0.9988099597217136,0.9975524475524475,0.9872231686541738
97.55430276902669,0.9988099597217136,0.9975524475524475,0.9872231686541738
97.56259326811474,0.9988099597217136,0.9975524475524475,0.9872231686541738
97.57088376720279,0.9989472720615159,0.9977272727272727,0.9872231686541738
97.57917426629083,0.9989472720615159,0.9977272727272727,0.9872231686541738
97.58746476537888,0.9989472720615159,0.9977272727272727,0.9880749574105622
97.59575526446692,0.9989472720615159,0.9977272727272727,0.9880749574105622
97.60404576355496,0.9989472720615159,0.9977272727272727,0.9880749574105622
97.61233626264301,0.9989472720615159,0.9977272727272727,0.9880749574105622
97.62062676173106,0.9989472720615159,0.9977272727272727,0.9880749574105622
97.62891726081911,0.9989472720615159,0.9977272727272727,0.9880749574105622
97.63720775990714,0.9989472720615159,0.9977272727272727,0.9880749574105622
97.64549825899519,0.9989472720615159,0.9977272727272727,0.9880749574105622
97.65378875808324,0.9989472720615159,0.9977272727272727,0.9880749574105622
97.66207925717129,0.9989472720615159,0.9977272727272727,0.9880749574105622
97.67036975625933,0.9989472720615159,0.9977272727272727,0.9880749574105622
97.67866025534737,0.9989472720615159,0.9977272727272727,0.9889267461669506
97.68695075443541,0.9989472720615159,0.9977272727272727,0.9889267461669506
97.69524125352346,0.9989472720615159,0.9977272727272727,0.9889267461669506
97.70353175261151,0.9989472720615159,0.9977272727272727,0.9889267461669506
97.71182225169956,0.9989472720615159,0.9977272727272727,0.989778534923339
97.72011275078759,0.9989472720615159,0.9977272727272727,0.989778534923339
97.72840324987564,0.9989472720615159,0.9977272727272727,0.989778534923339
97.73669374896369,0.9989472720615159,0.9977272727272727,0.989778534923339
97.74498424805174,0.9989472720615159,0.9977272727272727,0.989778534923339
97.75327474713978,0.9989472720615159,0.9977272727272727,0.989778534923339
97.76156524622782,0.9989472720615159,0.9977272727272727,0.989778534923339
97.76985574531587,0.9989472720615159,0.9977272727272727,0.989778534923339
97.77814624440391,0.9989472720615159,0.9977272727272727,0.989778534923339
97.78643674349196,0.9989472720615159,0.9977272727272727,0.989778534923339
97.79472724258001,0.9989472720615159,0.9977272727272727,0.9906303236797275
97.80301774166804,0.9989472720615159,0.9977272727272727,0.9906303236797275
97.81130824075609,0.9989472720615159,0.9977272727272727,0.9906303236797275
97.81959873984414,0.99899304284145,0.9979020979020979,0.9906303236797275
97.82788923893219,0.99899304284145,0.9979020979020979,0.9906303236797275
97.83617973802023,0.9990388136213841,0.9980769230769231,0.9906303236797275
97.84447023710827,0.9990388136213841,0.9980769230769231,0.9906303236797275
97.85276073619632,0.9990388136213841,0.9980769230769231,0.9906303236797275
97.86105123528436,0.9990388136213841,0.9980769230769231,0.9906303236797275
97.86934173437241,0.9990388136213841,0.9980769230769231,0.9906303236797275
97.87763223346046,0.9990388136213841,0.9980769230769231,0.9906303236797275
97.8859227325485,0.9990388136213841,0.9980769230769231,0.9906303236797275
97.89421323163654,0.9990388136213841,0.9980769230769231,0.9906303236797275
97.90250373072459,0.9990388136213841,0.9980769230769231,0.9906303236797275
97.91079422981264,0.9990388136213841,0.9980769230769231,0.9906303236797275
97.91908472890069,0.9990388136213841,0.9980769230769231,0.9906303236797275
97.92737522798872,0.9990388136213841,0.9980769230769231,0.9906303236797275
97.93566572707677,0.9990388136213841,0.9980769230769231,0.9906303236797275
97.94395622616481,0.9990388136213841,0.9980769230769231,0.9906303236797275
97.95224672525286,0.9990388136213841,0.9980769230769231,0.9906303236797275
97.96053722434091,0.9990845844013182,0.9982517482517482,0.9906303236797275
97.96882772342894,0.9990845844013182,0.9982517482517482,0.9906303236797275
97.97711822251699,0.9990845844013182,0.9982517482517482,0.9906303236797275
97.98540872160504,0.9990845844013182,0.9982517482517482,0.9906303236797275
97.99369922069309,0.9990845844013182,0.9982517482517482,0.9906303236797275
98.00198971978114,0.9990845844013182,0.9982517482517482,0.9906303236797275
98.01028021886917,0.9990845844013182,0.9982517482517482,0.9906303236797275
98.01857071795722,0.9990845844013182,0.9982517482517482,0.9906303236797275
98.02686121704527,0.9990845844013182,0.9982517482517482,0.9906303236797275
98.03515171613331,0.9990845844013182,0.9982517482517482,0.9906303236797275
98.04344221522136,0.9990845844013182,0.9982517482517482,0.9906303236797275
98.0517327143094,0.9990845844013182,0.9982517482517482,0.9906303236797275
98.06002321339744,0.9990845844013182,0.9982517482517482,0.9906303236797275
98.06831371248549,0.9990845844013182,0.9982517482517482,0.9906303236797275
98.07660421157354,0.9990845844013182,0.9982517482517482,0.9906303236797275
98.08489471066159,0.9990845844013182,0.9982517482517482,0.9906303236797275
98.09318520974962,0.9990845844013182,0.9982517482517482,0.9906303236797275
98.10147570883767,0.9990845844013182,0.9982517482517482,0.9906303236797275
98.10976620792572,0.9990845844013182,0.9982517482517482,0.9906303236797275
98.11805670701376,0.9990845844013182,0.9982517482517482,0.9906303236797275
98.12634720610181,0.9990845844013182,0.9982517482517482,0.9906303236797275
98.13463770518985,0.9991303551812523,0.9984265734265734,0.9906303236797275
98.1429282042779,0.9991303551812523,0.9984265734265734,0.9906303236797275
98.15121870336594,0.9991303551812523,0.9984265734265734,0.9906303236797275
98.15950920245399,0.9991303551812523,0.9984265734265734,0.9906303236797275
98.16779970154204,0.9991303551812523,0.9984265734265734,0.9914821124361158
98.17609020063007,0.9991303551812523,0.9984265734265734,0.9914821124361158
98.18438069971812,0.9991761259611863,0.9986013986013986,0.9914821124361158
98.19267119880617,0.9992218967411205,0.9987762237762238,0.9914821124361158
98.20096169789421,0.9992218967411205,0.9987762237762238,0.9914821124361158
98.20925219698226,0.9992218967411205,0.9987762237762238,0.9914821124361158
98.2175426960703,0.9992218967411205,0.9987762237762238,0.9914821124361158
98.22583319515834,0.9992218967411205,0.9987762237762238,0.9914821124361158
98.23412369424639,0.9992218967411205,0.9987762237762238,0.9914821124361158
98.24241419333444,0.9992218967411205,0.9987762237762238,0.9914821124361158
98.25070469242249,0.9992218967411205,0.9987762237762238,0.9914821124361158
98.25899519151054,0.9992218967411205,0.9987762237762238,0.9914821124361158
98.26728569059857,0.9992218967411205,0.9987762237762238,0.9914821124361158
98.27557618968662,0.9992218967411205,0.9987762237762238,0.9914821124361158
98.28386668877467,0.9992218967411205,0.9987762237762238,0.9914821124361158
98.29215718786271,0.9992218967411205,0.9987762237762238,0.9914821124361158
98.30044768695076,0.9992218967411205,0.9987762237762238,0.9914821124361158
98.3087381860388,0.9992218967411205,0.9987762237762238,0.9914821124361158
98.31702868512684,0.9992218967411205,0.9987762237762238,0.9914821124361158
98.32531918421489,0.9992218967411205,0.9987762237762238,0.9914821124361158
98.33360968330294,0.9992218967411205,0.9987762237762238,0.9914821124361158
98.34190018239099,0.9992218967411205,0.9987762237762238,0.9914821124361158
98.35019068147902,0.9992218967411205,0.9987762237762238,0.9914821124361158
98.35848118056707,0.9992218967411205,0.9987762237762238,0.9914821124361158
98.36677167965512,0.9992218967411205,0.9987762237762238,0.9914821124361158
98.37506217874316,0.9992218967411205,0.9987762237762238,0.9914821124361158
98.38335267783121,0.9992218967411205,0.9987762237762238,0.9914821124361158
98.39164317691925,0.9992218967411205,0.9987762237762238,0.9914821124361158
98.3999336760073,0.9992218967411205,0.9987762237762238,0.9914821124361158
98.40822417509534,0.9992218967411205,0.9987762237762238,0.9914821124361158
98.41651467418339,0.9992218967411205,0.9987762237762238,0.9914821124361158
98.42480517327144,0.9992218967411205,0.9987762237762238,0.9914821124361158
98.43309567235947,0.9992218967411205,0.9987762237762238,0.9914821124361158
98.44138617144752,0.9992218967411205,0.9987762237762238,0.9914821124361158
98.44967667053557,0.9992218967411205,0.9987762237762238,0.9914821124361158
98.45796716962361,0.9992218967411205,0.9987762237762238,0.9914821124361158
98.46625766871166,0.9992218967411205,0.9987762237762238,0.9914821124361158
98.4745481677997,0.9992218967411205,0.9987762237762238,0.9914821124361158
98.48283866688774,0.9992218967411205,0.9987762237762238,0.9914821124361158
98.49112916597579,0.9992218967411205,0.9987762237762238,0.9914821124361158
98.49941966506384,0.9992218967411205,0.9987762237762238,0.9914821124361158
98.50771016415189,0.9992218967411205,0.9987762237762238,0.9914821124361158
98.51600066323992,0.9992218967411205,0.9987762237762238,0.9914821124361158
98.52429116232797,0.9992218967411205,0.9987762237762238,0.9914821124361158
98.53258166141602,0.9992218967411205,0.9987762237762238,0.9914821124361158
98.54087216050407,0.9992218967411205,0.9987762237762238,0.9914821124361158
98.54916265959211,0.9992218967411205,0.9987762237762238,0.9914821124361158
98.55745315868015,0.9992218967411205,0.9987762237762238,0.9914821124361158
98.5657436577682,0.9992218967411205,0.9987762237762238,0.9923339011925043
98.57403415685624,0.9992218967411205,0.9987762237762238,0.9923339011925043
98.58232465594429,0.9992218967411205,0.9987762237762238,0.9923339011925043
98.59061515503234,0.9992218967411205,0.9987762237762238,0.9923339011925043
98.59890565412037,0.9992218967411205,0.9987762237762238,0.9923339011925043
98.60719615320842,0.9992218967411205,0.9987762237762238,0.9931856899488927
98.61548665229647,0.9992218967411205,0.9987762237762238,0.9931856899488927
98.62377715138452,0.9992218967411205,0.9987762237762238,0.9931856899488927
98.63206765047256,0.9992218967411205,0.9987762237762238,0.9931856899488927
98.6403581495606,0.9992218967411205,0.9987762237762238,0.9931856899488927
98.64864864864865,0.9992218967411205,0.9987762237762238,0.9931856899488927
98.6569391477367,0.9992218967411205,0.9987762237762238,0.9931856899488927
98.66522964682474,0.9992218967411205,0.9987762237762238,0.9931856899488927
98.67352014591279,0.9992218967411205,0.9987762237762238,0.9931856899488927
98.68181064500082,0.9992218967411205,0.9987762237762238,0.9931856899488927
98.69010114408887,0.9992218967411205,0.9987762237762238,0.9931856899488927
98.69839164317692,0.9993134383009886,0.9989510489510489,0.9931856899488927
98.70668214226497,0.9993134383009886,0.9989510489510489,0.9931856899488927
98.71497264135301,0.9993134383009886,0.9989510489510489,0.9931856899488927
98.72326314044105,0.9993134383009886,0.9989510489510489,0.9931856899488927
98.7315536395291,0.9993134383009886,0.9989510489510489,0.9931856899488927
98.73984413861714,0.9993134383009886,0.9989510489510489,0.9931856899488927
98.74813463770519,0.9993134383009886,0.9989510489510489,0.9931856899488927
98.75642513679324,0.9993134383009886,0.9989510489510489,0.9940374787052811
98.76471563588127,0.9993134383009886,0.9989510489510489,0.9940374787052811
98.77300613496932,0.9993134383009886,0.9989510489510489,0.9940374787052811
98.78129663405737,0.9993134383009886,0.9989510489510489,0.9948892674616695
98.78958713314542,0.9993134383009886,0.9989510489510489,0.9948892674616695
98.79787763223347,0.9993134383009886,0.9989510489510489,0.9948892674616695
98.8061681313215,0.9993134383009886,0.9989510489510489,0.9948892674616695
98.81445863040955,0.9993134383009886,0.9989510489510489,0.9948892674616695
98.8227491294976,0.9993134383009886,0.9989510489510489,0.9948892674616695
98.83103962858564,0.9993134383009886,0.9989510489510489,0.9948892674616695
98.83933012767369,0.9993134383009886,0.9989510489510489,0.9948892674616695
98.84762062676172,0.9993134383009886,0.9989510489510489,0.9948892674616695
98.85591112584977,0.9993134383009886,0.9989510489510489,0.9948892674616695
98.86420162493782,0.9993134383009886,0.9989510489510489,0.9948892674616695
98.87249212402587,0.9993134383009886,0.9989510489510489,0.9948892674616695
98.88078262311392,0.9993134383009886,0.9989510489510489,0.9948892674616695
98.88907312220195,0.9993134383009886,0.9989510489510489,0.9948892674616695
98.89736362129,0.9993134383009886,0.9989510489510489,0.9948892674616695
98.90565412037805,0.9993134383009886,0.9989510489510489,0.9948892674616695
98.9139446194661,0.9993134383009886,0.9989510489510489,0.9948892674616695
98.92223511855414,0.9993134383009886,0.9989510489510489,0.9948892674616695
98.93052561764218,0.9993134383009886,0.9989510489510489,0.9948892674616695
98.93881611673022,0.9993134383009886,0.9989510489510489,0.9948892674616695
98.94710661581827,0.9993134383009886,0.9989510489510489,0.9948892674616695
98.95539711490632,0.9993134383009886,0.9989510489510489,0.9948892674616695
98.96368761399437,0.9993134383009886,0.9989510489510489,0.9948892674616695
98.97197811308241,0.9993134383009886,0.9989510489510489,0.9948892674616695
98.98026861217045,0.9993134383009886,0.9989510489510489,0.9948892674616695
98.9885591112585,0.9996338337605273,0.9991258741258742,0.9948892674616695
98.99684961034654,0.9996338337605273,0.9991258741258742,0.9948892674616695
99.00514010943459,0.9996338337605273,0.9991258741258742,0.9948892674616695
99.01343060852264,0.9996338337605273,0.9991258741258742,0.9948892674616695
99.02172110761067,0.9996338337605273,0.9991258741258742,0.9948892674616695
99.03001160669872,0.9996338337605273,0.9991258741258742,0.9948892674616695
99.03830210578677,0.9996338337605273,0.9991258741258742,0.9948892674616695
99.04659260487482,0.9996338337605273,0.9991258741258742,0.9948892674616695
99.05488310396287,0.9996338337605273,0.9991258741258742,0.9948892674616695
99.0631736030509,0.9996338337605273,0.9991258741258742,0.9948892674616695
99.07146410213895,0.9996338337605273,0.9991258741258742,0.9948892674616695
99.079754601227,0.9996338337605273,0.9991258741258742,0.9948892674616695
99.08804510031504,0.9996338337605273,0.9991258741258742,0.9948892674616695
99.09633559940309,0.9996338337605273,0.9991258741258742,0.9948892674616695
99.10462609849112,0.9996338337605273,0.9991258741258742,0.9948892674616695
99.11291659757917,0.9996338337605273,0.9991258741258742,0.9948892674616695
99.12120709666722,0.9996338337605273,0.9991258741258742,0.9948892674616695
99.12949759575527,0.9996338337605273,0.9991258741258742,0.9948892674616695
99.13778809484332,0.9996338337605273,0.9991258741258742,0.9948892674616695
99.14607859393135,0.9996338337605273,0.9991258741258742,0.9948892674616695
99.1543690930194,0.9996338337605273,0.9991258741258742,0.995741056218058
99.16265959210745,0.9996338337605273,0.9991258741258742,0.995741056218058
99.1709500911955,0.9996338337605273,0.9991258741258742,0.995741056218058
99.17924059028354,0.9996338337605273,0.9991258741258742,0.995741056218058
99.18753108937157,0.9996338337605273,0.9991258741258742,0.995741056218058
99.19582158845962,0.9996338337605273,0.9991258741258742,0.995741056218058
99.20411208754767,0.9996338337605273,0.9991258741258742,0.995741056218058
99.21240258663572,0.9996338337605273,0.9991258741258742,0.995741056218058
99.22069308572377,0.9996338337605273,0.9991258741258742,0.995741056218058
99.2289835848118,0.9996338337605273,0.9991258741258742,0.995741056218058
99.23727408389985,0.9996338337605273,0.9991258741258742,0.995741056218058
99.2455645829879,0.9996338337605273,0.9991258741258742,0.995741056218058
99.25385508207594,0.9996338337605273,0.9991258741258742,0.995741056218058
99.26214558116399,0.9996338337605273,0.9991258741258742,0.995741056218058
99.27043608025203,0.9996338337605273,0.9991258741258742,0.995741056218058
99.27872657934007,0.9996338337605273,0.9991258741258742,0.9965928449744463
99.28701707842812,0.9996338337605273,0.9991258741258742,0.9965928449744463
99.29530757751617,0.9996338337605273,0.9991258741258742,0.9965928449744463
99.30359807660422,0.9996338337605273,0.9991258741258742,0.9965928449744463
99.31188857569225,0.9996338337605273,0.9991258741258742,0.9965928449744463
99.3201790747803,0.9996338337605273,0.9991258741258742,0.9965928449744463
99.32846957386835,0.9996338337605273,0.9991258741258742,0.9965928449744463
99.3367600729564,0.9996338337605273,0.9991258741258742,0.9965928449744463
99.34505057204444,0.9996338337605273,0.9991258741258742,0.9965928449744463
99.35334107113248,0.9996338337605273,0.9991258741258742,0.9965928449744463
99.36163157022052,0.9996338337605273,0.9991258741258742,0.9965928449744463
99.36992206930857,0.9996338337605273,0.9991258741258742,0.9965928449744463
99.37821256839662,0.9996338337605273,0.9991258741258742,0.9965928449744463
99.38650306748467,0.9996338337605273,0.9991258741258742,0.9965928449744463
99.3947935665727,0.9996338337605273,0.9991258741258742,0.9965928449744463
99.40308406566075,0.9996338337605273,0.9991258741258742,0.9965928449744463
99.4113745647488,0.9996338337605273,0.9991258741258742,0.9965928449744463
99.41966506383685,0.9996338337605273,0.9991258741258742,0.9965928449744463
99.4279555629249,0.9996338337605273,0.9991258741258742,0.9965928449744463
99.43624606201293,0.9996338337605273,0.9991258741258742,0.9965928449744463
99.44453656110097,0.9996338337605273,0.9991258741258742,0.9965928449744463
99.45282706018902,0.9996338337605273,0.9991258741258742,0.9965928449744463
99.46111755927707,0.9996338337605273,0.9991258741258742,0.9965928449744463
99.46940805836512,0.9996338337605273,0.9991258741258742,0.9965928449744463
99.47769855745315,0.9996338337605273,0.9991258741258742,0.9965928449744463
99.4859890565412,0.9996338337605273,0.9991258741258742,0.9965928449744463
99.49427955562925,0.9996338337605273,0.9991258741258742,0.9965928449744463
99.5025700547173,0.9996338337605273,0.9991258741258742,0.9965928449744463
99.51086055380534,0.9996338337605273,0.9991258741258742,0.9965928449744463
99.51915105289338,0.9996338337605273,0.9991258741258742,0.9965928449744463
99.52744155198143,0.9996338337605273,0.9991258741258742,0.9965928449744463
99.53573205106947,0.9996338337605273,0.9991258741258742,0.9965928449744463
99.54402255015752,0.9996338337605273,0.9991258741258742,0.9965928449744463
99.55231304924557,0.9996338337605273,0.9991258741258742,0.9965928449744463
99.5606035483336,0.9996338337605273,0.9991258741258742,0.9965928449744463
99.56889404742165,0.9997253753203954,0.9993006993006993,0.9965928449744463
99.5771845465097,0.9997253753203954,0.9993006993006993,0.9965928449744463
99.58547504559775,0.9997253753203954,0.9993006993006993,0.9965928449744463
99.5937655446858,0.9997253753203954,0.9993006993006993,0.9965928449744463
99.60205604377383,0.9997253753203954,0.9993006993006993,0.9965928449744463
99.61034654286188,0.9997253753203954,0.9993006993006993,0.9965928449744463
99.61863704194992,0.9997253753203954,0.9993006993006993,0.9965928449744463
99.62692754103797,0.9997253753203954,0.9993006993006993,0.9965928449744463
99.63521804012602,0.9997253753203954,0.9993006993006993,0.9965928449744463
99.64350853921405,0.9997253753203954,0.9993006993006993,0.9965928449744463
99.6517990383021,0.9997253753203954,0.9993006993006993,0.9965928449744463
99.66008953739015,0.9998169168802636,0.9994755244755245,0.9965928449744463
99.6683800364782,0.9998169168802636,0.9994755244755245,0.9965928449744463
99.67667053556625,0.9999084584401318,0.9996503496503496,0.9965928449744463
99.6849610346543,0.9999084584401318,0.9996503496503496,0.9965928449744463
99.69325153374233,0.9999084584401318,0.9996503496503496,0.9965928449744463
99.70154203283037,0.9999084584401318,0.9996503496503496,0.9965928449744463
99.70983253191842,0.9999084584401318,0.9996503496503496,0.9965928449744463
99.71812303100647,0.9999084584401318,0.9996503496503496,0.9965928449744463
99.72641353009452,0.9999084584401318,0.9996503496503496,0.9965928449744463
99.73470402918255,0.9999084584401318,0.9996503496503496,0.9965928449744463
99.7429945282706,0.9999084584401318,0.9996503496503496,0.9974446337308348
99.75128502735865,0.9999084584401318,0.9996503496503496,0.9974446337308348
99.7595755264467,0.9999084584401318,0.9996503496503496,0.9974446337308348
99.76786602553474,0.9999542292200659,0.9998251748251749,0.9982964224872232
99.77615652462278,0.9999542292200659,0.9998251748251749,0.9982964224872232
99.78444702371083,0.9999542292200659,0.9998251748251749,0.9982964224872232
99.79273752279887,0.9999542292200659,0.9998251748251749,0.9982964224872232
99.80102802188692,0.9999542292200659,0.9998251748251749,0.9982964224872232
99.80931852097497,0.9999542292200659,0.9998251748251749,0.9982964224872232
99.817609020063,0.9999542292200659,0.9998251748251749,0.9982964224872232
99.82589951915105,0.9999542292200659,0.9998251748251749,0.9982964224872232
99.8341900182391,0.9999542292200659,0.9998251748251749,0.9982964224872232
99.84248051732715,0.9999542292200659,0.9998251748251749,0.9982964224872232
99.8507710164152,0.9999542292200659,0.9998251748251749,0.9982964224872232
99.85906151550323,0.9999542292200659,0.9998251748251749,0.9982964224872232
99.86735201459128,0.9999542292200659,0.9998251748251749,0.9982964224872232
99.87564251367932,0.9999542292200659,0.9998251748251749,0.9991482112436116
99.88393301276737,0.9999542292200659,0.9998251748251749,0.9991482112436116
99.89222351185542,0.9999542292200659,0.9998251748251749,0.9991482112436116
99.90051401094345,0.9999542292200659,0.9998251748251749,1.0
99.9088045100315,0.9999542292200659,0.9998251748251749,1.0
99.91709500911955,0.9999542292200659,0.9998251748251749,1.0
99.9253855082076,0.9999542292200659,0.9998251748251749,1.0
99.93367600729565,0.9999542292200659,0.9998251748251749,1.0
99.94196650638368,0.9999542292200659,0.9998251748251749,1.0
99.95025700547173,0.9999542292200659,0.9998251748251749,1.0
99.95854750455977,0.9999542292200659,0.9998251748251749,1.0
99.96683800364782,0.9999542292200659,0.9998251748251749,1.0
99.97512850273587,0.9999542292200659,0.9998251748251749,1.0
99.9834190018239,0.9999542292200659,0.9998251748251749,1.0
99.99170950091195,0.9999542292200659,0.9998251748251749,1.0
100.0,1.0,1.0,1.0
