group_id,scenario_key,scenario_label,rep,method,penalty,tuning_loss,tuning_loss_se,mean_coordinate_cycles,converged_fraction
10000000,transient_nonpersistent,Transient non-persistence,1,tuned_level,0.0,1.6772531166909281,0.11648054367634622,,
10000000,transient_nonpersistent,Transient non-persistence,1,tuned_level,0.03,1.5660402660404753,0.10630662759605684,,
10000000,transient_nonpersistent,Transient non-persistence,1,tuned_level,0.1,1.1560703248340134,0.037744555197752466,,
10000000,transient_nonpersistent,Transient non-persistence,1,tuned_level,0.3,1.065367344440917,0.030369010802877582,,
10000000,transient_nonpersistent,Transient non-persistence,1,tuned_level,1.0,1.0390289917266806,0.02443335910715688,,
10000000,transient_nonpersistent,Transient non-persistence,1,tuned_level,3.0,1.023762422099383,0.02381913991539627,,
10000000,transient_nonpersistent,Transient non-persistence,1,tuned_level,10.0,1.016376508190465,0.024006208548563595,,
10000000,transient_nonpersistent,Transient non-persistence,1,tuned_level,30.0,1.0142521561882325,0.024104815110439454,,
10000000,transient_nonpersistent,Transient non-persistence,1,tuned_level,100.0,1.013531399966103,0.02414442709386561,,
10000000,transient_nonpersistent,Transient non-persistence,1,tuned_level,300.0,1.01333301491751,0.024156074106846306,,
10000000,transient_nonpersistent,Transient non-persistence,1,tuned_level_slope,0.1,1.0726344997454964,0.03426259152015444,5.883333333333334,1.0
10000000,transient_nonpersistent,Transient non-persistence,1,tuned_level_slope,0.3,1.0404019706933973,0.027073901905237074,3.3666666666666667,1.0
10000000,transient_nonpersistent,Transient non-persistence,1,tuned_level_slope,1.0,1.0301171892365004,0.02396676028579537,2.183333333333333,1.0
10000000,transient_nonpersistent,Transient non-persistence,1,tuned_level_slope,3.0,1.0208533400135162,0.023853694043208147,1.5416666666666667,1.0
10000000,transient_nonpersistent,Transient non-persistence,1,tuned_level_slope,10.0,1.0155410536234533,0.024038658830626006,1.325,1.0
10000000,transient_nonpersistent,Transient non-persistence,1,tuned_level_slope,30.0,1.0140003253185055,0.024117095328083538,1.2833333333333334,1.0
10000000,transient_nonpersistent,Transient non-persistence,1,tuned_level_slope,100.0,1.0134589909924236,0.024148291609849874,1.225,1.0
10000000,transient_nonpersistent,Transient non-persistence,1,tuned_level_slope,300.0,1.0133082818047554,0.024157430698303915,1.2333333333333334,1.0
10000001,transient_nonpersistent,Transient non-persistence,2,tuned_level,0.0,1.7774505839330696,0.13909263725345702,,
10000001,transient_nonpersistent,Transient non-persistence,2,tuned_level,0.03,1.5127975727029976,0.09164365718793645,,
10000001,transient_nonpersistent,Transient non-persistence,2,tuned_level,0.1,1.1886063435895902,0.035214408392212404,,
10000001,transient_nonpersistent,Transient non-persistence,2,tuned_level,0.3,1.0871297659215362,0.02641541130729821,,
10000001,transient_nonpersistent,Transient non-persistence,2,tuned_level,1.0,1.0604143346791275,0.02456891207321695,,
10000001,transient_nonpersistent,Transient non-persistence,2,tuned_level,3.0,1.0505792830594767,0.02447239773615192,,
10000001,transient_nonpersistent,Transient non-persistence,2,tuned_level,10.0,1.0472980182257845,0.02447277618755326,,
10000001,transient_nonpersistent,Transient non-persistence,2,tuned_level,30.0,1.0462330548579024,0.024475398896428087,,
10000001,transient_nonpersistent,Transient non-persistence,2,tuned_level,100.0,1.0458378193754254,0.024480019172667938,,
10000001,transient_nonpersistent,Transient non-persistence,2,tuned_level,300.0,1.0457238608416752,0.024481665263510633,,
10000001,transient_nonpersistent,Transient non-persistence,2,tuned_level_slope,0.1,1.1359809866686141,0.031244451858845085,5.433333333333334,1.0
10000001,transient_nonpersistent,Transient non-persistence,2,tuned_level_slope,0.3,1.0752963263667938,0.02558490293872067,3.0416666666666665,1.0
10000001,transient_nonpersistent,Transient non-persistence,2,tuned_level_slope,1.0,1.0580754551651768,0.024465890707265146,1.9166666666666667,1.0
10000001,transient_nonpersistent,Transient non-persistence,2,tuned_level_slope,3.0,1.0499156306938426,0.0244900869644178,1.525,1.0
10000001,transient_nonpersistent,Transient non-persistence,2,tuned_level_slope,10.0,1.0472023634039793,0.024473481882018065,1.3833333333333333,1.0
10000001,transient_nonpersistent,Transient non-persistence,2,tuned_level_slope,30.0,1.0462011337751445,0.02447687291396178,1.3083333333333333,1.0
10000001,transient_nonpersistent,Transient non-persistence,2,tuned_level_slope,100.0,1.045830765064971,0.02448051581090327,1.275,1.0
10000001,transient_nonpersistent,Transient non-persistence,2,tuned_level_slope,300.0,1.045721509404857,0.0244818442895563,1.2416666666666667,1.0
10000002,transient_nonpersistent,Transient non-persistence,3,tuned_level,0.0,1.5947198631390387,0.1181485790291248,,
10000002,transient_nonpersistent,Transient non-persistence,3,tuned_level,0.03,1.4227701635076642,0.08352531845908105,,
10000002,transient_nonpersistent,Transient non-persistence,3,tuned_level,0.1,1.0973687911641303,0.04098966073869522,,
10000002,transient_nonpersistent,Transient non-persistence,3,tuned_level,0.3,1.024089832621811,0.028625308924953442,,
10000002,transient_nonpersistent,Transient non-persistence,3,tuned_level,1.0,1.002766680167482,0.02482629584648068,,
10000002,transient_nonpersistent,Transient non-persistence,3,tuned_level,3.0,0.9948797758076484,0.02399187658482193,,
10000002,transient_nonpersistent,Transient non-persistence,3,tuned_level,10.0,0.9928911083097176,0.023785507266647667,,
10000002,transient_nonpersistent,Transient non-persistence,3,tuned_level,30.0,0.9922826218489862,0.023740154254424977,,
10000002,transient_nonpersistent,Transient non-persistence,3,tuned_level,100.0,0.9920683210287481,0.023724052899553174,,
10000002,transient_nonpersistent,Transient non-persistence,3,tuned_level,300.0,0.9920041515022869,0.023719712226533796,,
10000002,transient_nonpersistent,Transient non-persistence,3,tuned_level_slope,0.1,1.041393876896557,0.03111480485123768,5.375,1.0
10000002,transient_nonpersistent,Transient non-persistence,3,tuned_level_slope,0.3,1.0105519692497968,0.025991508095784415,3.225,1.0
10000002,transient_nonpersistent,Transient non-persistence,3,tuned_level_slope,1.0,0.9995078025369536,0.024299752517133254,2.075,1.0
10000002,transient_nonpersistent,Transient non-persistence,3,tuned_level_slope,3.0,0.9940588608479577,0.023846042180147565,1.625,1.0
10000002,transient_nonpersistent,Transient non-persistence,3,tuned_level_slope,10.0,0.9926731910447442,0.023751792661154347,1.475,1.0
10000002,transient_nonpersistent,Transient non-persistence,3,tuned_level_slope,30.0,0.9922175892444791,0.023727825640474685,1.375,1.0
10000002,transient_nonpersistent,Transient non-persistence,3,tuned_level_slope,100.0,0.992047783444977,0.023720453360719145,1.3333333333333333,1.0
10000002,transient_nonpersistent,Transient non-persistence,3,tuned_level_slope,300.0,0.99199730564103,0.023718523699837644,1.3083333333333333,1.0
10000003,transient_nonpersistent,Transient non-persistence,4,tuned_level,0.0,1.8247781509570786,0.15959152687323458,,
10000003,transient_nonpersistent,Transient non-persistence,4,tuned_level,0.03,1.5461387267623035,0.11473799135899286,,
10000003,transient_nonpersistent,Transient non-persistence,4,tuned_level,0.1,1.0955474464020478,0.04028735369296928,,
10000003,transient_nonpersistent,Transient non-persistence,4,tuned_level,0.3,1.0059066050635472,0.027625732780645517,,
10000003,transient_nonpersistent,Transient non-persistence,4,tuned_level,1.0,0.9819025390809489,0.022653064036689045,,
10000003,transient_nonpersistent,Transient non-persistence,4,tuned_level,3.0,0.97383642491578,0.021797546592016204,,
10000003,transient_nonpersistent,Transient non-persistence,4,tuned_level,10.0,0.9717741265464549,0.02200121892824094,,
10000003,transient_nonpersistent,Transient non-persistence,4,tuned_level,30.0,0.9716593009705482,0.022234172712255782,,
10000003,transient_nonpersistent,Transient non-persistence,4,tuned_level,100.0,0.9716770614867785,0.022326285555552185,,
10000003,transient_nonpersistent,Transient non-persistence,4,tuned_level,300.0,0.9716861085508256,0.02235370189172373,,
10000003,transient_nonpersistent,Transient non-persistence,4,tuned_level_slope,0.1,1.02477718875854,0.03191901175686944,5.741666666666666,1.0
10000003,transient_nonpersistent,Transient non-persistence,4,tuned_level_slope,0.3,0.9880072994001063,0.02539478463289608,3.325,1.0
10000003,transient_nonpersistent,Transient non-persistence,4,tuned_level_slope,1.0,0.9779867531430543,0.022553641238730864,2.191666666666667,1.0
10000003,transient_nonpersistent,Transient non-persistence,4,tuned_level_slope,3.0,0.9733659251172073,0.02193069788960243,1.55,1.0
10000003,transient_nonpersistent,Transient non-persistence,4,tuned_level_slope,10.0,0.9718959448769442,0.02212178592098645,1.375,1.0
10000003,transient_nonpersistent,Transient non-persistence,4,tuned_level_slope,30.0,0.9717062523784865,0.022277964956005085,1.2583333333333333,1.0
10000003,transient_nonpersistent,Transient non-persistence,4,tuned_level_slope,100.0,0.9716954874969636,0.022340084288867936,1.2416666666666667,1.0
10000003,transient_nonpersistent,Transient non-persistence,4,tuned_level_slope,300.0,0.9716922505542206,0.022358343098818952,1.2333333333333334,1.0
10000004,transient_nonpersistent,Transient non-persistence,5,tuned_level,0.0,2.0427837543197738,0.21990376981383478,,
10000004,transient_nonpersistent,Transient non-persistence,5,tuned_level,0.03,1.6863503454203486,0.15155353179153416,,
10000004,transient_nonpersistent,Transient non-persistence,5,tuned_level,0.1,1.1899676480711965,0.044195126885331275,,
10000004,transient_nonpersistent,Transient non-persistence,5,tuned_level,0.3,1.0622036608189374,0.03177232979118748,,
10000004,transient_nonpersistent,Transient non-persistence,5,tuned_level,1.0,1.0350509038667612,0.029564976236283427,,
10000004,transient_nonpersistent,Transient non-persistence,5,tuned_level,3.0,1.0292357873346072,0.02944971860065843,,
10000004,transient_nonpersistent,Transient non-persistence,5,tuned_level,10.0,1.0269918305469774,0.02956250313570226,,
10000004,transient_nonpersistent,Transient non-persistence,5,tuned_level,30.0,1.026344969159071,0.029621010826550765,,
10000004,transient_nonpersistent,Transient non-persistence,5,tuned_level,100.0,1.0261173639374834,0.029648032613987806,,
10000004,transient_nonpersistent,Transient non-persistence,5,tuned_level,300.0,1.0260526135410304,0.029656747008517434,,
10000004,transient_nonpersistent,Transient non-persistence,5,tuned_level_slope,0.1,1.111884943631634,0.03768172285042912,5.533333333333333,1.0
10000004,transient_nonpersistent,Transient non-persistence,5,tuned_level_slope,0.3,1.0407460115095837,0.031401935485696225,2.8583333333333334,1.0
10000004,transient_nonpersistent,Transient non-persistence,5,tuned_level_slope,1.0,1.0319175113154673,0.02964556650135341,1.7666666666666666,1.0
10000004,transient_nonpersistent,Transient non-persistence,5,tuned_level_slope,3.0,1.028071959406001,0.02955878924971101,1.4583333333333333,1.0
10000004,transient_nonpersistent,Transient non-persistence,5,tuned_level_slope,10.0,1.0267051529034523,0.029603886750721942,1.2416666666666667,1.0
10000004,transient_nonpersistent,Transient non-persistence,5,tuned_level_slope,30.0,1.0262357962994375,0.029634854532113064,1.2166666666666666,1.0
10000004,transient_nonpersistent,Transient non-persistence,5,tuned_level_slope,100.0,1.0260878942659193,0.029653048021480576,1.2,1.0
10000004,transient_nonpersistent,Transient non-persistence,5,tuned_level_slope,300.0,1.0260437137225555,0.029658609123808955,1.2,1.0
10000005,transient_nonpersistent,Transient non-persistence,6,tuned_level,0.0,1.5909803152013757,0.1155636157521147,,
10000005,transient_nonpersistent,Transient non-persistence,6,tuned_level,0.03,1.3994134690728306,0.08390244119707539,,
10000005,transient_nonpersistent,Transient non-persistence,6,tuned_level,0.1,1.1563856786964555,0.037720705745184935,,
10000005,transient_nonpersistent,Transient non-persistence,6,tuned_level,0.3,1.0900295570452276,0.025538503027679845,,
10000005,transient_nonpersistent,Transient non-persistence,6,tuned_level,1.0,1.0634120329698518,0.0231752157236826,,
10000005,transient_nonpersistent,Transient non-persistence,6,tuned_level,3.0,1.0556388020012073,0.023314430927128673,,
10000005,transient_nonpersistent,Transient non-persistence,6,tuned_level,10.0,1.0534695052233125,0.02347332565826645,,
10000005,transient_nonpersistent,Transient non-persistence,6,tuned_level,30.0,1.0530018989288608,0.02353579095305576,,
10000005,transient_nonpersistent,Transient non-persistence,6,tuned_level,100.0,1.0529410082077486,0.02355345882874931,,
10000005,transient_nonpersistent,Transient non-persistence,6,tuned_level,300.0,1.0529252349301004,0.023558767372057202,,
10000005,transient_nonpersistent,Transient non-persistence,6,tuned_level_slope,0.1,1.1087725411431242,0.027989883286434238,6.025,1.0
10000005,transient_nonpersistent,Transient non-persistence,6,tuned_level_slope,0.3,1.0755754679916814,0.023633957424785093,3.341666666666667,1.0
10000005,transient_nonpersistent,Transient non-persistence,6,tuned_level_slope,1.0,1.060578632170806,0.0231692669411377,1.875,1.0
10000005,transient_nonpersistent,Transient non-persistence,6,tuned_level_slope,3.0,1.0551355786399408,0.023394157913300996,1.5416666666666667,1.0
10000005,transient_nonpersistent,Transient non-persistence,6,tuned_level_slope,10.0,1.0534038033518145,0.023494471946089935,1.325,1.0
10000005,transient_nonpersistent,Transient non-persistence,6,tuned_level_slope,30.0,1.0530034015744676,0.023542220201461267,1.2666666666666666,1.0
10000005,transient_nonpersistent,Transient non-persistence,6,tuned_level_slope,100.0,1.0529419763780639,0.023555431400489994,1.2416666666666667,1.0
10000005,transient_nonpersistent,Transient non-persistence,6,tuned_level_slope,300.0,1.0529255576535388,0.023559434021395566,1.2416666666666667,1.0
10000006,transient_nonpersistent,Transient non-persistence,7,tuned_level,0.0,1.8593463853959566,0.15413893797882847,,
10000006,transient_nonpersistent,Transient non-persistence,7,tuned_level,0.03,1.614537700379813,0.10565579114015011,,
10000006,transient_nonpersistent,Transient non-persistence,7,tuned_level,0.1,1.1427056265716555,0.04305113017386872,,
10000006,transient_nonpersistent,Transient non-persistence,7,tuned_level,0.3,1.0578321246917557,0.030355448422635125,,
10000006,transient_nonpersistent,Transient non-persistence,7,tuned_level,1.0,1.0477606875310717,0.025364435257621984,,
10000006,transient_nonpersistent,Transient non-persistence,7,tuned_level,3.0,1.0437076237469214,0.02399618823493549,,
10000006,transient_nonpersistent,Transient non-persistence,7,tuned_level,10.0,1.040809325750605,0.02360770751391531,,
10000006,transient_nonpersistent,Transient non-persistence,7,tuned_level,30.0,1.0399764477729532,0.023526410756898555,,
10000006,transient_nonpersistent,Transient non-persistence,7,tuned_level,100.0,1.0396708101120027,0.023500228588410957,,
10000006,transient_nonpersistent,Transient non-persistence,7,tuned_level,300.0,1.0395844880709009,0.023492954484332355,,
10000006,transient_nonpersistent,Transient non-persistence,7,tuned_level_slope,0.1,1.0682008908725,0.037678708151680826,5.375,1.0
10000006,transient_nonpersistent,Transient non-persistence,7,tuned_level_slope,0.3,1.0473929951913883,0.02831534885135559,3.075,1.0
10000006,transient_nonpersistent,Transient non-persistence,7,tuned_level_slope,1.0,1.0446196340438898,0.024794696762945,2.091666666666667,1.0
10000006,transient_nonpersistent,Transient non-persistence,7,tuned_level_slope,3.0,1.0425463784618596,0.023819471162673418,1.35,1.0
10000006,transient_nonpersistent,Transient non-persistence,7,tuned_level_slope,10.0,1.040454271922266,0.02357390156821861,1.2416666666666667,1.0
10000006,transient_nonpersistent,Transient non-persistence,7,tuned_level_slope,30.0,1.0398563022615306,0.02351569919936495,1.2083333333333333,1.0
10000006,transient_nonpersistent,Transient non-persistence,7,tuned_level_slope,100.0,1.0396366172301594,0.023497305125029667,1.1833333333333333,1.0
10000006,transient_nonpersistent,Transient non-persistence,7,tuned_level_slope,300.0,1.0395726129215968,0.023492051507822295,1.175,1.0
10000007,transient_nonpersistent,Transient non-persistence,8,tuned_level,0.0,1.8901582626930216,0.18114325969002065,,
10000007,transient_nonpersistent,Transient non-persistence,8,tuned_level,0.03,1.5864616036990162,0.11187340509922979,,
10000007,transient_nonpersistent,Transient non-persistence,8,tuned_level,0.1,1.1325455136272786,0.04004739561751745,,
10000007,transient_nonpersistent,Transient non-persistence,8,tuned_level,0.3,1.0269212056488577,0.026444422181997634,,
10000007,transient_nonpersistent,Transient non-persistence,8,tuned_level,1.0,1.0205358435046734,0.022555344772883443,,
10000007,transient_nonpersistent,Transient non-persistence,8,tuned_level,3.0,1.0206821301535625,0.022102721761973608,,
10000007,transient_nonpersistent,Transient non-persistence,8,tuned_level,10.0,1.0203572229227014,0.022211773352082322,,
10000007,transient_nonpersistent,Transient non-persistence,8,tuned_level,30.0,1.020378542870392,0.022294464340208,,
10000007,transient_nonpersistent,Transient non-persistence,8,tuned_level,100.0,1.0203527800336913,0.02232991591569256,,
10000007,transient_nonpersistent,Transient non-persistence,8,tuned_level,300.0,1.0203454192232055,0.02234050682483944,,
10000007,transient_nonpersistent,Transient non-persistence,8,tuned_level_slope,0.1,1.0692709140883552,0.034717637704812766,4.9,1.0
10000007,transient_nonpersistent,Transient non-persistence,8,tuned_level_slope,0.3,1.018776519522775,0.024972520026366036,2.6666666666666665,1.0
10000007,transient_nonpersistent,Transient non-persistence,8,tuned_level_slope,1.0,1.018861100874361,0.022535742048173085,1.9833333333333334,1.0
10000007,transient_nonpersistent,Transient non-persistence,8,tuned_level_slope,3.0,1.0203675161947556,0.02221681346880005,1.5166666666666666,1.0
10000007,transient_nonpersistent,Transient non-persistence,8,tuned_level_slope,10.0,1.020252931948079,0.02224597661696431,1.2916666666666667,1.0
10000007,transient_nonpersistent,Transient non-persistence,8,tuned_level_slope,30.0,1.0203341811441768,0.02230813157229038,1.225,1.0
10000007,transient_nonpersistent,Transient non-persistence,8,tuned_level_slope,100.0,1.020339471515827,0.022334203559965092,1.2166666666666666,1.0
10000007,transient_nonpersistent,Transient non-persistence,8,tuned_level_slope,300.0,1.0203409830505843,0.02234195383800586,1.2083333333333333,1.0
10000008,transient_nonpersistent,Transient non-persistence,9,tuned_level,0.0,1.6706857671292,0.11272962438312278,,
10000008,transient_nonpersistent,Transient non-persistence,9,tuned_level,0.03,1.4965838048718636,0.09360277979478449,,
10000008,transient_nonpersistent,Transient non-persistence,9,tuned_level,0.1,1.1397925138497318,0.0428227102588929,,
10000008,transient_nonpersistent,Transient non-persistence,9,tuned_level,0.3,1.0322331190754896,0.02837300451396748,,
10000008,transient_nonpersistent,Transient non-persistence,9,tuned_level,1.0,1.0022994282285889,0.024144313149691534,,
10000008,transient_nonpersistent,Transient non-persistence,9,tuned_level,3.0,0.9925059999700843,0.02347890280961765,,
10000008,transient_nonpersistent,Transient non-persistence,9,tuned_level,10.0,0.9900672783979583,0.02369508643710873,,
10000008,transient_nonpersistent,Transient non-persistence,9,tuned_level,30.0,0.9894672703128887,0.02382273519914309,,
10000008,transient_nonpersistent,Transient non-persistence,9,tuned_level,100.0,0.9892453814939927,0.023873996628998338,,
10000008,transient_nonpersistent,Transient non-persistence,9,tuned_level,300.0,0.9891774597475292,0.023888809431348922,,
10000008,transient_nonpersistent,Transient non-persistence,9,tuned_level_slope,0.1,1.0544505888357938,0.034313242775683477,5.283333333333333,1.0
10000008,transient_nonpersistent,Transient non-persistence,9,tuned_level_slope,0.3,1.0115069912655603,0.02600611516856611,2.841666666666667,1.0
10000008,transient_nonpersistent,Transient non-persistence,9,tuned_level_slope,1.0,0.9969527951720841,0.0239626107868264,1.8,1.0
10000008,transient_nonpersistent,Transient non-persistence,9,tuned_level_slope,3.0,0.9913745555000568,0.02355486901035924,1.4416666666666667,1.0
10000008,transient_nonpersistent,Transient non-persistence,9,tuned_level_slope,10.0,0.9897728001987569,0.023752755748465377,1.2916666666666667,1.0
10000008,transient_nonpersistent,Transient non-persistence,9,tuned_level_slope,30.0,0.989375080865313,0.02384522896202404,1.2583333333333333,1.0
10000008,transient_nonpersistent,Transient non-persistence,9,tuned_level_slope,100.0,0.9892199027868223,0.02388093026269195,1.25,1.0
10000008,transient_nonpersistent,Transient non-persistence,9,tuned_level_slope,300.0,0.9891689668451391,0.023891144048732483,1.2166666666666666,1.0
10000009,transient_nonpersistent,Transient non-persistence,10,tuned_level,0.0,1.7498496515049269,0.1446215307433535,,
10000009,transient_nonpersistent,Transient non-persistence,10,tuned_level,0.03,1.5430635585241836,0.11043417865664716,,
10000009,transient_nonpersistent,Transient non-persistence,10,tuned_level,0.1,1.0625842442890507,0.03586945079060109,,
10000009,transient_nonpersistent,Transient non-persistence,10,tuned_level,0.3,1.0302051308696816,0.029905311651568303,,
10000009,transient_nonpersistent,Transient non-persistence,10,tuned_level,1.0,1.0243441341657893,0.02696833800150489,,
10000009,transient_nonpersistent,Transient non-persistence,10,tuned_level,3.0,1.021136065749154,0.026758682424364248,,
10000009,transient_nonpersistent,Transient non-persistence,10,tuned_level,10.0,1.0200610773346537,0.026919443081600165,,
10000009,transient_nonpersistent,Transient non-persistence,10,tuned_level,30.0,1.0197537721398484,0.026991169021531494,,
10000009,transient_nonpersistent,Transient non-persistence,10,tuned_level,100.0,1.019646215321667,0.027019639806454318,,
10000009,transient_nonpersistent,Transient non-persistence,10,tuned_level,300.0,1.0196224233506734,0.027027979253120067,,
10000009,transient_nonpersistent,Transient non-persistence,10,tuned_level_slope,0.1,1.030647235956129,0.0310538026564927,5.883333333333334,1.0
10000009,transient_nonpersistent,Transient non-persistence,10,tuned_level_slope,0.3,1.0200176415785642,0.027748409117050093,3.341666666666667,1.0
10000009,transient_nonpersistent,Transient non-persistence,10,tuned_level_slope,1.0,1.02141494736115,0.026682652504020583,1.825,1.0
10000009,transient_nonpersistent,Transient non-persistence,10,tuned_level_slope,3.0,1.0201189540922517,0.026742240312407087,1.2583333333333333,1.0
10000009,transient_nonpersistent,Transient non-persistence,10,tuned_level_slope,10.0,1.0197854247292317,0.026928226611741053,1.1916666666666667,1.0
10000009,transient_nonpersistent,Transient non-persistence,10,tuned_level_slope,30.0,1.0196620459595984,0.026995547930452266,1.1583333333333334,1.0
10000009,transient_nonpersistent,Transient non-persistence,10,tuned_level_slope,100.0,1.0196186974675916,0.02702110714015951,1.1583333333333334,1.0
10000009,transient_nonpersistent,Transient non-persistence,10,tuned_level_slope,300.0,1.0196133274912647,0.027028481610303863,1.1583333333333334,1.0
10000010,transient_nonpersistent,Transient non-persistence,11,tuned_level,0.0,2.108236887886448,0.2010260504320018,,
10000010,transient_nonpersistent,Transient non-persistence,11,tuned_level,0.03,1.7936815474804575,0.15948315880378222,,
10000010,transient_nonpersistent,Transient non-persistence,11,tuned_level,0.1,1.246313357508669,0.057637008410769366,,
10000010,transient_nonpersistent,Transient non-persistence,11,tuned_level,0.3,1.0831694239552643,0.02758250981627937,,
10000010,transient_nonpersistent,Transient non-persistence,11,tuned_level,1.0,1.0513403692512744,0.02458218246025248,,
10000010,transient_nonpersistent,Transient non-persistence,11,tuned_level,3.0,1.0445322491330056,0.024950965049681716,,
10000010,transient_nonpersistent,Transient non-persistence,11,tuned_level,10.0,1.0430478734786228,0.025282290149481815,,
10000010,transient_nonpersistent,Transient non-persistence,11,tuned_level,30.0,1.042761065012266,0.025435380325361454,,
10000010,transient_nonpersistent,Transient non-persistence,11,tuned_level,100.0,1.0426184679681065,0.02549184338782254,,
10000010,transient_nonpersistent,Transient non-persistence,11,tuned_level,300.0,1.0425737577015213,0.025508304079937073,,
10000010,transient_nonpersistent,Transient non-persistence,11,tuned_level_slope,0.1,1.1559406132220933,0.045286710433446974,4.866666666666666,1.0
10000010,transient_nonpersistent,Transient non-persistence,11,tuned_level_slope,0.3,1.0627526518634498,0.026979136796258147,3.1166666666666667,1.0
10000010,transient_nonpersistent,Transient non-persistence,11,tuned_level_slope,1.0,1.0473753753352442,0.024887221232175162,1.8666666666666667,1.0
10000010,transient_nonpersistent,Transient non-persistence,11,tuned_level_slope,3.0,1.0436662832249481,0.02515214663626581,1.3583333333333334,1.0
10000010,transient_nonpersistent,Transient non-persistence,11,tuned_level_slope,10.0,1.042835163004866,0.02535626013633674,1.2583333333333333,1.0
10000010,transient_nonpersistent,Transient non-persistence,11,tuned_level_slope,30.0,1.0426712183376448,0.02546205664753226,1.2333333333333334,1.0
10000010,transient_nonpersistent,Transient non-persistence,11,tuned_level_slope,100.0,1.0425913325792993,0.02549998782554897,1.2083333333333333,1.0
10000010,transient_nonpersistent,Transient non-persistence,11,tuned_level_slope,300.0,1.042564712571919,0.025511038431018544,1.1916666666666667,1.0
10000011,transient_nonpersistent,Transient non-persistence,12,tuned_level,0.0,1.8827259122415734,0.15799520288876454,,
10000011,transient_nonpersistent,Transient non-persistence,12,tuned_level,0.03,1.5926321053909356,0.10700031873231367,,
10000011,transient_nonpersistent,Transient non-persistence,12,tuned_level,0.1,1.120687029254007,0.038332353250499974,,
10000011,transient_nonpersistent,Transient non-persistence,12,tuned_level,0.3,1.0387039888636787,0.02851331433943159,,
10000011,transient_nonpersistent,Transient non-persistence,12,tuned_level,1.0,1.0328791894399876,0.025819212120233963,,
10000011,transient_nonpersistent,Transient non-persistence,12,tuned_level,3.0,1.031049298826034,0.025673251289798502,,
10000011,transient_nonpersistent,Transient non-persistence,12,tuned_level,10.0,1.0305576925583892,0.0258380778433992,,
10000011,transient_nonpersistent,Transient non-persistence,12,tuned_level,30.0,1.0305501616098771,0.02591630649174077,,
10000011,transient_nonpersistent,Transient non-persistence,12,tuned_level,100.0,1.0305669138989009,0.025944444927322008,,
10000011,transient_nonpersistent,Transient non-persistence,12,tuned_level,300.0,1.0305687016115423,0.02595294372725493,,
10000011,transient_nonpersistent,Transient non-persistence,12,tuned_level_slope,0.1,1.0706413610909493,0.032612975118396774,4.975,1.0
10000011,transient_nonpersistent,Transient non-persistence,12,tuned_level_slope,0.3,1.030155382687737,0.02712939527368804,2.933333333333333,1.0
10000011,transient_nonpersistent,Transient non-persistence,12,tuned_level_slope,1.0,1.0305236345545177,0.025701070134113685,1.8833333333333333,1.0
10000011,transient_nonpersistent,Transient non-persistence,12,tuned_level_slope,3.0,1.0305298439507165,0.025713082806381633,1.4916666666666667,1.0
10000011,transient_nonpersistent,Transient non-persistence,12,tuned_level_slope,10.0,1.030619517535446,0.02585642008247068,1.325,1.0
10000011,transient_nonpersistent,Transient non-persistence,12,tuned_level_slope,30.0,1.0305650490766083,0.02592278757181526,1.275,1.0
10000011,transient_nonpersistent,Transient non-persistence,12,tuned_level_slope,100.0,1.0305707347089916,0.025946493686577945,1.25,1.0
10000011,transient_nonpersistent,Transient non-persistence,12,tuned_level_slope,300.0,1.0305701011431934,0.02595363976618612,1.225,1.0
10000012,transient_nonpersistent,Transient non-persistence,13,tuned_level,0.0,1.903925812418644,0.16891157874647902,,
10000012,transient_nonpersistent,Transient non-persistence,13,tuned_level,0.03,1.7375301877242562,0.1453645584282359,,
10000012,transient_nonpersistent,Transient non-persistence,13,tuned_level,0.1,1.2136568206454548,0.05406829982985789,,
10000012,transient_nonpersistent,Transient non-persistence,13,tuned_level,0.3,1.0945829823213649,0.03365369178290987,,
10000012,transient_nonpersistent,Transient non-persistence,13,tuned_level,1.0,1.0624251168723402,0.027602794801971548,,
10000012,transient_nonpersistent,Transient non-persistence,13,tuned_level,3.0,1.0510024295101823,0.026473942903979218,,
10000012,transient_nonpersistent,Transient non-persistence,13,tuned_level,10.0,1.0475572230133097,0.026221231743321388,,
10000012,transient_nonpersistent,Transient non-persistence,13,tuned_level,30.0,1.0469225697801177,0.026172715678841642,,
10000012,transient_nonpersistent,Transient non-persistence,13,tuned_level,100.0,1.046652745083159,0.02616362892347814,,
10000012,transient_nonpersistent,Transient non-persistence,13,tuned_level,300.0,1.0465748512370843,0.02616140047147206,,
10000012,transient_nonpersistent,Transient non-persistence,13,tuned_level_slope,0.1,1.1272299933580665,0.043576566576719315,4.95,1.0
10000012,transient_nonpersistent,Transient non-persistence,13,tuned_level_slope,0.3,1.0705860239816753,0.031112485064925734,2.8666666666666667,1.0
10000012,transient_nonpersistent,Transient non-persistence,13,tuned_level_slope,1.0,1.0544314447369556,0.02719429772645437,2.025,1.0
10000012,transient_nonpersistent,Transient non-persistence,13,tuned_level_slope,3.0,1.048567025271457,0.026385489490755448,1.5333333333333334,1.0
10000012,transient_nonpersistent,Transient non-persistence,13,tuned_level_slope,10.0,1.0471893763406468,0.026208480976861404,1.3833333333333333,1.0
10000012,transient_nonpersistent,Transient non-persistence,13,tuned_level_slope,30.0,1.0467950654519618,0.026170964909072003,1.3416666666666666,1.0
10000012,transient_nonpersistent,Transient non-persistence,13,tuned_level_slope,100.0,1.04661444775451,0.02616331508635657,1.275,1.0
10000012,transient_nonpersistent,Transient non-persistence,13,tuned_level_slope,300.0,1.046562085460868,0.026161316062606837,1.2666666666666666,1.0
10000013,transient_nonpersistent,Transient non-persistence,14,tuned_level,0.0,1.746360023111968,0.1182283373989741,,
10000013,transient_nonpersistent,Transient non-persistence,14,tuned_level,0.03,1.619847741124818,0.10510593100406643,,
10000013,transient_nonpersistent,Transient non-persistence,14,tuned_level,0.1,1.2634537303488895,0.048722498678851915,,
10000013,transient_nonpersistent,Transient non-persistence,14,tuned_level,0.3,1.132270699942716,0.03574048539844115,,
10000013,transient_nonpersistent,Transient non-persistence,14,tuned_level,1.0,1.0867911546246904,0.029428430950605024,,
10000013,transient_nonpersistent,Transient non-persistence,14,tuned_level,3.0,1.064410954768826,0.02837919824587374,,
10000013,transient_nonpersistent,Transient non-persistence,14,tuned_level,10.0,1.056346455351762,0.028335431170174064,,
10000013,transient_nonpersistent,Transient non-persistence,14,tuned_level,30.0,1.0541668523343806,0.02833713220624277,,
10000013,transient_nonpersistent,Transient non-persistence,14,tuned_level,100.0,1.0534427337716161,0.028340253706757596,,
10000013,transient_nonpersistent,Transient non-persistence,14,tuned_level,300.0,1.0532452182615561,0.028341120486821206,,
10000013,transient_nonpersistent,Transient non-persistence,14,tuned_level_slope,0.1,1.165619196730727,0.04071571033284174,5.925,1.0
10000013,transient_nonpersistent,Transient non-persistence,14,tuned_level_slope,0.3,1.1001055511258826,0.032502862608800226,3.4166666666666665,1.0
10000013,transient_nonpersistent,Transient non-persistence,14,tuned_level_slope,1.0,1.0752335073369435,0.02901270959613723,2.2666666666666666,1.0
10000013,transient_nonpersistent,Transient non-persistence,14,tuned_level_slope,3.0,1.061563177680873,0.02841356030296382,1.5,1.0
10000013,transient_nonpersistent,Transient non-persistence,14,tuned_level_slope,10.0,1.055570248592588,0.028357615808609488,1.3,1.0
10000013,transient_nonpersistent,Transient non-persistence,14,tuned_level_slope,30.0,1.053924053958845,0.028347063355074233,1.2666666666666666,1.0
10000013,transient_nonpersistent,Transient non-persistence,14,tuned_level_slope,100.0,1.0533699128513188,0.02834348744733743,1.25,1.0
10000013,transient_nonpersistent,Transient non-persistence,14,tuned_level_slope,300.0,1.0532232117836002,0.028342061437832692,1.2416666666666667,1.0
10000014,transient_nonpersistent,Transient non-persistence,15,tuned_level,0.0,1.5533622784301564,0.10795939616770092,,
10000014,transient_nonpersistent,Transient non-persistence,15,tuned_level,0.03,1.3865311926231214,0.08122530184246732,,
10000014,transient_nonpersistent,Transient non-persistence,15,tuned_level,0.1,1.0893233471717088,0.03246291201349544,,
10000014,transient_nonpersistent,Transient non-persistence,15,tuned_level,0.3,1.0230557518707135,0.024432952382977317,,
10000014,transient_nonpersistent,Transient non-persistence,15,tuned_level,1.0,1.0265418628315996,0.02171635444516965,,
10000014,transient_nonpersistent,Transient non-persistence,15,tuned_level,3.0,1.026719475026648,0.021156745449516137,,
10000014,transient_nonpersistent,Transient non-persistence,15,tuned_level,10.0,1.0265227400938166,0.021116092574898722,,
10000014,transient_nonpersistent,Transient non-persistence,15,tuned_level,30.0,1.0264125214544313,0.021119076556214377,,
10000014,transient_nonpersistent,Transient non-persistence,15,tuned_level,100.0,1.026359361597313,0.021122511431077438,,
10000014,transient_nonpersistent,Transient non-persistence,15,tuned_level,300.0,1.026344173066708,0.021123731455966077,,
10000014,transient_nonpersistent,Transient non-persistence,15,tuned_level_slope,0.1,1.0324087349256061,0.02683058619368745,4.875,1.0
10000014,transient_nonpersistent,Transient non-persistence,15,tuned_level_slope,0.3,1.0171838414313794,0.02274704874451606,2.35,1.0
10000014,transient_nonpersistent,Transient non-persistence,15,tuned_level_slope,1.0,1.0249078306129558,0.021463534306137445,1.6916666666666667,1.0
10000014,transient_nonpersistent,Transient non-persistence,15,tuned_level_slope,3.0,1.026531385928113,0.02113115099662341,1.2583333333333333,1.0
10000014,transient_nonpersistent,Transient non-persistence,15,tuned_level_slope,10.0,1.0264813144280918,0.021117495940937103,1.15,1.0
10000014,transient_nonpersistent,Transient non-persistence,15,tuned_level_slope,30.0,1.0263986686953197,0.02112071084494412,1.1416666666666666,1.0
10000014,transient_nonpersistent,Transient non-persistence,15,tuned_level_slope,100.0,1.0263552057695795,0.021123118188635284,1.1333333333333333,1.0
10000014,transient_nonpersistent,Transient non-persistence,15,tuned_level_slope,300.0,1.0263427877907967,0.021123944797077587,1.1333333333333333,1.0
10000015,transient_nonpersistent,Transient non-persistence,16,tuned_level,0.0,1.634102196408098,0.13766281059173538,,
10000015,transient_nonpersistent,Transient non-persistence,16,tuned_level,0.03,1.4594725646117002,0.08851535127810316,,
10000015,transient_nonpersistent,Transient non-persistence,16,tuned_level,0.1,1.1714872766084596,0.03722024632983933,,
10000015,transient_nonpersistent,Transient non-persistence,16,tuned_level,0.3,1.0821471807635599,0.027447308769162973,,
10000015,transient_nonpersistent,Transient non-persistence,16,tuned_level,1.0,1.0585087221426561,0.02401441356075248,,
10000015,transient_nonpersistent,Transient non-persistence,16,tuned_level,3.0,1.0457151815571162,0.02354498585587188,,
10000015,transient_nonpersistent,Transient non-persistence,16,tuned_level,10.0,1.0404235582821746,0.02361098098906714,,
10000015,transient_nonpersistent,Transient non-persistence,16,tuned_level,30.0,1.0387953661446985,0.023663486472630762,,
10000015,transient_nonpersistent,Transient non-persistence,16,tuned_level,100.0,1.0382914634301845,0.02368929898896139,,
10000015,transient_nonpersistent,Transient non-persistence,16,tuned_level,300.0,1.0381446705702664,0.023697326098110767,,
10000015,transient_nonpersistent,Transient non-persistence,16,tuned_level_slope,0.1,1.1145820754837255,0.03317660239087246,5.791666666666667,1.0
10000015,transient_nonpersistent,Transient non-persistence,16,tuned_level_slope,0.3,1.07255678546303,0.02594843656141813,3.3666666666666667,1.0
10000015,transient_nonpersistent,Transient non-persistence,16,tuned_level_slope,1.0,1.0530447039972854,0.023797754336456835,2.1333333333333333,1.0
10000015,transient_nonpersistent,Transient non-persistence,16,tuned_level_slope,3.0,1.0441648292036556,0.02356813664818573,1.4916666666666667,1.0
10000015,transient_nonpersistent,Transient non-persistence,16,tuned_level_slope,10.0,1.0398678673749198,0.02363316396174382,1.5,1.0
10000015,transient_nonpersistent,Transient non-persistence,16,tuned_level_slope,30.0,1.0386428476554184,0.023672531891692487,1.35,1.0
10000015,transient_nonpersistent,Transient non-persistence,16,tuned_level_slope,100.0,1.038246528589945,0.023692055707107296,1.3,1.0
10000015,transient_nonpersistent,Transient non-persistence,16,tuned_level_slope,300.0,1.0381296922901866,0.023698258825405986,1.2833333333333334,1.0
10000016,transient_nonpersistent,Transient non-persistence,17,tuned_level,0.0,2.1481994488374747,0.1945341209417865,,
10000016,transient_nonpersistent,Transient non-persistence,17,tuned_level,0.03,1.6900460914490543,0.12568344204054185,,
10000016,transient_nonpersistent,Transient non-persistence,17,tuned_level,0.1,1.175643279355057,0.045150725919403945,,
10000016,transient_nonpersistent,Transient non-persistence,17,tuned_level,0.3,1.033827082990196,0.026971753350672655,,
10000016,transient_nonpersistent,Transient non-persistence,17,tuned_level,1.0,1.0003615013212248,0.022421373370073445,,
10000016,transient_nonpersistent,Transient non-persistence,17,tuned_level,3.0,0.9944322963599961,0.02167727547775043,,
10000016,transient_nonpersistent,Transient non-persistence,17,tuned_level,10.0,0.9935927778946798,0.021488175148959832,,
10000016,transient_nonpersistent,Transient non-persistence,17,tuned_level,30.0,0.9935674234144699,0.021433506165090575,,
10000016,transient_nonpersistent,Transient non-persistence,17,tuned_level,100.0,0.9935621802761853,0.021419839069333292,,
10000016,transient_nonpersistent,Transient non-persistence,17,tuned_level,300.0,0.9935662081497991,0.021416728829958816,,
10000016,transient_nonpersistent,Transient non-persistence,17,tuned_level_slope,0.1,1.0796059700946714,0.0327699317885688,5.316666666666666,1.0
10000016,transient_nonpersistent,Transient non-persistence,17,tuned_level_slope,0.3,1.0112323907939733,0.0241480539585413,3.033333333333333,1.0
10000016,transient_nonpersistent,Transient non-persistence,17,tuned_level_slope,1.0,0.9938716062663394,0.021986366434862726,1.8583333333333334,1.0
10000016,transient_nonpersistent,Transient non-persistence,17,tuned_level_slope,3.0,0.9929326427850786,0.02161673470963906,1.4333333333333333,1.0
10000016,transient_nonpersistent,Transient non-persistence,17,tuned_level_slope,10.0,0.9933063101457192,0.02146619272338262,1.3583333333333334,1.0
10000016,transient_nonpersistent,Transient non-persistence,17,tuned_level_slope,30.0,0.9934699748073842,0.021428269925453276,1.2833333333333334,1.0
10000016,transient_nonpersistent,Transient non-persistence,17,tuned_level_slope,100.0,0.9935332185332602,0.021418395373102406,1.2666666666666666,1.0
10000016,transient_nonpersistent,Transient non-persistence,17,tuned_level_slope,300.0,0.9935568275233227,0.021416254516861997,1.2666666666666666,1.0
10000017,transient_nonpersistent,Transient non-persistence,18,tuned_level,0.0,1.9322958876884722,0.19819863576460398,,
10000017,transient_nonpersistent,Transient non-persistence,18,tuned_level,0.03,1.6825901274499548,0.13640448281431675,,
10000017,transient_nonpersistent,Transient non-persistence,18,tuned_level,0.1,1.1335240334167955,0.040077255697067535,,
10000017,transient_nonpersistent,Transient non-persistence,18,tuned_level,0.3,1.009387668986825,0.02690898762580516,,
10000017,transient_nonpersistent,Transient non-persistence,18,tuned_level,1.0,1.010722005320509,0.023645103651320963,,
10000017,transient_nonpersistent,Transient non-persistence,18,tuned_level,3.0,1.0126591346308003,0.022975034978345504,,
10000017,transient_nonpersistent,Transient non-persistence,18,tuned_level,10.0,1.0142303048502557,0.022907539431154422,,
10000017,transient_nonpersistent,Transient non-persistence,18,tuned_level,30.0,1.0146959436007374,0.022917297631007985,,
10000017,transient_nonpersistent,Transient non-persistence,18,tuned_level,100.0,1.0148231511732575,0.02292446678898168,,
10000017,transient_nonpersistent,Transient non-persistence,18,tuned_level,300.0,1.0148608850828664,0.022926849785391442,,
10000017,transient_nonpersistent,Transient non-persistence,18,tuned_level_slope,0.1,1.037752176526017,0.03248141244244155,5.208333333333333,1.0
10000017,transient_nonpersistent,Transient non-persistence,18,tuned_level_slope,0.3,1.0028491096466632,0.025115653686766815,2.816666666666667,1.0
10000017,transient_nonpersistent,Transient non-persistence,18,tuned_level_slope,1.0,1.0112441729025108,0.023147844661302132,1.9166666666666667,1.0
10000017,transient_nonpersistent,Transient non-persistence,18,tuned_level_slope,3.0,1.0131857790341023,0.022930819433486526,1.2583333333333333,1.0
10000017,transient_nonpersistent,Transient non-persistence,18,tuned_level_slope,10.0,1.0144531830426853,0.022906861208452547,1.2333333333333334,1.0
10000017,transient_nonpersistent,Transient non-persistence,18,tuned_level_slope,30.0,1.0147578983403707,0.022918387329856155,1.1833333333333333,1.0
10000017,transient_nonpersistent,Transient non-persistence,18,tuned_level_slope,100.0,1.0148446605655508,0.02292487716488368,1.15,1.0
10000017,transient_nonpersistent,Transient non-persistence,18,tuned_level_slope,300.0,1.014867811671298,0.022926983441261817,1.15,1.0
10000018,transient_nonpersistent,Transient non-persistence,19,tuned_level,0.0,1.813771415127256,0.1517662131632144,,
10000018,transient_nonpersistent,Transient non-persistence,19,tuned_level,0.03,1.55000878272697,0.0964807625089729,,
10000018,transient_nonpersistent,Transient non-persistence,19,tuned_level,0.1,1.1264577434655054,0.032028826001663395,,
10000018,transient_nonpersistent,Transient non-persistence,19,tuned_level,0.3,1.0417968316068646,0.024587353098997716,,
10000018,transient_nonpersistent,Transient non-persistence,19,tuned_level,1.0,1.0347733637616126,0.021116764732429422,,
10000018,transient_nonpersistent,Transient non-persistence,19,tuned_level,3.0,1.0290888073656628,0.020326524536474013,,
10000018,transient_nonpersistent,Transient non-persistence,19,tuned_level,10.0,1.0277076009288162,0.020205133100239293,,
10000018,transient_nonpersistent,Transient non-persistence,19,tuned_level,30.0,1.0272600049723761,0.020199977782795846,,
10000018,transient_nonpersistent,Transient non-persistence,19,tuned_level,100.0,1.0270953186899956,0.020202180344253216,,
10000018,transient_nonpersistent,Transient non-persistence,19,tuned_level,300.0,1.027049507680018,0.02020328719522921,,
10000018,transient_nonpersistent,Transient non-persistence,19,tuned_level_slope,0.1,1.0742987285924919,0.028533775504887313,6.025,1.0
10000018,transient_nonpersistent,Transient non-persistence,19,tuned_level_slope,0.3,1.0353009878429125,0.022442255122047432,3.433333333333333,1.0
10000018,transient_nonpersistent,Transient non-persistence,19,tuned_level_slope,1.0,1.032326555816446,0.020738120702411992,2.075,1.0
10000018,transient_nonpersistent,Transient non-persistence,19,tuned_level_slope,3.0,1.0287160453577928,0.020289423282153676,1.4333333333333333,1.0
10000018,transient_nonpersistent,Transient non-persistence,19,tuned_level_slope,10.0,1.027565793961046,0.020204575646104957,1.3166666666666667,1.0
10000018,transient_nonpersistent,Transient non-persistence,19,tuned_level_slope,30.0,1.0272199121167884,0.020201225409419536,1.2666666666666666,1.0
10000018,transient_nonpersistent,Transient non-persistence,19,tuned_level_slope,100.0,1.027084170744263,0.020202796736565352,1.2583333333333333,1.0
10000018,transient_nonpersistent,Transient non-persistence,19,tuned_level_slope,300.0,1.027045791698107,0.02020350605633456,1.25,1.0
10000019,transient_nonpersistent,Transient non-persistence,20,tuned_level,0.0,1.7743125733959706,0.13806371826363242,,
10000019,transient_nonpersistent,Transient non-persistence,20,tuned_level,0.03,1.6292824637863235,0.11542783155936222,,
10000019,transient_nonpersistent,Transient non-persistence,20,tuned_level,0.1,1.1359243838712483,0.041420360978113885,,
10000019,transient_nonpersistent,Transient non-persistence,20,tuned_level,0.3,0.9924750971974053,0.02723630588180663,,
10000019,transient_nonpersistent,Transient non-persistence,20,tuned_level,1.0,0.9814047155070743,0.025762327348495928,,
10000019,transient_nonpersistent,Transient non-persistence,20,tuned_level,3.0,0.9787778342228902,0.02612295366832853,,
10000019,transient_nonpersistent,Transient non-persistence,20,tuned_level,10.0,0.9787163361347962,0.0264835144671084,,
10000019,transient_nonpersistent,Transient non-persistence,20,tuned_level,30.0,0.978914838606444,0.026580183065580656,,
10000019,transient_nonpersistent,Transient non-persistence,20,tuned_level,100.0,0.9789964945929861,0.026615614850026417,,
10000019,transient_nonpersistent,Transient non-persistence,20,tuned_level,300.0,0.9790149918519,0.026626251458982196,,
10000019,transient_nonpersistent,Transient non-persistence,20,tuned_level_slope,0.1,1.0319979036829874,0.031580546200021244,5.308333333333334,1.0
10000019,transient_nonpersistent,Transient non-persistence,20,tuned_level_slope,0.3,0.9740674947480943,0.02610441480886479,2.7333333333333334,1.0
10000019,transient_nonpersistent,Transient non-persistence,20,tuned_level_slope,1.0,0.9763664135438856,0.0256373103573312,1.8,1.0
10000019,transient_nonpersistent,Transient non-persistence,20,tuned_level_slope,3.0,0.9776714997863446,0.026130263808086623,1.35,1.0
10000019,transient_nonpersistent,Transient non-persistence,20,tuned_level_slope,10.0,0.9785647169440175,0.026478191953090053,1.2583333333333333,1.0
10000019,transient_nonpersistent,Transient non-persistence,20,tuned_level_slope,30.0,0.9788571191935439,0.026579878355142743,1.1916666666666667,1.0
10000019,transient_nonpersistent,Transient non-persistence,20,tuned_level_slope,100.0,0.9789783650165944,0.026615614467075506,1.1916666666666667,1.0
10000019,transient_nonpersistent,Transient non-persistence,20,tuned_level_slope,300.0,0.9790093733725088,0.026626243317627432,1.1833333333333333,1.0
10000020,transient_nonpersistent,Transient non-persistence,21,tuned_level,0.0,1.8216147756456222,0.18878791925928418,,
10000020,transient_nonpersistent,Transient non-persistence,21,tuned_level,0.03,1.473089743897167,0.09466724363522058,,
10000020,transient_nonpersistent,Transient non-persistence,21,tuned_level,0.1,1.14623281692638,0.038427096377839885,,
10000020,transient_nonpersistent,Transient non-persistence,21,tuned_level,0.3,1.030386922550142,0.02870986383929936,,
10000020,transient_nonpersistent,Transient non-persistence,21,tuned_level,1.0,1.022398258959773,0.023864488030317054,,
10000020,transient_nonpersistent,Transient non-persistence,21,tuned_level,3.0,1.0204252389007151,0.022833537816282563,,
10000020,transient_nonpersistent,Transient non-persistence,21,tuned_level,10.0,1.0193353653098434,0.022575336593523967,,
10000020,transient_nonpersistent,Transient non-persistence,21,tuned_level,30.0,1.01897164848889,0.022524789831752705,,
10000020,transient_nonpersistent,Transient non-persistence,21,tuned_level,100.0,1.0188360012580344,0.02250958603807601,,
10000020,transient_nonpersistent,Transient non-persistence,21,tuned_level,300.0,1.0188225021598527,0.0225089275878339,,
10000020,transient_nonpersistent,Transient non-persistence,21,tuned_level_slope,0.1,1.0771282022791775,0.03159888555007729,6.125,1.0
10000020,transient_nonpersistent,Transient non-persistence,21,tuned_level_slope,0.3,1.0183429284089562,0.02591777272954394,2.9916666666666667,1.0
10000020,transient_nonpersistent,Transient non-persistence,21,tuned_level_slope,1.0,1.0190787554391454,0.02313742113781174,1.8333333333333333,1.0
10000020,transient_nonpersistent,Transient non-persistence,21,tuned_level_slope,3.0,1.0192632614385937,0.022663642037805798,1.4083333333333334,1.0
10000020,transient_nonpersistent,Transient non-persistence,21,tuned_level_slope,10.0,1.0189943478131616,0.022535617959265456,1.2416666666666667,1.0
10000020,transient_nonpersistent,Transient non-persistence,21,tuned_level_slope,30.0,1.018865710692298,0.022512023057031434,1.2,1.0
10000020,transient_nonpersistent,Transient non-persistence,21,tuned_level_slope,100.0,1.0188093731608914,0.022506516432507673,1.1916666666666667,1.0
10000020,transient_nonpersistent,Transient non-persistence,21,tuned_level_slope,300.0,1.018815921328689,0.02250817244378369,1.1833333333333333,1.0
10000021,transient_nonpersistent,Transient non-persistence,22,tuned_level,0.0,1.698035945673621,0.13883838151725492,,
10000021,transient_nonpersistent,Transient non-persistence,22,tuned_level,0.03,1.4501689412421297,0.09951456594959515,,
10000021,transient_nonpersistent,Transient non-persistence,22,tuned_level,0.1,1.170945244917933,0.05149449994537134,,
10000021,transient_nonpersistent,Transient non-persistence,22,tuned_level,0.3,1.0313070265807907,0.030681160395653995,,
10000021,transient_nonpersistent,Transient non-persistence,22,tuned_level,1.0,0.9986286622096531,0.025035851543893182,,
10000021,transient_nonpersistent,Transient non-persistence,22,tuned_level,3.0,0.9914682619323084,0.02487304092229664,,
10000021,transient_nonpersistent,Transient non-persistence,22,tuned_level,10.0,0.9904055245256428,0.024999892035942637,,
10000021,transient_nonpersistent,Transient non-persistence,22,tuned_level,30.0,0.9904593550628851,0.025075131302362472,,
10000021,transient_nonpersistent,Transient non-persistence,22,tuned_level,100.0,0.9905062285938678,0.025111519986647974,,
10000021,transient_nonpersistent,Transient non-persistence,22,tuned_level,300.0,0.9905136087291647,0.025122394856036786,,
10000021,transient_nonpersistent,Transient non-persistence,22,tuned_level_slope,0.1,1.084802851305938,0.04282060452730776,6.2,1.0
10000021,transient_nonpersistent,Transient non-persistence,22,tuned_level_slope,0.3,1.0105881304000168,0.02820162048127026,3.3666666666666667,1.0
10000021,transient_nonpersistent,Transient non-persistence,22,tuned_level_slope,1.0,0.9949832731914782,0.02494868085076757,2.15,1.0
10000021,transient_nonpersistent,Transient non-persistence,22,tuned_level_slope,3.0,0.9907932558053212,0.024973033326171092,1.4416666666666667,1.0
10000021,transient_nonpersistent,Transient non-persistence,22,tuned_level_slope,10.0,0.9903023105179254,0.02503004031645922,1.35,1.0
10000021,transient_nonpersistent,Transient non-persistence,22,tuned_level_slope,30.0,0.9904161144766578,0.025088998303291747,1.2833333333333334,1.0
10000021,transient_nonpersistent,Transient non-persistence,22,tuned_level_slope,100.0,0.9904935527039638,0.025115763434944094,1.2333333333333334,1.0
10000021,transient_nonpersistent,Transient non-persistence,22,tuned_level_slope,300.0,0.9905093834325299,0.02512383207570332,1.2333333333333334,1.0
10000022,transient_nonpersistent,Transient non-persistence,23,tuned_level,0.0,1.936983153385028,0.1601605199963402,,
10000022,transient_nonpersistent,Transient non-persistence,23,tuned_level,0.03,1.6715944510955831,0.12245812413845321,,
10000022,transient_nonpersistent,Transient non-persistence,23,tuned_level,0.1,1.1185925739812759,0.041270594049926425,,
10000022,transient_nonpersistent,Transient non-persistence,23,tuned_level,0.3,1.0203747590568812,0.028150214309125166,,
10000022,transient_nonpersistent,Transient non-persistence,23,tuned_level,1.0,1.022273907968953,0.024366213742711106,,
10000022,transient_nonpersistent,Transient non-persistence,23,tuned_level,3.0,1.0228760773699817,0.02362428078442668,,
10000022,transient_nonpersistent,Transient non-persistence,23,tuned_level,10.0,1.023231569216172,0.02348541355072349,,
10000022,transient_nonpersistent,Transient non-persistence,23,tuned_level,30.0,1.0233439015358736,0.02345793523169722,,
10000022,transient_nonpersistent,Transient non-persistence,23,tuned_level,100.0,1.0233668574930421,0.023448346009069105,,
10000022,transient_nonpersistent,Transient non-persistence,23,tuned_level,300.0,1.0233702732054164,0.023445901190121046,,
10000022,transient_nonpersistent,Transient non-persistence,23,tuned_level_slope,0.1,1.060831331834387,0.03467484040332436,4.5,1.0
10000022,transient_nonpersistent,Transient non-persistence,23,tuned_level_slope,0.3,1.0176650312964692,0.026742275390811553,2.6166666666666667,1.0
10000022,transient_nonpersistent,Transient non-persistence,23,tuned_level_slope,1.0,1.02263525999285,0.024080121438576945,1.5666666666666667,1.0
10000022,transient_nonpersistent,Transient non-persistence,23,tuned_level_slope,3.0,1.0232081912984479,0.023567352309079838,1.3333333333333333,1.0
10000022,transient_nonpersistent,Transient non-persistence,23,tuned_level_slope,10.0,1.0233450309889294,0.023470504046330366,1.2083333333333333,1.0
10000022,transient_nonpersistent,Transient non-persistence,23,tuned_level_slope,30.0,1.023369567709718,0.023452625674394423,1.2,1.0
10000022,transient_nonpersistent,Transient non-persistence,23,tuned_level_slope,100.0,1.0233765145056912,0.023447050400892885,1.1916666666666667,1.0
10000022,transient_nonpersistent,Transient non-persistence,23,tuned_level_slope,300.0,1.0233734922096327,0.02344547724167122,1.1833333333333333,1.0
10000023,transient_nonpersistent,Transient non-persistence,24,tuned_level,0.0,1.7044178721135936,0.1446740644336762,,
10000023,transient_nonpersistent,Transient non-persistence,24,tuned_level,0.03,1.3991843648796067,0.07527616436864935,,
10000023,transient_nonpersistent,Transient non-persistence,24,tuned_level,0.1,1.128525138939611,0.036246667897919096,,
10000023,transient_nonpersistent,Transient non-persistence,24,tuned_level,0.3,1.0281858650560391,0.02478481312898378,,
10000023,transient_nonpersistent,Transient non-persistence,24,tuned_level,1.0,1.0005241581544644,0.02180958917911498,,
10000023,transient_nonpersistent,Transient non-persistence,24,tuned_level,3.0,0.9897059483245402,0.0214963290460236,,
10000023,transient_nonpersistent,Transient non-persistence,24,tuned_level,10.0,0.9850029426499955,0.021633681457794603,,
10000023,transient_nonpersistent,Transient non-persistence,24,tuned_level,30.0,0.9835125438266462,0.021708658660301153,,
10000023,transient_nonpersistent,Transient non-persistence,24,tuned_level,100.0,0.9830315692340434,0.021734123866925806,,
10000023,transient_nonpersistent,Transient non-persistence,24,tuned_level,300.0,0.9828955092639866,0.021741761589467203,,
10000023,transient_nonpersistent,Transient non-persistence,24,tuned_level_slope,0.1,1.033417342040778,0.028907505850842397,5.775,1.0
10000023,transient_nonpersistent,Transient non-persistence,24,tuned_level_slope,0.3,0.9977096851851657,0.02297815377191167,3.1666666666666665,1.0
10000023,transient_nonpersistent,Transient non-persistence,24,tuned_level_slope,1.0,0.99242022883565,0.021724408076086537,2.1083333333333334,1.0
10000023,transient_nonpersistent,Transient non-persistence,24,tuned_level_slope,3.0,0.9871112500842263,0.021600023583640632,1.5583333333333333,1.0
10000023,transient_nonpersistent,Transient non-persistence,24,tuned_level_slope,10.0,0.9842993899591516,0.021684910322639184,1.4,1.0
10000023,transient_nonpersistent,Transient non-persistence,24,tuned_level_slope,30.0,0.9833031442643335,0.021721790664800695,1.275,1.0
10000023,transient_nonpersistent,Transient non-persistence,24,tuned_level_slope,100.0,0.9829687493653497,0.02173829259000211,1.275,1.0
10000023,transient_nonpersistent,Transient non-persistence,24,tuned_level_slope,300.0,0.9828745693077553,0.02174317291927765,1.275,1.0
10000024,transient_nonpersistent,Transient non-persistence,25,tuned_level,0.0,1.9194346353549099,0.186002738273304,,
10000024,transient_nonpersistent,Transient non-persistence,25,tuned_level,0.03,1.7346489932830087,0.1554432098168823,,
10000024,transient_nonpersistent,Transient non-persistence,25,tuned_level,0.1,1.1762492415456016,0.043144639380687876,,
10000024,transient_nonpersistent,Transient non-persistence,25,tuned_level,0.3,1.0552464802759964,0.029252996583967763,,
10000024,transient_nonpersistent,Transient non-persistence,25,tuned_level,1.0,1.0219783417312878,0.024253413777441536,,
10000024,transient_nonpersistent,Transient non-persistence,25,tuned_level,3.0,1.0152907006911365,0.022979029298194485,,
10000024,transient_nonpersistent,Transient non-persistence,25,tuned_level,10.0,1.014690874504917,0.02262869942682362,,
10000024,transient_nonpersistent,Transient non-persistence,25,tuned_level,30.0,1.014606362601286,0.02261012636560707,,
10000024,transient_nonpersistent,Transient non-persistence,25,tuned_level,100.0,1.014555225994104,0.02261514539821441,,
10000024,transient_nonpersistent,Transient non-persistence,25,tuned_level,300.0,1.0145413653613093,0.02261769971214131,,
10000024,transient_nonpersistent,Transient non-persistence,25,tuned_level_slope,0.1,1.1032841598283174,0.03563839429953709,5.333333333333333,1.0
10000024,transient_nonpersistent,Transient non-persistence,25,tuned_level_slope,0.3,1.0365999022450758,0.02685137803928841,3.075,1.0
10000024,transient_nonpersistent,Transient non-persistence,25,tuned_level_slope,1.0,1.0162718587931954,0.023677498935037584,2.0,1.0
10000024,transient_nonpersistent,Transient non-persistence,25,tuned_level_slope,3.0,1.014613663223922,0.02283432005263363,1.4583333333333333,1.0
10000024,transient_nonpersistent,Transient non-persistence,25,tuned_level_slope,10.0,1.0144804711770132,0.022633209056487996,1.375,1.0
10000024,transient_nonpersistent,Transient non-persistence,25,tuned_level_slope,30.0,1.0145298224935557,0.02261482120493359,1.3083333333333333,1.0
10000024,transient_nonpersistent,Transient non-persistence,25,tuned_level_slope,100.0,1.0145330880134744,0.02261699472780134,1.2666666666666666,1.0
10000024,transient_nonpersistent,Transient non-persistence,25,tuned_level_slope,300.0,1.0145338910472301,0.02261836687396876,1.2583333333333333,1.0
10000025,transient_nonpersistent,Transient non-persistence,26,tuned_level,0.0,1.9295423981991717,0.15328376009868525,,
10000025,transient_nonpersistent,Transient non-persistence,26,tuned_level,0.03,1.726737017152604,0.13445320766472205,,
10000025,transient_nonpersistent,Transient non-persistence,26,tuned_level,0.1,1.151292280205529,0.04923490601111039,,
10000025,transient_nonpersistent,Transient non-persistence,26,tuned_level,0.3,0.9997680299137118,0.03200499925647175,,
10000025,transient_nonpersistent,Transient non-persistence,26,tuned_level,1.0,0.9618259963985228,0.027839691200090517,,
10000025,transient_nonpersistent,Transient non-persistence,26,tuned_level,3.0,0.9462671219499407,0.02608162249888641,,
10000025,transient_nonpersistent,Transient non-persistence,26,tuned_level,10.0,0.9405667265150228,0.025718335284423553,,
10000025,transient_nonpersistent,Transient non-persistence,26,tuned_level,30.0,0.9387477481599489,0.025645910857924947,,
10000025,transient_nonpersistent,Transient non-persistence,26,tuned_level,100.0,0.9381882327062667,0.025610699659649412,,
10000025,transient_nonpersistent,Transient non-persistence,26,tuned_level,300.0,0.9380283711480719,0.025600997587183975,,
10000025,transient_nonpersistent,Transient non-persistence,26,tuned_level_slope,0.1,1.0619140450671918,0.042604383147726084,5.241666666666666,1.0
10000025,transient_nonpersistent,Transient non-persistence,26,tuned_level_slope,0.3,0.9727416469435413,0.030147203378775717,3.1166666666666667,1.0
10000025,transient_nonpersistent,Transient non-persistence,26,tuned_level_slope,1.0,0.9506061567584666,0.02670874122634272,1.95,1.0
10000025,transient_nonpersistent,Transient non-persistence,26,tuned_level_slope,3.0,0.9431684344378606,0.02591820975312765,1.4583333333333333,1.0
10000025,transient_nonpersistent,Transient non-persistence,26,tuned_level_slope,10.0,0.9396269824078822,0.025687814733859893,1.2583333333333333,1.0
10000025,transient_nonpersistent,Transient non-persistence,26,tuned_level_slope,30.0,0.9385181002307141,0.02562585141546573,1.2083333333333333,1.0
10000025,transient_nonpersistent,Transient non-persistence,26,tuned_level_slope,100.0,0.9381202881017835,0.025605028967082975,1.1833333333333333,1.0
10000025,transient_nonpersistent,Transient non-persistence,26,tuned_level_slope,300.0,0.9380057229465775,0.025599125239256438,1.175,1.0
10000026,transient_nonpersistent,Transient non-persistence,27,tuned_level,0.0,1.7046186735544822,0.1259300716421387,,
10000026,transient_nonpersistent,Transient non-persistence,27,tuned_level,0.03,1.4469224579541025,0.07935776864584435,,
10000026,transient_nonpersistent,Transient non-persistence,27,tuned_level,0.1,1.093682770580852,0.03577828697538743,,
10000026,transient_nonpersistent,Transient non-persistence,27,tuned_level,0.3,1.0104212616073651,0.024005162755531197,,
10000026,transient_nonpersistent,Transient non-persistence,27,tuned_level,1.0,0.9924051563375837,0.020496272634989456,,
10000026,transient_nonpersistent,Transient non-persistence,27,tuned_level,3.0,0.9838429344396452,0.019962874634510318,,
10000026,transient_nonpersistent,Transient non-persistence,27,tuned_level,10.0,0.9800096506463808,0.02008590556119924,,
10000026,transient_nonpersistent,Transient non-persistence,27,tuned_level,30.0,0.9788646233740709,0.020176783514514983,,
10000026,transient_nonpersistent,Transient non-persistence,27,tuned_level,100.0,0.9785549130418656,0.02018256056684678,,
10000026,transient_nonpersistent,Transient non-persistence,27,tuned_level,300.0,0.9784650666459775,0.020184543124608954,,
10000026,transient_nonpersistent,Transient non-persistence,27,tuned_level_slope,0.1,1.0376356387301002,0.028589484595825512,5.933333333333334,1.0
10000026,transient_nonpersistent,Transient non-persistence,27,tuned_level_slope,0.3,0.9976324302835397,0.02164064141568011,3.191666666666667,1.0
10000026,transient_nonpersistent,Transient non-persistence,27,tuned_level_slope,1.0,0.986859370076017,0.020111278876893356,2.1,1.0
10000026,transient_nonpersistent,Transient non-persistence,27,tuned_level_slope,3.0,0.9821069828579939,0.019966001372068082,1.6833333333333333,1.0
10000026,transient_nonpersistent,Transient non-persistence,27,tuned_level_slope,10.0,0.9795756329366513,0.020118495546846454,1.4333333333333333,1.0
10000026,transient_nonpersistent,Transient non-persistence,27,tuned_level_slope,30.0,0.9787136747356211,0.020189518613901454,1.375,1.0
10000026,transient_nonpersistent,Transient non-persistence,27,tuned_level_slope,100.0,0.9785105680594176,0.020186745830636732,1.3166666666666667,1.0
10000026,transient_nonpersistent,Transient non-persistence,27,tuned_level_slope,300.0,0.9784502849851615,0.020185962003093517,1.3083333333333333,1.0
10000027,transient_nonpersistent,Transient non-persistence,28,tuned_level,0.0,1.707707711299567,0.13256578146101305,,
10000027,transient_nonpersistent,Transient non-persistence,28,tuned_level,0.03,1.4939908314153107,0.09899490028182203,,
10000027,transient_nonpersistent,Transient non-persistence,28,tuned_level,0.1,1.0776805544316155,0.04137876572154802,,
10000027,transient_nonpersistent,Transient non-persistence,28,tuned_level,0.3,1.0382840503172064,0.029452537461152544,,
10000027,transient_nonpersistent,Transient non-persistence,28,tuned_level,1.0,1.03205769607274,0.023577846324409058,,
10000027,transient_nonpersistent,Transient non-persistence,28,tuned_level,3.0,1.0273681367116771,0.02223511059206747,,
10000027,transient_nonpersistent,Transient non-persistence,28,tuned_level,10.0,1.025262806723734,0.022107102823918274,,
10000027,transient_nonpersistent,Transient non-persistence,28,tuned_level,30.0,1.0246852888247373,0.022142131449325024,,
10000027,transient_nonpersistent,Transient non-persistence,28,tuned_level,100.0,1.024468851157466,0.022161629541216945,,
10000027,transient_nonpersistent,Transient non-persistence,28,tuned_level,300.0,1.02440701182396,0.022167798220290625,,
10000027,transient_nonpersistent,Transient non-persistence,28,tuned_level_slope,0.1,1.0281439091342868,0.034388160042367326,5.625,1.0
10000027,transient_nonpersistent,Transient non-persistence,28,tuned_level_slope,0.3,1.0274198349862758,0.02629713440046989,2.925,1.0
10000027,transient_nonpersistent,Transient non-persistence,28,tuned_level_slope,1.0,1.027627529537841,0.022903821749980777,2.075,1.0
10000027,transient_nonpersistent,Transient non-persistence,28,tuned_level_slope,3.0,1.0260654359453762,0.022136046950032188,1.65,1.0
10000027,transient_nonpersistent,Transient non-persistence,28,tuned_level_slope,10.0,1.0250174378367363,0.022104964787949828,1.35,1.0
10000027,transient_nonpersistent,Transient non-persistence,28,tuned_level_slope,30.0,1.0246064459758606,0.022143170363529963,1.275,1.0
10000027,transient_nonpersistent,Transient non-persistence,28,tuned_level_slope,100.0,1.0244467928624348,0.022162120013627995,1.2416666666666667,1.0
10000027,transient_nonpersistent,Transient non-persistence,28,tuned_level_slope,300.0,1.0243996590589495,0.022167987834255436,1.2333333333333334,1.0
10000028,transient_nonpersistent,Transient non-persistence,29,tuned_level,0.0,1.5367828196143938,0.09696568994536704,,
10000028,transient_nonpersistent,Transient non-persistence,29,tuned_level,0.03,1.355077781865496,0.07519368471184992,,
10000028,transient_nonpersistent,Transient non-persistence,29,tuned_level,0.1,1.1063327309983175,0.0351498176018786,,
10000028,transient_nonpersistent,Transient non-persistence,29,tuned_level,0.3,1.0459282298720567,0.027351475794693197,,
10000028,transient_nonpersistent,Transient non-persistence,29,tuned_level,1.0,1.0333009988767117,0.021685102638261834,,
10000028,transient_nonpersistent,Transient non-persistence,29,tuned_level,3.0,1.0293707233972746,0.02085189993050607,,
10000028,transient_nonpersistent,Transient non-persistence,29,tuned_level,10.0,1.0283619350751503,0.02069868461377074,,
10000028,transient_nonpersistent,Transient non-persistence,29,tuned_level,30.0,1.0282014878598793,0.02068559553575455,,
10000028,transient_nonpersistent,Transient non-persistence,29,tuned_level,100.0,1.0281605289923579,0.02068772826318289,,
10000028,transient_nonpersistent,Transient non-persistence,29,tuned_level,300.0,1.028143982383103,0.020688019020339326,,
10000028,transient_nonpersistent,Transient non-persistence,29,tuned_level_slope,0.1,1.0411518634778882,0.02944604820682796,6.008333333333334,1.0
10000028,transient_nonpersistent,Transient non-persistence,29,tuned_level_slope,0.3,1.0325259698586917,0.02425067419663594,3.3333333333333335,1.0
10000028,transient_nonpersistent,Transient non-persistence,29,tuned_level_slope,1.0,1.029018103038786,0.021278844022273286,1.8333333333333333,1.0
10000028,transient_nonpersistent,Transient non-persistence,29,tuned_level_slope,3.0,1.0284947773494202,0.02078654273223725,1.4166666666666667,1.0
10000028,transient_nonpersistent,Transient non-persistence,29,tuned_level_slope,10.0,1.0282402792809917,0.020690741857634067,1.3083333333333333,1.0
10000028,transient_nonpersistent,Transient non-persistence,29,tuned_level_slope,30.0,1.0281533740476803,0.020686339391258676,1.275,1.0
10000028,transient_nonpersistent,Transient non-persistence,29,tuned_level_slope,100.0,1.028144632303301,0.02068783644827002,1.2583333333333333,1.0
10000028,transient_nonpersistent,Transient non-persistence,29,tuned_level_slope,300.0,1.0281386491931979,0.020688070182211225,1.225,1.0
10000029,transient_nonpersistent,Transient non-persistence,30,tuned_level,0.0,1.7634329425122,0.15909563215631276,,
10000029,transient_nonpersistent,Transient non-persistence,30,tuned_level,0.03,1.4776796168882234,0.09869877309872907,,
10000029,transient_nonpersistent,Transient non-persistence,30,tuned_level,0.1,1.1101707468787771,0.037289056491605355,,
10000029,transient_nonpersistent,Transient non-persistence,30,tuned_level,0.3,1.0448930409200448,0.028962357291828767,,
10000029,transient_nonpersistent,Transient non-persistence,30,tuned_level,1.0,1.0477139620484404,0.026563188837257015,,
10000029,transient_nonpersistent,Transient non-persistence,30,tuned_level,3.0,1.047482878155635,0.026205271257641622,,
10000029,transient_nonpersistent,Transient non-persistence,30,tuned_level,10.0,1.050711341000875,0.026066739344361125,,
10000029,transient_nonpersistent,Transient non-persistence,30,tuned_level,30.0,1.052029024579968,0.02610203985556475,,
10000029,transient_nonpersistent,Transient non-persistence,30,tuned_level,100.0,1.05265833860699,0.026135217549553585,,
10000029,transient_nonpersistent,Transient non-persistence,30,tuned_level,300.0,1.0528381426147109,0.02614690495291754,,
10000029,transient_nonpersistent,Transient non-persistence,30,tuned_level_slope,0.1,1.0509036778334682,0.0326009696629504,5.75,1.0
10000029,transient_nonpersistent,Transient non-persistence,30,tuned_level_slope,0.3,1.0362053105972393,0.027981170791383726,3.0083333333333333,1.0
10000029,transient_nonpersistent,Transient non-persistence,30,tuned_level_slope,1.0,1.0471705292246645,0.026315556986016668,1.5916666666666666,1.0
10000029,transient_nonpersistent,Transient non-persistence,30,tuned_level_slope,3.0,1.0496163899495206,0.026072907491217066,1.1916666666666667,1.0
10000029,transient_nonpersistent,Transient non-persistence,30,tuned_level_slope,10.0,1.0515492430078093,0.026066409341242876,1.175,1.0
10000029,transient_nonpersistent,Transient non-persistence,30,tuned_level_slope,30.0,1.0523395711799617,0.026110446140480463,1.1416666666666666,1.0
10000029,transient_nonpersistent,Transient non-persistence,30,tuned_level_slope,100.0,1.0527515025869885,0.026138987142913687,1.1333333333333333,1.0
10000029,transient_nonpersistent,Transient non-persistence,30,tuned_level_slope,300.0,1.0528691972747102,0.02614828004503869,1.1333333333333333,1.0
10000030,transient_nonpersistent,Transient non-persistence,31,tuned_level,0.0,1.8443188103736479,0.17146884065369564,,
10000030,transient_nonpersistent,Transient non-persistence,31,tuned_level,0.03,1.574389175452589,0.10711839861638993,,
10000030,transient_nonpersistent,Transient non-persistence,31,tuned_level,0.1,1.088956543097347,0.03516478110758824,,
10000030,transient_nonpersistent,Transient non-persistence,31,tuned_level,0.3,0.9824737614016292,0.024939040430032856,,
10000030,transient_nonpersistent,Transient non-persistence,31,tuned_level,1.0,0.9650315936380438,0.022353314834352985,,
10000030,transient_nonpersistent,Transient non-persistence,31,tuned_level,3.0,0.9563301037872975,0.021888776307485022,,
10000030,transient_nonpersistent,Transient non-persistence,31,tuned_level,10.0,0.9536346393556944,0.021959521946847076,,
10000030,transient_nonpersistent,Transient non-persistence,31,tuned_level,30.0,0.952769739523255,0.022019615078602842,,
10000030,transient_nonpersistent,Transient non-persistence,31,tuned_level,100.0,0.9524585127246716,0.022041142046779035,,
10000030,transient_nonpersistent,Transient non-persistence,31,tuned_level,300.0,0.9523683189755195,0.02204746488514645,,
10000030,transient_nonpersistent,Transient non-persistence,31,tuned_level_slope,0.1,1.0161263097948645,0.02777536126791571,5.625,1.0
10000030,transient_nonpersistent,Transient non-persistence,31,tuned_level_slope,0.3,0.9661367081013357,0.02327892464340895,3.35,1.0
10000030,transient_nonpersistent,Transient non-persistence,31,tuned_level_slope,1.0,0.9595117201817249,0.022069863659267903,2.075,1.0
10000030,transient_nonpersistent,Transient non-persistence,31,tuned_level_slope,3.0,0.9554345207487676,0.021903018112803235,1.425,1.0
10000030,transient_nonpersistent,Transient non-persistence,31,tuned_level_slope,10.0,0.9533583790942862,0.02198319140456419,1.3083333333333333,1.0
10000030,transient_nonpersistent,Transient non-persistence,31,tuned_level_slope,30.0,0.9526796382023082,0.022027918752326084,1.25,1.0
10000030,transient_nonpersistent,Transient non-persistence,31,tuned_level_slope,100.0,0.95243221969185,0.022043555806477974,1.2333333333333334,1.0
10000030,transient_nonpersistent,Transient non-persistence,31,tuned_level_slope,300.0,0.9523595546312457,0.022048285547644347,1.2166666666666666,1.0
10000031,transient_nonpersistent,Transient non-persistence,32,tuned_level,0.0,1.6857740200251277,0.1305718317405545,,
10000031,transient_nonpersistent,Transient non-persistence,32,tuned_level,0.03,1.552295263063769,0.10871761619158031,,
10000031,transient_nonpersistent,Transient non-persistence,32,tuned_level,0.1,1.1323272294844073,0.0441571760108206,,
10000031,transient_nonpersistent,Transient non-persistence,32,tuned_level,0.3,0.9917089076179673,0.027326020775775468,,
10000031,transient_nonpersistent,Transient non-persistence,32,tuned_level,1.0,0.9596550045805998,0.024092799128895767,,
10000031,transient_nonpersistent,Transient non-persistence,32,tuned_level,3.0,0.9479245764836389,0.02354359730119019,,
10000031,transient_nonpersistent,Transient non-persistence,32,tuned_level,10.0,0.9431970250055102,0.023559381989219988,,
10000031,transient_nonpersistent,Transient non-persistence,32,tuned_level,30.0,0.9418095477268267,0.023589550555988357,,
10000031,transient_nonpersistent,Transient non-persistence,32,tuned_level,100.0,0.9413957148737231,0.02360648320772643,,
10000031,transient_nonpersistent,Transient non-persistence,32,tuned_level,300.0,0.9412735086617251,0.02361138308459895,,
10000031,transient_nonpersistent,Transient non-persistence,32,tuned_level_slope,0.1,1.036085350299704,0.0330010871250828,4.983333333333333,1.0
10000031,transient_nonpersistent,Transient non-persistence,32,tuned_level_slope,0.3,0.9680929466125573,0.025655899868390855,3.033333333333333,1.0
10000031,transient_nonpersistent,Transient non-persistence,32,tuned_level_slope,1.0,0.9536533587463151,0.023732971335159538,1.9,1.0
10000031,transient_nonpersistent,Transient non-persistence,32,tuned_level_slope,3.0,0.9462023662036647,0.023534199389497263,1.4833333333333334,1.0
10000031,transient_nonpersistent,Transient non-persistence,32,tuned_level_slope,10.0,0.9428425577618665,0.023568848776452104,1.2916666666666667,1.0
10000031,transient_nonpersistent,Transient non-persistence,32,tuned_level_slope,30.0,0.9417327422473944,0.02359514903516937,1.2333333333333334,1.0
10000031,transient_nonpersistent,Transient non-persistence,32,tuned_level_slope,100.0,0.9413695828706913,0.0236080665590295,1.2333333333333334,1.0
10000031,transient_nonpersistent,Transient non-persistence,32,tuned_level_slope,300.0,0.9412657314909313,0.023612015017529867,1.2166666666666666,1.0
10000032,transient_nonpersistent,Transient non-persistence,33,tuned_level,0.0,1.7397496917830717,0.12176864286582073,,
10000032,transient_nonpersistent,Transient non-persistence,33,tuned_level,0.03,1.5349373970285773,0.10564615107270647,,
10000032,transient_nonpersistent,Transient non-persistence,33,tuned_level,0.1,1.1930444736330823,0.04836820091947548,,
10000032,transient_nonpersistent,Transient non-persistence,33,tuned_level,0.3,1.047227099126099,0.027796050559661615,,
10000032,transient_nonpersistent,Transient non-persistence,33,tuned_level,1.0,1.0145444725228023,0.0236520005919671,,
10000032,transient_nonpersistent,Transient non-persistence,33,tuned_level,3.0,1.0091620658329747,0.022859025026152776,,
10000032,transient_nonpersistent,Transient non-persistence,33,tuned_level,10.0,1.0079584873915914,0.022756493929372477,,
10000032,transient_nonpersistent,Transient non-persistence,33,tuned_level,30.0,1.0077695018305957,0.022775984592978978,,
10000032,transient_nonpersistent,Transient non-persistence,33,tuned_level,100.0,1.0076947188337604,0.022786973642753422,,
10000032,transient_nonpersistent,Transient non-persistence,33,tuned_level,300.0,1.0076727186348853,0.02279073091720698,,
10000032,transient_nonpersistent,Transient non-persistence,33,tuned_level_slope,0.1,1.1004195129252432,0.036153373324132265,5.708333333333333,1.0
10000032,transient_nonpersistent,Transient non-persistence,33,tuned_level_slope,0.3,1.0296870374083031,0.025735914833216376,3.15,1.0
10000032,transient_nonpersistent,Transient non-persistence,33,tuned_level_slope,1.0,1.0110457382367293,0.023380084458795924,2.058333333333333,1.0
10000032,transient_nonpersistent,Transient non-persistence,33,tuned_level_slope,3.0,1.0084906276620085,0.022883773232891046,1.3916666666666666,1.0
10000032,transient_nonpersistent,Transient non-persistence,33,tuned_level_slope,10.0,1.0078340664489605,0.022782420525756717,1.3,1.0
10000032,transient_nonpersistent,Transient non-persistence,33,tuned_level_slope,30.0,1.0077287177966192,0.022786852498534602,1.2666666666666666,1.0
10000032,transient_nonpersistent,Transient non-persistence,33,tuned_level_slope,100.0,1.0076831074406785,0.02279059149770177,1.2666666666666666,1.0
10000032,transient_nonpersistent,Transient non-persistence,33,tuned_level_slope,300.0,1.0076684096996895,0.022791913613458448,1.2583333333333333,1.0
10000033,transient_nonpersistent,Transient non-persistence,34,tuned_level,0.0,1.7357835067861194,0.15545013858149953,,
10000033,transient_nonpersistent,Transient non-persistence,34,tuned_level,0.03,1.4342987563854335,0.08723707118173929,,
10000033,transient_nonpersistent,Transient non-persistence,34,tuned_level,0.1,1.1146979406393787,0.037617736840123026,,
10000033,transient_nonpersistent,Transient non-persistence,34,tuned_level,0.3,1.0070106121740046,0.026305460317094256,,
10000033,transient_nonpersistent,Transient non-persistence,34,tuned_level,1.0,0.993860561903727,0.022610310395820628,,
10000033,transient_nonpersistent,Transient non-persistence,34,tuned_level,3.0,0.9856149431187214,0.022044064554029238,,
10000033,transient_nonpersistent,Transient non-persistence,34,tuned_level,10.0,0.982297267190118,0.022058877773215364,,
10000033,transient_nonpersistent,Transient non-persistence,34,tuned_level,30.0,0.9813705807963252,0.02209205760226972,,
10000033,transient_nonpersistent,Transient non-persistence,34,tuned_level,100.0,0.9810077125303319,0.02210573631752538,,
10000033,transient_nonpersistent,Transient non-persistence,34,tuned_level,300.0,0.9809040358829054,0.022109989016410696,,
10000033,transient_nonpersistent,Transient non-persistence,34,tuned_level_slope,0.1,1.034186554193991,0.031261403531170406,5.841666666666667,1.0
10000033,transient_nonpersistent,Transient non-persistence,34,tuned_level_slope,0.3,0.996731688432164,0.02471605702888072,3.158333333333333,1.0
10000033,transient_nonpersistent,Transient non-persistence,34,tuned_level_slope,1.0,0.9910055564046796,0.022363098913128394,1.95,1.0
10000033,transient_nonpersistent,Transient non-persistence,34,tuned_level_slope,3.0,0.984864491122787,0.022051302054662433,1.4166666666666667,1.0
10000033,transient_nonpersistent,Transient non-persistence,34,tuned_level_slope,10.0,0.9822444055078966,0.022065015783165946,1.3333333333333333,1.0
10000033,transient_nonpersistent,Transient non-persistence,34,tuned_level_slope,30.0,0.9813417625483382,0.022095057360135253,1.2583333333333333,1.0
10000033,transient_nonpersistent,Transient non-persistence,34,tuned_level_slope,100.0,0.9809990670559359,0.022106808408315907,1.2083333333333333,1.0
10000033,transient_nonpersistent,Transient non-persistence,34,tuned_level_slope,300.0,0.9809011540581067,0.022110362759825523,1.2083333333333333,1.0
10000034,transient_nonpersistent,Transient non-persistence,35,tuned_level,0.0,2.0732376094757314,0.1868637393826662,,
10000034,transient_nonpersistent,Transient non-persistence,35,tuned_level,0.03,1.6680797231029447,0.12541404125518332,,
10000034,transient_nonpersistent,Transient non-persistence,35,tuned_level,0.1,1.118834351054061,0.039587243904051356,,
10000034,transient_nonpersistent,Transient non-persistence,35,tuned_level,0.3,1.0061517193004534,0.028188877153634304,,
10000034,transient_nonpersistent,Transient non-persistence,35,tuned_level,1.0,1.0101102556176504,0.024016114545189874,,
10000034,transient_nonpersistent,Transient non-persistence,35,tuned_level,3.0,1.0068216268169077,0.023469379036335235,,
10000034,transient_nonpersistent,Transient non-persistence,35,tuned_level,10.0,1.0039248949883985,0.023498524054514615,,
10000034,transient_nonpersistent,Transient non-persistence,35,tuned_level,30.0,1.0031096012589633,0.023547623443463526,,
10000034,transient_nonpersistent,Transient non-persistence,35,tuned_level,100.0,1.0028080094056004,0.023568215750204152,,
10000034,transient_nonpersistent,Transient non-persistence,35,tuned_level,300.0,1.0027218403046398,0.023574398577981975,,
10000034,transient_nonpersistent,Transient non-persistence,35,tuned_level_slope,0.1,1.0300823041281042,0.032225956743630664,4.975,1.0
10000034,transient_nonpersistent,Transient non-persistence,35,tuned_level_slope,0.3,0.9992054972581956,0.02605721817599837,2.5166666666666666,1.0
10000034,transient_nonpersistent,Transient non-persistence,35,tuned_level_slope,1.0,1.0060933791372042,0.023594859902598138,1.825,1.0
10000034,transient_nonpersistent,Transient non-persistence,35,tuned_level_slope,3.0,1.00515358045839,0.023429246305126692,1.3916666666666666,1.0
10000034,transient_nonpersistent,Transient non-persistence,35,tuned_level_slope,10.0,1.0034994982699934,0.02350145403408624,1.3,1.0
10000034,transient_nonpersistent,Transient non-persistence,35,tuned_level_slope,30.0,1.002966599210405,0.023550134654276165,1.2416666666666667,1.0
10000034,transient_nonpersistent,Transient non-persistence,35,tuned_level_slope,100.0,1.0027656603460275,0.02356911763370656,1.225,1.0
10000034,transient_nonpersistent,Transient non-persistence,35,tuned_level_slope,300.0,1.0027077239514488,0.02357471432174127,1.2166666666666666,1.0
10000035,transient_nonpersistent,Transient non-persistence,36,tuned_level,0.0,1.5938281965815877,0.09757529491266355,,
10000035,transient_nonpersistent,Transient non-persistence,36,tuned_level,0.03,1.4208475133984644,0.07561964795509055,,
10000035,transient_nonpersistent,Transient non-persistence,36,tuned_level,0.1,1.0833685194873235,0.03354317845361483,,
10000035,transient_nonpersistent,Transient non-persistence,36,tuned_level,0.3,0.9861294922256981,0.02465219699555642,,
10000035,transient_nonpersistent,Transient non-persistence,36,tuned_level,1.0,0.9608280131248399,0.021266854315759885,,
10000035,transient_nonpersistent,Transient non-persistence,36,tuned_level,3.0,0.9539623780395782,0.02078095775062939,,
10000035,transient_nonpersistent,Transient non-persistence,36,tuned_level,10.0,0.9510334185608466,0.020861185067638933,,
10000035,transient_nonpersistent,Transient non-persistence,36,tuned_level,30.0,0.950196462761551,0.020929668580687028,,
10000035,transient_nonpersistent,Transient non-persistence,36,tuned_level,100.0,0.9499681608859575,0.020954396135818423,,
10000035,transient_nonpersistent,Transient non-persistence,36,tuned_level,300.0,0.949904320667534,0.020961977235018994,,
10000035,transient_nonpersistent,Transient non-persistence,36,tuned_level_slope,0.1,1.019557722497526,0.028264506801242675,6.341666666666667,1.0
10000035,transient_nonpersistent,Transient non-persistence,36,tuned_level_slope,0.3,0.9673168899288618,0.02306107038745409,3.525,1.0
10000035,transient_nonpersistent,Transient non-persistence,36,tuned_level_slope,1.0,0.957403676111683,0.020732378403547823,2.15,1.0
10000035,transient_nonpersistent,Transient non-persistence,36,tuned_level_slope,3.0,0.9530662499015051,0.02067778127380854,1.4916666666666667,1.0
10000035,transient_nonpersistent,Transient non-persistence,36,tuned_level_slope,10.0,0.9507390070425313,0.020850833825285124,1.3333333333333333,1.0
10000035,transient_nonpersistent,Transient non-persistence,36,tuned_level_slope,30.0,0.9501181724251142,0.020926322950581742,1.2583333333333333,1.0
10000035,transient_nonpersistent,Transient non-persistence,36,tuned_level_slope,100.0,0.9499450637913254,0.020953568308663354,1.225,1.0
10000035,transient_nonpersistent,Transient non-persistence,36,tuned_level_slope,300.0,0.9498963968716049,0.020961720824227148,1.2416666666666667,1.0
10000036,transient_nonpersistent,Transient non-persistence,37,tuned_level,0.0,1.6297548455238366,0.09898650342300638,,
10000036,transient_nonpersistent,Transient non-persistence,37,tuned_level,0.03,1.4623792685992523,0.07601947653417576,,
10000036,transient_nonpersistent,Transient non-persistence,37,tuned_level,0.1,1.2072598393335732,0.04378553280732416,,
10000036,transient_nonpersistent,Transient non-persistence,37,tuned_level,0.3,1.0367579756326195,0.027874438146397614,,
10000036,transient_nonpersistent,Transient non-persistence,37,tuned_level,1.0,1.0002678086185728,0.024975628135413774,,
10000036,transient_nonpersistent,Transient non-persistence,37,tuned_level,3.0,0.990436664725609,0.024734440680822325,,
10000036,transient_nonpersistent,Transient non-persistence,37,tuned_level,10.0,0.9871858573271818,0.024655744715721975,,
10000036,transient_nonpersistent,Transient non-persistence,37,tuned_level,30.0,0.9862205690634954,0.024666168303443328,,
10000036,transient_nonpersistent,Transient non-persistence,37,tuned_level,100.0,0.9858802669239808,0.02467133934752885,,
10000036,transient_nonpersistent,Transient non-persistence,37,tuned_level,300.0,0.9857870469186775,0.024672895539464054,,
10000036,transient_nonpersistent,Transient non-persistence,37,tuned_level_slope,0.1,1.0917792032082203,0.03359293425007397,5.341666666666667,1.0
10000036,transient_nonpersistent,Transient non-persistence,37,tuned_level_slope,0.3,1.0118559845727786,0.02575750923252858,2.8916666666666666,1.0
10000036,transient_nonpersistent,Transient non-persistence,37,tuned_level_slope,1.0,0.994491991518965,0.024814002726839778,1.875,1.0
10000036,transient_nonpersistent,Transient non-persistence,37,tuned_level_slope,3.0,0.9886372852286478,0.024686702801711893,1.5083333333333333,1.0
10000036,transient_nonpersistent,Transient non-persistence,37,tuned_level_slope,10.0,0.986697160876088,0.024660038750194294,1.2583333333333333,1.0
10000036,transient_nonpersistent,Transient non-persistence,37,tuned_level_slope,30.0,0.9860548690666574,0.02466940514487358,1.2333333333333334,1.0
10000036,transient_nonpersistent,Transient non-persistence,37,tuned_level_slope,100.0,0.9858361672079837,0.02467203068987246,1.2,1.0
10000036,transient_nonpersistent,Transient non-persistence,37,tuned_level_slope,300.0,0.9857723470133453,0.024673145094567153,1.2,1.0
10000037,transient_nonpersistent,Transient non-persistence,38,tuned_level,0.0,1.6227232946503622,0.11549214189307432,,
10000037,transient_nonpersistent,Transient non-persistence,38,tuned_level,0.03,1.4598309490215315,0.08994349352172705,,
10000037,transient_nonpersistent,Transient non-persistence,38,tuned_level,0.1,1.1074164875031804,0.036414982900308736,,
10000037,transient_nonpersistent,Transient non-persistence,38,tuned_level,0.3,1.040830323529102,0.02488467479461662,,
10000037,transient_nonpersistent,Transient non-persistence,38,tuned_level,1.0,1.0362025206429955,0.02201767901871636,,
10000037,transient_nonpersistent,Transient non-persistence,38,tuned_level,3.0,1.040012380249321,0.02211580853569213,,
10000037,transient_nonpersistent,Transient non-persistence,38,tuned_level,10.0,1.0425982189872716,0.022627942177240037,,
10000037,transient_nonpersistent,Transient non-persistence,38,tuned_level,30.0,1.0433801493039647,0.022814835165487577,,
10000037,transient_nonpersistent,Transient non-persistence,38,tuned_level,100.0,1.043636903417425,0.022884018140374603,,
10000037,transient_nonpersistent,Transient non-persistence,38,tuned_level,300.0,1.043713737725946,0.022903913269027843,,
10000037,transient_nonpersistent,Transient non-persistence,38,tuned_level_slope,0.1,1.059159645942548,0.031830842489212,4.958333333333333,1.0
10000037,transient_nonpersistent,Transient non-persistence,38,tuned_level_slope,0.3,1.0335272229212218,0.024147508601362753,2.7333333333333334,1.0
10000037,transient_nonpersistent,Transient non-persistence,38,tuned_level_slope,1.0,1.0364611118898464,0.02230761022816736,1.7083333333333333,1.0
10000037,transient_nonpersistent,Transient non-persistence,38,tuned_level_slope,3.0,1.0407378655719146,0.022424598384015334,1.5166666666666666,1.0
10000037,transient_nonpersistent,Transient non-persistence,38,tuned_level_slope,10.0,1.0428533003726135,0.022740159391586266,1.375,1.0
10000037,transient_nonpersistent,Transient non-persistence,38,tuned_level_slope,30.0,1.0434714895393822,0.022853582475115795,1.2916666666666667,1.0
10000037,transient_nonpersistent,Transient non-persistence,38,tuned_level_slope,100.0,1.0436657647199596,0.022895720001406626,1.2916666666666667,1.0
10000037,transient_nonpersistent,Transient non-persistence,38,tuned_level_slope,300.0,1.0437233788058375,0.022907830147602705,1.2416666666666667,1.0
10000038,transient_nonpersistent,Transient non-persistence,39,tuned_level,0.0,1.890442636978186,0.14687981667053424,,
10000038,transient_nonpersistent,Transient non-persistence,39,tuned_level,0.03,1.6197870140506103,0.10774012456435439,,
10000038,transient_nonpersistent,Transient non-persistence,39,tuned_level,0.1,1.1339072591112318,0.04072088906924505,,
10000038,transient_nonpersistent,Transient non-persistence,39,tuned_level,0.3,1.017577657166072,0.02560960741478606,,
10000038,transient_nonpersistent,Transient non-persistence,39,tuned_level,1.0,1.002881758239531,0.0223990592744153,,
10000038,transient_nonpersistent,Transient non-persistence,39,tuned_level,3.0,0.9941846326309153,0.022035235591423497,,
10000038,transient_nonpersistent,Transient non-persistence,39,tuned_level,10.0,0.9897683371683194,0.022091070855346277,,
10000038,transient_nonpersistent,Transient non-persistence,39,tuned_level,30.0,0.9887146511048077,0.022086611097209698,,
10000038,transient_nonpersistent,Transient non-persistence,39,tuned_level,100.0,0.9883881274278673,0.022077257552559067,,
10000038,transient_nonpersistent,Transient non-persistence,39,tuned_level,300.0,0.9882908666947733,0.02207550668622896,,
10000038,transient_nonpersistent,Transient non-persistence,39,tuned_level_slope,0.1,1.0464208422184393,0.03238761057083124,5.941666666666666,1.0
10000038,transient_nonpersistent,Transient non-persistence,39,tuned_level_slope,0.3,0.9997757038099243,0.024753741893013596,3.4833333333333334,1.0
10000038,transient_nonpersistent,Transient non-persistence,39,tuned_level_slope,1.0,0.9967391194324006,0.022325530124491105,2.058333333333333,1.0
10000038,transient_nonpersistent,Transient non-persistence,39,tuned_level_slope,3.0,0.9918509910141137,0.022071933249066266,1.45,1.0
10000038,transient_nonpersistent,Transient non-persistence,39,tuned_level_slope,10.0,0.9891757560987073,0.022109728433196914,1.3083333333333333,1.0
10000038,transient_nonpersistent,Transient non-persistence,39,tuned_level_slope,30.0,0.9885402864736756,0.02208887146854875,1.2416666666666667,1.0
10000038,transient_nonpersistent,Transient non-persistence,39,tuned_level_slope,100.0,0.9883337347051945,0.02207840222873381,1.2416666666666667,1.0
10000038,transient_nonpersistent,Transient non-persistence,39,tuned_level_slope,300.0,0.9882727357872156,0.022075903110628355,1.2333333333333334,1.0
10000039,transient_nonpersistent,Transient non-persistence,40,tuned_level,0.0,1.718726889829478,0.14422776881980878,,
10000039,transient_nonpersistent,Transient non-persistence,40,tuned_level,0.03,1.5784423333393471,0.13168331339332137,,
10000039,transient_nonpersistent,Transient non-persistence,40,tuned_level,0.1,1.1269859991075928,0.03984189322290067,,
10000039,transient_nonpersistent,Transient non-persistence,40,tuned_level,0.3,1.0101196566896313,0.03148886540352029,,
10000039,transient_nonpersistent,Transient non-persistence,40,tuned_level,1.0,0.9851367167891323,0.029246291818818593,,
10000039,transient_nonpersistent,Transient non-persistence,40,tuned_level,3.0,0.9789096285651444,0.0297972849546949,,
10000039,transient_nonpersistent,Transient non-persistence,40,tuned_level,10.0,0.9766658282822156,0.030121583883797313,,
10000039,transient_nonpersistent,Transient non-persistence,40,tuned_level,30.0,0.9760666809986169,0.0302779651676661,,
10000039,transient_nonpersistent,Transient non-persistence,40,tuned_level,100.0,0.9758709876637411,0.03033515592711667,,
10000039,transient_nonpersistent,Transient non-persistence,40,tuned_level,300.0,0.9758207385249704,0.030351709047143693,,
10000039,transient_nonpersistent,Transient non-persistence,40,tuned_level_slope,0.1,1.0392726543240591,0.03590261804116877,5.683333333333334,1.0
10000039,transient_nonpersistent,Transient non-persistence,40,tuned_level_slope,0.3,0.9874641298697857,0.030373811936253693,3.441666666666667,1.0
10000039,transient_nonpersistent,Transient non-persistence,40,tuned_level_slope,1.0,0.9803272236095132,0.029907314556203296,2.1416666666666666,1.0
10000039,transient_nonpersistent,Transient non-persistence,40,tuned_level_slope,3.0,0.9782550521040387,0.030044086239544153,1.4083333333333334,1.0
10000039,transient_nonpersistent,Transient non-persistence,40,tuned_level_slope,10.0,0.9766482475948739,0.030216057838380442,1.3,1.0
10000039,transient_nonpersistent,Transient non-persistence,40,tuned_level_slope,30.0,0.9760633922957813,0.03030533595621234,1.2083333333333333,1.0
10000039,transient_nonpersistent,Transient non-persistence,40,tuned_level_slope,100.0,0.9758755873825741,0.030343370803476984,1.2,1.0
10000039,transient_nonpersistent,Transient non-persistence,40,tuned_level_slope,300.0,0.975823062004879,0.030354407294919953,1.1916666666666667,1.0
10000040,transient_nonpersistent,Transient non-persistence,41,tuned_level,0.0,1.8611655738869657,0.139814215730157,,
10000040,transient_nonpersistent,Transient non-persistence,41,tuned_level,0.03,1.597463139727836,0.09376396347662815,,
10000040,transient_nonpersistent,Transient non-persistence,41,tuned_level,0.1,1.1725308394792093,0.042849709825383005,,
10000040,transient_nonpersistent,Transient non-persistence,41,tuned_level,0.3,1.0715242684329531,0.03366477447844848,,
10000040,transient_nonpersistent,Transient non-persistence,41,tuned_level,1.0,1.056096406830433,0.030343847703065738,,
10000040,transient_nonpersistent,Transient non-persistence,41,tuned_level,3.0,1.0499825126634006,0.02949438585066485,,
10000040,transient_nonpersistent,Transient non-persistence,41,tuned_level,10.0,1.0479707565475878,0.029246037769825702,,
10000040,transient_nonpersistent,Transient non-persistence,41,tuned_level,30.0,1.0476072903487539,0.02925515766037007,,
10000040,transient_nonpersistent,Transient non-persistence,41,tuned_level,100.0,1.047551560453649,0.029275589372553857,,
10000040,transient_nonpersistent,Transient non-persistence,41,tuned_level,300.0,1.047531669372508,0.0292822413193225,,
10000040,transient_nonpersistent,Transient non-persistence,41,tuned_level_slope,0.1,1.1046923730994929,0.03671204894457609,5.366666666666666,1.0
10000040,transient_nonpersistent,Transient non-persistence,41,tuned_level_slope,0.3,1.0594879927426875,0.03163099372038666,2.8833333333333333,1.0
10000040,transient_nonpersistent,Transient non-persistence,41,tuned_level_slope,1.0,1.0522549435638398,0.029691272824049545,2.0166666666666666,1.0
10000040,transient_nonpersistent,Transient non-persistence,41,tuned_level_slope,3.0,1.0498757020528746,0.02933873568746379,1.625,1.0
10000040,transient_nonpersistent,Transient non-persistence,41,tuned_level_slope,10.0,1.0480104793108016,0.029231314536021145,1.3666666666666667,1.0
10000040,transient_nonpersistent,Transient non-persistence,41,tuned_level_slope,30.0,1.0476076871868192,0.029248525662147064,1.325,1.0
10000040,transient_nonpersistent,Transient non-persistence,41,tuned_level_slope,100.0,1.047550185411321,0.02927394531651838,1.2416666666666667,1.0
10000040,transient_nonpersistent,Transient non-persistence,41,tuned_level_slope,300.0,1.0475312110250654,0.02928171808520339,1.2333333333333334,1.0
10000041,transient_nonpersistent,Transient non-persistence,42,tuned_level,0.0,1.563440032372003,0.12669845804899021,,
10000041,transient_nonpersistent,Transient non-persistence,42,tuned_level,0.03,1.4380178284459424,0.1158758805956577,,
10000041,transient_nonpersistent,Transient non-persistence,42,tuned_level,0.1,1.0962857130387829,0.03403543849788486,,
10000041,transient_nonpersistent,Transient non-persistence,42,tuned_level,0.3,1.0152662958960066,0.021944782494728678,,
10000041,transient_nonpersistent,Transient non-persistence,42,tuned_level,1.0,0.9918483305646199,0.019081971306783265,,
10000041,transient_nonpersistent,Transient non-persistence,42,tuned_level,3.0,0.985161069217746,0.019196592276867555,,
10000041,transient_nonpersistent,Transient non-persistence,42,tuned_level,10.0,0.9841599785791189,0.019285995043720857,,
10000041,transient_nonpersistent,Transient non-persistence,42,tuned_level,30.0,0.9842192129751305,0.019304118871130566,,
10000041,transient_nonpersistent,Transient non-persistence,42,tuned_level,100.0,0.9842439047374789,0.019317021653607012,,
10000041,transient_nonpersistent,Transient non-persistence,42,tuned_level,300.0,0.9842563666505659,0.01932185479344847,,
10000041,transient_nonpersistent,Transient non-persistence,42,tuned_level_slope,0.1,1.0149626589158316,0.025679560449245107,5.575,1.0
10000041,transient_nonpersistent,Transient non-persistence,42,tuned_level_slope,0.3,0.9884466101549074,0.01944349974321045,3.191666666666667,1.0
10000041,transient_nonpersistent,Transient non-persistence,42,tuned_level_slope,1.0,0.9847954529141755,0.01909081422182437,2.033333333333333,1.0
10000041,transient_nonpersistent,Transient non-persistence,42,tuned_level_slope,3.0,0.9838608492754503,0.01921402711200776,1.5416666666666667,1.0
10000041,transient_nonpersistent,Transient non-persistence,42,tuned_level_slope,10.0,0.9839428426551385,0.01930298674152877,1.3583333333333334,1.0
10000041,transient_nonpersistent,Transient non-persistence,42,tuned_level_slope,30.0,0.9841536129804817,0.0193133812727531,1.3083333333333333,1.0
10000041,transient_nonpersistent,Transient non-persistence,42,tuned_level_slope,100.0,0.984227891611088,0.019320534774118412,1.2583333333333333,1.0
10000041,transient_nonpersistent,Transient non-persistence,42,tuned_level_slope,300.0,0.9842512779652064,0.019323054012065247,1.2583333333333333,1.0
10000042,transient_nonpersistent,Transient non-persistence,43,tuned_level,0.0,1.7599279623181574,0.13397101944947373,,
10000042,transient_nonpersistent,Transient non-persistence,43,tuned_level,0.03,1.5685094740445134,0.10154165883786948,,
10000042,transient_nonpersistent,Transient non-persistence,43,tuned_level,0.1,1.1916274852403375,0.042811097794518756,,
10000042,transient_nonpersistent,Transient non-persistence,43,tuned_level,0.3,1.0903601696675806,0.030084254099694726,,
10000042,transient_nonpersistent,Transient non-persistence,43,tuned_level,1.0,1.0664420296745027,0.02679982622884856,,
10000042,transient_nonpersistent,Transient non-persistence,43,tuned_level,3.0,1.0603308479239948,0.026073241352750937,,
10000042,transient_nonpersistent,Transient non-persistence,43,tuned_level,10.0,1.058103186274497,0.02601061031628778,,
10000042,transient_nonpersistent,Transient non-persistence,43,tuned_level,30.0,1.0572597829409036,0.02600232447529953,,
10000042,transient_nonpersistent,Transient non-persistence,43,tuned_level,100.0,1.056962161696407,0.026001318016938644,,
10000042,transient_nonpersistent,Transient non-persistence,43,tuned_level,300.0,1.0568771270551227,0.026001222974480077,,
10000042,transient_nonpersistent,Transient non-persistence,43,tuned_level_slope,0.1,1.1236627866997595,0.03455942705378814,5.775,1.0
10000042,transient_nonpersistent,Transient non-persistence,43,tuned_level_slope,0.3,1.0760079610348232,0.0282786518470084,2.925,1.0
10000042,transient_nonpersistent,Transient non-persistence,43,tuned_level_slope,1.0,1.0637522507065875,0.02647873735873462,1.6166666666666667,1.0
10000042,transient_nonpersistent,Transient non-persistence,43,tuned_level_slope,3.0,1.0595798781465653,0.026049974299634647,1.3166666666666667,1.0
10000042,transient_nonpersistent,Transient non-persistence,43,tuned_level_slope,10.0,1.0578376942293426,0.026007076038189227,1.2666666666666666,1.0
10000042,transient_nonpersistent,Transient non-persistence,43,tuned_level_slope,30.0,1.0571834413664576,0.02600176653523558,1.1833333333333333,1.0
10000042,transient_nonpersistent,Transient non-persistence,43,tuned_level_slope,100.0,1.0569392592240734,0.026001245791085585,1.1666666666666667,1.0
10000042,transient_nonpersistent,Transient non-persistence,43,tuned_level_slope,300.0,1.056869492897678,0.02600120796211754,1.1666666666666667,1.0
10000043,transient_nonpersistent,Transient non-persistence,44,tuned_level,0.0,1.923287542861096,0.19000135781462707,,
10000043,transient_nonpersistent,Transient non-persistence,44,tuned_level,0.03,1.6314999845754903,0.1339956297224105,,
10000043,transient_nonpersistent,Transient non-persistence,44,tuned_level,0.1,1.1498394143858905,0.040732745532396586,,
10000043,transient_nonpersistent,Transient non-persistence,44,tuned_level,0.3,1.0488665027540478,0.026427122305181117,,
10000043,transient_nonpersistent,Transient non-persistence,44,tuned_level,1.0,1.0240579333245594,0.02131289711122583,,
10000043,transient_nonpersistent,Transient non-persistence,44,tuned_level,3.0,1.0234699176342978,0.02193802141668409,,
10000043,transient_nonpersistent,Transient non-persistence,44,tuned_level,10.0,1.0236383878720898,0.022608266418182987,,
10000043,transient_nonpersistent,Transient non-persistence,44,tuned_level,30.0,1.0240104569852626,0.022928235331254914,,
10000043,transient_nonpersistent,Transient non-persistence,44,tuned_level,100.0,1.024104063757807,0.02305025177509357,,
10000043,transient_nonpersistent,Transient non-persistence,44,tuned_level,300.0,1.0241471910471842,0.023091964525027008,,
10000043,transient_nonpersistent,Transient non-persistence,44,tuned_level_slope,0.1,1.077936464252871,0.03211529143696206,5.425,1.0
10000043,transient_nonpersistent,Transient non-persistence,44,tuned_level_slope,0.3,1.0302459750636368,0.023566601897750797,3.2416666666666667,1.0
10000043,transient_nonpersistent,Transient non-persistence,44,tuned_level_slope,1.0,1.0199071768075092,0.021154651875416767,1.925,1.0
10000043,transient_nonpersistent,Transient non-persistence,44,tuned_level_slope,3.0,1.0228047806838525,0.02202039655644025,1.4416666666666667,1.0
10000043,transient_nonpersistent,Transient non-persistence,44,tuned_level_slope,10.0,1.02372441436347,0.022711575992586545,1.375,1.0
10000043,transient_nonpersistent,Transient non-persistence,44,tuned_level_slope,30.0,1.0240210517517707,0.022958125054936013,1.2583333333333333,1.0
10000043,transient_nonpersistent,Transient non-persistence,44,tuned_level_slope,100.0,1.0241160036028711,0.023062502055395426,1.2333333333333334,1.0
10000043,transient_nonpersistent,Transient non-persistence,44,tuned_level_slope,300.0,1.0241507678836288,0.023096108306185647,1.225,1.0
10000044,transient_nonpersistent,Transient non-persistence,45,tuned_level,0.0,1.705641424471859,0.13932884074092958,,
10000044,transient_nonpersistent,Transient non-persistence,45,tuned_level,0.03,1.4471138077993602,0.08940533751111483,,
10000044,transient_nonpersistent,Transient non-persistence,45,tuned_level,0.1,1.1195085215729046,0.036666524420951196,,
10000044,transient_nonpersistent,Transient non-persistence,45,tuned_level,0.3,1.0544243301139717,0.023761396821840544,,
10000044,transient_nonpersistent,Transient non-persistence,45,tuned_level,1.0,1.0492550766012239,0.021672431466993883,,
10000044,transient_nonpersistent,Transient non-persistence,45,tuned_level,3.0,1.0494342768352696,0.022617601742821843,,
10000044,transient_nonpersistent,Transient non-persistence,45,tuned_level,10.0,1.0497079986193918,0.023202623057881854,,
10000044,transient_nonpersistent,Transient non-persistence,45,tuned_level,30.0,1.050027305332033,0.023416324989319337,,
10000044,transient_nonpersistent,Transient non-persistence,45,tuned_level,100.0,1.050148421899585,0.0234942805297395,,
10000044,transient_nonpersistent,Transient non-persistence,45,tuned_level,300.0,1.0501834711635925,0.023517034455143384,,
10000044,transient_nonpersistent,Transient non-persistence,45,tuned_level_slope,0.1,1.0521675717476862,0.02791811755450322,5.375,1.0
10000044,transient_nonpersistent,Transient non-persistence,45,tuned_level_slope,0.3,1.0406671769994904,0.022571031026289105,3.2916666666666665,1.0
10000044,transient_nonpersistent,Transient non-persistence,45,tuned_level_slope,1.0,1.0469705709661659,0.022204601483280587,1.9416666666666667,1.0
10000044,transient_nonpersistent,Transient non-persistence,45,tuned_level_slope,3.0,1.0488171813145395,0.022927591927881442,1.5166666666666666,1.0
10000044,transient_nonpersistent,Transient non-persistence,45,tuned_level_slope,10.0,1.0496190881610945,0.023321474865413545,1.35,1.0
10000044,transient_nonpersistent,Transient non-persistence,45,tuned_level_slope,30.0,1.0499944588162764,0.02345834394594148,1.2583333333333333,1.0
10000044,transient_nonpersistent,Transient non-persistence,45,tuned_level_slope,100.0,1.0501406118593921,0.023506828919126626,1.2166666666666666,1.0
10000044,transient_nonpersistent,Transient non-persistence,45,tuned_level_slope,300.0,1.0501808678168618,0.02352123689431765,1.2166666666666666,1.0
10000045,transient_nonpersistent,Transient non-persistence,46,tuned_level,0.0,1.8166087982842147,0.16501492894986586,,
10000045,transient_nonpersistent,Transient non-persistence,46,tuned_level,0.03,1.526020359789858,0.11384545861117339,,
10000045,transient_nonpersistent,Transient non-persistence,46,tuned_level,0.1,1.1282299115032373,0.041648120318389624,,
10000045,transient_nonpersistent,Transient non-persistence,46,tuned_level,0.3,1.0211652688127364,0.028411009888580193,,
10000045,transient_nonpersistent,Transient non-persistence,46,tuned_level,1.0,1.010043356963466,0.025305729639282317,,
10000045,transient_nonpersistent,Transient non-persistence,46,tuned_level,3.0,1.0031237522086087,0.024548683512283908,,
10000045,transient_nonpersistent,Transient non-persistence,46,tuned_level,10.0,0.9997389862070901,0.024457776998162678,,
10000045,transient_nonpersistent,Transient non-persistence,46,tuned_level,30.0,0.998922503199135,0.024462057956725517,,
10000045,transient_nonpersistent,Transient non-persistence,46,tuned_level,100.0,0.9986368332517986,0.024467452455808412,,
10000045,transient_nonpersistent,Transient non-persistence,46,tuned_level,300.0,0.9985482688224008,0.02447004554152096,,
10000045,transient_nonpersistent,Transient non-persistence,46,tuned_level_slope,0.1,1.0332862184642997,0.03311854830361855,5.641666666666667,1.0
10000045,transient_nonpersistent,Transient non-persistence,46,tuned_level_slope,0.3,1.0048680082738364,0.026700609191262246,3.216666666666667,1.0
10000045,transient_nonpersistent,Transient non-persistence,46,tuned_level_slope,1.0,1.005404553342678,0.025078615766535202,2.0,1.0
10000045,transient_nonpersistent,Transient non-persistence,46,tuned_level_slope,3.0,1.0018370575679614,0.024540550200825375,1.4666666666666666,1.0
10000045,transient_nonpersistent,Transient non-persistence,46,tuned_level_slope,10.0,0.999546599162241,0.0244707765826783,1.35,1.0
10000045,transient_nonpersistent,Transient non-persistence,46,tuned_level_slope,30.0,0.9988634474459147,0.024466364293922214,1.3333333333333333,1.0
10000045,transient_nonpersistent,Transient non-persistence,46,tuned_level_slope,100.0,0.998618515822857,0.02446901407817315,1.2916666666666667,1.0
10000045,transient_nonpersistent,Transient non-persistence,46,tuned_level_slope,300.0,0.9985421630127538,0.024470586682890833,1.2583333333333333,1.0
10000046,transient_nonpersistent,Transient non-persistence,47,tuned_level,0.0,1.5871327825148038,0.10063686074818572,,
10000046,transient_nonpersistent,Transient non-persistence,47,tuned_level,0.03,1.4518055557274407,0.0778923299075829,,
10000046,transient_nonpersistent,Transient non-persistence,47,tuned_level,0.1,1.2397768108228453,0.04716680290121953,,
10000046,transient_nonpersistent,Transient non-persistence,47,tuned_level,0.3,1.08014274756206,0.02931570991140036,,
10000046,transient_nonpersistent,Transient non-persistence,47,tuned_level,1.0,1.0438372008686418,0.027264417744959003,,
10000046,transient_nonpersistent,Transient non-persistence,47,tuned_level,3.0,1.0386795652018284,0.027506072604743373,,
10000046,transient_nonpersistent,Transient non-persistence,47,tuned_level,10.0,1.0363007304482348,0.02765305886279713,,
10000046,transient_nonpersistent,Transient non-persistence,47,tuned_level,30.0,1.0355044550335581,0.027720380174173807,,
10000046,transient_nonpersistent,Transient non-persistence,47,tuned_level,100.0,1.0352152151993184,0.027746352266758277,,
10000046,transient_nonpersistent,Transient non-persistence,47,tuned_level,300.0,1.0351295990562022,0.027754129835448116,,
10000046,transient_nonpersistent,Transient non-persistence,47,tuned_level_slope,0.1,1.14258287121017,0.03632505386545822,5.85,1.0
10000046,transient_nonpersistent,Transient non-persistence,47,tuned_level_slope,0.3,1.058182553273484,0.028148835607993195,3.1666666666666665,1.0
10000046,transient_nonpersistent,Transient non-persistence,47,tuned_level_slope,1.0,1.0397921205411815,0.027192410685550856,1.9,1.0
10000046,transient_nonpersistent,Transient non-persistence,47,tuned_level_slope,3.0,1.0373238766252293,0.02751659918499973,1.6416666666666666,1.0
10000046,transient_nonpersistent,Transient non-persistence,47,tuned_level_slope,10.0,1.0358410238010713,0.027670867001565593,1.4166666666666667,1.0
10000046,transient_nonpersistent,Transient non-persistence,47,tuned_level_slope,30.0,1.0353714241504048,0.027726195630455402,1.2666666666666666,1.0
10000046,transient_nonpersistent,Transient non-persistence,47,tuned_level_slope,100.0,1.0351746535686626,0.027748253379299773,1.25,1.0
10000046,transient_nonpersistent,Transient non-persistence,47,tuned_level_slope,300.0,1.0351160785126503,0.027754777664850957,1.225,1.0
10000047,transient_nonpersistent,Transient non-persistence,48,tuned_level,0.0,1.7323737236901247,0.1554397568239688,,
10000047,transient_nonpersistent,Transient non-persistence,48,tuned_level,0.03,1.488829272215626,0.11351024324471566,,
10000047,transient_nonpersistent,Transient non-persistence,48,tuned_level,0.1,1.0396870827181972,0.04034839211639204,,
10000047,transient_nonpersistent,Transient non-persistence,48,tuned_level,0.3,0.9547688182252798,0.02504842438894861,,
10000047,transient_nonpersistent,Transient non-persistence,48,tuned_level,1.0,0.9444235175158862,0.02117616210386151,,
10000047,transient_nonpersistent,Transient non-persistence,48,tuned_level,3.0,0.9453322746304373,0.02059395126372054,,
10000047,transient_nonpersistent,Transient non-persistence,48,tuned_level,10.0,0.9455904395691284,0.02050080714226348,,
10000047,transient_nonpersistent,Transient non-persistence,48,tuned_level,30.0,0.945858819936646,0.02049540819454613,,
10000047,transient_nonpersistent,Transient non-persistence,48,tuned_level,100.0,0.9459619468085015,0.020495944389669712,,
10000047,transient_nonpersistent,Transient non-persistence,48,tuned_level,300.0,0.9459901584965048,0.020496751315779663,,
10000047,transient_nonpersistent,Transient non-persistence,48,tuned_level_slope,0.1,0.9817558711447842,0.03193943733233824,5.658333333333333,1.0
10000047,transient_nonpersistent,Transient non-persistence,48,tuned_level_slope,0.3,0.9411319008949425,0.023103690663067594,2.6333333333333333,1.0
10000047,transient_nonpersistent,Transient non-persistence,48,tuned_level_slope,1.0,0.94381355673899,0.020901654381750956,1.8083333333333333,1.0
10000047,transient_nonpersistent,Transient non-persistence,48,tuned_level_slope,3.0,0.9456162801809412,0.020544081495288677,1.525,1.0
10000047,transient_nonpersistent,Transient non-persistence,48,tuned_level_slope,10.0,0.9457667283825427,0.020485796053043997,1.4,1.0
10000047,transient_nonpersistent,Transient non-persistence,48,tuned_level_slope,30.0,0.9459137008731804,0.020491469100420313,1.3083333333333333,1.0
10000047,transient_nonpersistent,Transient non-persistence,48,tuned_level_slope,100.0,0.9459779414284193,0.020494953596460138,1.275,1.0
10000047,transient_nonpersistent,Transient non-persistence,48,tuned_level_slope,300.0,0.9459954900364775,0.020496431577558902,1.2583333333333333,1.0
10000048,transient_nonpersistent,Transient non-persistence,49,tuned_level,0.0,1.7859978713998501,0.14266571770847133,,
10000048,transient_nonpersistent,Transient non-persistence,49,tuned_level,0.03,1.5063082177204212,0.10463440122644851,,
10000048,transient_nonpersistent,Transient non-persistence,49,tuned_level,0.1,1.2179918246222925,0.05022175130569099,,
10000048,transient_nonpersistent,Transient non-persistence,49,tuned_level,0.3,1.060951717132943,0.03642800911415658,,
10000048,transient_nonpersistent,Transient non-persistence,49,tuned_level,1.0,1.023646447587889,0.034770185010964044,,
10000048,transient_nonpersistent,Transient non-persistence,49,tuned_level,3.0,1.0139259130073706,0.03451282120910656,,
10000048,transient_nonpersistent,Transient non-persistence,49,tuned_level,10.0,1.0113596961238107,0.03435695208807988,,
10000048,transient_nonpersistent,Transient non-persistence,49,tuned_level,30.0,1.0108681958809496,0.03430253270262548,,
10000048,transient_nonpersistent,Transient non-persistence,49,tuned_level,100.0,1.010734315344147,0.034286772906014264,,
10000048,transient_nonpersistent,Transient non-persistence,49,tuned_level,300.0,1.010699761715845,0.034282426486917796,,
10000048,transient_nonpersistent,Transient non-persistence,49,tuned_level_slope,0.1,1.1238706867076698,0.04148487235689737,5.716666666666667,1.0
10000048,transient_nonpersistent,Transient non-persistence,49,tuned_level_slope,0.3,1.037340506244728,0.03500270730007667,3.1666666666666665,1.0
10000048,transient_nonpersistent,Transient non-persistence,49,tuned_level_slope,1.0,1.0176405868626481,0.034362895833942864,1.775,1.0
10000048,transient_nonpersistent,Transient non-persistence,49,tuned_level_slope,3.0,1.0121549147039233,0.034375703313805385,1.4666666666666666,1.0
10000048,transient_nonpersistent,Transient non-persistence,49,tuned_level_slope,10.0,1.011006565006827,0.03430781278062838,1.3666666666666667,1.0
10000048,transient_nonpersistent,Transient non-persistence,49,tuned_level_slope,30.0,1.0107783088541509,0.03428670582948127,1.3166666666666667,1.0
10000048,transient_nonpersistent,Transient non-persistence,49,tuned_level_slope,100.0,1.0107088866854201,0.03428199610798437,1.2666666666666666,1.0
10000048,transient_nonpersistent,Transient non-persistence,49,tuned_level_slope,300.0,1.0106914010640828,0.034280847360738324,1.25,1.0
10000049,transient_nonpersistent,Transient non-persistence,50,tuned_level,0.0,1.8624634725374452,0.1764315718179082,,
10000049,transient_nonpersistent,Transient non-persistence,50,tuned_level,0.03,1.5983241963469326,0.13050490021039654,,
10000049,transient_nonpersistent,Transient non-persistence,50,tuned_level,0.1,1.1074996561460073,0.03686757613107546,,
10000049,transient_nonpersistent,Transient non-persistence,50,tuned_level,0.3,1.0004577943977135,0.027315297801080708,,
10000049,transient_nonpersistent,Transient non-persistence,50,tuned_level,1.0,0.9738703058389967,0.022588197251981194,,
10000049,transient_nonpersistent,Transient non-persistence,50,tuned_level,3.0,0.9649141520238661,0.021641433239343557,,
10000049,transient_nonpersistent,Transient non-persistence,50,tuned_level,10.0,0.9612668868180617,0.021496086172865022,,
10000049,transient_nonpersistent,Transient non-persistence,50,tuned_level,30.0,0.9601009946199858,0.021469840824322756,,
10000049,transient_nonpersistent,Transient non-persistence,50,tuned_level,100.0,0.9597265719828452,0.021459234364140833,,
10000049,transient_nonpersistent,Transient non-persistence,50,tuned_level,300.0,0.9596305936247835,0.021455822989762514,,
10000049,transient_nonpersistent,Transient non-persistence,50,tuned_level_slope,0.1,1.0317266541333174,0.03165878202834307,6.583333333333333,1.0
10000049,transient_nonpersistent,Transient non-persistence,50,tuned_level_slope,0.3,0.983106625183561,0.025091203725728158,3.4833333333333334,1.0
10000049,transient_nonpersistent,Transient non-persistence,50,tuned_level_slope,1.0,0.9686852054374679,0.02208932228171652,1.9416666666666667,1.0
10000049,transient_nonpersistent,Transient non-persistence,50,tuned_level_slope,3.0,0.9631314051342836,0.02156863063069282,1.5166666666666666,1.0
10000049,transient_nonpersistent,Transient non-persistence,50,tuned_level_slope,10.0,0.960750077559357,0.02148077778425576,1.3166666666666667,1.0
10000049,transient_nonpersistent,Transient non-persistence,50,tuned_level_slope,30.0,0.9599665976507809,0.021461265742006064,1.2916666666666667,1.0
10000049,transient_nonpersistent,Transient non-persistence,50,tuned_level_slope,100.0,0.9596912296898569,0.021456515402698613,1.2416666666666667,1.0
10000049,transient_nonpersistent,Transient non-persistence,50,tuned_level_slope,300.0,0.9596189568597182,0.0214549178693116,1.2333333333333334,1.0
10000050,transient_nonpersistent,Transient non-persistence,51,tuned_level,0.0,1.6657095468734,0.12940341958119894,,
10000050,transient_nonpersistent,Transient non-persistence,51,tuned_level,0.03,1.4234366849073496,0.10054763985164814,,
10000050,transient_nonpersistent,Transient non-persistence,51,tuned_level,0.1,1.147229396325577,0.04864504552658088,,
10000050,transient_nonpersistent,Transient non-persistence,51,tuned_level,0.3,1.006090343258523,0.02966849857629475,,
10000050,transient_nonpersistent,Transient non-persistence,51,tuned_level,1.0,0.9826463792707281,0.024079187800187557,,
10000050,transient_nonpersistent,Transient non-persistence,51,tuned_level,3.0,0.9732769146605622,0.022801059999805393,,
10000050,transient_nonpersistent,Transient non-persistence,51,tuned_level,10.0,0.9697488711454676,0.022542837554007204,,
10000050,transient_nonpersistent,Transient non-persistence,51,tuned_level,30.0,0.9686896448008245,0.02250855071683253,,
10000050,transient_nonpersistent,Transient non-persistence,51,tuned_level,100.0,0.9683201405062672,0.022501540880106367,,
10000050,transient_nonpersistent,Transient non-persistence,51,tuned_level,300.0,0.9682233845384697,0.022501285591467156,,
10000050,transient_nonpersistent,Transient non-persistence,51,tuned_level_slope,0.1,1.0729682398237235,0.038870776319960706,6.258333333333334,1.0
10000050,transient_nonpersistent,Transient non-persistence,51,tuned_level_slope,0.3,0.9998801234983798,0.027539075633487155,3.25,1.0
10000050,transient_nonpersistent,Transient non-persistence,51,tuned_level_slope,1.0,0.9807900392358156,0.0236397241089711,1.9083333333333334,1.0
10000050,transient_nonpersistent,Transient non-persistence,51,tuned_level_slope,3.0,0.9725984373297856,0.02268963302771144,1.3833333333333333,1.0
10000050,transient_nonpersistent,Transient non-persistence,51,tuned_level_slope,10.0,0.9695391815557426,0.022522504156435894,1.2833333333333334,1.0
10000050,transient_nonpersistent,Transient non-persistence,51,tuned_level_slope,30.0,0.9686225226683562,0.022503741318442357,1.225,1.0
10000050,transient_nonpersistent,Transient non-persistence,51,tuned_level_slope,100.0,0.9683094669638316,0.022501205282911243,1.2,1.0
10000050,transient_nonpersistent,Transient non-persistence,51,tuned_level_slope,300.0,0.9682188252361474,0.022501122673465185,1.2083333333333333,1.0
10000051,transient_nonpersistent,Transient non-persistence,52,tuned_level,0.0,1.7501676724471515,0.12307602724502818,,
10000051,transient_nonpersistent,Transient non-persistence,52,tuned_level,0.03,1.569475405621425,0.09604260015191804,,
10000051,transient_nonpersistent,Transient non-persistence,52,tuned_level,0.1,1.1975751688479133,0.04523169161011743,,
10000051,transient_nonpersistent,Transient non-persistence,52,tuned_level,0.3,1.0555123419334862,0.025868449053992743,,
10000051,transient_nonpersistent,Transient non-persistence,52,tuned_level,1.0,1.0115425025416505,0.02242170795444438,,
10000051,transient_nonpersistent,Transient non-persistence,52,tuned_level,3.0,0.993555526142129,0.02249823865571637,,
10000051,transient_nonpersistent,Transient non-persistence,52,tuned_level,10.0,0.986588575913549,0.02271765198119221,,
10000051,transient_nonpersistent,Transient non-persistence,52,tuned_level,30.0,0.9848909718420971,0.022769558730516764,,
10000051,transient_nonpersistent,Transient non-persistence,52,tuned_level,100.0,0.9842711406099973,0.022789499070431114,,
10000051,transient_nonpersistent,Transient non-persistence,52,tuned_level,300.0,0.984090902599551,0.022795271255007757,,
10000051,transient_nonpersistent,Transient non-persistence,52,tuned_level_slope,0.1,1.0861059814365368,0.035123017543033805,6.133333333333334,1.0
10000051,transient_nonpersistent,Transient non-persistence,52,tuned_level_slope,0.3,1.0244956860086045,0.02411666096857145,4.008333333333334,1.0
10000051,transient_nonpersistent,Transient non-persistence,52,tuned_level_slope,1.0,1.0018296005208525,0.02254855901634301,2.0083333333333333,1.0
10000051,transient_nonpersistent,Transient non-persistence,52,tuned_level_slope,3.0,0.9902223928227538,0.02262025086565499,1.4166666666666667,1.0
10000051,transient_nonpersistent,Transient non-persistence,52,tuned_level_slope,10.0,0.985948954077845,0.02272965410979896,1.3333333333333333,1.0
10000051,transient_nonpersistent,Transient non-persistence,52,tuned_level_slope,30.0,0.9846621180634998,0.022774551209067156,1.3,1.0
10000051,transient_nonpersistent,Transient non-persistence,52,tuned_level_slope,100.0,0.9842054348835702,0.022791005575400133,1.275,1.0
10000051,transient_nonpersistent,Transient non-persistence,52,tuned_level_slope,300.0,0.9840690006907418,0.022795787589731883,1.2333333333333334,1.0
10000052,transient_nonpersistent,Transient non-persistence,53,tuned_level,0.0,1.7358335700845577,0.13245805462832402,,
10000052,transient_nonpersistent,Transient non-persistence,53,tuned_level,0.03,1.45558393623148,0.09344252321955647,,
10000052,transient_nonpersistent,Transient non-persistence,53,tuned_level,0.1,1.1200167344401648,0.041381674532111466,,
10000052,transient_nonpersistent,Transient non-persistence,53,tuned_level,0.3,1.0234113321659313,0.02291781766324998,,
10000052,transient_nonpersistent,Transient non-persistence,53,tuned_level,1.0,1.0059454018210665,0.019880329352847476,,
10000052,transient_nonpersistent,Transient non-persistence,53,tuned_level,3.0,0.9997656146166668,0.018848743209485166,,
10000052,transient_nonpersistent,Transient non-persistence,53,tuned_level,10.0,0.9969615018949355,0.01855602207179158,,
10000052,transient_nonpersistent,Transient non-persistence,53,tuned_level,30.0,0.9961907668988944,0.01850332827432652,,
10000052,transient_nonpersistent,Transient non-persistence,53,tuned_level,100.0,0.9959092503714404,0.01848522675674861,,
10000052,transient_nonpersistent,Transient non-persistence,53,tuned_level,300.0,0.9958305930385116,0.018480258639954977,,
10000052,transient_nonpersistent,Transient non-persistence,53,tuned_level_slope,0.1,1.0678965913280285,0.03199372959935974,5.383333333333334,1.0
10000052,transient_nonpersistent,Transient non-persistence,53,tuned_level_slope,0.3,1.0125662614099837,0.02158534951512814,2.95,1.0
10000052,transient_nonpersistent,Transient non-persistence,53,tuned_level_slope,1.0,1.0030321269242606,0.01945752987962909,1.9833333333333334,1.0
10000052,transient_nonpersistent,Transient non-persistence,53,tuned_level_slope,3.0,0.9990412392275264,0.01873631096514884,1.35,1.0
10000052,transient_nonpersistent,Transient non-persistence,53,tuned_level_slope,10.0,0.9968250162237029,0.018535540776750292,1.25,1.0
10000052,transient_nonpersistent,Transient non-persistence,53,tuned_level_slope,30.0,0.9961549760238779,0.018497039630053783,1.2083333333333333,1.0
10000052,transient_nonpersistent,Transient non-persistence,53,tuned_level_slope,100.0,0.9958985131089356,0.018483559600133967,1.1916666666666667,1.0
10000052,transient_nonpersistent,Transient non-persistence,53,tuned_level_slope,300.0,0.9958273151737072,0.01847969145483607,1.1916666666666667,1.0
10000053,transient_nonpersistent,Transient non-persistence,54,tuned_level,0.0,1.6756766593957697,0.11647890526826514,,
10000053,transient_nonpersistent,Transient non-persistence,54,tuned_level,0.03,1.4685398480104996,0.07674696553245225,,
10000053,transient_nonpersistent,Transient non-persistence,54,tuned_level,0.1,1.0879707196059247,0.03491038440444862,,
10000053,transient_nonpersistent,Transient non-persistence,54,tuned_level,0.3,1.0102434449515783,0.025986238249831626,,
10000053,transient_nonpersistent,Transient non-persistence,54,tuned_level,1.0,0.9844554498287346,0.021976571539834386,,
10000053,transient_nonpersistent,Transient non-persistence,54,tuned_level,3.0,0.9731626804812933,0.02097937930117473,,
10000053,transient_nonpersistent,Transient non-persistence,54,tuned_level,10.0,0.9698763080777656,0.02076238338817755,,
10000053,transient_nonpersistent,Transient non-persistence,54,tuned_level,30.0,0.9688640427841247,0.0207186875832477,,
10000053,transient_nonpersistent,Transient non-persistence,54,tuned_level,100.0,0.9685137891797043,0.02070777646145082,,
10000053,transient_nonpersistent,Transient non-persistence,54,tuned_level,300.0,0.9684138448394125,0.020705170191002993,,
10000053,transient_nonpersistent,Transient non-persistence,54,tuned_level_slope,0.1,1.0228582549061997,0.0295744894415474,5.566666666666666,1.0
10000053,transient_nonpersistent,Transient non-persistence,54,tuned_level_slope,0.3,0.9896481804534225,0.02372898683226697,3.283333333333333,1.0
10000053,transient_nonpersistent,Transient non-persistence,54,tuned_level_slope,1.0,0.9788343232571984,0.021621985657560336,1.8333333333333333,1.0
10000053,transient_nonpersistent,Transient non-persistence,54,tuned_level_slope,3.0,0.9717766587960813,0.020903319552688416,1.4083333333333334,1.0
10000053,transient_nonpersistent,Transient non-persistence,54,tuned_level_slope,10.0,0.9694529761669475,0.020749427791569547,1.2916666666666667,1.0
10000053,transient_nonpersistent,Transient non-persistence,54,tuned_level_slope,30.0,0.96873253151016,0.020715564474067815,1.2333333333333334,1.0
10000053,transient_nonpersistent,Transient non-persistence,54,tuned_level_slope,100.0,0.9684743567427773,0.02070702320653502,1.2083333333333333,1.0
10000053,transient_nonpersistent,Transient non-persistence,54,tuned_level_slope,300.0,0.9684005726008265,0.020704934900397078,1.2166666666666666,1.0
10000054,transient_nonpersistent,Transient non-persistence,55,tuned_level,0.0,1.7751170080796226,0.14936977606412213,,
10000054,transient_nonpersistent,Transient non-persistence,55,tuned_level,0.03,1.52521191736634,0.11382732088778036,,
10000054,transient_nonpersistent,Transient non-persistence,55,tuned_level,0.1,1.1256083960735914,0.04172666388923845,,
10000054,transient_nonpersistent,Transient non-persistence,55,tuned_level,0.3,1.030184712454817,0.029175304641901937,,
10000054,transient_nonpersistent,Transient non-persistence,55,tuned_level,1.0,1.0156847966780833,0.02484192383158688,,
10000054,transient_nonpersistent,Transient non-persistence,55,tuned_level,3.0,1.010312187699417,0.023768732898023604,,
10000054,transient_nonpersistent,Transient non-persistence,55,tuned_level,10.0,1.0066466849601374,0.023692870635385756,,
10000054,transient_nonpersistent,Transient non-persistence,55,tuned_level,30.0,1.005512772812361,0.023705436085745345,,
10000054,transient_nonpersistent,Transient non-persistence,55,tuned_level,100.0,1.0051631961480483,0.02371409594233458,,
10000054,transient_nonpersistent,Transient non-persistence,55,tuned_level,300.0,1.0050653751752758,0.02371712886881051,,
10000054,transient_nonpersistent,Transient non-persistence,55,tuned_level_slope,0.1,1.060272498558499,0.0342228058357277,5.85,1.0
10000054,transient_nonpersistent,Transient non-persistence,55,tuned_level_slope,0.3,1.017723440368433,0.026602317301650698,3.175,1.0
10000054,transient_nonpersistent,Transient non-persistence,55,tuned_level_slope,1.0,1.0108478987510603,0.02420287254186984,1.9166666666666667,1.0
10000054,transient_nonpersistent,Transient non-persistence,55,tuned_level_slope,3.0,1.0086836934274723,0.023702420361879296,1.3916666666666666,1.0
10000054,transient_nonpersistent,Transient non-persistence,55,tuned_level_slope,10.0,1.0061627005676559,0.023690948728929892,1.2583333333333333,1.0
10000054,transient_nonpersistent,Transient non-persistence,55,tuned_level_slope,30.0,1.005376329348747,0.02370715756035727,1.2166666666666666,1.0
10000054,transient_nonpersistent,Transient non-persistence,55,tuned_level_slope,100.0,1.0051291938428184,0.023714631257735763,1.1916666666666667,1.0
10000054,transient_nonpersistent,Transient non-persistence,55,tuned_level_slope,300.0,1.00505246236975,0.023717383815768423,1.1916666666666667,1.0
10000055,transient_nonpersistent,Transient non-persistence,56,tuned_level,0.0,1.7465438122529737,0.15018650894796573,,
10000055,transient_nonpersistent,Transient non-persistence,56,tuned_level,0.03,1.4403215314029738,0.07249492711621132,,
10000055,transient_nonpersistent,Transient non-persistence,56,tuned_level,0.1,1.1556636261115794,0.04439762228501149,,
10000055,transient_nonpersistent,Transient non-persistence,56,tuned_level,0.3,1.0525676234428034,0.033701265987789455,,
10000055,transient_nonpersistent,Transient non-persistence,56,tuned_level,1.0,1.0245393233860576,0.030779987028345043,,
10000055,transient_nonpersistent,Transient non-persistence,56,tuned_level,3.0,1.0176598205993794,0.03040180671074545,,
10000055,transient_nonpersistent,Transient non-persistence,56,tuned_level,10.0,1.015055853333339,0.030621338282588777,,
10000055,transient_nonpersistent,Transient non-persistence,56,tuned_level,30.0,1.0142546145891116,0.030734862420876415,,
10000055,transient_nonpersistent,Transient non-persistence,56,tuned_level,100.0,1.0140135843821707,0.030790111999999304,,
10000055,transient_nonpersistent,Transient non-persistence,56,tuned_level,300.0,1.0139679055162836,0.030806372226531636,,
10000055,transient_nonpersistent,Transient non-persistence,56,tuned_level_slope,0.1,1.0733463015976694,0.03646036526309926,6.416666666666667,1.0
10000055,transient_nonpersistent,Transient non-persistence,56,tuned_level_slope,0.3,1.0343931358909366,0.032128654136491235,3.7666666666666666,1.0
10000055,transient_nonpersistent,Transient non-persistence,56,tuned_level_slope,1.0,1.0224316208965087,0.030372648585058906,2.275,1.0
10000055,transient_nonpersistent,Transient non-persistence,56,tuned_level_slope,3.0,1.017219306834233,0.03044128383336196,1.6583333333333334,1.0
10000055,transient_nonpersistent,Transient non-persistence,56,tuned_level_slope,10.0,1.0150386666865105,0.030662536611705073,1.4666666666666666,1.0
10000055,transient_nonpersistent,Transient non-persistence,56,tuned_level_slope,30.0,1.0142971986023814,0.030756457573248838,1.3583333333333334,1.0
10000055,transient_nonpersistent,Transient non-persistence,56,tuned_level_slope,100.0,1.0140324065870916,0.0307963104676018,1.325,1.0
10000055,transient_nonpersistent,Transient non-persistence,56,tuned_level_slope,300.0,1.0139741795845905,0.03080846803597525,1.3166666666666667,1.0
10000056,transient_nonpersistent,Transient non-persistence,57,tuned_level,0.0,1.9465552838781954,0.19279929071805507,,
10000056,transient_nonpersistent,Transient non-persistence,57,tuned_level,0.03,1.6379640948787335,0.15174814793578614,,
10000056,transient_nonpersistent,Transient non-persistence,57,tuned_level,0.1,1.2228911027336447,0.05747616737793911,,
10000056,transient_nonpersistent,Transient non-persistence,57,tuned_level,0.3,1.042217164291878,0.02854518354878153,,
10000056,transient_nonpersistent,Transient non-persistence,57,tuned_level,1.0,0.9918585954243141,0.023239500476885205,,
10000056,transient_nonpersistent,Transient non-persistence,57,tuned_level,3.0,0.9739381724649117,0.022249875142798147,,
10000056,transient_nonpersistent,Transient non-persistence,57,tuned_level,10.0,0.9670889349963832,0.022173897724785237,,
10000056,transient_nonpersistent,Transient non-persistence,57,tuned_level,30.0,0.9652303710467173,0.022161741346554367,,
10000056,transient_nonpersistent,Transient non-persistence,57,tuned_level,100.0,0.9646348487295283,0.022159957050376797,,
10000056,transient_nonpersistent,Transient non-persistence,57,tuned_level,300.0,0.9644646994960459,0.022160098362959974,,
10000056,transient_nonpersistent,Transient non-persistence,57,tuned_level_slope,0.1,1.1027885742633676,0.040116626381848826,6.375,1.0
10000056,transient_nonpersistent,Transient non-persistence,57,tuned_level_slope,0.3,1.0128880733927381,0.02509402006290078,3.3833333333333333,1.0
10000056,transient_nonpersistent,Transient non-persistence,57,tuned_level_slope,1.0,0.9836831586090966,0.022618726152514645,1.8916666666666666,1.0
10000056,transient_nonpersistent,Transient non-persistence,57,tuned_level_slope,3.0,0.971461968061642,0.02216715396186549,1.45,1.0
10000056,transient_nonpersistent,Transient non-persistence,57,tuned_level_slope,10.0,0.9664304508097307,0.02215766593378065,1.2583333333333333,1.0
10000056,transient_nonpersistent,Transient non-persistence,57,tuned_level_slope,30.0,0.9650402663089359,0.02215821113018613,1.2166666666666666,1.0
10000056,transient_nonpersistent,Transient non-persistence,57,tuned_level_slope,100.0,0.9645778173081939,0.022159209269877224,1.2083333333333333,1.0
10000056,transient_nonpersistent,Transient non-persistence,57,tuned_level_slope,300.0,0.9644456890222678,0.02215987875473461,1.2083333333333333,1.0
10000057,transient_nonpersistent,Transient non-persistence,58,tuned_level,0.0,1.632494790262696,0.14924872162195232,,
10000057,transient_nonpersistent,Transient non-persistence,58,tuned_level,0.03,1.4479566794798207,0.10069305307338569,,
10000057,transient_nonpersistent,Transient non-persistence,58,tuned_level,0.1,1.1098836860541388,0.0390624202596282,,
10000057,transient_nonpersistent,Transient non-persistence,58,tuned_level,0.3,1.0552839586187,0.027866741635331337,,
10000057,transient_nonpersistent,Transient non-persistence,58,tuned_level,1.0,1.0440389878884504,0.022571814924917367,,
10000057,transient_nonpersistent,Transient non-persistence,58,tuned_level,3.0,1.038452838425216,0.021716396979246228,,
10000057,transient_nonpersistent,Transient non-persistence,58,tuned_level,10.0,1.036428014551327,0.02152479038857454,,
10000057,transient_nonpersistent,Transient non-persistence,58,tuned_level,30.0,1.0358220079557743,0.02148434564281502,,
10000057,transient_nonpersistent,Transient non-persistence,58,tuned_level,100.0,1.035578776392657,0.02146804670524522,,
10000057,transient_nonpersistent,Transient non-persistence,58,tuned_level,300.0,1.0355082686211072,0.02146373081957057,,
10000057,transient_nonpersistent,Transient non-persistence,58,tuned_level_slope,0.1,1.031910698590956,0.030653826161459546,5.941666666666666,1.0
10000057,transient_nonpersistent,Transient non-persistence,58,tuned_level_slope,0.3,1.0342698311679845,0.024890551482769734,3.033333333333333,1.0
10000057,transient_nonpersistent,Transient non-persistence,58,tuned_level_slope,1.0,1.0390513779296404,0.022078927636292853,1.6833333333333333,1.0
10000057,transient_nonpersistent,Transient non-persistence,58,tuned_level_slope,3.0,1.0371730371972965,0.021611357787675776,1.375,1.0
10000057,transient_nonpersistent,Transient non-persistence,58,tuned_level_slope,10.0,1.036129610108968,0.02149933347971766,1.2916666666666667,1.0
10000057,transient_nonpersistent,Transient non-persistence,58,tuned_level_slope,30.0,1.0357191676311808,0.02147589367864592,1.275,1.0
10000057,transient_nonpersistent,Transient non-persistence,58,tuned_level_slope,100.0,1.0355475450311655,0.0214658016211783,1.2,1.0
10000057,transient_nonpersistent,Transient non-persistence,58,tuned_level_slope,300.0,1.035497858167277,0.02146300278169893,1.1833333333333333,1.0
10000058,transient_nonpersistent,Transient non-persistence,59,tuned_level,0.0,2.0456689577579934,0.1588879813226822,,
10000058,transient_nonpersistent,Transient non-persistence,59,tuned_level,0.03,1.7630168459396118,0.13231535868971608,,
10000058,transient_nonpersistent,Transient non-persistence,59,tuned_level,0.1,1.1172789113236778,0.03790394555165063,,
10000058,transient_nonpersistent,Transient non-persistence,59,tuned_level,0.3,0.9836775731874867,0.025090368875148598,,
10000058,transient_nonpersistent,Transient non-persistence,59,tuned_level,1.0,0.9595695644907551,0.022229164692900708,,
10000058,transient_nonpersistent,Transient non-persistence,59,tuned_level,3.0,0.9531317273828493,0.02179922006134846,,
10000058,transient_nonpersistent,Transient non-persistence,59,tuned_level,10.0,0.9523695872797208,0.02183996022549708,,
10000058,transient_nonpersistent,Transient non-persistence,59,tuned_level,30.0,0.9522787329014444,0.02186263757414427,,
10000058,transient_nonpersistent,Transient non-persistence,59,tuned_level,100.0,0.9522541156821079,0.021868416039448973,,
10000058,transient_nonpersistent,Transient non-persistence,59,tuned_level,300.0,0.952247515653244,0.021869906731512873,,
10000058,transient_nonpersistent,Transient non-persistence,59,tuned_level_slope,0.1,1.0216147606567987,0.028225300413961048,4.825,1.0
10000058,transient_nonpersistent,Transient non-persistence,59,tuned_level_slope,0.3,0.9640941563666573,0.02353776290421521,2.625,1.0
10000058,transient_nonpersistent,Transient non-persistence,59,tuned_level_slope,1.0,0.9553620674398393,0.02206771515224798,1.8,1.0
10000058,transient_nonpersistent,Transient non-persistence,59,tuned_level_slope,3.0,0.9525826151236252,0.021860843799921172,1.3833333333333333,1.0
10000058,transient_nonpersistent,Transient non-persistence,59,tuned_level_slope,10.0,0.9522919787609411,0.021863803180137743,1.2833333333333334,1.0
10000058,transient_nonpersistent,Transient non-persistence,59,tuned_level_slope,30.0,0.9522432713121707,0.021870736084230877,1.225,1.0
10000058,transient_nonpersistent,Transient non-persistence,59,tuned_level_slope,100.0,0.9522473005841253,0.021870512209361623,1.2166666666666666,1.0
10000058,transient_nonpersistent,Transient non-persistence,59,tuned_level_slope,300.0,0.9522463764035695,0.021870637143260756,1.225,1.0
10000059,transient_nonpersistent,Transient non-persistence,60,tuned_level,0.0,2.053409488612732,0.1799847678991946,,
10000059,transient_nonpersistent,Transient non-persistence,60,tuned_level,0.03,1.7734757890743431,0.14250328828709344,,
10000059,transient_nonpersistent,Transient non-persistence,60,tuned_level,0.1,1.1545429351216867,0.04397164399234465,,
10000059,transient_nonpersistent,Transient non-persistence,60,tuned_level,0.3,1.0217564998894546,0.025679940745319152,,
10000059,transient_nonpersistent,Transient non-persistence,60,tuned_level,1.0,0.9935528548258203,0.022031318119003794,,
10000059,transient_nonpersistent,Transient non-persistence,60,tuned_level,3.0,0.9836168710291673,0.021139859998146875,,
10000059,transient_nonpersistent,Transient non-persistence,60,tuned_level,10.0,0.9810498384203056,0.020844474289569113,,
10000059,transient_nonpersistent,Transient non-persistence,60,tuned_level,30.0,0.9803227830125566,0.020773957925061336,,
10000059,transient_nonpersistent,Transient non-persistence,60,tuned_level,100.0,0.9800728539408566,0.020751672376992995,,
10000059,transient_nonpersistent,Transient non-persistence,60,tuned_level,300.0,0.9800014456346566,0.020745569988637136,,
10000059,transient_nonpersistent,Transient non-persistence,60,tuned_level_slope,0.1,1.065183503426676,0.033052260127927106,5.425,1.0
10000059,transient_nonpersistent,Transient non-persistence,60,tuned_level_slope,0.3,1.0013244355210469,0.02289132820892758,2.6083333333333334,1.0
10000059,transient_nonpersistent,Transient non-persistence,60,tuned_level_slope,1.0,0.9865434832828751,0.021216168909332474,1.7916666666666667,1.0
10000059,transient_nonpersistent,Transient non-persistence,60,tuned_level_slope,3.0,0.981593845494497,0.020937366958367804,1.375,1.0
10000059,transient_nonpersistent,Transient non-persistence,60,tuned_level_slope,10.0,0.9804900428195658,0.020789095261755933,1.2416666666666667,1.0
10000059,transient_nonpersistent,Transient non-persistence,60,tuned_level_slope,30.0,0.9801405085942264,0.020755992779648787,1.1916666666666667,1.0
10000059,transient_nonpersistent,Transient non-persistence,60,tuned_level_slope,100.0,0.9800181716153574,0.020746373023354005,1.1666666666666667,1.0
10000059,transient_nonpersistent,Transient non-persistence,60,tuned_level_slope,300.0,0.9799832181928235,0.020743812154612885,1.1666666666666667,1.0
10000060,transient_nonpersistent,Transient non-persistence,61,tuned_level,0.0,1.5809254852684502,0.12265505767312651,,
10000060,transient_nonpersistent,Transient non-persistence,61,tuned_level,0.03,1.3963160787731488,0.10593771871115701,,
10000060,transient_nonpersistent,Transient non-persistence,61,tuned_level,0.1,1.050388830193372,0.036821267940476146,,
10000060,transient_nonpersistent,Transient non-persistence,61,tuned_level,0.3,0.9831477106160321,0.02574543743325848,,
10000060,transient_nonpersistent,Transient non-persistence,61,tuned_level,1.0,0.9884018928226311,0.021272040748719113,,
10000060,transient_nonpersistent,Transient non-persistence,61,tuned_level,3.0,0.9921388605277052,0.02086368063685412,,
10000060,transient_nonpersistent,Transient non-persistence,61,tuned_level,10.0,0.9937721346262999,0.02099293483945824,,
10000060,transient_nonpersistent,Transient non-persistence,61,tuned_level,30.0,0.9945084202718986,0.021039658010867112,,
10000060,transient_nonpersistent,Transient non-persistence,61,tuned_level,100.0,0.9947582315571116,0.021060162138219433,,
10000060,transient_nonpersistent,Transient non-persistence,61,tuned_level,300.0,0.9948458351417986,0.021068356716573186,,
10000060,transient_nonpersistent,Transient non-persistence,61,tuned_level_slope,0.1,1.0031717335160846,0.03021476080494849,5.491666666666666,1.0
10000060,transient_nonpersistent,Transient non-persistence,61,tuned_level_slope,0.3,0.980688215823524,0.023525898426714986,2.691666666666667,1.0
10000060,transient_nonpersistent,Transient non-persistence,61,tuned_level_slope,1.0,0.9882022558004869,0.021048856119872686,1.7166666666666666,1.0
10000060,transient_nonpersistent,Transient non-persistence,61,tuned_level_slope,3.0,0.9921159983708066,0.02092952776390516,1.525,1.0
10000060,transient_nonpersistent,Transient non-persistence,61,tuned_level_slope,10.0,0.9939491772946132,0.021020129419281296,1.425,1.0
10000060,transient_nonpersistent,Transient non-persistence,61,tuned_level_slope,30.0,0.9945711257487695,0.021049585745613563,1.3,1.0
10000060,transient_nonpersistent,Transient non-persistence,61,tuned_level_slope,100.0,0.994778303494831,0.021063387210580053,1.2416666666666667,1.0
10000060,transient_nonpersistent,Transient non-persistence,61,tuned_level_slope,300.0,0.994852525787705,0.021069442880479967,1.2416666666666667,1.0
10000061,transient_nonpersistent,Transient non-persistence,62,tuned_level,0.0,1.6599013168665933,0.10990794906970597,,
10000061,transient_nonpersistent,Transient non-persistence,62,tuned_level,0.03,1.4836531200799352,0.08663471841995399,,
10000061,transient_nonpersistent,Transient non-persistence,62,tuned_level,0.1,1.1584202918134534,0.0422368754627339,,
10000061,transient_nonpersistent,Transient non-persistence,62,tuned_level,0.3,1.031531869563054,0.03172025113728819,,
10000061,transient_nonpersistent,Transient non-persistence,62,tuned_level,1.0,1.0115339626312545,0.028496511118025675,,
10000061,transient_nonpersistent,Transient non-persistence,62,tuned_level,3.0,1.0083342423046389,0.02810407346551445,,
10000061,transient_nonpersistent,Transient non-persistence,62,tuned_level,10.0,1.00725991514713,0.02809794252898806,,
10000061,transient_nonpersistent,Transient non-persistence,62,tuned_level,30.0,1.0071330033682804,0.02811297631276414,,
10000061,transient_nonpersistent,Transient non-persistence,62,tuned_level,100.0,1.007079149615262,0.028121105282191673,,
10000061,transient_nonpersistent,Transient non-persistence,62,tuned_level,300.0,1.0070681237121526,0.028123883910259533,,
10000061,transient_nonpersistent,Transient non-persistence,62,tuned_level_slope,0.1,1.0631489137934735,0.03371271703463555,5.966666666666667,1.0
10000061,transient_nonpersistent,Transient non-persistence,62,tuned_level_slope,0.3,1.0096329831347288,0.02949738695797339,3.191666666666667,1.0
10000061,transient_nonpersistent,Transient non-persistence,62,tuned_level_slope,1.0,1.0071477312178512,0.028051837806065592,1.9583333333333333,1.0
10000061,transient_nonpersistent,Transient non-persistence,62,tuned_level_slope,3.0,1.0070197561978573,0.028029333048993754,1.5416666666666667,1.0
10000061,transient_nonpersistent,Transient non-persistence,62,tuned_level_slope,10.0,1.0069587795444759,0.02807928101573346,1.325,1.0
10000061,transient_nonpersistent,Transient non-persistence,62,tuned_level_slope,30.0,1.0070413593263021,0.028108603409316608,1.2833333333333334,1.0
10000061,transient_nonpersistent,Transient non-persistence,62,tuned_level_slope,100.0,1.0070521008192077,0.02811995245173951,1.2666666666666666,1.0
10000061,transient_nonpersistent,Transient non-persistence,62,tuned_level_slope,300.0,1.0070590649443454,0.028123507751420345,1.25,1.0
10000062,transient_nonpersistent,Transient non-persistence,63,tuned_level,0.0,1.8198841306515638,0.13076489119516682,,
10000062,transient_nonpersistent,Transient non-persistence,63,tuned_level,0.03,1.623229957097422,0.11215971441967897,,
10000062,transient_nonpersistent,Transient non-persistence,63,tuned_level,0.1,1.1616721333236546,0.046435504746655705,,
10000062,transient_nonpersistent,Transient non-persistence,63,tuned_level,0.3,1.0475757670606347,0.026683843790261893,,
10000062,transient_nonpersistent,Transient non-persistence,63,tuned_level,1.0,1.0257475973982713,0.02182315338371265,,
10000062,transient_nonpersistent,Transient non-persistence,63,tuned_level,3.0,1.0172621971736207,0.021334048305961365,,
10000062,transient_nonpersistent,Transient non-persistence,63,tuned_level,10.0,1.01394481241537,0.021509323739770072,,
10000062,transient_nonpersistent,Transient non-persistence,63,tuned_level,30.0,1.0128777578445463,0.02159997846256902,,
10000062,transient_nonpersistent,Transient non-persistence,63,tuned_level,100.0,1.0125265761630127,0.021643001402012862,,
10000062,transient_nonpersistent,Transient non-persistence,63,tuned_level,300.0,1.0124240508565991,0.021655463638617246,,
10000062,transient_nonpersistent,Transient non-persistence,63,tuned_level_slope,0.1,1.0821352795286046,0.03878079966910664,5.516666666666667,1.0
10000062,transient_nonpersistent,Transient non-persistence,63,tuned_level_slope,0.3,1.0321256118806794,0.024590803957926573,3.4166666666666665,1.0
10000062,transient_nonpersistent,Transient non-persistence,63,tuned_level_slope,1.0,1.0213447694052955,0.021856439160330768,2.175,1.0
10000062,transient_nonpersistent,Transient non-persistence,63,tuned_level_slope,3.0,1.0160377835418815,0.021531869571386548,1.6166666666666667,1.0
10000062,transient_nonpersistent,Transient non-persistence,63,tuned_level_slope,10.0,1.0136566405768968,0.02158474987600508,1.4166666666666667,1.0
10000062,transient_nonpersistent,Transient non-persistence,63,tuned_level_slope,30.0,1.0128065931401644,0.0216316516603108,1.2916666666666667,1.0
10000062,transient_nonpersistent,Transient non-persistence,63,tuned_level_slope,100.0,1.012500325685811,0.021652271959354114,1.2583333333333333,1.0
10000062,transient_nonpersistent,Transient non-persistence,63,tuned_level_slope,300.0,1.0124156965192599,0.021658676706090466,1.2833333333333334,1.0
10000063,transient_nonpersistent,Transient non-persistence,64,tuned_level,0.0,1.6694270977952619,0.12807349208377353,,
10000063,transient_nonpersistent,Transient non-persistence,64,tuned_level,0.03,1.4546190746672822,0.0967671536336293,,
10000063,transient_nonpersistent,Transient non-persistence,64,tuned_level,0.1,1.0783019595921937,0.037621617130141845,,
10000063,transient_nonpersistent,Transient non-persistence,64,tuned_level,0.3,1.0098633041429133,0.02739112796006651,,
10000063,transient_nonpersistent,Transient non-persistence,64,tuned_level,1.0,1.0056793375150244,0.02309585626557425,,
10000063,transient_nonpersistent,Transient non-persistence,64,tuned_level,3.0,1.0027610311303934,0.02259589054379107,,
10000063,transient_nonpersistent,Transient non-persistence,64,tuned_level,10.0,1.0012450105357495,0.022565652327396872,,
10000063,transient_nonpersistent,Transient non-persistence,64,tuned_level,30.0,1.0012598707905593,0.022562578306033775,,
10000063,transient_nonpersistent,Transient non-persistence,64,tuned_level,100.0,1.0013219456254467,0.022561230786481347,,
10000063,transient_nonpersistent,Transient non-persistence,64,tuned_level,300.0,1.0013357130385891,0.022560994182433302,,
10000063,transient_nonpersistent,Transient non-persistence,64,tuned_level_slope,0.1,1.0213857639844826,0.031752317101525415,5.308333333333334,1.0
10000063,transient_nonpersistent,Transient non-persistence,64,tuned_level_slope,0.3,1.0003175505119135,0.025177540256470555,2.9,1.0
10000063,transient_nonpersistent,Transient non-persistence,64,tuned_level_slope,1.0,1.003309962812193,0.022781655163050866,1.9,1.0
10000063,transient_nonpersistent,Transient non-persistence,64,tuned_level_slope,3.0,1.0021566258147847,0.022537521190316098,1.35,1.0
10000063,transient_nonpersistent,Transient non-persistence,64,tuned_level_slope,10.0,1.0012399262853973,0.022546801911409592,1.2666666666666666,1.0
10000063,transient_nonpersistent,Transient non-persistence,64,tuned_level_slope,30.0,1.0012915075258382,0.022556453744592926,1.225,1.0
10000063,transient_nonpersistent,Transient non-persistence,64,tuned_level_slope,100.0,1.0013308018804055,0.022559487711616102,1.2,1.0
10000063,transient_nonpersistent,Transient non-persistence,64,tuned_level_slope,300.0,1.0013386651235754,0.022560423568111273,1.1916666666666667,1.0
10000064,transient_nonpersistent,Transient non-persistence,65,tuned_level,0.0,1.9249970746645322,0.145919563779031,,
10000064,transient_nonpersistent,Transient non-persistence,65,tuned_level,0.03,1.6343625364578154,0.1009706254344357,,
10000064,transient_nonpersistent,Transient non-persistence,65,tuned_level,0.1,1.222370712923828,0.04022321597485439,,
10000064,transient_nonpersistent,Transient non-persistence,65,tuned_level,0.3,1.0902325277477765,0.02703958716890735,,
10000064,transient_nonpersistent,Transient non-persistence,65,tuned_level,1.0,1.0839969368975546,0.0247969636504107,,
10000064,transient_nonpersistent,Transient non-persistence,65,tuned_level,3.0,1.0833616949913738,0.024890362933027686,,
10000064,transient_nonpersistent,Transient non-persistence,65,tuned_level,10.0,1.0836000475064518,0.025088949130832955,,
10000064,transient_nonpersistent,Transient non-persistence,65,tuned_level,30.0,1.0837450965222988,0.025147045616266628,,
10000064,transient_nonpersistent,Transient non-persistence,65,tuned_level,100.0,1.0838170082949399,0.025169185247411054,,
10000064,transient_nonpersistent,Transient non-persistence,65,tuned_level,300.0,1.0838326705108101,0.02517546457790585,,
10000064,transient_nonpersistent,Transient non-persistence,65,tuned_level_slope,0.1,1.1340589029822448,0.03186980368032104,5.158333333333333,1.0
10000064,transient_nonpersistent,Transient non-persistence,65,tuned_level_slope,0.3,1.0832779311905272,0.026265027575697552,2.5166666666666666,1.0
10000064,transient_nonpersistent,Transient non-persistence,65,tuned_level_slope,1.0,1.0839268499584767,0.024987442724087854,1.5333333333333334,1.0
10000064,transient_nonpersistent,Transient non-persistence,65,tuned_level_slope,3.0,1.0836389056565685,0.024976015123693424,1.2,1.0
10000064,transient_nonpersistent,Transient non-persistence,65,tuned_level_slope,10.0,1.0837748431117735,0.025110964834420314,1.1583333333333334,1.0
10000064,transient_nonpersistent,Transient non-persistence,65,tuned_level_slope,30.0,1.0838211568098435,0.02515478806376815,1.1333333333333333,1.0
10000064,transient_nonpersistent,Transient non-persistence,65,tuned_level_slope,100.0,1.0838398288852096,0.02517158518682624,1.1333333333333333,1.0
10000064,transient_nonpersistent,Transient non-persistence,65,tuned_level_slope,300.0,1.0838402773742337,0.02517627334761386,1.125,1.0
10000065,transient_nonpersistent,Transient non-persistence,66,tuned_level,0.0,1.7039870002344708,0.1076432359515516,,
10000065,transient_nonpersistent,Transient non-persistence,66,tuned_level,0.03,1.4846450735471575,0.08312765182336763,,
10000065,transient_nonpersistent,Transient non-persistence,66,tuned_level,0.1,1.1636660929896558,0.04092273741859967,,
10000065,transient_nonpersistent,Transient non-persistence,66,tuned_level,0.3,1.0409877865762998,0.03276550343266619,,
10000065,transient_nonpersistent,Transient non-persistence,66,tuned_level,1.0,1.0255091051038332,0.02801009515066734,,
10000065,transient_nonpersistent,Transient non-persistence,66,tuned_level,3.0,1.021512424855366,0.02692478912888668,,
10000065,transient_nonpersistent,Transient non-persistence,66,tuned_level,10.0,1.019196399174582,0.02667650012134858,,
10000065,transient_nonpersistent,Transient non-persistence,66,tuned_level,30.0,1.0187183678935041,0.02663834578678684,,
10000065,transient_nonpersistent,Transient non-persistence,66,tuned_level,100.0,1.0186609620993872,0.026634577192868825,,
10000065,transient_nonpersistent,Transient non-persistence,66,tuned_level,300.0,1.0186395167486997,0.02663423664574977,,
10000065,transient_nonpersistent,Transient non-persistence,66,tuned_level_slope,0.1,1.0585831682846498,0.03556859708774945,4.991666666666666,1.0
10000065,transient_nonpersistent,Transient non-persistence,66,tuned_level_slope,0.3,1.0221234752700545,0.030786528381933603,3.175,1.0
10000065,transient_nonpersistent,Transient non-persistence,66,tuned_level_slope,1.0,1.0207311887129455,0.027596712878250364,1.9583333333333333,1.0
10000065,transient_nonpersistent,Transient non-persistence,66,tuned_level_slope,3.0,1.0199547774007383,0.026828238980158726,1.5333333333333334,1.0
10000065,transient_nonpersistent,Transient non-persistence,66,tuned_level_slope,10.0,1.0189257027279466,0.026665942757293885,1.3416666666666666,1.0
10000065,transient_nonpersistent,Transient non-persistence,66,tuned_level_slope,30.0,1.0186970173286019,0.026638281326636606,1.2416666666666667,1.0
10000065,transient_nonpersistent,Transient non-persistence,66,tuned_level_slope,100.0,1.018656621043568,0.026634944315088484,1.2333333333333334,1.0
10000065,transient_nonpersistent,Transient non-persistence,66,tuned_level_slope,300.0,1.0186370505882476,0.02663433576186993,1.2083333333333333,1.0
10000066,transient_nonpersistent,Transient non-persistence,67,tuned_level,0.0,1.9597596297714184,0.1323071461164751,,
10000066,transient_nonpersistent,Transient non-persistence,67,tuned_level,0.03,1.6593344614454621,0.1069154120179327,,
10000066,transient_nonpersistent,Transient non-persistence,67,tuned_level,0.1,1.1444422735253081,0.04546971713277028,,
10000066,transient_nonpersistent,Transient non-persistence,67,tuned_level,0.3,1.019358628001419,0.03165261511851405,,
10000066,transient_nonpersistent,Transient non-persistence,67,tuned_level,1.0,0.9915028490859895,0.02791526036753918,,
10000066,transient_nonpersistent,Transient non-persistence,67,tuned_level,3.0,0.9834947421637131,0.027377211048107246,,
10000066,transient_nonpersistent,Transient non-persistence,67,tuned_level,10.0,0.9809527944261098,0.02734714349619735,,
10000066,transient_nonpersistent,Transient non-persistence,67,tuned_level,30.0,0.9805899130909546,0.027328034328215112,,
10000066,transient_nonpersistent,Transient non-persistence,67,tuned_level,100.0,0.9804978580533926,0.027318398816358343,,
10000066,transient_nonpersistent,Transient non-persistence,67,tuned_level,300.0,0.9804693440211286,0.027315827071658152,,
10000066,transient_nonpersistent,Transient non-persistence,67,tuned_level_slope,0.1,1.069821943719551,0.0388962462507687,5.066666666666666,1.0
10000066,transient_nonpersistent,Transient non-persistence,67,tuned_level_slope,0.3,1.0035286182342353,0.02976317663362731,2.925,1.0
10000066,transient_nonpersistent,Transient non-persistence,67,tuned_level_slope,1.0,0.9885560518473729,0.027749352243924864,1.8166666666666667,1.0
10000066,transient_nonpersistent,Transient non-persistence,67,tuned_level_slope,3.0,0.9823683258886807,0.027392928953444782,1.45,1.0
10000066,transient_nonpersistent,Transient non-persistence,67,tuned_level_slope,10.0,0.9807778178579968,0.02734441973414407,1.3333333333333333,1.0
10000066,transient_nonpersistent,Transient non-persistence,67,tuned_level_slope,30.0,0.9805551571854564,0.027325748350122005,1.2666666666666666,1.0
10000066,transient_nonpersistent,Transient non-persistence,67,tuned_level_slope,100.0,0.9804888006059035,0.027317854774917348,1.225,1.0
10000066,transient_nonpersistent,Transient non-persistence,67,tuned_level_slope,300.0,0.9804664277936416,0.027315660849607903,1.2166666666666666,1.0
10000067,transient_nonpersistent,Transient non-persistence,68,tuned_level,0.0,1.8741941418134616,0.12292778325585328,,
10000067,transient_nonpersistent,Transient non-persistence,68,tuned_level,0.03,1.6839405813319275,0.10349528281482322,,
10000067,transient_nonpersistent,Transient non-persistence,68,tuned_level,0.1,1.2228359479075455,0.03698084159772498,,
10000067,transient_nonpersistent,Transient non-persistence,68,tuned_level,0.3,1.0620121161791944,0.030423193259472583,,
10000067,transient_nonpersistent,Transient non-persistence,68,tuned_level,1.0,1.055014232404152,0.027978006751509306,,
10000067,transient_nonpersistent,Transient non-persistence,68,tuned_level,3.0,1.0532217585681567,0.02809384797779205,,
10000067,transient_nonpersistent,Transient non-persistence,68,tuned_level,10.0,1.0542685219300727,0.028545740614420716,,
10000067,transient_nonpersistent,Transient non-persistence,68,tuned_level,30.0,1.0547634529248704,0.02871518346945955,,
10000067,transient_nonpersistent,Transient non-persistence,68,tuned_level,100.0,1.0549605059396698,0.028778840538909112,,
10000067,transient_nonpersistent,Transient non-persistence,68,tuned_level,300.0,1.0550178526207667,0.02879749026138603,,
10000067,transient_nonpersistent,Transient non-persistence,68,tuned_level_slope,0.1,1.099437382017315,0.029506312920200718,5.266666666666667,1.0
10000067,transient_nonpersistent,Transient non-persistence,68,tuned_level_slope,0.3,1.048087255223706,0.028908626030958787,2.716666666666667,1.0
10000067,transient_nonpersistent,Transient non-persistence,68,tuned_level_slope,1.0,1.0529510329736917,0.027856940448801368,1.725,1.0
10000067,transient_nonpersistent,Transient non-persistence,68,tuned_level_slope,3.0,1.0534538206012765,0.028119603968634034,1.4333333333333333,1.0
10000067,transient_nonpersistent,Transient non-persistence,68,tuned_level_slope,10.0,1.0544470206292473,0.028566700864503216,1.3416666666666666,1.0
10000067,transient_nonpersistent,Transient non-persistence,68,tuned_level_slope,30.0,1.0548436991813155,0.028723766194319784,1.2916666666666667,1.0
10000067,transient_nonpersistent,Transient non-persistence,68,tuned_level_slope,100.0,1.0549909282165173,0.028781406890756554,1.225,1.0
10000067,transient_nonpersistent,Transient non-persistence,68,tuned_level_slope,300.0,1.0550279933797158,0.028798366602777892,1.2083333333333333,1.0
10000068,transient_nonpersistent,Transient non-persistence,69,tuned_level,0.0,1.7651219726919745,0.12907789550163298,,
10000068,transient_nonpersistent,Transient non-persistence,69,tuned_level,0.03,1.581983042215268,0.10610661591963129,,
10000068,transient_nonpersistent,Transient non-persistence,69,tuned_level,0.1,1.1465425031100203,0.04094228841582425,,
10000068,transient_nonpersistent,Transient non-persistence,69,tuned_level,0.3,1.003436725391678,0.03052045882347867,,
10000068,transient_nonpersistent,Transient non-persistence,69,tuned_level,1.0,0.9827199996459596,0.027438190097690246,,
10000068,transient_nonpersistent,Transient non-persistence,69,tuned_level,3.0,0.9774044909432644,0.02682316545901084,,
10000068,transient_nonpersistent,Transient non-persistence,69,tuned_level,10.0,0.977441032480364,0.026717074427701798,,
10000068,transient_nonpersistent,Transient non-persistence,69,tuned_level,30.0,0.9780854289043954,0.0267124498062208,,
10000068,transient_nonpersistent,Transient non-persistence,69,tuned_level,100.0,0.9783991316958184,0.026711332814974467,,
10000068,transient_nonpersistent,Transient non-persistence,69,tuned_level,300.0,0.9785016549133416,0.026710742195725015,,
10000068,transient_nonpersistent,Transient non-persistence,69,tuned_level_slope,0.1,1.0484206539437717,0.037040744760425966,5.658333333333333,1.0
10000068,transient_nonpersistent,Transient non-persistence,69,tuned_level_slope,0.3,0.9892109035050098,0.029926779700654608,3.1416666666666666,1.0
10000068,transient_nonpersistent,Transient non-persistence,69,tuned_level_slope,1.0,0.9806732987180311,0.027501054356265608,1.8166666666666667,1.0
10000068,transient_nonpersistent,Transient non-persistence,69,tuned_level_slope,3.0,0.9775370460755233,0.026907115755242215,1.275,1.0
10000068,transient_nonpersistent,Transient non-persistence,69,tuned_level_slope,10.0,0.9777673346467629,0.02675559046622721,1.2,1.0
10000068,transient_nonpersistent,Transient non-persistence,69,tuned_level_slope,30.0,0.9782282617039368,0.026723978276132515,1.1583333333333334,1.0
10000068,transient_nonpersistent,Transient non-persistence,69,tuned_level_slope,100.0,0.9784500222619541,0.026714501286065607,1.15,1.0
10000068,transient_nonpersistent,Transient non-persistence,69,tuned_level_slope,300.0,0.9785186184353869,0.02671181340049955,1.1416666666666666,1.0
10000069,transient_nonpersistent,Transient non-persistence,70,tuned_level,0.0,1.6970788373049834,0.12557581770251208,,
10000069,transient_nonpersistent,Transient non-persistence,70,tuned_level,0.03,1.5280164902751976,0.09846430842391297,,
10000069,transient_nonpersistent,Transient non-persistence,70,tuned_level,0.1,1.168897683266484,0.040449160047205265,,
10000069,transient_nonpersistent,Transient non-persistence,70,tuned_level,0.3,1.0393670112376394,0.02858659704605936,,
10000069,transient_nonpersistent,Transient non-persistence,70,tuned_level,1.0,1.0105722755595619,0.02364799518284704,,
10000069,transient_nonpersistent,Transient non-persistence,70,tuned_level,3.0,0.9978488573770321,0.022768938265062832,,
10000069,transient_nonpersistent,Transient non-persistence,70,tuned_level,10.0,0.9939008653359479,0.022706632878853564,,
10000069,transient_nonpersistent,Transient non-persistence,70,tuned_level,30.0,0.99299840137998,0.02269207818736827,,
10000069,transient_nonpersistent,Transient non-persistence,70,tuned_level,100.0,0.9926824506256582,0.022690463147013253,,
10000069,transient_nonpersistent,Transient non-persistence,70,tuned_level,300.0,0.992592213234494,0.022690274075950555,,
10000069,transient_nonpersistent,Transient non-persistence,70,tuned_level_slope,0.1,1.081004548810238,0.03353823994543802,5.566666666666666,1.0
10000069,transient_nonpersistent,Transient non-persistence,70,tuned_level_slope,0.3,1.021938000661886,0.025916342126787624,3.2333333333333334,1.0
10000069,transient_nonpersistent,Transient non-persistence,70,tuned_level_slope,1.0,1.0044745013549359,0.023012608994790063,1.8333333333333333,1.0
10000069,transient_nonpersistent,Transient non-persistence,70,tuned_level_slope,3.0,0.996416149772024,0.022700884952365705,1.375,1.0
10000069,transient_nonpersistent,Transient non-persistence,70,tuned_level_slope,10.0,0.9935719012626173,0.022692945449683328,1.2166666666666666,1.0
10000069,transient_nonpersistent,Transient non-persistence,70,tuned_level_slope,30.0,0.9928857965745923,0.02268956007655324,1.175,1.0
10000069,transient_nonpersistent,Transient non-persistence,70,tuned_level_slope,100.0,0.9926482500876749,0.022689873985497645,1.175,1.0
10000069,transient_nonpersistent,Transient non-persistence,70,tuned_level_slope,300.0,0.9925809229313644,0.022690096261035977,1.1666666666666667,1.0
10000070,transient_nonpersistent,Transient non-persistence,71,tuned_level,0.0,1.7474042370138778,0.12531193280583988,,
10000070,transient_nonpersistent,Transient non-persistence,71,tuned_level,0.03,1.5661343884215666,0.10526121687363345,,
10000070,transient_nonpersistent,Transient non-persistence,71,tuned_level,0.1,1.1383012305889637,0.03953196623877145,,
10000070,transient_nonpersistent,Transient non-persistence,71,tuned_level,0.3,1.0241137133110998,0.027385494130221944,,
10000070,transient_nonpersistent,Transient non-persistence,71,tuned_level,1.0,1.0085566893648423,0.025201661494670013,,
10000070,transient_nonpersistent,Transient non-persistence,71,tuned_level,3.0,1.0050287568314482,0.024758869731711482,,
10000070,transient_nonpersistent,Transient non-persistence,71,tuned_level,10.0,1.0053557843017236,0.024867104728361334,,
10000070,transient_nonpersistent,Transient non-persistence,71,tuned_level,30.0,1.0053211243628968,0.02494087375067731,,
10000070,transient_nonpersistent,Transient non-persistence,71,tuned_level,100.0,1.0053089933843076,0.02497018663388211,,
10000070,transient_nonpersistent,Transient non-persistence,71,tuned_level,300.0,1.005305527390425,0.024978892925738117,,
10000070,transient_nonpersistent,Transient non-persistence,71,tuned_level_slope,0.1,1.0688905936591928,0.03385548822738613,5.25,1.0
10000070,transient_nonpersistent,Transient non-persistence,71,tuned_level_slope,0.3,1.004978811820577,0.026419354175214398,2.908333333333333,1.0
10000070,transient_nonpersistent,Transient non-persistence,71,tuned_level_slope,1.0,1.0043327088412333,0.025093250110813523,1.7666666666666666,1.0
10000070,transient_nonpersistent,Transient non-persistence,71,tuned_level_slope,3.0,1.0046250131780898,0.024888551628332162,1.375,1.0
10000070,transient_nonpersistent,Transient non-persistence,71,tuned_level_slope,10.0,1.0053259426941956,0.024920152228906475,1.2583333333333333,1.0
10000070,transient_nonpersistent,Transient non-persistence,71,tuned_level_slope,30.0,1.0053190378856962,0.02495953189493997,1.175,1.0
10000070,transient_nonpersistent,Transient non-persistence,71,tuned_level_slope,100.0,1.0053083674411476,0.024975940656828677,1.1666666666666667,1.0
10000070,transient_nonpersistent,Transient non-persistence,71,tuned_level_slope,300.0,1.0053053187427048,0.024980825807757148,1.1666666666666667,1.0
10000071,transient_nonpersistent,Transient non-persistence,72,tuned_level,0.0,1.755663069511878,0.13974048254144608,,
10000071,transient_nonpersistent,Transient non-persistence,72,tuned_level,0.03,1.5850114837408102,0.1266426243724122,,
10000071,transient_nonpersistent,Transient non-persistence,72,tuned_level,0.1,1.1319226893823624,0.0385007884194592,,
10000071,transient_nonpersistent,Transient non-persistence,72,tuned_level,0.3,0.9960382565442143,0.02684074648637504,,
10000071,transient_nonpersistent,Transient non-persistence,72,tuned_level,1.0,0.9716773757322786,0.02372387703561906,,
10000071,transient_nonpersistent,Transient non-persistence,72,tuned_level,3.0,0.9627408730140131,0.022859287727756406,,
10000071,transient_nonpersistent,Transient non-persistence,72,tuned_level,10.0,0.9589414610343412,0.02282342753756019,,
10000071,transient_nonpersistent,Transient non-persistence,72,tuned_level,30.0,0.958268555964564,0.022846050422921798,,
10000071,transient_nonpersistent,Transient non-persistence,72,tuned_level,100.0,0.958204243259522,0.02284455614536561,,
10000071,transient_nonpersistent,Transient non-persistence,72,tuned_level,300.0,0.9581858682009388,0.022844621040587564,,
10000071,transient_nonpersistent,Transient non-persistence,72,tuned_level_slope,0.1,1.0373050268910669,0.03083296318814807,5.925,1.0
10000071,transient_nonpersistent,Transient non-persistence,72,tuned_level_slope,0.3,0.9731662557053534,0.02474391967123963,3.45,1.0
10000071,transient_nonpersistent,Transient non-persistence,72,tuned_level_slope,1.0,0.9647269601539257,0.02318769012711228,2.1166666666666667,1.0
10000071,transient_nonpersistent,Transient non-persistence,72,tuned_level_slope,3.0,0.9607541927362889,0.022834645483420454,1.5166666666666666,1.0
10000071,transient_nonpersistent,Transient non-persistence,72,tuned_level_slope,10.0,0.9583878471559335,0.02283839150855991,1.375,1.0
10000071,transient_nonpersistent,Transient non-persistence,72,tuned_level_slope,30.0,0.9582300461354586,0.022839668739357194,1.3083333333333333,1.0
10000071,transient_nonpersistent,Transient non-persistence,72,tuned_level_slope,100.0,0.9581926903107906,0.02284284273910374,1.25,1.0
10000071,transient_nonpersistent,Transient non-persistence,72,tuned_level_slope,300.0,0.9581820172180283,0.022844069066330682,1.2333333333333334,1.0
10000072,transient_nonpersistent,Transient non-persistence,73,tuned_level,0.0,1.5850801497191702,0.0972243090096028,,
10000072,transient_nonpersistent,Transient non-persistence,73,tuned_level,0.03,1.4433658874923372,0.08539269931704192,,
10000072,transient_nonpersistent,Transient non-persistence,73,tuned_level,0.1,1.1705282033670277,0.04462870000849154,,
10000072,transient_nonpersistent,Transient non-persistence,73,tuned_level,0.3,1.0579977252038861,0.034340499345606276,,
10000072,transient_nonpersistent,Transient non-persistence,73,tuned_level,1.0,1.0329479765731497,0.030026912799998907,,
10000072,transient_nonpersistent,Transient non-persistence,73,tuned_level,3.0,1.0234024508899664,0.028966854930923068,,
10000072,transient_nonpersistent,Transient non-persistence,73,tuned_level,10.0,1.0217532414519972,0.02883624892204417,,
10000072,transient_nonpersistent,Transient non-persistence,73,tuned_level,30.0,1.0215166112037941,0.028814483944917466,,
10000072,transient_nonpersistent,Transient non-persistence,73,tuned_level,100.0,1.0213896843619905,0.028808930367739162,,
10000072,transient_nonpersistent,Transient non-persistence,73,tuned_level,300.0,1.021362190975747,0.028809358456519593,,
10000072,transient_nonpersistent,Transient non-persistence,73,tuned_level_slope,0.1,1.091521329696303,0.039002410296550126,5.008333333333334,1.0
10000072,transient_nonpersistent,Transient non-persistence,73,tuned_level_slope,0.3,1.0421609714299214,0.0323869956281513,3.1166666666666667,1.0
10000072,transient_nonpersistent,Transient non-persistence,73,tuned_level_slope,1.0,1.0283353125602708,0.02952892286598082,1.7583333333333333,1.0
10000072,transient_nonpersistent,Transient non-persistence,73,tuned_level_slope,3.0,1.0217522079323875,0.028882568357367862,1.4833333333333334,1.0
10000072,transient_nonpersistent,Transient non-persistence,73,tuned_level_slope,10.0,1.0214422437208517,0.028805937917856194,1.3083333333333333,1.0
10000072,transient_nonpersistent,Transient non-persistence,73,tuned_level_slope,30.0,1.0213867234864606,0.028804233884889605,1.2333333333333334,1.0
10000072,transient_nonpersistent,Transient non-persistence,73,tuned_level_slope,100.0,1.0213507421594448,0.028805956027837542,1.2333333333333334,1.0
10000072,transient_nonpersistent,Transient non-persistence,73,tuned_level_slope,300.0,1.021349353109042,0.02880836082999767,1.225,1.0
10000073,transient_nonpersistent,Transient non-persistence,74,tuned_level,0.0,1.8178921549796234,0.1764443100393365,,
10000073,transient_nonpersistent,Transient non-persistence,74,tuned_level,0.03,1.540923442771002,0.0906158466804979,,
10000073,transient_nonpersistent,Transient non-persistence,74,tuned_level,0.1,1.1777737173966965,0.04152418613921557,,
10000073,transient_nonpersistent,Transient non-persistence,74,tuned_level,0.3,1.0479133027019436,0.028030473518367967,,
10000073,transient_nonpersistent,Transient non-persistence,74,tuned_level,1.0,1.0247028354704273,0.024325643039999643,,
10000073,transient_nonpersistent,Transient non-persistence,74,tuned_level,3.0,1.0179976998295353,0.023910488502201933,,
10000073,transient_nonpersistent,Transient non-persistence,74,tuned_level,10.0,1.015314577680447,0.02392290346602949,,
10000073,transient_nonpersistent,Transient non-persistence,74,tuned_level,30.0,1.0144180401372973,0.023963025772654478,,
10000073,transient_nonpersistent,Transient non-persistence,74,tuned_level,100.0,1.014063035766668,0.02398114501108034,,
10000073,transient_nonpersistent,Transient non-persistence,74,tuned_level,300.0,1.0139631296273992,0.023986525004912666,,
10000073,transient_nonpersistent,Transient non-persistence,74,tuned_level_slope,0.1,1.0939939487775154,0.03250030052152652,5.591666666666667,1.0
10000073,transient_nonpersistent,Transient non-persistence,74,tuned_level_slope,0.3,1.0343751764516143,0.02568132001704111,2.841666666666667,1.0
10000073,transient_nonpersistent,Transient non-persistence,74,tuned_level_slope,1.0,1.0206277446315652,0.02395968850460703,1.7833333333333334,1.0
10000073,transient_nonpersistent,Transient non-persistence,74,tuned_level_slope,3.0,1.0164974566482168,0.023866143755396904,1.4916666666666667,1.0
10000073,transient_nonpersistent,Transient non-persistence,74,tuned_level_slope,10.0,1.0148729135582835,0.0239274799045716,1.2916666666666667,1.0
10000073,transient_nonpersistent,Transient non-persistence,74,tuned_level_slope,30.0,1.0142666935287918,0.0239663044456826,1.225,1.0
10000073,transient_nonpersistent,Transient non-persistence,74,tuned_level_slope,100.0,1.0140178640684523,0.02398227595623005,1.1833333333333333,1.0
10000073,transient_nonpersistent,Transient non-persistence,74,tuned_level_slope,300.0,1.0139479993560887,0.023986932213058768,1.1916666666666667,1.0
10000074,transient_nonpersistent,Transient non-persistence,75,tuned_level,0.0,1.974545399526789,0.16793601816062714,,
10000074,transient_nonpersistent,Transient non-persistence,75,tuned_level,0.03,1.7426210710125476,0.14056274691486018,,
10000074,transient_nonpersistent,Transient non-persistence,75,tuned_level,0.1,1.1571112091575904,0.042919238380808716,,
10000074,transient_nonpersistent,Transient non-persistence,75,tuned_level,0.3,1.021665276534359,0.02776970174384854,,
10000074,transient_nonpersistent,Transient non-persistence,75,tuned_level,1.0,0.9952168497279001,0.024046933979367937,,
10000074,transient_nonpersistent,Transient non-persistence,75,tuned_level,3.0,0.9905325627561035,0.023754466447087473,,
10000074,transient_nonpersistent,Transient non-persistence,75,tuned_level,10.0,0.9893415717471087,0.02392903761428576,,
10000074,transient_nonpersistent,Transient non-persistence,75,tuned_level,30.0,0.9890029345488867,0.024002927708176726,,
10000074,transient_nonpersistent,Transient non-persistence,75,tuned_level,100.0,0.9888910996669475,0.024031311384997242,,
10000074,transient_nonpersistent,Transient non-persistence,75,tuned_level,300.0,0.9888754072517635,0.0240388347485479,,
10000074,transient_nonpersistent,Transient non-persistence,75,tuned_level_slope,0.1,1.0705670526811604,0.032146438724206826,4.258333333333334,1.0
10000074,transient_nonpersistent,Transient non-persistence,75,tuned_level_slope,0.3,1.0027371111089318,0.025042110592459043,2.566666666666667,1.0
10000074,transient_nonpersistent,Transient non-persistence,75,tuned_level_slope,1.0,0.9929786953222733,0.023925359446627506,1.7,1.0
10000074,transient_nonpersistent,Transient non-persistence,75,tuned_level_slope,3.0,0.9902739426617111,0.02387360185418234,1.3416666666666666,1.0
10000074,transient_nonpersistent,Transient non-persistence,75,tuned_level_slope,10.0,0.9893371920861288,0.023976456144624937,1.2916666666666667,1.0
10000074,transient_nonpersistent,Transient non-persistence,75,tuned_level_slope,30.0,0.9890111377171574,0.024019831806757996,1.2166666666666666,1.0
10000074,transient_nonpersistent,Transient non-persistence,75,tuned_level_slope,100.0,0.9888935606174288,0.02403657014297485,1.2083333333333333,1.0
10000074,transient_nonpersistent,Transient non-persistence,75,tuned_level_slope,300.0,0.9888767080993445,0.024040575435083044,1.2083333333333333,1.0
10000075,transient_nonpersistent,Transient non-persistence,76,tuned_level,0.0,1.7719610743582026,0.12468186856705593,,
10000075,transient_nonpersistent,Transient non-persistence,76,tuned_level,0.03,1.5170762994105251,0.08555213317630639,,
10000075,transient_nonpersistent,Transient non-persistence,76,tuned_level,0.1,1.0890783442132455,0.036340951739561235,,
10000075,transient_nonpersistent,Transient non-persistence,76,tuned_level,0.3,1.0390847279137485,0.0255748008383924,,
10000075,transient_nonpersistent,Transient non-persistence,76,tuned_level,1.0,1.0383838607274296,0.023101967231096445,,
10000075,transient_nonpersistent,Transient non-persistence,76,tuned_level,3.0,1.0377784274957311,0.022892443273138142,,
10000075,transient_nonpersistent,Transient non-persistence,76,tuned_level,10.0,1.0361452106163005,0.022944895581692198,,
10000075,transient_nonpersistent,Transient non-persistence,76,tuned_level,30.0,1.0355450968411868,0.02297831405165699,,
10000075,transient_nonpersistent,Transient non-persistence,76,tuned_level,100.0,1.0353173454054339,0.022993954197376657,,
10000075,transient_nonpersistent,Transient non-persistence,76,tuned_level,300.0,1.0352492143698029,0.022998824843855962,,
10000075,transient_nonpersistent,Transient non-persistence,76,tuned_level_slope,0.1,1.0550725561454701,0.031132622384684425,4.725,1.0
10000075,transient_nonpersistent,Transient non-persistence,76,tuned_level_slope,0.3,1.0365996372949229,0.02471383745167277,2.7666666666666666,1.0
10000075,transient_nonpersistent,Transient non-persistence,76,tuned_level_slope,1.0,1.0365661707585423,0.023131011249606277,1.7166666666666666,1.0
10000075,transient_nonpersistent,Transient non-persistence,76,tuned_level_slope,3.0,1.0370336400950257,0.022933617407412517,1.3166666666666667,1.0
10000075,transient_nonpersistent,Transient non-persistence,76,tuned_level_slope,10.0,1.0358581973463874,0.022968403805334187,1.2083333333333333,1.0
10000075,transient_nonpersistent,Transient non-persistence,76,tuned_level_slope,30.0,1.0354465095554544,0.022987593852563788,1.1833333333333333,1.0
10000075,transient_nonpersistent,Transient non-persistence,76,tuned_level_slope,100.0,1.0352880463363408,0.02299684479710437,1.1833333333333333,1.0
10000075,transient_nonpersistent,Transient non-persistence,76,tuned_level_slope,300.0,1.0352394480134384,0.0229998027770126,1.1583333333333334,1.0
10000076,transient_nonpersistent,Transient non-persistence,77,tuned_level,0.0,1.773050932049787,0.15199989186000115,,
10000076,transient_nonpersistent,Transient non-persistence,77,tuned_level,0.03,1.510702475340758,0.10051778281540759,,
10000076,transient_nonpersistent,Transient non-persistence,77,tuned_level,0.1,1.1636580775043603,0.038686651224294884,,
10000076,transient_nonpersistent,Transient non-persistence,77,tuned_level,0.3,1.0431995615845038,0.026740361426804367,,
10000076,transient_nonpersistent,Transient non-persistence,77,tuned_level,1.0,1.0280341850300605,0.022775625564715556,,
10000076,transient_nonpersistent,Transient non-persistence,77,tuned_level,3.0,1.0224461897624337,0.021694736204679106,,
10000076,transient_nonpersistent,Transient non-persistence,77,tuned_level,10.0,1.0195232609923246,0.021539826006258162,,
10000076,transient_nonpersistent,Transient non-persistence,77,tuned_level,30.0,1.0187483048532655,0.02151870465310708,,
10000076,transient_nonpersistent,Transient non-persistence,77,tuned_level,100.0,1.018487911803742,0.021510460093940476,,
10000076,transient_nonpersistent,Transient non-persistence,77,tuned_level,300.0,1.018423067042022,0.02150859539940407,,
10000076,transient_nonpersistent,Transient non-persistence,77,tuned_level_slope,0.1,1.0811703449868963,0.03164371566156256,4.933333333333334,1.0
10000076,transient_nonpersistent,Transient non-persistence,77,tuned_level_slope,0.3,1.0302905682792813,0.024732203064159717,2.6083333333333334,1.0
10000076,transient_nonpersistent,Transient non-persistence,77,tuned_level_slope,1.0,1.0241599699278419,0.02224967956593412,1.7916666666666667,1.0
10000076,transient_nonpersistent,Transient non-persistence,77,tuned_level_slope,3.0,1.0212186805183567,0.021598629535593685,1.3833333333333333,1.0
10000076,transient_nonpersistent,Transient non-persistence,77,tuned_level_slope,10.0,1.0191846569675023,0.02152769535840313,1.275,1.0
10000076,transient_nonpersistent,Transient non-persistence,77,tuned_level_slope,30.0,1.0186423319370852,0.02151528360400433,1.2333333333333334,1.0
10000076,transient_nonpersistent,Transient non-persistence,77,tuned_level_slope,100.0,1.0184600832145894,0.021509662793026758,1.2083333333333333,1.0
10000076,transient_nonpersistent,Transient non-persistence,77,tuned_level_slope,300.0,1.0184137908456379,0.02150834471470157,1.2083333333333333,1.0
10000077,transient_nonpersistent,Transient non-persistence,78,tuned_level,0.0,1.69398345576942,0.15432031287254577,,
10000077,transient_nonpersistent,Transient non-persistence,78,tuned_level,0.03,1.4971595370769986,0.11676866753315047,,
10000077,transient_nonpersistent,Transient non-persistence,78,tuned_level,0.1,1.1477208515374404,0.04774952133885023,,
10000077,transient_nonpersistent,Transient non-persistence,78,tuned_level,0.3,1.0552231045221208,0.02950972184107294,,
10000077,transient_nonpersistent,Transient non-persistence,78,tuned_level,1.0,1.042365161584719,0.02624077140309341,,
10000077,transient_nonpersistent,Transient non-persistence,78,tuned_level,3.0,1.0340244378364702,0.02555717989360143,,
10000077,transient_nonpersistent,Transient non-persistence,78,tuned_level,10.0,1.0306943720293629,0.02554213061153263,,
10000077,transient_nonpersistent,Transient non-persistence,78,tuned_level,30.0,1.029869687036299,0.025571795215971613,,
10000077,transient_nonpersistent,Transient non-persistence,78,tuned_level,100.0,1.0295966897283888,0.025584214659689877,,
10000077,transient_nonpersistent,Transient non-persistence,78,tuned_level,300.0,1.0295143153702404,0.025588249411065092,,
10000077,transient_nonpersistent,Transient non-persistence,78,tuned_level_slope,0.1,1.0854249884140523,0.0361257212678329,6.066666666666666,1.0
10000077,transient_nonpersistent,Transient non-persistence,78,tuned_level_slope,0.3,1.0425200649967152,0.02649983551845747,3.1083333333333334,1.0
10000077,transient_nonpersistent,Transient non-persistence,78,tuned_level_slope,1.0,1.036709504811286,0.02557830116154518,1.825,1.0
10000077,transient_nonpersistent,Transient non-persistence,78,tuned_level_slope,3.0,1.0323485429120898,0.02543853225098703,1.425,1.0
10000077,transient_nonpersistent,Transient non-persistence,78,tuned_level_slope,10.0,1.030213822636179,0.02552220534936999,1.2833333333333334,1.0
10000077,transient_nonpersistent,Transient non-persistence,78,tuned_level_slope,30.0,1.0297240349653005,0.025565515915446323,1.2166666666666666,1.0
10000077,transient_nonpersistent,Transient non-persistence,78,tuned_level_slope,100.0,1.0295530878727783,0.025582586256281882,1.2,1.0
10000077,transient_nonpersistent,Transient non-persistence,78,tuned_level_slope,300.0,1.0295002519402767,0.025587728204158333,1.1916666666666667,1.0
10000078,transient_nonpersistent,Transient non-persistence,79,tuned_level,0.0,1.5715635335738691,0.1219954251858946,,
10000078,transient_nonpersistent,Transient non-persistence,79,tuned_level,0.03,1.4219440902508027,0.09330989558947497,,
10000078,transient_nonpersistent,Transient non-persistence,79,tuned_level,0.1,1.089344219632853,0.0380204706180526,,
10000078,transient_nonpersistent,Transient non-persistence,79,tuned_level,0.3,1.0078552965447063,0.02667576665808611,,
10000078,transient_nonpersistent,Transient non-persistence,79,tuned_level,1.0,1.001486372051844,0.024281298088073357,,
10000078,transient_nonpersistent,Transient non-persistence,79,tuned_level,3.0,1.0015904082463285,0.024211677361323854,,
10000078,transient_nonpersistent,Transient non-persistence,79,tuned_level,10.0,1.0023242315775271,0.02442909043846491,,
10000078,transient_nonpersistent,Transient non-persistence,79,tuned_level,30.0,1.0025277083697393,0.02453347468500155,,
10000078,transient_nonpersistent,Transient non-persistence,79,tuned_level,100.0,1.0026137810265696,0.02457128186389338,,
10000078,transient_nonpersistent,Transient non-persistence,79,tuned_level,300.0,1.002645245441784,0.024584896529221103,,
10000078,transient_nonpersistent,Transient non-persistence,79,tuned_level_slope,0.1,1.0367818557025021,0.03290351651897107,4.55,1.0
10000078,transient_nonpersistent,Transient non-persistence,79,tuned_level_slope,0.3,0.9992619286714378,0.025616926606798464,2.5416666666666665,1.0
10000078,transient_nonpersistent,Transient non-persistence,79,tuned_level_slope,1.0,1.0014291840407377,0.02414369431475231,1.625,1.0
10000078,transient_nonpersistent,Transient non-persistence,79,tuned_level_slope,3.0,1.0021233751857337,0.024268404168526592,1.3916666666666666,1.0
10000078,transient_nonpersistent,Transient non-persistence,79,tuned_level_slope,10.0,1.0025016330261247,0.02446749412878798,1.3,1.0
10000078,transient_nonpersistent,Transient non-persistence,79,tuned_level_slope,30.0,1.0025994140651706,0.02454690743953598,1.2416666666666667,1.0
10000078,transient_nonpersistent,Transient non-persistence,79,tuned_level_slope,100.0,1.002635444881636,0.02457578361722171,1.2,1.0
10000078,transient_nonpersistent,Transient non-persistence,79,tuned_level_slope,300.0,1.0026524667268062,0.024586411170394878,1.1833333333333333,1.0
10000079,transient_nonpersistent,Transient non-persistence,80,tuned_level,0.0,1.5755137092739422,0.10236568107323203,,
10000079,transient_nonpersistent,Transient non-persistence,80,tuned_level,0.03,1.4022009974969698,0.07861058996801924,,
10000079,transient_nonpersistent,Transient non-persistence,80,tuned_level,0.1,1.105847251890593,0.03552564801638405,,
10000079,transient_nonpersistent,Transient non-persistence,80,tuned_level,0.3,1.032916175905353,0.025167926717626143,,
10000079,transient_nonpersistent,Transient non-persistence,80,tuned_level,1.0,1.0182014418282772,0.02088707069610554,,
10000079,transient_nonpersistent,Transient non-persistence,80,tuned_level,3.0,1.007836163313201,0.02014640476908454,,
10000079,transient_nonpersistent,Transient non-persistence,80,tuned_level,10.0,1.0030291260312076,0.020123657083358205,,
10000079,transient_nonpersistent,Transient non-persistence,80,tuned_level,30.0,1.0015169726168316,0.020143250449684888,,
10000079,transient_nonpersistent,Transient non-persistence,80,tuned_level,100.0,1.0009349217136063,0.020159238089597648,,
10000079,transient_nonpersistent,Transient non-persistence,80,tuned_level,300.0,1.000769925775902,0.0201647676431609,,
10000079,transient_nonpersistent,Transient non-persistence,80,tuned_level_slope,0.1,1.0603732449488,0.029940612627295114,6.341666666666667,1.0
10000079,transient_nonpersistent,Transient non-persistence,80,tuned_level_slope,0.3,1.0247847179242244,0.023724169462103636,3.4166666666666665,1.0
10000079,transient_nonpersistent,Transient non-persistence,80,tuned_level_slope,1.0,1.0130234484712595,0.020822626696362635,2.183333333333333,1.0
10000079,transient_nonpersistent,Transient non-persistence,80,tuned_level_slope,3.0,1.0063596559278243,0.020188890752452095,1.4666666666666666,1.0
10000079,transient_nonpersistent,Transient non-persistence,80,tuned_level_slope,10.0,1.00259975794648,0.020141379033668503,1.3666666666666667,1.0
10000079,transient_nonpersistent,Transient non-persistence,80,tuned_level_slope,30.0,1.0013713864629927,0.020151573368206457,1.3333333333333333,1.0
10000079,transient_nonpersistent,Transient non-persistence,80,tuned_level_slope,100.0,1.000895697001055,0.020162204641657164,1.2666666666666666,1.0
10000079,transient_nonpersistent,Transient non-persistence,80,tuned_level_slope,300.0,1.0007568508717182,0.020165774506404967,1.25,1.0
10000080,transient_nonpersistent,Transient non-persistence,81,tuned_level,0.0,1.914601375935302,0.17761686726828432,,
10000080,transient_nonpersistent,Transient non-persistence,81,tuned_level,0.03,1.6559051753333667,0.11146540538308795,,
10000080,transient_nonpersistent,Transient non-persistence,81,tuned_level,0.1,1.1485009040704044,0.039009163148632876,,
10000080,transient_nonpersistent,Transient non-persistence,81,tuned_level,0.3,1.0148328152885462,0.02989324876482681,,
10000080,transient_nonpersistent,Transient non-persistence,81,tuned_level,1.0,0.984503807615118,0.02824174696632874,,
10000080,transient_nonpersistent,Transient non-persistence,81,tuned_level,3.0,0.971269684909606,0.027614247077188656,,
10000080,transient_nonpersistent,Transient non-persistence,81,tuned_level,10.0,0.9670716478356203,0.02751032654935428,,
10000080,transient_nonpersistent,Transient non-persistence,81,tuned_level,30.0,0.9660441103311849,0.027489157776242133,,
10000080,transient_nonpersistent,Transient non-persistence,81,tuned_level,100.0,0.9656724569551257,0.02749021976767913,,
10000080,transient_nonpersistent,Transient non-persistence,81,tuned_level,300.0,0.9655838784233882,0.027490394969522828,,
10000080,transient_nonpersistent,Transient non-persistence,81,tuned_level_slope,0.1,1.0502366680881605,0.031935196438923154,5.916666666666667,1.0
10000080,transient_nonpersistent,Transient non-persistence,81,tuned_level_slope,0.3,0.9937933193730086,0.028335042600631813,3.2916666666666665,1.0
10000080,transient_nonpersistent,Transient non-persistence,81,tuned_level_slope,1.0,0.9779442557001088,0.027810125437927435,2.2333333333333334,1.0
10000080,transient_nonpersistent,Transient non-persistence,81,tuned_level_slope,3.0,0.9695608535197313,0.02751118030915603,1.5666666666666667,1.0
10000080,transient_nonpersistent,Transient non-persistence,81,tuned_level_slope,10.0,0.9666744677643347,0.027487223328795645,1.3833333333333333,1.0
10000080,transient_nonpersistent,Transient non-persistence,81,tuned_level_slope,30.0,0.9659222312247231,0.02748571609354212,1.3416666666666666,1.0
10000080,transient_nonpersistent,Transient non-persistence,81,tuned_level_slope,100.0,0.9656398950468417,0.027489495147530758,1.2916666666666667,1.0
10000080,transient_nonpersistent,Transient non-persistence,81,tuned_level_slope,300.0,0.9655740089131772,0.027490133093535218,1.2833333333333334,1.0
10000081,transient_nonpersistent,Transient non-persistence,82,tuned_level,0.0,1.8292160079165414,0.14656048489722473,,
10000081,transient_nonpersistent,Transient non-persistence,82,tuned_level,0.03,1.6455883174720838,0.12814376115249354,,
10000081,transient_nonpersistent,Transient non-persistence,82,tuned_level,0.1,1.2429321753732785,0.04603151804365375,,
10000081,transient_nonpersistent,Transient non-persistence,82,tuned_level,0.3,1.0941575481917356,0.028810671222293076,,
10000081,transient_nonpersistent,Transient non-persistence,82,tuned_level,1.0,1.0621533508520955,0.025933202692913833,,
10000081,transient_nonpersistent,Transient non-persistence,82,tuned_level,3.0,1.0497863877294464,0.025431051487224687,,
10000081,transient_nonpersistent,Transient non-persistence,82,tuned_level,10.0,1.0450551195870401,0.025295116651265735,,
10000081,transient_nonpersistent,Transient non-persistence,82,tuned_level,30.0,1.043525063469365,0.025243829514772553,,
10000081,transient_nonpersistent,Transient non-persistence,82,tuned_level,100.0,1.0429802239146295,0.025226537546656807,,
10000081,transient_nonpersistent,Transient non-persistence,82,tuned_level,300.0,1.042820587216451,0.025221746071584974,,
10000081,transient_nonpersistent,Transient non-persistence,82,tuned_level_slope,0.1,1.145214549911661,0.03578969558583538,5.608333333333333,1.0
10000081,transient_nonpersistent,Transient non-persistence,82,tuned_level_slope,0.3,1.0761846589928772,0.02749092135776776,3.1666666666666665,1.0
10000081,transient_nonpersistent,Transient non-persistence,82,tuned_level_slope,1.0,1.0560109041650239,0.02573747221706717,1.8,1.0
10000081,transient_nonpersistent,Transient non-persistence,82,tuned_level_slope,3.0,1.0480300874613238,0.02542126232296948,1.475,1.0
10000081,transient_nonpersistent,Transient non-persistence,82,tuned_level_slope,10.0,1.0445647694910951,0.02529375555392038,1.35,1.0
10000081,transient_nonpersistent,Transient non-persistence,82,tuned_level_slope,30.0,1.0433579678388607,0.02524416068306482,1.2333333333333334,1.0
10000081,transient_nonpersistent,Transient non-persistence,82,tuned_level_slope,100.0,1.0429293690636192,0.025226758127830005,1.225,1.0
10000081,transient_nonpersistent,Transient non-persistence,82,tuned_level_slope,300.0,1.0428036355994477,0.025221834511006506,1.2083333333333333,1.0
10000082,transient_nonpersistent,Transient non-persistence,83,tuned_level,0.0,1.749779084190267,0.15051912807376458,,
10000082,transient_nonpersistent,Transient non-persistence,83,tuned_level,0.03,1.4516996517197134,0.09865509689770888,,
10000082,transient_nonpersistent,Transient non-persistence,83,tuned_level,0.1,1.1035439513184064,0.040361210335820824,,
10000082,transient_nonpersistent,Transient non-persistence,83,tuned_level,0.3,1.0401920859487193,0.028277831727343026,,
10000082,transient_nonpersistent,Transient non-persistence,83,tuned_level,1.0,1.0313114352663173,0.025193529237798006,,
10000082,transient_nonpersistent,Transient non-persistence,83,tuned_level,3.0,1.0282331897844466,0.02485062089936853,,
10000082,transient_nonpersistent,Transient non-persistence,83,tuned_level,10.0,1.0263700390575765,0.024996917701881057,,
10000082,transient_nonpersistent,Transient non-persistence,83,tuned_level,30.0,1.0258983414212073,0.02506497062195776,,
10000082,transient_nonpersistent,Transient non-persistence,83,tuned_level,100.0,1.025747398021537,0.02509397768588293,,
10000082,transient_nonpersistent,Transient non-persistence,83,tuned_level,300.0,1.0257023801921443,0.025102589686805652,,
10000082,transient_nonpersistent,Transient non-persistence,83,tuned_level_slope,0.1,1.0515377306584928,0.03291565262220608,5.858333333333333,1.0
10000082,transient_nonpersistent,Transient non-persistence,83,tuned_level_slope,0.3,1.029067824760318,0.02614216155988841,3.158333333333333,1.0
10000082,transient_nonpersistent,Transient non-persistence,83,tuned_level_slope,1.0,1.0292438716733272,0.025197736750866766,1.8,1.0
10000082,transient_nonpersistent,Transient non-persistence,83,tuned_level_slope,3.0,1.0272686489777723,0.02492962646826763,1.425,1.0
10000082,transient_nonpersistent,Transient non-persistence,83,tuned_level_slope,10.0,1.026206769847947,0.025037170885696264,1.2666666666666666,1.0
10000082,transient_nonpersistent,Transient non-persistence,83,tuned_level_slope,30.0,1.0258640938304613,0.025080378288865487,1.2583333333333333,1.0
10000082,transient_nonpersistent,Transient non-persistence,83,tuned_level_slope,100.0,1.0257362403480446,0.02509836882910668,1.225,1.0
10000082,transient_nonpersistent,Transient non-persistence,83,tuned_level_slope,300.0,1.0256986609676466,0.02510406797145854,1.2,1.0
10000083,transient_nonpersistent,Transient non-persistence,84,tuned_level,0.0,1.7307336852272324,0.129237576520266,,
10000083,transient_nonpersistent,Transient non-persistence,84,tuned_level,0.03,1.5988349472494705,0.10744091223414187,,
10000083,transient_nonpersistent,Transient non-persistence,84,tuned_level,0.1,1.1800116467437163,0.045730271565892384,,
10000083,transient_nonpersistent,Transient non-persistence,84,tuned_level,0.3,1.083689437086634,0.03243835121194329,,
10000083,transient_nonpersistent,Transient non-persistence,84,tuned_level,1.0,1.054890486047425,0.02764069599532302,,
10000083,transient_nonpersistent,Transient non-persistence,84,tuned_level,3.0,1.0405419755492,0.02715304098132198,,
10000083,transient_nonpersistent,Transient non-persistence,84,tuned_level,10.0,1.0353950051706713,0.027388219986067674,,
10000083,transient_nonpersistent,Transient non-persistence,84,tuned_level,30.0,1.034015040268913,0.027543136990866038,,
10000083,transient_nonpersistent,Transient non-persistence,84,tuned_level,100.0,1.0335442842559297,0.027604495544084447,,
10000083,transient_nonpersistent,Transient non-persistence,84,tuned_level,300.0,1.0334209244136114,0.027621388677864192,,
10000083,transient_nonpersistent,Transient non-persistence,84,tuned_level_slope,0.1,1.1174519453306977,0.039235806719666595,6.65,1.0
10000083,transient_nonpersistent,Transient non-persistence,84,tuned_level_slope,0.3,1.06743388341592,0.03013687371889322,3.4,1.0
10000083,transient_nonpersistent,Transient non-persistence,84,tuned_level_slope,1.0,1.0491527957851972,0.027439934184230526,2.1333333333333333,1.0
10000083,transient_nonpersistent,Transient non-persistence,84,tuned_level_slope,3.0,1.039348889579316,0.027229725029272803,1.3916666666666666,1.0
10000083,transient_nonpersistent,Transient non-persistence,84,tuned_level_slope,10.0,1.0351819775093019,0.027455280328854224,1.3,1.0
10000083,transient_nonpersistent,Transient non-persistence,84,tuned_level_slope,30.0,1.0339351502855851,0.027565460178079655,1.2166666666666666,1.0
10000083,transient_nonpersistent,Transient non-persistence,84,tuned_level_slope,100.0,1.0335244443713627,0.027611019240273083,1.2,1.0
10000083,transient_nonpersistent,Transient non-persistence,84,tuned_level_slope,300.0,1.0334143111187557,0.027623591702011452,1.1916666666666667,1.0
10000084,transient_nonpersistent,Transient non-persistence,85,tuned_level,0.0,1.6299855162778623,0.1119443401669403,,
10000084,transient_nonpersistent,Transient non-persistence,85,tuned_level,0.03,1.4390423401946142,0.07427365451421195,,
10000084,transient_nonpersistent,Transient non-persistence,85,tuned_level,0.1,1.1832414603727488,0.049217426970513255,,
10000084,transient_nonpersistent,Transient non-persistence,85,tuned_level,0.3,1.0641675276066005,0.03296474099627904,,
10000084,transient_nonpersistent,Transient non-persistence,85,tuned_level,1.0,1.0482191393008042,0.028612873527447517,,
10000084,transient_nonpersistent,Transient non-persistence,85,tuned_level,3.0,1.0415416812872256,0.027222126924989334,,
10000084,transient_nonpersistent,Transient non-persistence,85,tuned_level,10.0,1.0395748544371122,0.02687647400425877,,
10000084,transient_nonpersistent,Transient non-persistence,85,tuned_level,30.0,1.0390081701888265,0.02680518376456302,,
10000084,transient_nonpersistent,Transient non-persistence,85,tuned_level,100.0,1.038813332120974,0.02678274195153613,,
10000084,transient_nonpersistent,Transient non-persistence,85,tuned_level,300.0,1.0387601330263052,0.026776773119868143,,
10000084,transient_nonpersistent,Transient non-persistence,85,tuned_level_slope,0.1,1.0993707493147928,0.038018557360650976,6.425,1.0
10000084,transient_nonpersistent,Transient non-persistence,85,tuned_level_slope,0.3,1.0526796689390376,0.030662902937094633,3.2333333333333334,1.0
10000084,transient_nonpersistent,Transient non-persistence,85,tuned_level_slope,1.0,1.044374215237892,0.028025387546968154,1.7833333333333334,1.0
10000084,transient_nonpersistent,Transient non-persistence,85,tuned_level_slope,3.0,1.0407573678500939,0.027079263545697965,1.35,1.0
10000084,transient_nonpersistent,Transient non-persistence,85,tuned_level_slope,10.0,1.0393125933974343,0.02684221340829163,1.275,1.0
10000084,transient_nonpersistent,Transient non-persistence,85,tuned_level_slope,30.0,1.0389239195080784,0.026794991120639954,1.2083333333333333,1.0
10000084,transient_nonpersistent,Transient non-persistence,85,tuned_level_slope,100.0,1.03878922788711,0.026779632260057754,1.1916666666666667,1.0
10000084,transient_nonpersistent,Transient non-persistence,85,tuned_level_slope,300.0,1.0387515905387754,0.026775764488298083,1.175,1.0
10000085,transient_nonpersistent,Transient non-persistence,86,tuned_level,0.0,1.737423031844059,0.1327208444605219,,
10000085,transient_nonpersistent,Transient non-persistence,86,tuned_level,0.03,1.5871556468616075,0.11519216241053133,,
10000085,transient_nonpersistent,Transient non-persistence,86,tuned_level,0.1,1.203771136785862,0.045156870881171304,,
10000085,transient_nonpersistent,Transient non-persistence,86,tuned_level,0.3,1.098230456763729,0.03013861953892706,,
10000085,transient_nonpersistent,Transient non-persistence,86,tuned_level,1.0,1.0857637264484528,0.02600758039868045,,
10000085,transient_nonpersistent,Transient non-persistence,86,tuned_level,3.0,1.0825610765832516,0.025164051650883486,,
10000085,transient_nonpersistent,Transient non-persistence,86,tuned_level,10.0,1.0815972317058211,0.024881783211593657,,
10000085,transient_nonpersistent,Transient non-persistence,86,tuned_level,30.0,1.0814291824834554,0.02480275329693285,,
10000085,transient_nonpersistent,Transient non-persistence,86,tuned_level,100.0,1.0814556139322684,0.02476699101165709,,
10000085,transient_nonpersistent,Transient non-persistence,86,tuned_level,300.0,1.0814656409300314,0.024757170563262106,,
10000085,transient_nonpersistent,Transient non-persistence,86,tuned_level_slope,0.1,1.134322730257971,0.03824387510056581,5.725,1.0
10000085,transient_nonpersistent,Transient non-persistence,86,tuned_level_slope,0.3,1.0854722329318642,0.028561161648622116,2.6083333333333334,1.0
10000085,transient_nonpersistent,Transient non-persistence,86,tuned_level_slope,1.0,1.0811376685739456,0.02569809971402267,1.8166666666666667,1.0
10000085,transient_nonpersistent,Transient non-persistence,86,tuned_level_slope,3.0,1.081335729371792,0.02508476330384403,1.4333333333333333,1.0
10000085,transient_nonpersistent,Transient non-persistence,86,tuned_level_slope,10.0,1.0812921300586267,0.024859265770369128,1.275,1.0
10000085,transient_nonpersistent,Transient non-persistence,86,tuned_level_slope,30.0,1.0814157642933278,0.024790651257652556,1.3083333333333333,1.0
10000085,transient_nonpersistent,Transient non-persistence,86,tuned_level_slope,100.0,1.0814525922226674,0.024763479830318194,1.25,1.0
10000085,transient_nonpersistent,Transient non-persistence,86,tuned_level_slope,300.0,1.0814646438095228,0.02475601279051763,1.225,1.0
10000086,transient_nonpersistent,Transient non-persistence,87,tuned_level,0.0,1.6364506572401751,0.10818247904682536,,
10000086,transient_nonpersistent,Transient non-persistence,87,tuned_level,0.03,1.4865493655150914,0.08855177570586058,,
10000086,transient_nonpersistent,Transient non-persistence,87,tuned_level,0.1,1.1330270542882028,0.03821088214854166,,
10000086,transient_nonpersistent,Transient non-persistence,87,tuned_level,0.3,0.9929162851602835,0.025250686745507823,,
10000086,transient_nonpersistent,Transient non-persistence,87,tuned_level,1.0,0.9541798589391814,0.022573059369442844,,
10000086,transient_nonpersistent,Transient non-persistence,87,tuned_level,3.0,0.9462893756682996,0.02216766439335864,,
10000086,transient_nonpersistent,Transient non-persistence,87,tuned_level,10.0,0.9448832168947032,0.022117822685441896,,
10000086,transient_nonpersistent,Transient non-persistence,87,tuned_level,30.0,0.9446869328142731,0.02211085547406841,,
10000086,transient_nonpersistent,Transient non-persistence,87,tuned_level,100.0,0.944669975074747,0.02211355738772287,,
10000086,transient_nonpersistent,Transient non-persistence,87,tuned_level,300.0,0.9446627986015288,0.022114165295605646,,
10000086,transient_nonpersistent,Transient non-persistence,87,tuned_level_slope,0.1,1.0485530892072232,0.030188284653584686,6.225,1.0
10000086,transient_nonpersistent,Transient non-persistence,87,tuned_level_slope,0.3,0.9727758702453236,0.02396359614429384,3.35,1.0
10000086,transient_nonpersistent,Transient non-persistence,87,tuned_level_slope,1.0,0.9512004097031184,0.022317064442272553,2.058333333333333,1.0
10000086,transient_nonpersistent,Transient non-persistence,87,tuned_level_slope,3.0,0.9462202306662824,0.022127020015017606,1.525,1.0
10000086,transient_nonpersistent,Transient non-persistence,87,tuned_level_slope,10.0,0.9449595197195794,0.022108775640956667,1.4666666666666666,1.0
10000086,transient_nonpersistent,Transient non-persistence,87,tuned_level_slope,30.0,0.944708173271715,0.02210990234333469,1.3333333333333333,1.0
10000086,transient_nonpersistent,Transient non-persistence,87,tuned_level_slope,100.0,0.9446776118548234,0.022113244041612367,1.275,1.0
10000086,transient_nonpersistent,Transient non-persistence,87,tuned_level_slope,300.0,0.9446653441948877,0.022114074389691582,1.25,1.0
10000087,transient_nonpersistent,Transient non-persistence,88,tuned_level,0.0,1.6294536076668467,0.11157587875374662,,
10000087,transient_nonpersistent,Transient non-persistence,88,tuned_level,0.03,1.5199812486351205,0.10586248412882435,,
10000087,transient_nonpersistent,Transient non-persistence,88,tuned_level,0.1,1.1474310204061788,0.03910295811028214,,
10000087,transient_nonpersistent,Transient non-persistence,88,tuned_level,0.3,1.0635656135178928,0.030826878665377165,,
10000087,transient_nonpersistent,Transient non-persistence,88,tuned_level,1.0,1.0364366826612517,0.028253254839487284,,
10000087,transient_nonpersistent,Transient non-persistence,88,tuned_level,3.0,1.025386638673808,0.027798094487983246,,
10000087,transient_nonpersistent,Transient non-persistence,88,tuned_level,10.0,1.0222435250529405,0.02791949585713918,,
10000087,transient_nonpersistent,Transient non-persistence,88,tuned_level,30.0,1.0213288427481855,0.027997639091278663,,
10000087,transient_nonpersistent,Transient non-persistence,88,tuned_level,100.0,1.0210307607395934,0.02802338091949599,,
10000087,transient_nonpersistent,Transient non-persistence,88,tuned_level,300.0,1.0209425439795017,0.028031379944343952,,
10000087,transient_nonpersistent,Transient non-persistence,88,tuned_level_slope,0.1,1.0914025762301118,0.03406016571996913,5.325,1.0
10000087,transient_nonpersistent,Transient non-persistence,88,tuned_level_slope,0.3,1.0484527039654996,0.029484096376115442,3.158333333333333,1.0
10000087,transient_nonpersistent,Transient non-persistence,88,tuned_level_slope,1.0,1.0304961940712591,0.0279345684770202,1.9833333333333334,1.0
10000087,transient_nonpersistent,Transient non-persistence,88,tuned_level_slope,3.0,1.0239750022509262,0.027831137322605733,1.525,1.0
10000087,transient_nonpersistent,Transient non-persistence,88,tuned_level_slope,10.0,1.0219380874896549,0.027945122294992065,1.3416666666666666,1.0
10000087,transient_nonpersistent,Transient non-persistence,88,tuned_level_slope,30.0,1.0212249387985675,0.028007726167421584,1.2833333333333334,1.0
10000087,transient_nonpersistent,Transient non-persistence,88,tuned_level_slope,100.0,1.0210027844632343,0.0280263833257253,1.2416666666666667,1.0
10000087,transient_nonpersistent,Transient non-persistence,88,tuned_level_slope,300.0,1.0209332185540487,0.028032395632186843,1.2416666666666667,1.0
10000088,transient_nonpersistent,Transient non-persistence,89,tuned_level,0.0,1.8789752916153806,0.1589129527288225,,
10000088,transient_nonpersistent,Transient non-persistence,89,tuned_level,0.03,1.6379525530519128,0.12584223271767211,,
10000088,transient_nonpersistent,Transient non-persistence,89,tuned_level,0.1,1.1253014048256356,0.04279305126682057,,
10000088,transient_nonpersistent,Transient non-persistence,89,tuned_level,0.3,1.0083559030328384,0.02727447423063671,,
10000088,transient_nonpersistent,Transient non-persistence,89,tuned_level,1.0,0.9917835907242669,0.02371033828774514,,
10000088,transient_nonpersistent,Transient non-persistence,89,tuned_level,3.0,0.9890299031050129,0.02313912437060886,,
10000088,transient_nonpersistent,Transient non-persistence,89,tuned_level,10.0,0.9879400953188776,0.023137012605980545,,
10000088,transient_nonpersistent,Transient non-persistence,89,tuned_level,30.0,0.9877219614808955,0.02316056605796393,,
10000088,transient_nonpersistent,Transient non-persistence,89,tuned_level,100.0,0.987625803549675,0.023170893385435983,,
10000088,transient_nonpersistent,Transient non-persistence,89,tuned_level,300.0,0.9876072013416978,0.023173167875262714,,
10000088,transient_nonpersistent,Transient non-persistence,89,tuned_level_slope,0.1,1.0490555531379537,0.035909763954756674,5.258333333333334,1.0
10000088,transient_nonpersistent,Transient non-persistence,89,tuned_level_slope,0.3,0.995534329783226,0.02583714375811778,2.55,1.0
10000088,transient_nonpersistent,Transient non-persistence,89,tuned_level_slope,1.0,0.9897933068098271,0.023582869211819225,1.675,1.0
10000088,transient_nonpersistent,Transient non-persistence,89,tuned_level_slope,3.0,0.9886517334712627,0.02314540767884238,1.3833333333333333,1.0
10000088,transient_nonpersistent,Transient non-persistence,89,tuned_level_slope,10.0,0.9878872405221089,0.023139438295031213,1.25,1.0
10000088,transient_nonpersistent,Transient non-persistence,89,tuned_level_slope,30.0,0.9876985400225955,0.023161702963691428,1.2166666666666666,1.0
10000088,transient_nonpersistent,Transient non-persistence,89,tuned_level_slope,100.0,0.9876224883008585,0.02317093067482426,1.225,1.0
10000088,transient_nonpersistent,Transient non-persistence,89,tuned_level_slope,300.0,0.9876058399606348,0.023173204375955006,1.2083333333333333,1.0
10000089,transient_nonpersistent,Transient non-persistence,90,tuned_level,0.0,1.6625159029289376,0.11664250903024324,,
10000089,transient_nonpersistent,Transient non-persistence,90,tuned_level,0.03,1.4947581497153228,0.09515174202511313,,
10000089,transient_nonpersistent,Transient non-persistence,90,tuned_level,0.1,1.1494828994091297,0.0422199017613047,,
10000089,transient_nonpersistent,Transient non-persistence,90,tuned_level,0.3,1.054678793456269,0.027694571043174757,,
10000089,transient_nonpersistent,Transient non-persistence,90,tuned_level,1.0,1.0259954505063034,0.021986403731573033,,
10000089,transient_nonpersistent,Transient non-persistence,90,tuned_level,3.0,1.019173780750727,0.020998971354543924,,
10000089,transient_nonpersistent,Transient non-persistence,90,tuned_level,10.0,1.017822970903074,0.021085019231464358,,
10000089,transient_nonpersistent,Transient non-persistence,90,tuned_level,30.0,1.0173885370922346,0.02116462325606049,,
10000089,transient_nonpersistent,Transient non-persistence,90,tuned_level,100.0,1.0172121380461852,0.021198518171862253,,
10000089,transient_nonpersistent,Transient non-persistence,90,tuned_level,300.0,1.0171577822014126,0.021208602307618986,,
10000089,transient_nonpersistent,Transient non-persistence,90,tuned_level_slope,0.1,1.0831966021476551,0.034038187227854386,5.75,1.0
10000089,transient_nonpersistent,Transient non-persistence,90,tuned_level_slope,0.3,1.036868263921694,0.025110831983922163,3.4583333333333335,1.0
10000089,transient_nonpersistent,Transient non-persistence,90,tuned_level_slope,1.0,1.0213807798088996,0.0214616386119875,1.925,1.0
10000089,transient_nonpersistent,Transient non-persistence,90,tuned_level_slope,3.0,1.0182095604314516,0.02091121682026535,1.4916666666666667,1.0
10000089,transient_nonpersistent,Transient non-persistence,90,tuned_level_slope,10.0,1.0175577649286656,0.021076269763998248,1.3833333333333333,1.0
10000089,transient_nonpersistent,Transient non-persistence,90,tuned_level_slope,30.0,1.0173121774073446,0.021163446784628823,1.3166666666666667,1.0
10000089,transient_nonpersistent,Transient non-persistence,90,tuned_level_slope,100.0,1.0171867624941033,0.02119853910077206,1.2833333333333334,1.0
10000089,transient_nonpersistent,Transient non-persistence,90,tuned_level_slope,300.0,1.0171493335300525,0.021208633911953156,1.2666666666666666,1.0
10000090,transient_nonpersistent,Transient non-persistence,91,tuned_level,0.0,1.8198990625238962,0.1493583790077965,,
10000090,transient_nonpersistent,Transient non-persistence,91,tuned_level,0.03,1.6249123369511869,0.12146843914350103,,
10000090,transient_nonpersistent,Transient non-persistence,91,tuned_level,0.1,1.2234749297266239,0.05242465521555392,,
10000090,transient_nonpersistent,Transient non-persistence,91,tuned_level,0.3,1.090816982171354,0.03257923555311894,,
10000090,transient_nonpersistent,Transient non-persistence,91,tuned_level,1.0,1.050831629796397,0.028954579800193236,,
10000090,transient_nonpersistent,Transient non-persistence,91,tuned_level,3.0,1.0361962163017906,0.02887199179991992,,
10000090,transient_nonpersistent,Transient non-persistence,91,tuned_level,10.0,1.0295070072462928,0.029267632266876693,,
10000090,transient_nonpersistent,Transient non-persistence,91,tuned_level,30.0,1.027524603870547,0.029435494452821946,,
10000090,transient_nonpersistent,Transient non-persistence,91,tuned_level,100.0,1.0268222060407532,0.02949771896378402,,
10000090,transient_nonpersistent,Transient non-persistence,91,tuned_level,300.0,1.0266215209465266,0.02951596968633799,,
10000090,transient_nonpersistent,Transient non-persistence,91,tuned_level_slope,0.1,1.1372455200163902,0.0434536869533794,6.375,1.0
10000090,transient_nonpersistent,Transient non-persistence,91,tuned_level_slope,0.3,1.0744623544773362,0.031554623173084786,3.5416666666666665,1.0
10000090,transient_nonpersistent,Transient non-persistence,91,tuned_level_slope,1.0,1.0448144351248432,0.029117512308689256,2.0166666666666666,1.0
10000090,transient_nonpersistent,Transient non-persistence,91,tuned_level_slope,3.0,1.0340265478035173,0.02909882161361634,1.625,1.0
10000090,transient_nonpersistent,Transient non-persistence,91,tuned_level_slope,10.0,1.0289031490015206,0.029356111414898623,1.3,1.0
10000090,transient_nonpersistent,Transient non-persistence,91,tuned_level_slope,30.0,1.027324543346249,0.029465597956652916,1.2416666666666667,1.0
10000090,transient_nonpersistent,Transient non-persistence,91,tuned_level_slope,100.0,1.0267621744140905,0.029506955400547725,1.2,1.0
10000090,transient_nonpersistent,Transient non-persistence,91,tuned_level_slope,300.0,1.0266015104043056,0.029519067986478756,1.2,1.0
10000091,transient_nonpersistent,Transient non-persistence,92,tuned_level,0.0,1.8892547584293213,0.13872646956198537,,
10000091,transient_nonpersistent,Transient non-persistence,92,tuned_level,0.03,1.7211390505975444,0.11799778005818438,,
10000091,transient_nonpersistent,Transient non-persistence,92,tuned_level,0.1,1.1509406916101164,0.03766469972453843,,
10000091,transient_nonpersistent,Transient non-persistence,92,tuned_level,0.3,1.0374161470637886,0.0271532770674667,,
10000091,transient_nonpersistent,Transient non-persistence,92,tuned_level,1.0,1.0037587114763413,0.024018530327206484,,
10000091,transient_nonpersistent,Transient non-persistence,92,tuned_level,3.0,0.9961424652613788,0.023606679800990453,,
10000091,transient_nonpersistent,Transient non-persistence,92,tuned_level,10.0,0.993310511379127,0.023789158403757164,,
10000091,transient_nonpersistent,Transient non-persistence,92,tuned_level,30.0,0.9928857230973495,0.023918444204928176,,
10000091,transient_nonpersistent,Transient non-persistence,92,tuned_level,100.0,0.9927608527088521,0.0239802185047148,,
10000091,transient_nonpersistent,Transient non-persistence,92,tuned_level,300.0,0.9927263916108252,0.023998143193942313,,
10000091,transient_nonpersistent,Transient non-persistence,92,tuned_level_slope,0.1,1.0777149948970297,0.03360311431554641,5.508333333333334,1.0
10000091,transient_nonpersistent,Transient non-persistence,92,tuned_level_slope,0.3,1.019279974897169,0.026025382361616643,3.408333333333333,1.0
10000091,transient_nonpersistent,Transient non-persistence,92,tuned_level_slope,1.0,1.0003125382514864,0.024113882924883593,1.975,1.0
10000091,transient_nonpersistent,Transient non-persistence,92,tuned_level_slope,3.0,0.9952619651011472,0.023753400131824375,1.35,1.0
10000091,transient_nonpersistent,Transient non-persistence,92,tuned_level_slope,10.0,0.9932146254760804,0.02385449204092529,1.2666666666666666,1.0
10000091,transient_nonpersistent,Transient non-persistence,92,tuned_level_slope,30.0,0.9928692428602088,0.023949859698651703,1.25,1.0
10000091,transient_nonpersistent,Transient non-persistence,92,tuned_level_slope,100.0,0.9927590909216,0.023989793311634672,1.2416666666666667,1.0
10000091,transient_nonpersistent,Transient non-persistence,92,tuned_level_slope,300.0,0.992726145168162,0.02400133245871476,1.2083333333333333,1.0
10000092,transient_nonpersistent,Transient non-persistence,93,tuned_level,0.0,1.758556017457625,0.15813411497323643,,
10000092,transient_nonpersistent,Transient non-persistence,93,tuned_level,0.03,1.4882554734600972,0.10716405042917125,,
10000092,transient_nonpersistent,Transient non-persistence,93,tuned_level,0.1,1.1154834621824457,0.04318694223329911,,
10000092,transient_nonpersistent,Transient non-persistence,93,tuned_level,0.3,0.9780033882284012,0.027031961696176558,,
10000092,transient_nonpersistent,Transient non-persistence,93,tuned_level,1.0,0.9592721662490246,0.023378634698700124,,
10000092,transient_nonpersistent,Transient non-persistence,93,tuned_level,3.0,0.9535800238027385,0.022675584921973562,,
10000092,transient_nonpersistent,Transient non-persistence,93,tuned_level,10.0,0.9520552478149217,0.02257368086967793,,
10000092,transient_nonpersistent,Transient non-persistence,93,tuned_level,30.0,0.9518954415658402,0.022555937112258864,,
10000092,transient_nonpersistent,Transient non-persistence,93,tuned_level,100.0,0.9518448773438413,0.022551370937784282,,
10000092,transient_nonpersistent,Transient non-persistence,93,tuned_level,300.0,0.951826660321666,0.022550500546439804,,
10000092,transient_nonpersistent,Transient non-persistence,93,tuned_level_slope,0.1,1.010581110749818,0.03313411810595005,5.808333333333334,1.0
10000092,transient_nonpersistent,Transient non-persistence,93,tuned_level_slope,0.3,0.9616914589685296,0.025064426342847806,2.775,1.0
10000092,transient_nonpersistent,Transient non-persistence,93,tuned_level_slope,1.0,0.9552495788201855,0.022966927803465563,1.7166666666666666,1.0
10000092,transient_nonpersistent,Transient non-persistence,93,tuned_level_slope,3.0,0.9524518814216358,0.022588332564396674,1.4333333333333333,1.0
10000092,transient_nonpersistent,Transient non-persistence,93,tuned_level_slope,10.0,0.9518529340350563,0.022557553729523457,1.2666666666666666,1.0
10000092,transient_nonpersistent,Transient non-persistence,93,tuned_level_slope,30.0,0.9518443605877387,0.02255053615125833,1.2083333333333333,1.0
10000092,transient_nonpersistent,Transient non-persistence,93,tuned_level_slope,100.0,0.9518283288187265,0.022549930514377255,1.175,1.0
10000092,transient_nonpersistent,Transient non-persistence,93,tuned_level_slope,300.0,0.9518211441466277,0.02255003446927656,1.1666666666666667,1.0
10000093,transient_nonpersistent,Transient non-persistence,94,tuned_level,0.0,1.831768077240476,0.16165788285937055,,
10000093,transient_nonpersistent,Transient non-persistence,94,tuned_level,0.03,1.6629695544488683,0.13977053617502536,,
10000093,transient_nonpersistent,Transient non-persistence,94,tuned_level,0.1,1.1882534150190058,0.03909536996320882,,
10000093,transient_nonpersistent,Transient non-persistence,94,tuned_level,0.3,1.0253617671011597,0.025026221742795556,,
10000093,transient_nonpersistent,Transient non-persistence,94,tuned_level,1.0,0.9887924413712921,0.021457809459307736,,
10000093,transient_nonpersistent,Transient non-persistence,94,tuned_level,3.0,0.981626835448023,0.020530158209004678,,
10000093,transient_nonpersistent,Transient non-persistence,94,tuned_level,10.0,0.9788709924947753,0.02053500580652398,,
10000093,transient_nonpersistent,Transient non-persistence,94,tuned_level,30.0,0.977877798746625,0.020593228068799752,,
10000093,transient_nonpersistent,Transient non-persistence,94,tuned_level,100.0,0.9775418275995589,0.020621452392904433,,
10000093,transient_nonpersistent,Transient non-persistence,94,tuned_level,300.0,0.9774512717819197,0.02063033266900792,,
10000093,transient_nonpersistent,Transient non-persistence,94,tuned_level_slope,0.1,1.086330470104484,0.028439193177646396,6.058333333333334,1.0
10000093,transient_nonpersistent,Transient non-persistence,94,tuned_level_slope,0.3,0.9981811030685876,0.023001428283251534,3.225,1.0
10000093,transient_nonpersistent,Transient non-persistence,94,tuned_level_slope,1.0,0.9827212785216776,0.02097623956663267,1.8583333333333334,1.0
10000093,transient_nonpersistent,Transient non-persistence,94,tuned_level_slope,3.0,0.9794590522311798,0.020469013357236894,1.6083333333333334,1.0
10000093,transient_nonpersistent,Transient non-persistence,94,tuned_level_slope,10.0,0.9782245064073135,0.020541614936677166,1.35,1.0
10000093,transient_nonpersistent,Transient non-persistence,94,tuned_level_slope,30.0,0.9776778411791872,0.020598570962646126,1.275,1.0
10000093,transient_nonpersistent,Transient non-persistence,94,tuned_level_slope,100.0,0.9774791808056745,0.020623305588877445,1.2583333333333333,1.0
10000093,transient_nonpersistent,Transient non-persistence,94,tuned_level_slope,300.0,0.9774303895172916,0.02063098743317412,1.2416666666666667,1.0
10000094,transient_nonpersistent,Transient non-persistence,95,tuned_level,0.0,1.7591229826840353,0.14988542385321543,,
10000094,transient_nonpersistent,Transient non-persistence,95,tuned_level,0.03,1.5569732837221106,0.1172385783045018,,
10000094,transient_nonpersistent,Transient non-persistence,95,tuned_level,0.1,1.13344786407925,0.04043382161544135,,
10000094,transient_nonpersistent,Transient non-persistence,95,tuned_level,0.3,1.0053204050632258,0.02805616606895969,,
10000094,transient_nonpersistent,Transient non-persistence,95,tuned_level,1.0,0.9737858017479203,0.024325208122303876,,
10000094,transient_nonpersistent,Transient non-persistence,95,tuned_level,3.0,0.9600872820759473,0.023609383173101236,,
10000094,transient_nonpersistent,Transient non-persistence,95,tuned_level,10.0,0.9552747941176792,0.023505651533301405,,
10000094,transient_nonpersistent,Transient non-persistence,95,tuned_level,30.0,0.9538248932196877,0.02350221413124458,,
10000094,transient_nonpersistent,Transient non-persistence,95,tuned_level,100.0,0.953294257672237,0.023505754565430997,,
10000094,transient_nonpersistent,Transient non-persistence,95,tuned_level,300.0,0.9531455792536806,0.02350697383505581,,
10000094,transient_nonpersistent,Transient non-persistence,95,tuned_level_slope,0.1,1.0541588326792406,0.032510955991934716,6.625,1.0
10000094,transient_nonpersistent,Transient non-persistence,95,tuned_level_slope,0.3,0.9851885955528578,0.026138740795923723,3.566666666666667,1.0
10000094,transient_nonpersistent,Transient non-persistence,95,tuned_level_slope,1.0,0.9674340951760938,0.023997188248596354,2.25,1.0
10000094,transient_nonpersistent,Transient non-persistence,95,tuned_level_slope,3.0,0.9586437436698262,0.02357757207244646,1.5083333333333333,1.0
10000094,transient_nonpersistent,Transient non-persistence,95,tuned_level_slope,10.0,0.9548778350525142,0.02350903959773703,1.3916666666666666,1.0
10000094,transient_nonpersistent,Transient non-persistence,95,tuned_level_slope,30.0,0.9536855984083082,0.023504821094473237,1.3,1.0
10000094,transient_nonpersistent,Transient non-persistence,95,tuned_level_slope,100.0,0.9532531419718787,0.023506679595234562,1.2583333333333333,1.0
10000094,transient_nonpersistent,Transient non-persistence,95,tuned_level_slope,300.0,0.953131188327679,0.023507330936459857,1.2583333333333333,1.0
10000095,transient_nonpersistent,Transient non-persistence,96,tuned_level,0.0,1.6770631703036651,0.09802840636634805,,
10000095,transient_nonpersistent,Transient non-persistence,96,tuned_level,0.03,1.4888854731219112,0.0769699288620018,,
10000095,transient_nonpersistent,Transient non-persistence,96,tuned_level,0.1,1.2103795182317654,0.0401054502407539,,
10000095,transient_nonpersistent,Transient non-persistence,96,tuned_level,0.3,1.0998605124246843,0.027945681225664234,,
10000095,transient_nonpersistent,Transient non-persistence,96,tuned_level,1.0,1.0657433849636084,0.024263303563134393,,
10000095,transient_nonpersistent,Transient non-persistence,96,tuned_level,3.0,1.0501706948219212,0.02382830431773706,,
10000095,transient_nonpersistent,Transient non-persistence,96,tuned_level,10.0,1.0439631067708133,0.02394660941610507,,
10000095,transient_nonpersistent,Transient non-persistence,96,tuned_level,30.0,1.0421851147973784,0.024016087498164605,,
10000095,transient_nonpersistent,Transient non-persistence,96,tuned_level,100.0,1.0415591667646469,0.02404521912311651,,
10000095,transient_nonpersistent,Transient non-persistence,96,tuned_level,300.0,1.0413801744291047,0.024053878704338467,,
10000095,transient_nonpersistent,Transient non-persistence,96,tuned_level_slope,0.1,1.1265932676451238,0.033493367580239,5.65,1.0
10000095,transient_nonpersistent,Transient non-persistence,96,tuned_level_slope,0.3,1.0767368213757436,0.026771728447524675,3.175,1.0
10000095,transient_nonpersistent,Transient non-persistence,96,tuned_level_slope,1.0,1.0576511625616867,0.0243010101367542,1.8083333333333333,1.0
10000095,transient_nonpersistent,Transient non-persistence,96,tuned_level_slope,3.0,1.0478697700016972,0.023965040414329345,1.3,1.0
10000095,transient_nonpersistent,Transient non-persistence,96,tuned_level_slope,10.0,1.0433388774570402,0.02399759916312195,1.1583333333333334,1.0
10000095,transient_nonpersistent,Transient non-persistence,96,tuned_level_slope,30.0,1.0419833469470845,0.02403445382548818,1.1416666666666666,1.0
10000095,transient_nonpersistent,Transient non-persistence,96,tuned_level_slope,100.0,1.0414986397388455,0.024050911382701674,1.15,1.0
10000095,transient_nonpersistent,Transient non-persistence,96,tuned_level_slope,300.0,1.0413601516301652,0.024055825506616196,1.15,1.0
10000096,transient_nonpersistent,Transient non-persistence,97,tuned_level,0.0,1.7037558537247428,0.12680318056147055,,
10000096,transient_nonpersistent,Transient non-persistence,97,tuned_level,0.03,1.463834170117594,0.10458580795682951,,
10000096,transient_nonpersistent,Transient non-persistence,97,tuned_level,0.1,1.082192635220701,0.03701958194019709,,
10000096,transient_nonpersistent,Transient non-persistence,97,tuned_level,0.3,1.025423097452949,0.024866237363621622,,
10000096,transient_nonpersistent,Transient non-persistence,97,tuned_level,1.0,1.0191811842437315,0.021728839896891044,,
10000096,transient_nonpersistent,Transient non-persistence,97,tuned_level,3.0,1.0141953783360238,0.0210682309572072,,
10000096,transient_nonpersistent,Transient non-persistence,97,tuned_level,10.0,1.0120321098658918,0.021087865721663924,,
10000096,transient_nonpersistent,Transient non-persistence,97,tuned_level,30.0,1.0115361264036906,0.02114127727564557,,
10000096,transient_nonpersistent,Transient non-persistence,97,tuned_level,100.0,1.011378053946084,0.02116743315779527,,
10000096,transient_nonpersistent,Transient non-persistence,97,tuned_level,300.0,1.0113382058004023,0.021174689901431794,,
10000096,transient_nonpersistent,Transient non-persistence,97,tuned_level_slope,0.1,1.0317359593049709,0.02838146985643691,5.15,1.0
10000096,transient_nonpersistent,Transient non-persistence,97,tuned_level_slope,0.3,1.0102756361410705,0.022750427215475332,2.725,1.0
10000096,transient_nonpersistent,Transient non-persistence,97,tuned_level_slope,1.0,1.014519351152784,0.02134168303351679,1.6,1.0
10000096,transient_nonpersistent,Transient non-persistence,97,tuned_level_slope,3.0,1.012617046187438,0.021102344770427377,1.3166666666666667,1.0
10000096,transient_nonpersistent,Transient non-persistence,97,tuned_level_slope,10.0,1.0116889425854008,0.021128524898265864,1.2,1.0
10000096,transient_nonpersistent,Transient non-persistence,97,tuned_level_slope,30.0,1.0114366400216583,0.021156076792787824,1.15,1.0
10000096,transient_nonpersistent,Transient non-persistence,97,tuned_level_slope,100.0,1.011351659865842,0.021171744600515036,1.1333333333333333,1.0
10000096,transient_nonpersistent,Transient non-persistence,97,tuned_level_slope,300.0,1.0113294077736552,0.021176147816000742,1.125,1.0
10000097,transient_nonpersistent,Transient non-persistence,98,tuned_level,0.0,1.6008362199691353,0.15006464905493294,,
10000097,transient_nonpersistent,Transient non-persistence,98,tuned_level,0.03,1.44775575262515,0.12237715484754219,,
10000097,transient_nonpersistent,Transient non-persistence,98,tuned_level,0.1,1.1169448270900564,0.03965275015991082,,
10000097,transient_nonpersistent,Transient non-persistence,98,tuned_level,0.3,1.0250174963204526,0.02786485764167523,,
10000097,transient_nonpersistent,Transient non-persistence,98,tuned_level,1.0,0.997192859464514,0.02385238660246801,,
10000097,transient_nonpersistent,Transient non-persistence,98,tuned_level,3.0,0.9841863658149949,0.022672894412860568,,
10000097,transient_nonpersistent,Transient non-persistence,98,tuned_level,10.0,0.9817670985641526,0.022408567408709622,,
10000097,transient_nonpersistent,Transient non-persistence,98,tuned_level,30.0,0.9814168686223698,0.022315899189470346,,
10000097,transient_nonpersistent,Transient non-persistence,98,tuned_level,100.0,0.9813612432176818,0.022281494928839754,,
10000097,transient_nonpersistent,Transient non-persistence,98,tuned_level,300.0,0.9813440274935912,0.022272481183410773,,
10000097,transient_nonpersistent,Transient non-persistence,98,tuned_level_slope,0.1,1.0561180802165404,0.033975928736616916,5.858333333333333,1.0
10000097,transient_nonpersistent,Transient non-persistence,98,tuned_level_slope,0.3,1.0081175444520443,0.025887603612034984,2.7916666666666665,1.0
10000097,transient_nonpersistent,Transient non-persistence,98,tuned_level_slope,1.0,0.9901412016223982,0.023441795467518345,1.8166666666666667,1.0
10000097,transient_nonpersistent,Transient non-persistence,98,tuned_level_slope,3.0,0.9831874064832987,0.022582808352390824,1.525,1.0
10000097,transient_nonpersistent,Transient non-persistence,98,tuned_level_slope,10.0,0.9817041778560606,0.022377624079348263,1.375,1.0
10000097,transient_nonpersistent,Transient non-persistence,98,tuned_level_slope,30.0,0.9814150111783406,0.022303492137606774,1.2416666666666667,1.0
10000097,transient_nonpersistent,Transient non-persistence,98,tuned_level_slope,100.0,0.9813574790014485,0.022277678833969666,1.2333333333333334,1.0
10000097,transient_nonpersistent,Transient non-persistence,98,tuned_level_slope,300.0,0.9813427727548466,0.022271219196853254,1.2166666666666666,1.0
10000098,transient_nonpersistent,Transient non-persistence,99,tuned_level,0.0,1.9053793277266216,0.1789247450588002,,
10000098,transient_nonpersistent,Transient non-persistence,99,tuned_level,0.03,1.5625523878311396,0.10743703031871409,,
10000098,transient_nonpersistent,Transient non-persistence,99,tuned_level,0.1,1.1358146113324112,0.04484794371997806,,
10000098,transient_nonpersistent,Transient non-persistence,99,tuned_level,0.3,1.0619923745220226,0.03229476424845701,,
10000098,transient_nonpersistent,Transient non-persistence,99,tuned_level,1.0,1.046070397540337,0.02795215953022837,,
10000098,transient_nonpersistent,Transient non-persistence,99,tuned_level,3.0,1.0395802790398447,0.026644416709887892,,
10000098,transient_nonpersistent,Transient non-persistence,99,tuned_level,10.0,1.0367575419246757,0.02632056975116278,,
10000098,transient_nonpersistent,Transient non-persistence,99,tuned_level,30.0,1.0359800992341923,0.026247319977195357,,
10000098,transient_nonpersistent,Transient non-persistence,99,tuned_level,100.0,1.0356967423750023,0.026224028487076216,,
10000098,transient_nonpersistent,Transient non-persistence,99,tuned_level,300.0,1.0356157832723765,0.026217669581845904,,
10000098,transient_nonpersistent,Transient non-persistence,99,tuned_level_slope,0.1,1.0810415715314163,0.03768884423562172,5.316666666666666,1.0
10000098,transient_nonpersistent,Transient non-persistence,99,tuned_level_slope,0.3,1.046666435910928,0.02962395975524987,3.158333333333333,1.0
10000098,transient_nonpersistent,Transient non-persistence,99,tuned_level_slope,1.0,1.0413678674982436,0.027346476892808787,1.7916666666666667,1.0
10000098,transient_nonpersistent,Transient non-persistence,99,tuned_level_slope,3.0,1.037861209856532,0.026530437809626252,1.35,1.0
10000098,transient_nonpersistent,Transient non-persistence,99,tuned_level_slope,10.0,1.0362746746031217,0.02629683867058265,1.2083333333333333,1.0
10000098,transient_nonpersistent,Transient non-persistence,99,tuned_level_slope,30.0,1.0358157441314313,0.026240761499519368,1.175,1.0
10000098,transient_nonpersistent,Transient non-persistence,99,tuned_level_slope,100.0,1.0356474358441738,0.026222194096805505,1.175,1.0
10000098,transient_nonpersistent,Transient non-persistence,99,tuned_level_slope,300.0,1.0355993477621004,0.026217070818132248,1.175,1.0
10000099,transient_nonpersistent,Transient non-persistence,100,tuned_level,0.0,1.7870253685352595,0.11126082732391424,,
10000099,transient_nonpersistent,Transient non-persistence,100,tuned_level,0.03,1.6028890937534308,0.09408638931051896,,
10000099,transient_nonpersistent,Transient non-persistence,100,tuned_level,0.1,1.2308144941485633,0.04932294056610616,,
10000099,transient_nonpersistent,Transient non-persistence,100,tuned_level,0.3,1.103413617089313,0.03480588549015019,,
10000099,transient_nonpersistent,Transient non-persistence,100,tuned_level,1.0,1.0669947539696516,0.030785128426210204,,
10000099,transient_nonpersistent,Transient non-persistence,100,tuned_level,3.0,1.0516572751792743,0.03024048804032297,,
10000099,transient_nonpersistent,Transient non-persistence,100,tuned_level,10.0,1.0456330279015795,0.03018502816420842,,
10000099,transient_nonpersistent,Transient non-persistence,100,tuned_level,30.0,1.0438480017596443,0.030208834232147076,,
10000099,transient_nonpersistent,Transient non-persistence,100,tuned_level,100.0,1.043289805474297,0.03020923796279596,,
10000099,transient_nonpersistent,Transient non-persistence,100,tuned_level,300.0,1.0431516105288103,0.03020700327739983,,
10000099,transient_nonpersistent,Transient non-persistence,100,tuned_level_slope,0.1,1.1497791995267537,0.04224780859190729,6.183333333333334,1.0
10000099,transient_nonpersistent,Transient non-persistence,100,tuned_level_slope,0.3,1.0754479342788013,0.0329694949244929,3.65,1.0
10000099,transient_nonpersistent,Transient non-persistence,100,tuned_level_slope,1.0,1.0578884368054626,0.030712554963338384,1.9333333333333333,1.0
10000099,transient_nonpersistent,Transient non-persistence,100,tuned_level_slope,3.0,1.0484641101706345,0.030275665248652703,1.5,1.0
10000099,transient_nonpersistent,Transient non-persistence,100,tuned_level_slope,10.0,1.0448214666716278,0.03021179962662118,1.3333333333333333,1.0
10000099,transient_nonpersistent,Transient non-persistence,100,tuned_level_slope,30.0,1.0436365429011047,0.030213028552444576,1.2666666666666666,1.0
10000099,transient_nonpersistent,Transient non-persistence,100,tuned_level_slope,100.0,1.0432295712756026,0.03021038155319446,1.25,1.0
10000099,transient_nonpersistent,Transient non-persistence,100,tuned_level_slope,300.0,1.0431322538998002,0.03020731583260702,1.25,1.0
10000100,transient_nonpersistent,Transient non-persistence,101,tuned_level,0.0,1.9112137418385235,0.1625942213604903,,
10000100,transient_nonpersistent,Transient non-persistence,101,tuned_level,0.03,1.6076361566294137,0.11559696177362712,,
10000100,transient_nonpersistent,Transient non-persistence,101,tuned_level,0.1,1.152197958421379,0.04305662154271013,,
10000100,transient_nonpersistent,Transient non-persistence,101,tuned_level,0.3,1.040114458418202,0.028834732302145567,,
10000100,transient_nonpersistent,Transient non-persistence,101,tuned_level,1.0,1.0222102239513273,0.02501720595982785,,
10000100,transient_nonpersistent,Transient non-persistence,101,tuned_level,3.0,1.0160712481988197,0.024062479697742736,,
10000100,transient_nonpersistent,Transient non-persistence,101,tuned_level,10.0,1.0127765950851781,0.02395041962102969,,
10000100,transient_nonpersistent,Transient non-persistence,101,tuned_level,30.0,1.01187015344224,0.023940337158416237,,
10000100,transient_nonpersistent,Transient non-persistence,101,tuned_level,100.0,1.0115490890590924,0.023937365994533073,,
10000100,transient_nonpersistent,Transient non-persistence,101,tuned_level,300.0,1.0114538290413324,0.023936735611864036,,
10000100,transient_nonpersistent,Transient non-persistence,101,tuned_level_slope,0.1,1.0775860272389182,0.035522815022629856,5.941666666666666,1.0
10000100,transient_nonpersistent,Transient non-persistence,101,tuned_level_slope,0.3,1.02741711781409,0.027041800873400273,3.2916666666666665,1.0
10000100,transient_nonpersistent,Transient non-persistence,101,tuned_level_slope,1.0,1.0186573294064227,0.024619046710723493,2.0166666666666666,1.0
10000100,transient_nonpersistent,Transient non-persistence,101,tuned_level_slope,3.0,1.014790514736651,0.02408545081255571,1.3916666666666666,1.0
10000100,transient_nonpersistent,Transient non-persistence,101,tuned_level_slope,10.0,1.0124559263283566,0.023968052219379685,1.3,1.0
10000100,transient_nonpersistent,Transient non-persistence,101,tuned_level_slope,30.0,1.011789216990046,0.02394530818064633,1.2666666666666666,1.0
10000100,transient_nonpersistent,Transient non-persistence,101,tuned_level_slope,100.0,1.0115243403379404,0.023939146223637534,1.2416666666666667,1.0
10000100,transient_nonpersistent,Transient non-persistence,101,tuned_level_slope,300.0,1.01144580210779,0.023937422807436087,1.225,1.0
10000101,transient_nonpersistent,Transient non-persistence,102,tuned_level,0.0,1.6378280361467712,0.11087652289359856,,
10000101,transient_nonpersistent,Transient non-persistence,102,tuned_level,0.03,1.471538263497888,0.09001196586493186,,
10000101,transient_nonpersistent,Transient non-persistence,102,tuned_level,0.1,1.1660384531283214,0.045872324916692075,,
10000101,transient_nonpersistent,Transient non-persistence,102,tuned_level,0.3,1.0385342738963796,0.03109879576998675,,
10000101,transient_nonpersistent,Transient non-persistence,102,tuned_level,1.0,1.0232286342262567,0.02569241249191397,,
10000101,transient_nonpersistent,Transient non-persistence,102,tuned_level,3.0,1.018643505381021,0.024726328762164677,,
10000101,transient_nonpersistent,Transient non-persistence,102,tuned_level,10.0,1.0187127315459137,0.024528155406298834,,
10000101,transient_nonpersistent,Transient non-persistence,102,tuned_level,30.0,1.0187898160384332,0.02450118043582127,,
10000101,transient_nonpersistent,Transient non-persistence,102,tuned_level,100.0,1.0188470498956341,0.024502524721513767,,
10000101,transient_nonpersistent,Transient non-persistence,102,tuned_level,300.0,1.0188596403992665,0.024502970805999783,,
10000101,transient_nonpersistent,Transient non-persistence,102,tuned_level_slope,0.1,1.0799782542976133,0.036209704487791844,6.116666666666666,1.0
10000101,transient_nonpersistent,Transient non-persistence,102,tuned_level_slope,0.3,1.0186822789931,0.027858008660262685,3.091666666666667,1.0
10000101,transient_nonpersistent,Transient non-persistence,102,tuned_level_slope,1.0,1.0176257122027819,0.025197483307438005,1.7916666666666667,1.0
10000101,transient_nonpersistent,Transient non-persistence,102,tuned_level_slope,3.0,1.0178520769453319,0.024684793808037526,1.3416666666666666,1.0
10000101,transient_nonpersistent,Transient non-persistence,102,tuned_level_slope,10.0,1.0184970601274166,0.02452268358138261,1.275,1.0
10000101,transient_nonpersistent,Transient non-persistence,102,tuned_level_slope,30.0,1.0187195905258648,0.024500321925353587,1.225,1.0
10000101,transient_nonpersistent,Transient non-persistence,102,tuned_level_slope,100.0,1.0188256207720374,0.024502415716982452,1.2,1.0
10000101,transient_nonpersistent,Transient non-persistence,102,tuned_level_slope,300.0,1.0188524973580673,0.024502950348334412,1.1916666666666667,1.0
10000102,transient_nonpersistent,Transient non-persistence,103,tuned_level,0.0,1.9832482348886549,0.16615942930035651,,
10000102,transient_nonpersistent,Transient non-persistence,103,tuned_level,0.03,1.6586209247131047,0.10986137998172271,,
10000102,transient_nonpersistent,Transient non-persistence,103,tuned_level,0.1,1.1385673295724241,0.041148162803811054,,
10000102,transient_nonpersistent,Transient non-persistence,103,tuned_level,0.3,1.0396867668135976,0.029842752546084907,,
10000102,transient_nonpersistent,Transient non-persistence,103,tuned_level,1.0,0.9979240275924949,0.02374683177297238,,
10000102,transient_nonpersistent,Transient non-persistence,103,tuned_level,3.0,0.9858576204349383,0.022555884477962716,,
10000102,transient_nonpersistent,Transient non-persistence,103,tuned_level,10.0,0.9831867612253015,0.022390170133897443,,
10000102,transient_nonpersistent,Transient non-persistence,103,tuned_level,30.0,0.9824081717769475,0.0223679915263941,,
10000102,transient_nonpersistent,Transient non-persistence,103,tuned_level,100.0,0.9821180819362326,0.022363241824579445,,
10000102,transient_nonpersistent,Transient non-persistence,103,tuned_level,300.0,0.9820355606971414,0.022362277070706957,,
10000102,transient_nonpersistent,Transient non-persistence,103,tuned_level_slope,0.1,1.0565394243583068,0.0326283485341193,5.2,1.0
10000102,transient_nonpersistent,Transient non-persistence,103,tuned_level_slope,0.3,1.01305530866517,0.02671246284912683,2.9916666666666667,1.0
10000102,transient_nonpersistent,Transient non-persistence,103,tuned_level_slope,1.0,0.9905536496392583,0.02298600984801275,2.0083333333333333,1.0
10000102,transient_nonpersistent,Transient non-persistence,103,tuned_level_slope,3.0,0.9846073732113718,0.022487154840134672,1.5333333333333334,1.0
10000102,transient_nonpersistent,Transient non-persistence,103,tuned_level_slope,10.0,0.9829303224217983,0.022385753157493173,1.2833333333333334,1.0
10000102,transient_nonpersistent,Transient non-persistence,103,tuned_level_slope,30.0,0.9823274137310999,0.02236831666942178,1.2333333333333334,1.0
10000102,transient_nonpersistent,Transient non-persistence,103,tuned_level_slope,100.0,0.9820932722706873,0.022363575077795645,1.2166666666666666,1.0
10000102,transient_nonpersistent,Transient non-persistence,103,tuned_level_slope,300.0,0.9820276198348954,0.022362398266453608,1.2166666666666666,1.0
10000103,transient_nonpersistent,Transient non-persistence,104,tuned_level,0.0,2.0200264509495938,0.21256511578121512,,
10000103,transient_nonpersistent,Transient non-persistence,104,tuned_level,0.03,1.7084703049544265,0.14806083275365697,,
10000103,transient_nonpersistent,Transient non-persistence,104,tuned_level,0.1,1.184541915760638,0.04890812966111598,,
10000103,transient_nonpersistent,Transient non-persistence,104,tuned_level,0.3,1.0383541528329028,0.028309139445262352,,
10000103,transient_nonpersistent,Transient non-persistence,104,tuned_level,1.0,1.0156777557984475,0.023244903183780304,,
10000103,transient_nonpersistent,Transient non-persistence,104,tuned_level,3.0,1.007098695131102,0.022393506399612923,,
10000103,transient_nonpersistent,Transient non-persistence,104,tuned_level,10.0,1.003050394583718,0.02227453138493423,,
10000103,transient_nonpersistent,Transient non-persistence,104,tuned_level,30.0,1.0021323519153527,0.022271748470941075,,
10000103,transient_nonpersistent,Transient non-persistence,104,tuned_level,100.0,1.001812737678265,0.022273601325346816,,
10000103,transient_nonpersistent,Transient non-persistence,104,tuned_level,300.0,1.0017294712147904,0.02227343618256722,,
10000103,transient_nonpersistent,Transient non-persistence,104,tuned_level_slope,0.1,1.0904689610344525,0.04014149727915387,5.683333333333334,1.0
10000103,transient_nonpersistent,Transient non-persistence,104,tuned_level_slope,0.3,1.0183721680406517,0.026454199879567316,3.275,1.0
10000103,transient_nonpersistent,Transient non-persistence,104,tuned_level_slope,1.0,1.010713963033259,0.023026224819778073,1.7916666666666667,1.0
10000103,transient_nonpersistent,Transient non-persistence,104,tuned_level_slope,3.0,1.0055147253662486,0.022416296661602435,1.3833333333333333,1.0
10000103,transient_nonpersistent,Transient non-persistence,104,tuned_level_slope,10.0,1.0026900831737424,0.022298496315012403,1.2583333333333333,1.0
10000103,transient_nonpersistent,Transient non-persistence,104,tuned_level_slope,30.0,1.0020044921977536,0.022280501232435614,1.2,1.0
10000103,transient_nonpersistent,Transient non-persistence,104,tuned_level_slope,100.0,1.0017758922966729,0.022276212139604044,1.175,1.0
10000103,transient_nonpersistent,Transient non-persistence,104,tuned_level_slope,300.0,1.001718976312864,0.02227416444001907,1.1666666666666667,1.0
10000104,transient_nonpersistent,Transient non-persistence,105,tuned_level,0.0,1.9996846490580953,0.17951657843236968,,
10000104,transient_nonpersistent,Transient non-persistence,105,tuned_level,0.03,1.73535036152691,0.13849617656801644,,
10000104,transient_nonpersistent,Transient non-persistence,105,tuned_level,0.1,1.158622242599597,0.04345272275547048,,
10000104,transient_nonpersistent,Transient non-persistence,105,tuned_level,0.3,1.0175973659233108,0.028863695645218842,,
10000104,transient_nonpersistent,Transient non-persistence,105,tuned_level,1.0,0.986924640867261,0.02218733307909166,,
10000104,transient_nonpersistent,Transient non-persistence,105,tuned_level,3.0,0.9754590660885369,0.021454952082782204,,
10000104,transient_nonpersistent,Transient non-persistence,105,tuned_level,10.0,0.9693167628548606,0.021727939227893886,,
10000104,transient_nonpersistent,Transient non-persistence,105,tuned_level,30.0,0.9676984616973756,0.02190129713537237,,
10000104,transient_nonpersistent,Transient non-persistence,105,tuned_level,100.0,0.9671571176209274,0.021970432730591384,,
10000104,transient_nonpersistent,Transient non-persistence,105,tuned_level,300.0,0.9670029202073642,0.021990951538193488,,
10000104,transient_nonpersistent,Transient non-persistence,105,tuned_level_slope,0.1,1.0587388440250145,0.03352251057595245,6.55,1.0
10000104,transient_nonpersistent,Transient non-persistence,105,tuned_level_slope,0.3,0.9934024221049966,0.025425061220027637,3.441666666666667,1.0
10000104,transient_nonpersistent,Transient non-persistence,105,tuned_level_slope,1.0,0.9788748710464532,0.02158006501442896,2.183333333333333,1.0
10000104,transient_nonpersistent,Transient non-persistence,105,tuned_level_slope,3.0,0.9718824809383825,0.021408478822257382,1.5583333333333333,1.0
10000104,transient_nonpersistent,Transient non-persistence,105,tuned_level_slope,10.0,0.9683357512547289,0.021742549501804084,1.2833333333333334,1.0
10000104,transient_nonpersistent,Transient non-persistence,105,tuned_level_slope,30.0,0.9673888397773885,0.021907689559952787,1.225,1.0
10000104,transient_nonpersistent,Transient non-persistence,105,tuned_level_slope,100.0,0.9670626359928479,0.021972562504794155,1.2083333333333333,1.0
10000104,transient_nonpersistent,Transient non-persistence,105,tuned_level_slope,300.0,0.966971282142302,0.021991688428281142,1.2166666666666666,1.0
10000105,transient_nonpersistent,Transient non-persistence,106,tuned_level,0.0,1.8024047700599881,0.17245713209284227,,
10000105,transient_nonpersistent,Transient non-persistence,106,tuned_level,0.03,1.5531708590708402,0.11217934752894261,,
10000105,transient_nonpersistent,Transient non-persistence,106,tuned_level,0.1,1.1342000510355728,0.04224577401113685,,
10000105,transient_nonpersistent,Transient non-persistence,106,tuned_level,0.3,1.0430131034783894,0.031739864438661565,,
10000105,transient_nonpersistent,Transient non-persistence,106,tuned_level,1.0,1.0274939097052802,0.027995197209825965,,
10000105,transient_nonpersistent,Transient non-persistence,106,tuned_level,3.0,1.019429738247069,0.027486948270897177,,
10000105,transient_nonpersistent,Transient non-persistence,106,tuned_level,10.0,1.0162114390746442,0.02741026177379133,,
10000105,transient_nonpersistent,Transient non-persistence,106,tuned_level,30.0,1.015286122044022,0.027409624634487564,,
10000105,transient_nonpersistent,Transient non-persistence,106,tuned_level,100.0,1.0149603962767335,0.02741140836694445,,
10000105,transient_nonpersistent,Transient non-persistence,106,tuned_level,300.0,1.014867331771794,0.027412097272112048,,
10000105,transient_nonpersistent,Transient non-persistence,106,tuned_level_slope,0.1,1.071307704282686,0.03869451897894356,6.0,1.0
10000105,transient_nonpersistent,Transient non-persistence,106,tuned_level_slope,0.3,1.0294022921059829,0.030559438875112133,3.25,1.0
10000105,transient_nonpersistent,Transient non-persistence,106,tuned_level_slope,1.0,1.022159138165131,0.027900304484828848,1.9833333333333334,1.0
10000105,transient_nonpersistent,Transient non-persistence,106,tuned_level_slope,3.0,1.0181773812741126,0.02747735173428563,1.2916666666666667,1.0
10000105,transient_nonpersistent,Transient non-persistence,106,tuned_level_slope,10.0,1.0158405036658877,0.027419966030480795,1.1666666666666667,1.0
10000105,transient_nonpersistent,Transient non-persistence,106,tuned_level_slope,30.0,1.015168316225556,0.027413459907099546,1.1416666666666666,1.0
10000105,transient_nonpersistent,Transient non-persistence,106,tuned_level_slope,100.0,1.0149250545311939,0.027412640098407354,1.1333333333333333,1.0
10000105,transient_nonpersistent,Transient non-persistence,106,tuned_level_slope,300.0,1.0148555511899475,0.02741251557542769,1.1333333333333333,1.0
10000106,transient_nonpersistent,Transient non-persistence,107,tuned_level,0.0,1.8415687130301956,0.13452585920430743,,
10000106,transient_nonpersistent,Transient non-persistence,107,tuned_level,0.03,1.6251111868855805,0.10377267260302363,,
10000106,transient_nonpersistent,Transient non-persistence,107,tuned_level,0.1,1.27204309456469,0.05915497022739746,,
10000106,transient_nonpersistent,Transient non-persistence,107,tuned_level,0.3,1.0993416836396857,0.04549078579549197,,
10000106,transient_nonpersistent,Transient non-persistence,107,tuned_level,1.0,1.065206491645486,0.04262823918960079,,
10000106,transient_nonpersistent,Transient non-persistence,107,tuned_level,3.0,1.055514311851106,0.043279199531792635,,
10000106,transient_nonpersistent,Transient non-persistence,107,tuned_level,10.0,1.051540803833062,0.043705752472916665,,
10000106,transient_nonpersistent,Transient non-persistence,107,tuned_level,30.0,1.0504679693892907,0.043839339764503174,,
10000106,transient_nonpersistent,Transient non-persistence,107,tuned_level,100.0,1.0500926334692855,0.04388750707877865,,
10000106,transient_nonpersistent,Transient non-persistence,107,tuned_level,300.0,1.0499772359948214,0.043901890060605124,,
10000106,transient_nonpersistent,Transient non-persistence,107,tuned_level_slope,0.1,1.1717159183406867,0.05057264980910918,5.85,1.0
10000106,transient_nonpersistent,Transient non-persistence,107,tuned_level_slope,0.3,1.0765753528024722,0.04406859383981062,3.3666666666666667,1.0
10000106,transient_nonpersistent,Transient non-persistence,107,tuned_level_slope,1.0,1.0591048297137027,0.04287055715421044,2.2333333333333334,1.0
10000106,transient_nonpersistent,Transient non-persistence,107,tuned_level_slope,3.0,1.0532946411422475,0.04337315891614804,1.4166666666666667,1.0
10000106,transient_nonpersistent,Transient non-persistence,107,tuned_level_slope,10.0,1.0509587191394827,0.043737115409547646,1.3333333333333333,1.0
10000106,transient_nonpersistent,Transient non-persistence,107,tuned_level_slope,30.0,1.050273123900982,0.04385049133606988,1.3166666666666667,1.0
10000106,transient_nonpersistent,Transient non-persistence,107,tuned_level_slope,100.0,1.0500312687317204,0.04389110939886463,1.3083333333333333,1.0
10000106,transient_nonpersistent,Transient non-persistence,107,tuned_level_slope,300.0,1.0499570540977428,0.04390308529405668,1.2916666666666667,1.0
10000107,transient_nonpersistent,Transient non-persistence,108,tuned_level,0.0,1.658866540916715,0.12861187080843337,,
10000107,transient_nonpersistent,Transient non-persistence,108,tuned_level,0.03,1.4424575680883374,0.08488951041547516,,
10000107,transient_nonpersistent,Transient non-persistence,108,tuned_level,0.1,1.1176421286593883,0.031006945125668282,,
10000107,transient_nonpersistent,Transient non-persistence,108,tuned_level,0.3,1.0512149616225461,0.024244336846973216,,
10000107,transient_nonpersistent,Transient non-persistence,108,tuned_level,1.0,1.0284469544670984,0.022415209458635822,,
10000107,transient_nonpersistent,Transient non-persistence,108,tuned_level,3.0,1.0248117206536866,0.022581286349445596,,
10000107,transient_nonpersistent,Transient non-persistence,108,tuned_level,10.0,1.024686713861234,0.02305202294121928,,
10000107,transient_nonpersistent,Transient non-persistence,108,tuned_level,30.0,1.024814404822217,0.023216631417133066,,
10000107,transient_nonpersistent,Transient non-persistence,108,tuned_level,100.0,1.0249920696920694,0.023270785614065773,,
10000107,transient_nonpersistent,Transient non-persistence,108,tuned_level,300.0,1.0250428310834558,0.02328670664996876,,
10000107,transient_nonpersistent,Transient non-persistence,108,tuned_level_slope,0.1,1.0641002819437058,0.02729503135154192,5.75,1.0
10000107,transient_nonpersistent,Transient non-persistence,108,tuned_level_slope,0.3,1.035116154869047,0.023396730742697453,3.341666666666667,1.0
10000107,transient_nonpersistent,Transient non-persistence,108,tuned_level_slope,1.0,1.0266771852034584,0.02253503281692447,1.9333333333333333,1.0
10000107,transient_nonpersistent,Transient non-persistence,108,tuned_level_slope,3.0,1.0253941588696855,0.022856715246257032,1.5916666666666666,1.0
10000107,transient_nonpersistent,Transient non-persistence,108,tuned_level_slope,10.0,1.0248739921977796,0.023130900193323093,1.4166666666666667,1.0
10000107,transient_nonpersistent,Transient non-persistence,108,tuned_level_slope,30.0,1.0249190407124884,0.023242703467487375,1.3083333333333333,1.0
10000107,transient_nonpersistent,Transient non-persistence,108,tuned_level_slope,100.0,1.0250234604591506,0.023278839532268596,1.275,1.0
10000107,transient_nonpersistent,Transient non-persistence,108,tuned_level_slope,300.0,1.0250532946724826,0.023289413317790334,1.2666666666666666,1.0
10000108,transient_nonpersistent,Transient non-persistence,109,tuned_level,0.0,1.791613196667217,0.14586676115393105,,
10000108,transient_nonpersistent,Transient non-persistence,109,tuned_level,0.03,1.5934659187727997,0.11926673741927726,,
10000108,transient_nonpersistent,Transient non-persistence,109,tuned_level,0.1,1.2001024070718642,0.043998270629716216,,
10000108,transient_nonpersistent,Transient non-persistence,109,tuned_level,0.3,1.062380557047295,0.02950828226946076,,
10000108,transient_nonpersistent,Transient non-persistence,109,tuned_level,1.0,1.025781101178364,0.025493563268094592,,
10000108,transient_nonpersistent,Transient non-persistence,109,tuned_level,3.0,1.0149691889336871,0.024817566593591824,,
10000108,transient_nonpersistent,Transient non-persistence,109,tuned_level,10.0,1.0112933309699284,0.024693365126805925,,
10000108,transient_nonpersistent,Transient non-persistence,109,tuned_level,30.0,1.0103385586373366,0.024677490459594383,,
10000108,transient_nonpersistent,Transient non-persistence,109,tuned_level,100.0,1.010020589954316,0.024673695319122696,,
10000108,transient_nonpersistent,Transient non-persistence,109,tuned_level,300.0,1.0099354021637117,0.024672107065642282,,
10000108,transient_nonpersistent,Transient non-persistence,109,tuned_level_slope,0.1,1.11130377326244,0.03529595193668898,6.15,1.0
10000108,transient_nonpersistent,Transient non-persistence,109,tuned_level_slope,0.3,1.0418952052845702,0.02718452874235966,3.433333333333333,1.0
10000108,transient_nonpersistent,Transient non-persistence,109,tuned_level_slope,1.0,1.0205840729669098,0.024967003994408793,2.0166666666666666,1.0
10000108,transient_nonpersistent,Transient non-persistence,109,tuned_level_slope,3.0,1.0134798041083677,0.02467463679784273,1.5083333333333333,1.0
10000108,transient_nonpersistent,Transient non-persistence,109,tuned_level_slope,10.0,1.0109025483279404,0.02466750445000968,1.2916666666666667,1.0
10000108,transient_nonpersistent,Transient non-persistence,109,tuned_level_slope,30.0,1.0102144026633535,0.024669566012407034,1.2416666666666667,1.0
10000108,transient_nonpersistent,Transient non-persistence,109,tuned_level_slope,100.0,1.0099851188782667,0.024671208237963687,1.2333333333333334,1.0
10000108,transient_nonpersistent,Transient non-persistence,109,tuned_level_slope,300.0,1.0099235784716951,0.024671293184042424,1.2333333333333334,1.0
10000109,transient_nonpersistent,Transient non-persistence,110,tuned_level,0.0,1.7680545186013041,0.17345257242231468,,
10000109,transient_nonpersistent,Transient non-persistence,110,tuned_level,0.03,1.542112550395005,0.12755298353754302,,
10000109,transient_nonpersistent,Transient non-persistence,110,tuned_level,0.1,1.1232988663920842,0.0432455106786117,,
10000109,transient_nonpersistent,Transient non-persistence,110,tuned_level,0.3,0.9932011119441871,0.027065343308538107,,
10000109,transient_nonpersistent,Transient non-persistence,110,tuned_level,1.0,0.9793142649180078,0.02290205891353585,,
10000109,transient_nonpersistent,Transient non-persistence,110,tuned_level,3.0,0.9736129858562003,0.022412350945656943,,
10000109,transient_nonpersistent,Transient non-persistence,110,tuned_level,10.0,0.9713175482918612,0.022396903570520005,,
10000109,transient_nonpersistent,Transient non-persistence,110,tuned_level,30.0,0.9705869620325362,0.02241775787866038,,
10000109,transient_nonpersistent,Transient non-persistence,110,tuned_level,100.0,0.9703226192413693,0.022428998300723618,,
10000109,transient_nonpersistent,Transient non-persistence,110,tuned_level,300.0,0.970248342869593,0.022432648969589655,,
10000109,transient_nonpersistent,Transient non-persistence,110,tuned_level_slope,0.1,1.0416998780227609,0.0327096165487428,5.5,1.0
10000109,transient_nonpersistent,Transient non-persistence,110,tuned_level_slope,0.3,0.9802024729544411,0.02443528820299164,3.075,1.0
10000109,transient_nonpersistent,Transient non-persistence,110,tuned_level_slope,1.0,0.9760452861237154,0.02250121148894232,1.9,1.0
10000109,transient_nonpersistent,Transient non-persistence,110,tuned_level_slope,3.0,0.9727703723656783,0.02235191169430916,1.3916666666666666,1.0
10000109,transient_nonpersistent,Transient non-persistence,110,tuned_level_slope,10.0,0.9710560209667669,0.022395173792975242,1.3416666666666666,1.0
10000109,transient_nonpersistent,Transient non-persistence,110,tuned_level_slope,30.0,0.9705172774641515,0.022417875072394896,1.2666666666666666,1.0
10000109,transient_nonpersistent,Transient non-persistence,110,tuned_level_slope,100.0,0.9703025704180972,0.022429215871380196,1.2583333333333333,1.0
10000109,transient_nonpersistent,Transient non-persistence,110,tuned_level_slope,300.0,0.9702416599285021,0.022432736339573222,1.2416666666666667,1.0
10000110,transient_nonpersistent,Transient non-persistence,111,tuned_level,0.0,1.9520703516159916,0.16290433118496808,,
10000110,transient_nonpersistent,Transient non-persistence,111,tuned_level,0.03,1.7156985140670875,0.12954311031278884,,
10000110,transient_nonpersistent,Transient non-persistence,111,tuned_level,0.1,1.1701500636767728,0.04078378792530972,,
10000110,transient_nonpersistent,Transient non-persistence,111,tuned_level,0.3,1.0797457021723682,0.030920604534533123,,
10000110,transient_nonpersistent,Transient non-persistence,111,tuned_level,1.0,1.062747701110169,0.026260681998719067,,
10000110,transient_nonpersistent,Transient non-persistence,111,tuned_level,3.0,1.056864043201493,0.025233306178102648,,
10000110,transient_nonpersistent,Transient non-persistence,111,tuned_level,10.0,1.0544890927461525,0.024927020252662052,,
10000110,transient_nonpersistent,Transient non-persistence,111,tuned_level,30.0,1.0536772252697122,0.024844775677703226,,
10000110,transient_nonpersistent,Transient non-persistence,111,tuned_level,100.0,1.0533953102865472,0.024819114200693403,,
10000110,transient_nonpersistent,Transient non-persistence,111,tuned_level,300.0,1.0533147631485,0.02481206051703148,,
10000110,transient_nonpersistent,Transient non-persistence,111,tuned_level_slope,0.1,1.1170783224676994,0.03594357999374114,5.233333333333333,1.0
10000110,transient_nonpersistent,Transient non-persistence,111,tuned_level_slope,0.3,1.069819553966425,0.02914426538842659,2.816666666666667,1.0
10000110,transient_nonpersistent,Transient non-persistence,111,tuned_level_slope,1.0,1.0596991805956408,0.02591760577513343,1.8416666666666666,1.0
10000110,transient_nonpersistent,Transient non-persistence,111,tuned_level_slope,3.0,1.0561836597597056,0.02511352009367751,1.425,1.0
10000110,transient_nonpersistent,Transient non-persistence,111,tuned_level_slope,10.0,1.0544036751640058,0.024894223691771904,1.2583333333333333,1.0
10000110,transient_nonpersistent,Transient non-persistence,111,tuned_level_slope,30.0,1.053643756640425,0.02483579782021375,1.2,1.0
10000110,transient_nonpersistent,Transient non-persistence,111,tuned_level_slope,100.0,1.053385269697761,0.024816549782982086,1.1833333333333333,1.0
10000110,transient_nonpersistent,Transient non-persistence,111,tuned_level_slope,300.0,1.0533114162855715,0.02481121801294182,1.1833333333333333,1.0
10000111,transient_nonpersistent,Transient non-persistence,112,tuned_level,0.0,2.1287695808154705,0.2175778889350925,,
10000111,transient_nonpersistent,Transient non-persistence,112,tuned_level,0.03,1.7997555172383575,0.17092963563005706,,
10000111,transient_nonpersistent,Transient non-persistence,112,tuned_level,0.1,1.115426620272776,0.042644297696068804,,
10000111,transient_nonpersistent,Transient non-persistence,112,tuned_level,0.3,1.0051418790443443,0.028951158898091755,,
10000111,transient_nonpersistent,Transient non-persistence,112,tuned_level,1.0,0.9864772478090014,0.025148512602914133,,
10000111,transient_nonpersistent,Transient non-persistence,112,tuned_level,3.0,0.981226932479066,0.024609411199498766,,
10000111,transient_nonpersistent,Transient non-persistence,112,tuned_level,10.0,0.9798704915113757,0.02439678005360827,,
10000111,transient_nonpersistent,Transient non-persistence,112,tuned_level,30.0,0.979728017172539,0.024327044798288792,,
10000111,transient_nonpersistent,Transient non-persistence,112,tuned_level,100.0,0.9796728050890979,0.024301867714400002,,
10000111,transient_nonpersistent,Transient non-persistence,112,tuned_level,300.0,0.9796570302081146,0.024295110207550256,,
10000111,transient_nonpersistent,Transient non-persistence,112,tuned_level_slope,0.1,1.043857649459763,0.03758292566037164,4.633333333333334,1.0
10000111,transient_nonpersistent,Transient non-persistence,112,tuned_level_slope,0.3,0.9919320458158735,0.028012249401648145,2.475,1.0
10000111,transient_nonpersistent,Transient non-persistence,112,tuned_level_slope,1.0,0.9835059102048157,0.024999937606474242,1.5833333333333333,1.0
10000111,transient_nonpersistent,Transient non-persistence,112,tuned_level_slope,3.0,0.9807880052779248,0.024510310509786255,1.3166666666666667,1.0
10000111,transient_nonpersistent,Transient non-persistence,112,tuned_level_slope,10.0,0.9798502674917874,0.024363702689461315,1.2333333333333334,1.0
10000111,transient_nonpersistent,Transient non-persistence,112,tuned_level_slope,30.0,0.9797471867237512,0.024313654395294655,1.1916666666666667,1.0
10000111,transient_nonpersistent,Transient non-persistence,112,tuned_level_slope,100.0,0.9796785559544616,0.02429809387888387,1.1666666666666667,1.0
10000111,transient_nonpersistent,Transient non-persistence,112,tuned_level_slope,300.0,0.9796589471632359,0.02429387547424977,1.1583333333333334,1.0
10000112,transient_nonpersistent,Transient non-persistence,113,tuned_level,0.0,1.704835406831277,0.12065207038640112,,
10000112,transient_nonpersistent,Transient non-persistence,113,tuned_level,0.03,1.4323845541048703,0.08552144607082773,,
10000112,transient_nonpersistent,Transient non-persistence,113,tuned_level,0.1,1.1023496302462654,0.033370096278628476,,
10000112,transient_nonpersistent,Transient non-persistence,113,tuned_level,0.3,1.0238278500664117,0.02577219475161967,,
10000112,transient_nonpersistent,Transient non-persistence,113,tuned_level,1.0,1.0106620080204247,0.024037264525555057,,
10000112,transient_nonpersistent,Transient non-persistence,113,tuned_level,3.0,1.008050441852317,0.02448533038292481,,
10000112,transient_nonpersistent,Transient non-persistence,113,tuned_level,10.0,1.0080724307393683,0.025165923024026985,,
10000112,transient_nonpersistent,Transient non-persistence,113,tuned_level,30.0,1.0082058283739173,0.02541696873358182,,
10000112,transient_nonpersistent,Transient non-persistence,113,tuned_level,100.0,1.0082938168322182,0.025503506456395052,,
10000112,transient_nonpersistent,Transient non-persistence,113,tuned_level,300.0,1.0083189563917327,0.025528457993890728,,
10000112,transient_nonpersistent,Transient non-persistence,113,tuned_level_slope,0.1,1.0538698384131127,0.028389928628913607,5.608333333333333,1.0
10000112,transient_nonpersistent,Transient non-persistence,113,tuned_level_slope,0.3,1.0164808678646038,0.023995243507043802,3.0083333333333333,1.0
10000112,transient_nonpersistent,Transient non-persistence,113,tuned_level_slope,1.0,1.0087446377660652,0.023883817032198853,1.8083333333333333,1.0
10000112,transient_nonpersistent,Transient non-persistence,113,tuned_level_slope,3.0,1.00791762478535,0.024563195981366373,1.4,1.0
10000112,transient_nonpersistent,Transient non-persistence,113,tuned_level_slope,10.0,1.0080690335742966,0.02519880305577522,1.25,1.0
10000112,transient_nonpersistent,Transient non-persistence,113,tuned_level_slope,30.0,1.008241251223258,0.02542644614172863,1.2333333333333334,1.0
10000112,transient_nonpersistent,Transient non-persistence,113,tuned_level_slope,100.0,1.0083046570035314,0.0255064281718372,1.2,1.0
10000112,transient_nonpersistent,Transient non-persistence,113,tuned_level_slope,300.0,1.0083225697821705,0.025529437998627006,1.1916666666666667,1.0
10000113,transient_nonpersistent,Transient non-persistence,114,tuned_level,0.0,1.7033852910114962,0.12993475638553037,,
10000113,transient_nonpersistent,Transient non-persistence,114,tuned_level,0.03,1.5375822352564392,0.119471234993821,,
10000113,transient_nonpersistent,Transient non-persistence,114,tuned_level,0.1,1.119839618979538,0.04107599867351987,,
10000113,transient_nonpersistent,Transient non-persistence,114,tuned_level,0.3,1.0332369382410271,0.02927108024297565,,
10000113,transient_nonpersistent,Transient non-persistence,114,tuned_level,1.0,1.0225912263836228,0.023670559171936077,,
10000113,transient_nonpersistent,Transient non-persistence,114,tuned_level,3.0,1.0198584003694842,0.02338575893052545,,
10000113,transient_nonpersistent,Transient non-persistence,114,tuned_level,10.0,1.0194918505212922,0.023577096314745537,,
10000113,transient_nonpersistent,Transient non-persistence,114,tuned_level,30.0,1.0194247102429805,0.02371460162643798,,
10000113,transient_nonpersistent,Transient non-persistence,114,tuned_level,100.0,1.0194070280524856,0.02377230858946829,,
10000113,transient_nonpersistent,Transient non-persistence,114,tuned_level,300.0,1.0194023457032488,0.023789377334402107,,
10000113,transient_nonpersistent,Transient non-persistence,114,tuned_level_slope,0.1,1.078801511286007,0.03537426236300312,4.941666666666666,1.0
10000113,transient_nonpersistent,Transient non-persistence,114,tuned_level_slope,0.3,1.027518170815135,0.026455622017655653,2.9583333333333335,1.0
10000113,transient_nonpersistent,Transient non-persistence,114,tuned_level_slope,1.0,1.0223455080496344,0.023567612622906173,1.9833333333333334,1.0
10000113,transient_nonpersistent,Transient non-persistence,114,tuned_level_slope,3.0,1.020297218843832,0.023490909007436125,1.5583333333333333,1.0
10000113,transient_nonpersistent,Transient non-persistence,114,tuned_level_slope,10.0,1.0197117119423351,0.02365972708793698,1.4083333333333334,1.0
10000113,transient_nonpersistent,Transient non-persistence,114,tuned_level_slope,30.0,1.019498592846572,0.023741203106033764,1.325,1.0
10000113,transient_nonpersistent,Transient non-persistence,114,tuned_level_slope,100.0,1.0194291928335633,0.02378060373046221,1.2916666666666667,1.0
10000113,transient_nonpersistent,Transient non-persistence,114,tuned_level_slope,300.0,1.019412677214476,0.023792182381244305,1.2666666666666666,1.0
10000114,transient_nonpersistent,Transient non-persistence,115,tuned_level,0.0,1.5534388230796707,0.11259090276072183,,
10000114,transient_nonpersistent,Transient non-persistence,115,tuned_level,0.03,1.3596692608408347,0.07006335230351635,,
10000114,transient_nonpersistent,Transient non-persistence,115,tuned_level,0.1,1.1169326912625877,0.037385964121951526,,
10000114,transient_nonpersistent,Transient non-persistence,115,tuned_level,0.3,1.0085054905974375,0.029347684361319046,,
10000114,transient_nonpersistent,Transient non-persistence,115,tuned_level,1.0,0.9826667014900041,0.024779647335232073,,
10000114,transient_nonpersistent,Transient non-persistence,115,tuned_level,3.0,0.9762025818791235,0.02387476969736537,,
10000114,transient_nonpersistent,Transient non-persistence,115,tuned_level,10.0,0.9751586216475463,0.023600529361564822,,
10000114,transient_nonpersistent,Transient non-persistence,115,tuned_level,30.0,0.9752103199912481,0.023546511670289105,,
10000114,transient_nonpersistent,Transient non-persistence,115,tuned_level,100.0,0.9752524565219561,0.023535250053776987,,
10000114,transient_nonpersistent,Transient non-persistence,115,tuned_level,300.0,0.9752657669846418,0.02353289609338617,,
10000114,transient_nonpersistent,Transient non-persistence,115,tuned_level_slope,0.1,1.037055460915907,0.031104406202347477,6.0,1.0
10000114,transient_nonpersistent,Transient non-persistence,115,tuned_level_slope,0.3,0.9921344230009598,0.026585920394073165,3.2916666666666665,1.0
10000114,transient_nonpersistent,Transient non-persistence,115,tuned_level_slope,1.0,0.977493230148593,0.024204014892395365,2.45,1.0
10000114,transient_nonpersistent,Transient non-persistence,115,tuned_level_slope,3.0,0.9760119422979745,0.02365781543244913,1.4916666666666667,1.0
10000114,transient_nonpersistent,Transient non-persistence,115,tuned_level_slope,10.0,0.9753681051352304,0.023545422726450244,1.3083333333333333,1.0
10000114,transient_nonpersistent,Transient non-persistence,115,tuned_level_slope,30.0,0.9752978968683517,0.023531366962947105,1.2583333333333333,1.0
10000114,transient_nonpersistent,Transient non-persistence,115,tuned_level_slope,100.0,0.9752812077824492,0.02353107748299615,1.2416666666666667,1.0
10000114,transient_nonpersistent,Transient non-persistence,115,tuned_level_slope,300.0,0.9752753507381394,0.02353155463440289,1.2166666666666666,1.0
10000115,transient_nonpersistent,Transient non-persistence,116,tuned_level,0.0,1.7052193959135815,0.15223840532366983,,
10000115,transient_nonpersistent,Transient non-persistence,116,tuned_level,0.03,1.4240999136377213,0.09535460471635585,,
10000115,transient_nonpersistent,Transient non-persistence,116,tuned_level,0.1,1.1195739069840998,0.03492734451593384,,
10000115,transient_nonpersistent,Transient non-persistence,116,tuned_level,0.3,1.047367929702083,0.025494715102057957,,
10000115,transient_nonpersistent,Transient non-persistence,116,tuned_level,1.0,1.0325903133892376,0.023292889418435724,,
10000115,transient_nonpersistent,Transient non-persistence,116,tuned_level,3.0,1.027593371946864,0.023362243468087216,,
10000115,transient_nonpersistent,Transient non-persistence,116,tuned_level,10.0,1.0264485446359635,0.023476434259306504,,
10000115,transient_nonpersistent,Transient non-persistence,116,tuned_level,30.0,1.026375455249686,0.02352066118720392,,
10000115,transient_nonpersistent,Transient non-persistence,116,tuned_level,100.0,1.0263441855009163,0.02353595793845746,,
10000115,transient_nonpersistent,Transient non-persistence,116,tuned_level,300.0,1.026335251286982,0.023540496942984084,,
10000115,transient_nonpersistent,Transient non-persistence,116,tuned_level_slope,0.1,1.0683526316940168,0.030974014894344797,5.933333333333334,1.0
10000115,transient_nonpersistent,Transient non-persistence,116,tuned_level_slope,0.3,1.036458157474925,0.024713472488605122,3.5166666666666666,1.0
10000115,transient_nonpersistent,Transient non-persistence,116,tuned_level_slope,1.0,1.029864299253064,0.023438617896764383,1.95,1.0
10000115,transient_nonpersistent,Transient non-persistence,116,tuned_level_slope,3.0,1.027163918804353,0.0234607252736577,1.3916666666666666,1.0
10000115,transient_nonpersistent,Transient non-persistence,116,tuned_level_slope,10.0,1.0264851594940267,0.023504202781780576,1.2666666666666666,1.0
10000115,transient_nonpersistent,Transient non-persistence,116,tuned_level_slope,30.0,1.0263858663700105,0.02353095299030587,1.225,1.0
10000115,transient_nonpersistent,Transient non-persistence,116,tuned_level_slope,100.0,1.0263485298689476,0.02353916352906053,1.2,1.0
10000115,transient_nonpersistent,Transient non-persistence,116,tuned_level_slope,300.0,1.0263366994096592,0.023541573056140814,1.1833333333333333,1.0
10000116,transient_nonpersistent,Transient non-persistence,117,tuned_level,0.0,1.9671628515152122,0.16649709065991228,,
10000116,transient_nonpersistent,Transient non-persistence,117,tuned_level,0.03,1.72395241903684,0.13126359569768778,,
10000116,transient_nonpersistent,Transient non-persistence,117,tuned_level,0.1,1.169203889075876,0.04374389539379285,,
10000116,transient_nonpersistent,Transient non-persistence,117,tuned_level,0.3,1.0365207661058957,0.03153364380152062,,
10000116,transient_nonpersistent,Transient non-persistence,117,tuned_level,1.0,1.008782920573257,0.02777627137984607,,
10000116,transient_nonpersistent,Transient non-persistence,117,tuned_level,3.0,0.9985803361472236,0.027325887180530035,,
10000116,transient_nonpersistent,Transient non-persistence,117,tuned_level,10.0,0.9956082106346674,0.027278349730427996,,
10000116,transient_nonpersistent,Transient non-persistence,117,tuned_level,30.0,0.9946263575572301,0.02730116977324869,,
10000116,transient_nonpersistent,Transient non-persistence,117,tuned_level,100.0,0.9943208156185247,0.027311774538403655,,
10000116,transient_nonpersistent,Transient non-persistence,117,tuned_level,300.0,0.9942349450563511,0.02731492926845366,,
10000116,transient_nonpersistent,Transient non-persistence,117,tuned_level_slope,0.1,1.094463128404546,0.0355898919292087,5.725,1.0
10000116,transient_nonpersistent,Transient non-persistence,117,tuned_level_slope,0.3,1.0159526916986032,0.02930635536340057,3.4833333333333334,1.0
10000116,transient_nonpersistent,Transient non-persistence,117,tuned_level_slope,1.0,1.001787393516554,0.027576269243510844,2.033333333333333,1.0
10000116,transient_nonpersistent,Transient non-persistence,117,tuned_level_slope,3.0,0.996509223914593,0.02732712200414745,1.575,1.0
10000116,transient_nonpersistent,Transient non-persistence,117,tuned_level_slope,10.0,0.9949850138396007,0.02728891340337182,1.3666666666666667,1.0
10000116,transient_nonpersistent,Transient non-persistence,117,tuned_level_slope,30.0,0.9944437507862283,0.027305570691545853,1.2916666666666667,1.0
10000116,transient_nonpersistent,Transient non-persistence,117,tuned_level_slope,100.0,0.9942650836484257,0.027313221729495647,1.25,1.0
10000116,transient_nonpersistent,Transient non-persistence,117,tuned_level_slope,300.0,0.9942154312959081,0.02731549479724585,1.2666666666666666,1.0
10000117,transient_nonpersistent,Transient non-persistence,118,tuned_level,0.0,1.8460168458335038,0.13578827919774306,,
10000117,transient_nonpersistent,Transient non-persistence,118,tuned_level,0.03,1.5816348766265682,0.0951440359057314,,
10000117,transient_nonpersistent,Transient non-persistence,118,tuned_level,0.1,1.2243742901167316,0.05665283139611254,,
10000117,transient_nonpersistent,Transient non-persistence,118,tuned_level,0.3,1.0659568002081603,0.03329174078708499,,
10000117,transient_nonpersistent,Transient non-persistence,118,tuned_level,1.0,1.022657143022008,0.027153888046125913,,
10000117,transient_nonpersistent,Transient non-persistence,118,tuned_level,3.0,1.0087683096044977,0.02652768804325177,,
10000117,transient_nonpersistent,Transient non-persistence,118,tuned_level,10.0,1.005044885491027,0.02665626348896664,,
10000117,transient_nonpersistent,Transient non-persistence,118,tuned_level,30.0,1.0038043314770302,0.026741783889030424,,
10000117,transient_nonpersistent,Transient non-persistence,118,tuned_level,100.0,1.003347594050408,0.026774784767132447,,
10000117,transient_nonpersistent,Transient non-persistence,118,tuned_level,300.0,1.003219395505126,0.026784947190072076,,
10000117,transient_nonpersistent,Transient non-persistence,118,tuned_level_slope,0.1,1.1337182790236073,0.04411450862973823,6.133333333333334,1.0
10000117,transient_nonpersistent,Transient non-persistence,118,tuned_level_slope,0.3,1.0481414178893396,0.030899612152056388,2.925,1.0
10000117,transient_nonpersistent,Transient non-persistence,118,tuned_level_slope,1.0,1.0197738782022094,0.027147395000092306,1.9416666666666667,1.0
10000117,transient_nonpersistent,Transient non-persistence,118,tuned_level_slope,3.0,1.00822677504618,0.026664647003594565,1.3666666666666667,1.0
10000117,transient_nonpersistent,Transient non-persistence,118,tuned_level_slope,10.0,1.0049250541849084,0.026711246037931777,1.3416666666666666,1.0
10000117,transient_nonpersistent,Transient non-persistence,118,tuned_level_slope,30.0,1.0037742273205237,0.02675995710284994,1.2416666666666667,1.0
10000117,transient_nonpersistent,Transient non-persistence,118,tuned_level_slope,100.0,1.0033410979968302,0.02678087990743168,1.1916666666666667,1.0
10000117,transient_nonpersistent,Transient non-persistence,118,tuned_level_slope,300.0,1.0032172301539335,0.026786998053376254,1.1916666666666667,1.0
10000118,transient_nonpersistent,Transient non-persistence,119,tuned_level,0.0,2.0020024823768012,0.181766126330049,,
10000118,transient_nonpersistent,Transient non-persistence,119,tuned_level,0.03,1.7904554548002578,0.14001648900636662,,
10000118,transient_nonpersistent,Transient non-persistence,119,tuned_level,0.1,1.221816595932985,0.04813223493877985,,
10000118,transient_nonpersistent,Transient non-persistence,119,tuned_level,0.3,1.0870152813634208,0.03109566558623145,,
10000118,transient_nonpersistent,Transient non-persistence,119,tuned_level,1.0,1.044384949875845,0.025368353692232906,,
10000118,transient_nonpersistent,Transient non-persistence,119,tuned_level,3.0,1.0313107513636368,0.02435952040722768,,
10000118,transient_nonpersistent,Transient non-persistence,119,tuned_level,10.0,1.028039049568162,0.023902313937800474,,
10000118,transient_nonpersistent,Transient non-persistence,119,tuned_level,30.0,1.0267954094262095,0.02381001144262588,,
10000118,transient_nonpersistent,Transient non-persistence,119,tuned_level,100.0,1.0263506332739243,0.023784607334804746,,
10000118,transient_nonpersistent,Transient non-persistence,119,tuned_level,300.0,1.0262274682984676,0.023778484168196928,,
10000118,transient_nonpersistent,Transient non-persistence,119,tuned_level_slope,0.1,1.1348131241869435,0.0400709667455678,6.025,1.0
10000118,transient_nonpersistent,Transient non-persistence,119,tuned_level_slope,0.3,1.061773843117101,0.029039376094606367,3.325,1.0
10000118,transient_nonpersistent,Transient non-persistence,119,tuned_level_slope,1.0,1.0391365511894797,0.02502273539471184,1.7666666666666666,1.0
10000118,transient_nonpersistent,Transient non-persistence,119,tuned_level_slope,3.0,1.0306020689115587,0.02406061705661666,1.6583333333333334,1.0
10000118,transient_nonpersistent,Transient non-persistence,119,tuned_level_slope,10.0,1.0279053908529538,0.023817420706784883,1.4,1.0
10000118,transient_nonpersistent,Transient non-persistence,119,tuned_level_slope,30.0,1.0267621630924013,0.023785398123638984,1.2916666666666667,1.0
10000118,transient_nonpersistent,Transient non-persistence,119,tuned_level_slope,100.0,1.0263424651981337,0.023777870313644065,1.25,1.0
10000118,transient_nonpersistent,Transient non-persistence,119,tuned_level_slope,300.0,1.0262247456065374,0.02377627408430329,1.25,1.0
10000119,transient_nonpersistent,Transient non-persistence,120,tuned_level,0.0,1.9241968922180077,0.1703709134646449,,
10000119,transient_nonpersistent,Transient non-persistence,120,tuned_level,0.03,1.6337740180994087,0.11848984007456949,,
10000119,transient_nonpersistent,Transient non-persistence,120,tuned_level,0.1,1.1436414212839954,0.042148647422837394,,
10000119,transient_nonpersistent,Transient non-persistence,120,tuned_level,0.3,1.012517194939075,0.02727182019390246,,
10000119,transient_nonpersistent,Transient non-persistence,120,tuned_level,1.0,0.9825548636603562,0.022935406523688345,,
10000119,transient_nonpersistent,Transient non-persistence,120,tuned_level,3.0,0.9722040413996335,0.02208364916422853,,
10000119,transient_nonpersistent,Transient non-persistence,120,tuned_level,10.0,0.96917275489334,0.022055306870718994,,
10000119,transient_nonpersistent,Transient non-persistence,120,tuned_level,30.0,0.9684863978186135,0.022070335862619667,,
10000119,transient_nonpersistent,Transient non-persistence,120,tuned_level,100.0,0.9682217327003045,0.02207971666817703,,
10000119,transient_nonpersistent,Transient non-persistence,120,tuned_level,300.0,0.96814428690869,0.022082857902913578,,
10000119,transient_nonpersistent,Transient non-persistence,120,tuned_level_slope,0.1,1.045520375048811,0.03224720408874157,5.541666666666667,1.0
10000119,transient_nonpersistent,Transient non-persistence,120,tuned_level_slope,0.3,0.9901585546242003,0.024468372398028636,3.341666666666667,1.0
10000119,transient_nonpersistent,Transient non-persistence,120,tuned_level_slope,1.0,0.9768927236111823,0.0225458217503364,1.8416666666666666,1.0
10000119,transient_nonpersistent,Transient non-persistence,120,tuned_level_slope,3.0,0.9710967814942493,0.02207758562479547,1.2916666666666667,1.0
10000119,transient_nonpersistent,Transient non-persistence,120,tuned_level_slope,10.0,0.9688989349378335,0.022058107324318264,1.2416666666666667,1.0
10000119,transient_nonpersistent,Transient non-persistence,120,tuned_level_slope,30.0,0.9683929976939718,0.022072968265039357,1.1916666666666667,1.0
10000119,transient_nonpersistent,Transient non-persistence,120,tuned_level_slope,100.0,0.9681927909197774,0.02208073378809978,1.2,1.0
10000119,transient_nonpersistent,Transient non-persistence,120,tuned_level_slope,300.0,0.9681344138343321,0.02208320529352631,1.1833333333333333,1.0
10000120,transient_nonpersistent,Transient non-persistence,121,tuned_level,0.0,1.8145043178599967,0.12665425686846357,,
10000120,transient_nonpersistent,Transient non-persistence,121,tuned_level,0.03,1.6192952376111192,0.10629523094938619,,
10000120,transient_nonpersistent,Transient non-persistence,121,tuned_level,0.1,1.1663167081597223,0.049830089242285755,,
10000120,transient_nonpersistent,Transient non-persistence,121,tuned_level,0.3,1.0272950219721864,0.029184482878708597,,
10000120,transient_nonpersistent,Transient non-persistence,121,tuned_level,1.0,1.00035860670425,0.022840621025592183,,
10000120,transient_nonpersistent,Transient non-persistence,121,tuned_level,3.0,0.9898076648870483,0.021635853093993105,,
10000120,transient_nonpersistent,Transient non-persistence,121,tuned_level,10.0,0.9850383672646866,0.02148349459963318,,
10000120,transient_nonpersistent,Transient non-persistence,121,tuned_level,30.0,0.983768507566986,0.021492655145115912,,
10000120,transient_nonpersistent,Transient non-persistence,121,tuned_level,100.0,0.9833416956980414,0.021501295115573246,,
10000120,transient_nonpersistent,Transient non-persistence,121,tuned_level,300.0,0.9832155744427534,0.021504878962911145,,
10000120,transient_nonpersistent,Transient non-persistence,121,tuned_level_slope,0.1,1.0817954849089026,0.03882020743722946,4.725,1.0
10000120,transient_nonpersistent,Transient non-persistence,121,tuned_level_slope,0.3,1.0105528854187331,0.02635050287233176,2.6333333333333333,1.0
10000120,transient_nonpersistent,Transient non-persistence,121,tuned_level_slope,1.0,0.9949131040256535,0.02236305939936023,1.775,1.0
10000120,transient_nonpersistent,Transient non-persistence,121,tuned_level_slope,3.0,0.988208632693349,0.021593931784467738,1.4416666666666667,1.0
10000120,transient_nonpersistent,Transient non-persistence,121,tuned_level_slope,10.0,0.9846186586406792,0.021488848112617982,1.275,1.0
10000120,transient_nonpersistent,Transient non-persistence,121,tuned_level_slope,30.0,0.9836316964272116,0.021495657557562383,1.2333333333333334,1.0
10000120,transient_nonpersistent,Transient non-persistence,121,tuned_level_slope,100.0,0.9832983953713215,0.021502211637950283,1.225,1.0
10000120,transient_nonpersistent,Transient non-persistence,121,tuned_level_slope,300.0,0.9832012061046801,0.02150521094521731,1.225,1.0
10000121,transient_nonpersistent,Transient non-persistence,122,tuned_level,0.0,1.5944164374931362,0.1354829478987278,,
10000121,transient_nonpersistent,Transient non-persistence,122,tuned_level,0.03,1.4445188750116533,0.09113100922111232,,
10000121,transient_nonpersistent,Transient non-persistence,122,tuned_level,0.1,1.1480008210728814,0.03716364368702097,,
10000121,transient_nonpersistent,Transient non-persistence,122,tuned_level,0.3,1.0435277802290015,0.028097854901633225,,
10000121,transient_nonpersistent,Transient non-persistence,122,tuned_level,1.0,1.00101158571023,0.0235534411174082,,
10000121,transient_nonpersistent,Transient non-persistence,122,tuned_level,3.0,0.9869041286525615,0.022200035885471713,,
10000121,transient_nonpersistent,Transient non-persistence,122,tuned_level,10.0,0.9827337928116446,0.02201528331377938,,
10000121,transient_nonpersistent,Transient non-persistence,122,tuned_level,30.0,0.98152602370387,0.02201836607145284,,
10000121,transient_nonpersistent,Transient non-persistence,122,tuned_level,100.0,0.9811273181139124,0.022028711946598944,,
10000121,transient_nonpersistent,Transient non-persistence,122,tuned_level,300.0,0.9810247477368599,0.02203413881739361,,
10000121,transient_nonpersistent,Transient non-persistence,122,tuned_level_slope,0.1,1.0823373660609572,0.03023948328873333,6.191666666666666,1.0
10000121,transient_nonpersistent,Transient non-persistence,122,tuned_level_slope,0.3,1.0145183040362844,0.02536030072302037,3.191666666666667,1.0
10000121,transient_nonpersistent,Transient non-persistence,122,tuned_level_slope,1.0,0.9929334265454168,0.022892943422391603,1.75,1.0
10000121,transient_nonpersistent,Transient non-persistence,122,tuned_level_slope,3.0,0.9848606536731452,0.022107752666884004,1.4166666666666667,1.0
10000121,transient_nonpersistent,Transient non-persistence,122,tuned_level_slope,10.0,0.9822735495907171,0.022011558158612964,1.2166666666666666,1.0
10000121,transient_nonpersistent,Transient non-persistence,122,tuned_level_slope,30.0,0.9813701970512063,0.022019345971623805,1.2,1.0
10000121,transient_nonpersistent,Transient non-persistence,122,tuned_level_slope,100.0,0.981084518671557,0.022029783637015497,1.1916666666666667,1.0
10000121,transient_nonpersistent,Transient non-persistence,122,tuned_level_slope,300.0,0.9810108218011853,0.022034540657520148,1.1833333333333333,1.0
10000122,transient_nonpersistent,Transient non-persistence,123,tuned_level,0.0,1.7106683317601001,0.12927923162394064,,
10000122,transient_nonpersistent,Transient non-persistence,123,tuned_level,0.03,1.5437524491842676,0.11554011797341777,,
10000122,transient_nonpersistent,Transient non-persistence,123,tuned_level,0.1,1.1491749052799483,0.043880274739865284,,
10000122,transient_nonpersistent,Transient non-persistence,123,tuned_level,0.3,1.0590362782089995,0.02869546835470395,,
10000122,transient_nonpersistent,Transient non-persistence,123,tuned_level,1.0,1.0522097947028881,0.024179045285541115,,
10000122,transient_nonpersistent,Transient non-persistence,123,tuned_level,3.0,1.0512347698572708,0.023336404193646257,,
10000122,transient_nonpersistent,Transient non-persistence,123,tuned_level,10.0,1.051562716744046,0.02313867419716472,,
10000122,transient_nonpersistent,Transient non-persistence,123,tuned_level,30.0,1.0516704391335385,0.023101866853727063,,
10000122,transient_nonpersistent,Transient non-persistence,123,tuned_level,100.0,1.051740950793946,0.023089166773183904,,
10000122,transient_nonpersistent,Transient non-persistence,123,tuned_level,300.0,1.0517610969826339,0.023085664987241107,,
10000122,transient_nonpersistent,Transient non-persistence,123,tuned_level_slope,0.1,1.0914604829980996,0.035779241188035764,5.041666666666667,1.0
10000122,transient_nonpersistent,Transient non-persistence,123,tuned_level_slope,0.3,1.0526589293779864,0.02695179551313563,2.7916666666666665,1.0
10000122,transient_nonpersistent,Transient non-persistence,123,tuned_level_slope,1.0,1.0513407610804455,0.02394639428246578,1.6583333333333334,1.0
10000122,transient_nonpersistent,Transient non-persistence,123,tuned_level_slope,3.0,1.0514226492494507,0.02329680731757651,1.3583333333333334,1.0
10000122,transient_nonpersistent,Transient non-persistence,123,tuned_level_slope,10.0,1.0515885316269116,0.023129018694438782,1.25,1.0
10000122,transient_nonpersistent,Transient non-persistence,123,tuned_level_slope,30.0,1.0516946666134204,0.02309885438213513,1.2083333333333333,1.0
10000122,transient_nonpersistent,Transient non-persistence,123,tuned_level_slope,100.0,1.0517483871456375,0.02308831240274564,1.1916666666666667,1.0
10000122,transient_nonpersistent,Transient non-persistence,123,tuned_level_slope,300.0,1.0517635757665311,0.02308538592927607,1.1833333333333333,1.0
10000123,transient_nonpersistent,Transient non-persistence,124,tuned_level,0.0,1.6613803405895575,0.15893020485890252,,
10000123,transient_nonpersistent,Transient non-persistence,124,tuned_level,0.03,1.4822354807522315,0.12019184566148133,,
10000123,transient_nonpersistent,Transient non-persistence,124,tuned_level,0.1,1.2014687546298177,0.0575208090948474,,
10000123,transient_nonpersistent,Transient non-persistence,124,tuned_level,0.3,1.0673527971821848,0.03366057702945383,,
10000123,transient_nonpersistent,Transient non-persistence,124,tuned_level,1.0,1.0380370207356246,0.02849508795708821,,
10000123,transient_nonpersistent,Transient non-persistence,124,tuned_level,3.0,1.0287231203494618,0.02752173248642935,,
10000123,transient_nonpersistent,Transient non-persistence,124,tuned_level,10.0,1.0262686973016506,0.02733952814670165,,
10000123,transient_nonpersistent,Transient non-persistence,124,tuned_level,30.0,1.025673994556548,0.027327434990359785,,
10000123,transient_nonpersistent,Transient non-persistence,124,tuned_level,100.0,1.0254933086914872,0.027330547545820368,,
10000123,transient_nonpersistent,Transient non-persistence,124,tuned_level,300.0,1.0254373551542835,0.027331595327213673,,
10000123,transient_nonpersistent,Transient non-persistence,124,tuned_level_slope,0.1,1.1121522553019658,0.04459877317440392,6.066666666666666,1.0
10000123,transient_nonpersistent,Transient non-persistence,124,tuned_level_slope,0.3,1.0463103867682462,0.030847077741813278,3.2416666666666667,1.0
10000123,transient_nonpersistent,Transient non-persistence,124,tuned_level_slope,1.0,1.0323102853495458,0.02782573410960302,2.0416666666666665,1.0
10000123,transient_nonpersistent,Transient non-persistence,124,tuned_level_slope,3.0,1.0275836130636173,0.027379296479135933,1.375,1.0
10000123,transient_nonpersistent,Transient non-persistence,124,tuned_level_slope,10.0,1.0259187543331683,0.02731340770347995,1.2333333333333334,1.0
10000123,transient_nonpersistent,Transient non-persistence,124,tuned_level_slope,30.0,1.0255825672874126,0.027323180565111762,1.2083333333333333,1.0
10000123,transient_nonpersistent,Transient non-persistence,124,tuned_level_slope,100.0,1.025456192242455,0.027328854710126527,1.2,1.0
10000123,transient_nonpersistent,Transient non-persistence,124,tuned_level_slope,300.0,1.0254256537626376,0.02733108936550121,1.175,1.0
10000124,transient_nonpersistent,Transient non-persistence,125,tuned_level,0.0,1.8632308935874484,0.17614278387316584,,
10000124,transient_nonpersistent,Transient non-persistence,125,tuned_level,0.03,1.630091004314348,0.14020813273689148,,
10000124,transient_nonpersistent,Transient non-persistence,125,tuned_level,0.1,1.1421039350289268,0.03734277206698623,,
10000124,transient_nonpersistent,Transient non-persistence,125,tuned_level,0.3,1.0788189311141818,0.0271611379229812,,
10000124,transient_nonpersistent,Transient non-persistence,125,tuned_level,1.0,1.0645621466422515,0.024254357081750794,,
10000124,transient_nonpersistent,Transient non-persistence,125,tuned_level,3.0,1.0571576604292057,0.023805864481591055,,
10000124,transient_nonpersistent,Transient non-persistence,125,tuned_level,10.0,1.0563637058914355,0.023628123278171532,,
10000124,transient_nonpersistent,Transient non-persistence,125,tuned_level,30.0,1.0561332116073212,0.023647759154368262,,
10000124,transient_nonpersistent,Transient non-persistence,125,tuned_level,100.0,1.0560218131677976,0.023665473060292198,,
10000124,transient_nonpersistent,Transient non-persistence,125,tuned_level,300.0,1.0559860167882513,0.02367175738832217,,
10000124,transient_nonpersistent,Transient non-persistence,125,tuned_level_slope,0.1,1.0837830230519743,0.029004168153886855,4.775,1.0
10000124,transient_nonpersistent,Transient non-persistence,125,tuned_level_slope,0.3,1.0625298865724162,0.025282800430747435,2.7916666666666665,1.0
10000124,transient_nonpersistent,Transient non-persistence,125,tuned_level_slope,1.0,1.0579153613865475,0.02394299446416624,1.7916666666666667,1.0
10000124,transient_nonpersistent,Transient non-persistence,125,tuned_level_slope,3.0,1.0559084271415895,0.023704508769880787,1.3416666666666666,1.0
10000124,transient_nonpersistent,Transient non-persistence,125,tuned_level_slope,10.0,1.0560651238902445,0.02362410874265434,1.3333333333333333,1.0
10000124,transient_nonpersistent,Transient non-persistence,125,tuned_level_slope,30.0,1.0560108422605552,0.02365011548778496,1.3,1.0
10000124,transient_nonpersistent,Transient non-persistence,125,tuned_level_slope,100.0,1.0559827501635417,0.02366675715370191,1.25,1.0
10000124,transient_nonpersistent,Transient non-persistence,125,tuned_level_slope,300.0,1.0559729957868327,0.023672221029690913,1.2333333333333334,1.0
10000125,transient_nonpersistent,Transient non-persistence,126,tuned_level,0.0,1.8619819177645822,0.13175605396381251,,
10000125,transient_nonpersistent,Transient non-persistence,126,tuned_level,0.03,1.6204054688030805,0.10498163453623839,,
10000125,transient_nonpersistent,Transient non-persistence,126,tuned_level,0.1,1.1859671440537733,0.04622101090219254,,
10000125,transient_nonpersistent,Transient non-persistence,126,tuned_level,0.3,1.0815137816118423,0.028882936250179056,,
10000125,transient_nonpersistent,Transient non-persistence,126,tuned_level,1.0,1.0635899321727516,0.02503467534434775,,
10000125,transient_nonpersistent,Transient non-persistence,126,tuned_level,3.0,1.0567243362785692,0.024661698944531133,,
10000125,transient_nonpersistent,Transient non-persistence,126,tuned_level,10.0,1.0540292751705327,0.0246535489305413,,
10000125,transient_nonpersistent,Transient non-persistence,126,tuned_level,30.0,1.053026946465801,0.02467509323275128,,
10000125,transient_nonpersistent,Transient non-persistence,126,tuned_level,100.0,1.052638642189059,0.02468917596470809,,
10000125,transient_nonpersistent,Transient non-persistence,126,tuned_level,300.0,1.0525276981099903,0.024693577575952103,,
10000125,transient_nonpersistent,Transient non-persistence,126,tuned_level_slope,0.1,1.1195354835793903,0.03849577623032898,5.075,1.0
10000125,transient_nonpersistent,Transient non-persistence,126,tuned_level_slope,0.3,1.0703538409014892,0.0274875499760338,2.5833333333333335,1.0
10000125,transient_nonpersistent,Transient non-persistence,126,tuned_level_slope,1.0,1.0594553628740544,0.024903359571270788,1.875,1.0
10000125,transient_nonpersistent,Transient non-persistence,126,tuned_level_slope,3.0,1.0557845601685252,0.024677364051671445,1.4,1.0
10000125,transient_nonpersistent,Transient non-persistence,126,tuned_level_slope,10.0,1.0536960945863,0.024666168554295143,1.2916666666666667,1.0
10000125,transient_nonpersistent,Transient non-persistence,126,tuned_level_slope,30.0,1.0529274957712036,0.024681004550231315,1.2416666666666667,1.0
10000125,transient_nonpersistent,Transient non-persistence,126,tuned_level_slope,100.0,1.05260880698068,0.02469112180394354,1.1833333333333333,1.0
10000125,transient_nonpersistent,Transient non-persistence,126,tuned_level_slope,300.0,1.0525177530405303,0.024694242593732565,1.1833333333333333,1.0
10000126,transient_nonpersistent,Transient non-persistence,127,tuned_level,0.0,1.8904415117558004,0.14694411299499982,,
10000126,transient_nonpersistent,Transient non-persistence,127,tuned_level,0.03,1.702195517949179,0.13077241287725416,,
10000126,transient_nonpersistent,Transient non-persistence,127,tuned_level,0.1,1.1662927827452747,0.04485715621461564,,
10000126,transient_nonpersistent,Transient non-persistence,127,tuned_level,0.3,1.0815272104963458,0.03416538652040731,,
10000126,transient_nonpersistent,Transient non-persistence,127,tuned_level,1.0,1.0604657343421915,0.03163333905122171,,
10000126,transient_nonpersistent,Transient non-persistence,127,tuned_level,3.0,1.0540436008234602,0.03138282014271928,,
10000126,transient_nonpersistent,Transient non-persistence,127,tuned_level,10.0,1.051903166912728,0.03144787225355408,,
10000126,transient_nonpersistent,Transient non-persistence,127,tuned_level,30.0,1.0512705228817378,0.03148165953476791,,
10000126,transient_nonpersistent,Transient non-persistence,127,tuned_level,100.0,1.0510202805591566,0.03149809492262693,,
10000126,transient_nonpersistent,Transient non-persistence,127,tuned_level,300.0,1.0509631861258124,0.03150028676729016,,
10000126,transient_nonpersistent,Transient non-persistence,127,tuned_level_slope,0.1,1.1078049019929972,0.039211700166127954,5.691666666666666,1.0
10000126,transient_nonpersistent,Transient non-persistence,127,tuned_level_slope,0.3,1.064240456919545,0.03255806675403994,3.091666666666667,1.0
10000126,transient_nonpersistent,Transient non-persistence,127,tuned_level_slope,1.0,1.0552326597122934,0.03143039403873208,1.7333333333333334,1.0
10000126,transient_nonpersistent,Transient non-persistence,127,tuned_level_slope,3.0,1.052617477739446,0.03136923616446207,1.4416666666666667,1.0
10000126,transient_nonpersistent,Transient non-persistence,127,tuned_level_slope,10.0,1.0514744873003046,0.031452257709669126,1.3333333333333333,1.0
10000126,transient_nonpersistent,Transient non-persistence,127,tuned_level_slope,30.0,1.0511275710322796,0.031483982266544926,1.3166666666666667,1.0
10000126,transient_nonpersistent,Transient non-persistence,127,tuned_level_slope,100.0,1.0509801344594625,0.03149819065498441,1.2666666666666666,1.0
10000126,transient_nonpersistent,Transient non-persistence,127,tuned_level_slope,300.0,1.050949804092581,0.031500326734009494,1.25,1.0
10000127,transient_nonpersistent,Transient non-persistence,128,tuned_level,0.0,1.6200644246978764,0.10559253605690368,,
10000127,transient_nonpersistent,Transient non-persistence,128,tuned_level,0.03,1.4301583812627294,0.09358214495848806,,
10000127,transient_nonpersistent,Transient non-persistence,128,tuned_level,0.1,1.1239985518823365,0.04306128197906511,,
10000127,transient_nonpersistent,Transient non-persistence,128,tuned_level,0.3,1.0267109971811146,0.03099095256831442,,
10000127,transient_nonpersistent,Transient non-persistence,128,tuned_level,1.0,1.0181682842948605,0.02621177531436683,,
10000127,transient_nonpersistent,Transient non-persistence,128,tuned_level,3.0,1.0156894540042567,0.025487128354621143,,
10000127,transient_nonpersistent,Transient non-persistence,128,tuned_level,10.0,1.0159846738392566,0.025481986581130274,,
10000127,transient_nonpersistent,Transient non-persistence,128,tuned_level,30.0,1.0159846998179636,0.025516432703664133,,
10000127,transient_nonpersistent,Transient non-persistence,128,tuned_level,100.0,1.0160071206380565,0.025531464521909054,,
10000127,transient_nonpersistent,Transient non-persistence,128,tuned_level,300.0,1.0160140607118715,0.025536127976486786,,
10000127,transient_nonpersistent,Transient non-persistence,128,tuned_level_slope,0.1,1.0640135418972734,0.03465934822619832,5.325,1.0
10000127,transient_nonpersistent,Transient non-persistence,128,tuned_level_slope,0.3,1.0165764193727473,0.02823488356912467,2.808333333333333,1.0
10000127,transient_nonpersistent,Transient non-persistence,128,tuned_level_slope,1.0,1.0152149971710258,0.025771146865936186,1.8333333333333333,1.0
10000127,transient_nonpersistent,Transient non-persistence,128,tuned_level_slope,3.0,1.015566732111646,0.025425653900990032,1.4666666666666666,1.0
10000127,transient_nonpersistent,Transient non-persistence,128,tuned_level_slope,10.0,1.0159797938333661,0.025475923155460083,1.2916666666666667,1.0
10000127,transient_nonpersistent,Transient non-persistence,128,tuned_level_slope,30.0,1.015983126742816,0.025515832637131013,1.2083333333333333,1.0
10000127,transient_nonpersistent,Transient non-persistence,128,tuned_level_slope,100.0,1.0160069988124856,0.025531458588888386,1.1916666666666667,1.0
10000127,transient_nonpersistent,Transient non-persistence,128,tuned_level_slope,300.0,1.0160140201033478,0.025536137836639054,1.1833333333333333,1.0
10000128,transient_nonpersistent,Transient non-persistence,129,tuned_level,0.0,1.6568316181126277,0.1217924954560317,,
10000128,transient_nonpersistent,Transient non-persistence,129,tuned_level,0.03,1.4851601767236844,0.08902807610363493,,
10000128,transient_nonpersistent,Transient non-persistence,129,tuned_level,0.1,1.1429075943180251,0.03617376496373211,,
10000128,transient_nonpersistent,Transient non-persistence,129,tuned_level,0.3,1.0469427098574018,0.025108661834302402,,
10000128,transient_nonpersistent,Transient non-persistence,129,tuned_level,1.0,1.0141638112545477,0.022221434796505363,,
10000128,transient_nonpersistent,Transient non-persistence,129,tuned_level,3.0,1.0021674205928546,0.022332413251590938,,
10000128,transient_nonpersistent,Transient non-persistence,129,tuned_level,10.0,0.9972521093806689,0.022630815778259934,,
10000128,transient_nonpersistent,Transient non-persistence,129,tuned_level,30.0,0.9957608355080175,0.02273385751072817,,
10000128,transient_nonpersistent,Transient non-persistence,129,tuned_level,100.0,0.9952167466496358,0.02277291822950969,,
10000128,transient_nonpersistent,Transient non-persistence,129,tuned_level,300.0,0.9950758196907922,0.022782676518463146,,
10000128,transient_nonpersistent,Transient non-persistence,129,tuned_level_slope,0.1,1.0760836906255955,0.030213898209911362,6.033333333333333,1.0
10000128,transient_nonpersistent,Transient non-persistence,129,tuned_level_slope,0.3,1.0254448364667381,0.023368946106877262,3.3916666666666666,1.0
10000128,transient_nonpersistent,Transient non-persistence,129,tuned_level_slope,1.0,1.0076157368037029,0.022321738021691958,2.058333333333333,1.0
10000128,transient_nonpersistent,Transient non-persistence,129,tuned_level_slope,3.0,0.9996488693847386,0.02248672813134768,1.7166666666666666,1.0
10000128,transient_nonpersistent,Transient non-persistence,129,tuned_level_slope,10.0,0.996679465823031,0.022681020547515696,1.475,1.0
10000128,transient_nonpersistent,Transient non-persistence,129,tuned_level_slope,30.0,0.9955839031590776,0.02275204795896674,1.3666666666666667,1.0
10000128,transient_nonpersistent,Transient non-persistence,129,tuned_level_slope,100.0,0.9951733652400037,0.02277737395589387,1.3166666666666667,1.0
10000128,transient_nonpersistent,Transient non-persistence,129,tuned_level_slope,300.0,0.9950613592209147,0.02278417864883776,1.3166666666666667,1.0
10000129,transient_nonpersistent,Transient non-persistence,130,tuned_level,0.0,1.65237648568098,0.11494507221685285,,
10000129,transient_nonpersistent,Transient non-persistence,130,tuned_level,0.03,1.480237160773537,0.0897566888333323,,
10000129,transient_nonpersistent,Transient non-persistence,130,tuned_level,0.1,1.1638165834368597,0.041112121053597746,,
10000129,transient_nonpersistent,Transient non-persistence,130,tuned_level,0.3,1.0779215430155173,0.030334476611055157,,
10000129,transient_nonpersistent,Transient non-persistence,130,tuned_level,1.0,1.0441134818679423,0.027526405283033677,,
10000129,transient_nonpersistent,Transient non-persistence,130,tuned_level,3.0,1.0329201809906614,0.02746415903975913,,
10000129,transient_nonpersistent,Transient non-persistence,130,tuned_level,10.0,1.0300898085356502,0.027433797241996606,,
10000129,transient_nonpersistent,Transient non-persistence,130,tuned_level,30.0,1.0295014199467252,0.027464145726501275,,
10000129,transient_nonpersistent,Transient non-persistence,130,tuned_level,100.0,1.0293436556995108,0.027472046284022653,,
10000129,transient_nonpersistent,Transient non-persistence,130,tuned_level,300.0,1.029294430896536,0.0274747445788711,,
10000129,transient_nonpersistent,Transient non-persistence,130,tuned_level_slope,0.1,1.095485441687031,0.03493436841494914,6.433333333333334,1.0
10000129,transient_nonpersistent,Transient non-persistence,130,tuned_level_slope,0.3,1.059916110614732,0.02865831890319887,3.7916666666666665,1.0
10000129,transient_nonpersistent,Transient non-persistence,130,tuned_level_slope,1.0,1.0393874812500372,0.02728907424837677,2.35,1.0
10000129,transient_nonpersistent,Transient non-persistence,130,tuned_level_slope,3.0,1.0323523104440324,0.02739534360912247,1.6416666666666666,1.0
10000129,transient_nonpersistent,Transient non-persistence,130,tuned_level_slope,10.0,1.0300446364959195,0.02742767807322463,1.4916666666666667,1.0
10000129,transient_nonpersistent,Transient non-persistence,130,tuned_level_slope,30.0,1.0295151349950973,0.027452203117751792,1.4083333333333334,1.0
10000129,transient_nonpersistent,Transient non-persistence,130,tuned_level_slope,100.0,1.0293477254483592,0.02746867526679952,1.3416666666666666,1.0
10000129,transient_nonpersistent,Transient non-persistence,130,tuned_level_slope,300.0,1.0292957874794852,0.02747364100612885,1.325,1.0
10000130,transient_nonpersistent,Transient non-persistence,131,tuned_level,0.0,1.5129458648451783,0.0915162501241768,,
10000130,transient_nonpersistent,Transient non-persistence,131,tuned_level,0.03,1.3549798279658594,0.06905174584447116,,
10000130,transient_nonpersistent,Transient non-persistence,131,tuned_level,0.1,1.1097317730450584,0.034596450436252695,,
10000130,transient_nonpersistent,Transient non-persistence,131,tuned_level,0.3,1.0254448929394944,0.02730499793986875,,
10000130,transient_nonpersistent,Transient non-persistence,131,tuned_level,1.0,1.0064717562963577,0.024738296698376683,,
10000130,transient_nonpersistent,Transient non-persistence,131,tuned_level,3.0,1.0040922780661667,0.024518932333022853,,
10000130,transient_nonpersistent,Transient non-persistence,131,tuned_level,10.0,1.0040602131634755,0.024590699899923865,,
10000130,transient_nonpersistent,Transient non-persistence,131,tuned_level,30.0,1.0039573726511297,0.02463816824593067,,
10000130,transient_nonpersistent,Transient non-persistence,131,tuned_level,100.0,1.0039541385162103,0.02466258028310696,,
10000130,transient_nonpersistent,Transient non-persistence,131,tuned_level,300.0,1.0039710423881656,0.024669874868048083,,
10000130,transient_nonpersistent,Transient non-persistence,131,tuned_level_slope,0.1,1.0442424093069236,0.028787798125531058,6.033333333333333,1.0
10000130,transient_nonpersistent,Transient non-persistence,131,tuned_level_slope,0.3,1.010490601342355,0.02565866582371523,2.7583333333333333,1.0
10000130,transient_nonpersistent,Transient non-persistence,131,tuned_level_slope,1.0,1.0038510384300936,0.024500876968064727,1.7166666666666666,1.0
10000130,transient_nonpersistent,Transient non-persistence,131,tuned_level_slope,3.0,1.0032224072826563,0.024546820407926554,1.4,1.0
10000130,transient_nonpersistent,Transient non-persistence,131,tuned_level_slope,10.0,1.003790675475025,0.024609087536671834,1.2833333333333334,1.0
10000130,transient_nonpersistent,Transient non-persistence,131,tuned_level_slope,30.0,1.0038695512981965,0.02464461216516795,1.2333333333333334,1.0
10000130,transient_nonpersistent,Transient non-persistence,131,tuned_level_slope,100.0,1.0039293369713096,0.02466466023466294,1.225,1.0
10000130,transient_nonpersistent,Transient non-persistence,131,tuned_level_slope,300.0,1.003965658391056,0.02467033228395533,1.2,1.0
10000131,transient_nonpersistent,Transient non-persistence,132,tuned_level,0.0,1.5895967709147645,0.14893637309222132,,
10000131,transient_nonpersistent,Transient non-persistence,132,tuned_level,0.03,1.3803600590320984,0.11577708772039166,,
10000131,transient_nonpersistent,Transient non-persistence,132,tuned_level,0.1,1.0414079380404198,0.03100574218784834,,
10000131,transient_nonpersistent,Transient non-persistence,132,tuned_level,0.3,0.9976670663283681,0.02534972784437857,,
10000131,transient_nonpersistent,Transient non-persistence,132,tuned_level,1.0,0.9961040185730563,0.02299876995886914,,
10000131,transient_nonpersistent,Transient non-persistence,132,tuned_level,3.0,0.9913419516672632,0.022208691935687516,,
10000131,transient_nonpersistent,Transient non-persistence,132,tuned_level,10.0,0.9893776803106117,0.022178401399725253,,
10000131,transient_nonpersistent,Transient non-persistence,132,tuned_level,30.0,0.9888531647650451,0.02219548589603204,,
10000131,transient_nonpersistent,Transient non-persistence,132,tuned_level,100.0,0.988709005005052,0.022205976136835073,,
10000131,transient_nonpersistent,Transient non-persistence,132,tuned_level,300.0,0.9886598799942604,0.022208952690930206,,
10000131,transient_nonpersistent,Transient non-persistence,132,tuned_level_slope,0.1,1.013146230157921,0.02604521309392296,6.158333333333333,1.0
10000131,transient_nonpersistent,Transient non-persistence,132,tuned_level_slope,0.3,0.9885268593693736,0.023103764687664313,3.2333333333333334,1.0
10000131,transient_nonpersistent,Transient non-persistence,132,tuned_level_slope,1.0,0.9917300198236262,0.022386633602222053,2.2,1.0
10000131,transient_nonpersistent,Transient non-persistence,132,tuned_level_slope,3.0,0.9902461944239621,0.022132105302654467,1.625,1.0
10000131,transient_nonpersistent,Transient non-persistence,132,tuned_level_slope,10.0,0.9890784040329467,0.02216856654993762,1.4083333333333334,1.0
10000131,transient_nonpersistent,Transient non-persistence,132,tuned_level_slope,30.0,0.9887605338117446,0.022194215408897232,1.3166666666666667,1.0
10000131,transient_nonpersistent,Transient non-persistence,132,tuned_level_slope,100.0,0.9886794021029903,0.022205671166731562,1.3166666666666667,1.0
10000131,transient_nonpersistent,Transient non-persistence,132,tuned_level_slope,300.0,0.9886500123602399,0.022208868546637648,1.2916666666666667,1.0
10000132,transient_nonpersistent,Transient non-persistence,133,tuned_level,0.0,1.6669442468962714,0.12234438089781074,,
10000132,transient_nonpersistent,Transient non-persistence,133,tuned_level,0.03,1.4951287090269434,0.1114371461958302,,
10000132,transient_nonpersistent,Transient non-persistence,133,tuned_level,0.1,1.1273989255242745,0.044356415526340606,,
10000132,transient_nonpersistent,Transient non-persistence,133,tuned_level,0.3,1.034721932605161,0.030076270031551538,,
10000132,transient_nonpersistent,Transient non-persistence,133,tuned_level,1.0,1.0102662601469359,0.025358353216967094,,
10000132,transient_nonpersistent,Transient non-persistence,133,tuned_level,3.0,1.003707066269627,0.02461426732300669,,
10000132,transient_nonpersistent,Transient non-persistence,133,tuned_level,10.0,1.0025528156329306,0.024372971846140214,,
10000132,transient_nonpersistent,Transient non-persistence,133,tuned_level,30.0,1.002317739226445,0.024328044848952693,,
10000132,transient_nonpersistent,Transient non-persistence,133,tuned_level,100.0,1.0022212177744132,0.024320021623359278,,
10000132,transient_nonpersistent,Transient non-persistence,133,tuned_level,300.0,1.0022023542141059,0.0243184660866066,,
10000132,transient_nonpersistent,Transient non-persistence,133,tuned_level_slope,0.1,1.054676791392763,0.03784485538754339,5.858333333333333,1.0
10000132,transient_nonpersistent,Transient non-persistence,133,tuned_level_slope,0.3,1.0168191513424354,0.028172686959404558,2.875,1.0
10000132,transient_nonpersistent,Transient non-persistence,133,tuned_level_slope,1.0,1.0077394026735569,0.025245389951014306,2.0166666666666666,1.0
10000132,transient_nonpersistent,Transient non-persistence,133,tuned_level_slope,3.0,1.003204793775756,0.02460920022684857,1.475,1.0
10000132,transient_nonpersistent,Transient non-persistence,133,tuned_level_slope,10.0,1.0024644329966976,0.02438516859148648,1.3416666666666666,1.0
10000132,transient_nonpersistent,Transient non-persistence,133,tuned_level_slope,30.0,1.0022984106607657,0.02433377995089751,1.2666666666666666,1.0
10000132,transient_nonpersistent,Transient non-persistence,133,tuned_level_slope,100.0,1.0022153866596308,0.024321926000642827,1.25,1.0
10000132,transient_nonpersistent,Transient non-persistence,133,tuned_level_slope,300.0,1.0022013233100806,0.02431913537932412,1.2166666666666666,1.0
10000133,transient_nonpersistent,Transient non-persistence,134,tuned_level,0.0,1.9525275197914118,0.17843424609200687,,
10000133,transient_nonpersistent,Transient non-persistence,134,tuned_level,0.03,1.607271507236636,0.11119628789865339,,
10000133,transient_nonpersistent,Transient non-persistence,134,tuned_level,0.1,1.2010609218918638,0.05278936087011134,,
10000133,transient_nonpersistent,Transient non-persistence,134,tuned_level,0.3,1.063910291157896,0.0363191996247275,,
10000133,transient_nonpersistent,Transient non-persistence,134,tuned_level,1.0,1.0277826441806026,0.029333427299349554,,
10000133,transient_nonpersistent,Transient non-persistence,134,tuned_level,3.0,1.017197861437369,0.027798057036874546,,
10000133,transient_nonpersistent,Transient non-persistence,134,tuned_level,10.0,1.0137085929550367,0.02747444480462719,,
10000133,transient_nonpersistent,Transient non-persistence,134,tuned_level,30.0,1.0127807838799212,0.027412472020801243,,
10000133,transient_nonpersistent,Transient non-persistence,134,tuned_level,100.0,1.0124448321596171,0.027397578357232857,,
10000133,transient_nonpersistent,Transient non-persistence,134,tuned_level,300.0,1.0123478641661907,0.02739376040178323,,
10000133,transient_nonpersistent,Transient non-persistence,134,tuned_level_slope,0.1,1.1113041200617155,0.04426517511912242,6.291666666666667,1.0
10000133,transient_nonpersistent,Transient non-persistence,134,tuned_level_slope,0.3,1.0413928344782215,0.03330069046571986,3.375,1.0
10000133,transient_nonpersistent,Transient non-persistence,134,tuned_level_slope,1.0,1.0229401320852622,0.02890116715422656,1.9583333333333333,1.0
10000133,transient_nonpersistent,Transient non-persistence,134,tuned_level_slope,3.0,1.016296613117813,0.02774859552329733,1.425,1.0
10000133,transient_nonpersistent,Transient non-persistence,134,tuned_level_slope,10.0,1.0134485901856605,0.027467880085876722,1.3416666666666666,1.0
10000133,transient_nonpersistent,Transient non-persistence,134,tuned_level_slope,30.0,1.0126884726337209,0.027413148972605522,1.3,1.0
10000133,transient_nonpersistent,Transient non-persistence,134,tuned_level_slope,100.0,1.0124200056220805,0.02739814378723017,1.2416666666666667,1.0
10000133,transient_nonpersistent,Transient non-persistence,134,tuned_level_slope,300.0,1.012339634152458,0.02739397007281158,1.2333333333333334,1.0
10000134,transient_nonpersistent,Transient non-persistence,135,tuned_level,0.0,2.053698516498663,0.16612762415918805,,
10000134,transient_nonpersistent,Transient non-persistence,135,tuned_level,0.03,1.7761952597081605,0.12811704731090262,,
10000134,transient_nonpersistent,Transient non-persistence,135,tuned_level,0.1,1.2645288633491287,0.05018256616672937,,
10000134,transient_nonpersistent,Transient non-persistence,135,tuned_level,0.3,1.1108787781071496,0.03602917080993431,,
10000134,transient_nonpersistent,Transient non-persistence,135,tuned_level,1.0,1.0730256121169002,0.030652916595296464,,
10000134,transient_nonpersistent,Transient non-persistence,135,tuned_level,3.0,1.0607606400164211,0.029380434587163738,,
10000134,transient_nonpersistent,Transient non-persistence,135,tuned_level,10.0,1.0570082576596855,0.02900604946619149,,
10000134,transient_nonpersistent,Transient non-persistence,135,tuned_level,30.0,1.0559998309204013,0.028923638974025345,,
10000134,transient_nonpersistent,Transient non-persistence,135,tuned_level,100.0,1.0556399420046865,0.028898069067494658,,
10000134,transient_nonpersistent,Transient non-persistence,135,tuned_level,300.0,1.0555362078972734,0.028891223364718988,,
10000134,transient_nonpersistent,Transient non-persistence,135,tuned_level_slope,0.1,1.1653642630961871,0.04305235087152386,5.133333333333334,1.0
10000134,transient_nonpersistent,Transient non-persistence,135,tuned_level_slope,0.3,1.0903251383164565,0.03381052024247988,3.058333333333333,1.0
10000134,transient_nonpersistent,Transient non-persistence,135,tuned_level_slope,1.0,1.0667072473106645,0.030106057723757025,1.7166666666666666,1.0
10000134,transient_nonpersistent,Transient non-persistence,135,tuned_level_slope,3.0,1.0589272936203862,0.029238970323221022,1.4333333333333333,1.0
10000134,transient_nonpersistent,Transient non-persistence,135,tuned_level_slope,10.0,1.0564921640728815,0.028967856874782812,1.3,1.0
10000134,transient_nonpersistent,Transient non-persistence,135,tuned_level_slope,30.0,1.0558238753893454,0.028912349388541,1.275,1.0
10000134,transient_nonpersistent,Transient non-persistence,135,tuned_level_slope,100.0,1.0555879826126422,0.028894729210877386,1.2416666666666667,1.0
10000134,transient_nonpersistent,Transient non-persistence,135,tuned_level_slope,300.0,1.0555189817983934,0.028890125356047448,1.225,1.0
10000135,transient_nonpersistent,Transient non-persistence,136,tuned_level,0.0,1.6651051571726356,0.11481134931283363,,
10000135,transient_nonpersistent,Transient non-persistence,136,tuned_level,0.03,1.4457933346437524,0.07343292057758888,,
10000135,transient_nonpersistent,Transient non-persistence,136,tuned_level,0.1,1.1014561521607518,0.041565230154779975,,
10000135,transient_nonpersistent,Transient non-persistence,136,tuned_level,0.3,0.9875791669234062,0.02734150128104893,,
10000135,transient_nonpersistent,Transient non-persistence,136,tuned_level,1.0,0.9743984483843071,0.02470251447239929,,
10000135,transient_nonpersistent,Transient non-persistence,136,tuned_level,3.0,0.968993859772728,0.023889336533203895,,
10000135,transient_nonpersistent,Transient non-persistence,136,tuned_level,10.0,0.9674319804809814,0.02377181770698886,,
10000135,transient_nonpersistent,Transient non-persistence,136,tuned_level,30.0,0.9669135888988623,0.02374869060731621,,
10000135,transient_nonpersistent,Transient non-persistence,136,tuned_level,100.0,0.9667632206039108,0.023742705671274462,,
10000135,transient_nonpersistent,Transient non-persistence,136,tuned_level,300.0,0.966722334779082,0.02374103597349016,,
10000135,transient_nonpersistent,Transient non-persistence,136,tuned_level_slope,0.1,1.0304020053112306,0.031400798201045084,5.108333333333333,1.0
10000135,transient_nonpersistent,Transient non-persistence,136,tuned_level_slope,0.3,0.9781695956119075,0.025519070649599095,2.7333333333333334,1.0
10000135,transient_nonpersistent,Transient non-persistence,136,tuned_level_slope,1.0,0.9720007574535517,0.024166181781062824,1.85,1.0
10000135,transient_nonpersistent,Transient non-persistence,136,tuned_level_slope,3.0,0.9685215353529183,0.023803459033862353,1.3916666666666666,1.0
10000135,transient_nonpersistent,Transient non-persistence,136,tuned_level_slope,10.0,0.9672786518100804,0.023752133986937905,1.3166666666666667,1.0
10000135,transient_nonpersistent,Transient non-persistence,136,tuned_level_slope,30.0,0.9669026232253226,0.0237421158147924,1.2166666666666666,1.0
10000135,transient_nonpersistent,Transient non-persistence,136,tuned_level_slope,100.0,0.9667589182731466,0.023740838279422437,1.225,1.0
10000135,transient_nonpersistent,Transient non-persistence,136,tuned_level_slope,300.0,0.9667211160254893,0.023740439836586795,1.2083333333333333,1.0
10000136,transient_nonpersistent,Transient non-persistence,137,tuned_level,0.0,1.8557488524558952,0.18009247541816686,,
10000136,transient_nonpersistent,Transient non-persistence,137,tuned_level,0.03,1.556868529921817,0.1277135203690875,,
10000136,transient_nonpersistent,Transient non-persistence,137,tuned_level,0.1,1.1508319959550002,0.04047682236188776,,
10000136,transient_nonpersistent,Transient non-persistence,137,tuned_level,0.3,1.0296734105466736,0.02541644728522999,,
10000136,transient_nonpersistent,Transient non-persistence,137,tuned_level,1.0,1.0044605513075753,0.020067320066350442,,
10000136,transient_nonpersistent,Transient non-persistence,137,tuned_level,3.0,0.9975546627708247,0.019796853095896877,,
10000136,transient_nonpersistent,Transient non-persistence,137,tuned_level,10.0,0.9941183870278408,0.01992281270791038,,
10000136,transient_nonpersistent,Transient non-persistence,137,tuned_level,30.0,0.9933602423463187,0.01998658345870126,,
10000136,transient_nonpersistent,Transient non-persistence,137,tuned_level,100.0,0.9931299994112927,0.02001034527690178,,
10000136,transient_nonpersistent,Transient non-persistence,137,tuned_level,300.0,0.9930584452555719,0.020017368347763576,,
10000136,transient_nonpersistent,Transient non-persistence,137,tuned_level_slope,0.1,1.0876807485644024,0.032057546924454165,5.3,1.0
10000136,transient_nonpersistent,Transient non-persistence,137,tuned_level_slope,0.3,1.0156718933990105,0.022545231195678323,2.783333333333333,1.0
10000136,transient_nonpersistent,Transient non-persistence,137,tuned_level_slope,1.0,1.0011808795405213,0.019689569582228866,1.9166666666666667,1.0
10000136,transient_nonpersistent,Transient non-persistence,137,tuned_level_slope,3.0,0.9958689921797552,0.019775130681563932,1.4666666666666666,1.0
10000136,transient_nonpersistent,Transient non-persistence,137,tuned_level_slope,10.0,0.9938562388732604,0.019920083902331832,1.275,1.0
10000136,transient_nonpersistent,Transient non-persistence,137,tuned_level_slope,30.0,0.9933181901921774,0.01998319955484778,1.2583333333333333,1.0
10000136,transient_nonpersistent,Transient non-persistence,137,tuned_level_slope,100.0,0.9931184741349672,0.02000967295113299,1.225,1.0
10000136,transient_nonpersistent,Transient non-persistence,137,tuned_level_slope,300.0,0.9930546034967966,0.020017171203736545,1.2,1.0
10000137,transient_nonpersistent,Transient non-persistence,138,tuned_level,0.0,1.6336300668293864,0.11129021891558044,,
10000137,transient_nonpersistent,Transient non-persistence,138,tuned_level,0.03,1.4096062613819038,0.07858351603037456,,
10000137,transient_nonpersistent,Transient non-persistence,138,tuned_level,0.1,1.115388822678763,0.04033439496816041,,
10000137,transient_nonpersistent,Transient non-persistence,138,tuned_level,0.3,1.002463952789226,0.02932471314141842,,
10000137,transient_nonpersistent,Transient non-persistence,138,tuned_level,1.0,0.9816123188517916,0.026329205061013803,,
10000137,transient_nonpersistent,Transient non-persistence,138,tuned_level,3.0,0.9806509827551833,0.026384290032181235,,
10000137,transient_nonpersistent,Transient non-persistence,138,tuned_level,10.0,0.9812346153007298,0.026721160480273256,,
10000137,transient_nonpersistent,Transient non-persistence,138,tuned_level,30.0,0.9814709714113139,0.026842272828515187,,
10000137,transient_nonpersistent,Transient non-persistence,138,tuned_level,100.0,0.9816284803953853,0.02688546816107379,,
10000137,transient_nonpersistent,Transient non-persistence,138,tuned_level,300.0,0.9816695147082947,0.026898406597972154,,
10000137,transient_nonpersistent,Transient non-persistence,138,tuned_level_slope,0.1,1.0346004695199524,0.033123864819938204,5.7,1.0
10000137,transient_nonpersistent,Transient non-persistence,138,tuned_level_slope,0.3,0.989481237834275,0.02797378647640008,2.95,1.0
10000137,transient_nonpersistent,Transient non-persistence,138,tuned_level_slope,1.0,0.9787348650751525,0.026296969252793168,1.7916666666666667,1.0
10000137,transient_nonpersistent,Transient non-persistence,138,tuned_level_slope,3.0,0.979784917854814,0.026488570890262696,1.4916666666666667,1.0
10000137,transient_nonpersistent,Transient non-persistence,138,tuned_level_slope,10.0,0.9810273499087488,0.02676142174312856,1.275,1.0
10000137,transient_nonpersistent,Transient non-persistence,138,tuned_level_slope,30.0,0.9814563542155512,0.0268559889419671,1.25,1.0
10000137,transient_nonpersistent,Transient non-persistence,138,tuned_level_slope,100.0,0.9816231461625826,0.026889768398731938,1.2333333333333334,1.0
10000137,transient_nonpersistent,Transient non-persistence,138,tuned_level_slope,300.0,0.9816677366306938,0.02689985230233519,1.225,1.0
10000138,transient_nonpersistent,Transient non-persistence,139,tuned_level,0.0,1.733678587545856,0.11703002357461517,,
10000138,transient_nonpersistent,Transient non-persistence,139,tuned_level,0.03,1.5095173831434792,0.08638893938399836,,
10000138,transient_nonpersistent,Transient non-persistence,139,tuned_level,0.1,1.1874404051962946,0.045869624305290034,,
10000138,transient_nonpersistent,Transient non-persistence,139,tuned_level,0.3,1.067491919726176,0.02894788260250065,,
10000138,transient_nonpersistent,Transient non-persistence,139,tuned_level,1.0,1.0240402068595278,0.023664763547089993,,
10000138,transient_nonpersistent,Transient non-persistence,139,tuned_level,3.0,1.0097472277184052,0.022839035351512806,,
10000138,transient_nonpersistent,Transient non-persistence,139,tuned_level,10.0,1.0052873527871424,0.022837800236725478,,
10000138,transient_nonpersistent,Transient non-persistence,139,tuned_level,30.0,1.0040853216587753,0.022857521798742682,,
10000138,transient_nonpersistent,Transient non-persistence,139,tuned_level,100.0,1.0036768449849862,0.02286631841331193,,
10000138,transient_nonpersistent,Transient non-persistence,139,tuned_level,300.0,1.0035547802210465,0.02286919073035825,,
10000138,transient_nonpersistent,Transient non-persistence,139,tuned_level_slope,0.1,1.1058555793290001,0.03695901867186636,5.975,1.0
10000138,transient_nonpersistent,Transient non-persistence,139,tuned_level_slope,0.3,1.0439653990648126,0.02596215606118214,3.1166666666666667,1.0
10000138,transient_nonpersistent,Transient non-persistence,139,tuned_level_slope,1.0,1.0182974812334507,0.02318193387575581,1.75,1.0
10000138,transient_nonpersistent,Transient non-persistence,139,tuned_level_slope,3.0,1.0078136519737673,0.02276165065441725,1.425,1.0
10000138,transient_nonpersistent,Transient non-persistence,139,tuned_level_slope,10.0,1.0047490189931587,0.022817657887232976,1.275,1.0
10000138,transient_nonpersistent,Transient non-persistence,139,tuned_level_slope,30.0,1.0039124438960625,0.02285274987573719,1.225,1.0
10000138,transient_nonpersistent,Transient non-persistence,139,tuned_level_slope,100.0,1.0036240548966073,0.022865063035073383,1.2416666666666667,1.0
10000138,transient_nonpersistent,Transient non-persistence,139,tuned_level_slope,300.0,1.0035372156323716,0.022868761876626877,1.2416666666666667,1.0
10000139,transient_nonpersistent,Transient non-persistence,140,tuned_level,0.0,1.9814022938472866,0.18768603387588972,,
10000139,transient_nonpersistent,Transient non-persistence,140,tuned_level,0.03,1.74055414672026,0.15568252812718028,,
10000139,transient_nonpersistent,Transient non-persistence,140,tuned_level,0.1,1.1256015145603642,0.0409034218425832,,
10000139,transient_nonpersistent,Transient non-persistence,140,tuned_level,0.3,1.0211418557677032,0.02863588525304203,,
10000139,transient_nonpersistent,Transient non-persistence,140,tuned_level,1.0,1.0162858054083914,0.02460262128063445,,
10000139,transient_nonpersistent,Transient non-persistence,140,tuned_level,3.0,1.0104121786500535,0.023899520145709178,,
10000139,transient_nonpersistent,Transient non-persistence,140,tuned_level,10.0,1.00818201919322,0.023807713362395174,,
10000139,transient_nonpersistent,Transient non-persistence,140,tuned_level,30.0,1.0075959827852103,0.02380445514556169,,
10000139,transient_nonpersistent,Transient non-persistence,140,tuned_level,100.0,1.0073864304463231,0.023808289326794553,,
10000139,transient_nonpersistent,Transient non-persistence,140,tuned_level,300.0,1.0073208944776622,0.02380969644118644,,
10000139,transient_nonpersistent,Transient non-persistence,140,tuned_level_slope,0.1,1.0652231810840496,0.03585784767724224,5.7,1.0
10000139,transient_nonpersistent,Transient non-persistence,140,tuned_level_slope,0.3,1.0155917677116646,0.02687069294478459,2.7333333333333334,1.0
10000139,transient_nonpersistent,Transient non-persistence,140,tuned_level_slope,1.0,1.0133554718975335,0.02432349393107023,1.725,1.0
10000139,transient_nonpersistent,Transient non-persistence,140,tuned_level_slope,3.0,1.0095584360205303,0.023881573267628915,1.3166666666666667,1.0
10000139,transient_nonpersistent,Transient non-persistence,140,tuned_level_slope,10.0,1.0079571066110198,0.023816698550992232,1.2416666666666667,1.0
10000139,transient_nonpersistent,Transient non-persistence,140,tuned_level_slope,30.0,1.0075065936433654,0.02380947375544784,1.1916666666666667,1.0
10000139,transient_nonpersistent,Transient non-persistence,140,tuned_level_slope,100.0,1.0073579458816628,0.023809937646300086,1.1583333333333334,1.0
10000139,transient_nonpersistent,Transient non-persistence,140,tuned_level_slope,300.0,1.0073113996227756,0.023810261246624265,1.1333333333333333,1.0
10000140,transient_nonpersistent,Transient non-persistence,141,tuned_level,0.0,1.773391377039341,0.15613915891419505,,
10000140,transient_nonpersistent,Transient non-persistence,141,tuned_level,0.03,1.478859468424161,0.0996775757690831,,
10000140,transient_nonpersistent,Transient non-persistence,141,tuned_level,0.1,1.1136108878513744,0.036824781853189575,,
10000140,transient_nonpersistent,Transient non-persistence,141,tuned_level,0.3,1.0285852662170818,0.026379878584826048,,
10000140,transient_nonpersistent,Transient non-persistence,141,tuned_level,1.0,1.0068750011622958,0.024211342770804622,,
10000140,transient_nonpersistent,Transient non-persistence,141,tuned_level,3.0,0.9981994322066746,0.02431704892952576,,
10000140,transient_nonpersistent,Transient non-persistence,141,tuned_level,10.0,0.9948317903619807,0.02449838958926905,,
10000140,transient_nonpersistent,Transient non-persistence,141,tuned_level,30.0,0.9939782363109584,0.024507223530828494,,
10000140,transient_nonpersistent,Transient non-persistence,141,tuned_level,100.0,0.9937120665685607,0.024513529025736617,,
10000140,transient_nonpersistent,Transient non-persistence,141,tuned_level,300.0,0.9936429997711606,0.02451584999024452,,
10000140,transient_nonpersistent,Transient non-persistence,141,tuned_level_slope,0.1,1.0378845892629225,0.030109228681369067,6.133333333333334,1.0
10000140,transient_nonpersistent,Transient non-persistence,141,tuned_level_slope,0.3,1.005513866542681,0.02435728942447858,3.1166666666666667,1.0
10000140,transient_nonpersistent,Transient non-persistence,141,tuned_level_slope,1.0,0.9990013771903465,0.024198923865355958,1.9833333333333334,1.0
10000140,transient_nonpersistent,Transient non-persistence,141,tuned_level_slope,3.0,0.9958371675723935,0.024371058784681557,1.5666666666666667,1.0
10000140,transient_nonpersistent,Transient non-persistence,141,tuned_level_slope,10.0,0.9943149204562175,0.024488889272659763,1.3833333333333333,1.0
10000140,transient_nonpersistent,Transient non-persistence,141,tuned_level_slope,30.0,0.9938281620946825,0.024505616430626813,1.2916666666666667,1.0
10000140,transient_nonpersistent,Transient non-persistence,141,tuned_level_slope,100.0,0.9936738840447634,0.024513455558692398,1.2583333333333333,1.0
10000140,transient_nonpersistent,Transient non-persistence,141,tuned_level_slope,300.0,0.993630272263228,0.02451584436142333,1.2583333333333333,1.0
10000141,transient_nonpersistent,Transient non-persistence,142,tuned_level,0.0,1.8891169854209324,0.1604107681787516,,
10000141,transient_nonpersistent,Transient non-persistence,142,tuned_level,0.03,1.5843590743972593,0.10036814602213737,,
10000141,transient_nonpersistent,Transient non-persistence,142,tuned_level,0.1,1.187986698914251,0.04444927765698383,,
10000141,transient_nonpersistent,Transient non-persistence,142,tuned_level,0.3,1.0388317802411855,0.031611267163117414,,
10000141,transient_nonpersistent,Transient non-persistence,142,tuned_level,1.0,0.9981055702387933,0.02842553039330467,,
10000141,transient_nonpersistent,Transient non-persistence,142,tuned_level,3.0,0.9844523129863444,0.027363097426520416,,
10000141,transient_nonpersistent,Transient non-persistence,142,tuned_level,10.0,0.9796692946275166,0.027225556848005296,,
10000141,transient_nonpersistent,Transient non-persistence,142,tuned_level,30.0,0.9783176441360905,0.0272558483146504,,
10000141,transient_nonpersistent,Transient non-persistence,142,tuned_level,100.0,0.9778572429824602,0.027274053464006184,,
10000141,transient_nonpersistent,Transient non-persistence,142,tuned_level,300.0,0.9777256997957087,0.027279737480634978,,
10000141,transient_nonpersistent,Transient non-persistence,142,tuned_level_slope,0.1,1.095715333349151,0.03779944304004904,5.266666666666667,1.0
10000141,transient_nonpersistent,Transient non-persistence,142,tuned_level_slope,0.3,1.0175019584211573,0.02936477829238835,3.35,1.0
10000141,transient_nonpersistent,Transient non-persistence,142,tuned_level_slope,1.0,0.9937402426065529,0.027785969032504222,2.1333333333333333,1.0
10000141,transient_nonpersistent,Transient non-persistence,142,tuned_level_slope,3.0,0.983669196569393,0.02724504295453724,1.55,1.0
10000141,transient_nonpersistent,Transient non-persistence,142,tuned_level_slope,10.0,0.9794717378657668,0.02720609507871807,1.3666666666666667,1.0
10000141,transient_nonpersistent,Transient non-persistence,142,tuned_level_slope,30.0,0.9782573460124411,0.02725108842117163,1.2666666666666666,1.0
10000141,transient_nonpersistent,Transient non-persistence,142,tuned_level_slope,100.0,0.9778391535453653,0.02727284868676448,1.2583333333333333,1.0
10000141,transient_nonpersistent,Transient non-persistence,142,tuned_level_slope,300.0,0.9777196699833437,0.027279357129862656,1.25,1.0
10000142,transient_nonpersistent,Transient non-persistence,143,tuned_level,0.0,2.066217559601209,0.22777830505781088,,
10000142,transient_nonpersistent,Transient non-persistence,143,tuned_level,0.03,1.6821580359639554,0.13713420473613042,,
10000142,transient_nonpersistent,Transient non-persistence,143,tuned_level,0.1,1.183739188574922,0.038134714571296996,,
10000142,transient_nonpersistent,Transient non-persistence,143,tuned_level,0.3,1.0710047838989074,0.030275989200347707,,
10000142,transient_nonpersistent,Transient non-persistence,143,tuned_level,1.0,1.0438680637864985,0.02592412592728444,,
10000142,transient_nonpersistent,Transient non-persistence,143,tuned_level,3.0,1.0364848489028677,0.024997124334893102,,
10000142,transient_nonpersistent,Transient non-persistence,143,tuned_level,10.0,1.033526134206444,0.024889791024621185,,
10000142,transient_nonpersistent,Transient non-persistence,143,tuned_level,30.0,1.0325148014806629,0.024898198080463358,,
10000142,transient_nonpersistent,Transient non-persistence,143,tuned_level,100.0,1.0321152698745577,0.024902225700908158,,
10000142,transient_nonpersistent,Transient non-persistence,143,tuned_level,300.0,1.0320009693062988,0.024903865934515844,,
10000142,transient_nonpersistent,Transient non-persistence,143,tuned_level_slope,0.1,1.106055401622947,0.03457025519305939,6.3,1.0
10000142,transient_nonpersistent,Transient non-persistence,143,tuned_level_slope,0.3,1.0487971854349079,0.02816292043654266,3.7666666666666666,1.0
10000142,transient_nonpersistent,Transient non-persistence,143,tuned_level_slope,1.0,1.0375137774861487,0.025497157767617705,2.283333333333333,1.0
10000142,transient_nonpersistent,Transient non-persistence,143,tuned_level_slope,3.0,1.0345397323622045,0.024942230671167787,1.475,1.0
10000142,transient_nonpersistent,Transient non-persistence,143,tuned_level_slope,10.0,1.0328338813460827,0.024885791707700826,1.3416666666666666,1.0
10000142,transient_nonpersistent,Transient non-persistence,143,tuned_level_slope,30.0,1.0322885533307418,0.024898036064758756,1.275,1.0
10000142,transient_nonpersistent,Transient non-persistence,143,tuned_level_slope,100.0,1.0320468435737657,0.02490236393086616,1.25,1.0
10000142,transient_nonpersistent,Transient non-persistence,143,tuned_level_slope,300.0,1.0319781963854122,0.024903935433110383,1.2416666666666667,1.0
10000143,transient_nonpersistent,Transient non-persistence,144,tuned_level,0.0,1.6359973844416495,0.12334082652597912,,
10000143,transient_nonpersistent,Transient non-persistence,144,tuned_level,0.03,1.4962968537845973,0.11123405741098549,,
10000143,transient_nonpersistent,Transient non-persistence,144,tuned_level,0.1,1.1627867747471332,0.04527574353160192,,
10000143,transient_nonpersistent,Transient non-persistence,144,tuned_level,0.3,1.0252631985290355,0.030539514673328102,,
10000143,transient_nonpersistent,Transient non-persistence,144,tuned_level,1.0,0.9991159602761222,0.026937700480758425,,
10000143,transient_nonpersistent,Transient non-persistence,144,tuned_level,3.0,0.9935850214113415,0.02643306117707275,,
10000143,transient_nonpersistent,Transient non-persistence,144,tuned_level,10.0,0.9937971445297173,0.02628766513453365,,
10000143,transient_nonpersistent,Transient non-persistence,144,tuned_level,30.0,0.9939163361451795,0.026266723653592925,,
10000143,transient_nonpersistent,Transient non-persistence,144,tuned_level,100.0,0.993917953079928,0.026263419967950712,,
10000143,transient_nonpersistent,Transient non-persistence,144,tuned_level,300.0,0.9939171110747111,0.026262908409552407,,
10000143,transient_nonpersistent,Transient non-persistence,144,tuned_level_slope,0.1,1.0578910153608099,0.03400785076223846,6.008333333333334,1.0
10000143,transient_nonpersistent,Transient non-persistence,144,tuned_level_slope,0.3,1.0031865946782024,0.028318902253473572,2.9,1.0
10000143,transient_nonpersistent,Transient non-persistence,144,tuned_level_slope,1.0,0.994205712727252,0.026744102665665476,1.85,1.0
10000143,transient_nonpersistent,Transient non-persistence,144,tuned_level_slope,3.0,0.9935399086912591,0.02639125035841019,1.35,1.0
10000143,transient_nonpersistent,Transient non-persistence,144,tuned_level_slope,10.0,0.9938014670045198,0.0262850544128531,1.3,1.0
10000143,transient_nonpersistent,Transient non-persistence,144,tuned_level_slope,30.0,0.9939058085693288,0.02626715521187087,1.275,1.0
10000143,transient_nonpersistent,Transient non-persistence,144,tuned_level_slope,100.0,0.9939177837545362,0.02626368362411195,1.2083333333333333,1.0
10000143,transient_nonpersistent,Transient non-persistence,144,tuned_level_slope,300.0,0.9939170546329137,0.026263013215504373,1.2,1.0
10000144,transient_nonpersistent,Transient non-persistence,145,tuned_level,0.0,1.9404388834664812,0.16252876077540204,,
10000144,transient_nonpersistent,Transient non-persistence,145,tuned_level,0.03,1.6395187426384263,0.1171139787223717,,
10000144,transient_nonpersistent,Transient non-persistence,145,tuned_level,0.1,1.0922166190736065,0.044585035571188425,,
10000144,transient_nonpersistent,Transient non-persistence,145,tuned_level,0.3,1.0079663072637248,0.031187648920424877,,
10000144,transient_nonpersistent,Transient non-persistence,145,tuned_level,1.0,1.007703849927609,0.02956637749571472,,
10000144,transient_nonpersistent,Transient non-persistence,145,tuned_level,3.0,1.0103830812523569,0.029551648483104563,,
10000144,transient_nonpersistent,Transient non-persistence,145,tuned_level,10.0,1.0109819859691818,0.02968449590705008,,
10000144,transient_nonpersistent,Transient non-persistence,145,tuned_level,30.0,1.011147623294486,0.029742683310657513,,
10000144,transient_nonpersistent,Transient non-persistence,145,tuned_level,100.0,1.011185155777435,0.029765484958756805,,
10000144,transient_nonpersistent,Transient non-persistence,145,tuned_level,300.0,1.011195879343992,0.02977212352429453,,
10000144,transient_nonpersistent,Transient non-persistence,145,tuned_level_slope,0.1,1.0401351216943733,0.036671308158874996,4.85,1.0
10000144,transient_nonpersistent,Transient non-persistence,145,tuned_level_slope,0.3,1.0020820189283508,0.03064898844243838,2.716666666666667,1.0
10000144,transient_nonpersistent,Transient non-persistence,145,tuned_level_slope,1.0,1.0073701479547432,0.029481477132646296,1.85,1.0
10000144,transient_nonpersistent,Transient non-persistence,145,tuned_level_slope,3.0,1.0105655540429825,0.029559684625839064,1.375,1.0
10000144,transient_nonpersistent,Transient non-persistence,145,tuned_level_slope,10.0,1.0110792967423525,0.02969317918041709,1.225,1.0
10000144,transient_nonpersistent,Transient non-persistence,145,tuned_level_slope,30.0,1.0111771860674788,0.02974622938451488,1.1916666666666667,1.0
10000144,transient_nonpersistent,Transient non-persistence,145,tuned_level_slope,100.0,1.011194024609333,0.02976660382068835,1.1666666666666667,1.0
10000144,transient_nonpersistent,Transient non-persistence,145,tuned_level_slope,300.0,1.011198835621291,0.029772501713995023,1.1666666666666667,1.0
10000145,transient_nonpersistent,Transient non-persistence,146,tuned_level,0.0,1.833649180837708,0.1425056299242119,,
10000145,transient_nonpersistent,Transient non-persistence,146,tuned_level,0.03,1.621248026009987,0.1125905364866441,,
10000145,transient_nonpersistent,Transient non-persistence,146,tuned_level,0.1,1.1645470792964259,0.042753408944998954,,
10000145,transient_nonpersistent,Transient non-persistence,146,tuned_level,0.3,1.0363272038802749,0.03126798847224734,,
10000145,transient_nonpersistent,Transient non-persistence,146,tuned_level,1.0,1.025818876093452,0.027963573614751647,,
10000145,transient_nonpersistent,Transient non-persistence,146,tuned_level,3.0,1.0197200068516055,0.027057908432855413,,
10000145,transient_nonpersistent,Transient non-persistence,146,tuned_level,10.0,1.0196052501937285,0.02695618063881642,,
10000145,transient_nonpersistent,Transient non-persistence,146,tuned_level,30.0,1.0194868620443687,0.026956712819134084,,
10000145,transient_nonpersistent,Transient non-persistence,146,tuned_level,100.0,1.0194279380015907,0.026960065155925268,,
10000145,transient_nonpersistent,Transient non-persistence,146,tuned_level,300.0,1.0194110005334749,0.026961951954134797,,
10000145,transient_nonpersistent,Transient non-persistence,146,tuned_level_slope,0.1,1.084878115777315,0.03773438131424691,6.0,1.0
10000145,transient_nonpersistent,Transient non-persistence,146,tuned_level_slope,0.3,1.0227814815409457,0.030116508643344187,3.533333333333333,1.0
10000145,transient_nonpersistent,Transient non-persistence,146,tuned_level_slope,1.0,1.0210728202638906,0.0275530670248997,2.0166666666666666,1.0
10000145,transient_nonpersistent,Transient non-persistence,146,tuned_level_slope,3.0,1.0188314891697858,0.02699220806947144,1.4666666666666666,1.0
10000145,transient_nonpersistent,Transient non-persistence,146,tuned_level_slope,10.0,1.0193951018773924,0.026948115250076864,1.3083333333333333,1.0
10000145,transient_nonpersistent,Transient non-persistence,146,tuned_level_slope,30.0,1.0194174934026663,0.026955625203263903,1.275,1.0
10000145,transient_nonpersistent,Transient non-persistence,146,tuned_level_slope,100.0,1.0194103102794503,0.02696011392424651,1.2416666666666667,1.0
10000145,transient_nonpersistent,Transient non-persistence,146,tuned_level_slope,300.0,1.0194043465470968,0.0269619715883132,1.225,1.0
10000146,transient_nonpersistent,Transient non-persistence,147,tuned_level,0.0,1.8536961196277373,0.1722232195203902,,
10000146,transient_nonpersistent,Transient non-persistence,147,tuned_level,0.03,1.5584282195921486,0.1154990021479365,,
10000146,transient_nonpersistent,Transient non-persistence,147,tuned_level,0.1,1.1510778270119866,0.04490888686484285,,
10000146,transient_nonpersistent,Transient non-persistence,147,tuned_level,0.3,1.0608376202537149,0.03158998400851094,,
10000146,transient_nonpersistent,Transient non-persistence,147,tuned_level,1.0,1.0443093851987277,0.027983455339698045,,
10000146,transient_nonpersistent,Transient non-persistence,147,tuned_level,3.0,1.034636158213057,0.02731448854954609,,
10000146,transient_nonpersistent,Transient non-persistence,147,tuned_level,10.0,1.0302993132210228,0.027199127377967005,,
10000146,transient_nonpersistent,Transient non-persistence,147,tuned_level,30.0,1.0290477258311623,0.02718569602364657,,
10000146,transient_nonpersistent,Transient non-persistence,147,tuned_level,100.0,1.028582816412446,0.0271825412081317,,
10000146,transient_nonpersistent,Transient non-persistence,147,tuned_level,300.0,1.0284517445398638,0.027182070548389236,,
10000146,transient_nonpersistent,Transient non-persistence,147,tuned_level_slope,0.1,1.0760844814871173,0.03637883183242023,5.641666666666667,1.0
10000146,transient_nonpersistent,Transient non-persistence,147,tuned_level_slope,0.3,1.0439598294537136,0.02986890989227203,2.9916666666666667,1.0
10000146,transient_nonpersistent,Transient non-persistence,147,tuned_level_slope,1.0,1.0360871267891871,0.02757513702527157,1.9583333333333333,1.0
10000146,transient_nonpersistent,Transient non-persistence,147,tuned_level_slope,3.0,1.032144934605821,0.027267796549290558,1.45,1.0
10000146,transient_nonpersistent,Transient non-persistence,147,tuned_level_slope,10.0,1.0296532263177227,0.027200594575386875,1.2833333333333334,1.0
10000146,transient_nonpersistent,Transient non-persistence,147,tuned_level_slope,30.0,1.0288274387390075,0.027188825455695557,1.2166666666666666,1.0
10000146,transient_nonpersistent,Transient non-persistence,147,tuned_level_slope,100.0,1.0285179645935578,0.027183738210638395,1.2,1.0
10000146,transient_nonpersistent,Transient non-persistence,147,tuned_level_slope,300.0,1.0284300990803712,0.027182490149676032,1.1916666666666667,1.0
10000147,transient_nonpersistent,Transient non-persistence,148,tuned_level,0.0,1.6914310178471608,0.12427309131574463,,
10000147,transient_nonpersistent,Transient non-persistence,148,tuned_level,0.03,1.5241265921085896,0.09737352010720036,,
10000147,transient_nonpersistent,Transient non-persistence,148,tuned_level,0.1,1.0742977476599693,0.03666612240442359,,
10000147,transient_nonpersistent,Transient non-persistence,148,tuned_level,0.3,1.0165758531902227,0.02620588864655506,,
10000147,transient_nonpersistent,Transient non-persistence,148,tuned_level,1.0,1.005520079942146,0.022493850905452598,,
10000147,transient_nonpersistent,Transient non-persistence,148,tuned_level,3.0,1.0018793557963082,0.022045514350846847,,
10000147,transient_nonpersistent,Transient non-persistence,148,tuned_level,10.0,1.0015708401899392,0.022150030078262096,,
10000147,transient_nonpersistent,Transient non-persistence,148,tuned_level,30.0,1.001469889943021,0.022217471530640666,,
10000147,transient_nonpersistent,Transient non-persistence,148,tuned_level,100.0,1.001434578726337,0.02224863085410517,,
10000147,transient_nonpersistent,Transient non-persistence,148,tuned_level,300.0,1.001425179337146,0.022258085713072414,,
10000147,transient_nonpersistent,Transient non-persistence,148,tuned_level_slope,0.1,1.027165930278188,0.031104799305029695,5.791666666666667,1.0
10000147,transient_nonpersistent,Transient non-persistence,148,tuned_level_slope,0.3,1.0081394187008725,0.02433538920948389,3.058333333333333,1.0
10000147,transient_nonpersistent,Transient non-persistence,148,tuned_level_slope,1.0,1.0032065342295355,0.022075382376092786,2.025,1.0
10000147,transient_nonpersistent,Transient non-persistence,148,tuned_level_slope,3.0,1.0014342263279834,0.021982797215224042,1.4833333333333334,1.0
10000147,transient_nonpersistent,Transient non-persistence,148,tuned_level_slope,10.0,1.0013203994095792,0.02214917335664074,1.3,1.0
10000147,transient_nonpersistent,Transient non-persistence,148,tuned_level_slope,30.0,1.0013981500615976,0.022219171323188354,1.25,1.0
10000147,transient_nonpersistent,Transient non-persistence,148,tuned_level_slope,100.0,1.0014137904697622,0.02224931452404379,1.1916666666666667,1.0
10000147,transient_nonpersistent,Transient non-persistence,148,tuned_level_slope,300.0,1.0014182499182878,0.022258332047532945,1.1916666666666667,1.0
10000148,transient_nonpersistent,Transient non-persistence,149,tuned_level,0.0,2.0064356041513887,0.19485030479788254,,
10000148,transient_nonpersistent,Transient non-persistence,149,tuned_level,0.03,1.7149392659527485,0.14349315517854233,,
10000148,transient_nonpersistent,Transient non-persistence,149,tuned_level,0.1,1.1279262654425934,0.04668306125356374,,
10000148,transient_nonpersistent,Transient non-persistence,149,tuned_level,0.3,1.026016285117269,0.032676831961455495,,
10000148,transient_nonpersistent,Transient non-persistence,149,tuned_level,1.0,1.0157425116693068,0.02768748450650891,,
10000148,transient_nonpersistent,Transient non-persistence,149,tuned_level,3.0,1.0110180211980326,0.026508290792995094,,
10000148,transient_nonpersistent,Transient non-persistence,149,tuned_level,10.0,1.0095957614678563,0.026213569179555894,,
10000148,transient_nonpersistent,Transient non-persistence,149,tuned_level,30.0,1.0093763503190165,0.026158510671815266,,
10000148,transient_nonpersistent,Transient non-persistence,149,tuned_level,100.0,1.0093107133672334,0.02614386156977528,,
10000148,transient_nonpersistent,Transient non-persistence,149,tuned_level,300.0,1.0092919599524384,0.02614005177703874,,
10000148,transient_nonpersistent,Transient non-persistence,149,tuned_level_slope,0.1,1.0524267645689867,0.03790912978574699,5.141666666666667,1.0
10000148,transient_nonpersistent,Transient non-persistence,149,tuned_level_slope,0.3,1.0122836614128683,0.030061729469759938,2.8833333333333333,1.0
10000148,transient_nonpersistent,Transient non-persistence,149,tuned_level_slope,1.0,1.012022907677324,0.027130356187304475,1.8333333333333333,1.0
10000148,transient_nonpersistent,Transient non-persistence,149,tuned_level_slope,3.0,1.0103537400488347,0.02640065010123335,1.425,1.0
10000148,transient_nonpersistent,Transient non-persistence,149,tuned_level_slope,10.0,1.0094561993421034,0.026197580465090957,1.3166666666666667,1.0
10000148,transient_nonpersistent,Transient non-persistence,149,tuned_level_slope,30.0,1.0093483291127034,0.026155518585479005,1.2666666666666666,1.0
10000148,transient_nonpersistent,Transient non-persistence,149,tuned_level_slope,100.0,1.0093023070053395,0.02614317359658295,1.225,1.0
10000148,transient_nonpersistent,Transient non-persistence,149,tuned_level_slope,300.0,1.0092891578318073,0.026139842435110396,1.225,1.0
10000149,transient_nonpersistent,Transient non-persistence,150,tuned_level,0.0,1.982631708528284,0.1907976284082398,,
10000149,transient_nonpersistent,Transient non-persistence,150,tuned_level,0.03,1.6311353811886387,0.1281091685507968,,
10000149,transient_nonpersistent,Transient non-persistence,150,tuned_level,0.1,1.131931460863958,0.03753833330927929,,
10000149,transient_nonpersistent,Transient non-persistence,150,tuned_level,0.3,0.993850434754579,0.027612885153304196,,
10000149,transient_nonpersistent,Transient non-persistence,150,tuned_level,1.0,0.9681637010427505,0.024164063350091792,,
10000149,transient_nonpersistent,Transient non-persistence,150,tuned_level,3.0,0.9585445932389419,0.023817362060935814,,
10000149,transient_nonpersistent,Transient non-persistence,150,tuned_level,10.0,0.9563207135220239,0.02392064232211455,,
10000149,transient_nonpersistent,Transient non-persistence,150,tuned_level,30.0,0.9557600175684889,0.02399893241585138,,
10000149,transient_nonpersistent,Transient non-persistence,150,tuned_level,100.0,0.9555914491924206,0.024034131803711323,,
10000149,transient_nonpersistent,Transient non-persistence,150,tuned_level,300.0,0.9555412075024302,0.024044446556438594,,
10000149,transient_nonpersistent,Transient non-persistence,150,tuned_level_slope,0.1,1.0496063954852834,0.03194397770842002,5.808333333333334,1.0
10000149,transient_nonpersistent,Transient non-persistence,150,tuned_level_slope,0.3,0.9795280599800449,0.02581605327298647,3.175,1.0
10000149,transient_nonpersistent,Transient non-persistence,150,tuned_level_slope,1.0,0.9654478617133807,0.023990617660745162,1.9833333333333334,1.0
10000149,transient_nonpersistent,Transient non-persistence,150,tuned_level_slope,3.0,0.9584796412756904,0.023851774700974875,1.4916666666666667,1.0
10000149,transient_nonpersistent,Transient non-persistence,150,tuned_level_slope,10.0,0.956372689669761,0.02394846611808684,1.3333333333333333,1.0
10000149,transient_nonpersistent,Transient non-persistence,150,tuned_level_slope,30.0,0.9557789346078747,0.024011405913452997,1.2833333333333334,1.0
10000149,transient_nonpersistent,Transient non-persistence,150,tuned_level_slope,100.0,0.9555967662313197,0.02403807196618382,1.25,1.0
10000149,transient_nonpersistent,Transient non-persistence,150,tuned_level_slope,300.0,0.9555471630497879,0.024045176033094015,1.2416666666666667,1.0
10000150,transient_nonpersistent,Transient non-persistence,151,tuned_level,0.0,1.8205107659325923,0.17616615513285264,,
10000150,transient_nonpersistent,Transient non-persistence,151,tuned_level,0.03,1.5937306744882094,0.1411576025887204,,
10000150,transient_nonpersistent,Transient non-persistence,151,tuned_level,0.1,1.1098939999893773,0.03431136241835502,,
10000150,transient_nonpersistent,Transient non-persistence,151,tuned_level,0.3,1.0125440773090566,0.026357414291070823,,
10000150,transient_nonpersistent,Transient non-persistence,151,tuned_level,1.0,1.001962271887795,0.023202662991645813,,
10000150,transient_nonpersistent,Transient non-persistence,151,tuned_level,3.0,0.9972588711441998,0.022815504079814652,,
10000150,transient_nonpersistent,Transient non-persistence,151,tuned_level,10.0,0.994879927802918,0.022910829329880696,,
10000150,transient_nonpersistent,Transient non-persistence,151,tuned_level,30.0,0.9942405623393817,0.02296998294833311,,
10000150,transient_nonpersistent,Transient non-persistence,151,tuned_level,100.0,0.9940370180147615,0.022991096603114526,,
10000150,transient_nonpersistent,Transient non-persistence,151,tuned_level,300.0,0.9939755286322305,0.022997847578965606,,
10000150,transient_nonpersistent,Transient non-persistence,151,tuned_level_slope,0.1,1.0372715252209916,0.029783421405293758,4.925,1.0
10000150,transient_nonpersistent,Transient non-persistence,151,tuned_level_slope,0.3,0.9984063173817518,0.02429404195283542,3.125,1.0
10000150,transient_nonpersistent,Transient non-persistence,151,tuned_level_slope,1.0,0.9977826236860055,0.022954100755800146,1.9583333333333333,1.0
10000150,transient_nonpersistent,Transient non-persistence,151,tuned_level_slope,3.0,0.9958954897868469,0.022798032800266956,1.3916666666666666,1.0
10000150,transient_nonpersistent,Transient non-persistence,151,tuned_level_slope,10.0,0.9945339315355798,0.022917412638166847,1.2583333333333333,1.0
10000150,transient_nonpersistent,Transient non-persistence,151,tuned_level_slope,30.0,0.9941293965305427,0.022973119638229428,1.2333333333333334,1.0
10000150,transient_nonpersistent,Transient non-persistence,151,tuned_level_slope,100.0,0.9940030614968599,0.022992261837518062,1.225,1.0
10000150,transient_nonpersistent,Transient non-persistence,151,tuned_level_slope,300.0,0.9939642097929299,0.0229982502325362,1.2166666666666666,1.0
10000151,transient_nonpersistent,Transient non-persistence,152,tuned_level,0.0,1.886177539970045,0.15842113285056597,,
10000151,transient_nonpersistent,Transient non-persistence,152,tuned_level,0.03,1.5466118180185637,0.10031031207297143,,
10000151,transient_nonpersistent,Transient non-persistence,152,tuned_level,0.1,1.166138978224647,0.06098374264578101,,
10000151,transient_nonpersistent,Transient non-persistence,152,tuned_level,0.3,1.007426602232197,0.030784392480576343,,
10000151,transient_nonpersistent,Transient non-persistence,152,tuned_level,1.0,0.9891727565859048,0.02376278668334188,,
10000151,transient_nonpersistent,Transient non-persistence,152,tuned_level,3.0,0.9853109741783037,0.022588725440963776,,
10000151,transient_nonpersistent,Transient non-persistence,152,tuned_level,10.0,0.9830450803928609,0.022312809567729675,,
10000151,transient_nonpersistent,Transient non-persistence,152,tuned_level,30.0,0.9822933012406964,0.022278720245953423,,
10000151,transient_nonpersistent,Transient non-persistence,152,tuned_level,100.0,0.9819944529824731,0.022275173848022058,,
10000151,transient_nonpersistent,Transient non-persistence,152,tuned_level,300.0,0.9819117132684834,0.02227495867571915,,
10000151,transient_nonpersistent,Transient non-persistence,152,tuned_level_slope,0.1,1.0513996619689132,0.04238458655121817,5.741666666666666,1.0
10000151,transient_nonpersistent,Transient non-persistence,152,tuned_level_slope,0.3,0.9939053940534623,0.02744280203814262,2.933333333333333,1.0
10000151,transient_nonpersistent,Transient non-persistence,152,tuned_level_slope,1.0,0.9864216306342932,0.02314366027693733,1.9,1.0
10000151,transient_nonpersistent,Transient non-persistence,152,tuned_level_slope,3.0,0.9842295396677191,0.022485659543156414,1.4416666666666667,1.0
10000151,transient_nonpersistent,Transient non-persistence,152,tuned_level_slope,10.0,0.9826971692263873,0.022298478244062513,1.3416666666666666,1.0
10000151,transient_nonpersistent,Transient non-persistence,152,tuned_level_slope,30.0,0.9822002787322275,0.022280440138066054,1.2833333333333334,1.0
10000151,transient_nonpersistent,Transient non-persistence,152,tuned_level_slope,100.0,0.98196699683516,0.022275960789415225,1.2166666666666666,1.0
10000151,transient_nonpersistent,Transient non-persistence,152,tuned_level_slope,300.0,0.981902561219379,0.022275240289190652,1.2083333333333333,1.0
10000152,transient_nonpersistent,Transient non-persistence,153,tuned_level,0.0,1.6539130448225572,0.12113734038860988,,
10000152,transient_nonpersistent,Transient non-persistence,153,tuned_level,0.03,1.4396269577332297,0.09552859555130792,,
10000152,transient_nonpersistent,Transient non-persistence,153,tuned_level,0.1,1.1232596628513436,0.03966014356847211,,
10000152,transient_nonpersistent,Transient non-persistence,153,tuned_level,0.3,1.0143284387301699,0.028353479877345437,,
10000152,transient_nonpersistent,Transient non-persistence,153,tuned_level,1.0,0.9966575528246693,0.022751184031371052,,
10000152,transient_nonpersistent,Transient non-persistence,153,tuned_level,3.0,0.9903687049607236,0.022070960080092905,,
10000152,transient_nonpersistent,Transient non-persistence,153,tuned_level,10.0,0.9890166639434208,0.022098774694162517,,
10000152,transient_nonpersistent,Transient non-persistence,153,tuned_level,30.0,0.9891408383318326,0.02209987387822166,,
10000152,transient_nonpersistent,Transient non-persistence,153,tuned_level,100.0,0.98926446563046,0.02209911482498671,,
10000152,transient_nonpersistent,Transient non-persistence,153,tuned_level,300.0,0.9892976492678103,0.022099414539060926,,
10000152,transient_nonpersistent,Transient non-persistence,153,tuned_level_slope,0.1,1.0408692729448297,0.030220746773957547,5.633333333333334,1.0
10000152,transient_nonpersistent,Transient non-persistence,153,tuned_level_slope,0.3,0.9987947078266878,0.024934772879152557,3.091666666666667,1.0
10000152,transient_nonpersistent,Transient non-persistence,153,tuned_level_slope,1.0,0.994228395888317,0.022377080578417648,2.1333333333333333,1.0
10000152,transient_nonpersistent,Transient non-persistence,153,tuned_level_slope,3.0,0.9904729083267283,0.022064619794086214,1.5,1.0
10000152,transient_nonpersistent,Transient non-persistence,153,tuned_level_slope,10.0,0.9891312998663556,0.022097631065895972,1.35,1.0
10000152,transient_nonpersistent,Transient non-persistence,153,tuned_level_slope,30.0,0.9892306155877508,0.02209773062648148,1.2833333333333334,1.0
10000152,transient_nonpersistent,Transient non-persistence,153,tuned_level_slope,100.0,0.9892900321761812,0.02209877343772553,1.2666666666666666,1.0
10000152,transient_nonpersistent,Transient non-persistence,153,tuned_level_slope,300.0,0.9893057719468764,0.022099366986280903,1.25,1.0
10000153,transient_nonpersistent,Transient non-persistence,154,tuned_level,0.0,1.9265746555696788,0.13318307915443967,,
10000153,transient_nonpersistent,Transient non-persistence,154,tuned_level,0.03,1.7339277697603754,0.10577400967003912,,
10000153,transient_nonpersistent,Transient non-persistence,154,tuned_level,0.1,1.2174035346350267,0.04313197161105592,,
10000153,transient_nonpersistent,Transient non-persistence,154,tuned_level,0.3,1.0652395320852786,0.02823559606340387,,
10000153,transient_nonpersistent,Transient non-persistence,154,tuned_level,1.0,1.0380336066213627,0.02484937447985005,,
10000153,transient_nonpersistent,Transient non-persistence,154,tuned_level,3.0,1.0281523513500714,0.02412773504702161,,
10000153,transient_nonpersistent,Transient non-persistence,154,tuned_level,10.0,1.0251606054563664,0.02417556488698884,,
10000153,transient_nonpersistent,Transient non-persistence,154,tuned_level,30.0,1.0244851586901693,0.02418856641911089,,
10000153,transient_nonpersistent,Transient non-persistence,154,tuned_level,100.0,1.0242734168263403,0.024186852623521726,,
10000153,transient_nonpersistent,Transient non-persistence,154,tuned_level,300.0,1.0242192344963246,0.02419150570858722,,
10000153,transient_nonpersistent,Transient non-persistence,154,tuned_level_slope,0.1,1.117472032290522,0.03463395466053114,5.208333333333333,1.0
10000153,transient_nonpersistent,Transient non-persistence,154,tuned_level_slope,0.3,1.046841336832663,0.025793394852209918,3.091666666666667,1.0
10000153,transient_nonpersistent,Transient non-persistence,154,tuned_level_slope,1.0,1.031931338261033,0.024300491584860605,2.0166666666666666,1.0
10000153,transient_nonpersistent,Transient non-persistence,154,tuned_level_slope,3.0,1.0268290800552582,0.024110382386515514,1.4916666666666667,1.0
10000153,transient_nonpersistent,Transient non-persistence,154,tuned_level_slope,10.0,1.0248575125148243,0.02417377467018136,1.3666666666666667,1.0
10000153,transient_nonpersistent,Transient non-persistence,154,tuned_level_slope,30.0,1.0243979384556268,0.024188010378756526,1.275,1.0
10000153,transient_nonpersistent,Transient non-persistence,154,tuned_level_slope,100.0,1.0242496497905673,0.02418722821948199,1.2333333333333334,1.0
10000153,transient_nonpersistent,Transient non-persistence,154,tuned_level_slope,300.0,1.0242113121510668,0.024191645961958948,1.2166666666666666,1.0
10000154,transient_nonpersistent,Transient non-persistence,155,tuned_level,0.0,1.757567391498649,0.11789572907351377,,
10000154,transient_nonpersistent,Transient non-persistence,155,tuned_level,0.03,1.5556920961729868,0.0946915394731642,,
10000154,transient_nonpersistent,Transient non-persistence,155,tuned_level,0.1,1.142758651040765,0.04027284809787572,,
10000154,transient_nonpersistent,Transient non-persistence,155,tuned_level,0.3,1.0299490308425958,0.029262171332308393,,
10000154,transient_nonpersistent,Transient non-persistence,155,tuned_level,1.0,0.9987550593151492,0.024196085248455824,,
10000154,transient_nonpersistent,Transient non-persistence,155,tuned_level,3.0,0.9846540762663396,0.023260210791467128,,
10000154,transient_nonpersistent,Transient non-persistence,155,tuned_level,10.0,0.9804813020426714,0.023007398241637864,,
10000154,transient_nonpersistent,Transient non-persistence,155,tuned_level,30.0,0.9793579894996387,0.02295834825365969,,
10000154,transient_nonpersistent,Transient non-persistence,155,tuned_level,100.0,0.978990334917079,0.022946001121622945,,
10000154,transient_nonpersistent,Transient non-persistence,155,tuned_level,300.0,0.9788747959113319,0.02294355332065707,,
10000154,transient_nonpersistent,Transient non-persistence,155,tuned_level_slope,0.1,1.0657429533517488,0.033387924879398026,5.35,1.0
10000154,transient_nonpersistent,Transient non-persistence,155,tuned_level_slope,0.3,1.006779872789086,0.026754538534562118,3.1083333333333334,1.0
10000154,transient_nonpersistent,Transient non-persistence,155,tuned_level_slope,1.0,0.9905023793476093,0.02378205447754286,2.1,1.0
10000154,transient_nonpersistent,Transient non-persistence,155,tuned_level_slope,3.0,0.9830741354383633,0.023154714678237247,1.4416666666666667,1.0
10000154,transient_nonpersistent,Transient non-persistence,155,tuned_level_slope,10.0,0.9801618645185287,0.022984405184415163,1.3166666666666667,1.0
10000154,transient_nonpersistent,Transient non-persistence,155,tuned_level_slope,30.0,0.9792638046091006,0.022953712320176463,1.275,1.0
10000154,transient_nonpersistent,Transient non-persistence,155,tuned_level_slope,100.0,0.9789590460150002,0.022945051508065032,1.2166666666666666,1.0
10000154,transient_nonpersistent,Transient non-persistence,155,tuned_level_slope,300.0,0.9788643662773054,0.022943268594687337,1.2083333333333333,1.0
10000155,transient_nonpersistent,Transient non-persistence,156,tuned_level,0.0,1.6630587225029496,0.0991028040197236,,
10000155,transient_nonpersistent,Transient non-persistence,156,tuned_level,0.03,1.4972527552305182,0.08432283273590924,,
10000155,transient_nonpersistent,Transient non-persistence,156,tuned_level,0.1,1.1842689294793076,0.042144080748551506,,
10000155,transient_nonpersistent,Transient non-persistence,156,tuned_level,0.3,1.0839615381184085,0.03388127826416293,,
10000155,transient_nonpersistent,Transient non-persistence,156,tuned_level,1.0,1.0565568068931575,0.02951398631931577,,
10000155,transient_nonpersistent,Transient non-persistence,156,tuned_level,3.0,1.045773175461339,0.028868071327941527,,
10000155,transient_nonpersistent,Transient non-persistence,156,tuned_level,10.0,1.0426481346965795,0.02888108306474926,,
10000155,transient_nonpersistent,Transient non-persistence,156,tuned_level,30.0,1.0422521967917204,0.028923528437114817,,
10000155,transient_nonpersistent,Transient non-persistence,156,tuned_level,100.0,1.0422114732002,0.028945840535801307,,
10000155,transient_nonpersistent,Transient non-persistence,156,tuned_level,300.0,1.0422098274842466,0.028951900977045253,,
10000155,transient_nonpersistent,Transient non-persistence,156,tuned_level_slope,0.1,1.103087624835463,0.03623728955692239,6.375,1.0
10000155,transient_nonpersistent,Transient non-persistence,156,tuned_level_slope,0.3,1.057060564193484,0.031114078799275607,3.7666666666666666,1.0
10000155,transient_nonpersistent,Transient non-persistence,156,tuned_level_slope,1.0,1.0501073252454742,0.028977078703779798,2.0416666666666665,1.0
10000155,transient_nonpersistent,Transient non-persistence,156,tuned_level_slope,3.0,1.0440683337435566,0.02879462174641917,1.55,1.0
10000155,transient_nonpersistent,Transient non-persistence,156,tuned_level_slope,10.0,1.0424313249864596,0.028886855733669725,1.375,1.0
10000155,transient_nonpersistent,Transient non-persistence,156,tuned_level_slope,30.0,1.0422452604066876,0.028928139728367608,1.325,1.0
10000155,transient_nonpersistent,Transient non-persistence,156,tuned_level_slope,100.0,1.0422073260431686,0.028946752792789382,1.25,1.0
10000155,transient_nonpersistent,Transient non-persistence,156,tuned_level_slope,300.0,1.0422101571726896,0.028952044305183038,1.25,1.0
10000156,transient_nonpersistent,Transient non-persistence,157,tuned_level,0.0,1.5639306034329732,0.0864219319721083,,
10000156,transient_nonpersistent,Transient non-persistence,157,tuned_level,0.03,1.4195627781564528,0.06981116994969341,,
10000156,transient_nonpersistent,Transient non-persistence,157,tuned_level,0.1,1.1449127128029628,0.042548026985473435,,
10000156,transient_nonpersistent,Transient non-persistence,157,tuned_level,0.3,1.0672711278099238,0.03355600328065047,,
10000156,transient_nonpersistent,Transient non-persistence,157,tuned_level,1.0,1.059969264686382,0.030119069970813758,,
10000156,transient_nonpersistent,Transient non-persistence,157,tuned_level,3.0,1.0552362081117834,0.029304545400509675,,
10000156,transient_nonpersistent,Transient non-persistence,157,tuned_level,10.0,1.0537373995795023,0.029175087310980764,,
10000156,transient_nonpersistent,Transient non-persistence,157,tuned_level,30.0,1.0533748031416612,0.029161564996960713,,
10000156,transient_nonpersistent,Transient non-persistence,157,tuned_level,100.0,1.0532605364631236,0.029154516355009475,,
10000156,transient_nonpersistent,Transient non-persistence,157,tuned_level,300.0,1.0532278888406843,0.029152732351767227,,
10000156,transient_nonpersistent,Transient non-persistence,157,tuned_level_slope,0.1,1.0867849778787035,0.03682025494327736,5.275,1.0
10000156,transient_nonpersistent,Transient non-persistence,157,tuned_level_slope,0.3,1.05435034677843,0.031873825250035986,2.9583333333333335,1.0
10000156,transient_nonpersistent,Transient non-persistence,157,tuned_level_slope,1.0,1.056434911384393,0.02974689358973717,2.033333333333333,1.0
10000156,transient_nonpersistent,Transient non-persistence,157,tuned_level_slope,3.0,1.0546193867339966,0.029271470385028673,1.5416666666666667,1.0
10000156,transient_nonpersistent,Transient non-persistence,157,tuned_level_slope,10.0,1.053701776217605,0.029172726836217647,1.375,1.0
10000156,transient_nonpersistent,Transient non-persistence,157,tuned_level_slope,30.0,1.0533667937838371,0.02916022460410485,1.3333333333333333,1.0
10000156,transient_nonpersistent,Transient non-persistence,157,tuned_level_slope,100.0,1.0532587133855282,0.029154410865276034,1.275,1.0
10000156,transient_nonpersistent,Transient non-persistence,157,tuned_level_slope,300.0,1.0532272811481524,0.029152707827795228,1.25,1.0
10000157,transient_nonpersistent,Transient non-persistence,158,tuned_level,0.0,2.029163610625937,0.2006727975206699,,
10000157,transient_nonpersistent,Transient non-persistence,158,tuned_level,0.03,1.7794572747890138,0.15958064405259542,,
10000157,transient_nonpersistent,Transient non-persistence,158,tuned_level,0.1,1.1621925775587088,0.03772915450473824,,
10000157,transient_nonpersistent,Transient non-persistence,158,tuned_level,0.3,1.0568077834146565,0.02872362281495596,,
10000157,transient_nonpersistent,Transient non-persistence,158,tuned_level,1.0,1.0176607230400647,0.02285119350284955,,
10000157,transient_nonpersistent,Transient non-persistence,158,tuned_level,3.0,1.0002983982518618,0.021499345669332086,,
10000157,transient_nonpersistent,Transient non-persistence,158,tuned_level,10.0,0.993803329367697,0.021335833054773812,,
10000157,transient_nonpersistent,Transient non-persistence,158,tuned_level,30.0,0.9918084312882878,0.0213222656934986,,
10000157,transient_nonpersistent,Transient non-persistence,158,tuned_level,100.0,0.9910622767252584,0.02132375117208983,,
10000157,transient_nonpersistent,Transient non-persistence,158,tuned_level,300.0,0.9908507903875221,0.021324643466453182,,
10000157,transient_nonpersistent,Transient non-persistence,158,tuned_level_slope,0.1,1.0632652223381662,0.031529631724653305,5.691666666666666,1.0
10000157,transient_nonpersistent,Transient non-persistence,158,tuned_level_slope,0.3,1.0242732596712354,0.025454493175350288,3.3583333333333334,1.0
10000157,transient_nonpersistent,Transient non-persistence,158,tuned_level_slope,1.0,1.0073109706738743,0.022107460882460024,1.8083333333333333,1.0
10000157,transient_nonpersistent,Transient non-persistence,158,tuned_level_slope,3.0,0.9972099883063074,0.021426414021792645,1.3666666666666667,1.0
10000157,transient_nonpersistent,Transient non-persistence,158,tuned_level_slope,10.0,0.9928217559260933,0.021330915411627533,1.325,1.0
10000157,transient_nonpersistent,Transient non-persistence,158,tuned_level_slope,30.0,0.991487716228919,0.021323173747243435,1.2583333333333333,1.0
10000157,transient_nonpersistent,Transient non-persistence,158,tuned_level_slope,100.0,0.9909689636512369,0.021324232972809613,1.2416666666666667,1.0
10000157,transient_nonpersistent,Transient non-persistence,158,tuned_level_slope,300.0,0.9908193977110624,0.021324832377436972,1.2166666666666666,1.0
10000158,transient_nonpersistent,Transient non-persistence,159,tuned_level,0.0,1.66899983473474,0.13010023735449133,,
10000158,transient_nonpersistent,Transient non-persistence,159,tuned_level,0.03,1.4372513679353986,0.08012390307088077,,
10000158,transient_nonpersistent,Transient non-persistence,159,tuned_level,0.1,1.1581330504130312,0.03846779513501487,,
10000158,transient_nonpersistent,Transient non-persistence,159,tuned_level,0.3,1.0568003389759557,0.0300188049687767,,
10000158,transient_nonpersistent,Transient non-persistence,159,tuned_level,1.0,1.019743645289974,0.02632312078966615,,
10000158,transient_nonpersistent,Transient non-persistence,159,tuned_level,3.0,1.0042331139846132,0.025666722282666223,,
10000158,transient_nonpersistent,Transient non-persistence,159,tuned_level,10.0,1.002633101096652,0.02553438388115852,,
10000158,transient_nonpersistent,Transient non-persistence,159,tuned_level,30.0,1.0026253310194941,0.02551871145364636,,
10000158,transient_nonpersistent,Transient non-persistence,159,tuned_level,100.0,1.0026702115543955,0.025523376999755175,,
10000158,transient_nonpersistent,Transient non-persistence,159,tuned_level,300.0,1.0027085191495781,0.025525180077401493,,
10000158,transient_nonpersistent,Transient non-persistence,159,tuned_level_slope,0.1,1.0912099715552643,0.03320910620706684,5.716666666666667,1.0
10000158,transient_nonpersistent,Transient non-persistence,159,tuned_level_slope,0.3,1.0353220098957105,0.02817398663330887,3.433333333333333,1.0
10000158,transient_nonpersistent,Transient non-persistence,159,tuned_level_slope,1.0,1.0118242957056152,0.026233892500191848,1.9583333333333333,1.0
10000158,transient_nonpersistent,Transient non-persistence,159,tuned_level_slope,3.0,1.0034689236742627,0.02569992291242583,1.3,1.0
10000158,transient_nonpersistent,Transient non-persistence,159,tuned_level_slope,10.0,1.0024359632211728,0.025551769209994902,1.2166666666666666,1.0
10000158,transient_nonpersistent,Transient non-persistence,159,tuned_level_slope,30.0,1.0025819015811044,0.02552748943393585,1.1833333333333333,1.0
10000158,transient_nonpersistent,Transient non-persistence,159,tuned_level_slope,100.0,1.0026704929785228,0.025526376746226938,1.175,1.0
10000158,transient_nonpersistent,Transient non-persistence,159,tuned_level_slope,300.0,1.0027086129576206,0.025526203140542734,1.175,1.0
10000159,transient_nonpersistent,Transient non-persistence,160,tuned_level,0.0,1.867006994231463,0.16437781863774836,,
10000159,transient_nonpersistent,Transient non-persistence,160,tuned_level,0.03,1.5109625442299186,0.10048926913006279,,
10000159,transient_nonpersistent,Transient non-persistence,160,tuned_level,0.1,1.101257246758391,0.03494016817959367,,
10000159,transient_nonpersistent,Transient non-persistence,160,tuned_level,0.3,0.9994458420048778,0.023362641577299496,,
10000159,transient_nonpersistent,Transient non-persistence,160,tuned_level,1.0,0.9889133772559757,0.01990780987834377,,
10000159,transient_nonpersistent,Transient non-persistence,160,tuned_level,3.0,0.9859016054989256,0.019339529761828112,,
10000159,transient_nonpersistent,Transient non-persistence,160,tuned_level,10.0,0.98603110006587,0.019391132304952607,,
10000159,transient_nonpersistent,Transient non-persistence,160,tuned_level,30.0,0.9859993421614414,0.019442204781575025,,
10000159,transient_nonpersistent,Transient non-persistence,160,tuned_level,100.0,0.9859743664427154,0.019463268680791023,,
10000159,transient_nonpersistent,Transient non-persistence,160,tuned_level,300.0,0.985967228249258,0.01946957143943186,,
10000159,transient_nonpersistent,Transient non-persistence,160,tuned_level_slope,0.1,1.0406022454303951,0.02950562158702877,5.45,1.0
10000159,transient_nonpersistent,Transient non-persistence,160,tuned_level_slope,0.3,0.9890740824604561,0.021360468855729633,2.4833333333333334,1.0
10000159,transient_nonpersistent,Transient non-persistence,160,tuned_level_slope,1.0,0.9866639176413287,0.019576812750146284,1.8583333333333334,1.0
10000159,transient_nonpersistent,Transient non-persistence,160,tuned_level_slope,3.0,0.9860182204562761,0.019350948559660547,1.4083333333333334,1.0
10000159,transient_nonpersistent,Transient non-persistence,160,tuned_level_slope,10.0,0.9860454195567786,0.019408311541003042,1.3166666666666667,1.0
10000159,transient_nonpersistent,Transient non-persistence,160,tuned_level_slope,30.0,0.9860046368298486,0.01944864742841517,1.2333333333333334,1.0
10000159,transient_nonpersistent,Transient non-persistence,160,tuned_level_slope,100.0,0.9859759548432376,0.019465312388706756,1.2083333333333333,1.0
10000159,transient_nonpersistent,Transient non-persistence,160,tuned_level_slope,300.0,0.9859677599899203,0.019470263138851654,1.2,1.0
10000160,transient_nonpersistent,Transient non-persistence,161,tuned_level,0.0,1.622356151720797,0.1167405107138195,,
10000160,transient_nonpersistent,Transient non-persistence,161,tuned_level,0.03,1.5225902138130112,0.10548039766878246,,
10000160,transient_nonpersistent,Transient non-persistence,161,tuned_level,0.1,1.0919945383956775,0.035421959123773356,,
10000160,transient_nonpersistent,Transient non-persistence,161,tuned_level,0.3,1.0188038186569477,0.024101482909645172,,
10000160,transient_nonpersistent,Transient non-persistence,161,tuned_level,1.0,1.0187574377875606,0.021231366850203957,,
10000160,transient_nonpersistent,Transient non-persistence,161,tuned_level,3.0,1.0145234787860655,0.021728287308334364,,
10000160,transient_nonpersistent,Transient non-persistence,161,tuned_level,10.0,1.0124242144176596,0.022482666691085458,,
10000160,transient_nonpersistent,Transient non-persistence,161,tuned_level,30.0,1.011776907022228,0.02274444501909788,,
10000160,transient_nonpersistent,Transient non-persistence,161,tuned_level,100.0,1.011498965939391,0.022843391653613588,,
10000160,transient_nonpersistent,Transient non-persistence,161,tuned_level,300.0,1.0114209430903265,0.022872156080044705,,
10000160,transient_nonpersistent,Transient non-persistence,161,tuned_level_slope,0.1,1.0213609561061696,0.027084083504632213,5.658333333333333,1.0
10000160,transient_nonpersistent,Transient non-persistence,161,tuned_level_slope,0.3,1.0052828095905653,0.02221379912962425,2.9,1.0
10000160,transient_nonpersistent,Transient non-persistence,161,tuned_level_slope,1.0,1.0140805265379709,0.02121898060317633,2.0,1.0
10000160,transient_nonpersistent,Transient non-persistence,161,tuned_level_slope,3.0,1.013334429345876,0.02204249453577012,1.375,1.0
10000160,transient_nonpersistent,Transient non-persistence,161,tuned_level_slope,10.0,1.0120504002849973,0.022609809095306015,1.2666666666666666,1.0
10000160,transient_nonpersistent,Transient non-persistence,161,tuned_level_slope,30.0,1.011638809143898,0.022789068247967562,1.2416666666666667,1.0
10000160,transient_nonpersistent,Transient non-persistence,161,tuned_level_slope,100.0,1.0114587069426038,0.022857014691761813,1.2,1.0
10000160,transient_nonpersistent,Transient non-persistence,161,tuned_level_slope,300.0,1.0114069884854946,0.022876755662091217,1.1916666666666667,1.0
10000161,transient_nonpersistent,Transient non-persistence,162,tuned_level,0.0,1.8188003847567724,0.13213901765638336,,
10000161,transient_nonpersistent,Transient non-persistence,162,tuned_level,0.03,1.594118255395211,0.11135857444888446,,
10000161,transient_nonpersistent,Transient non-persistence,162,tuned_level,0.1,1.1092518390407344,0.043451978924623325,,
10000161,transient_nonpersistent,Transient non-persistence,162,tuned_level,0.3,1.0099662448640605,0.029566716656806564,,
10000161,transient_nonpersistent,Transient non-persistence,162,tuned_level,1.0,0.9943532953855313,0.025028816281917245,,
10000161,transient_nonpersistent,Transient non-persistence,162,tuned_level,3.0,0.9867320575431983,0.024478921705026233,,
10000161,transient_nonpersistent,Transient non-persistence,162,tuned_level,10.0,0.9833846392055456,0.02452756300569122,,
10000161,transient_nonpersistent,Transient non-persistence,162,tuned_level,30.0,0.982316227755884,0.024574442131619634,,
10000161,transient_nonpersistent,Transient non-persistence,162,tuned_level,100.0,0.9819506654376216,0.02459422957806103,,
10000161,transient_nonpersistent,Transient non-persistence,162,tuned_level,300.0,0.9818501447792848,0.024600054778826257,,
10000161,transient_nonpersistent,Transient non-persistence,162,tuned_level_slope,0.1,1.031046800134437,0.03565983854659893,5.433333333333334,1.0
10000161,transient_nonpersistent,Transient non-persistence,162,tuned_level_slope,0.3,0.9960085118783084,0.027394025240662548,2.85,1.0
10000161,transient_nonpersistent,Transient non-persistence,162,tuned_level_slope,1.0,0.9901869475928627,0.024745184949285372,1.7666666666666666,1.0
10000161,transient_nonpersistent,Transient non-persistence,162,tuned_level_slope,3.0,0.9855690886772435,0.024493180333395016,1.4333333333333333,1.0
10000161,transient_nonpersistent,Transient non-persistence,162,tuned_level_slope,10.0,0.9830021241293375,0.024544351017529067,1.2583333333333333,1.0
10000161,transient_nonpersistent,Transient non-persistence,162,tuned_level_slope,30.0,0.982191801002352,0.02458155128026025,1.2,1.0
10000161,transient_nonpersistent,Transient non-persistence,162,tuned_level_slope,100.0,0.9819130771815434,0.02459650987523477,1.1833333333333333,1.0
10000161,transient_nonpersistent,Transient non-persistence,162,tuned_level_slope,300.0,0.9818375945047119,0.024600804339601847,1.1916666666666667,1.0
10000162,transient_nonpersistent,Transient non-persistence,163,tuned_level,0.0,1.8804387440869372,0.12764007833965774,,
10000162,transient_nonpersistent,Transient non-persistence,163,tuned_level,0.03,1.6329464170142785,0.09207460220344857,,
10000162,transient_nonpersistent,Transient non-persistence,163,tuned_level,0.1,1.1822634964015577,0.04115917445791536,,
10000162,transient_nonpersistent,Transient non-persistence,163,tuned_level,0.3,1.0594285172907452,0.02874175360351343,,
10000162,transient_nonpersistent,Transient non-persistence,163,tuned_level,1.0,1.0406898412933845,0.025197777609320293,,
10000162,transient_nonpersistent,Transient non-persistence,163,tuned_level,3.0,1.0329973500872158,0.024665947453254147,,
10000162,transient_nonpersistent,Transient non-persistence,163,tuned_level,10.0,1.0298790433133027,0.024621455219965206,,
10000162,transient_nonpersistent,Transient non-persistence,163,tuned_level,30.0,1.0291663153937083,0.02461285253045693,,
10000162,transient_nonpersistent,Transient non-persistence,163,tuned_level,100.0,1.0289090206783926,0.02461223509854752,,
10000162,transient_nonpersistent,Transient non-persistence,163,tuned_level,300.0,1.0288345921516724,0.02461249348825997,,
10000162,transient_nonpersistent,Transient non-persistence,163,tuned_level_slope,0.1,1.1231376723779927,0.035485083473914075,4.708333333333333,1.0
10000162,transient_nonpersistent,Transient non-persistence,163,tuned_level_slope,0.3,1.0521390480012573,0.02716112067560428,2.525,1.0
10000162,transient_nonpersistent,Transient non-persistence,163,tuned_level_slope,1.0,1.0378616083686523,0.024935274547563342,1.7666666666666666,1.0
10000162,transient_nonpersistent,Transient non-persistence,163,tuned_level_slope,3.0,1.0324457937776292,0.024623771005864863,1.3166666666666667,1.0
10000162,transient_nonpersistent,Transient non-persistence,163,tuned_level_slope,10.0,1.0297665423175593,0.02462269183454279,1.2416666666666667,1.0
10000162,transient_nonpersistent,Transient non-persistence,163,tuned_level_slope,30.0,1.0291258017224745,0.024614810311098537,1.1833333333333333,1.0
10000162,transient_nonpersistent,Transient non-persistence,163,tuned_level_slope,100.0,1.0288950234891932,0.02461314720401529,1.15,1.0
10000162,transient_nonpersistent,Transient non-persistence,163,tuned_level_slope,300.0,1.0288299264219394,0.024612815910080098,1.15,1.0
10000163,transient_nonpersistent,Transient non-persistence,164,tuned_level,0.0,1.6821240496608103,0.11794477464732706,,
10000163,transient_nonpersistent,Transient non-persistence,164,tuned_level,0.03,1.5284309842578787,0.10185416864386972,,
10000163,transient_nonpersistent,Transient non-persistence,164,tuned_level,0.1,1.1072301086297933,0.04038705577593407,,
10000163,transient_nonpersistent,Transient non-persistence,164,tuned_level,0.3,1.0027296442984206,0.024856103560644233,,
10000163,transient_nonpersistent,Transient non-persistence,164,tuned_level,1.0,0.9927725502496436,0.021351045197473422,,
10000163,transient_nonpersistent,Transient non-persistence,164,tuned_level,3.0,0.9913382427176038,0.020529993622805272,,
10000163,transient_nonpersistent,Transient non-persistence,164,tuned_level,10.0,0.9895445792532815,0.020403179446609375,,
10000163,transient_nonpersistent,Transient non-persistence,164,tuned_level,30.0,0.9889509213019086,0.02039823540042245,,
10000163,transient_nonpersistent,Transient non-persistence,164,tuned_level,100.0,0.9887479698822071,0.02039958691482899,,
10000163,transient_nonpersistent,Transient non-persistence,164,tuned_level,300.0,0.9886908058741939,0.020399891164380526,,
10000163,transient_nonpersistent,Transient non-persistence,164,tuned_level_slope,0.1,1.048464246546394,0.031780400277488685,5.108333333333333,1.0
10000163,transient_nonpersistent,Transient non-persistence,164,tuned_level_slope,0.3,0.9910836508218009,0.022962145612185896,2.6166666666666667,1.0
10000163,transient_nonpersistent,Transient non-persistence,164,tuned_level_slope,1.0,0.9905862320156651,0.02093134769456362,1.8083333333333333,1.0
10000163,transient_nonpersistent,Transient non-persistence,164,tuned_level_slope,3.0,0.9904845280966074,0.020465714506714274,1.3416666666666666,1.0
10000163,transient_nonpersistent,Transient non-persistence,164,tuned_level_slope,10.0,0.9892635178117786,0.020396594475203905,1.2333333333333334,1.0
10000163,transient_nonpersistent,Transient non-persistence,164,tuned_level_slope,30.0,0.9888602340866733,0.020397643831947875,1.2083333333333333,1.0
10000163,transient_nonpersistent,Transient non-persistence,164,tuned_level_slope,100.0,0.9887208374521739,0.02039920550155782,1.175,1.0
10000163,transient_nonpersistent,Transient non-persistence,164,tuned_level_slope,300.0,0.9886822441462483,0.02039975409472163,1.1666666666666667,1.0
10000164,transient_nonpersistent,Transient non-persistence,165,tuned_level,0.0,2.0173164452544468,0.20357370937928823,,
10000164,transient_nonpersistent,Transient non-persistence,165,tuned_level,0.03,1.6538350535113522,0.1015417479551753,,
10000164,transient_nonpersistent,Transient non-persistence,165,tuned_level,0.1,1.2550462954950752,0.052666143278634676,,
10000164,transient_nonpersistent,Transient non-persistence,165,tuned_level,0.3,1.0764972300472666,0.03309418963392958,,
10000164,transient_nonpersistent,Transient non-persistence,165,tuned_level,1.0,1.018177185629999,0.02623675747566996,,
10000164,transient_nonpersistent,Transient non-persistence,165,tuned_level,3.0,1.0039884084943944,0.02493641485535489,,
10000164,transient_nonpersistent,Transient non-persistence,165,tuned_level,10.0,1.0001520116691265,0.02487463190133415,,
10000164,transient_nonpersistent,Transient non-persistence,165,tuned_level,30.0,0.9988004669981585,0.024936299666858928,,
10000164,transient_nonpersistent,Transient non-persistence,165,tuned_level,100.0,0.9983430937194311,0.02497045138610994,,
10000164,transient_nonpersistent,Transient non-persistence,165,tuned_level,300.0,0.9982150611424402,0.02498146611673526,,
10000164,transient_nonpersistent,Transient non-persistence,165,tuned_level_slope,0.1,1.117261210771882,0.03950788711051908,6.6,1.0
10000164,transient_nonpersistent,Transient non-persistence,165,tuned_level_slope,0.3,1.0358768448525488,0.029417853941404247,3.625,1.0
10000164,transient_nonpersistent,Transient non-persistence,165,tuned_level_slope,1.0,1.0098688762855335,0.02552757957766761,2.191666666666667,1.0
10000164,transient_nonpersistent,Transient non-persistence,165,tuned_level_slope,3.0,1.0018360743787544,0.024799501816969428,1.6,1.0
10000164,transient_nonpersistent,Transient non-persistence,165,tuned_level_slope,10.0,0.9994561875810167,0.024871149268080508,1.35,1.0
10000164,transient_nonpersistent,Transient non-persistence,165,tuned_level_slope,30.0,0.9985597791233499,0.024940281408668215,1.2833333333333334,1.0
10000164,transient_nonpersistent,Transient non-persistence,165,tuned_level_slope,100.0,0.9982734271045071,0.024971708403659976,1.2416666666666667,1.0
10000164,transient_nonpersistent,Transient non-persistence,165,tuned_level_slope,300.0,0.9981918389374654,0.024981921304862174,1.2416666666666667,1.0
10000165,transient_nonpersistent,Transient non-persistence,166,tuned_level,0.0,1.934671601895725,0.19364818872812328,,
10000165,transient_nonpersistent,Transient non-persistence,166,tuned_level,0.03,1.549651622543313,0.11513253704767881,,
10000165,transient_nonpersistent,Transient non-persistence,166,tuned_level,0.1,1.0790817482298467,0.0387684089472758,,
10000165,transient_nonpersistent,Transient non-persistence,166,tuned_level,0.3,0.9828166540349023,0.027619573922359173,,
10000165,transient_nonpersistent,Transient non-persistence,166,tuned_level,1.0,0.9742992765761284,0.023766277508587626,,
10000165,transient_nonpersistent,Transient non-persistence,166,tuned_level,3.0,0.9695840661564348,0.022853803253056016,,
10000165,transient_nonpersistent,Transient non-persistence,166,tuned_level,10.0,0.9667636548134492,0.022724933408999223,,
10000165,transient_nonpersistent,Transient non-persistence,166,tuned_level,30.0,0.9659611091664738,0.022727988311006017,,
10000165,transient_nonpersistent,Transient non-persistence,166,tuned_level,100.0,0.9656741574247811,0.02273570501107809,,
10000165,transient_nonpersistent,Transient non-persistence,166,tuned_level,300.0,0.9655922450791724,0.02273837593750308,,
10000165,transient_nonpersistent,Transient non-persistence,166,tuned_level_slope,0.1,1.0151325307454306,0.03213533924206379,5.216666666666667,1.0
10000165,transient_nonpersistent,Transient non-persistence,166,tuned_level_slope,0.3,0.9742513190968866,0.02556879752535512,3.158333333333333,1.0
10000165,transient_nonpersistent,Transient non-persistence,166,tuned_level_slope,1.0,0.9715905397329171,0.02329351276931793,1.9333333333333333,1.0
10000165,transient_nonpersistent,Transient non-persistence,166,tuned_level_slope,3.0,0.968787834840249,0.022832214100959102,1.4666666666666666,1.0
10000165,transient_nonpersistent,Transient non-persistence,166,tuned_level_slope,10.0,0.9665706552300438,0.02272963348181654,1.3,1.0
10000165,transient_nonpersistent,Transient non-persistence,166,tuned_level_slope,30.0,0.9658899473464918,0.022733684303000816,1.2416666666666667,1.0
10000165,transient_nonpersistent,Transient non-persistence,166,tuned_level_slope,100.0,0.9656550360583825,0.022737269964255062,1.2416666666666667,1.0
10000165,transient_nonpersistent,Transient non-persistence,166,tuned_level_slope,300.0,0.9655859263045291,0.022738929057125795,1.2166666666666666,1.0
10000166,transient_nonpersistent,Transient non-persistence,167,tuned_level,0.0,2.0071327909354997,0.19255711101930614,,
10000166,transient_nonpersistent,Transient non-persistence,167,tuned_level,0.03,1.6542466627243364,0.1285935930831297,,
10000166,transient_nonpersistent,Transient non-persistence,167,tuned_level,0.1,1.1395896672276238,0.04273500654317808,,
10000166,transient_nonpersistent,Transient non-persistence,167,tuned_level,0.3,1.0230273610013574,0.027854586703755995,,
10000166,transient_nonpersistent,Transient non-persistence,167,tuned_level,1.0,1.0122537364324262,0.024409260169576574,,
10000166,transient_nonpersistent,Transient non-persistence,167,tuned_level,3.0,1.010372654439178,0.023640511676853552,,
10000166,transient_nonpersistent,Transient non-persistence,167,tuned_level,10.0,1.009203646907654,0.023650977930860986,,
10000166,transient_nonpersistent,Transient non-persistence,167,tuned_level,30.0,1.0089000743671694,0.023708663495980255,,
10000166,transient_nonpersistent,Transient non-persistence,167,tuned_level,100.0,1.008790788205903,0.023732983757398383,,
10000166,transient_nonpersistent,Transient non-persistence,167,tuned_level,300.0,1.008758119030942,0.023740364207301006,,
10000166,transient_nonpersistent,Transient non-persistence,167,tuned_level_slope,0.1,1.0644606812706816,0.033454014695921415,4.883333333333334,1.0
10000166,transient_nonpersistent,Transient non-persistence,167,tuned_level_slope,0.3,1.0160010445068692,0.026329514765967933,2.5416666666666665,1.0
10000166,transient_nonpersistent,Transient non-persistence,167,tuned_level_slope,1.0,1.0114389038465026,0.024119737349110763,1.7666666666666666,1.0
10000166,transient_nonpersistent,Transient non-persistence,167,tuned_level_slope,3.0,1.01026425291787,0.023663638443548168,1.3083333333333333,1.0
10000166,transient_nonpersistent,Transient non-persistence,167,tuned_level_slope,10.0,1.009225816792199,0.023682240854125177,1.2083333333333333,1.0
10000166,transient_nonpersistent,Transient non-persistence,167,tuned_level_slope,30.0,1.0089099642474622,0.023720890124765793,1.1666666666666667,1.0
10000166,transient_nonpersistent,Transient non-persistence,167,tuned_level_slope,100.0,1.0087937748960991,0.023736871945833356,1.1583333333333334,1.0
10000166,transient_nonpersistent,Transient non-persistence,167,tuned_level_slope,300.0,1.0087591145943409,0.023741681255033634,1.15,1.0
10000167,transient_nonpersistent,Transient non-persistence,168,tuned_level,0.0,1.898047051044225,0.142012891409077,,
10000167,transient_nonpersistent,Transient non-persistence,168,tuned_level,0.03,1.6675040105131085,0.11621143438672951,,
10000167,transient_nonpersistent,Transient non-persistence,168,tuned_level,0.1,1.1640281577361118,0.04611918795875168,,
10000167,transient_nonpersistent,Transient non-persistence,168,tuned_level,0.3,1.0123332778650547,0.034071278649101276,,
10000167,transient_nonpersistent,Transient non-persistence,168,tuned_level,1.0,0.9747823656952276,0.029168239340769866,,
10000167,transient_nonpersistent,Transient non-persistence,168,tuned_level,3.0,0.9575702273702859,0.028225314458819956,,
10000167,transient_nonpersistent,Transient non-persistence,168,tuned_level,10.0,0.9524332567293019,0.028149442067745566,,
10000167,transient_nonpersistent,Transient non-persistence,168,tuned_level,30.0,0.9508091975003791,0.028151219128483042,,
10000167,transient_nonpersistent,Transient non-persistence,168,tuned_level,100.0,0.9502429290748495,0.028155913887206858,,
10000167,transient_nonpersistent,Transient non-persistence,168,tuned_level,300.0,0.9500919542626247,0.0281572380165259,,
10000167,transient_nonpersistent,Transient non-persistence,168,tuned_level_slope,0.1,1.0662013080160149,0.03873249045709897,5.175,1.0
10000167,transient_nonpersistent,Transient non-persistence,168,tuned_level_slope,0.3,0.9860687629143037,0.03114563413560347,3.1666666666666665,1.0
10000167,transient_nonpersistent,Transient non-persistence,168,tuned_level_slope,1.0,0.967270799985818,0.028619945297618923,2.025,1.0
10000167,transient_nonpersistent,Transient non-persistence,168,tuned_level_slope,3.0,0.9559563330338511,0.028111425423123254,1.5583333333333333,1.0
10000167,transient_nonpersistent,Transient non-persistence,168,tuned_level_slope,10.0,0.951848096745798,0.02812402728905049,1.3833333333333333,1.0
10000167,transient_nonpersistent,Transient non-persistence,168,tuned_level_slope,30.0,0.9506656031023444,0.02814377982993415,1.3,1.0
10000167,transient_nonpersistent,Transient non-persistence,168,tuned_level_slope,100.0,0.950207201177603,0.028153508469282273,1.2833333333333334,1.0
10000167,transient_nonpersistent,Transient non-persistence,168,tuned_level_slope,300.0,0.9500800449635425,0.028156458458977685,1.2833333333333334,1.0
10000168,transient_nonpersistent,Transient non-persistence,169,tuned_level,0.0,1.6610683497809768,0.1258157540079343,,
10000168,transient_nonpersistent,Transient non-persistence,169,tuned_level,0.03,1.4681592371322103,0.08982356920955105,,
10000168,transient_nonpersistent,Transient non-persistence,169,tuned_level,0.1,1.1265649700941895,0.03687759122498033,,
10000168,transient_nonpersistent,Transient non-persistence,169,tuned_level,0.3,1.0297014665121162,0.029780397007367957,,
10000168,transient_nonpersistent,Transient non-persistence,169,tuned_level,1.0,1.0091089213376851,0.025902463345665754,,
10000168,transient_nonpersistent,Transient non-persistence,169,tuned_level,3.0,1.001476172911233,0.024964361601002162,,
10000168,transient_nonpersistent,Transient non-persistence,169,tuned_level,10.0,0.9994967191248665,0.024744987046404515,,
10000168,transient_nonpersistent,Transient non-persistence,169,tuned_level,30.0,0.998857730620108,0.024702622327349606,,
10000168,transient_nonpersistent,Transient non-persistence,169,tuned_level,100.0,0.9986493960171458,0.024688273665875005,,
10000168,transient_nonpersistent,Transient non-persistence,169,tuned_level,300.0,0.9985970610141857,0.02468325587130716,,
10000168,transient_nonpersistent,Transient non-persistence,169,tuned_level_slope,0.1,1.0632764711009206,0.03172314954009608,5.391666666666667,1.0
10000168,transient_nonpersistent,Transient non-persistence,169,tuned_level_slope,0.3,1.0147947457882234,0.027989591412816615,2.9833333333333334,1.0
10000168,transient_nonpersistent,Transient non-persistence,169,tuned_level_slope,1.0,1.0050356599475658,0.025642555998817103,1.9416666666666667,1.0
10000168,transient_nonpersistent,Transient non-persistence,169,tuned_level_slope,3.0,1.0009978482007293,0.024947185683384176,1.5,1.0
10000168,transient_nonpersistent,Transient non-persistence,169,tuned_level_slope,10.0,0.9993511830046735,0.024748206240450755,1.3416666666666666,1.0
10000168,transient_nonpersistent,Transient non-persistence,169,tuned_level_slope,30.0,0.9988128073942405,0.024704981532449682,1.275,1.0
10000168,transient_nonpersistent,Transient non-persistence,169,tuned_level_slope,100.0,0.9986372680020321,0.024688839608142464,1.225,1.0
10000168,transient_nonpersistent,Transient non-persistence,169,tuned_level_slope,300.0,0.9985930183424812,0.02468345693645028,1.225,1.0
10000169,transient_nonpersistent,Transient non-persistence,170,tuned_level,0.0,1.4605895365191743,0.09269854924904868,,
10000169,transient_nonpersistent,Transient non-persistence,170,tuned_level,0.03,1.384380021906927,0.0822514312174273,,
10000169,transient_nonpersistent,Transient non-persistence,170,tuned_level,0.1,1.0961086041287762,0.03377926551884744,,
10000169,transient_nonpersistent,Transient non-persistence,170,tuned_level,0.3,1.0063429560962194,0.02647984894665636,,
10000169,transient_nonpersistent,Transient non-persistence,170,tuned_level,1.0,0.9904610476533563,0.02370801647976038,,
10000169,transient_nonpersistent,Transient non-persistence,170,tuned_level,3.0,0.9822762447205086,0.023100530643877064,,
10000169,transient_nonpersistent,Transient non-persistence,170,tuned_level,10.0,0.9807798612618305,0.023160277076021012,,
10000169,transient_nonpersistent,Transient non-persistence,170,tuned_level,30.0,0.9802607284454156,0.023204259797034815,,
10000169,transient_nonpersistent,Transient non-persistence,170,tuned_level,100.0,0.9800796291357746,0.023222923043509605,,
10000169,transient_nonpersistent,Transient non-persistence,170,tuned_level,300.0,0.980025618902181,0.023228536387826428,,
10000169,transient_nonpersistent,Transient non-persistence,170,tuned_level_slope,0.1,1.03198963563246,0.028960928446718378,6.35,1.0
10000169,transient_nonpersistent,Transient non-persistence,170,tuned_level_slope,0.3,0.9959829746533178,0.02521740784734552,3.3916666666666666,1.0
10000169,transient_nonpersistent,Transient non-persistence,170,tuned_level_slope,1.0,0.9865993225979152,0.023494579659417255,2.1166666666666667,1.0
10000169,transient_nonpersistent,Transient non-persistence,170,tuned_level_slope,3.0,0.9820657351947946,0.023212876076484448,1.525,1.0
10000169,transient_nonpersistent,Transient non-persistence,170,tuned_level_slope,10.0,0.9807417093918848,0.023198089644200042,1.3666666666666667,1.0
10000169,transient_nonpersistent,Transient non-persistence,170,tuned_level_slope,30.0,0.9802650695878374,0.023219060559305404,1.2416666666666667,1.0
10000169,transient_nonpersistent,Transient non-persistence,170,tuned_level_slope,100.0,0.9800801305353144,0.02322747319219163,1.2333333333333334,1.0
10000169,transient_nonpersistent,Transient non-persistence,170,tuned_level_slope,300.0,0.9800258519771677,0.023230073302516953,1.2166666666666666,1.0
10000170,transient_nonpersistent,Transient non-persistence,171,tuned_level,0.0,1.6173177194349273,0.11723215096573816,,
10000170,transient_nonpersistent,Transient non-persistence,171,tuned_level,0.03,1.4149630785492056,0.09291813389095237,,
10000170,transient_nonpersistent,Transient non-persistence,171,tuned_level,0.1,1.1674244052694187,0.04853911217810576,,
10000170,transient_nonpersistent,Transient non-persistence,171,tuned_level,0.3,1.0817769920384743,0.03301028133239254,,
10000170,transient_nonpersistent,Transient non-persistence,171,tuned_level,1.0,1.0581212578889163,0.02806549722979556,,
10000170,transient_nonpersistent,Transient non-persistence,171,tuned_level,3.0,1.0534916465926356,0.026884887474648747,,
10000170,transient_nonpersistent,Transient non-persistence,171,tuned_level,10.0,1.0515056821515205,0.02667308077493968,,
10000170,transient_nonpersistent,Transient non-persistence,171,tuned_level,30.0,1.0511405184573575,0.0266187521194743,,
10000170,transient_nonpersistent,Transient non-persistence,171,tuned_level,100.0,1.05103135349038,0.026607532358929903,,
10000170,transient_nonpersistent,Transient non-persistence,171,tuned_level,300.0,1.0509972726090244,0.02660488100708144,,
10000170,transient_nonpersistent,Transient non-persistence,171,tuned_level_slope,0.1,1.101330323800968,0.04084499111510049,5.716666666666667,1.0
10000170,transient_nonpersistent,Transient non-persistence,171,tuned_level_slope,0.3,1.0627394644917252,0.03038503094040059,3.275,1.0
10000170,transient_nonpersistent,Transient non-persistence,171,tuned_level_slope,1.0,1.0538325467098941,0.027314526355351726,1.925,1.0
10000170,transient_nonpersistent,Transient non-persistence,171,tuned_level_slope,3.0,1.052146418230269,0.026730009065007266,1.4666666666666666,1.0
10000170,transient_nonpersistent,Transient non-persistence,171,tuned_level_slope,10.0,1.0511762167442176,0.02663272579418598,1.3833333333333333,1.0
10000170,transient_nonpersistent,Transient non-persistence,171,tuned_level_slope,30.0,1.0510368008224824,0.02660686579172271,1.3083333333333333,1.0
10000170,transient_nonpersistent,Transient non-persistence,171,tuned_level_slope,100.0,1.0510029425722907,0.026604191812656667,1.275,1.0
10000170,transient_nonpersistent,Transient non-persistence,171,tuned_level_slope,300.0,1.0509881134675234,0.026603768840144912,1.2833333333333334,1.0
10000171,transient_nonpersistent,Transient non-persistence,172,tuned_level,0.0,1.9245441769394762,0.1739030262935754,,
10000171,transient_nonpersistent,Transient non-persistence,172,tuned_level,0.03,1.6399021734889208,0.12023613487850683,,
10000171,transient_nonpersistent,Transient non-persistence,172,tuned_level,0.1,1.1503588901735602,0.03685646897624194,,
10000171,transient_nonpersistent,Transient non-persistence,172,tuned_level,0.3,1.0329243065905815,0.028404277025409035,,
10000171,transient_nonpersistent,Transient non-persistence,172,tuned_level,1.0,1.0187184483277274,0.02566236577117846,,
10000171,transient_nonpersistent,Transient non-persistence,172,tuned_level,3.0,1.0141607577269385,0.025420408517830163,,
10000171,transient_nonpersistent,Transient non-persistence,172,tuned_level,10.0,1.0134055840933227,0.0254962255702695,,
10000171,transient_nonpersistent,Transient non-persistence,172,tuned_level,30.0,1.013506303114351,0.025501684464210504,,
10000171,transient_nonpersistent,Transient non-persistence,172,tuned_level,100.0,1.0135827028744613,0.025504237866473125,,
10000171,transient_nonpersistent,Transient non-persistence,172,tuned_level,300.0,1.0136059311276895,0.02550589048958319,,
10000171,transient_nonpersistent,Transient non-persistence,172,tuned_level_slope,0.1,1.0757934729119778,0.0322182644965729,5.45,1.0
10000171,transient_nonpersistent,Transient non-persistence,172,tuned_level_slope,0.3,1.0200601970306036,0.02691206529567015,2.6666666666666665,1.0
10000171,transient_nonpersistent,Transient non-persistence,172,tuned_level_slope,1.0,1.014882022954358,0.025243877523770962,1.8333333333333333,1.0
10000171,transient_nonpersistent,Transient non-persistence,172,tuned_level_slope,3.0,1.0134796643050392,0.025355366817570123,1.3833333333333333,1.0
10000171,transient_nonpersistent,Transient non-persistence,172,tuned_level_slope,10.0,1.0134146948300986,0.02545938703853541,1.2666666666666666,1.0
10000171,transient_nonpersistent,Transient non-persistence,172,tuned_level_slope,30.0,1.0135369546470014,0.02549007058438626,1.1833333333333333,1.0
10000171,transient_nonpersistent,Transient non-persistence,172,tuned_level_slope,100.0,1.0135916823473323,0.0255002493671256,1.175,1.0
10000171,transient_nonpersistent,Transient non-persistence,172,tuned_level_slope,300.0,1.0136089242853132,0.025504575051972272,1.175,1.0
10000172,transient_nonpersistent,Transient non-persistence,173,tuned_level,0.0,1.9187197249204166,0.16050629030443633,,
10000172,transient_nonpersistent,Transient non-persistence,173,tuned_level,0.03,1.6586213419672056,0.1197564767292747,,
10000172,transient_nonpersistent,Transient non-persistence,173,tuned_level,0.1,1.1651647557608227,0.03891282339130289,,
10000172,transient_nonpersistent,Transient non-persistence,173,tuned_level,0.3,1.0395693994845883,0.02742587786384586,,
10000172,transient_nonpersistent,Transient non-persistence,173,tuned_level,1.0,1.0083313650725243,0.022992577248459226,,
10000172,transient_nonpersistent,Transient non-persistence,173,tuned_level,3.0,0.9969362592414909,0.02217447792274811,,
10000172,transient_nonpersistent,Transient non-persistence,173,tuned_level,10.0,0.9928608599260065,0.02216929351298391,,
10000172,transient_nonpersistent,Transient non-persistence,173,tuned_level,30.0,0.9916561495048889,0.022201447273933986,,
10000172,transient_nonpersistent,Transient non-persistence,173,tuned_level,100.0,0.9912464163659851,0.022221596265877042,,
10000172,transient_nonpersistent,Transient non-persistence,173,tuned_level,300.0,0.9911245613460051,0.022227341440498587,,
10000172,transient_nonpersistent,Transient non-persistence,173,tuned_level_slope,0.1,1.0751134925747456,0.03136928721591404,5.241666666666666,1.0
10000172,transient_nonpersistent,Transient non-persistence,173,tuned_level_slope,0.3,1.0143542275184496,0.025291289724105062,2.9583333333333335,1.0
10000172,transient_nonpersistent,Transient non-persistence,173,tuned_level_slope,1.0,1.0018282325433596,0.02274686240124446,2.0416666666666665,1.0
10000172,transient_nonpersistent,Transient non-persistence,173,tuned_level_slope,3.0,0.9952216303407068,0.022225856418321158,1.45,1.0
10000172,transient_nonpersistent,Transient non-persistence,173,tuned_level_slope,10.0,0.9923598878852975,0.022202415919478198,1.375,1.0
10000172,transient_nonpersistent,Transient non-persistence,173,tuned_level_slope,30.0,0.9914785609430361,0.022214219832134837,1.3,1.0
10000172,transient_nonpersistent,Transient non-persistence,173,tuned_level_slope,100.0,0.9911947089747796,0.02222551929571107,1.2833333333333334,1.0
10000172,transient_nonpersistent,Transient non-persistence,173,tuned_level_slope,300.0,0.991107761732385,0.022228674868090756,1.2583333333333333,1.0
10000173,transient_nonpersistent,Transient non-persistence,174,tuned_level,0.0,2.0188414532303125,0.17668325986467173,,
10000173,transient_nonpersistent,Transient non-persistence,174,tuned_level,0.03,1.7562147575439666,0.14784281955888295,,
10000173,transient_nonpersistent,Transient non-persistence,174,tuned_level,0.1,1.2162825263198513,0.04979102532279314,,
10000173,transient_nonpersistent,Transient non-persistence,174,tuned_level,0.3,1.057680776285597,0.030190226660010824,,
10000173,transient_nonpersistent,Transient non-persistence,174,tuned_level,1.0,1.023531264276616,0.026541685146995665,,
10000173,transient_nonpersistent,Transient non-persistence,174,tuned_level,3.0,1.0130401536140423,0.026234430710171237,,
10000173,transient_nonpersistent,Transient non-persistence,174,tuned_level,10.0,1.0085274605640488,0.0262782196540634,,
10000173,transient_nonpersistent,Transient non-persistence,174,tuned_level,30.0,1.0073472252852942,0.026332711451811323,,
10000173,transient_nonpersistent,Transient non-persistence,174,tuned_level,100.0,1.0069307751065688,0.02635618297765623,,
10000173,transient_nonpersistent,Transient non-persistence,174,tuned_level,300.0,1.0068106066870253,0.026363533935921085,,
10000173,transient_nonpersistent,Transient non-persistence,174,tuned_level_slope,0.1,1.1243551556667446,0.039902800581934635,5.083333333333333,1.0
10000173,transient_nonpersistent,Transient non-persistence,174,tuned_level_slope,0.3,1.0383225288980653,0.02855952070607825,2.65,1.0
10000173,transient_nonpersistent,Transient non-persistence,174,tuned_level_slope,1.0,1.0176280206555468,0.0264166023824211,2.025,1.0
10000173,transient_nonpersistent,Transient non-persistence,174,tuned_level_slope,3.0,1.011400321766382,0.02623267313776044,1.3583333333333334,1.0
10000173,transient_nonpersistent,Transient non-persistence,174,tuned_level_slope,10.0,1.0080858145928204,0.026290704875504528,1.2,1.0
10000173,transient_nonpersistent,Transient non-persistence,174,tuned_level_slope,30.0,1.0071891542234817,0.026339197013024857,1.1833333333333333,1.0
10000173,transient_nonpersistent,Transient non-persistence,174,tuned_level_slope,100.0,1.0068849760010705,0.026358219413412914,1.175,1.0
10000173,transient_nonpersistent,Transient non-persistence,174,tuned_level_slope,300.0,1.006795340318526,0.026364226006330455,1.1583333333333334,1.0
10000174,transient_nonpersistent,Transient non-persistence,175,tuned_level,0.0,2.2347204327403896,0.21859845591607338,,
10000174,transient_nonpersistent,Transient non-persistence,175,tuned_level,0.03,1.835110832683181,0.13778408511922538,,
10000174,transient_nonpersistent,Transient non-persistence,175,tuned_level,0.1,1.2912879536046113,0.06019130475527921,,
10000174,transient_nonpersistent,Transient non-persistence,175,tuned_level,0.3,1.0932902042869528,0.034663557356473106,,
10000174,transient_nonpersistent,Transient non-persistence,175,tuned_level,1.0,1.0461839109341613,0.029593384842513643,,
10000174,transient_nonpersistent,Transient non-persistence,175,tuned_level,3.0,1.0253511474400325,0.028828720313534322,,
10000174,transient_nonpersistent,Transient non-persistence,175,tuned_level,10.0,1.0186435613099485,0.028730165397094165,,
10000174,transient_nonpersistent,Transient non-persistence,175,tuned_level,30.0,1.016937399445429,0.02870926045279679,,
10000174,transient_nonpersistent,Transient non-persistence,175,tuned_level,100.0,1.0163087396592685,0.028708478164133244,,
10000174,transient_nonpersistent,Transient non-persistence,175,tuned_level,300.0,1.0161337910739032,0.028708478599304303,,
10000174,transient_nonpersistent,Transient non-persistence,175,tuned_level_slope,0.1,1.1693228189820037,0.04378114631278856,5.5,1.0
10000174,transient_nonpersistent,Transient non-persistence,175,tuned_level_slope,0.3,1.0636947316338947,0.03224482850993655,2.825,1.0
10000174,transient_nonpersistent,Transient non-persistence,175,tuned_level_slope,1.0,1.0359652223709246,0.029167794702806747,1.9333333333333333,1.0
10000174,transient_nonpersistent,Transient non-persistence,175,tuned_level_slope,3.0,1.022161997384203,0.02876800067370836,1.4333333333333333,1.0
10000174,transient_nonpersistent,Transient non-persistence,175,tuned_level_slope,10.0,1.0178551938934957,0.028703964525197377,1.375,1.0
10000174,transient_nonpersistent,Transient non-persistence,175,tuned_level_slope,30.0,1.0166811664025266,0.028702350865744845,1.2916666666666667,1.0
10000174,transient_nonpersistent,Transient non-persistence,175,tuned_level_slope,100.0,1.01623264533512,0.028706528622089895,1.25,1.0
10000174,transient_nonpersistent,Transient non-persistence,175,tuned_level_slope,300.0,1.0161084262991869,0.02870784418252173,1.25,1.0
10000175,transient_nonpersistent,Transient non-persistence,176,tuned_level,0.0,1.6703144362253797,0.14096488471314042,,
10000175,transient_nonpersistent,Transient non-persistence,176,tuned_level,0.03,1.4104603833826654,0.08206767961728909,,
10000175,transient_nonpersistent,Transient non-persistence,176,tuned_level,0.1,1.1158026716702885,0.04175303216849636,,
10000175,transient_nonpersistent,Transient non-persistence,176,tuned_level,0.3,1.049590758002997,0.030318656699135586,,
10000175,transient_nonpersistent,Transient non-persistence,176,tuned_level,1.0,1.0369505361574272,0.026616649784821683,,
10000175,transient_nonpersistent,Transient non-persistence,176,tuned_level,3.0,1.030369244290328,0.026006690872779636,,
10000175,transient_nonpersistent,Transient non-persistence,176,tuned_level,10.0,1.0295818298754669,0.02611173799075271,,
10000175,transient_nonpersistent,Transient non-persistence,176,tuned_level,30.0,1.02920981109331,0.026168326741395753,,
10000175,transient_nonpersistent,Transient non-persistence,176,tuned_level,100.0,1.0290758298111853,0.026191162003664798,,
10000175,transient_nonpersistent,Transient non-persistence,176,tuned_level,300.0,1.0290391984718457,0.02619799566398704,,
10000175,transient_nonpersistent,Transient non-persistence,176,tuned_level_slope,0.1,1.0785314357405547,0.0358687901385152,6.541666666666667,1.0
10000175,transient_nonpersistent,Transient non-persistence,176,tuned_level_slope,0.3,1.0420371496538035,0.02866861522679954,3.3666666666666667,1.0
10000175,transient_nonpersistent,Transient non-persistence,176,tuned_level_slope,1.0,1.035192328234219,0.02648057097386627,1.9333333333333333,1.0
10000175,transient_nonpersistent,Transient non-persistence,176,tuned_level_slope,3.0,1.0308482003757755,0.026080450388595654,1.4666666666666666,1.0
10000175,transient_nonpersistent,Transient non-persistence,176,tuned_level_slope,10.0,1.0297305046249503,0.026146865514938562,1.2583333333333333,1.0
10000175,transient_nonpersistent,Transient non-persistence,176,tuned_level_slope,30.0,1.029260426858099,0.026181056427412655,1.2416666666666667,1.0
10000175,transient_nonpersistent,Transient non-persistence,176,tuned_level_slope,100.0,1.0290909890835913,0.026195132640973194,1.2083333333333333,1.0
10000175,transient_nonpersistent,Transient non-persistence,176,tuned_level_slope,300.0,1.0290440912134964,0.026199326485715064,1.2083333333333333,1.0
10000176,transient_nonpersistent,Transient non-persistence,177,tuned_level,0.0,1.8634253846902384,0.15484162860306175,,
10000176,transient_nonpersistent,Transient non-persistence,177,tuned_level,0.03,1.6631793996275623,0.11821074004617985,,
10000176,transient_nonpersistent,Transient non-persistence,177,tuned_level,0.1,1.1391926166371111,0.04846291435983982,,
10000176,transient_nonpersistent,Transient non-persistence,177,tuned_level,0.3,1.0230482003787624,0.03438085475494221,,
10000176,transient_nonpersistent,Transient non-persistence,177,tuned_level,1.0,1.0072892508503248,0.027881686690269167,,
10000176,transient_nonpersistent,Transient non-persistence,177,tuned_level,3.0,1.0002466871398665,0.026347466403120273,,
10000176,transient_nonpersistent,Transient non-persistence,177,tuned_level,10.0,0.998328949516649,0.025905491319126634,,
10000176,transient_nonpersistent,Transient non-persistence,177,tuned_level,30.0,0.9980968513045739,0.025781969398356697,,
10000176,transient_nonpersistent,Transient non-persistence,177,tuned_level,100.0,0.9980469666676057,0.025740815574000705,,
10000176,transient_nonpersistent,Transient non-persistence,177,tuned_level,300.0,0.9980327139141866,0.02572944121629911,,
10000176,transient_nonpersistent,Transient non-persistence,177,tuned_level_slope,0.1,1.0578299811415852,0.04149008615123401,5.308333333333334,1.0
10000176,transient_nonpersistent,Transient non-persistence,177,tuned_level_slope,0.3,1.0057471751356983,0.031067597700567846,3.0083333333333333,1.0
10000176,transient_nonpersistent,Transient non-persistence,177,tuned_level_slope,1.0,1.0017280170743128,0.027050847034620937,2.0166666666666666,1.0
10000176,transient_nonpersistent,Transient non-persistence,177,tuned_level_slope,3.0,0.9988312320188222,0.026161538620017133,1.4416666666666667,1.0
10000176,transient_nonpersistent,Transient non-persistence,177,tuned_level_slope,10.0,0.9980635230553261,0.025853145932976412,1.3666666666666667,1.0
10000176,transient_nonpersistent,Transient non-persistence,177,tuned_level_slope,30.0,0.9980387949284446,0.025766744544986158,1.2583333333333333,1.0
10000176,transient_nonpersistent,Transient non-persistence,177,tuned_level_slope,100.0,0.9980295497547673,0.0257364566702621,1.2416666666666667,1.0
10000176,transient_nonpersistent,Transient non-persistence,177,tuned_level_slope,300.0,0.9980269082765737,0.02572800816236729,1.2416666666666667,1.0
10000177,transient_nonpersistent,Transient non-persistence,178,tuned_level,0.0,1.8748677075408509,0.18066807969213453,,
10000177,transient_nonpersistent,Transient non-persistence,178,tuned_level,0.03,1.6397154326792152,0.13938446910711152,,
10000177,transient_nonpersistent,Transient non-persistence,178,tuned_level,0.1,1.0808857059179966,0.03272268175278116,,
10000177,transient_nonpersistent,Transient non-persistence,178,tuned_level,0.3,0.9890352190537376,0.022516791216786333,,
10000177,transient_nonpersistent,Transient non-persistence,178,tuned_level,1.0,0.9851659317324184,0.019739575462692435,,
10000177,transient_nonpersistent,Transient non-persistence,178,tuned_level,3.0,0.9874459718824785,0.01958339525302789,,
10000177,transient_nonpersistent,Transient non-persistence,178,tuned_level,10.0,0.9895941950493419,0.019650079108991678,,
10000177,transient_nonpersistent,Transient non-persistence,178,tuned_level,30.0,0.9904105934323506,0.019674209200861756,,
10000177,transient_nonpersistent,Transient non-persistence,178,tuned_level,100.0,0.9907070051905793,0.01968451033262043,,
10000177,transient_nonpersistent,Transient non-persistence,178,tuned_level,300.0,0.9907919521032346,0.019687722247861573,,
10000177,transient_nonpersistent,Transient non-persistence,178,tuned_level_slope,0.1,1.0200542410761944,0.027006245873025088,5.708333333333333,1.0
10000177,transient_nonpersistent,Transient non-persistence,178,tuned_level_slope,0.3,0.9803537483785961,0.02097469581330846,2.8666666666666667,1.0
10000177,transient_nonpersistent,Transient non-persistence,178,tuned_level_slope,1.0,0.9853116155179457,0.01961512026508669,1.8833333333333333,1.0
10000177,transient_nonpersistent,Transient non-persistence,178,tuned_level_slope,3.0,0.9878896542819395,0.01960105809082441,1.45,1.0
10000177,transient_nonpersistent,Transient non-persistence,178,tuned_level_slope,10.0,0.9897851385341713,0.019654161282675126,1.3083333333333333,1.0
10000177,transient_nonpersistent,Transient non-persistence,178,tuned_level_slope,30.0,0.9904873975226592,0.01967710919913347,1.25,1.0
10000177,transient_nonpersistent,Transient non-persistence,178,tuned_level_slope,100.0,0.9907298672465494,0.019685418573959296,1.225,1.0
10000177,transient_nonpersistent,Transient non-persistence,178,tuned_level_slope,300.0,0.990799572788558,0.019688032459129926,1.2166666666666666,1.0
10000178,transient_nonpersistent,Transient non-persistence,179,tuned_level,0.0,1.9105165573056708,0.16295288084789303,,
10000178,transient_nonpersistent,Transient non-persistence,179,tuned_level,0.03,1.644251314136855,0.12709723058514905,,
10000178,transient_nonpersistent,Transient non-persistence,179,tuned_level,0.1,1.1687553920646792,0.052083277902817714,,
10000178,transient_nonpersistent,Transient non-persistence,179,tuned_level,0.3,1.06451206268191,0.035932580416564025,,
10000178,transient_nonpersistent,Transient non-persistence,179,tuned_level,1.0,1.0351848827499541,0.030642485020809428,,
10000178,transient_nonpersistent,Transient non-persistence,179,tuned_level,3.0,1.0255504959044441,0.029549604760816403,,
10000178,transient_nonpersistent,Transient non-persistence,179,tuned_level,10.0,1.0221206413191761,0.029388544039568927,,
10000178,transient_nonpersistent,Transient non-persistence,179,tuned_level,30.0,1.0210231820019833,0.029373584426356257,,
10000178,transient_nonpersistent,Transient non-persistence,179,tuned_level,100.0,1.0206757192345033,0.02936902917573962,,
10000178,transient_nonpersistent,Transient non-persistence,179,tuned_level,300.0,1.0205765780361953,0.029367821238270687,,
10000178,transient_nonpersistent,Transient non-persistence,179,tuned_level_slope,0.1,1.076187564265084,0.04318218604164014,5.941666666666666,1.0
10000178,transient_nonpersistent,Transient non-persistence,179,tuned_level_slope,0.3,1.0431959305258127,0.033414637547483306,2.966666666666667,1.0
10000178,transient_nonpersistent,Transient non-persistence,179,tuned_level_slope,1.0,1.031081644042069,0.030173317797134957,1.9083333333333334,1.0
10000178,transient_nonpersistent,Transient non-persistence,179,tuned_level_slope,3.0,1.0240734709702122,0.029469814728947816,1.5166666666666666,1.0
10000178,transient_nonpersistent,Transient non-persistence,179,tuned_level_slope,10.0,1.02169446560165,0.029386178309556997,1.4083333333333334,1.0
10000178,transient_nonpersistent,Transient non-persistence,179,tuned_level_slope,30.0,1.0209158660024622,0.02937284928938839,1.2916666666666667,1.0
10000178,transient_nonpersistent,Transient non-persistence,179,tuned_level_slope,100.0,1.0206441105601582,0.029368878074457757,1.25,1.0
10000178,transient_nonpersistent,Transient non-persistence,179,tuned_level_slope,300.0,1.0205660418114135,0.029367787716424006,1.25,1.0
10000179,transient_nonpersistent,Transient non-persistence,180,tuned_level,0.0,1.8331634959565288,0.15259089800730247,,
10000179,transient_nonpersistent,Transient non-persistence,180,tuned_level,0.03,1.5954363074426148,0.10939044243787677,,
10000179,transient_nonpersistent,Transient non-persistence,180,tuned_level,0.1,1.1556795504848898,0.04097399772538215,,
10000179,transient_nonpersistent,Transient non-persistence,180,tuned_level,0.3,1.0357888105338406,0.027267960151018077,,
10000179,transient_nonpersistent,Transient non-persistence,180,tuned_level,1.0,0.9872605994187961,0.023551522460291734,,
10000179,transient_nonpersistent,Transient non-persistence,180,tuned_level,3.0,0.9726675649059113,0.023900697717245845,,
10000179,transient_nonpersistent,Transient non-persistence,180,tuned_level,10.0,0.9670014040082325,0.024210904922147808,,
10000179,transient_nonpersistent,Transient non-persistence,180,tuned_level,30.0,0.9654158090623138,0.024334431909128054,,
10000179,transient_nonpersistent,Transient non-persistence,180,tuned_level,100.0,0.9648749683956842,0.02438064860901897,,
10000179,transient_nonpersistent,Transient non-persistence,180,tuned_level,300.0,0.964711469009265,0.02439462583194703,,
10000179,transient_nonpersistent,Transient non-persistence,180,tuned_level_slope,0.1,1.075622284155653,0.033213037482968825,6.191666666666666,1.0
10000179,transient_nonpersistent,Transient non-persistence,180,tuned_level_slope,0.3,1.0055161079675548,0.025397005973079274,3.566666666666667,1.0
10000179,transient_nonpersistent,Transient non-persistence,180,tuned_level_slope,1.0,0.9797838337665046,0.02339579482430599,2.075,1.0
10000179,transient_nonpersistent,Transient non-persistence,180,tuned_level_slope,3.0,0.970304511639988,0.023849393985575708,1.475,1.0
10000179,transient_nonpersistent,Transient non-persistence,180,tuned_level_slope,10.0,0.9663714558019386,0.0242097380586662,1.3083333333333333,1.0
10000179,transient_nonpersistent,Transient non-persistence,180,tuned_level_slope,30.0,0.9652106793995766,0.024335409667396227,1.2333333333333334,1.0
10000179,transient_nonpersistent,Transient non-persistence,180,tuned_level_slope,100.0,0.9648096169772555,0.024381328869703775,1.225,1.0
10000179,transient_nonpersistent,Transient non-persistence,180,tuned_level_slope,300.0,0.9646906878118934,0.024394817805175766,1.2083333333333333,1.0
10000180,transient_nonpersistent,Transient non-persistence,181,tuned_level,0.0,1.8783036314046835,0.17219197378333037,,
10000180,transient_nonpersistent,Transient non-persistence,181,tuned_level,0.03,1.5557042485661838,0.1014452328949242,,
10000180,transient_nonpersistent,Transient non-persistence,181,tuned_level,0.1,1.108289539142226,0.038988649095799965,,
10000180,transient_nonpersistent,Transient non-persistence,181,tuned_level,0.3,1.020906736723494,0.029403820400801323,,
10000180,transient_nonpersistent,Transient non-persistence,181,tuned_level,1.0,0.9921301156930384,0.02645259025166996,,
10000180,transient_nonpersistent,Transient non-persistence,181,tuned_level,3.0,0.9868172800420749,0.025995737689818745,,
10000180,transient_nonpersistent,Transient non-persistence,181,tuned_level,10.0,0.9845768342232465,0.02593804893952022,,
10000180,transient_nonpersistent,Transient non-persistence,181,tuned_level,30.0,0.9838913249272712,0.025942005770585468,,
10000180,transient_nonpersistent,Transient non-persistence,181,tuned_level,100.0,0.9836309197239846,0.025941896495390672,,
10000180,transient_nonpersistent,Transient non-persistence,181,tuned_level,300.0,0.9835579396407962,0.02594191438614154,,
10000180,transient_nonpersistent,Transient non-persistence,181,tuned_level_slope,0.1,1.0488902193385559,0.033308698979759264,5.816666666666666,1.0
10000180,transient_nonpersistent,Transient non-persistence,181,tuned_level_slope,0.3,1.0048922703319816,0.027872593584604963,3.1166666666666667,1.0
10000180,transient_nonpersistent,Transient non-persistence,181,tuned_level_slope,1.0,0.9885322150564089,0.02625224942052032,1.925,1.0
10000180,transient_nonpersistent,Transient non-persistence,181,tuned_level_slope,3.0,0.9856822510184391,0.025943588021487485,1.525,1.0
10000180,transient_nonpersistent,Transient non-persistence,181,tuned_level_slope,10.0,0.9842212978102458,0.025925913197013293,1.4,1.0
10000180,transient_nonpersistent,Transient non-persistence,181,tuned_level_slope,30.0,0.9837637761753281,0.02593814461631901,1.3333333333333333,1.0
10000180,transient_nonpersistent,Transient non-persistence,181,tuned_level_slope,100.0,0.9835935775185611,0.025940726924240244,1.275,1.0
10000180,transient_nonpersistent,Transient non-persistence,181,tuned_level_slope,300.0,0.9835455573013658,0.025941529298571818,1.275,1.0
10000181,transient_nonpersistent,Transient non-persistence,182,tuned_level,0.0,2.0678976379777767,0.1799320259841151,,
10000181,transient_nonpersistent,Transient non-persistence,182,tuned_level,0.03,1.6696714516868811,0.1170821775739837,,
10000181,transient_nonpersistent,Transient non-persistence,182,tuned_level,0.1,1.1763761704128877,0.052057583322644436,,
10000181,transient_nonpersistent,Transient non-persistence,182,tuned_level,0.3,1.0079433663676531,0.031110021888151113,,
10000181,transient_nonpersistent,Transient non-persistence,182,tuned_level,1.0,0.9735416741128435,0.02599164325874328,,
10000181,transient_nonpersistent,Transient non-persistence,182,tuned_level,3.0,0.965186826610774,0.025015558517538616,,
10000181,transient_nonpersistent,Transient non-persistence,182,tuned_level,10.0,0.9647651375424176,0.02487208078897018,,
10000181,transient_nonpersistent,Transient non-persistence,182,tuned_level,30.0,0.9655322063457419,0.024881448174258584,,
10000181,transient_nonpersistent,Transient non-persistence,182,tuned_level,100.0,0.9658168012801285,0.024899169541898324,,
10000181,transient_nonpersistent,Transient non-persistence,182,tuned_level,300.0,0.9658991061820167,0.024905010651423202,,
10000181,transient_nonpersistent,Transient non-persistence,182,tuned_level_slope,0.1,1.0871494904410965,0.041451792678072266,5.683333333333334,1.0
10000181,transient_nonpersistent,Transient non-persistence,182,tuned_level_slope,0.3,0.9934637630406015,0.029350656036979166,3.0083333333333333,1.0
10000181,transient_nonpersistent,Transient non-persistence,182,tuned_level_slope,1.0,0.9709598225182554,0.025656406080334912,2.025,1.0
10000181,transient_nonpersistent,Transient non-persistence,182,tuned_level_slope,3.0,0.9660496819906174,0.02493433165900877,1.4833333333333334,1.0
10000181,transient_nonpersistent,Transient non-persistence,182,tuned_level_slope,10.0,0.9653260198197454,0.02486533678093522,1.2916666666666667,1.0
10000181,transient_nonpersistent,Transient non-persistence,182,tuned_level_slope,30.0,0.9657302468272122,0.024887305134975692,1.25,1.0
10000181,transient_nonpersistent,Transient non-persistence,182,tuned_level_slope,100.0,0.9658764117247379,0.024901385701660356,1.2333333333333334,1.0
10000181,transient_nonpersistent,Transient non-persistence,182,tuned_level_slope,300.0,0.9659189777609555,0.024905805709905582,1.225,1.0
10000182,transient_nonpersistent,Transient non-persistence,183,tuned_level,0.0,1.8658435264962847,0.15652061104369916,,
10000182,transient_nonpersistent,Transient non-persistence,183,tuned_level,0.03,1.5847567416111705,0.10628125643152952,,
10000182,transient_nonpersistent,Transient non-persistence,183,tuned_level,0.1,1.1317670417181167,0.03191746128490498,,
10000182,transient_nonpersistent,Transient non-persistence,183,tuned_level,0.3,1.0515105214871265,0.025058778247579967,,
10000182,transient_nonpersistent,Transient non-persistence,183,tuned_level,1.0,1.0383510377932232,0.021694633711898028,,
10000182,transient_nonpersistent,Transient non-persistence,183,tuned_level,3.0,1.0315024702268494,0.021272922555832085,,
10000182,transient_nonpersistent,Transient non-persistence,183,tuned_level,10.0,1.029780316224786,0.021268439123475123,,
10000182,transient_nonpersistent,Transient non-persistence,183,tuned_level,30.0,1.0292632952827652,0.02130618399721542,,
10000182,transient_nonpersistent,Transient non-persistence,183,tuned_level,100.0,1.029076542012887,0.021323519965047933,,
10000182,transient_nonpersistent,Transient non-persistence,183,tuned_level,300.0,1.0290245728246679,0.02132894058474871,,
10000182,transient_nonpersistent,Transient non-persistence,183,tuned_level_slope,0.1,1.0563989973890557,0.026677277695350186,5.666666666666667,1.0
10000182,transient_nonpersistent,Transient non-persistence,183,tuned_level_slope,0.3,1.0377891124055443,0.022741475003852683,3.175,1.0
10000182,transient_nonpersistent,Transient non-persistence,183,tuned_level_slope,1.0,1.0340990597961477,0.021403248512892645,1.75,1.0
10000182,transient_nonpersistent,Transient non-persistence,183,tuned_level_slope,3.0,1.0305044085635449,0.021266747481374845,1.4333333333333333,1.0
10000182,transient_nonpersistent,Transient non-persistence,183,tuned_level_slope,10.0,1.029627480827937,0.02127877968580193,1.25,1.0
10000182,transient_nonpersistent,Transient non-persistence,183,tuned_level_slope,30.0,1.0292168766830578,0.021311391737185607,1.1916666666666667,1.0
10000182,transient_nonpersistent,Transient non-persistence,183,tuned_level_slope,100.0,1.0290626164329746,0.02132526252994888,1.1666666666666667,1.0
10000182,transient_nonpersistent,Transient non-persistence,183,tuned_level_slope,300.0,1.0290196119542805,0.021329517773491413,1.1666666666666667,1.0
10000183,transient_nonpersistent,Transient non-persistence,184,tuned_level,0.0,1.8982309165429039,0.17557401615126114,,
10000183,transient_nonpersistent,Transient non-persistence,184,tuned_level,0.03,1.6421880116022824,0.13762412612002958,,
10000183,transient_nonpersistent,Transient non-persistence,184,tuned_level,0.1,1.2069277576140394,0.050673503119552064,,
10000183,transient_nonpersistent,Transient non-persistence,184,tuned_level,0.3,1.0775518304638656,0.03323761996709233,,
10000183,transient_nonpersistent,Transient non-persistence,184,tuned_level,1.0,1.0375458252638738,0.027536373883623903,,
10000183,transient_nonpersistent,Transient non-persistence,184,tuned_level,3.0,1.0236437173857382,0.026317641465085195,,
10000183,transient_nonpersistent,Transient non-persistence,184,tuned_level,10.0,1.0182856058499643,0.02635368946666909,,
10000183,transient_nonpersistent,Transient non-persistence,184,tuned_level,30.0,1.0168426921846123,0.026472616074419433,,
10000183,transient_nonpersistent,Transient non-persistence,184,tuned_level,100.0,1.0163407258723367,0.026521280337383393,,
10000183,transient_nonpersistent,Transient non-persistence,184,tuned_level,300.0,1.0161968976635085,0.026536124864892492,,
10000183,transient_nonpersistent,Transient non-persistence,184,tuned_level_slope,0.1,1.1040907122366803,0.039222140469624626,6.4,1.0
10000183,transient_nonpersistent,Transient non-persistence,184,tuned_level_slope,0.3,1.04489842032434,0.030040160528535795,3.9166666666666665,1.0
10000183,transient_nonpersistent,Transient non-persistence,184,tuned_level_slope,1.0,1.0290658118477225,0.02698800801997939,2.1,1.0
10000183,transient_nonpersistent,Transient non-persistence,184,tuned_level_slope,3.0,1.0216436870012338,0.026450294071185355,1.5083333333333333,1.0
10000183,transient_nonpersistent,Transient non-persistence,184,tuned_level_slope,10.0,1.017852312104701,0.0264633383073702,1.4083333333333334,1.0
10000183,transient_nonpersistent,Transient non-persistence,184,tuned_level_slope,30.0,1.016671994228768,0.0265082250838326,1.3,1.0
10000183,transient_nonpersistent,Transient non-persistence,184,tuned_level_slope,100.0,1.0162854879020446,0.026532712240513522,1.2666666666666666,1.0
10000183,transient_nonpersistent,Transient non-persistence,184,tuned_level_slope,300.0,1.01617870847938,0.02653996366526734,1.2583333333333333,1.0
10000184,transient_nonpersistent,Transient non-persistence,185,tuned_level,0.0,1.6946864243555047,0.1333272573686404,,
10000184,transient_nonpersistent,Transient non-persistence,185,tuned_level,0.03,1.488566500910001,0.10031824725096862,,
10000184,transient_nonpersistent,Transient non-persistence,185,tuned_level,0.1,1.1050837362336636,0.043308026870377325,,
10000184,transient_nonpersistent,Transient non-persistence,185,tuned_level,0.3,1.0395634800214586,0.027580010276102927,,
10000184,transient_nonpersistent,Transient non-persistence,185,tuned_level,1.0,1.0142024464525838,0.022728978384800043,,
10000184,transient_nonpersistent,Transient non-persistence,185,tuned_level,3.0,1.005229718103129,0.021602804383730405,,
10000184,transient_nonpersistent,Transient non-persistence,185,tuned_level,10.0,1.0022104226197515,0.02144057983399833,,
10000184,transient_nonpersistent,Transient non-persistence,185,tuned_level,30.0,1.0011678988942458,0.021424062474915576,,
10000184,transient_nonpersistent,Transient non-persistence,185,tuned_level,100.0,1.0008458063610075,0.021426716202299113,,
10000184,transient_nonpersistent,Transient non-persistence,185,tuned_level,300.0,1.0007537799229393,0.021427828637282063,,
10000184,transient_nonpersistent,Transient non-persistence,185,tuned_level_slope,0.1,1.054237104363261,0.033637300681061445,5.7,1.0
10000184,transient_nonpersistent,Transient non-persistence,185,tuned_level_slope,0.3,1.020236941557326,0.024674032697918707,3.2583333333333333,1.0
10000184,transient_nonpersistent,Transient non-persistence,185,tuned_level_slope,1.0,1.00821186187285,0.0221172205177198,2.025,1.0
10000184,transient_nonpersistent,Transient non-persistence,185,tuned_level_slope,3.0,1.0032283128143151,0.02149058482311911,1.5,1.0
10000184,transient_nonpersistent,Transient non-persistence,185,tuned_level_slope,10.0,1.0015557691778403,0.021416309920626153,1.375,1.0
10000184,transient_nonpersistent,Transient non-persistence,185,tuned_level_slope,30.0,1.0009749173481657,0.021420492573285172,1.3083333333333333,1.0
10000184,transient_nonpersistent,Transient non-persistence,185,tuned_level_slope,100.0,1.0007879118971834,0.021425818994291967,1.275,1.0
10000184,transient_nonpersistent,Transient non-persistence,185,tuned_level_slope,300.0,1.0007344817683312,0.021427546116480685,1.2666666666666666,1.0
10000185,transient_nonpersistent,Transient non-persistence,186,tuned_level,0.0,1.564352604065534,0.11694175049186091,,
10000185,transient_nonpersistent,Transient non-persistence,186,tuned_level,0.03,1.4285480183561556,0.10023311498715394,,
10000185,transient_nonpersistent,Transient non-persistence,186,tuned_level,0.1,1.0982165974264337,0.04097681744246351,,
10000185,transient_nonpersistent,Transient non-persistence,186,tuned_level,0.3,1.0073321925980772,0.027190772137151487,,
10000185,transient_nonpersistent,Transient non-persistence,186,tuned_level,1.0,0.9909997771271893,0.02304915800704234,,
10000185,transient_nonpersistent,Transient non-persistence,186,tuned_level,3.0,0.9877743814647891,0.023053582908732474,,
10000185,transient_nonpersistent,Transient non-persistence,186,tuned_level,10.0,0.9872111235762749,0.023577494952620157,,
10000185,transient_nonpersistent,Transient non-persistence,186,tuned_level,30.0,0.9869426261681741,0.023779521923339982,,
10000185,transient_nonpersistent,Transient non-persistence,186,tuned_level,100.0,0.986820729169098,0.023856187529461663,,
10000185,transient_nonpersistent,Transient non-persistence,186,tuned_level,300.0,0.9867902759634951,0.02387841811835717,,
10000185,transient_nonpersistent,Transient non-persistence,186,tuned_level_slope,0.1,1.0343830059510999,0.034575591250866206,5.85,1.0
10000185,transient_nonpersistent,Transient non-persistence,186,tuned_level_slope,0.3,0.9918329767511304,0.025698962455911103,3.05,1.0
10000185,transient_nonpersistent,Transient non-persistence,186,tuned_level_slope,1.0,0.9873231383483937,0.02301310830745001,1.9166666666666667,1.0
10000185,transient_nonpersistent,Transient non-persistence,186,tuned_level_slope,3.0,0.9874431328377054,0.023250178292839194,1.525,1.0
10000185,transient_nonpersistent,Transient non-persistence,186,tuned_level_slope,10.0,0.9871159125394411,0.023662680399534494,1.3916666666666666,1.0
10000185,transient_nonpersistent,Transient non-persistence,186,tuned_level_slope,30.0,0.9868963594338546,0.023811018015008793,1.325,1.0
10000185,transient_nonpersistent,Transient non-persistence,186,tuned_level_slope,100.0,0.9868056474202828,0.02386568482830695,1.2833333333333334,1.0
10000185,transient_nonpersistent,Transient non-persistence,186,tuned_level_slope,300.0,0.9867880429384129,0.02388143816074839,1.275,1.0
10000186,transient_nonpersistent,Transient non-persistence,187,tuned_level,0.0,1.7261949440120388,0.11746389078564533,,
10000186,transient_nonpersistent,Transient non-persistence,187,tuned_level,0.03,1.538684416186786,0.09462610788529831,,
10000186,transient_nonpersistent,Transient non-persistence,187,tuned_level,0.1,1.1414500310628413,0.03579579845322094,,
10000186,transient_nonpersistent,Transient non-persistence,187,tuned_level,0.3,1.032114800956533,0.026444723267699973,,
10000186,transient_nonpersistent,Transient non-persistence,187,tuned_level,1.0,1.0163465937789222,0.022519090274311218,,
10000186,transient_nonpersistent,Transient non-persistence,187,tuned_level,3.0,1.01069063821364,0.02174748738918397,,
10000186,transient_nonpersistent,Transient non-persistence,187,tuned_level,10.0,1.0082074997915824,0.02165054821010812,,
10000186,transient_nonpersistent,Transient non-persistence,187,tuned_level,30.0,1.0074784384986566,0.02166708818431109,,
10000186,transient_nonpersistent,Transient non-persistence,187,tuned_level,100.0,1.0072208517538004,0.021677346017622286,,
10000186,transient_nonpersistent,Transient non-persistence,187,tuned_level,300.0,1.007138835190117,0.021680388679918377,,
10000186,transient_nonpersistent,Transient non-persistence,187,tuned_level_slope,0.1,1.0677627248664943,0.029078402892418434,5.483333333333333,1.0
10000186,transient_nonpersistent,Transient non-persistence,187,tuned_level_slope,0.3,1.0213514756335047,0.024418505123952338,3.25,1.0
10000186,transient_nonpersistent,Transient non-persistence,187,tuned_level_slope,1.0,1.013859087672183,0.02228895552748695,2.075,1.0
10000186,transient_nonpersistent,Transient non-persistence,187,tuned_level_slope,3.0,1.0101341319832935,0.02177125895631466,1.475,1.0
10000186,transient_nonpersistent,Transient non-persistence,187,tuned_level_slope,10.0,1.008120145237328,0.021683831651813184,1.3333333333333333,1.0
10000186,transient_nonpersistent,Transient non-persistence,187,tuned_level_slope,30.0,1.0074494436053412,0.021679578752957868,1.3,1.0
10000186,transient_nonpersistent,Transient non-persistence,187,tuned_level_slope,100.0,1.007209735105092,0.02168148769595112,1.2666666666666666,1.0
10000186,transient_nonpersistent,Transient non-persistence,187,tuned_level_slope,300.0,1.0071355414336394,0.021681788744072592,1.2416666666666667,1.0
10000187,transient_nonpersistent,Transient non-persistence,188,tuned_level,0.0,1.8135578457692163,0.13111732527309464,,
10000187,transient_nonpersistent,Transient non-persistence,188,tuned_level,0.03,1.5490492506849984,0.0841483687344511,,
10000187,transient_nonpersistent,Transient non-persistence,188,tuned_level,0.1,1.1787780876835552,0.046161516821411196,,
10000187,transient_nonpersistent,Transient non-persistence,188,tuned_level,0.3,1.0391094670072356,0.026457813481824004,,
10000187,transient_nonpersistent,Transient non-persistence,188,tuned_level,1.0,1.0064881128098215,0.022138987518396203,,
10000187,transient_nonpersistent,Transient non-persistence,188,tuned_level,3.0,0.999466192927851,0.020956364769570107,,
10000187,transient_nonpersistent,Transient non-persistence,188,tuned_level,10.0,0.9962780248464982,0.020749614978939644,,
10000187,transient_nonpersistent,Transient non-persistence,188,tuned_level,30.0,0.9955007611833954,0.020728847859440024,,
10000187,transient_nonpersistent,Transient non-persistence,188,tuned_level,100.0,0.9952395799361325,0.02072316901967353,,
10000187,transient_nonpersistent,Transient non-persistence,188,tuned_level,300.0,0.9951898905822765,0.020717711109980788,,
10000187,transient_nonpersistent,Transient non-persistence,188,tuned_level_slope,0.1,1.0792515673561875,0.03678307039236122,5.658333333333333,1.0
10000187,transient_nonpersistent,Transient non-persistence,188,tuned_level_slope,0.3,1.014138741123021,0.02475003366632115,3.175,1.0
10000187,transient_nonpersistent,Transient non-persistence,188,tuned_level_slope,1.0,1.0020066364545428,0.021731609559619156,1.8083333333333333,1.0
10000187,transient_nonpersistent,Transient non-persistence,188,tuned_level_slope,3.0,0.9982829058882032,0.02089038729573298,1.4,1.0
10000187,transient_nonpersistent,Transient non-persistence,188,tuned_level_slope,10.0,0.9960468501381942,0.020741401766232428,1.2833333333333334,1.0
10000187,transient_nonpersistent,Transient non-persistence,188,tuned_level_slope,30.0,0.9954362585434117,0.020727118062348022,1.25,1.0
10000187,transient_nonpersistent,Transient non-persistence,188,tuned_level_slope,100.0,0.9952456055708992,0.020718814683615777,1.2416666666666667,1.0
10000187,transient_nonpersistent,Transient non-persistence,188,tuned_level_slope,300.0,0.9951916259894072,0.020716352344966313,1.2083333333333333,1.0
10000188,transient_nonpersistent,Transient non-persistence,189,tuned_level,0.0,1.4937328726360994,0.09545695576801594,,
10000188,transient_nonpersistent,Transient non-persistence,189,tuned_level,0.03,1.406499133414011,0.08671163151387107,,
10000188,transient_nonpersistent,Transient non-persistence,189,tuned_level,0.1,1.1594499929452107,0.04269726983815199,,
10000188,transient_nonpersistent,Transient non-persistence,189,tuned_level,0.3,1.0569073668984388,0.03091573326410868,,
10000188,transient_nonpersistent,Transient non-persistence,189,tuned_level,1.0,1.0298788997997765,0.028617120164347944,,
10000188,transient_nonpersistent,Transient non-persistence,189,tuned_level,3.0,1.0206130977829235,0.028227402297415133,,
10000188,transient_nonpersistent,Transient non-persistence,189,tuned_level,10.0,1.016638411423865,0.028290664353739687,,
10000188,transient_nonpersistent,Transient non-persistence,189,tuned_level,30.0,1.0156324981883946,0.028335952919695175,,
10000188,transient_nonpersistent,Transient non-persistence,189,tuned_level,100.0,1.0153016015618728,0.028358007358458386,,
10000188,transient_nonpersistent,Transient non-persistence,189,tuned_level,300.0,1.0152071859312073,0.028364707483453898,,
10000188,transient_nonpersistent,Transient non-persistence,189,tuned_level_slope,0.1,1.0963427457535242,0.035683188795394005,6.216666666666667,1.0
10000188,transient_nonpersistent,Transient non-persistence,189,tuned_level_slope,0.3,1.0402535514679057,0.029464827427857648,3.6083333333333334,1.0
10000188,transient_nonpersistent,Transient non-persistence,189,tuned_level_slope,1.0,1.0246027117730576,0.028371571701907433,2.158333333333333,1.0
10000188,transient_nonpersistent,Transient non-persistence,189,tuned_level_slope,3.0,1.0194484293816095,0.028242103845319996,1.5333333333333334,1.0
10000188,transient_nonpersistent,Transient non-persistence,189,tuned_level_slope,10.0,1.0164380538189797,0.028316929543506994,1.3666666666666667,1.0
10000188,transient_nonpersistent,Transient non-persistence,189,tuned_level_slope,30.0,1.0155922874643821,0.028345967523463033,1.275,1.0
10000188,transient_nonpersistent,Transient non-persistence,189,tuned_level_slope,100.0,1.0152875594042636,0.028361073660885642,1.2583333333333333,1.0
10000188,transient_nonpersistent,Transient non-persistence,189,tuned_level_slope,300.0,1.0152026411196922,0.028365755477469844,1.2583333333333333,1.0
10000189,transient_nonpersistent,Transient non-persistence,190,tuned_level,0.0,1.9935995463029383,0.1797492767884956,,
10000189,transient_nonpersistent,Transient non-persistence,190,tuned_level,0.03,1.6911983878215393,0.13955755846430912,,
10000189,transient_nonpersistent,Transient non-persistence,190,tuned_level,0.1,1.1399213854765593,0.045654821407237034,,
10000189,transient_nonpersistent,Transient non-persistence,190,tuned_level,0.3,1.0198701759641038,0.032685629828014144,,
10000189,transient_nonpersistent,Transient non-persistence,190,tuned_level,1.0,0.9928875809361081,0.02659414570849436,,
10000189,transient_nonpersistent,Transient non-persistence,190,tuned_level,3.0,0.9752799452683008,0.024525457083739564,,
10000189,transient_nonpersistent,Transient non-persistence,190,tuned_level,10.0,0.9678454534033347,0.02401524795182859,,
10000189,transient_nonpersistent,Transient non-persistence,190,tuned_level,30.0,0.9658495007933866,0.023907170088238172,,
10000189,transient_nonpersistent,Transient non-persistence,190,tuned_level,100.0,0.9651085689859965,0.023876461703275592,,
10000189,transient_nonpersistent,Transient non-persistence,190,tuned_level,300.0,0.9648982630727739,0.023868222874080768,,
10000189,transient_nonpersistent,Transient non-persistence,190,tuned_level_slope,0.1,1.0438575318063845,0.03609770042063545,5.258333333333334,1.0
10000189,transient_nonpersistent,Transient non-persistence,190,tuned_level_slope,0.3,0.9936138889858178,0.028837690945876175,3.2,1.0
10000189,transient_nonpersistent,Transient non-persistence,190,tuned_level_slope,1.0,0.9845237035172132,0.02550392859812887,1.7666666666666666,1.0
10000189,transient_nonpersistent,Transient non-persistence,190,tuned_level_slope,3.0,0.9725226773118973,0.02430047094303828,1.3083333333333333,1.0
10000189,transient_nonpersistent,Transient non-persistence,190,tuned_level_slope,10.0,0.9669496627182587,0.02396630965115818,1.2083333333333333,1.0
10000189,transient_nonpersistent,Transient non-persistence,190,tuned_level_slope,30.0,0.9655568547172692,0.023893828549659293,1.2416666666666667,1.0
10000189,transient_nonpersistent,Transient non-persistence,190,tuned_level_slope,100.0,0.9650234963650662,0.023872681790647114,1.175,1.0
10000189,transient_nonpersistent,Transient non-persistence,190,tuned_level_slope,300.0,0.9648692841795026,0.023867008286530763,1.1916666666666667,1.0
10000190,transient_nonpersistent,Transient non-persistence,191,tuned_level,0.0,1.9822331290188129,0.15012105736864545,,
10000190,transient_nonpersistent,Transient non-persistence,191,tuned_level,0.03,1.8106450694545808,0.1306472402775569,,
10000190,transient_nonpersistent,Transient non-persistence,191,tuned_level,0.1,1.2500622148528289,0.05297995217079328,,
10000190,transient_nonpersistent,Transient non-persistence,191,tuned_level,0.3,1.076428349011776,0.03581690827791041,,
10000190,transient_nonpersistent,Transient non-persistence,191,tuned_level,1.0,1.0242293875345987,0.029934862040567275,,
10000190,transient_nonpersistent,Transient non-persistence,191,tuned_level,3.0,1.00808762125083,0.028763119938647,,
10000190,transient_nonpersistent,Transient non-persistence,191,tuned_level,10.0,1.0024636948327081,0.02843616049516292,,
10000190,transient_nonpersistent,Transient non-persistence,191,tuned_level,30.0,1.0008461438778282,0.028363750741375357,,
10000190,transient_nonpersistent,Transient non-persistence,191,tuned_level,100.0,1.0002378094923061,0.028340923385539386,,
10000190,transient_nonpersistent,Transient non-persistence,191,tuned_level,300.0,1.0000639996678715,0.028334715074559633,,
10000190,transient_nonpersistent,Transient non-persistence,191,tuned_level_slope,0.1,1.1414182818181398,0.045310906992031184,4.991666666666666,1.0
10000190,transient_nonpersistent,Transient non-persistence,191,tuned_level_slope,0.3,1.0444121131239568,0.033245808096251196,2.575,1.0
10000190,transient_nonpersistent,Transient non-persistence,191,tuned_level_slope,1.0,1.0151204158866383,0.029582187947534446,1.7916666666666667,1.0
10000190,transient_nonpersistent,Transient non-persistence,191,tuned_level_slope,3.0,1.0058743143855096,0.028701739989375703,1.2666666666666666,1.0
10000190,transient_nonpersistent,Transient non-persistence,191,tuned_level_slope,10.0,1.0018360165376623,0.0284261312223363,1.2083333333333333,1.0
10000190,transient_nonpersistent,Transient non-persistence,191,tuned_level_slope,30.0,1.0006281175298357,0.028361454243022163,1.1666666666666667,1.0
10000190,transient_nonpersistent,Transient non-persistence,191,tuned_level_slope,100.0,1.0001724015879085,0.028340409555874677,1.1416666666666666,1.0
10000190,transient_nonpersistent,Transient non-persistence,191,tuned_level_slope,300.0,1.0000421970330722,0.028334560493988366,1.1416666666666666,1.0
10000191,transient_nonpersistent,Transient non-persistence,192,tuned_level,0.0,1.9327466222077945,0.1642989970498685,,
10000191,transient_nonpersistent,Transient non-persistence,192,tuned_level,0.03,1.693339388254266,0.13219572347222458,,
10000191,transient_nonpersistent,Transient non-persistence,192,tuned_level,0.1,1.201655332429746,0.046787849721755044,,
10000191,transient_nonpersistent,Transient non-persistence,192,tuned_level,0.3,1.0476612395986296,0.030589310106276833,,
10000191,transient_nonpersistent,Transient non-persistence,192,tuned_level,1.0,1.0225457940100668,0.02768003468192777,,
10000191,transient_nonpersistent,Transient non-persistence,192,tuned_level,3.0,1.0124543884847916,0.027353028882514473,,
10000191,transient_nonpersistent,Transient non-persistence,192,tuned_level,10.0,1.0092064111961117,0.027463368093133166,,
10000191,transient_nonpersistent,Transient non-persistence,192,tuned_level,30.0,1.0083149645690377,0.02751395950067662,,
10000191,transient_nonpersistent,Transient non-persistence,192,tuned_level,100.0,1.0080158857667258,0.02753299506543067,,
10000191,transient_nonpersistent,Transient non-persistence,192,tuned_level,300.0,1.0079480913860919,0.02753769795816651,,
10000191,transient_nonpersistent,Transient non-persistence,192,tuned_level_slope,0.1,1.1050291424567409,0.03659588925469827,5.8,1.0
10000191,transient_nonpersistent,Transient non-persistence,192,tuned_level_slope,0.3,1.0283987881416266,0.02867864886317145,3.2,1.0
10000191,transient_nonpersistent,Transient non-persistence,192,tuned_level_slope,1.0,1.0166571979967898,0.027538153368012186,1.95,1.0
10000191,transient_nonpersistent,Transient non-persistence,192,tuned_level_slope,3.0,1.010522374069839,0.027403396510391045,1.5416666666666667,1.0
10000191,transient_nonpersistent,Transient non-persistence,192,tuned_level_slope,10.0,1.008759662583497,0.027482296258262956,1.3916666666666666,1.0
10000191,transient_nonpersistent,Transient non-persistence,192,tuned_level_slope,30.0,1.0081592091183371,0.027520316719001688,1.3166666666666667,1.0
10000191,transient_nonpersistent,Transient non-persistence,192,tuned_level_slope,100.0,1.0079849415096411,0.027534670443151377,1.2833333333333334,1.0
10000191,transient_nonpersistent,Transient non-persistence,192,tuned_level_slope,300.0,1.0079374008251833,0.027538366583015374,1.2666666666666666,1.0
10000192,transient_nonpersistent,Transient non-persistence,193,tuned_level,0.0,1.749934166870193,0.11331631343070393,,
10000192,transient_nonpersistent,Transient non-persistence,193,tuned_level,0.03,1.5271798002411936,0.08848085139245118,,
10000192,transient_nonpersistent,Transient non-persistence,193,tuned_level,0.1,1.1680616165743616,0.046060024380192584,,
10000192,transient_nonpersistent,Transient non-persistence,193,tuned_level,0.3,1.0475895193489364,0.03183106940234808,,
10000192,transient_nonpersistent,Transient non-persistence,193,tuned_level,1.0,1.0241529452005471,0.028761057708737086,,
10000192,transient_nonpersistent,Transient non-persistence,193,tuned_level,3.0,1.022618634463884,0.02810269908008512,,
10000192,transient_nonpersistent,Transient non-persistence,193,tuned_level,10.0,1.0235377906552257,0.02800073648124399,,
10000192,transient_nonpersistent,Transient non-persistence,193,tuned_level,30.0,1.023868505464253,0.027985403092942406,,
10000192,transient_nonpersistent,Transient non-persistence,193,tuned_level,100.0,1.0239817554223256,0.0279872616751921,,
10000192,transient_nonpersistent,Transient non-persistence,193,tuned_level,300.0,1.0240238573835956,0.027990351873770507,,
10000192,transient_nonpersistent,Transient non-persistence,193,tuned_level_slope,0.1,1.0825819407646895,0.03682649721063878,5.041666666666667,1.0
10000192,transient_nonpersistent,Transient non-persistence,193,tuned_level_slope,0.3,1.0295065050993526,0.030174501689347946,3.0,1.0
10000192,transient_nonpersistent,Transient non-persistence,193,tuned_level_slope,1.0,1.0215731157466594,0.028586576334146428,2.075,1.0
10000192,transient_nonpersistent,Transient non-persistence,193,tuned_level_slope,3.0,1.0226875524746764,0.02810384593631331,1.4083333333333334,1.0
10000192,transient_nonpersistent,Transient non-persistence,193,tuned_level_slope,10.0,1.0235874828495957,0.02799546419904597,1.3166666666666667,1.0
10000192,transient_nonpersistent,Transient non-persistence,193,tuned_level_slope,30.0,1.0238898785191861,0.027988102125207134,1.2416666666666667,1.0
10000192,transient_nonpersistent,Transient non-persistence,193,tuned_level_slope,100.0,1.0239986498515714,0.027990629909473853,1.2083333333333333,1.0
10000192,transient_nonpersistent,Transient non-persistence,193,tuned_level_slope,300.0,1.0240287716528327,0.027991503071350333,1.2,1.0
10000193,transient_nonpersistent,Transient non-persistence,194,tuned_level,0.0,1.7983731005707164,0.16047393042219388,,
10000193,transient_nonpersistent,Transient non-persistence,194,tuned_level,0.03,1.521561909372944,0.1158411371302447,,
10000193,transient_nonpersistent,Transient non-persistence,194,tuned_level,0.1,1.129001988259858,0.037159046659531035,,
10000193,transient_nonpersistent,Transient non-persistence,194,tuned_level,0.3,1.0358234883365045,0.026627336052933548,,
10000193,transient_nonpersistent,Transient non-persistence,194,tuned_level,1.0,1.0223963440781518,0.024249475182598887,,
10000193,transient_nonpersistent,Transient non-persistence,194,tuned_level,3.0,1.0174040068966643,0.02410625131586274,,
10000193,transient_nonpersistent,Transient non-persistence,194,tuned_level,10.0,1.0153426314259222,0.024252500886999866,,
10000193,transient_nonpersistent,Transient non-persistence,194,tuned_level,30.0,1.0149548478726624,0.02428387842794987,,
10000193,transient_nonpersistent,Transient non-persistence,194,tuned_level,100.0,1.0148647031023093,0.024290255245188935,,
10000193,transient_nonpersistent,Transient non-persistence,194,tuned_level,300.0,1.0148349791996687,0.024291923975125647,,
10000193,transient_nonpersistent,Transient non-persistence,194,tuned_level_slope,0.1,1.0761701449818117,0.03026170679995835,6.125,1.0
10000193,transient_nonpersistent,Transient non-persistence,194,tuned_level_slope,0.3,1.0251573788305919,0.025240119626236464,3.2583333333333333,1.0
10000193,transient_nonpersistent,Transient non-persistence,194,tuned_level_slope,1.0,1.0182532964697106,0.024148677434541962,2.1166666666666667,1.0
10000193,transient_nonpersistent,Transient non-persistence,194,tuned_level_slope,3.0,1.0163952477567748,0.024164849280796735,1.525,1.0
10000193,transient_nonpersistent,Transient non-persistence,194,tuned_level_slope,10.0,1.0151614647972331,0.024263674278933816,1.3833333333333333,1.0
10000193,transient_nonpersistent,Transient non-persistence,194,tuned_level_slope,30.0,1.0149038206634045,0.024289223876405655,1.3416666666666666,1.0
10000193,transient_nonpersistent,Transient non-persistence,194,tuned_level_slope,100.0,1.0148470858514724,0.02429174442865129,1.2833333333333334,1.0
10000193,transient_nonpersistent,Transient non-persistence,194,tuned_level_slope,300.0,1.014829106782723,0.02429242883179545,1.275,1.0
10000194,transient_nonpersistent,Transient non-persistence,195,tuned_level,0.0,2.0344892277193614,0.19742881247005387,,
10000194,transient_nonpersistent,Transient non-persistence,195,tuned_level,0.03,1.7173922311828946,0.13739388951780418,,
10000194,transient_nonpersistent,Transient non-persistence,195,tuned_level,0.1,1.1835102981807515,0.04699160222879725,,
10000194,transient_nonpersistent,Transient non-persistence,195,tuned_level,0.3,1.0375089166889626,0.026497050003507792,,
10000194,transient_nonpersistent,Transient non-persistence,195,tuned_level,1.0,1.011527648613359,0.022982654782524488,,
10000194,transient_nonpersistent,Transient non-persistence,195,tuned_level,3.0,1.0049732803407665,0.022526362021016832,,
10000194,transient_nonpersistent,Transient non-persistence,195,tuned_level,10.0,1.002612899184408,0.022506159493044662,,
10000194,transient_nonpersistent,Transient non-persistence,195,tuned_level,30.0,1.0021128364231893,0.022515397263327096,,
10000194,transient_nonpersistent,Transient non-persistence,195,tuned_level,100.0,1.0020145397299602,0.022517243425174686,,
10000194,transient_nonpersistent,Transient non-persistence,195,tuned_level,300.0,1.0019875127214748,0.022518126353731373,,
10000194,transient_nonpersistent,Transient non-persistence,195,tuned_level_slope,0.1,1.0897519092469954,0.03422679906703046,5.258333333333334,1.0
10000194,transient_nonpersistent,Transient non-persistence,195,tuned_level_slope,0.3,1.0208744950541626,0.024412461994095802,2.933333333333333,1.0
10000194,transient_nonpersistent,Transient non-persistence,195,tuned_level_slope,1.0,1.0075242895404852,0.022759938122793782,1.8666666666666667,1.0
10000194,transient_nonpersistent,Transient non-persistence,195,tuned_level_slope,3.0,1.0037193693233406,0.022536527560686772,1.4833333333333334,1.0
10000194,transient_nonpersistent,Transient non-persistence,195,tuned_level_slope,10.0,1.002303539806414,0.022527924472934044,1.3083333333333333,1.0
10000194,transient_nonpersistent,Transient non-persistence,195,tuned_level_slope,30.0,1.0020427327173125,0.022523428685813435,1.2583333333333333,1.0
10000194,transient_nonpersistent,Transient non-persistence,195,tuned_level_slope,100.0,1.0019946192672564,0.02251973149261478,1.2333333333333334,1.0
10000194,transient_nonpersistent,Transient non-persistence,195,tuned_level_slope,300.0,1.0019808725672403,0.02251897312826157,1.2333333333333334,1.0
10000195,transient_nonpersistent,Transient non-persistence,196,tuned_level,0.0,1.810436962460367,0.15071735316952978,,
10000195,transient_nonpersistent,Transient non-persistence,196,tuned_level,0.03,1.5364753645763416,0.10831491593835846,,
10000195,transient_nonpersistent,Transient non-persistence,196,tuned_level,0.1,1.0920577261414526,0.03887243078737492,,
10000195,transient_nonpersistent,Transient non-persistence,196,tuned_level,0.3,1.0086472395702009,0.030078110702159152,,
10000195,transient_nonpersistent,Transient non-persistence,196,tuned_level,1.0,1.0072391867843025,0.025997901464438533,,
10000195,transient_nonpersistent,Transient non-persistence,196,tuned_level,3.0,1.003423980675098,0.025215533435720253,,
10000195,transient_nonpersistent,Transient non-persistence,196,tuned_level,10.0,1.0017393038181375,0.025057811780777404,,
10000195,transient_nonpersistent,Transient non-persistence,196,tuned_level,30.0,1.0014198749147927,0.025031397029748145,,
10000195,transient_nonpersistent,Transient non-persistence,196,tuned_level,100.0,1.001307130012114,0.02502328542315556,,
10000195,transient_nonpersistent,Transient non-persistence,196,tuned_level,300.0,1.0012740768615607,0.02502112345912538,,
10000195,transient_nonpersistent,Transient non-persistence,196,tuned_level_slope,0.1,1.029598246801252,0.03271198547004963,5.741666666666666,1.0
10000195,transient_nonpersistent,Transient non-persistence,196,tuned_level_slope,0.3,0.9995888835816992,0.027599214089199187,2.966666666666667,1.0
10000195,transient_nonpersistent,Transient non-persistence,196,tuned_level_slope,1.0,1.0040706303595108,0.02546758419545261,1.7833333333333334,1.0
10000195,transient_nonpersistent,Transient non-persistence,196,tuned_level_slope,3.0,1.002432341044631,0.025104506602600843,1.3583333333333334,1.0
10000195,transient_nonpersistent,Transient non-persistence,196,tuned_level_slope,10.0,1.001525138567599,0.02503464114484853,1.2333333333333334,1.0
10000195,transient_nonpersistent,Transient non-persistence,196,tuned_level_slope,30.0,1.0013516042790156,0.025024092949414888,1.1916666666666667,1.0
10000195,transient_nonpersistent,Transient non-persistence,196,tuned_level_slope,100.0,1.0012869345777458,0.02502115569366509,1.1416666666666666,1.0
10000195,transient_nonpersistent,Transient non-persistence,196,tuned_level_slope,300.0,1.0012673450501046,0.025020422600177738,1.1333333333333333,1.0
10000196,transient_nonpersistent,Transient non-persistence,197,tuned_level,0.0,1.696247435143328,0.1400221259387227,,
10000196,transient_nonpersistent,Transient non-persistence,197,tuned_level,0.03,1.5106148908997248,0.1111622852750221,,
10000196,transient_nonpersistent,Transient non-persistence,197,tuned_level,0.1,1.1461154986348006,0.04310852464643713,,
10000196,transient_nonpersistent,Transient non-persistence,197,tuned_level,0.3,1.058160614920111,0.03306970530285379,,
10000196,transient_nonpersistent,Transient non-persistence,197,tuned_level,1.0,1.033271379763879,0.028579594174415583,,
10000196,transient_nonpersistent,Transient non-persistence,197,tuned_level,3.0,1.0224678316637144,0.02728911704816998,,
10000196,transient_nonpersistent,Transient non-persistence,197,tuned_level,10.0,1.0176953964499982,0.026950539428342163,,
10000196,transient_nonpersistent,Transient non-persistence,197,tuned_level,30.0,1.0162426018159545,0.02687983432613867,,
10000196,transient_nonpersistent,Transient non-persistence,197,tuned_level,100.0,1.0157274528173759,0.02685962053222486,,
10000196,transient_nonpersistent,Transient non-persistence,197,tuned_level,300.0,1.0155843708218446,0.0268538276102905,,
10000196,transient_nonpersistent,Transient non-persistence,197,tuned_level_slope,0.1,1.075365919599214,0.037090404249995476,5.45,1.0
10000196,transient_nonpersistent,Transient non-persistence,197,tuned_level_slope,0.3,1.03395447435469,0.03034870905485176,3.15,1.0
10000196,transient_nonpersistent,Transient non-persistence,197,tuned_level_slope,1.0,1.0267135601322703,0.027867386542115034,1.85,1.0
10000196,transient_nonpersistent,Transient non-persistence,197,tuned_level_slope,3.0,1.0203728164185202,0.027128621323103095,1.4,1.0
10000196,transient_nonpersistent,Transient non-persistence,197,tuned_level_slope,10.0,1.017052869426698,0.02691732676292659,1.2916666666666667,1.0
10000196,transient_nonpersistent,Transient non-persistence,197,tuned_level_slope,30.0,1.0160214260696727,0.026870622590065604,1.2833333333333334,1.0
10000196,transient_nonpersistent,Transient non-persistence,197,tuned_level_slope,100.0,1.0156656955937038,0.02685693222126934,1.2416666666666667,1.0
10000196,transient_nonpersistent,Transient non-persistence,197,tuned_level_slope,300.0,1.0155620889591315,0.026853079574512054,1.2333333333333334,1.0
10000197,transient_nonpersistent,Transient non-persistence,198,tuned_level,0.0,1.595859078845975,0.13558456325520693,,
10000197,transient_nonpersistent,Transient non-persistence,198,tuned_level,0.03,1.4422774804712555,0.0968962364043085,,
10000197,transient_nonpersistent,Transient non-persistence,198,tuned_level,0.1,1.0929971017092721,0.0376086035055396,,
10000197,transient_nonpersistent,Transient non-persistence,198,tuned_level,0.3,1.025067070127535,0.029037193534914584,,
10000197,transient_nonpersistent,Transient non-persistence,198,tuned_level,1.0,1.0138462897201492,0.02569229337184822,,
10000197,transient_nonpersistent,Transient non-persistence,198,tuned_level,3.0,1.0082863493763037,0.02494020231631411,,
10000197,transient_nonpersistent,Transient non-persistence,198,tuned_level,10.0,1.006664786374807,0.02477933832174374,,
10000197,transient_nonpersistent,Transient non-persistence,198,tuned_level,30.0,1.0064592492086968,0.02468918836975429,,
10000197,transient_nonpersistent,Transient non-persistence,198,tuned_level,100.0,1.0064098036790636,0.024662954939172067,,
10000197,transient_nonpersistent,Transient non-persistence,198,tuned_level,300.0,1.0064058573515362,0.024655888280814046,,
10000197,transient_nonpersistent,Transient non-persistence,198,tuned_level_slope,0.1,1.0335437308746196,0.03184257677543334,5.283333333333333,1.0
10000197,transient_nonpersistent,Transient non-persistence,198,tuned_level_slope,0.3,1.0136669946757528,0.02737621811266846,2.825,1.0
10000197,transient_nonpersistent,Transient non-persistence,198,tuned_level_slope,1.0,1.0100511331232391,0.025310210195917608,1.7916666666666667,1.0
10000197,transient_nonpersistent,Transient non-persistence,198,tuned_level_slope,3.0,1.0073571326707789,0.024874758400760755,1.3416666666666666,1.0
10000197,transient_nonpersistent,Transient non-persistence,198,tuned_level_slope,10.0,1.0067244451746455,0.02472994500729956,1.225,1.0
10000197,transient_nonpersistent,Transient non-persistence,198,tuned_level_slope,30.0,1.0065074237262377,0.024675385736033353,1.1916666666666667,1.0
10000197,transient_nonpersistent,Transient non-persistence,198,tuned_level_slope,100.0,1.0064256899842898,0.0246591734733948,1.1583333333333334,1.0
10000197,transient_nonpersistent,Transient non-persistence,198,tuned_level_slope,300.0,1.0064125712125571,0.02465461558743646,1.1583333333333334,1.0
10000198,transient_nonpersistent,Transient non-persistence,199,tuned_level,0.0,2.0294716411311047,0.1916796747679811,,
10000198,transient_nonpersistent,Transient non-persistence,199,tuned_level,0.03,1.7504539919221596,0.14264150051363106,,
10000198,transient_nonpersistent,Transient non-persistence,199,tuned_level,0.1,1.1323193098372848,0.03830265679861583,,
10000198,transient_nonpersistent,Transient non-persistence,199,tuned_level,0.3,1.006601557275007,0.02704819312531838,,
10000198,transient_nonpersistent,Transient non-persistence,199,tuned_level,1.0,0.9803789351454457,0.022809346765251124,,
10000198,transient_nonpersistent,Transient non-persistence,199,tuned_level,3.0,0.9747082647268187,0.021775187063201015,,
10000198,transient_nonpersistent,Transient non-persistence,199,tuned_level,10.0,0.974403857477088,0.02147797759829162,,
10000198,transient_nonpersistent,Transient non-persistence,199,tuned_level,30.0,0.9744851713792355,0.021400332320060472,,
10000198,transient_nonpersistent,Transient non-persistence,199,tuned_level,100.0,0.9745032145783202,0.021377605374835667,,
10000198,transient_nonpersistent,Transient non-persistence,199,tuned_level,300.0,0.9745044015240905,0.02137123064292458,,
10000198,transient_nonpersistent,Transient non-persistence,199,tuned_level_slope,0.1,1.0384016980547415,0.030021776319914678,5.008333333333334,1.0
10000198,transient_nonpersistent,Transient non-persistence,199,tuned_level_slope,0.3,0.9829110486787885,0.024666286137517385,2.775,1.0
10000198,transient_nonpersistent,Transient non-persistence,199,tuned_level_slope,1.0,0.9743968834831069,0.022303428573687542,1.7083333333333333,1.0
10000198,transient_nonpersistent,Transient non-persistence,199,tuned_level_slope,3.0,0.9735623517426412,0.021665145194001086,1.4666666666666666,1.0
10000198,transient_nonpersistent,Transient non-persistence,199,tuned_level_slope,10.0,0.9741863820235073,0.021442479339445597,1.2583333333333333,1.0
10000198,transient_nonpersistent,Transient non-persistence,199,tuned_level_slope,30.0,0.9744125529699398,0.02138995384793349,1.225,1.0
10000198,transient_nonpersistent,Transient non-persistence,199,tuned_level_slope,100.0,0.9744809175227935,0.021374612034868276,1.2166666666666666,1.0
10000198,transient_nonpersistent,Transient non-persistence,199,tuned_level_slope,300.0,0.9744969691722483,0.021370247960195803,1.2,1.0
10000199,transient_nonpersistent,Transient non-persistence,200,tuned_level,0.0,1.7054241900562814,0.12690582614208942,,
10000199,transient_nonpersistent,Transient non-persistence,200,tuned_level,0.03,1.550592509761393,0.10345419156546536,,
10000199,transient_nonpersistent,Transient non-persistence,200,tuned_level,0.1,1.2069497390787352,0.0417393563091346,,
10000199,transient_nonpersistent,Transient non-persistence,200,tuned_level,0.3,1.0840451453443136,0.029672693928582378,,
10000199,transient_nonpersistent,Transient non-persistence,200,tuned_level,1.0,1.0390942145814175,0.025588551736313424,,
10000199,transient_nonpersistent,Transient non-persistence,200,tuned_level,3.0,1.0214207273312392,0.025317332706092422,,
10000199,transient_nonpersistent,Transient non-persistence,200,tuned_level,10.0,1.0168819087578977,0.025707925333865605,,
10000199,transient_nonpersistent,Transient non-persistence,200,tuned_level,30.0,1.0158216422733068,0.025841547245239793,,
10000199,transient_nonpersistent,Transient non-persistence,200,tuned_level,100.0,1.0154311825478473,0.02589197352284009,,
10000199,transient_nonpersistent,Transient non-persistence,200,tuned_level,300.0,1.0153187068753715,0.025906596061680918,,
10000199,transient_nonpersistent,Transient non-persistence,200,tuned_level_slope,0.1,1.1123556454746886,0.03452686782403124,6.383333333333334,1.0
10000199,transient_nonpersistent,Transient non-persistence,200,tuned_level_slope,0.3,1.0605639390281563,0.027884263881520707,3.2666666666666666,1.0
10000199,transient_nonpersistent,Transient non-persistence,200,tuned_level_slope,1.0,1.032620364884846,0.02563469367425584,1.9666666666666666,1.0
10000199,transient_nonpersistent,Transient non-persistence,200,tuned_level_slope,3.0,1.0199713394881649,0.025529465428957877,1.55,1.0
10000199,transient_nonpersistent,Transient non-persistence,200,tuned_level_slope,10.0,1.0166507098080884,0.025772267058546076,1.275,1.0
10000199,transient_nonpersistent,Transient non-persistence,200,tuned_level_slope,30.0,1.0157420480245913,0.025864433716078453,1.2,1.0
10000199,transient_nonpersistent,Transient non-persistence,200,tuned_level_slope,100.0,1.0154073042732326,0.025898983060341607,1.175,1.0
10000199,transient_nonpersistent,Transient non-persistence,200,tuned_level_slope,300.0,1.0153107474504999,0.025908946209214405,1.1666666666666667,1.0
