design_version,group_id,scenario_key,scenario_label,scenario_n_stays,n_stays,rep,method,loss,oracle_loss,regret,regret_percent_of_oracle,stay_loss_sd,n_assessment_stays,calibration_p_lt,calibration_p_le,calibration_interval_violation,calibration_strict_absolute_error,offset_bias,offset_rmse,offset_correlation
ademp-v2,10000000,transient_nonpersistent,Transient non-persistence,600,600,1,oracle,0.9737878653834711,0.9737878653834711,0.0,0.0,0.2943907012264259,120,0.10694243256743258,0.10694243256743258,0.0069424325674325715,0.0069424325674325715,,,
ademp-v2,10000000,transient_nonpersistent,Transient non-persistence,600,600,1,population,1.0106444170116378,0.9737878653834711,0.0368565516281667,3.7848645416887425,0.2605268698615377,120,0.05942044067044067,0.05942044067044067,0.04057955932955933,0.04057955932955933,,,
ademp-v2,10000000,transient_nonpersistent,Transient non-persistence,600,600,1,raw_index_q10,2.1084064024842055,0.9737878653834711,1.1346185371007345,116.51598643139071,1.7393875797418652,120,0.27604145854145856,0.27604145854145856,0.17604145854145856,0.17604145854145856,,,
ademp-v2,10000000,transient_nonpersistent,Transient non-persistence,600,600,1,affine_calibrated_q10,1.0595934964744458,0.9737878653834711,0.08580563109097472,8.811532176690767,0.36515062122405745,120,0.12830963018463018,0.12830963018463018,0.028309630184630175,0.028309630184630175,,,
ademp-v2,10000000,transient_nonpersistent,Transient non-persistence,600,600,1,unpenalized_level,2.1084064024842055,0.9737878653834711,1.1346185371007345,116.51598643139071,1.7393875797418652,120,0.27604145854145856,0.27604145854145856,0.17604145854145856,0.17604145854145856,2.7186277994858914,7.599553981389914,
ademp-v2,10000000,transient_nonpersistent,Transient non-persistence,600,600,1,tuned_level,1.0107090522876272,0.9737878653834711,0.036921186904156134,3.7915020526176737,0.2605656253142168,120,0.05942044067044067,0.05942044067044067,0.04057955932955933,0.04057955932955933,-0.0005750000000000001,0.003722491698371461,
ademp-v2,10000000,transient_nonpersistent,Transient non-persistence,600,600,1,tuned_level_slope,1.010683493560792,0.9737878653834711,0.03689562817732095,3.7888773817069183,0.260556171548749,120,0.05942044067044067,0.05942044067044067,0.04057955932955933,0.04057955932955933,-0.00033707501491925327,0.0026562171294115433,
ademp-v2,10000001,transient_nonpersistent,Transient non-persistence,600,600,2,oracle,0.9227576512116645,0.9227576512116645,0.0,0.0,0.3584043884800438,120,0.08987454674954674,0.08987454674954674,0.010125453250453262,0.010125453250453262,,,
ademp-v2,10000001,transient_nonpersistent,Transient non-persistence,600,600,2,population,0.9787085281050462,0.9227576512116645,0.05595087689338163,6.063442207161659,0.299522470671131,120,0.04831182706182705,0.04831182706182705,0.051688172938172953,0.051688172938172953,,,
ademp-v2,10000001,transient_nonpersistent,Transient non-persistence,600,600,2,raw_index_q10,1.687674013948093,0.9227576512116645,0.7649163627364285,82.89461070650825,1.600297952246911,120,0.20014009139009137,0.20014009139009137,0.10014009139009136,0.10014009139009136,,,
ademp-v2,10000001,transient_nonpersistent,Transient non-persistence,600,600,2,affine_calibrated_q10,1.0027636407448395,0.9227576512116645,0.08000598953317495,8.670314402499923,0.4791776837386478,120,0.09598637473637474,0.09598637473637474,0.004013625263625267,0.004013625263625267,,,
ademp-v2,10000001,transient_nonpersistent,Transient non-persistence,600,600,2,unpenalized_level,1.687674013948093,0.9227576512116645,0.7649163627364285,82.89461070650825,1.600297952246911,120,0.20014009139009137,0.20014009139009137,0.10014009139009136,0.10014009139009136,1.4855833456995127,6.986969853178078,
ademp-v2,10000001,transient_nonpersistent,Transient non-persistence,600,600,2,tuned_level,0.9787568980607078,0.9227576512116645,0.05599924684904323,6.068684098745877,0.29949905438075014,120,0.04831182706182705,0.04831182706182705,0.051688172938172953,0.051688172938172953,-0.0010527777777777775,0.004047804617594854,
ademp-v2,10000001,transient_nonpersistent,Transient non-persistence,600,600,2,tuned_level_slope,0.9787389190755594,0.9227576512116645,0.0559812678638949,6.066735701447332,0.2994949639825166,120,0.04831182706182705,0.04831182706182705,0.051688172938172953,0.051688172938172953,-0.0007758134590353919,0.00309703361324257,
ademp-v2,10000002,transient_nonpersistent,Transient non-persistence,600,600,3,oracle,0.9842459635765021,0.9842459635765021,0.0,0.0,0.3162306370236894,120,0.10066422003922004,0.10066422003922004,0.000664220039220037,0.000664220039220037,,,
ademp-v2,10000002,transient_nonpersistent,Transient non-persistence,600,600,3,population,1.0271111497438892,0.9842459635765021,0.042865186167387104,4.355129485278844,0.2457906630221139,120,0.059426406926406924,0.059426406926406924,0.04057359307359308,0.04057359307359308,,,
ademp-v2,10000002,transient_nonpersistent,Transient non-persistence,600,600,3,raw_index_q10,2.1101110737308413,0.9842459635765021,1.125865110154339,114.38859307720489,1.7227744367325482,120,0.2593250730750731,0.2593250730750731,0.15932507307507307,0.15932507307507307,,,
ademp-v2,10000002,transient_nonpersistent,Transient non-persistence,600,600,3,affine_calibrated_q10,1.0929068112679914,0.9842459635765021,0.10866084769148932,11.04000948062242,0.4686430439737183,120,0.11880926943426943,0.11880926943426943,0.01880926943426943,0.01880926943426943,,,
ademp-v2,10000002,transient_nonpersistent,Transient non-persistence,600,600,3,unpenalized_level,2.1101110737308413,0.9842459635765021,1.125865110154339,114.38859307720489,1.7227744367325482,120,0.2593250730750731,0.2593250730750731,0.15932507307507307,0.15932507307507307,2.3710810042490587,8.105128904988023,
ademp-v2,10000002,transient_nonpersistent,Transient non-persistence,600,600,3,tuned_level,1.0271077883483402,0.9842459635765021,0.042861824771838086,4.354787965407448,0.24574443469420554,120,0.059426406926406924,0.059426406926406924,0.04057359307359308,0.04057359307359308,-0.0009124999999999999,0.004352973653679704,
ademp-v2,10000002,transient_nonpersistent,Transient non-persistence,600,600,3,tuned_level_slope,1.027115538858023,0.9842459635765021,0.04286957528152102,4.355575421995512,0.24576431401589627,120,0.059426406926406924,0.059426406926406924,0.04057359307359308,0.04057359307359308,-0.0006521374351730524,0.0032770833861087583,
ademp-v2,10000003,transient_nonpersistent,Transient non-persistence,600,600,4,oracle,0.9237950040328402,0.9237950040328402,0.0,0.0,0.27023727488529187,120,0.09212882025382024,0.09212882025382024,0.007871179746179763,0.007871179746179763,,,
ademp-v2,10000003,transient_nonpersistent,Transient non-persistence,600,600,4,population,0.9711660254562674,0.9237950040328402,0.047371021423427195,5.127871575038653,0.22972119039780162,120,0.05624121249121249,0.05624121249121249,0.04375878750878751,0.04375878750878751,,,
ademp-v2,10000003,transient_nonpersistent,Transient non-persistence,600,600,4,raw_index_q10,1.7232559446125526,0.9237950040328402,0.7994609405797124,86.54094654004993,1.4127203599335583,120,0.24365847115847114,0.24365847115847114,0.14365847115847113,0.14365847115847113,,,
ademp-v2,10000003,transient_nonpersistent,Transient non-persistence,600,600,4,affine_calibrated_q10,0.9733536084196143,0.9237950040328402,0.04955860438677406,5.364675514635311,0.3033921667080523,120,0.09659072409072407,0.09659072409072407,0.0034092759092759356,0.0034092759092759356,,,
ademp-v2,10000003,transient_nonpersistent,Transient non-persistence,600,600,4,unpenalized_level,1.7232559446125526,0.9237950040328402,0.7994609405797124,86.54094654004993,1.4127203599335583,120,0.24365847115847114,0.24365847115847114,0.14365847115847113,0.14365847115847113,2.354579643263721,7.153772468048988,
ademp-v2,10000003,transient_nonpersistent,Transient non-persistence,600,600,4,tuned_level,0.9713613559745146,0.9237950040328402,0.047566351941674356,5.1490159325416105,0.22985175912782024,120,0.05624121249121249,0.05624121249121249,0.04375878750878751,0.04375878750878751,-0.004374999999999999,0.03710876156900396,
ademp-v2,10000003,transient_nonpersistent,Transient non-persistence,600,600,4,tuned_level_slope,0.9711819280134347,0.9237950040328402,0.04738692398059452,5.129593012922373,0.2297275576496641,120,0.05624121249121249,0.05624121249121249,0.04375878750878751,0.04375878750878751,-0.0003156504951104923,0.002804194391302981,
ademp-v2,10000004,transient_nonpersistent,Transient non-persistence,600,600,5,oracle,1.0108963192733806,1.0108963192733806,0.0,0.0,0.29787288876501944,120,0.12540521978021976,0.12540521978021976,0.025405219780219757,0.025405219780219757,,,
ademp-v2,10000004,transient_nonpersistent,Transient non-persistence,600,600,5,population,1.0072075823083497,1.0108963192733806,-0.0036887369650309143,-0.364897655150464,0.25518079443988695,120,0.07530367780367779,0.07530367780367779,0.024696322196322215,0.024696322196322215,,,
ademp-v2,10000004,transient_nonpersistent,Transient non-persistence,600,600,5,raw_index_q10,1.95258101151406,1.0108963192733806,0.9416846922406794,93.15343960472131,1.6485494493688881,120,0.24451474451474453,0.24451474451474453,0.14451474451474453,0.14451474451474453,,,
ademp-v2,10000004,transient_nonpersistent,Transient non-persistence,600,600,5,affine_calibrated_q10,1.0620208823334598,1.0108963192733806,0.051124563060079176,5.057349807824689,0.35811376532892153,120,0.11466669904169904,0.11466669904169904,0.014666699041699038,0.014666699041699038,,,
ademp-v2,10000004,transient_nonpersistent,Transient non-persistence,600,600,5,unpenalized_level,1.95258101151406,1.0108963192733806,0.9416846922406794,93.15343960472131,1.6485494493688881,120,0.24451474451474453,0.24451474451474453,0.14451474451474453,0.14451474451474453,2.1191741964242192,6.773257492904142,
ademp-v2,10000004,transient_nonpersistent,Transient non-persistence,600,600,5,tuned_level,1.0072472318987282,1.0108963192733806,-0.0036490873746524155,-0.3609754338877535,0.2551935507656186,120,0.07530367780367779,0.07530367780367779,0.024696322196322215,0.024696322196322215,-0.000709722222222222,0.0038445789154388592,
ademp-v2,10000004,transient_nonpersistent,Transient non-persistence,600,600,5,tuned_level_slope,1.007239775473225,1.0108963192733806,-0.003656543800155676,-0.36171303925450565,0.25519286543337594,120,0.07530367780367779,0.07530367780367779,0.024696322196322215,0.024696322196322215,-0.0005345779649104032,0.0029981759072053795,
ademp-v2,10000005,transient_nonpersistent,Transient non-persistence,600,600,6,oracle,0.9802366899098618,0.9802366899098618,0.0,0.0,0.35477308835598254,120,0.10026878214378214,0.10026878214378214,0.00026878214378213416,0.00026878214378213416,,,
ademp-v2,10000005,transient_nonpersistent,Transient non-persistence,600,600,6,population,1.0180851754804485,0.9802366899098618,0.03784848557058673,3.861157816288953,0.27375976222944504,120,0.05713642838642838,0.05713642838642838,0.04286357161357163,0.04286357161357163,,,
ademp-v2,10000005,transient_nonpersistent,Transient non-persistence,600,600,6,raw_index_q10,1.8710130777459957,0.9802366899098618,0.8907763878361339,90.87360195811951,1.5538679597838203,120,0.23950593388093389,0.23950593388093389,0.13950593388093388,0.13950593388093388,,,
ademp-v2,10000005,transient_nonpersistent,Transient non-persistence,600,600,6,affine_calibrated_q10,1.0442153199466127,0.9802366899098618,0.06397863003675086,6.526855268255063,0.3706882705711541,120,0.11899635087135087,0.11899635087135087,0.01899635087135086,0.01899635087135086,,,
ademp-v2,10000005,transient_nonpersistent,Transient non-persistence,600,600,6,unpenalized_level,1.8710130777459957,0.9802366899098618,0.8907763878361339,90.87360195811951,1.5538679597838203,120,0.23950593388093389,0.23950593388093389,0.13950593388093388,0.13950593388093388,2.175531798709648,7.2752050887598845,
ademp-v2,10000005,transient_nonpersistent,Transient non-persistence,600,600,6,tuned_level,1.0181095195507301,0.9802366899098618,0.037872829640868355,3.8636413052801535,0.2737279424386218,120,0.05713642838642838,0.05713642838642838,0.04286357161357163,0.04286357161357163,-0.0005763888888888887,0.003263823876421076,
ademp-v2,10000005,transient_nonpersistent,Transient non-persistence,600,600,6,tuned_level_slope,1.0181011171619256,0.9802366899098618,0.03786442725206385,3.8627841256937336,0.2737224178581399,120,0.05713642838642838,0.05713642838642838,0.04286357161357163,0.04286357161357163,-0.0004460821124960485,0.0024815020838605747,
ademp-v2,10000006,transient_nonpersistent,Transient non-persistence,600,600,7,oracle,0.932137937876364,0.932137937876364,0.0,0.0,0.247326977063435,120,0.10213383838383837,0.10213383838383837,0.002133838383838363,0.002133838383838363,,,
ademp-v2,10000006,transient_nonpersistent,Transient non-persistence,600,600,7,population,0.9925533354139424,0.932137937876364,0.06041539753757841,6.481379534365837,0.1983379405571814,120,0.04696315258815258,0.04696315258815258,0.05303684741184742,0.05303684741184742,,,
ademp-v2,10000006,transient_nonpersistent,Transient non-persistence,600,600,7,raw_index_q10,1.8625540710963548,0.932137937876364,0.9304161332199908,99.81528434940692,1.5633675364284074,120,0.2229373866873867,0.2229373866873867,0.12293738668738668,0.12293738668738668,,,
ademp-v2,10000006,transient_nonpersistent,Transient non-persistence,600,600,7,affine_calibrated_q10,0.9887524682327253,0.932137937876364,0.056614530356361326,6.073621516290061,0.30427472419296553,120,0.10847018722018721,0.10847018722018721,0.008470187220187206,0.008470187220187206,,,
ademp-v2,10000006,transient_nonpersistent,Transient non-persistence,600,600,7,unpenalized_level,1.8625540710963548,0.932137937876364,0.9304161332199908,99.81528434940692,1.5633675364284074,120,0.2229373866873867,0.2229373866873867,0.12293738668738668,0.12293738668738668,2.0911212612098704,7.659345551101944,
ademp-v2,10000006,transient_nonpersistent,Transient non-persistence,600,600,7,tuned_level,0.9925965450136897,0.932137937876364,0.06045860713732565,6.4860150714458635,0.198323487100202,120,0.04696315258815258,0.04696315258815258,0.05303684741184742,0.05303684741184742,-0.0008208675268699158,0.0038633467590743465,
ademp-v2,10000006,transient_nonpersistent,Transient non-persistence,600,600,7,tuned_level_slope,0.9925860158446108,0.932137937876364,0.060448077968246805,6.4848854994532426,0.19832079770600186,120,0.04696315258815258,0.04696315258815258,0.05303684741184742,0.05303684741184742,-0.0006188170989431964,0.0029687994870586437,
ademp-v2,10000007,transient_nonpersistent,Transient non-persistence,600,600,8,oracle,0.9603776985778454,0.9603776985778454,0.0,0.0,0.2856062124993208,120,0.11791629666629667,0.11791629666629667,0.01791629666629667,0.01791629666629667,,,
ademp-v2,10000007,transient_nonpersistent,Transient non-persistence,600,600,8,population,0.9775782958377884,0.9603776985778454,0.01720059725994305,1.7910242278026849,0.24397856692714473,120,0.06305333555333555,0.06305333555333555,0.03694666444666446,0.03694666444666446,,,
ademp-v2,10000007,transient_nonpersistent,Transient non-persistence,600,600,8,raw_index_q10,1.7408654138936939,0.9603776985778454,0.7804877153158485,81.26882959398337,1.365676219322852,120,0.23005843693343694,0.23005843693343694,0.13005843693343694,0.13005843693343694,,,
ademp-v2,10000007,transient_nonpersistent,Transient non-persistence,600,600,8,affine_calibrated_q10,1.0361957296111004,0.9603776985778454,0.07581803103325502,7.894605543790585,0.4381386019180106,120,0.13961591649091648,0.13961591649091648,0.039615916490916475,0.039615916490916475,,,
ademp-v2,10000007,transient_nonpersistent,Transient non-persistence,600,600,8,unpenalized_level,1.7408654138936939,0.9603776985778454,0.7804877153158485,81.26882959398337,1.365676219322852,120,0.23005843693343694,0.23005843693343694,0.13005843693343694,0.13005843693343694,1.5575667863842912,6.8815146712191595,
ademp-v2,10000007,transient_nonpersistent,Transient non-persistence,600,600,8,tuned_level,0.9775951123738758,0.9603776985778454,0.017217413796030367,1.7927752613920964,0.244040171723635,120,0.06305333555333555,0.06305333555333555,0.03694666444666446,0.03694666444666446,-0.0010513888888888888,0.004025123646594023,
ademp-v2,10000007,transient_nonpersistent,Transient non-persistence,600,600,8,tuned_level_slope,0.9885665025803938,0.9603776985778454,0.028188804002548418,2.9351789451474355,0.28309341756025375,120,0.06693688256188256,0.06693688256188256,0.03306311743811745,0.03306311743811745,-0.00991069529420594,1.4465135621022245,
ademp-v2,10000008,transient_nonpersistent,Transient non-persistence,600,600,9,oracle,0.9645501656830772,0.9645501656830772,0.0,0.0,0.3526888520516918,120,0.11257733007733008,0.11257733007733008,0.01257733007733007,0.01257733007733007,,,
ademp-v2,10000008,transient_nonpersistent,Transient non-persistence,600,600,9,population,0.9799640255769774,0.9645501656830772,0.015413859893900206,1.598036104527999,0.2715486282919131,120,0.07191079753579753,0.07191079753579753,0.028089202464202476,0.028089202464202476,,,
ademp-v2,10000008,transient_nonpersistent,Transient non-persistence,600,600,9,raw_index_q10,1.857578425486841,0.9645501656830772,0.8930282598037639,92.58494701219995,2.0139269773786084,120,0.20757647445147445,0.20757647445147445,0.10757647445147445,0.10757647445147445,,,
ademp-v2,10000008,transient_nonpersistent,Transient non-persistence,600,600,9,affine_calibrated_q10,1.029539001137502,0.9645501656830772,0.06498883545442491,6.737735139820434,0.41394742393551115,120,0.08282536907536908,0.08282536907536908,0.017174630924630924,0.017174630924630924,,,
ademp-v2,10000008,transient_nonpersistent,Transient non-persistence,600,600,9,unpenalized_level,1.857578425486841,0.9645501656830772,0.8930282598037639,92.58494701219995,2.0139269773786084,120,0.20757647445147445,0.20757647445147445,0.10757647445147445,0.10757647445147445,0.8728820327257891,7.8972026311256345,
ademp-v2,10000008,transient_nonpersistent,Transient non-persistence,600,600,9,tuned_level,0.9799847247196556,0.9645501656830772,0.015434559036578421,1.6001820937584872,0.27153209178800886,120,0.07191079753579753,0.07191079753579753,0.028089202464202476,0.028089202464202476,-0.0012777777777777776,0.004609973085805583,
ademp-v2,10000008,transient_nonpersistent,Transient non-persistence,600,600,9,tuned_level_slope,0.9799855385751167,0.9645501656830772,0.015435372892039556,1.6002664704441267,0.27154508720732945,120,0.07191079753579753,0.07191079753579753,0.028089202464202476,0.028089202464202476,-0.0010035157634055386,0.0035723989906280814,
ademp-v2,10000009,transient_nonpersistent,Transient non-persistence,600,600,10,oracle,0.9669164014946198,0.9669164014946198,0.0,0.0,0.3744097766635681,120,0.10578023828023826,0.10578023828023826,0.005780238280238256,0.005780238280238256,,,
ademp-v2,10000009,transient_nonpersistent,Transient non-persistence,600,600,10,population,0.9994400841661474,0.9669164014946198,0.03252368267152761,3.3636499102977084,0.27701308968406846,120,0.06000571188071188,0.06000571188071188,0.039994288119288124,0.039994288119288124,,,
ademp-v2,10000009,transient_nonpersistent,Transient non-persistence,600,600,10,raw_index_q10,1.737946893775757,0.9669164014946198,0.7710304922811372,79.74117422036795,1.9184269341674043,120,0.21857406482406486,0.21857406482406486,0.11857406482406485,0.11857406482406485,,,
ademp-v2,10000009,transient_nonpersistent,Transient non-persistence,600,600,10,affine_calibrated_q10,1.0452517493716145,0.9669164014946198,0.0783353478769947,8.10156366733537,0.42859382390175466,120,0.10325702075702076,0.10325702075702076,0.003257020757020751,0.003257020757020751,,,
ademp-v2,10000009,transient_nonpersistent,Transient non-persistence,600,600,10,unpenalized_level,1.737946893775757,0.9669164014946198,0.7710304922811372,79.74117422036795,1.9184269341674043,120,0.21857406482406486,0.21857406482406486,0.11857406482406485,0.11857406482406485,2.224583384961425,7.006206626853157,
ademp-v2,10000009,transient_nonpersistent,Transient non-persistence,600,600,10,tuned_level,0.9994472302607933,0.9669164014946198,0.032530828766173525,3.3643889705344434,0.2769936661396727,120,0.06000571188071188,0.06000571188071188,0.039994288119288124,0.039994288119288124,-0.0003388888888888888,0.003133377659260938,
ademp-v2,10000009,transient_nonpersistent,Transient non-persistence,600,600,10,tuned_level_slope,0.9994395801356475,0.9669164014946198,0.03252317864102772,3.363597782678494,0.2769902341607597,120,0.06000571188071188,0.06000571188071188,0.039994288119288124,0.039994288119288124,-0.0002787825829183705,0.0024599963079990944,
ademp-v2,10000010,transient_nonpersistent,Transient non-persistence,600,600,11,oracle,1.001601564688695,1.001601564688695,0.0,0.0,0.33216724557109306,120,0.1003454415954416,0.1003454415954416,0.0003454415954416007,0.0003454415954416007,,,
ademp-v2,10000010,transient_nonpersistent,Transient non-persistence,600,600,11,population,1.0393749345628907,1.001601564688695,0.03777336987419555,3.7712970112956823,0.24768485321094164,120,0.06287154974654975,0.06287154974654975,0.037128450253450254,0.037128450253450254,,,
ademp-v2,10000010,transient_nonpersistent,Transient non-persistence,600,600,11,raw_index_q10,1.6443565265500235,1.001601564688695,0.6427549618613284,64.17271942472466,1.341400417872012,120,0.22098276723276725,0.22098276723276725,0.12098276723276724,0.12098276723276724,,,
ademp-v2,10000010,transient_nonpersistent,Transient non-persistence,600,600,11,affine_calibrated_q10,1.0598863641076262,1.001601564688695,0.058284799418931055,5.819160180430268,0.37431088376738,120,0.10174512987012987,0.10174512987012987,0.001745129870129869,0.001745129870129869,,,
ademp-v2,10000010,transient_nonpersistent,Transient non-persistence,600,600,11,unpenalized_level,1.6443565265500235,1.001601564688695,0.6427549618613284,64.17271942472466,1.341400417872012,120,0.22098276723276725,0.22098276723276725,0.12098276723276724,0.12098276723276724,2.4704090585455285,6.768889859511819,
ademp-v2,10000010,transient_nonpersistent,Transient non-persistence,600,600,11,tuned_level,1.0393787881745566,1.001601564688695,0.037777223485861544,3.7716817562683196,0.24765919562523758,120,0.06287154974654975,0.06287154974654975,0.037128450253450254,0.037128450253450254,-0.00024027777777777773,0.0034350117256794857,
ademp-v2,10000010,transient_nonpersistent,Transient non-persistence,600,600,11,tuned_level_slope,1.039375602564226,1.001601564688695,0.03777403787553091,3.771363704615552,0.2476608900119129,120,0.06287154974654975,0.06287154974654975,0.037128450253450254,0.037128450253450254,-0.00016890293723504992,0.0025719830008133346,
ademp-v2,10000011,transient_nonpersistent,Transient non-persistence,600,600,12,oracle,0.9571091135501094,0.9571091135501094,0.0,0.0,0.30556920900960594,120,0.10392815517815518,0.10392815517815518,0.003928155178155174,0.003928155178155174,,,
ademp-v2,10000011,transient_nonpersistent,Transient non-persistence,600,600,12,population,0.9991823552179118,0.9571091135501094,0.04207324166780235,4.395866790124302,0.25360215859475405,120,0.0560262654012654,0.0560262654012654,0.043973734598734604,0.043973734598734604,,,
ademp-v2,10000011,transient_nonpersistent,Transient non-persistence,600,600,12,raw_index_q10,1.4540144853148136,0.9571091135501094,0.4969053717647042,51.91731692132599,0.725697450892599,120,0.17047556610056608,0.17047556610056608,0.07047556610056607,0.07047556610056607,,,
ademp-v2,10000011,transient_nonpersistent,Transient non-persistence,600,600,12,affine_calibrated_q10,1.039431042483021,0.9571091135501094,0.08232192893291168,8.601101772771043,0.37340338520911315,120,0.11784130221630222,0.11784130221630222,0.017841302216302216,0.017841302216302216,,,
ademp-v2,10000011,transient_nonpersistent,Transient non-persistence,600,600,12,unpenalized_level,1.4540144853148136,0.9571091135501094,0.4969053717647042,51.91731692132599,0.725697450892599,120,0.17047556610056608,0.17047556610056608,0.07047556610056607,0.07047556610056607,1.2182501988523258,6.460753524427998,
ademp-v2,10000011,transient_nonpersistent,Transient non-persistence,600,600,12,tuned_level,0.9994158009752454,0.9571091135501094,0.04230668742513599,4.420257505250578,0.2532712318833583,120,0.0560262654012654,0.0560262654012654,0.043973734598734604,0.043973734598734604,-0.008167705290236178,0.03670722130447069,
ademp-v2,10000011,transient_nonpersistent,Transient non-persistence,600,600,12,tuned_level_slope,1.0158868377503003,0.9571091135501094,0.058777724200190895,6.141172763695933,0.2682584638068956,120,0.05586251711251711,0.05586251711251711,0.0441374828874829,0.0441374828874829,-0.07813378857001166,1.4557180891924237,
ademp-v2,10000012,transient_nonpersistent,Transient non-persistence,600,600,13,oracle,1.035970782019821,1.035970782019821,0.0,0.0,0.34137541033012897,120,0.10966995966995967,0.10966995966995967,0.009669959669959663,0.009669959669959663,,,
ademp-v2,10000012,transient_nonpersistent,Transient non-persistence,600,600,13,population,1.0427306612803346,1.035970782019821,0.00675987926051369,0.6525164008326594,0.2853779931828559,120,0.07836304898804898,0.07836304898804898,0.021636951011951025,0.021636951011951025,,,
ademp-v2,10000012,transient_nonpersistent,Transient non-persistence,600,600,13,raw_index_q10,1.9434222752245867,1.035970782019821,0.9074514932047657,87.59431336813549,1.895410687671575,120,0.22383725071225072,0.22383725071225072,0.12383725071225071,0.12383725071225071,,,
ademp-v2,10000012,transient_nonpersistent,Transient non-persistence,600,600,13,affine_calibrated_q10,1.0648028179567766,1.035970782019821,0.028832035936955602,2.7830935425362187,0.33859676021622537,120,0.08778804528804529,0.08778804528804529,0.012211954711954714,0.012211954711954714,,,
ademp-v2,10000012,transient_nonpersistent,Transient non-persistence,600,600,13,unpenalized_level,1.9434222752245867,1.035970782019821,0.9074514932047657,87.59431336813549,1.895410687671575,120,0.22383725071225072,0.22383725071225072,0.12383725071225071,0.12383725071225071,1.3816806625073241,7.427257959428154,
ademp-v2,10000012,transient_nonpersistent,Transient non-persistence,600,600,13,tuned_level,1.0427746432358789,1.035970782019821,0.006803861216057916,0.6567618830709204,0.2854033063420979,120,0.07836304898804898,0.07836304898804898,0.021636951011951025,0.021636951011951025,-0.0013194444444444445,0.004447377504402641,
ademp-v2,10000012,transient_nonpersistent,Transient non-persistence,600,600,13,tuned_level_slope,1.0427681359027816,1.035970782019821,0.006797353882960655,0.6561337444003902,0.2853965591985498,120,0.07836304898804898,0.07836304898804898,0.021636951011951025,0.021636951011951025,-0.001065315304620001,0.0034845760563078274,
ademp-v2,10000013,transient_nonpersistent,Transient non-persistence,600,600,14,oracle,0.9819969775811849,0.9819969775811849,0.0,0.0,0.30769694588841473,120,0.11428902116402115,0.11428902116402115,0.014289021164021143,0.014289021164021143,,,
ademp-v2,10000013,transient_nonpersistent,Transient non-persistence,600,600,14,population,1.0075756760984114,0.9819969775811849,0.025578698517226495,2.6047634668113653,0.2547182220793709,120,0.06420880045880047,0.06420880045880047,0.03579119954119954,0.03579119954119954,,,
ademp-v2,10000013,transient_nonpersistent,Transient non-persistence,600,600,14,raw_index_q10,1.89547539528801,0.9819969775811849,0.913478417706825,93.02252843556282,1.5189129477447132,120,0.2127362221112221,0.2127362221112221,0.11273622211122208,0.11273622211122208,,,
ademp-v2,10000013,transient_nonpersistent,Transient non-persistence,600,600,14,affine_calibrated_q10,1.0915812999111563,0.9819969775811849,0.1095843223299714,11.15933397268646,0.4612175838285244,120,0.11023966773966774,0.11023966773966774,0.010239667739667738,0.010239667739667738,,,
ademp-v2,10000013,transient_nonpersistent,Transient non-persistence,600,600,14,unpenalized_level,1.89547539528801,0.9819969775811849,0.913478417706825,93.02252843556282,1.5189129477447132,120,0.2127362221112221,0.2127362221112221,0.11273622211122208,0.11273622211122208,0.7655432874502789,7.543924152529941,
ademp-v2,10000013,transient_nonpersistent,Transient non-persistence,600,600,14,tuned_level,1.007625664069545,0.9819969775811849,0.02562868648836003,2.609853907237838,0.2546836812622171,120,0.06420880045880047,0.06420880045880047,0.03579119954119954,0.03579119954119954,-0.0015819444444444442,0.00488158387320254,
ademp-v2,10000013,transient_nonpersistent,Transient non-persistence,600,600,14,tuned_level_slope,1.007624541381223,0.9819969775811849,0.025627563800038167,2.6097395801729393,0.25469041026006717,120,0.06420880045880047,0.06420880045880047,0.03579119954119954,0.03579119954119954,-0.0012205931786767655,0.003755373689571687,
ademp-v2,10000014,transient_nonpersistent,Transient non-persistence,600,600,15,oracle,0.9731949494547094,0.9731949494547094,0.0,0.0,0.3996189823071136,120,0.11224204036704037,0.11224204036704037,0.012242040367040366,0.012242040367040366,,,
ademp-v2,10000014,transient_nonpersistent,Transient non-persistence,600,600,15,population,1.0281448953191037,0.9731949494547094,0.05494994586439428,5.6463451536799765,0.32479686560859033,120,0.05539909164909164,0.05539909164909164,0.044600908350908366,0.044600908350908366,,,
ademp-v2,10000014,transient_nonpersistent,Transient non-persistence,600,600,15,raw_index_q10,1.974480118447633,0.9731949494547094,1.0012851689929236,102.88639183279295,1.9144162319436921,120,0.2847773291523292,0.2847773291523292,0.18477732915232917,0.18477732915232917,,,
ademp-v2,10000014,transient_nonpersistent,Transient non-persistence,600,600,15,affine_calibrated_q10,1.0752971386580736,0.9731949494547094,0.10210218920336422,10.491442568682984,0.5102690578658435,120,0.13207188644688644,0.13207188644688644,0.03207188644688644,0.03207188644688644,,,
ademp-v2,10000014,transient_nonpersistent,Transient non-persistence,600,600,15,unpenalized_level,1.974480118447633,0.9731949494547094,1.0012851689929236,102.88639183279295,1.9144162319436921,120,0.2847773291523292,0.2847773291523292,0.18477732915232917,0.18477732915232917,3.7575847498251562,7.910723412883136,
ademp-v2,10000014,transient_nonpersistent,Transient non-persistence,600,600,15,tuned_level,1.0304065274791407,0.9731949494547094,0.05721157802443133,5.878737662632501,0.37598649688873825,120,0.07112017612017611,0.07112017612017611,0.028879823879823893,0.028879823879823893,0.6134104426387228,1.870553901464549,
ademp-v2,10000014,transient_nonpersistent,Transient non-persistence,600,600,15,tuned_level_slope,1.0246388193278646,0.9731949494547094,0.05144386987315519,5.286080646224037,0.3536116988708882,120,0.06692145817145817,0.06692145817145817,0.033078541828541835,0.033078541828541835,0.48157886150401935,1.379347456709224,
ademp-v2,10000015,transient_nonpersistent,Transient non-persistence,600,600,16,oracle,0.9285206277701165,0.9285206277701165,0.0,0.0,0.2808871958424627,120,0.10185626873126873,0.10185626873126873,0.0018562687312687204,0.0018562687312687204,,,
ademp-v2,10000015,transient_nonpersistent,Transient non-persistence,600,600,16,population,0.9807616865229601,0.9285206277701165,0.05224105875284368,5.626267978375764,0.22047961842977556,120,0.053805777555777555,0.053805777555777555,0.04619422244422245,0.04619422244422245,,,
ademp-v2,10000015,transient_nonpersistent,Transient non-persistence,600,600,16,raw_index_q10,1.768794162251432,0.9285206277701165,0.8402735344813156,90.49594692357776,1.4024833718288399,120,0.22873112998113,0.22873112998113,0.12873112998112998,0.12873112998112998,,,
ademp-v2,10000015,transient_nonpersistent,Transient non-persistence,600,600,16,affine_calibrated_q10,1.002863111599657,0.9285206277701165,0.07434248382954045,8.006551670055757,0.30245219001416257,120,0.10933076183076182,0.10933076183076182,0.009330761830761813,0.009330761830761813,,,
ademp-v2,10000015,transient_nonpersistent,Transient non-persistence,600,600,16,unpenalized_level,1.768794162251432,0.9285206277701165,0.8402735344813156,90.49594692357776,1.4024833718288399,120,0.22873112998113,0.22873112998113,0.12873112998112998,0.12873112998112998,1.595008882843193,7.003957204916211,
ademp-v2,10000015,transient_nonpersistent,Transient non-persistence,600,600,16,tuned_level,0.9807930284641979,0.9285206277701165,0.052272400694081456,5.629643449022338,0.2204316305514596,120,0.053805777555777555,0.053805777555777555,0.04619422244422245,0.04619422244422245,-0.0011055555555555554,0.004352468435437698,
ademp-v2,10000015,transient_nonpersistent,Transient non-persistence,600,600,16,tuned_level_slope,0.9807823440348064,0.9285206277701165,0.052261716264689895,5.62849275521199,0.22044269541944,120,0.053805777555777555,0.053805777555777555,0.04619422244422245,0.04619422244422245,-0.0008566396318234156,0.003342549369200079,
ademp-v2,10000016,transient_nonpersistent,Transient non-persistence,600,600,17,oracle,0.8966277710661904,0.8966277710661904,0.0,0.0,0.28545225878083463,120,0.10882897195397195,0.10882897195397195,0.008828971953971948,0.008828971953971948,,,
ademp-v2,10000016,transient_nonpersistent,Transient non-persistence,600,600,17,population,0.9376958770846867,0.8966277710661904,0.04106810601849631,4.580284856631392,0.22946221666419828,120,0.05374856624856624,0.05374856624856624,0.046251433751433764,0.046251433751433764,,,
ademp-v2,10000016,transient_nonpersistent,Transient non-persistence,600,600,17,raw_index_q10,1.6286890041779651,0.8966277710661904,0.7320612331117747,81.64605834607067,1.4244437236859113,120,0.2077564565064565,0.2077564565064565,0.10775645650645649,0.10775645650645649,,,
ademp-v2,10000016,transient_nonpersistent,Transient non-persistence,600,600,17,affine_calibrated_q10,0.9972518475548926,0.8966277710661904,0.1006240764887022,11.222502774930666,0.37760666772187906,120,0.08818887131387129,0.08818887131387129,0.011811128686128713,0.011811128686128713,,,
ademp-v2,10000016,transient_nonpersistent,Transient non-persistence,600,600,17,unpenalized_level,1.6286890041779651,0.8966277710661904,0.7320612331117747,81.64605834607067,1.4244437236859113,120,0.2077564565064565,0.2077564565064565,0.10775645650645649,0.10775645650645649,1.630732032124285,6.78341386577194,
ademp-v2,10000016,transient_nonpersistent,Transient non-persistence,600,600,17,tuned_level,0.9378236181168026,0.8966277710661904,0.04119584705061219,4.594531686390411,0.2293952503061733,120,0.05374856624856624,0.05374856624856624,0.046251433751433764,0.046251433751433764,-0.002091666666666666,0.01097060466276434,
ademp-v2,10000016,transient_nonpersistent,Transient non-persistence,600,600,17,tuned_level_slope,0.9395243882053177,0.8966277710661904,0.04289661713912729,4.784216876097695,0.22908061289749232,120,0.0531075406075406,0.0531075406075406,0.0468924593924594,0.0468924593924594,-0.03204299535211678,0.2341629101482883,
ademp-v2,10000017,transient_nonpersistent,Transient non-persistence,600,600,18,oracle,0.9644136602987383,0.9644136602987383,0.0,0.0,0.29508755820063226,120,0.08540084915084914,0.08540084915084914,0.014599150849150866,0.014599150849150866,,,
ademp-v2,10000017,transient_nonpersistent,Transient non-persistence,600,600,18,population,1.019287342726424,0.9644136602987383,0.054873682427685644,5.689849147376021,0.2153493344374165,120,0.05617808117808118,0.05617808117808118,0.043821918821918826,0.043821918821918826,,,
ademp-v2,10000017,transient_nonpersistent,Transient non-persistence,600,600,18,raw_index_q10,1.7194778234652313,0.9644136602987383,0.7550641631664929,78.29256202495131,1.4751140527043118,120,0.20303788803788805,0.20303788803788805,0.10303788803788805,0.10303788803788805,,,
ademp-v2,10000017,transient_nonpersistent,Transient non-persistence,600,600,18,affine_calibrated_q10,0.9766448123636837,0.9644136602987383,0.012231152064945405,1.268247492591163,0.3263609132109792,120,0.09415806415806414,0.09415806415806414,0.005841935841935861,0.005841935841935861,,,
ademp-v2,10000017,transient_nonpersistent,Transient non-persistence,600,600,18,unpenalized_level,1.7194778234652313,0.9644136602987383,0.7550641631664929,78.29256202495131,1.4751140527043118,120,0.20303788803788805,0.20303788803788805,0.10303788803788805,0.10303788803788805,1.4614813638021331,7.1606196603229675,
ademp-v2,10000017,transient_nonpersistent,Transient non-persistence,600,600,18,tuned_level,1.0568094055444412,0.9644136602987383,0.09239574524570293,9.580509800854779,0.2726893229260177,120,0.060854215229215226,0.060854215229215226,0.03914578477078478,0.03914578477078478,-0.03833527027884974,2.1072752302777134,
ademp-v2,10000017,transient_nonpersistent,Transient non-persistence,600,600,18,tuned_level_slope,1.039588129261442,0.9644136602987383,0.07517446896270363,7.794836599412898,0.2474615920099958,120,0.05729571354571354,0.05729571354571354,0.042704286454286464,0.042704286454286464,0.014601449380101113,1.514302337380646,
ademp-v2,10000018,transient_nonpersistent,Transient non-persistence,600,600,19,oracle,1.0552018804005205,1.0552018804005205,0.0,0.0,0.38069580213084925,120,0.11161766474266474,0.11161766474266474,0.011617664742664735,0.011617664742664735,,,
ademp-v2,10000018,transient_nonpersistent,Transient non-persistence,600,600,19,population,1.0811529239564421,1.0552018804005205,0.025951043555921594,2.459343945262059,0.3010666174757838,120,0.0670908720908721,0.0670908720908721,0.03290912790912791,0.03290912790912791,,,
ademp-v2,10000018,transient_nonpersistent,Transient non-persistence,600,600,19,raw_index_q10,1.4926520078283076,1.0552018804005205,0.4374501274277871,41.456534105279,0.8087655856896572,120,0.17503279128279126,0.17503279128279126,0.07503279128279125,0.07503279128279125,,,
ademp-v2,10000018,transient_nonpersistent,Transient non-persistence,600,600,19,affine_calibrated_q10,1.0947117462213882,1.0552018804005205,0.039509865820867685,3.7442944857026803,0.4059941055297819,120,0.11603472915972916,0.11603472915972916,0.016034729159729158,0.016034729159729158,,,
ademp-v2,10000018,transient_nonpersistent,Transient non-persistence,600,600,19,unpenalized_level,1.4926520078283076,1.0552018804005205,0.4374501274277871,41.456534105279,0.8087655856896572,120,0.17503279128279126,0.17503279128279126,0.07503279128279125,0.07503279128279125,0.9974829585413656,5.771925016718247,
ademp-v2,10000018,transient_nonpersistent,Transient non-persistence,600,600,19,tuned_level,1.0811862339913147,1.0552018804005205,0.025984353590794207,2.4625006904774835,0.3010256540126945,120,0.0670908720908721,0.0670908720908721,0.03290912790912791,0.03290912790912791,-0.0007986111111111109,0.0037690565181537194,
ademp-v2,10000018,transient_nonpersistent,Transient non-persistence,600,600,19,tuned_level_slope,1.0811799773213082,1.0552018804005205,0.025978096920787674,2.4619077546494923,0.3010500101108299,120,0.0670908720908721,0.0670908720908721,0.03290912790912791,0.03290912790912791,-0.0005601671713559102,0.0027347186490008775,
ademp-v2,10000019,transient_nonpersistent,Transient non-persistence,600,600,20,oracle,0.9732612440616227,0.9732612440616227,0.0,0.0,0.31121202378745744,120,0.0943010693010693,0.0943010693010693,0.00569893069893071,0.00569893069893071,,,
ademp-v2,10000019,transient_nonpersistent,Transient non-persistence,600,600,20,population,1.0023770056391001,0.9732612440616227,0.029115761577477417,2.991566935920643,0.2648365653661798,120,0.061311512561512564,0.061311512561512564,0.03868848743848744,0.03868848743848744,,,
ademp-v2,10000019,transient_nonpersistent,Transient non-persistence,600,600,20,raw_index_q10,1.8902620364321834,0.9732612440616227,0.9170007923705606,94.21938847001906,1.5298794648463856,120,0.24750187312687313,0.24750187312687313,0.14750187312687313,0.14750187312687313,,,
ademp-v2,10000019,transient_nonpersistent,Transient non-persistence,600,600,20,affine_calibrated_q10,1.0406863054031537,0.9732612440616227,0.06742506134153092,6.9277454283653634,0.31811783577677955,120,0.09135424760424761,0.09135424760424761,0.008645752395752396,0.008645752395752396,,,
ademp-v2,10000019,transient_nonpersistent,Transient non-persistence,600,600,20,unpenalized_level,1.8902620364321834,0.9732612440616227,0.9170007923705606,94.21938847001906,1.5298794648463856,120,0.24750187312687313,0.24750187312687313,0.14750187312687313,0.14750187312687313,1.8976419355152383,7.5763176773572924,
ademp-v2,10000019,transient_nonpersistent,Transient non-persistence,600,600,20,tuned_level,1.0023975317407379,0.9732612440616227,0.029136287679115136,2.9936759381811315,0.263821040052531,120,0.062237438487438485,0.062237438487438485,0.03776256151256152,0.03776256151256152,-0.03954670334671029,0.15064743017456853,
ademp-v2,10000019,transient_nonpersistent,Transient non-persistence,600,600,20,tuned_level_slope,1.0076337824552293,0.9732612440616227,0.034372538393606544,3.5316867494037627,0.2878302523880697,120,0.06244704369704369,0.06244704369704369,0.03755295630295632,0.03755295630295632,-0.09235297599038818,1.680955313878669,
ademp-v2,10000020,transient_nonpersistent,Transient non-persistence,600,600,21,oracle,0.923127521049355,0.923127521049355,0.0,0.0,0.2699321506616676,120,0.09714544714544715,0.09714544714544715,0.0028545528545528553,0.0028545528545528553,,,
ademp-v2,10000020,transient_nonpersistent,Transient non-persistence,600,600,21,population,0.9608611127561052,0.923127521049355,0.03773359170675017,4.0875817096057245,0.2325178961889043,120,0.05763107263107262,0.05763107263107262,0.04236892736892738,0.04236892736892738,,,
ademp-v2,10000020,transient_nonpersistent,Transient non-persistence,600,600,21,raw_index_q10,1.6930720641553567,0.923127521049355,0.7699445431060017,83.40608697601992,1.5135863759465624,120,0.21907936970436973,0.21907936970436973,0.11907936970436972,0.11907936970436972,,,
ademp-v2,10000020,transient_nonpersistent,Transient non-persistence,600,600,21,affine_calibrated_q10,0.9575815456896476,0.923127521049355,0.03445402464029257,3.732314751176234,0.2974042508780924,120,0.09960877085877086,0.09960877085877086,0.0003912291412291463,0.0003912291412291463,,,
ademp-v2,10000020,transient_nonpersistent,Transient non-persistence,600,600,21,unpenalized_level,1.6930720641553567,0.923127521049355,0.7699445431060017,83.40608697601992,1.5135863759465624,120,0.21907936970436973,0.21907936970436973,0.11907936970436972,0.11907936970436972,1.607597339217708,6.839340063482738,
ademp-v2,10000020,transient_nonpersistent,Transient non-persistence,600,600,21,tuned_level,0.960816104616097,0.923127521049355,0.037688583566741984,4.082706095025734,0.23255268624766465,120,0.05763107263107262,0.05763107263107262,0.04236892736892738,0.04236892736892738,-0.000675,0.003687503923412853,
ademp-v2,10000020,transient_nonpersistent,Transient non-persistence,600,600,21,tuned_level_slope,0.9616089848483983,0.923127521049355,0.03848146379904327,4.168596745474546,0.2594332783052474,120,0.06385699948199948,0.06385699948199948,0.036143000518000526,0.036143000518000526,0.12076922561688286,1.4196938123594223,
ademp-v2,10000021,transient_nonpersistent,Transient non-persistence,600,600,22,oracle,0.9656089211929219,0.9656089211929219,0.0,0.0,0.3423426025607003,120,0.09215992340992342,0.09215992340992342,0.007840076590076586,0.007840076590076586,,,
ademp-v2,10000021,transient_nonpersistent,Transient non-persistence,600,600,22,population,1.0023324428339404,0.9656089211929219,0.03672352164101855,3.803146474211318,0.2720333611602187,120,0.06147262459762459,0.06147262459762459,0.03852737540237541,0.03852737540237541,,,
ademp-v2,10000021,transient_nonpersistent,Transient non-persistence,600,600,22,raw_index_q10,1.7265142311938286,0.9656089211929219,0.7609053100009068,78.8005675279882,1.591938760436467,120,0.20034992784992783,0.20034992784992783,0.10034992784992783,0.10034992784992783,,,
ademp-v2,10000021,transient_nonpersistent,Transient non-persistence,600,600,22,affine_calibrated_q10,1.0604231338805798,0.9656089211929219,0.094814212687658,9.819111092151434,0.4143280120513875,120,0.0940995115995116,0.0940995115995116,0.005900488400488402,0.005900488400488402,,,
ademp-v2,10000021,transient_nonpersistent,Transient non-persistence,600,600,22,unpenalized_level,1.7265142311938286,0.9656089211929219,0.7609053100009068,78.8005675279882,1.591938760436467,120,0.20034992784992783,0.20034992784992783,0.10034992784992783,0.10034992784992783,1.4003464883106884,7.027989355229466,
ademp-v2,10000021,transient_nonpersistent,Transient non-persistence,600,600,22,tuned_level,1.0027296769882064,0.9656089211929219,0.03712075579528451,3.844284676805305,0.272449013023028,120,0.05931644744144744,0.05931644744144744,0.04068355255855256,0.04068355255855256,-0.015496909360647387,0.10321459358733497,
ademp-v2,10000021,transient_nonpersistent,Transient non-persistence,600,600,22,tuned_level_slope,1.0028346918320399,0.9656089211929219,0.03722577063911803,3.8551601815286647,0.27231794182876373,120,0.0600740231990232,0.0600740231990232,0.03992597680097681,0.03992597680097681,-0.010479626606341852,0.07659537759486129,
ademp-v2,10000022,transient_nonpersistent,Transient non-persistence,600,600,23,oracle,0.9349209468004787,0.9349209468004787,0.0,0.0,0.3001841140724065,120,0.10237211862211862,0.10237211862211862,0.002372118622118613,0.002372118622118613,,,
ademp-v2,10000022,transient_nonpersistent,Transient non-persistence,600,600,23,population,0.9935583322106318,0.9349209468004787,0.058637385410153176,6.27190840154178,0.22681334799691566,120,0.04445061882561883,0.04445061882561883,0.05554938117438118,0.05554938117438118,,,
ademp-v2,10000022,transient_nonpersistent,Transient non-persistence,600,600,23,raw_index_q10,1.6846151773446385,0.9349209468004787,0.7496942305441598,80.18798093141366,1.4105645455730234,120,0.22842615717615716,0.22842615717615716,0.12842615717615716,0.12842615717615716,,,
ademp-v2,10000022,transient_nonpersistent,Transient non-persistence,600,600,23,affine_calibrated_q10,1.0155369540335126,0.9349209468004787,0.08061600723303397,8.622761903979269,0.3226352752345436,120,0.07544945794945794,0.07544945794945794,0.024550542050542065,0.024550542050542065,,,
ademp-v2,10000022,transient_nonpersistent,Transient non-persistence,600,600,23,unpenalized_level,1.6846151773446385,0.9349209468004787,0.7496942305441598,80.18798093141366,1.4105645455730234,120,0.22842615717615716,0.22842615717615716,0.12842615717615716,0.12842615717615716,2.515894461353893,7.26001866311724,
ademp-v2,10000022,transient_nonpersistent,Transient non-persistence,600,600,23,tuned_level,0.9990758306329944,0.9349209468004787,0.06415488383251577,6.862065081766433,0.2793273602363069,120,0.05996066433566433,0.05996066433566433,0.04003933566433567,0.04003933566433567,0.25550367629222914,2.010375160751187,
ademp-v2,10000022,transient_nonpersistent,Transient non-persistence,600,600,23,tuned_level_slope,0.9867902791639379,0.9349209468004787,0.05186933236345925,5.547991254337431,0.24653879988996674,120,0.05584380896880896,0.05584380896880896,0.04415619103119105,0.04415619103119105,0.20738308475960027,1.423293864637201,
ademp-v2,10000023,transient_nonpersistent,Transient non-persistence,600,600,24,oracle,0.9744601282806417,0.9744601282806417,0.0,0.0,0.3142260095834356,120,0.09947765197765197,0.09947765197765197,0.000522348022348032,0.000522348022348032,,,
ademp-v2,10000023,transient_nonpersistent,Transient non-persistence,600,600,24,population,1.0093867066182136,0.9744601282806417,0.034926578337571956,3.5841977854134637,0.25894732593397535,120,0.06215768028268028,0.06215768028268028,0.037842319717319724,0.037842319717319724,,,
ademp-v2,10000023,transient_nonpersistent,Transient non-persistence,600,600,24,raw_index_q10,1.740699329067751,0.9744601282806417,0.7662392007871094,78.63217576065203,1.6665070145553542,120,0.18861594424094422,0.18861594424094422,0.08861594424094421,0.08861594424094421,,,
ademp-v2,10000023,transient_nonpersistent,Transient non-persistence,600,600,24,affine_calibrated_q10,1.0690654376999698,0.9744601282806417,0.0946053094193281,9.708484387786264,0.4185420371020759,120,0.12266890516890516,0.12266890516890516,0.022668905168905157,0.022668905168905157,,,
ademp-v2,10000023,transient_nonpersistent,Transient non-persistence,600,600,24,unpenalized_level,1.740699329067751,0.9744601282806417,0.7662392007871094,78.63217576065203,1.6665070145553542,120,0.18861594424094422,0.18861594424094422,0.08861594424094421,0.08861594424094421,1.1487388636844929,6.933281870383353,
ademp-v2,10000023,transient_nonpersistent,Transient non-persistence,600,600,24,tuned_level,1.0094325265643098,0.9744601282806417,0.03497239828366816,3.588899870677542,0.25888182026881285,120,0.06215768028268028,0.06215768028268028,0.037842319717319724,0.037842319717319724,-0.0008164205142405401,0.004082033754854837,
ademp-v2,10000023,transient_nonpersistent,Transient non-persistence,600,600,24,tuned_level_slope,1.009418972667361,0.9744601282806417,0.03495884438671937,3.587508957231683,0.2588952761911752,120,0.06215768028268028,0.06215768028268028,0.037842319717319724,0.037842319717319724,-0.0006644899943287326,0.0032267325765184015,
ademp-v2,10000024,transient_nonpersistent,Transient non-persistence,600,600,25,oracle,0.9618421966402209,0.9618421966402209,0.0,0.0,0.2975854156645874,120,0.10196123321123321,0.10196123321123321,0.0019612332112332043,0.0019612332112332043,,,
ademp-v2,10000024,transient_nonpersistent,Transient non-persistence,600,600,25,population,0.9980748649326828,0.9618421966402209,0.03623266829246197,3.7670075630935203,0.2624150906715302,120,0.056152620527620524,0.056152620527620524,0.04384737947237948,0.04384737947237948,,,
ademp-v2,10000024,transient_nonpersistent,Transient non-persistence,600,600,25,raw_index_q10,1.9103486083839065,0.9618421966402209,0.9485064117436857,98.61351633946629,2.152888934590816,120,0.20687319624819628,0.20687319624819628,0.10687319624819627,0.10687319624819627,,,
ademp-v2,10000024,transient_nonpersistent,Transient non-persistence,600,600,25,affine_calibrated_q10,1.0220128523223968,0.9618421966402209,0.060170655682175944,6.2557720894712325,0.36568560451746174,120,0.11727880915380914,0.11727880915380914,0.017278809153809138,0.017278809153809138,,,
ademp-v2,10000024,transient_nonpersistent,Transient non-persistence,600,600,25,unpenalized_level,1.9103486083839065,0.9618421966402209,0.9485064117436857,98.61351633946629,2.152888934590816,120,0.20687319624819628,0.20687319624819628,0.10687319624819627,0.10687319624819627,1.8710135136016204,7.346482795388847,
ademp-v2,10000024,transient_nonpersistent,Transient non-persistence,600,600,25,tuned_level,0.9980799623853844,0.9618421966402209,0.036237765745163575,3.767537530765911,0.26240950688108694,120,0.056152620527620524,0.056152620527620524,0.04384737947237948,0.04384737947237948,-0.0005333333333333334,0.0036104272856803507,
ademp-v2,10000024,transient_nonpersistent,Transient non-persistence,600,600,25,tuned_level_slope,0.9980945700804981,0.9618421966402209,0.03625237344027721,3.769056251317438,0.2623165919429802,120,0.056152620527620524,0.056152620527620524,0.04384737947237948,0.04384737947237948,-0.010858618466474372,0.0792791823404293,
ademp-v2,10000025,transient_nonpersistent,Transient non-persistence,600,600,26,oracle,0.9491369564956619,0.9491369564956619,0.0,0.0,0.32707509445744787,120,0.10641208328708326,0.10641208328708326,0.006412083287083259,0.006412083287083259,,,
ademp-v2,10000025,transient_nonpersistent,Transient non-persistence,600,600,26,population,0.9784667242311005,0.9491369564956619,0.029329767735438605,3.0901512721333657,0.2763049969117808,120,0.05689498001998002,0.05689498001998002,0.04310501998001998,0.04310501998001998,,,
ademp-v2,10000025,transient_nonpersistent,Transient non-persistence,600,600,26,raw_index_q10,1.7640066771141203,0.9491369564956619,0.8148697206184584,85.85375535550364,1.63132905459687,120,0.21243520368520366,0.21243520368520366,0.11243520368520366,0.11243520368520366,,,
ademp-v2,10000025,transient_nonpersistent,Transient non-persistence,600,600,26,affine_calibrated_q10,1.0406163213462418,0.9491369564956619,0.09147936485057995,9.638162777723224,0.4453848921442501,120,0.09526029526029527,0.09526029526029527,0.004739704739704739,0.004739704739704739,,,
ademp-v2,10000025,transient_nonpersistent,Transient non-persistence,600,600,26,unpenalized_level,1.7640066771141203,0.9491369564956619,0.8148697206184584,85.85375535550364,1.63132905459687,120,0.21243520368520366,0.21243520368520366,0.11243520368520366,0.11243520368520366,1.2400112851649294,7.361623165016277,
ademp-v2,10000025,transient_nonpersistent,Transient non-persistence,600,600,26,tuned_level,0.9785303077733298,0.9491369564956619,0.029393351277667956,3.096850362480043,0.2762880626416101,120,0.05689498001998002,0.05689498001998002,0.04310501998001998,0.04310501998001998,-0.0012180555555555556,0.0042650875984230644,
ademp-v2,10000025,transient_nonpersistent,Transient non-persistence,600,600,26,tuned_level_slope,0.9785101056248922,0.9491369564956619,0.02937314912923028,3.0947218868897277,0.27629979612342154,120,0.05689498001998002,0.05689498001998002,0.04310501998001998,0.04310501998001998,-0.0009489704517638275,0.003257277721802463,
ademp-v2,10000026,transient_nonpersistent,Transient non-persistence,600,600,27,oracle,1.00495334261132,1.00495334261132,0.0,0.0,0.33759887998230287,120,0.11916560291560291,0.11916560291560291,0.019165602915602903,0.019165602915602903,,,
ademp-v2,10000026,transient_nonpersistent,Transient non-persistence,600,600,27,population,1.0205805058276083,1.00495334261132,0.01562716321628832,1.5550138054849327,0.2625761146797174,120,0.0684605672105672,0.0684605672105672,0.0315394327894328,0.0315394327894328,,,
ademp-v2,10000026,transient_nonpersistent,Transient non-persistence,600,600,27,raw_index_q10,1.898735120544358,1.00495334261132,0.8937817779330379,88.93763919532738,1.790567151019566,120,0.24042032042032044,0.24042032042032044,0.14042032042032043,0.14042032042032043,,,
ademp-v2,10000026,transient_nonpersistent,Transient non-persistence,600,600,27,affine_calibrated_q10,1.0965123223132653,1.00495334261132,0.09155897970194538,9.110769208850437,0.4432364266572303,120,0.12814914252414253,0.12814914252414253,0.028149142524142523,0.028149142524142523,,,
ademp-v2,10000026,transient_nonpersistent,Transient non-persistence,600,600,27,unpenalized_level,1.898735120544358,1.00495334261132,0.8937817779330379,88.93763919532738,1.790567151019566,120,0.24042032042032044,0.24042032042032044,0.14042032042032043,0.14042032042032043,2.2170703908504765,7.3967404613120005,
ademp-v2,10000026,transient_nonpersistent,Transient non-persistence,600,600,27,tuned_level,1.0206556543519234,1.00495334261132,0.015702311740603436,1.5624916177503108,0.26259410832889324,120,0.0684605672105672,0.0684605672105672,0.0315394327894328,0.0315394327894328,-0.0007791666666666665,0.003983966709291223,
ademp-v2,10000026,transient_nonpersistent,Transient non-persistence,600,600,27,tuned_level_slope,1.0206497031083794,1.00495334261132,0.01569636049705947,1.5618994267209738,0.26258856222972665,120,0.0684605672105672,0.0684605672105672,0.0315394327894328,0.0315394327894328,-0.0006247066485061095,0.003102829695435809,
ademp-v2,10000027,transient_nonpersistent,Transient non-persistence,600,600,28,oracle,1.0108715303030595,1.0108715303030595,0.0,0.0,0.3597616564518904,120,0.11440952565952565,0.11440952565952565,0.014409525659525649,0.014409525659525649,,,
ademp-v2,10000027,transient_nonpersistent,Transient non-persistence,600,600,28,population,1.0255947270705312,1.0108715303030595,0.014723196767471691,1.4564854510303276,0.26726014811225574,120,0.06789213101713101,0.06789213101713101,0.03210786898286899,0.03210786898286899,,,
ademp-v2,10000027,transient_nonpersistent,Transient non-persistence,600,600,28,raw_index_q10,1.7022581927711518,1.0108715303030595,0.6913866624680922,68.39510677096766,1.311926215793994,120,0.19693739131239132,0.19693739131239132,0.09693739131239132,0.09693739131239132,,,
ademp-v2,10000027,transient_nonpersistent,Transient non-persistence,600,600,28,affine_calibrated_q10,1.0643048872410585,1.0108715303030595,0.053433356937999,5.285870195788347,0.3651641373599056,120,0.10081006956006956,0.10081006956006956,0.0008100695600695568,0.0008100695600695568,,,
ademp-v2,10000027,transient_nonpersistent,Transient non-persistence,600,600,28,unpenalized_level,1.7022581927711518,1.0108715303030595,0.6913866624680922,68.39510677096766,1.311926215793994,120,0.19693739131239132,0.19693739131239132,0.09693739131239132,0.09693739131239132,1.0222147127083698,6.891576486495599,
ademp-v2,10000027,transient_nonpersistent,Transient non-persistence,600,600,28,tuned_level,1.0256486385602763,1.0108715303030595,0.014777108257216787,1.4618186202935803,0.26727143447176427,120,0.06789213101713101,0.06789213101713101,0.03210786898286899,0.03210786898286899,-0.0008611111111111109,0.0037313114564701223,
ademp-v2,10000027,transient_nonpersistent,Transient non-persistence,600,600,28,tuned_level_slope,1.0256362149883629,1.0108715303030595,0.014764684685303342,1.4605896241708267,0.26727476252886484,120,0.06789213101713101,0.06789213101713101,0.03210786898286899,0.03210786898286899,-0.0007154802881151984,0.002917028296352519,
ademp-v2,10000028,transient_nonpersistent,Transient non-persistence,600,600,29,oracle,0.9432886860746997,0.9432886860746997,0.0,0.0,0.2568152322563256,120,0.08010329947829947,0.08010329947829947,0.019896700521700533,0.019896700521700533,,,
ademp-v2,10000028,transient_nonpersistent,Transient non-persistence,600,600,29,population,1.0204960263431528,0.9432886860746997,0.0772073402684531,8.184911089068123,0.2084032795846502,120,0.0462773569023569,0.0462773569023569,0.0537226430976431,0.0537226430976431,,,
ademp-v2,10000028,transient_nonpersistent,Transient non-persistence,600,600,29,raw_index_q10,1.986787594747884,0.9432886860746997,1.0434989086731843,110.62349459691801,2.23147020452526,120,0.23375328375328375,0.23375328375328375,0.13375328375328374,0.13375328375328374,,,
ademp-v2,10000028,transient_nonpersistent,Transient non-persistence,600,600,29,affine_calibrated_q10,1.006238781825805,0.9432886860746997,0.06295009575110522,6.673470876986661,0.2940320122416366,120,0.09750393125393124,0.09750393125393124,0.0024960687460687664,0.0024960687460687664,,,
ademp-v2,10000028,transient_nonpersistent,Transient non-persistence,600,600,29,unpenalized_level,1.986787594747884,0.9432886860746997,1.0434989086731843,110.62349459691801,2.23147020452526,120,0.23375328375328375,0.23375328375328375,0.13375328375328374,0.13375328375328374,2.935866274760419,7.940036690980514,
ademp-v2,10000028,transient_nonpersistent,Transient non-persistence,600,600,29,tuned_level,1.0205534806172738,0.9432886860746997,0.07726479454257407,8.191001936437454,0.208415530898585,120,0.0462773569023569,0.0462773569023569,0.0537226430976431,0.0537226430976431,-0.0005847222222222222,0.0037492900562541066,
ademp-v2,10000028,transient_nonpersistent,Transient non-persistence,600,600,29,tuned_level_slope,1.0205404149623771,0.9432886860746997,0.0772517288876774,8.18961681912506,0.20841770778887594,120,0.0462773569023569,0.0462773569023569,0.0537226430976431,0.0537226430976431,-0.00041744147872135894,0.002729299205273529,
ademp-v2,10000029,transient_nonpersistent,Transient non-persistence,600,600,30,oracle,0.9656921340383351,0.9656921340383351,0.0,0.0,0.3378779088679611,120,0.10812331187331187,0.10812331187331187,0.008123311873311861,0.008123311873311861,,,
ademp-v2,10000029,transient_nonpersistent,Transient non-persistence,600,600,30,population,1.0059006547058953,0.9656921340383351,0.0402085206675602,4.163699718606597,0.26683758096692667,120,0.05563316313316313,0.05563316313316313,0.04436683686683687,0.04436683686683687,,,
ademp-v2,10000029,transient_nonpersistent,Transient non-persistence,600,600,30,raw_index_q10,1.558863867107454,0.9656921340383351,0.5931717330691189,61.424517417221885,1.3033252369591712,120,0.20531535594035594,0.20531535594035594,0.10531535594035593,0.10531535594035593,,,
ademp-v2,10000029,transient_nonpersistent,Transient non-persistence,600,600,30,affine_calibrated_q10,1.0415453112188957,0.9656921340383351,0.07585317718056062,7.854799113187089,0.36704216591691213,120,0.09023562086062085,0.09023562086062085,0.00976437913937915,0.00976437913937915,,,
ademp-v2,10000029,transient_nonpersistent,Transient non-persistence,600,600,30,unpenalized_level,1.558863867107454,0.9656921340383351,0.5931717330691189,61.424517417221885,1.3033252369591712,120,0.20531535594035594,0.20531535594035594,0.10531535594035593,0.10531535594035593,2.108254489724923,6.498111036259485,
ademp-v2,10000029,transient_nonpersistent,Transient non-persistence,600,600,30,tuned_level,1.013269798185793,0.9656921340383351,0.0475776641474579,4.926794210127553,0.2926598094230741,120,0.0761401098901099,0.0761401098901099,0.023859890109890106,0.023859890109890106,0.15365151831030543,1.8238925999758349,
ademp-v2,10000029,transient_nonpersistent,Transient non-persistence,600,600,30,tuned_level_slope,1.0048349816739857,0.9656921340383351,0.03914284763565057,4.053346429566829,0.2827163516985452,120,0.06569338069338068,0.06569338069338068,0.034306619306619324,0.034306619306619324,0.13890840886996944,1.32131577451053,
ademp-v2,10000030,transient_nonpersistent,Transient non-persistence,600,600,31,oracle,0.9402687510489809,0.9402687510489809,0.0,0.0,0.41978664265521126,120,0.11017470954970955,0.11017470954970955,0.010174709549709546,0.010174709549709546,,,
ademp-v2,10000030,transient_nonpersistent,Transient non-persistence,600,600,31,population,0.9834892191580522,0.9402687510489809,0.04322046810907132,4.596607944362054,0.3190987383201527,120,0.06031456968956969,0.06031456968956969,0.039685430310430314,0.039685430310430314,,,
ademp-v2,10000030,transient_nonpersistent,Transient non-persistence,600,600,31,raw_index_q10,1.7255256504341658,0.9402687510489809,0.785256899385185,83.51409089253876,1.8417773371365744,120,0.21795417545417545,0.21795417545417545,0.11795417545417544,0.11795417545417544,,,
ademp-v2,10000030,transient_nonpersistent,Transient non-persistence,600,600,31,affine_calibrated_q10,1.002385182254088,0.9402687510489809,0.062116431205107014,6.606242219132434,0.4834842230534627,120,0.09412788600288599,0.09412788600288599,0.005872113997114015,0.005872113997114015,,,
ademp-v2,10000030,transient_nonpersistent,Transient non-persistence,600,600,31,unpenalized_level,1.7255256504341658,0.9402687510489809,0.785256899385185,83.51409089253876,1.8417773371365744,120,0.21795417545417545,0.21795417545417545,0.11795417545417544,0.11795417545417544,1.809966425225486,7.209674857685104,
ademp-v2,10000030,transient_nonpersistent,Transient non-persistence,600,600,31,tuned_level,0.9835182687851228,0.9402687510489809,0.04324951773614194,4.599697446915256,0.31902279307766646,120,0.06031456968956969,0.06031456968956969,0.039685430310430314,0.039685430310430314,-0.0007722222222222221,0.0037378197249594977,
ademp-v2,10000030,transient_nonpersistent,Transient non-persistence,600,600,31,tuned_level_slope,0.9835016708931399,0.9402687510489809,0.043232919844159,4.5979322184138915,0.3190604211665417,120,0.06031456968956969,0.06031456968956969,0.039685430310430314,0.039685430310430314,-0.000506191265738385,0.0027163988474101382,
ademp-v2,10000031,transient_nonpersistent,Transient non-persistence,600,600,32,oracle,0.9818153840684821,0.9818153840684821,0.0,0.0,0.32041592054465046,120,0.11068806193806194,0.11068806193806194,0.010688061938061932,0.010688061938061932,,,
ademp-v2,10000031,transient_nonpersistent,Transient non-persistence,600,600,32,population,0.9938873400135819,0.9818153840684821,0.0120719559450998,1.2295545721717653,0.25715596703701604,120,0.07173530173530174,0.07173530173530174,0.028264698264698268,0.028264698264698268,,,
ademp-v2,10000031,transient_nonpersistent,Transient non-persistence,600,600,32,raw_index_q10,1.7323489669713454,0.9818153840684821,0.7505335829028633,76.44345312585907,1.4982152882864468,120,0.217880476005476,0.217880476005476,0.11788047600547599,0.11788047600547599,,,
ademp-v2,10000031,transient_nonpersistent,Transient non-persistence,600,600,32,affine_calibrated_q10,1.025437591467745,0.9818153840684821,0.04362220739926281,4.4430152661185165,0.34151636539563796,120,0.09640597828097827,0.09640597828097827,0.003594021719021734,0.003594021719021734,,,
ademp-v2,10000031,transient_nonpersistent,Transient non-persistence,600,600,32,unpenalized_level,1.7323489669713454,0.9818153840684821,0.7505335829028633,76.44345312585907,1.4982152882864468,120,0.217880476005476,0.217880476005476,0.11788047600547599,0.11788047600547599,1.584980926156988,6.672603925505146,
ademp-v2,10000031,transient_nonpersistent,Transient non-persistence,600,600,32,tuned_level,0.9938751177759431,0.9818153840684821,0.01205973370746094,1.228309711087168,0.25711465844318393,120,0.07173530173530174,0.07173530173530174,0.028264698264698268,0.028264698264698268,-0.0009388888888888886,0.0043627739222077844,
ademp-v2,10000031,transient_nonpersistent,Transient non-persistence,600,600,32,tuned_level_slope,0.9938757361304127,0.9818153840684821,0.012060352061930568,1.2283726918144677,0.2571212471933515,120,0.07173530173530174,0.07173530173530174,0.028264698264698268,0.028264698264698268,-0.0007648843825074023,0.0033957510155212044,
ademp-v2,10000032,transient_nonpersistent,Transient non-persistence,600,600,33,oracle,0.9030797554730162,0.9030797554730162,0.0,0.0,0.32912752212537366,120,0.09253408628408627,0.09253408628408627,0.007465913715913736,0.007465913715913736,,,
ademp-v2,10000032,transient_nonpersistent,Transient non-persistence,600,600,33,population,0.9457913179773942,0.9030797554730162,0.04271156250437802,4.729544898501961,0.2740550935571912,120,0.05670072982572982,0.05670072982572982,0.04329927017427018,0.04329927017427018,,,
ademp-v2,10000032,transient_nonpersistent,Transient non-persistence,600,600,33,raw_index_q10,1.9201327684589633,0.9030797554730162,1.0170530129859472,112.62050852343977,2.0052195953381684,120,0.24452431827431825,0.24452431827431825,0.14452431827431825,0.14452431827431825,,,
ademp-v2,10000032,transient_nonpersistent,Transient non-persistence,600,600,33,affine_calibrated_q10,0.9810489855946307,0.9030797554730162,0.0779692301216145,8.633703684429918,0.3608140380640722,120,0.08984233359233358,0.08984233359233358,0.010157666407666424,0.010157666407666424,,,
ademp-v2,10000032,transient_nonpersistent,Transient non-persistence,600,600,33,unpenalized_level,1.9201327684589633,0.9030797554730162,1.0170530129859472,112.62050852343977,2.0052195953381684,120,0.24452431827431825,0.24452431827431825,0.14452431827431825,0.14452431827431825,2.3812713658115334,7.502100116341476,
ademp-v2,10000032,transient_nonpersistent,Transient non-persistence,600,600,33,tuned_level,0.9457896762549193,0.9030797554730162,0.042709920781903055,4.729363106975241,0.27402148197700815,120,0.05670072982572982,0.05670072982572982,0.04329927017427018,0.04329927017427018,-0.0006402777777777776,0.003988264033385955,
ademp-v2,10000032,transient_nonpersistent,Transient non-persistence,600,600,33,tuned_level_slope,0.9458031467364587,0.9030797554730162,0.04272339126344249,4.730854722910357,0.2740240374941787,120,0.05670072982572982,0.05670072982572982,0.04329927017427018,0.04329927017427018,-0.0005170881129564398,0.003109400343041133,
ademp-v2,10000033,transient_nonpersistent,Transient non-persistence,600,600,34,oracle,0.960801057916464,0.960801057916464,0.0,0.0,0.31483742231774686,120,0.092750444000444,0.092750444000444,0.007249555999556012,0.007249555999556012,,,
ademp-v2,10000033,transient_nonpersistent,Transient non-persistence,600,600,34,population,1.0077438582807352,0.960801057916464,0.04694280036427123,4.885798155350558,0.27082152606583393,120,0.057463069338069335,0.057463069338069335,0.04253693066193067,0.04253693066193067,,,
ademp-v2,10000033,transient_nonpersistent,Transient non-persistence,600,600,34,raw_index_q10,1.974411308094569,0.960801057916464,1.0136102501781052,105.49637116097271,1.9291386117396896,120,0.2322694435194435,0.2322694435194435,0.1322694435194435,0.1322694435194435,,,
ademp-v2,10000033,transient_nonpersistent,Transient non-persistence,600,600,34,affine_calibrated_q10,1.0212753257139966,0.960801057916464,0.06047426779753262,6.294150833750488,0.39875257107963874,120,0.09664585414585414,0.09664585414585414,0.003354145854145868,0.003354145854145868,,,
ademp-v2,10000033,transient_nonpersistent,Transient non-persistence,600,600,34,unpenalized_level,1.974411308094569,0.960801057916464,1.0136102501781052,105.49637116097271,1.9291386117396896,120,0.2322694435194435,0.2322694435194435,0.1322694435194435,0.1322694435194435,2.246346684285797,7.9133574844673475,
ademp-v2,10000033,transient_nonpersistent,Transient non-persistence,600,600,34,tuned_level,1.0077517080544183,0.960801057916464,0.0469506501379543,4.886615158373024,0.27081525400892653,120,0.057463069338069335,0.057463069338069335,0.04253693066193067,0.04253693066193067,-0.0008569444444444445,0.004237590816245231,
ademp-v2,10000033,transient_nonpersistent,Transient non-persistence,600,600,34,tuned_level_slope,1.0077518725803574,0.960801057916464,0.04695081466389339,4.88663228220295,0.270817187590148,120,0.057463069338069335,0.057463069338069335,0.04253693066193067,0.04253693066193067,-0.0005997092255627686,0.0030795899328574248,
ademp-v2,10000034,transient_nonpersistent,Transient non-persistence,600,600,35,oracle,1.023091171571325,1.023091171571325,0.0,0.0,0.35019087201572313,120,0.11853482165982167,0.11853482165982167,0.018534821659821663,0.018534821659821663,,,
ademp-v2,10000034,transient_nonpersistent,Transient non-persistence,600,600,35,population,1.0427991642987562,1.023091171571325,0.01970799272743129,1.9263183257815206,0.2504232596833305,120,0.0704164122914123,0.0704164122914123,0.02958358770858771,0.02958358770858771,,,
ademp-v2,10000034,transient_nonpersistent,Transient non-persistence,600,600,35,raw_index_q10,1.593327088551157,1.023091171571325,0.5702359169798321,55.736569019946636,1.318356468148779,120,0.17754793817293818,0.17754793817293818,0.07754793817293817,0.07754793817293817,,,
ademp-v2,10000034,transient_nonpersistent,Transient non-persistence,600,600,35,affine_calibrated_q10,1.0658220400906993,1.023091171571325,0.042730868519374354,4.176643265697007,0.37004329396998703,120,0.11144087394087393,0.11144087394087393,0.011440873940873925,0.011440873940873925,,,
ademp-v2,10000034,transient_nonpersistent,Transient non-persistence,600,600,35,unpenalized_level,1.593327088551157,1.023091171571325,0.5702359169798321,55.736569019946636,1.318356468148779,120,0.17754793817293818,0.17754793817293818,0.07754793817293817,0.07754793817293817,0.724924925352669,7.035845581982423,
ademp-v2,10000034,transient_nonpersistent,Transient non-persistence,600,600,35,tuned_level,1.0428049671802884,1.023091171571325,0.01971379560896347,1.9268855168289487,0.2503064333846942,120,0.0704164122914123,0.0704164122914123,0.02958358770858771,0.02958358770858771,-0.0009513888888888889,0.004082114330516406,
ademp-v2,10000034,transient_nonpersistent,Transient non-persistence,600,600,35,tuned_level_slope,1.0531204748271266,1.023091171571325,0.030029303255801665,2.935154176893234,0.25729335245538465,120,0.07416470103970105,0.07416470103970105,0.025835298960298958,0.025835298960298958,0.003942563683949985,1.4906609874325762,
ademp-v2,10000035,transient_nonpersistent,Transient non-persistence,600,600,36,oracle,0.9484954789456836,0.9484954789456836,0.0,0.0,0.2992967841561735,120,0.0978252997002997,0.0978252997002997,0.002174700299700308,0.002174700299700308,,,
ademp-v2,10000035,transient_nonpersistent,Transient non-persistence,600,600,36,population,0.9787715408092591,0.9484954789456836,0.030276061863575454,3.192009085507643,0.24158834647009741,120,0.06126047563547563,0.06126047563547563,0.03873952436452437,0.03873952436452437,,,
ademp-v2,10000035,transient_nonpersistent,Transient non-persistence,600,600,36,raw_index_q10,1.6329248153583173,0.9484954789456836,0.6844293364126337,72.15947272341485,1.3409368737984728,120,0.20464577089577088,0.20464577089577088,0.10464577089577087,0.10464577089577087,,,
ademp-v2,10000035,transient_nonpersistent,Transient non-persistence,600,600,36,affine_calibrated_q10,1.0517983641506656,0.9484954789456836,0.10330288520498199,10.891236436868425,0.41312610671003047,120,0.10803185240685241,0.10803185240685241,0.008031852406852405,0.008031852406852405,,,
ademp-v2,10000035,transient_nonpersistent,Transient non-persistence,600,600,36,unpenalized_level,1.6329248153583173,0.9484954789456836,0.6844293364126337,72.15947272341485,1.3409368737984728,120,0.20464577089577088,0.20464577089577088,0.10464577089577087,0.10464577089577087,1.150555622327833,6.693912277905402,
ademp-v2,10000035,transient_nonpersistent,Transient non-persistence,600,600,36,tuned_level,0.9788088692370042,0.9484954789456836,0.03031339029132052,3.1959446264325777,0.24157661534989697,120,0.06126047563547563,0.06126047563547563,0.03873952436452437,0.03873952436452437,-0.0010305555555555556,0.004048033358814386,
ademp-v2,10000035,transient_nonpersistent,Transient non-persistence,600,600,36,tuned_level_slope,0.9787894923745275,0.9484954789456836,0.030294013428843858,3.1939017213363723,0.2415768474151782,120,0.06126047563547563,0.06126047563547563,0.03873952436452437,0.03873952436452437,-0.0007493256853763041,0.003080049947183434,
ademp-v2,10000036,transient_nonpersistent,Transient non-persistence,600,600,37,oracle,0.9737253655555854,0.9737253655555854,0.0,0.0,0.36249840715210596,120,0.09534634347134346,0.09534634347134346,0.004653656528656541,0.004653656528656541,,,
ademp-v2,10000036,transient_nonpersistent,Transient non-persistence,600,600,37,population,1.0217594125631662,0.9737253655555854,0.04803404700758074,4.933017943942912,0.25874038832366714,120,0.06093630906130906,0.06093630906130906,0.03906369093869094,0.03906369093869094,,,
ademp-v2,10000036,transient_nonpersistent,Transient non-persistence,600,600,37,raw_index_q10,1.7964554189031376,0.9737253655555854,0.8227300533475522,84.49302877902552,1.8167834082375904,120,0.1951894401894402,0.1951894401894402,0.0951894401894402,0.0951894401894402,,,
ademp-v2,10000036,transient_nonpersistent,Transient non-persistence,600,600,37,affine_calibrated_q10,1.0038877040791199,0.9737253655555854,0.03016233852353445,3.0976227579656928,0.36743172505288385,120,0.09140170015170017,0.09140170015170017,0.008598299848299837,0.008598299848299837,,,
ademp-v2,10000036,transient_nonpersistent,Transient non-persistence,600,600,37,unpenalized_level,1.7964554189031376,0.9737253655555854,0.8227300533475522,84.49302877902552,1.8167834082375904,120,0.1951894401894402,0.1951894401894402,0.0951894401894402,0.0951894401894402,1.6280774807909002,7.059191148856923,
ademp-v2,10000036,transient_nonpersistent,Transient non-persistence,600,600,37,tuned_level,1.0218074700149735,0.9737253655555854,0.0480821044593881,4.937953365521453,0.25877213947309774,120,0.06093630906130906,0.06093630906130906,0.03906369093869094,0.03906369093869094,-0.0008083333333333332,0.0039238114501459285,
ademp-v2,10000036,transient_nonpersistent,Transient non-persistence,600,600,37,tuned_level_slope,1.021799219037503,0.9737253655555854,0.048073853481917506,4.937106003651006,0.25875922120037237,120,0.06093630906130906,0.06093630906130906,0.03906369093869094,0.03906369093869094,-0.0006056191137264363,0.0029367034404572923,
ademp-v2,10000037,transient_nonpersistent,Transient non-persistence,600,600,38,oracle,0.9370928150922754,0.9370928150922754,0.0,0.0,0.28051463737278,120,0.0920707533207533,0.0920707533207533,0.007929246679246701,0.007929246679246701,,,
ademp-v2,10000037,transient_nonpersistent,Transient non-persistence,600,600,38,population,1.0092513922676098,0.9370928150922754,0.07215857717533447,7.7002593567243425,0.23043660726916976,120,0.045106814481814486,0.045106814481814486,0.05489318551818552,0.05489318551818552,,,
ademp-v2,10000037,transient_nonpersistent,Transient non-persistence,600,600,38,raw_index_q10,1.776929037089943,0.9370928150922754,0.8398362219976677,89.62145568419166,1.7124662685389729,120,0.21742900617900618,0.21742900617900618,0.11742900617900617,0.11742900617900617,,,
ademp-v2,10000037,transient_nonpersistent,Transient non-persistence,600,600,38,affine_calibrated_q10,1.0510286394032113,0.9370928150922754,0.11393582431093596,12.158435373311098,0.3857510318969113,120,0.09169587357087357,0.09169587357087357,0.008304126429126438,0.008304126429126438,,,
ademp-v2,10000037,transient_nonpersistent,Transient non-persistence,600,600,38,unpenalized_level,1.776929037089943,0.9370928150922754,0.8398362219976677,89.62145568419166,1.7124662685389729,120,0.21742900617900618,0.21742900617900618,0.11742900617900617,0.11742900617900617,2.433906330281015,7.035065949422052,
ademp-v2,10000037,transient_nonpersistent,Transient non-persistence,600,600,38,tuned_level,1.0232476724686386,0.9370928150922754,0.08615485737636319,9.193844621237389,0.24524102614848958,120,0.045338295963295965,0.045338295963295965,0.05466170403670404,0.05466170403670404,-0.05045772028203967,0.8193044392182077,
ademp-v2,10000037,transient_nonpersistent,Transient non-persistence,600,600,38,tuned_level_slope,1.0245399435267557,0.9370928150922754,0.08744712843448033,9.33174676255195,0.26498920620510924,120,0.054871309246309244,0.054871309246309244,0.04512869075369076,0.04512869075369076,0.16409382332273673,1.4135875033316132,
ademp-v2,10000038,transient_nonpersistent,Transient non-persistence,600,600,39,oracle,0.9143583743766881,0.9143583743766881,0.0,0.0,0.2919677935692129,120,0.09393321955821957,0.09393321955821957,0.006066780441780439,0.006066780441780439,,,
ademp-v2,10000038,transient_nonpersistent,Transient non-persistence,600,600,39,population,0.9710268569967714,0.9143583743766881,0.05666848262008328,6.197622749254503,0.23696198379981467,120,0.04968908406408406,0.04968908406408406,0.05031091593591595,0.05031091593591595,,,
ademp-v2,10000038,transient_nonpersistent,Transient non-persistence,600,600,39,raw_index_q10,1.7539151457741429,0.9143583743766881,0.8395567713974548,91.81922481650315,1.4219810335043517,120,0.22286334036334038,0.22286334036334038,0.12286334036334037,0.12286334036334037,,,
ademp-v2,10000038,transient_nonpersistent,Transient non-persistence,600,600,39,affine_calibrated_q10,1.0124426193770177,0.9143583743766881,0.09808424500032964,10.72711179215622,0.32188316044800164,120,0.07043969918969918,0.07043969918969918,0.029560300810300824,0.029560300810300824,,,
ademp-v2,10000038,transient_nonpersistent,Transient non-persistence,600,600,39,unpenalized_level,1.7539151457741429,0.9143583743766881,0.8395567713974548,91.81922481650315,1.4219810335043517,120,0.22286334036334038,0.22286334036334038,0.12286334036334037,0.12286334036334037,1.974946782762122,7.377137085388362,
ademp-v2,10000038,transient_nonpersistent,Transient non-persistence,600,600,39,tuned_level,0.9710932929373741,0.9143583743766881,0.05673491856068602,6.204888602826198,0.23692043681781869,120,0.04968908406408406,0.04968908406408406,0.05031091593591595,0.05031091593591595,-0.0006249999999999999,0.003616641064937547,
ademp-v2,10000038,transient_nonpersistent,Transient non-persistence,600,600,39,tuned_level_slope,0.9710785503410774,0.9143583743766881,0.056720175964389274,6.203276259492349,0.23692626514856874,120,0.04968908406408406,0.04968908406408406,0.05031091593591595,0.05031091593591595,-0.0005286296731456723,0.0027917508798318527,
ademp-v2,10000039,transient_nonpersistent,Transient non-persistence,600,600,40,oracle,1.0337989217914185,1.0337989217914185,0.0,0.0,0.36781307196391433,120,0.12645789395789395,0.12645789395789395,0.02645789395789394,0.02645789395789394,,,
ademp-v2,10000039,transient_nonpersistent,Transient non-persistence,600,600,40,population,1.0164796587535136,1.0337989217914185,-0.017319263037904875,-1.6753028730087267,0.30337529898189547,120,0.09007557257557258,0.09007557257557258,0.009924427424427423,0.009924427424427423,,,
ademp-v2,10000039,transient_nonpersistent,Transient non-persistence,600,600,40,raw_index_q10,2.012406736272801,1.0337989217914185,0.9786078144813823,94.66133054052735,1.9512214801565329,120,0.25146793021793024,0.25146793021793024,0.15146793021793023,0.15146793021793023,,,
ademp-v2,10000039,transient_nonpersistent,Transient non-persistence,600,600,40,affine_calibrated_q10,1.1030595643524852,1.0337989217914185,0.06926064256106668,6.699624182335997,0.38158752838876775,120,0.11534608909608908,0.11534608909608908,0.015346089096089074,0.015346089096089074,,,
ademp-v2,10000039,transient_nonpersistent,Transient non-persistence,600,600,40,unpenalized_level,2.012406736272801,1.0337989217914185,0.9786078144813823,94.66133054052735,1.9512214801565329,120,0.25146793021793024,0.25146793021793024,0.15146793021793023,0.15146793021793023,2.3666305215384615,7.120181819972147,
ademp-v2,10000039,transient_nonpersistent,Transient non-persistence,600,600,40,tuned_level,1.0165492067633743,1.0337989217914185,-0.017249715028044177,-1.668575451612293,0.30334241750301977,120,0.09007557257557258,0.09007557257557258,0.009924427424427423,0.009924427424427423,-0.0010138888888888886,0.004675339163771576,
ademp-v2,10000039,transient_nonpersistent,Transient non-persistence,600,600,40,tuned_level_slope,1.0165386206015576,1.0337989217914185,-0.017260301189860883,-1.669599457499082,0.303342597076239,120,0.09007557257557258,0.09007557257557258,0.009924427424427423,0.009924427424427423,-0.0007793964827399886,0.0035416088557229785,
ademp-v2,10000040,transient_nonpersistent,Transient non-persistence,600,600,41,oracle,0.9937463285263831,0.9937463285263831,0.0,0.0,0.39053817969432914,120,0.09899258149258149,0.09899258149258149,0.00100741850741852,0.00100741850741852,,,
ademp-v2,10000040,transient_nonpersistent,Transient non-persistence,600,600,41,population,1.0324670229150386,0.9937463285263831,0.03872069438865544,3.8964364724822667,0.31684501793356257,120,0.062280566655566645,0.062280566655566645,0.03771943334443336,0.03771943334443336,,,
ademp-v2,10000040,transient_nonpersistent,Transient non-persistence,600,600,41,raw_index_q10,1.9220269967377486,0.9937463285263831,0.9282806682113655,93.4122362583119,1.6795229963952414,120,0.24811218873718874,0.24811218873718874,0.14811218873718873,0.14811218873718873,,,
ademp-v2,10000040,transient_nonpersistent,Transient non-persistence,600,600,41,affine_calibrated_q10,1.0586944654187234,0.9937463285263831,0.06494813689234025,6.535685720585375,0.42753860679821876,120,0.09586887649387649,0.09586887649387649,0.0041311235061235185,0.0041311235061235185,,,
ademp-v2,10000040,transient_nonpersistent,Transient non-persistence,600,600,41,unpenalized_level,1.9220269967377486,0.9937463285263831,0.9282806682113655,93.4122362583119,1.6795229963952414,120,0.24811218873718874,0.24811218873718874,0.14811218873718873,0.14811218873718873,2.1903893524316698,7.215781835191464,
ademp-v2,10000040,transient_nonpersistent,Transient non-persistence,600,600,41,tuned_level,1.0325010188882011,0.9937463285263831,0.038754690361818,3.899857463552792,0.316869437605922,120,0.062280566655566645,0.062280566655566645,0.03771943334443336,0.03771943334443336,-0.0008541666666666665,0.0038610411664328167,
ademp-v2,10000040,transient_nonpersistent,Transient non-persistence,600,600,41,tuned_level_slope,1.0324952136701848,0.9937463285263831,0.0387488851438017,3.8992732885123766,0.31686239982831255,120,0.062280566655566645,0.062280566655566645,0.03771943334443336,0.03771943334443336,-0.000657908698267811,0.0030232566689157208,
ademp-v2,10000041,transient_nonpersistent,Transient non-persistence,600,600,42,oracle,0.9622165683940181,0.9622165683940181,0.0,0.0,0.3397930611040634,120,0.10273099585599585,0.10273099585599585,0.0027309958559958436,0.0027309958559958436,,,
ademp-v2,10000041,transient_nonpersistent,Transient non-persistence,600,600,42,population,1.0012225708577716,0.9622165683940181,0.03900600246375341,4.053765414667111,0.2672806458803661,120,0.057039511414511405,0.057039511414511405,0.0429604885854886,0.0429604885854886,,,
ademp-v2,10000041,transient_nonpersistent,Transient non-persistence,600,600,42,raw_index_q10,1.792508958683651,0.9622165683940181,0.8302923902896328,86.28955451010653,1.766054384345821,120,0.2300124643874644,0.2300124643874644,0.1300124643874644,0.1300124643874644,,,
ademp-v2,10000041,transient_nonpersistent,Transient non-persistence,600,600,42,affine_calibrated_q10,1.0482878089255585,0.9622165683940181,0.08607124053154036,8.945100651841514,0.48788975879054003,120,0.10613687238687237,0.10613687238687237,0.006136872386872369,0.006136872386872369,,,
ademp-v2,10000041,transient_nonpersistent,Transient non-persistence,600,600,42,unpenalized_level,1.792508958683651,0.9622165683940181,0.8302923902896328,86.28955451010653,1.766054384345821,120,0.2300124643874644,0.2300124643874644,0.1300124643874644,0.1300124643874644,1.4856232213091343,7.016837129243852,
ademp-v2,10000041,transient_nonpersistent,Transient non-persistence,600,600,42,tuned_level,1.0011999480170624,0.9622165683940181,0.03898337962304421,4.0514142973145,0.2686401155241858,120,0.058081178081178075,0.058081178081178075,0.04191882191882193,0.04191882191882193,-0.022874999999999993,0.11463801725431227,
ademp-v2,10000041,transient_nonpersistent,Transient non-persistence,600,600,42,tuned_level_slope,1.00219460936686,0.9622165683940181,0.039978040972841744,4.154786176626209,0.2704032095368867,120,0.056460807710807706,0.056460807710807706,0.0435391922891923,0.0435391922891923,-0.043598130813005655,0.25610490370183214,
ademp-v2,10000042,transient_nonpersistent,Transient non-persistence,600,600,43,oracle,0.9151741931239082,0.9151741931239082,0.0,0.0,0.2610297485392641,120,0.09025610963110962,0.09025610963110962,0.009743890368890382,0.009743890368890382,,,
ademp-v2,10000042,transient_nonpersistent,Transient non-persistence,600,600,43,population,0.9816658719175143,0.9151741931239082,0.06649167879360607,7.265466978110424,0.20707854938845643,120,0.04223609723609723,0.04223609723609723,0.05776390276390277,0.05776390276390277,,,
ademp-v2,10000042,transient_nonpersistent,Transient non-persistence,600,600,43,raw_index_q10,1.6586395327560364,0.9151741931239082,0.7434653396321281,81.23757697912576,1.267405458178164,120,0.20672621360121363,0.20672621360121363,0.10672621360121362,0.10672621360121362,,,
ademp-v2,10000042,transient_nonpersistent,Transient non-persistence,600,600,43,affine_calibrated_q10,0.9868459223362055,0.9151741931239082,0.07167172921229725,7.83148495125817,0.29390581082317496,120,0.0885648841898842,0.0885648841898842,0.011435115810115803,0.011435115810115803,,,
ademp-v2,10000042,transient_nonpersistent,Transient non-persistence,600,600,43,unpenalized_level,1.6586395327560364,0.9151741931239082,0.7434653396321281,81.23757697912576,1.267405458178164,120,0.20672621360121363,0.20672621360121363,0.10672621360121362,0.10672621360121362,1.6246392748385037,7.136536516641071,
ademp-v2,10000042,transient_nonpersistent,Transient non-persistence,600,600,43,tuned_level,0.9817454771540988,0.9151741931239082,0.06657128403019053,7.274165348014488,0.20704892493913343,120,0.04223609723609723,0.04223609723609723,0.05776390276390277,0.05776390276390277,-0.0009374999999999999,0.004408089155178239,
ademp-v2,10000042,transient_nonpersistent,Transient non-persistence,600,600,43,tuned_level_slope,0.9817237991271514,0.9151741931239082,0.06654960600324311,7.27179661568896,0.2070625482785356,120,0.04223609723609723,0.04223609723609723,0.05776390276390277,0.05776390276390277,-0.0007495887283958756,0.003425976844087584,
ademp-v2,10000043,transient_nonpersistent,Transient non-persistence,600,600,44,oracle,0.9998068946100749,0.9998068946100749,0.0,0.0,0.38119419293448437,120,0.12173449235949235,0.12173449235949235,0.021734492359492347,0.021734492359492347,,,
ademp-v2,10000043,transient_nonpersistent,Transient non-persistence,600,600,44,population,1.0286001110747613,0.9998068946100749,0.028793216464686466,2.879877766387662,0.31812316687804504,120,0.08003223628223628,0.08003223628223628,0.019967763717763723,0.019967763717763723,,,
ademp-v2,10000043,transient_nonpersistent,Transient non-persistence,600,600,44,raw_index_q10,1.6990324557971035,0.9998068946100749,0.6992255611870286,69.93606114906088,1.3457566956625135,120,0.2103496040996041,0.2103496040996041,0.11034960409960409,0.11034960409960409,,,
ademp-v2,10000043,transient_nonpersistent,Transient non-persistence,600,600,44,affine_calibrated_q10,1.0787736435174424,0.9998068946100749,0.07896674890736755,7.898200075742087,0.44910031087467195,120,0.12033110408110408,0.12033110408110408,0.02033110408110407,0.02033110408110407,,,
ademp-v2,10000043,transient_nonpersistent,Transient non-persistence,600,600,44,unpenalized_level,1.6990324557971035,0.9998068946100749,0.6992255611870286,69.93606114906088,1.3457566956625135,120,0.2103496040996041,0.2103496040996041,0.11034960409960409,0.11034960409960409,1.0168609341546715,7.022756771521237,
ademp-v2,10000043,transient_nonpersistent,Transient non-persistence,600,600,44,tuned_level,1.0309419154303954,0.9998068946100749,0.03113502082032049,3.114103432189589,0.3170980439252061,120,0.07890429015429017,0.07890429015429017,0.02109570984570984,0.02109570984570984,-0.10281229566850451,0.40681049374526923,
ademp-v2,10000043,transient_nonpersistent,Transient non-persistence,600,600,44,tuned_level_slope,1.0389789389272062,0.9998068946100749,0.03917204431713128,3.9179610111018883,0.32050519755733586,120,0.07995176120176122,0.07995176120176122,0.02004823879823879,0.02004823879823879,-0.15092359265738928,0.7319033176762422,
ademp-v2,10000044,transient_nonpersistent,Transient non-persistence,600,600,45,oracle,0.9822680206327078,0.9822680206327078,0.0,0.0,0.32390563292095825,120,0.10718323343323344,0.10718323343323344,0.0071832334332334324,0.0071832334332334324,,,
ademp-v2,10000044,transient_nonpersistent,Transient non-persistence,600,600,45,population,1.034467728780654,0.9822680206327078,0.05219970814794628,5.314202137449503,0.27848457049805425,120,0.05078509453509453,0.05078509453509453,0.04921490546490548,0.04921490546490548,,,
ademp-v2,10000044,transient_nonpersistent,Transient non-persistence,600,600,45,raw_index_q10,1.7990928198117586,0.9822680206327078,0.8168247991790508,83.15701845336571,1.4084241297305609,120,0.19966214341214342,0.19966214341214342,0.09966214341214341,0.09966214341214341,,,
ademp-v2,10000044,transient_nonpersistent,Transient non-persistence,600,600,45,affine_calibrated_q10,1.0509356927025666,0.9822680206327078,0.0686676720698588,6.990726627303608,0.42454263529189407,120,0.11274644337144336,0.11274644337144336,0.012746443371443358,0.012746443371443358,,,
ademp-v2,10000044,transient_nonpersistent,Transient non-persistence,600,600,45,unpenalized_level,1.7990928198117586,0.9822680206327078,0.8168247991790508,83.15701845336571,1.4084241297305609,120,0.19966214341214342,0.19966214341214342,0.09966214341214341,0.09966214341214341,1.7896476389280385,7.579865649451872,
ademp-v2,10000044,transient_nonpersistent,Transient non-persistence,600,600,45,tuned_level,1.0547605970888385,0.9822680206327078,0.07249257645613072,7.3801218133352355,0.2834808980599661,120,0.04612900987900988,0.04612900987900988,0.05387099012099013,0.05387099012099013,-0.1394395035802814,1.0825323261483335,
ademp-v2,10000044,transient_nonpersistent,Transient non-persistence,600,600,45,tuned_level_slope,1.0619930880749464,0.9822680206327078,0.07972506744223862,8.116427061412969,0.3162587436767656,120,0.05546370296370296,0.05546370296370296,0.044536297036297044,0.044536297036297044,0.011533816116899824,1.6597824111484007,
ademp-v2,10000045,transient_nonpersistent,Transient non-persistence,600,600,46,oracle,0.9781268680851731,0.9781268680851731,0.0,0.0,0.31808059811791967,120,0.10549092111592111,0.10549092111592111,0.005490921115921102,0.005490921115921102,,,
ademp-v2,10000045,transient_nonpersistent,Transient non-persistence,600,600,46,population,1.0459402008212855,0.9781268680851731,0.06781333273611234,6.932979243159621,0.24445979527297976,120,0.04285767473267474,0.04285767473267474,0.05714232526732527,0.05714232526732527,,,
ademp-v2,10000045,transient_nonpersistent,Transient non-persistence,600,600,46,raw_index_q10,1.9493097475365897,0.9781268680851731,0.9711828794514166,99.29007280544799,2.0141530958351406,120,0.20805185555185554,0.20805185555185554,0.10805185555185554,0.10805185555185554,,,
ademp-v2,10000045,transient_nonpersistent,Transient non-persistence,600,600,46,affine_calibrated_q10,1.0644750038746253,0.9781268680851731,0.08634813578945222,8.82790756566082,0.3951298841168141,120,0.10530009342509343,0.10530009342509343,0.0053000934250934245,0.0053000934250934245,,,
ademp-v2,10000045,transient_nonpersistent,Transient non-persistence,600,600,46,unpenalized_level,1.9493097475365897,0.9781268680851731,0.9711828794514166,99.29007280544799,2.0141530958351406,120,0.20805185555185554,0.20805185555185554,0.10805185555185554,0.10805185555185554,1.9241217714545749,8.032998088673954,
ademp-v2,10000045,transient_nonpersistent,Transient non-persistence,600,600,46,tuned_level,1.0460015639604612,0.9781268680851731,0.06787469587528805,6.939252778953176,0.24446079109306518,120,0.04285767473267474,0.04285767473267474,0.05714232526732527,0.05714232526732527,-0.0009486111111111111,0.004493488086685574,
ademp-v2,10000045,transient_nonpersistent,Transient non-persistence,600,600,46,tuned_level_slope,1.0459888441092275,0.9781268680851731,0.06786197602405442,6.937952349361815,0.24445990338607929,120,0.04285767473267474,0.04285767473267474,0.05714232526732527,0.05714232526732527,-0.0007238672610621305,0.00341657315736676,
ademp-v2,10000046,transient_nonpersistent,Transient non-persistence,600,600,47,oracle,0.958039067689715,0.958039067689715,0.0,0.0,0.4185536242944009,120,0.10394505957005956,0.10394505957005956,0.003945059570059556,0.003945059570059556,,,
ademp-v2,10000046,transient_nonpersistent,Transient non-persistence,600,600,47,population,0.9901551587697025,0.958039067689715,0.032116091079987474,3.35227363508615,0.3348195765681293,120,0.05196033133533133,0.05196033133533133,0.048039668664668675,0.048039668664668675,,,
ademp-v2,10000046,transient_nonpersistent,Transient non-persistence,600,600,47,raw_index_q10,1.7981669741208184,0.958039067689715,0.8401279064311034,87.69244749664007,1.6633178149406675,120,0.21194835257335257,0.21194835257335257,0.11194835257335256,0.11194835257335256,,,
ademp-v2,10000046,transient_nonpersistent,Transient non-persistence,600,600,47,affine_calibrated_q10,1.000982313607855,0.958039067689715,0.04294324591814003,4.482410724825292,0.3816055225750049,120,0.08817791005291005,0.08817791005291005,0.011822089947089956,0.011822089947089956,,,
ademp-v2,10000046,transient_nonpersistent,Transient non-persistence,600,600,47,unpenalized_level,1.7981669741208184,0.958039067689715,0.8401279064311034,87.69244749664007,1.6633178149406675,120,0.21194835257335257,0.21194835257335257,0.11194835257335256,0.11194835257335256,1.780555213666991,7.090974713971009,
ademp-v2,10000046,transient_nonpersistent,Transient non-persistence,600,600,47,tuned_level,0.990158228855481,0.958039067689715,0.032119161165765964,3.352594090261939,0.3347299686134786,120,0.05196033133533133,0.05196033133533133,0.048039668664668675,0.048039668664668675,-0.0007444444444444444,0.003842802314669547,
ademp-v2,10000046,transient_nonpersistent,Transient non-persistence,600,600,47,tuned_level_slope,0.9901566986727555,0.958039067689715,0.032117630983040435,3.352434369977335,0.3347416266992478,120,0.05196033133533133,0.05196033133533133,0.048039668664668675,0.048039668664668675,-0.0005250636099679882,0.002839748226532651,
ademp-v2,10000047,transient_nonpersistent,Transient non-persistence,600,600,48,oracle,0.9266486356468658,0.9266486356468658,0.0,0.0,0.31316862693275194,120,0.09793810356310355,0.09793810356310355,0.002061896436896457,0.002061896436896457,,,
ademp-v2,10000047,transient_nonpersistent,Transient non-persistence,600,600,48,population,0.9644445530079824,0.9266486356468658,0.03779591736111654,4.078775482654473,0.24251356051697562,120,0.053867498242498243,0.053867498242498243,0.04613250175750176,0.04613250175750176,,,
ademp-v2,10000047,transient_nonpersistent,Transient non-persistence,600,600,48,raw_index_q10,1.9222533796066144,0.9266486356468658,0.9956047439597485,107.44145144774821,1.6840370358342052,120,0.2721065277315277,0.2721065277315277,0.1721065277315277,0.1721065277315277,,,
ademp-v2,10000047,transient_nonpersistent,Transient non-persistence,600,600,48,affine_calibrated_q10,0.9964562592484831,0.9266486356468658,0.0698076236016173,7.533343374847433,0.3403816920953064,120,0.09415281477781479,0.09415281477781479,0.005847185222185219,0.005847185222185219,,,
ademp-v2,10000047,transient_nonpersistent,Transient non-persistence,600,600,48,unpenalized_level,1.9222533796066144,0.9266486356468658,0.9956047439597485,107.44145144774821,1.6840370358342052,120,0.2721065277315277,0.2721065277315277,0.1721065277315277,0.1721065277315277,2.3022559055663057,7.547513433121832,
ademp-v2,10000047,transient_nonpersistent,Transient non-persistence,600,600,48,tuned_level,0.9825792267535678,0.9266486356468658,0.055930591106701955,6.035792743347479,0.2693555053537021,120,0.05431774244274244,0.05431774244274244,0.04568225755725756,0.04568225755725756,-0.10624941440219703,0.9545667655171842,
ademp-v2,10000047,transient_nonpersistent,Transient non-persistence,600,600,48,tuned_level_slope,0.9875489120080264,0.9266486356468658,0.06090027636116058,6.572100148687739,0.29967928228211826,120,0.07253059440559441,0.07253059440559441,0.027469405594405596,0.027469405594405596,0.12681454374708537,1.4450496087517883,
ademp-v2,10000048,transient_nonpersistent,Transient non-persistence,600,600,49,oracle,0.9737376075268688,0.9737376075268688,0.0,0.0,0.30351275111920273,120,0.10693762256262257,0.10693762256262257,0.006937622562622564,0.006937622562622564,,,
ademp-v2,10000048,transient_nonpersistent,Transient non-persistence,600,600,49,population,0.9968799972320003,0.9737376075268688,0.023142389705131494,2.376655633534511,0.25787377515737697,120,0.0651232794982795,0.0651232794982795,0.03487672050172051,0.03487672050172051,,,
ademp-v2,10000048,transient_nonpersistent,Transient non-persistence,600,600,49,raw_index_q10,2.0391402900680466,0.9737376075268688,1.065402682541178,109.41373469667288,1.9539958826259543,120,0.24600859788359788,0.24600859788359788,0.14600859788359788,0.14600859788359788,,,
ademp-v2,10000048,transient_nonpersistent,Transient non-persistence,600,600,49,affine_calibrated_q10,1.071742089593114,0.9737376075268688,0.09800448206624524,10.064773231380093,0.3799795313817531,120,0.11805826118326118,0.11805826118326118,0.018058261183261176,0.018058261183261176,,,
ademp-v2,10000048,transient_nonpersistent,Transient non-persistence,600,600,49,unpenalized_level,2.0391402900680466,0.9737376075268688,1.065402682541178,109.41373469667288,1.9539958826259543,120,0.24600859788359788,0.24600859788359788,0.14600859788359788,0.14600859788359788,1.4348072756680499,8.016672284969903,
ademp-v2,10000048,transient_nonpersistent,Transient non-persistence,600,600,49,tuned_level,0.9969385076914482,0.9737376075268688,0.02320090016457943,2.382664486329726,0.25791085114049966,120,0.0651232794982795,0.0651232794982795,0.03487672050172051,0.03487672050172051,-0.0013319444444444444,0.004781402049143698,
ademp-v2,10000048,transient_nonpersistent,Transient non-persistence,600,600,49,tuned_level_slope,0.9969142845763943,0.9737376075268688,0.02317667704952553,2.3801768433685564,0.2578899946188481,120,0.0651232794982795,0.0651232794982795,0.03487672050172051,0.03487672050172051,-0.0009696215688544702,0.0035247304313708394,
ademp-v2,10000049,transient_nonpersistent,Transient non-persistence,600,600,50,oracle,1.0141354239154983,1.0141354239154983,0.0,0.0,0.33443462349155884,120,0.0995281339031339,0.0995281339031339,0.0004718660968660998,0.0004718660968660998,,,
ademp-v2,10000049,transient_nonpersistent,Transient non-persistence,600,600,50,population,1.044061809701172,1.0141354239154983,0.029926385785673748,2.95092598877281,0.27151918250087803,120,0.07004946442446443,0.07004946442446443,0.029950535575535578,0.029950535575535578,,,
ademp-v2,10000049,transient_nonpersistent,Transient non-persistence,600,600,50,raw_index_q10,1.8252525180393233,1.0141354239154983,0.811117094123825,79.98114206406132,1.632864611117589,120,0.2224817081067081,0.2224817081067081,0.12248170810670808,0.12248170810670808,,,
ademp-v2,10000049,transient_nonpersistent,Transient non-persistence,600,600,50,affine_calibrated_q10,1.0779534712529206,1.0141354239154983,0.06381804733742236,6.292852594678709,0.40331454657712845,120,0.11709665334665334,0.11709665334665334,0.017096653346653334,0.017096653346653334,,,
ademp-v2,10000049,transient_nonpersistent,Transient non-persistence,600,600,50,unpenalized_level,1.8252525180393233,1.0141354239154983,0.811117094123825,79.98114206406132,1.632864611117589,120,0.2224817081067081,0.2224817081067081,0.12248170810670808,0.12248170810670808,1.637218304471595,7.135761275792819,
ademp-v2,10000049,transient_nonpersistent,Transient non-persistence,600,600,50,tuned_level,1.0441001513980555,1.0141354239154983,0.029964727482557185,2.9547067162751985,0.27147231840472746,120,0.07004946442446443,0.07004946442446443,0.029950535575535578,0.029950535575535578,-0.0009249999999999999,0.004020894501549697,
ademp-v2,10000049,transient_nonpersistent,Transient non-persistence,600,600,50,tuned_level_slope,1.0440970178672306,1.0141354239154983,0.029961593951732368,2.9543977308329272,0.2714894508443047,120,0.07004946442446443,0.07004946442446443,0.029950535575535578,0.029950535575535578,-0.0006832589637189881,0.0030051628379096132,
ademp-v2,10000050,transient_nonpersistent,Transient non-persistence,600,600,51,oracle,0.9460873915597077,0.9460873915597077,0.0,0.0,0.2978691403268133,120,0.0913083213083213,0.0913083213083213,0.008691678691678709,0.008691678691678709,,,
ademp-v2,10000050,transient_nonpersistent,Transient non-persistence,600,600,51,population,0.9923802618590244,0.9460873915597077,0.046292870299316724,4.893086062905763,0.242949653868315,120,0.05594458781958781,0.05594458781958781,0.044055412180412194,0.044055412180412194,,,
ademp-v2,10000050,transient_nonpersistent,Transient non-persistence,600,600,51,raw_index_q10,1.6563092850494427,0.9460873915597077,0.7102218934897351,75.06937517884815,1.125857727518792,120,0.24742549117549117,0.24742549117549117,0.14742549117549117,0.14742549117549117,,,
ademp-v2,10000050,transient_nonpersistent,Transient non-persistence,600,600,51,affine_calibrated_q10,1.0094332304242246,0.9460873915597077,0.06334583886451695,6.695558933523657,0.3546476746251055,120,0.09812224812224812,0.09812224812224812,0.001877751877751882,0.001877751877751882,,,
ademp-v2,10000050,transient_nonpersistent,Transient non-persistence,600,600,51,unpenalized_level,1.6563092850494427,0.9460873915597077,0.7102218934897351,75.06937517884815,1.125857727518792,120,0.24742549117549117,0.24742549117549117,0.14742549117549117,0.14742549117549117,2.3960377839523814,6.5964790437485785,
ademp-v2,10000050,transient_nonpersistent,Transient non-persistence,600,600,51,tuned_level,0.9924148167070435,0.9460873915597077,0.04632742514733579,4.896738457845949,0.24293371759837223,120,0.05594458781958781,0.05594458781958781,0.044055412180412194,0.044055412180412194,-0.000550771964879062,0.0037342768882490645,
ademp-v2,10000050,transient_nonpersistent,Transient non-persistence,600,600,51,tuned_level_slope,0.9924073029270218,0.9460873915597077,0.04631991136731417,4.895944262712533,0.24293431653826586,120,0.05594458781958781,0.05594458781958781,0.044055412180412194,0.044055412180412194,-0.00039783331627817417,0.0028495407750652652,
ademp-v2,10000051,transient_nonpersistent,Transient non-persistence,600,600,52,oracle,1.0030548498598995,1.0030548498598995,0.0,0.0,0.3637637100638178,120,0.11081568894068893,0.11081568894068893,0.01081568894068892,0.01081568894068892,,,
ademp-v2,10000051,transient_nonpersistent,Transient non-persistence,600,600,52,population,1.0311416188538578,1.0030548498598995,0.028086768993958344,2.8001229442120072,0.3175431080971726,120,0.07003977503977504,0.07003977503977504,0.029960224960224963,0.029960224960224963,,,
ademp-v2,10000051,transient_nonpersistent,Transient non-persistence,600,600,52,raw_index_q10,2.0618450317658787,1.0030548498598995,1.0587901819059793,105.55655875188327,1.6342758956758339,120,0.2951150701150701,0.2951150701150701,0.1951150701150701,0.1951150701150701,,,
ademp-v2,10000051,transient_nonpersistent,Transient non-persistence,600,600,52,affine_calibrated_q10,1.0485657795896943,1.0030548498598995,0.04551092972979487,4.537232409189942,0.3866097487739154,120,0.09897241647241647,0.09897241647241647,0.001027583527583531,0.001027583527583531,,,
ademp-v2,10000051,transient_nonpersistent,Transient non-persistence,600,600,52,unpenalized_level,2.0618450317658787,1.0030548498598995,1.0587901819059793,105.55655875188327,1.6342758956758339,120,0.2951150701150701,0.2951150701150701,0.1951150701150701,0.1951150701150701,3.178237264344071,8.016844019623987,
ademp-v2,10000051,transient_nonpersistent,Transient non-persistence,600,600,52,tuned_level,1.0311380788644489,1.0030548498598995,0.028083229004549404,2.799770023391233,0.31745661068738246,120,0.06928219928219928,0.06928219928219928,0.030717800717800725,0.030717800717800725,-0.0007194444444444443,0.004235815108055311,
ademp-v2,10000051,transient_nonpersistent,Transient non-persistence,600,600,52,tuned_level_slope,1.0311331921590727,1.0030548498598995,0.028078342299173276,2.7992828411223063,0.3174890144447912,120,0.06928219928219928,0.06928219928219928,0.030717800717800725,0.030717800717800725,-0.0005191045160575959,0.003137539872240427,
ademp-v2,10000052,transient_nonpersistent,Transient non-persistence,600,600,53,oracle,0.9548369090535137,0.9548369090535137,0.0,0.0,0.3098815343015013,120,0.09257258944758945,0.09257258944758945,0.007427410552410557,0.007427410552410557,,,
ademp-v2,10000052,transient_nonpersistent,Transient non-persistence,600,600,53,population,1.0283983428018497,0.9548369090535137,0.07356143374833601,7.704083603267296,0.24804060452551052,120,0.04379606504606504,0.04379606504606504,0.05620393495393496,0.05620393495393496,,,
ademp-v2,10000052,transient_nonpersistent,Transient non-persistence,600,600,53,raw_index_q10,1.8985449313634315,0.9548369090535137,0.9437080223099178,98.83447250121202,1.5634065692654868,120,0.24203842453842453,0.24203842453842453,0.14203842453842452,0.14203842453842452,,,
ademp-v2,10000052,transient_nonpersistent,Transient non-persistence,600,600,53,affine_calibrated_q10,1.051773321348859,0.9548369090535137,0.09693641229534522,10.152143405456945,0.39610516566173637,120,0.08282347282347281,0.08282347282347281,0.017176527176527193,0.017176527176527193,,,
ademp-v2,10000052,transient_nonpersistent,Transient non-persistence,600,600,53,unpenalized_level,1.8985449313634315,0.9548369090535137,0.9437080223099178,98.83447250121202,1.5634065692654868,120,0.24203842453842453,0.24203842453842453,0.14203842453842452,0.14203842453842452,2.434607947829202,7.5402673421597255,
ademp-v2,10000052,transient_nonpersistent,Transient non-persistence,600,600,53,tuned_level,1.0284436479480923,0.9548369090535137,0.07360673889457858,7.708828407936345,0.24806530626824325,120,0.04379606504606504,0.04379606504606504,0.05620393495393496,0.05620393495393496,-0.0005527777777777776,0.003985506148440779,
ademp-v2,10000052,transient_nonpersistent,Transient non-persistence,600,600,53,tuned_level_slope,1.0284359172157531,0.9548369090535137,0.07359900816223941,7.708018768901042,0.2480668831547765,120,0.04379606504606504,0.04379606504606504,0.05620393495393496,0.05620393495393496,-0.0004460311158263543,0.0031308007498225816,
ademp-v2,10000053,transient_nonpersistent,Transient non-persistence,600,600,54,oracle,0.9436219528617368,0.9436219528617368,0.0,0.0,0.2698621532682729,120,0.09753612128612128,0.09753612128612128,0.0024638787138787227,0.0024638787138787227,,,
ademp-v2,10000053,transient_nonpersistent,Transient non-persistence,600,600,54,population,0.9998246860389609,0.9436219528617368,0.05620273317722413,5.9560646090075835,0.22513921819806604,120,0.04535355847855848,0.04535355847855848,0.054646441521441526,0.054646441521441526,,,
ademp-v2,10000053,transient_nonpersistent,Transient non-persistence,600,600,54,raw_index_q10,1.783269159798157,0.9436219528617368,0.8396472069364201,88.98131337343405,1.8725644357418996,120,0.18091732341732342,0.18091732341732342,0.08091732341732341,0.08091732341732341,,,
ademp-v2,10000053,transient_nonpersistent,Transient non-persistence,600,600,54,affine_calibrated_q10,1.0139397672020116,0.9436219528617368,0.07031781434027484,7.45190530243822,0.3198210804982482,120,0.10546980796980797,0.10546980796980797,0.005469807969807963,0.005469807969807963,,,
ademp-v2,10000053,transient_nonpersistent,Transient non-persistence,600,600,54,unpenalized_level,1.783269159798157,0.9436219528617368,0.8396472069364201,88.98131337343405,1.8725644357418996,120,0.18091732341732342,0.18091732341732342,0.08091732341732341,0.08091732341732341,1.57304005690627,6.9405152638986864,
ademp-v2,10000053,transient_nonpersistent,Transient non-persistence,600,600,54,tuned_level,0.9998763202342412,0.9436219528617368,0.056254367372504444,5.961536524441908,0.22509230592224228,120,0.04535355847855848,0.04535355847855848,0.054646441521441526,0.054646441521441526,-0.0008194444444444444,0.0037449348508401367,
ademp-v2,10000053,transient_nonpersistent,Transient non-persistence,600,600,54,tuned_level_slope,0.9998604638084891,0.9436219528617368,0.05623851094675236,5.959856145376543,0.22510408039982274,120,0.04535355847855848,0.04535355847855848,0.054646441521441526,0.054646441521441526,-0.0006194243844203156,0.002848553897354143,
ademp-v2,10000054,transient_nonpersistent,Transient non-persistence,600,600,55,oracle,0.9954763263335196,0.9954763263335196,0.0,0.0,0.3394426335055786,120,0.10958055833055831,0.10958055833055831,0.009580558330558306,0.009580558330558306,,,
ademp-v2,10000054,transient_nonpersistent,Transient non-persistence,600,600,55,population,1.0338920786244445,0.9954763263335196,0.038415752290924976,3.8590322315765797,0.27148461759406,120,0.05344507344507344,0.05344507344507344,0.046554926554926566,0.046554926554926566,,,
ademp-v2,10000054,transient_nonpersistent,Transient non-persistence,600,600,55,raw_index_q10,1.891871936687218,0.9954763263335196,0.8963956103536985,90.04690384303268,1.759263042970352,120,0.2480765993265993,0.2480765993265993,0.1480765993265993,0.1480765993265993,,,
ademp-v2,10000054,transient_nonpersistent,Transient non-persistence,600,600,55,affine_calibrated_q10,1.068408442766717,0.9954763263335196,0.07293211643319752,7.326353676517537,0.44208126732837505,120,0.09344581344581344,0.09344581344581344,0.006554186554186561,0.006554186554186561,,,
ademp-v2,10000054,transient_nonpersistent,Transient non-persistence,600,600,55,unpenalized_level,1.891871936687218,0.9954763263335196,0.8963956103536985,90.04690384303268,1.759263042970352,120,0.2480765993265993,0.2480765993265993,0.1480765993265993,0.1480765993265993,2.6390948093739723,7.104320574942983,
ademp-v2,10000054,transient_nonpersistent,Transient non-persistence,600,600,55,tuned_level,1.033904189468847,0.9954763263335196,0.03842786313532742,3.8602488194634113,0.2714847982888946,120,0.05344507344507344,0.05344507344507344,0.046554926554926566,0.046554926554926566,-1.3888888888888718e-05,0.002900909818966763,
ademp-v2,10000054,transient_nonpersistent,Transient non-persistence,600,600,55,tuned_level_slope,1.0338991844676406,0.9954763263335196,0.03842285813412105,3.85974604495497,0.2714791128520079,120,0.05344507344507344,0.05344507344507344,0.046554926554926566,0.046554926554926566,-4.3998851510380416e-05,0.002253440608955538,
ademp-v2,10000055,transient_nonpersistent,Transient non-persistence,600,600,56,oracle,0.9830978858058936,0.9830978858058936,0.0,0.0,0.3556758204748946,120,0.10841015466015466,0.10841015466015466,0.008410154660154656,0.008410154660154656,,,
ademp-v2,10000055,transient_nonpersistent,Transient non-persistence,600,600,56,population,0.9868188318826702,0.9830978858058936,0.0037209460767765323,0.37849192135392395,0.3079745313990105,120,0.07694197006697007,0.07694197006697007,0.02305802993302994,0.02305802993302994,,,
ademp-v2,10000055,transient_nonpersistent,Transient non-persistence,600,600,56,raw_index_q10,1.8371654928664098,0.9830978858058936,0.8540676070605162,86.8751341439815,1.4195387050236705,120,0.23252479002479004,0.23252479002479004,0.13252479002479003,0.13252479002479003,,,
ademp-v2,10000055,transient_nonpersistent,Transient non-persistence,600,600,56,affine_calibrated_q10,1.054565732978954,0.9830978858058936,0.07146784717306032,7.269657295059139,0.38169212366958205,120,0.10668921356421356,0.10668921356421356,0.00668921356421355,0.00668921356421355,,,
ademp-v2,10000055,transient_nonpersistent,Transient non-persistence,600,600,56,unpenalized_level,1.8371654928664098,0.9830978858058936,0.8540676070605162,86.8751341439815,1.4195387050236705,120,0.23252479002479004,0.23252479002479004,0.13252479002479003,0.13252479002479003,1.3213364855127065,6.883485656280389,
ademp-v2,10000055,transient_nonpersistent,Transient non-persistence,600,600,56,tuned_level,0.9868402309812568,0.9830978858058936,0.003742345175363204,0.3806686220564313,0.30793489401700014,120,0.07694197006697007,0.07694197006697007,0.02305802993302994,0.02305802993302994,-0.0008666666666666665,0.003574925536650042,
ademp-v2,10000055,transient_nonpersistent,Transient non-persistence,600,600,56,tuned_level_slope,0.9868322672103065,0.9830978858058936,0.0037343814044128454,0.3798585530831032,0.3079457124533637,120,0.07694197006697007,0.07694197006697007,0.02305802993302994,0.02305802993302994,-0.0006690388999235933,0.0027313916022594295,
ademp-v2,10000056,transient_nonpersistent,Transient non-persistence,600,600,57,oracle,1.0092640899158765,1.0092640899158765,0.0,0.0,0.32348905779170817,120,0.10789916102416103,0.10789916102416103,0.007899161024161022,0.007899161024161022,,,
ademp-v2,10000056,transient_nonpersistent,Transient non-persistence,600,600,57,population,1.0170426219245103,1.0092640899158765,0.007778532008633876,0.7707132440709574,0.2705992611773376,120,0.07453722203722203,0.07453722203722203,0.025462777962777974,0.025462777962777974,,,
ademp-v2,10000056,transient_nonpersistent,Transient non-persistence,600,600,57,raw_index_q10,1.7301082205169762,1.0092640899158765,0.7208441306010998,71.42274631619789,1.3159254053163931,120,0.21598399285899283,0.21598399285899283,0.11598399285899283,0.11598399285899283,,,
ademp-v2,10000056,transient_nonpersistent,Transient non-persistence,600,600,57,affine_calibrated_q10,1.116996848863461,1.0092640899158765,0.1077327589475845,10.674387409995353,0.3941037178239499,120,0.09657534595034596,0.09657534595034596,0.003424654049654044,0.003424654049654044,,,
ademp-v2,10000056,transient_nonpersistent,Transient non-persistence,600,600,57,unpenalized_level,1.7301082205169762,1.0092640899158765,0.7208441306010998,71.42274631619789,1.3159254053163931,120,0.21598399285899283,0.21598399285899283,0.11598399285899283,0.11598399285899283,1.5615824097960451,7.069504040215048,
ademp-v2,10000056,transient_nonpersistent,Transient non-persistence,600,600,57,tuned_level,1.017015575074755,1.0092640899158765,0.007751485158878468,0.768033385545756,0.27056169930764284,120,0.07453722203722203,0.07453722203722203,0.025462777962777974,0.025462777962777974,-0.0008152777777777776,0.0038764184978366785,
ademp-v2,10000056,transient_nonpersistent,Transient non-persistence,600,600,57,tuned_level_slope,1.0170222661585009,1.0092640899158765,0.007758176242624426,0.7686963521382278,0.2705697138043084,120,0.07453722203722203,0.07453722203722203,0.025462777962777974,0.025462777962777974,-0.0006298603182175684,0.0029520400874439904,
ademp-v2,10000057,transient_nonpersistent,Transient non-persistence,600,600,58,oracle,0.9703925022409791,0.9703925022409791,0.0,0.0,0.27640735262146465,120,0.09775888463388463,0.09775888463388463,0.002241115366115376,0.002241115366115376,,,
ademp-v2,10000057,transient_nonpersistent,Transient non-persistence,600,600,58,population,1.0189945919656576,0.9703925022409791,0.0486020897246785,5.008498067785881,0.22949378995154307,120,0.05065228752728753,0.05065228752728753,0.049347712472712475,0.049347712472712475,,,
ademp-v2,10000057,transient_nonpersistent,Transient non-persistence,600,600,58,raw_index_q10,1.7758110124956594,0.9703925022409791,0.8054185102546804,82.99925116843798,1.3765212305284835,120,0.21517834017834017,0.21517834017834017,0.11517834017834017,0.11517834017834017,,,
ademp-v2,10000057,transient_nonpersistent,Transient non-persistence,600,600,58,affine_calibrated_q10,1.0565442990233356,0.9703925022409791,0.08615179678235652,8.878036112542254,0.3950510843230394,120,0.12168616106116106,0.12168616106116106,0.021686161061161058,0.021686161061161058,,,
ademp-v2,10000057,transient_nonpersistent,Transient non-persistence,600,600,58,unpenalized_level,1.7758110124956594,0.9703925022409791,0.8054185102546804,82.99925116843798,1.3765212305284835,120,0.21517834017834017,0.21517834017834017,0.11517834017834017,0.11517834017834017,1.4386605592612787,7.168743039640357,
ademp-v2,10000057,transient_nonpersistent,Transient non-persistence,600,600,58,tuned_level,1.0190535278946977,0.9703925022409791,0.04866102565371866,5.014571479204875,0.2294157847976974,120,0.05065228752728753,0.05065228752728753,0.049347712472712475,0.049347712472712475,-0.0013291666666666664,0.004647604918824478,
ademp-v2,10000057,transient_nonpersistent,Transient non-persistence,600,600,58,tuned_level_slope,1.1008426666587698,0.9703925022409791,0.13045016441779078,13.443030950521079,0.29876870914754483,120,0.09609716672216674,0.09609716672216674,0.0039028332778332647,0.0039028332778332647,0.5428573436710548,3.0705931194795273,
ademp-v2,10000058,transient_nonpersistent,Transient non-persistence,600,600,59,oracle,0.9419067518241425,0.9419067518241425,0.0,0.0,0.35278604913561806,120,0.09263518888518887,0.09263518888518887,0.007364811114811132,0.007364811114811132,,,
ademp-v2,10000058,transient_nonpersistent,Transient non-persistence,600,600,59,population,0.9704966147537152,0.9419067518241425,0.028589862929572663,3.0353177609359037,0.31332254140342164,120,0.059600006475006476,0.059600006475006476,0.04039999352499353,0.04039999352499353,,,
ademp-v2,10000058,transient_nonpersistent,Transient non-persistence,600,600,59,raw_index_q10,1.8886211927058731,0.9419067518241425,0.9467144408817306,100.51042091462635,1.871722486126521,120,0.2393552281052281,0.2393552281052281,0.1393552281052281,0.1393552281052281,,,
ademp-v2,10000058,transient_nonpersistent,Transient non-persistence,600,600,59,affine_calibrated_q10,1.0139682091995543,0.9419067518241425,0.07206145737541181,7.650593568403038,0.39741514127908834,120,0.10898009398009396,0.10898009398009396,0.008980093980093959,0.008980093980093959,,,
ademp-v2,10000058,transient_nonpersistent,Transient non-persistence,600,600,59,unpenalized_level,1.8886211927058731,0.9419067518241425,0.9467144408817306,100.51042091462635,1.871722486126521,120,0.2393552281052281,0.2393552281052281,0.1393552281052281,0.1393552281052281,1.7862471753451254,7.253620455383918,
ademp-v2,10000058,transient_nonpersistent,Transient non-persistence,600,600,59,tuned_level,0.9705111934196481,0.9419067518241425,0.02860444159550557,3.0368655432301357,0.3133260097305384,120,0.059600006475006476,0.059600006475006476,0.04039999352499353,0.04039999352499353,-0.00042222222222222205,0.0033634748345963525,
ademp-v2,10000058,transient_nonpersistent,Transient non-persistence,600,600,59,tuned_level_slope,0.9706042567519544,0.9419067518241425,0.028697504927811868,3.046745855917784,0.3133742377914323,120,0.059600006475006476,0.059600006475006476,0.04039999352499353,0.04039999352499353,-0.0031027830798551113,0.025144756332970156,
ademp-v2,10000059,transient_nonpersistent,Transient non-persistence,600,600,60,oracle,0.8974269356642071,0.8974269356642071,0.0,0.0,0.28039389696971945,120,0.10142625892625892,0.10142625892625892,0.0014262589262589165,0.0014262589262589165,,,
ademp-v2,10000059,transient_nonpersistent,Transient non-persistence,600,600,60,population,0.9354038407761368,0.8974269356642071,0.03797690511192975,4.2317545420922915,0.24050453588864357,120,0.057521876271876264,0.057521876271876264,0.04247812372812374,0.04247812372812374,,,
ademp-v2,10000059,transient_nonpersistent,Transient non-persistence,600,600,60,raw_index_q10,1.7387695921375088,0.8974269356642071,0.8413426564733018,93.75054648327489,1.7850574416609848,120,0.21691729566729567,0.21691729566729567,0.11691729566729567,0.11691729566729567,,,
ademp-v2,10000059,transient_nonpersistent,Transient non-persistence,600,600,60,affine_calibrated_q10,0.9718157579238115,0.8974269356642071,0.07438882225960441,8.289122969609494,0.31865344546482866,120,0.08428099678099678,0.08428099678099678,0.015719003219003228,0.015719003219003228,,,
ademp-v2,10000059,transient_nonpersistent,Transient non-persistence,600,600,60,unpenalized_level,1.7387695921375088,0.8974269356642071,0.8413426564733018,93.75054648327489,1.7850574416609848,120,0.21691729566729567,0.21691729566729567,0.11691729566729567,0.11691729566729567,1.5913668985548364,7.08835557887464,
ademp-v2,10000059,transient_nonpersistent,Transient non-persistence,600,600,60,tuned_level,0.9353950588096465,0.8974269356642071,0.0379681231454394,4.230775970339947,0.24049432488371714,120,0.057521876271876264,0.057521876271876264,0.04247812372812374,0.04247812372812374,-0.0007722222222222221,0.0042045500045475425,
ademp-v2,10000059,transient_nonpersistent,Transient non-persistence,600,600,60,tuned_level_slope,0.9353877153466598,0.8974269356642071,0.037960779682452706,4.229957690578679,0.24049404238557956,120,0.057521876271876264,0.057521876271876264,0.04247812372812374,0.04247812372812374,-0.0005740633899554076,0.0031333111088858137,
ademp-v2,10000060,transient_nonpersistent,Transient non-persistence,600,600,61,oracle,0.9499890491256158,0.9499890491256158,0.0,0.0,0.37670420246876574,120,0.10943267380767381,0.10943267380767381,0.009432673807673805,0.009432673807673805,,,
ademp-v2,10000060,transient_nonpersistent,Transient non-persistence,600,600,61,population,0.9900269566281714,0.9499890491256158,0.04003790750255565,4.2145651615044555,0.28492300383552177,120,0.06324420949420949,0.06324420949420949,0.03675579050579052,0.03675579050579052,,,
ademp-v2,10000060,transient_nonpersistent,Transient non-persistence,600,600,61,raw_index_q10,1.8678182255291778,0.9499890491256158,0.917829176403562,96.61471121676043,1.8916638073869965,120,0.20790568228068226,0.20790568228068226,0.10790568228068226,0.10790568228068226,,,
ademp-v2,10000060,transient_nonpersistent,Transient non-persistence,600,600,61,affine_calibrated_q10,1.0476508947760397,0.9499890491256158,0.0976618456504239,10.280312782585582,0.45446040490115563,120,0.1255998630998631,0.1255998630998631,0.02559986309986309,0.02559986309986309,,,
ademp-v2,10000060,transient_nonpersistent,Transient non-persistence,600,600,61,unpenalized_level,1.8678182255291778,0.9499890491256158,0.917829176403562,96.61471121676043,1.8916638073869965,120,0.20790568228068226,0.20790568228068226,0.10790568228068226,0.10790568228068226,1.8676514246721363,7.250130464466248,
ademp-v2,10000060,transient_nonpersistent,Transient non-persistence,600,600,61,tuned_level,1.0134222146603205,0.9499890491256158,0.06343316553470468,6.6772522897068685,0.32049667655164654,120,0.07108976671476672,0.07108976671476672,0.02891023328523329,0.02891023328523329,-0.024485798788279455,2.131801079723903,
ademp-v2,10000060,transient_nonpersistent,Transient non-persistence,600,600,61,tuned_level_slope,0.9975623050857236,0.9499890491256158,0.04757325596010786,5.007768879430242,0.30107490367426915,120,0.06875423187923187,0.06875423187923187,0.03124576812076814,0.03124576812076814,0.02912140005738899,1.5777269772317508,
ademp-v2,10000061,transient_nonpersistent,Transient non-persistence,600,600,62,oracle,0.9599290861566019,0.9599290861566019,0.0,0.0,0.2979312908667637,120,0.09270703833203833,0.09270703833203833,0.007292961667961673,0.007292961667961673,,,
ademp-v2,10000061,transient_nonpersistent,Transient non-persistence,600,600,62,population,1.0108468676324172,0.9599290861566019,0.05091778147581527,5.3043273935662985,0.26960945770658873,120,0.048136886261886266,0.048136886261886266,0.05186311373811374,0.05186311373811374,,,
ademp-v2,10000061,transient_nonpersistent,Transient non-persistence,600,600,62,raw_index_q10,2.0062916465894656,0.9599290861566019,1.0463625604328637,109.00415202776355,1.8928267982588507,120,0.26847976097976095,0.26847976097976095,0.16847976097976095,0.16847976097976095,,,
ademp-v2,10000061,transient_nonpersistent,Transient non-persistence,600,600,62,affine_calibrated_q10,1.0223486506982826,0.9599290861566019,0.06241956454168074,6.502518304930045,0.3261284149545642,120,0.07392285954785954,0.07392285954785954,0.026077140452140463,0.026077140452140463,,,
ademp-v2,10000061,transient_nonpersistent,Transient non-persistence,600,600,62,unpenalized_level,2.0062916465894656,0.9599290861566019,1.0463625604328637,109.00415202776355,1.8928267982588507,120,0.26847976097976095,0.26847976097976095,0.16847976097976095,0.16847976097976095,3.4558107179208464,7.910660298178906,
ademp-v2,10000061,transient_nonpersistent,Transient non-persistence,600,600,62,tuned_level,1.0108223960623204,0.9599290861566019,0.0508933099057185,5.301778083367276,0.2696288229697702,120,0.048136886261886266,0.048136886261886266,0.05186311373811374,0.05186311373811374,-0.00014166666666666657,0.003530095476622987,
ademp-v2,10000061,transient_nonpersistent,Transient non-persistence,600,600,62,tuned_level_slope,1.0104038187782303,0.9599290861566019,0.05047473262162838,5.258173061899906,0.270010270170443,120,0.046747997372997376,0.046747997372997376,0.05325200262700263,0.05325200262700263,-0.0034798123153475424,0.07750116834424364,
ademp-v2,10000062,transient_nonpersistent,Transient non-persistence,600,600,63,oracle,0.933182125371184,0.933182125371184,0.0,0.0,0.3026106967818386,120,0.10586115273615275,0.10586115273615275,0.005861152736152744,0.005861152736152744,,,
ademp-v2,10000062,transient_nonpersistent,Transient non-persistence,600,600,63,population,0.9692084557402152,0.933182125371184,0.036026330369031245,3.8605894165301717,0.24802802099826401,120,0.06221602471602471,0.06221602471602471,0.03778397528397529,0.03778397528397529,,,
ademp-v2,10000062,transient_nonpersistent,Transient non-persistence,600,600,63,raw_index_q10,2.072345869947275,0.933182125371184,1.139163744576091,122.07303522053377,2.1050605466476666,120,0.27578460890960893,0.27578460890960893,0.17578460890960892,0.17578460890960892,,,
ademp-v2,10000062,transient_nonpersistent,Transient non-persistence,600,600,63,affine_calibrated_q10,0.9564776967261961,0.933182125371184,0.023295571355012146,2.496358505125252,0.3184864889961721,120,0.10354185166685168,0.10354185166685168,0.0035418516668516697,0.0035418516668516697,,,
ademp-v2,10000062,transient_nonpersistent,Transient non-persistence,600,600,63,unpenalized_level,2.072345869947275,0.933182125371184,1.139163744576091,122.07303522053377,2.1050605466476666,120,0.27578460890960893,0.27578460890960893,0.17578460890960892,0.17578460890960892,3.500162455905029,7.961679170580214,
ademp-v2,10000062,transient_nonpersistent,Transient non-persistence,600,600,63,tuned_level,0.9691810299885485,0.933182125371184,0.03599890461736455,3.857650467002416,0.24802664080909284,120,0.06285705035705036,0.06285705035705036,0.037142949642949646,0.037142949642949646,-2.6388888888888787e-05,0.002949223061531065,
ademp-v2,10000062,transient_nonpersistent,Transient non-persistence,600,600,63,tuned_level_slope,0.9691866602710438,0.933182125371184,0.036004534899859886,3.8582538093020875,0.24802893663270736,120,0.06285705035705036,0.06285705035705036,0.037142949642949646,0.037142949642949646,1.0627785966418037e-05,0.0021925729662004355,
ademp-v2,10000063,transient_nonpersistent,Transient non-persistence,600,600,64,oracle,0.9735222389623248,0.9735222389623248,0.0,0.0,0.3903379343857163,120,0.11082116957116958,0.11082116957116958,0.010821169571169575,0.010821169571169575,,,
ademp-v2,10000063,transient_nonpersistent,Transient non-persistence,600,600,64,population,1.041445634322931,0.9735222389623248,0.06792339536060621,6.9770769112584015,0.268272654453759,120,0.0516224284974285,0.0516224284974285,0.048377571502571506,0.048377571502571506,,,
ademp-v2,10000063,transient_nonpersistent,Transient non-persistence,600,600,64,raw_index_q10,1.8678625293591324,0.9735222389623248,0.8943402903968076,91.86644686721107,1.632265513745143,120,0.24957443019943018,0.24957443019943018,0.14957443019943018,0.14957443019943018,,,
ademp-v2,10000063,transient_nonpersistent,Transient non-persistence,600,600,64,affine_calibrated_q10,1.0327691592567758,0.9735222389623248,0.059246920294451,6.085831214046241,0.33176920216776135,120,0.09477915602915603,0.09477915602915603,0.0052208439708439774,0.0052208439708439774,,,
ademp-v2,10000063,transient_nonpersistent,Transient non-persistence,600,600,64,unpenalized_level,1.8678625293591324,0.9735222389623248,0.8943402903968076,91.86644686721107,1.632265513745143,120,0.24957443019943018,0.24957443019943018,0.14957443019943018,0.14957443019943018,3.164599573252741,7.661405007692351,
ademp-v2,10000063,transient_nonpersistent,Transient non-persistence,600,600,64,tuned_level,1.0417325096669545,0.9735222389623248,0.0682102707046297,7.006544686368427,0.2690838552376645,120,0.0516224284974285,0.0516224284974285,0.048377571502571506,0.048377571502571506,-0.013933956755436553,0.11509141230989747,
ademp-v2,10000063,transient_nonpersistent,Transient non-persistence,600,600,64,tuned_level_slope,1.032441217974588,0.9735222389623248,0.058918979012263284,6.05214515438958,0.32507014457065997,120,0.059890942390942385,0.059890942390942385,0.04010905760905762,0.04010905760905762,0.23592122017608877,1.4104893385864277,
ademp-v2,10000064,transient_nonpersistent,Transient non-persistence,600,600,65,oracle,1.038077859381534,1.038077859381534,0.0,0.0,0.3609917056159307,120,0.12164002664002664,0.12164002664002664,0.021640026640026636,0.021640026640026636,,,
ademp-v2,10000064,transient_nonpersistent,Transient non-persistence,600,600,65,population,1.0651817081086563,1.038077859381534,0.027103848727122237,2.6109649177249734,0.2700095266376084,120,0.06495735745735745,0.06495735745735745,0.035042642542642555,0.035042642542642555,,,
ademp-v2,10000064,transient_nonpersistent,Transient non-persistence,600,600,65,raw_index_q10,1.8678742381161597,1.038077859381534,0.8297963787346256,79.93585175094685,1.3523470685936079,120,0.24392642080142082,0.24392642080142082,0.14392642080142082,0.14392642080142082,,,
ademp-v2,10000064,transient_nonpersistent,Transient non-persistence,600,600,65,affine_calibrated_q10,1.0917567231439707,1.038077859381534,0.05367886376243658,5.1709862875234975,0.3749587117790267,120,0.1074842981092981,0.1074842981092981,0.007484298109298099,0.007484298109298099,,,
ademp-v2,10000064,transient_nonpersistent,Transient non-persistence,600,600,65,unpenalized_level,1.8678742381161597,1.038077859381534,0.8297963787346256,79.93585175094685,1.3523470685936079,120,0.24392642080142082,0.24392642080142082,0.14392642080142082,0.14392642080142082,2.2622041857167168,7.246111581156667,
ademp-v2,10000064,transient_nonpersistent,Transient non-persistence,600,600,65,tuned_level,1.070071127919628,1.038077859381534,0.03199326853809392,3.081971958939079,0.2677755190381102,120,0.06551041551041552,0.06551041551041552,0.03448958448958449,0.03448958448958449,-0.060551415053699875,0.35457075518103315,
ademp-v2,10000064,transient_nonpersistent,Transient non-persistence,600,600,65,tuned_level_slope,1.0872389285864381,1.038077859381534,0.04916106920490404,4.735778608571154,0.2895831106767344,120,0.07296472046472045,0.07296472046472045,0.027035279535279552,0.027035279535279552,0.07494553578582155,1.5706195815569561,
ademp-v2,10000065,transient_nonpersistent,Transient non-persistence,600,600,66,oracle,0.9704072738963703,0.9704072738963703,0.0,0.0,0.3209796163202166,120,0.11857903670403672,0.11857903670403672,0.01857903670403671,0.01857903670403671,,,
ademp-v2,10000065,transient_nonpersistent,Transient non-persistence,600,600,66,population,0.992640986859867,0.9704072738963703,0.022233712963496743,2.2911733621105443,0.2537473366435151,120,0.06385255947755948,0.06385255947755948,0.036147440522440524,0.036147440522440524,,,
ademp-v2,10000065,transient_nonpersistent,Transient non-persistence,600,600,66,raw_index_q10,1.9317239814397822,0.9704072738963703,0.9613167075434119,99.0632215362053,1.8513273156312429,120,0.224228132978133,0.224228132978133,0.12422813297813298,0.12422813297813298,,,
ademp-v2,10000065,transient_nonpersistent,Transient non-persistence,600,600,66,affine_calibrated_q10,1.0518208877764754,0.9704072738963703,0.08141361388010515,8.389633514721503,0.3996592027165641,120,0.12991362803862802,0.12991362803862802,0.029913628038628015,0.029913628038628015,,,
ademp-v2,10000065,transient_nonpersistent,Transient non-persistence,600,600,66,unpenalized_level,1.9317239814397822,0.9704072738963703,0.9613167075434119,99.0632215362053,1.8513273156312429,120,0.224228132978133,0.224228132978133,0.12422813297813298,0.12422813297813298,1.4108707380912298,7.928752337525362,
ademp-v2,10000065,transient_nonpersistent,Transient non-persistence,600,600,66,tuned_level,0.992681071936827,0.9704072738963703,0.022273798040456705,2.2953041098943086,0.2536266139445495,120,0.06385255947755948,0.06385255947755948,0.036147440522440524,0.036147440522440524,-0.0011222222222222222,0.0041055517967205765,
ademp-v2,10000065,transient_nonpersistent,Transient non-persistence,600,600,66,tuned_level_slope,0.9926766974388702,0.9704072738963703,0.022269423542499944,2.294853319996661,0.2536495269365833,120,0.06385255947755948,0.06385255947755948,0.036147440522440524,0.036147440522440524,-0.0008737966286398815,0.003154734885637663,
ademp-v2,10000066,transient_nonpersistent,Transient non-persistence,600,600,67,oracle,0.9526733851140996,0.9526733851140996,0.0,0.0,0.37900889539815114,120,0.09451102138602138,0.09451102138602138,0.005488978613978623,0.005488978613978623,,,
ademp-v2,10000066,transient_nonpersistent,Transient non-persistence,600,600,67,population,0.9811792642942422,0.9526733851140996,0.02850587918014258,2.992198546276014,0.29563661966747,120,0.06167998667998668,0.06167998667998668,0.03832001332001333,0.03832001332001333,,,
ademp-v2,10000066,transient_nonpersistent,Transient non-persistence,600,600,67,raw_index_q10,1.8366525843909645,0.9526733851140996,0.8839791992768649,92.78932455649452,1.4813240299767123,120,0.22957352832352834,0.22957352832352834,0.12957352832352834,0.12957352832352834,,,
ademp-v2,10000066,transient_nonpersistent,Transient non-persistence,600,600,67,affine_calibrated_q10,0.9947195630154627,0.9526733851140996,0.04204617790136311,4.413493497178713,0.4125878530805456,120,0.08862456987456986,0.08862456987456986,0.011375430125430144,0.011375430125430144,,,
ademp-v2,10000066,transient_nonpersistent,Transient non-persistence,600,600,67,unpenalized_level,1.8366525843909645,0.9526733851140996,0.8839791992768649,92.78932455649452,1.4813240299767123,120,0.22957352832352834,0.22957352832352834,0.12957352832352834,0.12957352832352834,1.3959177610995612,7.368932208069787,
ademp-v2,10000066,transient_nonpersistent,Transient non-persistence,600,600,67,tuned_level,0.9812668318077473,0.9526733851140996,0.028593446693647717,3.001390312821969,0.2956441215041725,120,0.06167998667998668,0.06167998667998668,0.03832001332001333,0.03832001332001333,-0.0013541666666666665,0.004629939804424307,
ademp-v2,10000066,transient_nonpersistent,Transient non-persistence,600,600,67,tuned_level_slope,0.9812456266782869,0.9526733851140996,0.02857224156418725,2.999164457687166,0.2956398148334972,120,0.06167998667998668,0.06167998667998668,0.03832001332001333,0.03832001332001333,-0.0010584537841280646,0.0035635572971334066,
ademp-v2,10000067,transient_nonpersistent,Transient non-persistence,600,600,68,oracle,0.9830847285314894,0.9830847285314894,0.0,0.0,0.3366780344146555,120,0.10082385207385208,0.10082385207385208,0.0008238520738520771,0.0008238520738520771,,,
ademp-v2,10000067,transient_nonpersistent,Transient non-persistence,600,600,68,population,1.0102607382392972,0.9830847285314894,0.027176009707807758,2.764360885597591,0.24507099712059977,120,0.057728960853960856,0.057728960853960856,0.04227103914603915,0.04227103914603915,,,
ademp-v2,10000067,transient_nonpersistent,Transient non-persistence,600,600,68,raw_index_q10,1.8760933284125734,0.9830847285314894,0.8930085998810839,90.83739925601742,1.7644064601244491,120,0.23640604765604767,0.23640604765604767,0.13640604765604766,0.13640604765604766,,,
ademp-v2,10000067,transient_nonpersistent,Transient non-persistence,600,600,68,affine_calibrated_q10,1.0109388103820693,0.9830847285314894,0.027854081850579915,2.83333481257386,0.2839939447554331,120,0.0751475838975839,0.0751475838975839,0.024852416102416106,0.024852416102416106,,,
ademp-v2,10000067,transient_nonpersistent,Transient non-persistence,600,600,68,unpenalized_level,1.8760933284125734,0.9830847285314894,0.8930085998810839,90.83739925601742,1.7644064601244491,120,0.23640604765604767,0.23640604765604767,0.13640604765604766,0.13640604765604766,2.3861155710293946,7.557707224207541,
ademp-v2,10000067,transient_nonpersistent,Transient non-persistence,600,600,68,tuned_level,1.0108578044675842,0.9830847285314894,0.027773075936094793,2.825094839748107,0.24588734126412096,120,0.05427387427387428,0.05427387427387428,0.04572612572612573,0.04572612572612573,-0.06753468669136946,0.3750434833287102,
ademp-v2,10000067,transient_nonpersistent,Transient non-persistence,600,600,68,tuned_level_slope,1.0280075087705922,0.9830847285314894,0.04492278023910279,4.5695736018814435,0.28266314826755523,120,0.061732989232989234,0.061732989232989234,0.03826701076701077,0.03826701076701077,0.04158856411693796,1.5983986127689302,
ademp-v2,10000068,transient_nonpersistent,Transient non-persistence,600,600,69,oracle,0.9257416973191004,0.9257416973191004,0.0,0.0,0.334103131424926,120,0.1044077219077219,0.1044077219077219,0.004407721907721901,0.004407721907721901,,,
ademp-v2,10000068,transient_nonpersistent,Transient non-persistence,600,600,69,population,0.9564517832520352,0.9257416973191004,0.030710085932934783,3.317349323452707,0.27086940870453474,120,0.05989674677174676,0.05989674677174676,0.04010325322825325,0.04010325322825325,,,
ademp-v2,10000068,transient_nonpersistent,Transient non-persistence,600,600,69,raw_index_q10,1.9501323599191933,0.9257416973191004,1.024390662600093,110.65620848306551,1.9898009981358968,120,0.23487750675250674,0.23487750675250674,0.13487750675250673,0.13487750675250673,,,
ademp-v2,10000068,transient_nonpersistent,Transient non-persistence,600,600,69,affine_calibrated_q10,1.0142343012884976,0.9257416973191004,0.08849260396939718,9.559103173775918,0.3382547953708956,120,0.09903416028416027,0.09903416028416027,0.0009658397158397308,0.0009658397158397308,,,
ademp-v2,10000068,transient_nonpersistent,Transient non-persistence,600,600,69,unpenalized_level,1.9501323599191933,0.9257416973191004,1.024390662600093,110.65620848306551,1.9898009981358968,120,0.23487750675250674,0.23487750675250674,0.13487750675250673,0.13487750675250673,1.5380700726277643,7.697307442034458,
ademp-v2,10000068,transient_nonpersistent,Transient non-persistence,600,600,69,tuned_level,0.958107936046126,0.9257416973191004,0.0323662387270256,3.4962494204113885,0.2591351391494443,120,0.0543350862100862,0.0543350862100862,0.0456649137899138,0.0456649137899138,-0.10455037768449804,0.41851188999737216,
ademp-v2,10000068,transient_nonpersistent,Transient non-persistence,600,600,69,tuned_level_slope,0.9568378691023856,0.9257416973191004,0.031096171783285165,3.359054893318304,0.26279726109891355,120,0.05469222906722906,0.05469222906722906,0.04530777093277095,0.04530777093277095,-0.07513438572471373,0.3122483896224211,
ademp-v2,10000069,transient_nonpersistent,Transient non-persistence,600,600,70,oracle,1.0077504357644314,1.0077504357644314,0.0,0.0,0.3266183346060753,120,0.10912975912975913,0.10912975912975913,0.009129759129759121,0.009129759129759121,,,
ademp-v2,10000069,transient_nonpersistent,Transient non-persistence,600,600,70,population,1.0339192357233282,1.0077504357644314,0.02616879995889687,2.59675402065656,0.24822751968331425,120,0.06258380508380508,0.06258380508380508,0.037416194916194925,0.037416194916194925,,,
ademp-v2,10000069,transient_nonpersistent,Transient non-persistence,600,600,70,raw_index_q10,2.058944927802446,1.0077504357644314,1.0511944920380145,104.31099354877763,1.8371382206902853,120,0.2677867271617272,0.2677867271617272,0.16778672716172718,0.16778672716172718,,,
ademp-v2,10000069,transient_nonpersistent,Transient non-persistence,600,600,70,affine_calibrated_q10,1.0816646002751893,1.0077504357644314,0.07391416451075794,7.334570334835944,0.3858375798552593,120,0.09492673992673993,0.09492673992673993,0.005073260073260075,0.005073260073260075,,,
ademp-v2,10000069,transient_nonpersistent,Transient non-persistence,600,600,70,unpenalized_level,2.058944927802446,1.0077504357644314,1.0511944920380145,104.31099354877763,1.8371382206902853,120,0.2677867271617272,0.2677867271617272,0.16778672716172718,0.16778672716172718,2.480404057366076,8.313955255450184,
ademp-v2,10000069,transient_nonpersistent,Transient non-persistence,600,600,70,tuned_level,1.0339664718513977,1.0077504357644314,0.02621603608696632,2.6014413049675427,0.24819240106371607,120,0.06258380508380508,0.06258380508380508,0.037416194916194925,0.037416194916194925,-0.0007305555555555555,0.004173993557999607,
ademp-v2,10000069,transient_nonpersistent,Transient non-persistence,600,600,70,tuned_level_slope,1.0339564686893374,1.0077504357644314,0.026206032924906086,2.6004486820218977,0.2481970668434699,120,0.06258380508380508,0.06258380508380508,0.037416194916194925,0.037416194916194925,-0.0005673015363643077,0.0031192422554699945,
ademp-v2,10000070,transient_nonpersistent,Transient non-persistence,600,600,71,oracle,0.9971013148789948,0.9971013148789948,0.0,0.0,0.3428929505950152,120,0.12264591889591889,0.12264591889591889,0.022645918895918882,0.022645918895918882,,,
ademp-v2,10000070,transient_nonpersistent,Transient non-persistence,600,600,71,population,1.007164024416731,0.9971013148789948,0.010062709537736247,1.0091962960611909,0.27037121141565656,120,0.0723964923964924,0.0723964923964924,0.027603507603507604,0.027603507603507604,,,
ademp-v2,10000070,transient_nonpersistent,Transient non-persistence,600,600,71,raw_index_q10,1.892343726121523,0.9971013148789948,0.8952424112425282,89.78449811302998,1.6263883032471458,120,0.2384450271950272,0.2384450271950272,0.1384450271950272,0.1384450271950272,,,
ademp-v2,10000070,transient_nonpersistent,Transient non-persistence,600,600,71,affine_calibrated_q10,1.0563547564729967,0.9971013148789948,0.05925344159400192,5.942569798054347,0.3765097593175166,120,0.10336543086543086,0.10336543086543086,0.0033654308654308546,0.0033654308654308546,,,
ademp-v2,10000070,transient_nonpersistent,Transient non-persistence,600,600,71,unpenalized_level,1.892343726121523,0.9971013148789948,0.8952424112425282,89.78449811302998,1.6263883032471458,120,0.2384450271950272,0.2384450271950272,0.1384450271950272,0.1384450271950272,1.8461349143502133,7.0713446441640295,
ademp-v2,10000070,transient_nonpersistent,Transient non-persistence,600,600,71,tuned_level,1.0078792742495615,0.9971013148789948,0.010777959370566692,1.0809292104759358,0.26780892240301113,120,0.07038128538128538,0.07038128538128538,0.029618714618714626,0.029618714618714626,-0.05786718462563867,0.33934892079200113,
ademp-v2,10000070,transient_nonpersistent,Transient non-persistence,600,600,71,tuned_level_slope,1.0110312181459842,0.9971013148789948,0.013929903266989396,1.3970399054864238,0.27274741732051067,120,0.07206397768897768,0.07206397768897768,0.027936022311022324,0.027936022311022324,-0.05945093730511895,0.6095881522274809,
ademp-v2,10000071,transient_nonpersistent,Transient non-persistence,600,600,72,oracle,0.9724186995465369,0.9724186995465369,0.0,0.0,0.36661457506618755,120,0.09466397028897028,0.09466397028897028,0.005336029711029727,0.005336029711029727,,,
ademp-v2,10000071,transient_nonpersistent,Transient non-persistence,600,600,72,population,1.0182096666080585,0.9724186995465369,0.045790967061521526,4.708976399042408,0.3171384033955108,120,0.060277685277685275,0.060277685277685275,0.03972231472231473,0.03972231472231473,,,
ademp-v2,10000071,transient_nonpersistent,Transient non-persistence,600,600,72,raw_index_q10,1.7338514834487142,0.9724186995465369,0.7614327839021773,78.30297630611715,2.0311147947894677,120,0.19110273985273984,0.19110273985273984,0.09110273985273984,0.09110273985273984,,,
ademp-v2,10000071,transient_nonpersistent,Transient non-persistence,600,600,72,affine_calibrated_q10,1.0116382550022902,0.9724186995465369,0.039219555455753286,4.033196345775985,0.3523820334620891,120,0.08120876808376808,0.08120876808376808,0.01879123191623193,0.01879123191623193,,,
ademp-v2,10000071,transient_nonpersistent,Transient non-persistence,600,600,72,unpenalized_level,1.7338514834487142,0.9724186995465369,0.7614327839021773,78.30297630611715,2.0311147947894677,120,0.19110273985273984,0.19110273985273984,0.09110273985273984,0.09110273985273984,1.3417262247436077,7.285460788235569,
ademp-v2,10000071,transient_nonpersistent,Transient non-persistence,600,600,72,tuned_level,1.018250498426703,0.9724186995465369,0.045831798880165975,4.713175394666771,0.31712697324672884,120,0.060277685277685275,0.060277685277685275,0.03972231472231473,0.03972231472231473,-0.0009097222222222221,0.0043032879333176205,
ademp-v2,10000071,transient_nonpersistent,Transient non-persistence,600,600,72,tuned_level_slope,1.0182301065129484,0.9724186995465369,0.045811406966411505,4.711078364471447,0.3171202225450433,120,0.060277685277685275,0.060277685277685275,0.03972231472231473,0.03972231472231473,-0.000689685343696981,0.0032040610866577272,
ademp-v2,10000072,transient_nonpersistent,Transient non-persistence,600,600,73,oracle,0.9536594798021067,0.9536594798021067,0.0,0.0,0.3088583735182923,120,0.09784851722351723,0.09784851722351723,0.002151482776482777,0.002151482776482777,,,
ademp-v2,10000072,transient_nonpersistent,Transient non-persistence,600,600,73,population,1.0082697848297384,0.9536594798021067,0.054610305027631645,5.726394607744453,0.23462193270541004,120,0.048316058941058934,0.048316058941058934,0.05168394105894107,0.05168394105894107,,,
ademp-v2,10000072,transient_nonpersistent,Transient non-persistence,600,600,73,raw_index_q10,1.9024972673753875,0.9536594798021067,0.9488377875732807,99.4944010591887,1.6874220378728724,120,0.24649653587153583,0.24649653587153583,0.14649653587153583,0.14649653587153583,,,
ademp-v2,10000072,transient_nonpersistent,Transient non-persistence,600,600,73,affine_calibrated_q10,1.0263721933819558,0.9536594798021067,0.0727127135798491,7.624599253701926,0.387762377457675,120,0.11204295704295705,0.11204295704295705,0.012042957042957048,0.012042957042957048,,,
ademp-v2,10000072,transient_nonpersistent,Transient non-persistence,600,600,73,unpenalized_level,1.9024972673753875,0.9536594798021067,0.9488377875732807,99.4944010591887,1.6874220378728724,120,0.24649653587153583,0.24649653587153583,0.14649653587153583,0.14649653587153583,2.7127641485021723,7.890799089175792,
ademp-v2,10000072,transient_nonpersistent,Transient non-persistence,600,600,73,tuned_level,1.0082070540844033,0.9536594798021067,0.05454757428229651,5.719816710008025,0.23460180972172737,120,0.048316058941058934,0.048316058941058934,0.05168394105894107,0.05168394105894107,-0.000311111111111111,0.0035209689323000594,
ademp-v2,10000072,transient_nonpersistent,Transient non-persistence,600,600,73,tuned_level_slope,1.008240937647786,0.9536594798021067,0.05458145784567936,5.723369714418979,0.23462038905490018,120,0.048316058941058934,0.048316058941058934,0.05168394105894107,0.05168394105894107,-0.0002422218577103651,0.002650634685924591,
ademp-v2,10000073,transient_nonpersistent,Transient non-persistence,600,600,74,oracle,0.9823892181553264,0.9823892181553264,0.0,0.0,0.31388508380890967,120,0.08453231953231953,0.08453231953231953,0.015467680467680475,0.015467680467680475,,,
ademp-v2,10000073,transient_nonpersistent,Transient non-persistence,600,600,74,population,1.0271099604873122,0.9823892181553264,0.04472074233198575,4.5522427878392,0.2623179745426325,120,0.05795015170015169,0.05795015170015169,0.042049848299848314,0.042049848299848314,,,
ademp-v2,10000073,transient_nonpersistent,Transient non-persistence,600,600,74,raw_index_q10,1.3124786681892116,0.9823892181553264,0.3300894500338851,33.60067923523305,0.5775424158168858,120,0.12359910922410923,0.12359910922410923,0.023599109224109224,0.023599109224109224,,,
ademp-v2,10000073,transient_nonpersistent,Transient non-persistence,600,600,74,affine_calibrated_q10,1.03196905435521,0.9823892181553264,0.0495798361998836,5.04686282011337,0.32148465800346887,120,0.08755022755022755,0.08755022755022755,0.012449772449772453,0.012449772449772453,,,
ademp-v2,10000073,transient_nonpersistent,Transient non-persistence,600,600,74,unpenalized_level,1.3124786681892116,0.9823892181553264,0.3300894500338851,33.60067923523305,0.5775424158168858,120,0.12359910922410923,0.12359910922410923,0.023599109224109224,0.023599109224109224,0.8286916781836247,5.40404618413694,
ademp-v2,10000073,transient_nonpersistent,Transient non-persistence,600,600,74,tuned_level,1.02716125088041,0.9823892181553264,0.044772032725083566,4.557463772775713,0.26231122731607664,120,0.0573549136049136,0.0573549136049136,0.04264508639508641,0.04264508639508641,-0.0006513888888888889,0.0035730796448089634,
ademp-v2,10000073,transient_nonpersistent,Transient non-persistence,600,600,74,tuned_level_slope,1.0271483227829707,0.9823892181553264,0.04475910462764432,4.556147787502225,0.26231165896248837,120,0.0573549136049136,0.0573549136049136,0.04264508639508641,0.04264508639508641,-0.0005076487415589249,0.0026549544091508757,
ademp-v2,10000074,transient_nonpersistent,Transient non-persistence,600,600,75,oracle,0.9620158502684222,0.9620158502684222,0.0,0.0,0.3483313208928705,120,0.10756666944166944,0.10756666944166944,0.007566669441669435,0.007566669441669435,,,
ademp-v2,10000074,transient_nonpersistent,Transient non-persistence,600,600,75,population,0.9852951677952524,0.9620158502684222,0.023279317526830212,2.419847606495756,0.30167565067407015,120,0.05787638287638287,0.05787638287638287,0.04212361712361713,0.04212361712361713,,,
ademp-v2,10000074,transient_nonpersistent,Transient non-persistence,600,600,75,raw_index_q10,1.8540101044326287,0.9620158502684222,0.8919942541642065,92.72136773165658,1.5405423474010862,120,0.2600669238169238,0.2600669238169238,0.1600669238169238,0.1600669238169238,,,
ademp-v2,10000074,transient_nonpersistent,Transient non-persistence,600,600,75,affine_calibrated_q10,1.0260208101892876,0.9620158502684222,0.06400495992086541,6.653212616300107,0.3909868588690556,120,0.08535101472601472,0.08535101472601472,0.014648985273985282,0.014648985273985282,,,
ademp-v2,10000074,transient_nonpersistent,Transient non-persistence,600,600,75,unpenalized_level,1.8540101044326287,0.9620158502684222,0.8919942541642065,92.72136773165658,1.5405423474010862,120,0.2600669238169238,0.2600669238169238,0.1600669238169238,0.1600669238169238,2.2953624935450003,6.995783845741258,
ademp-v2,10000074,transient_nonpersistent,Transient non-persistence,600,600,75,tuned_level,0.9853356824310796,0.9620158502684222,0.023319832162657428,2.4240590377123947,0.3017117991838631,120,0.05787638287638287,0.05787638287638287,0.04212361712361713,0.04212361712361713,-0.0005597222222222221,0.0036064820757856215,
ademp-v2,10000074,transient_nonpersistent,Transient non-persistence,600,600,75,tuned_level_slope,0.9853225731752431,0.9620158502684222,0.023306722906820898,2.4226963516575992,0.30170699444129234,120,0.05787638287638287,0.05787638287638287,0.04212361712361713,0.04212361712361713,-0.00039536168066283274,0.002731066854593767,
ademp-v2,10000075,transient_nonpersistent,Transient non-persistence,600,600,76,oracle,0.9958941165243289,0.9958941165243289,0.0,0.0,0.37066048787053807,120,0.10667996355496355,0.10667996355496355,0.0066799635549635444,0.0066799635549635444,,,
ademp-v2,10000075,transient_nonpersistent,Transient non-persistence,600,600,76,population,1.0452509232666005,0.9958941165243289,0.04935680674227161,4.956029554078188,0.3051003832090924,120,0.05134293946793947,0.05134293946793947,0.048657060532060536,0.048657060532060536,,,
ademp-v2,10000075,transient_nonpersistent,Transient non-persistence,600,600,76,raw_index_q10,1.9625782083067136,0.9958941165243289,0.9666840917823847,97.06695478391947,1.6418919526064153,120,0.240768537018537,0.240768537018537,0.140768537018537,0.140768537018537,,,
ademp-v2,10000075,transient_nonpersistent,Transient non-persistence,600,600,76,affine_calibrated_q10,1.0664123884585672,0.9958941165243289,0.07051827193423832,7.080900545968394,0.44286270098352315,120,0.1039280858030858,0.1039280858030858,0.00392808580308579,0.00392808580308579,,,
ademp-v2,10000075,transient_nonpersistent,Transient non-persistence,600,600,76,unpenalized_level,1.9625782083067136,0.9958941165243289,0.9666840917823847,97.06695478391947,1.6418919526064153,120,0.240768537018537,0.240768537018537,0.140768537018537,0.140768537018537,2.14319501108561,7.782312818397113,
ademp-v2,10000075,transient_nonpersistent,Transient non-persistence,600,600,76,tuned_level,1.0453393854024584,0.9958941165243289,0.0494452688781295,4.964912238932942,0.30509411207055354,120,0.05134293946793947,0.05134293946793947,0.048657060532060536,0.048657060532060536,-0.0009458333333333335,0.004022477355321478,
ademp-v2,10000075,transient_nonpersistent,Transient non-persistence,600,600,76,tuned_level_slope,1.04531324024961,0.9958941165243289,0.04941912372528101,4.962286944495042,0.3050951737692194,120,0.05134293946793947,0.05134293946793947,0.048657060532060536,0.048657060532060536,-0.0007067790233235747,0.0030495048898434942,
ademp-v2,10000076,transient_nonpersistent,Transient non-persistence,600,600,77,oracle,0.9540060112941295,0.9540060112941295,0.0,0.0,0.3459569705159185,120,0.08727501665001665,0.08727501665001665,0.012724983349983357,0.012724983349983357,,,
ademp-v2,10000076,transient_nonpersistent,Transient non-persistence,600,600,77,population,1.0302983873806097,0.9540060112941295,0.07629237608648021,7.99705402096869,0.26145197604628306,120,0.04888155825655826,0.04888155825655826,0.051118441743441746,0.051118441743441746,,,
ademp-v2,10000076,transient_nonpersistent,Transient non-persistence,600,600,77,raw_index_q10,1.576980137076234,0.9540060112941295,0.6229741257821044,65.30085957603418,1.054767531442967,120,0.2017218660968661,0.2017218660968661,0.10172186609686609,0.10172186609686609,,,
ademp-v2,10000076,transient_nonpersistent,Transient non-persistence,600,600,77,affine_calibrated_q10,0.994256197864118,0.9540060112941295,0.040250186569988466,4.219070539753542,0.35635781432765845,120,0.07592800717800717,0.07592800717800717,0.024071992821992835,0.024071992821992835,,,
ademp-v2,10000076,transient_nonpersistent,Transient non-persistence,600,600,77,unpenalized_level,1.576980137076234,0.9540060112941295,0.6229741257821044,65.30085957603418,1.054767531442967,120,0.2017218660968661,0.2017218660968661,0.10172186609686609,0.10172186609686609,1.8997625575984936,6.489891785694489,
ademp-v2,10000076,transient_nonpersistent,Transient non-persistence,600,600,77,tuned_level,1.03033294280204,0.9540060112941295,0.07632693150791048,8.000676159720562,0.2614280272982128,120,0.04888155825655826,0.04888155825655826,0.051118441743441746,0.051118441743441746,-0.0004416666666666665,0.0031003285369516948,
ademp-v2,10000076,transient_nonpersistent,Transient non-persistence,600,600,77,tuned_level_slope,1.0303175686088824,0.9540060112941295,0.07631155731475281,7.9990646192296575,0.26143174375131356,120,0.04888155825655826,0.04888155825655826,0.051118441743441746,0.051118441743441746,-0.00032865130479343085,0.0023481724217829943,
ademp-v2,10000077,transient_nonpersistent,Transient non-persistence,600,600,78,oracle,0.9189805738329101,0.9189805738329101,0.0,0.0,0.267365926014293,120,0.09773802586302585,0.09773802586302585,0.002261974136974154,0.002261974136974154,,,
ademp-v2,10000077,transient_nonpersistent,Transient non-persistence,600,600,78,population,0.9833017793539663,0.9189805738329101,0.06432120552105625,6.999190989727188,0.2191316855713076,120,0.048118409368409366,0.048118409368409366,0.05188159063159064,0.05188159063159064,,,
ademp-v2,10000077,transient_nonpersistent,Transient non-persistence,600,600,78,raw_index_q10,1.8075196346471973,0.9189805738329101,0.8885390608142872,96.68746936709918,1.4571350483797072,120,0.22545581733081732,0.22545581733081732,0.12545581733081732,0.12545581733081732,,,
ademp-v2,10000077,transient_nonpersistent,Transient non-persistence,600,600,78,affine_calibrated_q10,1.0219995962179864,0.9189805738329101,0.10301902238507632,11.210141467452535,0.4450279684280001,120,0.09744160931660932,0.09744160931660932,0.002558390683390685,0.002558390683390685,,,
ademp-v2,10000077,transient_nonpersistent,Transient non-persistence,600,600,78,unpenalized_level,1.8075196346471973,0.9189805738329101,0.8885390608142872,96.68746936709918,1.4571350483797072,120,0.22545581733081732,0.22545581733081732,0.12545581733081732,0.12545581733081732,1.6451179116444796,7.341279890155047,
ademp-v2,10000077,transient_nonpersistent,Transient non-persistence,600,600,78,tuned_level,0.9833571775822812,0.9189805738329101,0.06437660374937115,7.005219215991411,0.21913418860749997,120,0.048118409368409366,0.048118409368409366,0.05188159063159064,0.05188159063159064,-0.0009180555555555554,0.00411942665014513,
ademp-v2,10000077,transient_nonpersistent,Transient non-persistence,600,600,78,tuned_level_slope,0.9833407402312315,0.9189805738329101,0.06436016639832143,7.003430565445604,0.21913116274340164,120,0.048118409368409366,0.048118409368409366,0.05188159063159064,0.05188159063159064,-0.0006968023514986227,0.003133055324614266,
ademp-v2,10000078,transient_nonpersistent,Transient non-persistence,600,600,79,oracle,1.0070742907719679,1.0070742907719679,0.0,0.0,0.36600379736938077,120,0.0967192760942761,0.0967192760942761,0.003280723905723912,0.003280723905723912,,,
ademp-v2,10000078,transient_nonpersistent,Transient non-persistence,600,600,79,population,1.049021088432748,1.0070742907719679,0.04194679766078013,4.1652138323008945,0.27678522055627014,120,0.0610226578976579,0.0610226578976579,0.038977342102342105,0.038977342102342105,,,
ademp-v2,10000078,transient_nonpersistent,Transient non-persistence,600,600,79,raw_index_q10,1.71297160944173,1.0070742907719679,0.7058973186697621,70.09386746718158,1.364771166094569,120,0.2160896742146742,0.2160896742146742,0.1160896742146742,0.1160896742146742,,,
ademp-v2,10000078,transient_nonpersistent,Transient non-persistence,600,600,79,affine_calibrated_q10,1.065550065237386,1.0070742907719679,0.05847577446541807,5.806500573119958,0.39346923427085695,120,0.10395454082954082,0.10395454082954082,0.003954540829540817,0.003954540829540817,,,
ademp-v2,10000078,transient_nonpersistent,Transient non-persistence,600,600,79,unpenalized_level,1.71297160944173,1.0070742907719679,0.7058973186697621,70.09386746718158,1.364771166094569,120,0.2160896742146742,0.2160896742146742,0.1160896742146742,0.1160896742146742,1.5583369640291338,7.339343762889212,
ademp-v2,10000078,transient_nonpersistent,Transient non-persistence,600,600,79,tuned_level,1.059004726101455,1.0070742907719679,0.05193043532948716,5.156564496317361,0.28661879506246923,120,0.06112165612165612,0.06112165612165612,0.038878343878343886,0.038878343878343886,-0.07873474393156514,0.9256230989812271,
ademp-v2,10000078,transient_nonpersistent,Transient non-persistence,600,600,79,tuned_level_slope,1.0642557519161469,1.0070742907719679,0.05718146114417899,5.6779784439087235,0.30738841209990886,120,0.06474930162430163,0.06474930162430163,0.03525069837569837,0.03525069837569837,0.031125882132319663,1.5232274177415792,
ademp-v2,10000079,transient_nonpersistent,Transient non-persistence,600,600,80,oracle,0.9101250959269827,0.9101250959269827,0.0,0.0,0.3002356625357373,120,0.08472152847152849,0.08472152847152849,0.015278471528471518,0.015278471528471518,,,
ademp-v2,10000079,transient_nonpersistent,Transient non-persistence,600,600,80,population,0.9697627013579944,0.9101250959269827,0.05963760543101171,6.552682229937796,0.23120876942262136,120,0.04654553779553779,0.04654553779553779,0.05345446220446221,0.05345446220446221,,,
ademp-v2,10000079,transient_nonpersistent,Transient non-persistence,600,600,80,raw_index_q10,1.833244653654841,0.9101250959269827,0.9231195577278584,101.42776656297347,1.5978220382879569,120,0.2408705646205646,0.2408705646205646,0.1408705646205646,0.1408705646205646,,,
ademp-v2,10000079,transient_nonpersistent,Transient non-persistence,600,600,80,affine_calibrated_q10,0.9935250900051815,0.9101250959269827,0.08339999407819887,9.163574815311968,0.4081153584436256,120,0.11424580049580049,0.11424580049580049,0.014245800495800487,0.014245800495800487,,,
ademp-v2,10000079,transient_nonpersistent,Transient non-persistence,600,600,80,unpenalized_level,1.833244653654841,0.9101250959269827,0.9231195577278584,101.42776656297347,1.5978220382879569,120,0.2408705646205646,0.2408705646205646,0.1408705646205646,0.1408705646205646,2.1966344082201124,7.902025614469231,
ademp-v2,10000079,transient_nonpersistent,Transient non-persistence,600,600,80,tuned_level,0.9697958726041864,0.9101250959269827,0.059670776677203774,6.556326920798482,0.23119873334219385,120,0.04654553779553779,0.04654553779553779,0.05345446220446221,0.05345446220446221,-0.0005708333333333333,0.003702883010924406,
ademp-v2,10000079,transient_nonpersistent,Transient non-persistence,600,600,80,tuned_level_slope,0.9697846741800641,0.9101250959269827,0.059659578253081436,6.555096493885472,0.23120061203636422,120,0.04654553779553779,0.04654553779553779,0.05345446220446221,0.05345446220446221,-0.0004352371473346319,0.00278985773244805,
ademp-v2,10000080,transient_nonpersistent,Transient non-persistence,600,600,81,oracle,0.9735437425137748,0.9735437425137748,0.0,0.0,0.34001930761492327,120,0.10743481055981056,0.10743481055981056,0.007434810559810559,0.007434810559810559,,,
ademp-v2,10000080,transient_nonpersistent,Transient non-persistence,600,600,81,population,0.9970513321196145,0.9735437425137748,0.02350758960583965,2.414641333438291,0.29490024513157864,120,0.073014763014763,0.073014763014763,0.026985236985237,0.026985236985237,,,
ademp-v2,10000080,transient_nonpersistent,Transient non-persistence,600,600,81,raw_index_q10,1.6557730620759363,0.9735437425137748,0.6822293195621615,70.07690458782939,1.49405899634485,120,0.19693584193584196,0.19693584193584196,0.09693584193584195,0.09693584193584195,,,
ademp-v2,10000080,transient_nonpersistent,Transient non-persistence,600,600,81,affine_calibrated_q10,1.0380318884153954,0.9735437425137748,0.06448814590162055,6.62406249308393,0.37513607816717226,120,0.08782090594590594,0.08782090594590594,0.012179094054094064,0.012179094054094064,,,
ademp-v2,10000080,transient_nonpersistent,Transient non-persistence,600,600,81,unpenalized_level,1.6557730620759363,0.9735437425137748,0.6822293195621615,70.07690458782939,1.49405899634485,120,0.19693584193584196,0.19693584193584196,0.09693584193584195,0.09693584193584195,0.9771223766286451,6.520663926850773,
ademp-v2,10000080,transient_nonpersistent,Transient non-persistence,600,600,81,tuned_level,0.9971406903732436,0.9735437425137748,0.023596947859468753,2.423819991748843,0.29490007233492826,120,0.073014763014763,0.073014763014763,0.026985236985237,0.026985236985237,-0.0013555555555555552,0.004944366416363097,
ademp-v2,10000080,transient_nonpersistent,Transient non-persistence,600,600,81,tuned_level_slope,0.9971112786723122,0.9735437425137748,0.02356753615853735,2.4207988947352193,0.29489997213540753,120,0.073014763014763,0.073014763014763,0.026985236985237,0.026985236985237,-0.0010238821242123922,0.0036338955404730763,
ademp-v2,10000081,transient_nonpersistent,Transient non-persistence,600,600,82,oracle,0.9402654253355157,0.9402654253355157,0.0,0.0,0.2971390395575849,120,0.08983828671328672,0.08983828671328672,0.010161713286713281,0.010161713286713281,,,
ademp-v2,10000081,transient_nonpersistent,Transient non-persistence,600,600,82,population,1.0211783073700549,0.9402654253355157,0.08091288203453917,8.605323545281585,0.23141664875931928,120,0.04473762348762348,0.04473762348762348,0.055262376512376525,0.055262376512376525,,,
ademp-v2,10000081,transient_nonpersistent,Transient non-persistence,600,600,82,raw_index_q10,1.7786738884855018,0.9402654253355157,0.8384084631499861,89.16721178499316,1.5186586490908607,120,0.2290882497132497,0.2290882497132497,0.1290882497132497,0.1290882497132497,,,
ademp-v2,10000081,transient_nonpersistent,Transient non-persistence,600,600,82,affine_calibrated_q10,1.0151209816348212,0.9402654253355157,0.07485555629930551,7.96110909561465,0.3190289338588956,120,0.07624683187183187,0.07624683187183187,0.023753168128168134,0.023753168128168134,,,
ademp-v2,10000081,transient_nonpersistent,Transient non-persistence,600,600,82,unpenalized_level,1.7786738884855018,0.9402654253355157,0.8384084631499861,89.16721178499316,1.5186586490908607,120,0.2290882497132497,0.2290882497132497,0.1290882497132497,0.1290882497132497,2.9362622161872496,7.290416793856128,
ademp-v2,10000081,transient_nonpersistent,Transient non-persistence,600,600,82,tuned_level,1.0212013111101421,0.9402654253355157,0.0809358857746264,8.607770060857654,0.23137952167498188,120,0.04473762348762348,0.04473762348762348,0.055262376512376525,0.055262376512376525,-0.00022222222222222202,0.0037630021505687694,
ademp-v2,10000081,transient_nonpersistent,Transient non-persistence,600,600,82,tuned_level_slope,1.021194483274248,0.9402654253355157,0.0809290579387324,8.607043900381045,0.23138715091901066,120,0.04473762348762348,0.04473762348762348,0.055262376512376525,0.055262376512376525,-0.0001648460996137592,0.002895267810022532,
ademp-v2,10000082,transient_nonpersistent,Transient non-persistence,600,600,83,oracle,0.9797276930799765,0.9797276930799765,0.0,0.0,0.2855115222618927,120,0.1004003404003404,0.1004003404003404,0.00040034040034039875,0.00040034040034039875,,,
ademp-v2,10000082,transient_nonpersistent,Transient non-persistence,600,600,83,population,1.015583108938446,0.9797276930799765,0.03585541585846941,3.6597328126706814,0.2477116480570876,120,0.0653589466089466,0.0653589466089466,0.0346410533910534,0.0346410533910534,,,
ademp-v2,10000082,transient_nonpersistent,Transient non-persistence,600,600,83,raw_index_q10,1.8254582128624228,0.9797276930799765,0.8457305197824463,86.32301870775109,1.542532035677554,120,0.20284437784437787,0.20284437784437787,0.10284437784437786,0.10284437784437786,,,
ademp-v2,10000082,transient_nonpersistent,Transient non-persistence,600,600,83,affine_calibrated_q10,1.0110969419312428,0.9797276930799765,0.03136924885126624,3.2018334352324493,0.2940590921421538,120,0.09884111259111258,0.09884111259111258,0.0011588874088874213,0.0011588874088874213,,,
ademp-v2,10000082,transient_nonpersistent,Transient non-persistence,600,600,83,unpenalized_level,1.8254582128624228,0.9797276930799765,0.8457305197824463,86.32301870775109,1.542532035677554,120,0.20284437784437787,0.20284437784437787,0.10284437784437786,0.10284437784437786,1.0859462799439543,7.049137365334082,
ademp-v2,10000082,transient_nonpersistent,Transient non-persistence,600,600,83,tuned_level,1.0156220666411533,0.9797276930799765,0.03589437356117675,3.663709193350998,0.24770718723418084,120,0.06443302068302068,0.06443302068302068,0.03556697931697933,0.03556697931697933,-0.0013152777777777778,0.004241249160853963,
ademp-v2,10000082,transient_nonpersistent,Transient non-persistence,600,600,83,tuned_level_slope,1.0156049545024848,0.9797276930799765,0.035877261422508244,3.6619625714284605,0.24770506894812838,120,0.06443302068302068,0.06443302068302068,0.03556697931697933,0.03556697931697933,-0.0010129816741327974,0.0031961792154744564,
ademp-v2,10000083,transient_nonpersistent,Transient non-persistence,600,600,84,oracle,0.9813689973576935,0.9813689973576935,0.0,0.0,0.3690815307458213,120,0.10647838272838271,0.10647838272838271,0.006478382728382706,0.006478382728382706,,,
ademp-v2,10000083,transient_nonpersistent,Transient non-persistence,600,600,84,population,1.0032795774581569,0.9813689973576935,0.021910580100463428,2.2326546038704103,0.3007725352566051,120,0.06742678617678619,0.06742678617678619,0.03257321382321382,0.03257321382321382,,,
ademp-v2,10000083,transient_nonpersistent,Transient non-persistence,600,600,84,raw_index_q10,1.5974963035759768,0.9813689973576935,0.6161273062182834,62.78243024562501,1.1840253943202315,120,0.21698606948606952,0.21698606948606952,0.11698606948606952,0.11698606948606952,,,
ademp-v2,10000083,transient_nonpersistent,Transient non-persistence,600,600,84,affine_calibrated_q10,1.0416236225370743,0.9813689973576935,0.06025462517938085,6.139854156959779,0.3920670589178942,120,0.1253564491064491,0.1253564491064491,0.025356449106449103,0.025356449106449103,,,
ademp-v2,10000083,transient_nonpersistent,Transient non-persistence,600,600,84,unpenalized_level,1.5974963035759768,0.9813689973576935,0.6161273062182834,62.78243024562501,1.1840253943202315,120,0.21698606948606952,0.21698606948606952,0.11698606948606952,0.11698606948606952,2.37461187964459,6.325282621605913,
ademp-v2,10000083,transient_nonpersistent,Transient non-persistence,600,600,84,tuned_level,1.0033002266781688,0.9813689973576935,0.02193122932047531,2.234758727810282,0.3007800090180113,120,0.06742678617678619,0.06742678617678619,0.03257321382321382,0.03257321382321382,3.7969318301606394e-05,0.002922622735233537,
ademp-v2,10000083,transient_nonpersistent,Transient non-persistence,600,600,84,tuned_level_slope,1.0032935510928658,0.9813689973576935,0.021924553735172325,2.234078495877038,0.3007778795864722,120,0.06742678617678619,0.06742678617678619,0.03257321382321382,0.03257321382321382,1.802375096383696e-05,0.002212248991199327,
ademp-v2,10000084,transient_nonpersistent,Transient non-persistence,600,600,85,oracle,0.9866709438989459,0.9866709438989459,0.0,0.0,0.3146027325632646,120,0.09168814981314982,0.09168814981314982,0.008311850186850184,0.008311850186850184,,,
ademp-v2,10000084,transient_nonpersistent,Transient non-persistence,600,600,85,population,1.0501259666823446,0.9866709438989459,0.06345502278339865,6.431224429559938,0.26014105298160023,120,0.05052930865430865,0.05052930865430865,0.049470691345691355,0.049470691345691355,,,
ademp-v2,10000084,transient_nonpersistent,Transient non-persistence,600,600,85,raw_index_q10,1.8634665599236262,0.9866709438989459,0.8767956160246803,88.8640353145416,1.7064744979129103,120,0.23645902708402705,0.23645902708402705,0.13645902708402705,0.13645902708402705,,,
ademp-v2,10000084,transient_nonpersistent,Transient non-persistence,600,600,85,affine_calibrated_q10,1.1007519004006288,0.9866709438989459,0.11408095650168282,11.562208982346084,0.44201873028547195,120,0.11256724756724758,0.11256724756724758,0.012567247567247572,0.012567247567247572,,,
ademp-v2,10000084,transient_nonpersistent,Transient non-persistence,600,600,85,unpenalized_level,1.8634665599236262,0.9866709438989459,0.8767956160246803,88.8640353145416,1.7064744979129103,120,0.23645902708402705,0.23645902708402705,0.13645902708402705,0.13645902708402705,2.801840264128531,7.284114480963187,
ademp-v2,10000084,transient_nonpersistent,Transient non-persistence,600,600,85,tuned_level,1.0501398654494725,0.9866709438989459,0.06346892155052652,6.43263308228391,0.26009837096969457,120,0.05052930865430865,0.05052930865430865,0.049470691345691355,0.049470691345691355,-0.0003666666666666665,0.0035187987217862354,
ademp-v2,10000084,transient_nonpersistent,Transient non-persistence,600,600,85,tuned_level_slope,1.0501360559283444,0.9866709438989459,0.06346511202939842,6.432246983843326,0.2601090521861845,120,0.05052930865430865,0.05052930865430865,0.049470691345691355,0.049470691345691355,-0.00028722318091033735,0.0026605785734434523,
ademp-v2,10000085,transient_nonpersistent,Transient non-persistence,600,600,86,oracle,0.9868874257499924,0.9868874257499924,0.0,0.0,0.35679952198036635,120,0.09250774688274688,0.09250774688274688,0.007492253117253128,0.007492253117253128,,,
ademp-v2,10000085,transient_nonpersistent,Transient non-persistence,600,600,86,population,1.0287093663079945,0.9868874257499924,0.041821940558002035,4.23776202500697,0.29665400544611,120,0.05923994986494986,0.05923994986494986,0.040760050135050144,0.040760050135050144,,,
ademp-v2,10000085,transient_nonpersistent,Transient non-persistence,600,600,86,raw_index_q10,1.6505763791664616,0.9868874257499924,0.6636889534164692,67.25072547277556,1.1555564537044527,120,0.20734753672253672,0.20734753672253672,0.10734753672253672,0.10734753672253672,,,
ademp-v2,10000085,transient_nonpersistent,Transient non-persistence,600,600,86,affine_calibrated_q10,1.0554664725564125,0.9868874257499924,0.06857904680642002,6.949024277445106,0.37533691136871306,120,0.10573396510896509,0.10573396510896509,0.005733965108965081,0.005733965108965081,,,
ademp-v2,10000085,transient_nonpersistent,Transient non-persistence,600,600,86,unpenalized_level,1.6505763791664616,0.9868874257499924,0.6636889534164692,67.25072547277556,1.1555564537044527,120,0.20734753672253672,0.20734753672253672,0.10734753672253672,0.10734753672253672,1.6197947913973523,6.828681752340221,
ademp-v2,10000085,transient_nonpersistent,Transient non-persistence,600,600,86,tuned_level,1.0294716994609525,0.9868874257499924,0.042584273710960074,4.315008236992972,0.2959242929409308,120,0.05923994986494986,0.05923994986494986,0.040760050135050144,0.040760050135050144,-0.009124999999999998,0.04179674141117454,
ademp-v2,10000085,transient_nonpersistent,Transient non-persistence,600,600,86,tuned_level_slope,1.0388952066080246,0.9868874257499924,0.05200778085803215,5.269879775650039,0.29465777801423915,120,0.0613329957079957,0.0613329957079957,0.03866700429200431,0.03866700429200431,-0.06636964982463599,0.6326538205680005,
ademp-v2,10000086,transient_nonpersistent,Transient non-persistence,600,600,87,oracle,0.9277826088808089,0.9277826088808089,0.0,0.0,0.27530641422380364,120,0.08739064176564175,0.08739064176564175,0.012609358234358256,0.012609358234358256,,,
ademp-v2,10000086,transient_nonpersistent,Transient non-persistence,600,600,87,population,0.966333716850748,0.9277826088808089,0.0385511079699391,4.155187605471889,0.23323167754603055,120,0.0556949531949532,0.0556949531949532,0.04430504680504681,0.04430504680504681,,,
ademp-v2,10000086,transient_nonpersistent,Transient non-persistence,600,600,87,raw_index_q10,1.6999435303026342,0.9277826088808089,0.7721609214218254,83.22649228716293,1.53064827767475,120,0.22084008584008583,0.22084008584008583,0.12084008584008582,0.12084008584008582,,,
ademp-v2,10000086,transient_nonpersistent,Transient non-persistence,600,600,87,affine_calibrated_q10,0.9952373908884311,0.9277826088808089,0.06745478200762223,7.27053744723599,0.3085029044839847,120,0.0762561743811744,0.0762561743811744,0.023743825618825612,0.023743825618825612,,,
ademp-v2,10000086,transient_nonpersistent,Transient non-persistence,600,600,87,unpenalized_level,1.6999435303026342,0.9277826088808089,0.7721609214218254,83.22649228716293,1.53064827767475,120,0.22084008584008583,0.22084008584008583,0.12084008584008582,0.12084008584008582,1.9097181214922283,6.527674540906108,
ademp-v2,10000086,transient_nonpersistent,Transient non-persistence,600,600,87,tuned_level,0.9663829696045015,0.9277826088808089,0.03860036072369266,4.16049625787409,0.23329065963824508,120,0.0556949531949532,0.0556949531949532,0.04430504680504681,0.04430504680504681,-0.000545485998826794,0.003418446793227055,
ademp-v2,10000086,transient_nonpersistent,Transient non-persistence,600,600,87,tuned_level_slope,0.9663756271148661,0.9277826088808089,0.03859301823405725,4.159704855926573,0.23328269869105595,120,0.0556949531949532,0.0556949531949532,0.04430504680504681,0.04430504680504681,-0.0004396896398380388,0.0026163366394675465,
ademp-v2,10000087,transient_nonpersistent,Transient non-persistence,600,600,88,oracle,0.9428949804062532,0.9428949804062532,0.0,0.0,0.28698528885376173,120,0.10057567432567431,0.10057567432567431,0.0005756743256743052,0.0005756743256743052,,,
ademp-v2,10000087,transient_nonpersistent,Transient non-persistence,600,600,88,population,0.98055276244218,0.9428949804062532,0.037657782035926846,3.993846909621018,0.25846870108284925,120,0.05829106079106079,0.05829106079106079,0.041708939208939214,0.041708939208939214,,,
ademp-v2,10000087,transient_nonpersistent,Transient non-persistence,600,600,88,raw_index_q10,1.7808321212843135,0.9428949804062532,0.8379371408780603,88.86855464189966,1.7379529418684065,120,0.21547958985458984,0.21547958985458984,0.11547958985458984,0.11547958985458984,,,
ademp-v2,10000087,transient_nonpersistent,Transient non-persistence,600,600,88,affine_calibrated_q10,0.9999863567808582,0.9428949804062532,0.05709137637460504,6.054902991424008,0.33602231109168307,120,0.10965987715987714,0.10965987715987714,0.009659877159877137,0.009659877159877137,,,
ademp-v2,10000087,transient_nonpersistent,Transient non-persistence,600,600,88,unpenalized_level,1.7808321212843135,0.9428949804062532,0.8379371408780603,88.86855464189966,1.7379529418684065,120,0.21547958985458984,0.21547958985458984,0.11547958985458984,0.11547958985458984,1.7016357647241283,6.935464629839841,
ademp-v2,10000087,transient_nonpersistent,Transient non-persistence,600,600,88,tuned_level,0.9805900855357531,0.9428949804062532,0.03769510512949992,3.997805260693901,0.2584391694458173,120,0.05829106079106079,0.05829106079106079,0.041708939208939214,0.041708939208939214,-0.00048194444444444435,0.00326665958049118,
ademp-v2,10000087,transient_nonpersistent,Transient non-persistence,600,600,88,tuned_level_slope,0.9805723626104245,0.9428949804062532,0.03767738220417127,3.99592563192326,0.25844790555605746,120,0.05829106079106079,0.05829106079106079,0.041708939208939214,0.041708939208939214,-0.00027928593967439455,0.002399327383413066,
ademp-v2,10000088,transient_nonpersistent,Transient non-persistence,600,600,89,oracle,0.9173971245679108,0.9173971245679108,0.0,0.0,0.28160453719027034,120,0.09195279257779258,0.09195279257779258,0.008047207422207422,0.008047207422207422,,,
ademp-v2,10000088,transient_nonpersistent,Transient non-persistence,600,600,89,population,0.9578672132747469,0.9173971245679108,0.040470088706836105,4.411403483076896,0.24166148399816934,120,0.06001019813519813,0.06001019813519813,0.039989801864801874,0.039989801864801874,,,
ademp-v2,10000088,transient_nonpersistent,Transient non-persistence,600,600,89,raw_index_q10,1.6938529265904936,0.9173971245679108,0.7764558020225828,84.63682534303662,1.4639754451982612,120,0.1922199097199097,0.1922199097199097,0.0922199097199097,0.0922199097199097,,,
ademp-v2,10000088,transient_nonpersistent,Transient non-persistence,600,600,89,affine_calibrated_q10,1.0076148567860648,0.9173971245679108,0.09021773221815399,9.834097993346782,0.3317635615545612,120,0.10724913974913974,0.10724913974913974,0.007249139749139738,0.007249139749139738,,,
ademp-v2,10000088,transient_nonpersistent,Transient non-persistence,600,600,89,unpenalized_level,1.6938529265904936,0.9173971245679108,0.7764558020225828,84.63682534303662,1.4639754451982612,120,0.1922199097199097,0.1922199097199097,0.0922199097199097,0.0922199097199097,0.8518822069889805,6.736320794242295,
ademp-v2,10000088,transient_nonpersistent,Transient non-persistence,600,600,89,tuned_level,0.9579146964050425,0.9173971245679108,0.04051757183713167,4.416579336480397,0.24163455424959335,120,0.06001019813519813,0.06001019813519813,0.039989801864801874,0.039989801864801874,-0.0009916666666666665,0.0037757143057332234,
ademp-v2,10000088,transient_nonpersistent,Transient non-persistence,600,600,89,tuned_level_slope,0.9579049092040304,0.9173971245679108,0.04050778463611959,4.415512491953639,0.2416337467186093,120,0.06001019813519813,0.06001019813519813,0.039989801864801874,0.039989801864801874,-0.0007943684647838205,0.00290953036483353,
ademp-v2,10000089,transient_nonpersistent,Transient non-persistence,600,600,90,oracle,0.9939083883630478,0.9939083883630478,0.0,0.0,0.35318380055148046,120,0.09759504384504385,0.09759504384504385,0.0024049561549561588,0.0024049561549561588,,,
ademp-v2,10000089,transient_nonpersistent,Transient non-persistence,600,600,90,population,1.0441119831788042,0.9939083883630478,0.050203594815756314,5.051128997758122,0.27070183439065315,120,0.05773839586339587,0.05773839586339587,0.04226160413660414,0.04226160413660414,,,
ademp-v2,10000089,transient_nonpersistent,Transient non-persistence,600,600,90,raw_index_q10,1.643353499104032,0.9939083883630478,0.6494451107409841,65.34255252746287,1.2532345106013385,120,0.21570868945868946,0.21570868945868946,0.11570868945868945,0.11570868945868945,,,
ademp-v2,10000089,transient_nonpersistent,Transient non-persistence,600,600,90,affine_calibrated_q10,1.031488353769338,0.9939083883630478,0.03757996540629016,3.781029101503389,0.42359431173154155,120,0.10208233895733895,0.10208233895733895,0.0020823389573389472,0.0020823389573389472,,,
ademp-v2,10000089,transient_nonpersistent,Transient non-persistence,600,600,90,unpenalized_level,1.643353499104032,0.9939083883630478,0.6494451107409841,65.34255252746287,1.2532345106013385,120,0.21570868945868946,0.21570868945868946,0.11570868945868945,0.11570868945868945,2.748155616687339,6.6146117065770484,
ademp-v2,10000089,transient_nonpersistent,Transient non-persistence,600,600,90,tuned_level,1.0441024105947523,0.9939083883630478,0.05019402223170444,5.050165872367093,0.27070826515307717,120,0.05773839586339587,0.05773839586339587,0.04226160413660414,0.04226160413660414,0.00011666666666666681,0.0024779583890327493,
ademp-v2,10000089,transient_nonpersistent,Transient non-persistence,600,600,90,tuned_level_slope,1.0441078007502869,0.9939083883630478,0.05019941238723902,5.050708191518204,0.2707116562462451,120,0.05773839586339587,0.05773839586339587,0.04226160413660414,0.04226160413660414,8.016964650288035e-05,0.0018506066908608918,
ademp-v2,10000090,transient_nonpersistent,Transient non-persistence,600,600,91,oracle,1.0049055048520592,1.0049055048520592,0.0,0.0,0.40083633785376493,120,0.10580821955821955,0.10580821955821955,0.005808219558219543,0.005808219558219543,,,
ademp-v2,10000090,transient_nonpersistent,Transient non-persistence,600,600,91,population,1.036159696225694,1.0049055048520592,0.03125419137363483,3.110162221495247,0.33357415484727465,120,0.06924732674732675,0.06924732674732675,0.03075267325267325,0.03075267325267325,,,
ademp-v2,10000090,transient_nonpersistent,Transient non-persistence,600,600,91,raw_index_q10,1.8918677949762988,1.0049055048520592,0.8869622901242395,88.26325319561434,1.7261549701320693,120,0.2405477392977393,0.2405477392977393,0.14054773929773928,0.14054773929773928,,,
ademp-v2,10000090,transient_nonpersistent,Transient non-persistence,600,600,91,affine_calibrated_q10,1.1128089906056506,1.0049055048520592,0.10790348575359143,10.73767485923732,0.5159805471104392,120,0.1075913207163207,0.1075913207163207,0.007591320716320696,0.007591320716320696,,,
ademp-v2,10000090,transient_nonpersistent,Transient non-persistence,600,600,91,unpenalized_level,1.8918677949762988,1.0049055048520592,0.8869622901242395,88.26325319561434,1.7261549701320693,120,0.2405477392977393,0.2405477392977393,0.14054773929773928,0.14054773929773928,2.1273639022848583,7.227072144557585,
ademp-v2,10000090,transient_nonpersistent,Transient non-persistence,600,600,91,tuned_level,1.0361791708906893,1.0049055048520592,0.03127366603863013,3.1121001813234366,0.33357278060619383,120,0.06924732674732675,0.06924732674732675,0.03075267325267325,0.03075267325267325,-0.000498611111111111,0.0036952484505255005,
ademp-v2,10000090,transient_nonpersistent,Transient non-persistence,600,600,91,tuned_level_slope,1.0361705545700044,1.0049055048520592,0.03126504971794519,3.111242755362156,0.33356924483943,120,0.06924732674732675,0.06924732674732675,0.03075267325267325,0.03075267325267325,-0.0003657799678175023,0.0028162144598431254,
ademp-v2,10000091,transient_nonpersistent,Transient non-persistence,600,600,92,oracle,0.9968067355158747,0.9968067355158747,0.0,0.0,0.2923813216229383,120,0.0953258547008547,0.0953258547008547,0.00467414529914531,0.00467414529914531,,,
ademp-v2,10000091,transient_nonpersistent,Transient non-persistence,600,600,92,population,1.0279770176284297,0.9968067355158747,0.031170282112555014,3.127013592702455,0.24034259157048277,120,0.06073373385873385,0.06073373385873385,0.03926626614126615,0.03926626614126615,,,
ademp-v2,10000091,transient_nonpersistent,Transient non-persistence,600,600,92,raw_index_q10,1.9877150520808327,0.9968067355158747,0.9909083165649579,99.40826854988453,2.2333996375127136,120,0.22744604932104934,0.22744604932104934,0.12744604932104933,0.12744604932104933,,,
ademp-v2,10000091,transient_nonpersistent,Transient non-persistence,600,600,92,affine_calibrated_q10,1.0414550627274468,0.9968067355158747,0.04464832721157208,4.4791357863834405,0.3059009617183359,120,0.09572547822547822,0.09572547822547822,0.004274521774521783,0.004274521774521783,,,
ademp-v2,10000091,transient_nonpersistent,Transient non-persistence,600,600,92,unpenalized_level,1.9877150520808327,0.9968067355158747,0.9909083165649579,99.40826854988453,2.2333996375127136,120,0.22744604932104934,0.22744604932104934,0.12744604932104933,0.12744604932104933,1.7073632984196567,7.72560673217098,
ademp-v2,10000091,transient_nonpersistent,Transient non-persistence,600,600,92,tuned_level,1.0280357115926446,0.9968067355158747,0.031228976076769888,3.132901791700679,0.24032327962940975,120,0.06073373385873385,0.06073373385873385,0.03926626614126615,0.03926626614126615,-0.001198611111111111,0.0046167719602914475,
ademp-v2,10000091,transient_nonpersistent,Transient non-persistence,600,600,92,tuned_level_slope,1.0280101500774015,0.9968067355158747,0.031203414561526754,3.1303374515600693,0.24031850908821448,120,0.06073373385873385,0.06073373385873385,0.03926626614126615,0.03926626614126615,-0.0008815344345324815,0.003440820270016156,
ademp-v2,10000092,transient_nonpersistent,Transient non-persistence,600,600,93,oracle,0.9725977079457183,0.9725977079457183,0.0,0.0,0.4011576192231216,120,0.0954145622895623,0.0954145622895623,0.004585437710437706,0.004585437710437706,,,
ademp-v2,10000092,transient_nonpersistent,Transient non-persistence,600,600,93,population,0.9918978847279561,0.9725977079457183,0.019300176782237832,1.9843946396915626,0.34106296323618546,120,0.0638491600991601,0.0638491600991601,0.03615083990083991,0.03615083990083991,,,
ademp-v2,10000092,transient_nonpersistent,Transient non-persistence,600,600,93,raw_index_q10,1.867889092560795,0.9725977079457183,0.8952913846150766,92.05156225445718,1.8914700454644708,120,0.2365821215821216,0.2365821215821216,0.1365821215821216,0.1365821215821216,,,
ademp-v2,10000092,transient_nonpersistent,Transient non-persistence,600,600,93,affine_calibrated_q10,1.0722370551914853,0.9725977079457183,0.09963934724576695,10.244661943140002,0.4937445331456218,120,0.10904535279535278,0.10904535279535278,0.009045352795352776,0.009045352795352776,,,
ademp-v2,10000092,transient_nonpersistent,Transient non-persistence,600,600,93,unpenalized_level,1.867889092560795,0.9725977079457183,0.8952913846150766,92.05156225445718,1.8914700454644708,120,0.2365821215821216,0.2365821215821216,0.1365821215821216,0.1365821215821216,1.745728467323614,7.439689087644816,
ademp-v2,10000092,transient_nonpersistent,Transient non-persistence,600,600,93,tuned_level,0.9918995694282865,0.9725977079457183,0.019301861482568183,1.9845678562554705,0.34101596948685786,120,0.0638491600991601,0.0638491600991601,0.03615083990083991,0.03615083990083991,-0.0010680555555555554,0.004286526047460292,
ademp-v2,10000092,transient_nonpersistent,Transient non-persistence,600,600,93,tuned_level_slope,0.9918978798360928,0.9725977079457183,0.019300171890374473,1.9843941367227278,0.34103413879191946,120,0.0638491600991601,0.0638491600991601,0.03615083990083991,0.03615083990083991,-0.0007411126017768,0.0031208316774180432,
ademp-v2,10000093,transient_nonpersistent,Transient non-persistence,600,600,94,oracle,1.001234824427417,1.001234824427417,0.0,0.0,0.31743800679072665,120,0.11036599974099974,0.11036599974099974,0.010365999740999735,0.010365999740999735,,,
ademp-v2,10000093,transient_nonpersistent,Transient non-persistence,600,600,94,population,1.0137280127411652,1.001234824427417,0.012493188313748238,1.2477780445653999,0.28272370376862915,120,0.07421004921004921,0.07421004921004921,0.02578995078995079,0.02578995078995079,,,
ademp-v2,10000093,transient_nonpersistent,Transient non-persistence,600,600,94,raw_index_q10,1.988615703335917,1.001234824427417,0.9873808789085001,98.61631405731022,1.6553745821398411,120,0.2565405890405891,0.2565405890405891,0.15654058904058907,0.15654058904058907,,,
ademp-v2,10000093,transient_nonpersistent,Transient non-persistence,600,600,94,affine_calibrated_q10,1.0729982339251183,1.001234824427417,0.07176340949770132,7.167490357593301,0.43367920486640305,120,0.11550014800014802,0.11550014800014802,0.015500148000148012,0.015500148000148012,,,
ademp-v2,10000093,transient_nonpersistent,Transient non-persistence,600,600,94,unpenalized_level,1.988615703335917,1.001234824427417,0.9873808789085001,98.61631405731022,1.6553745821398411,120,0.2565405890405891,0.2565405890405891,0.15654058904058907,0.15654058904058907,1.9952208524371986,7.22710489941513,
ademp-v2,10000093,transient_nonpersistent,Transient non-persistence,600,600,94,tuned_level,1.0138226401970425,1.001234824427417,0.012587815769625532,1.257229119734645,0.28270041979230887,120,0.07421004921004921,0.07421004921004921,0.02578995078995079,0.02578995078995079,-0.0006097222222222221,0.003462597772386122,
ademp-v2,10000093,transient_nonpersistent,Transient non-persistence,600,600,94,tuned_level_slope,1.0138057825484377,1.001234824427417,0.012570958121020714,1.2555454339305223,0.28270512131094394,120,0.07421004921004921,0.07421004921004921,0.02578995078995079,0.02578995078995079,-0.0004967069736873612,0.0026968873306726106,
ademp-v2,10000094,transient_nonpersistent,Transient non-persistence,600,600,95,oracle,0.9861429213263061,0.9861429213263061,0.0,0.0,0.3536647707752819,120,0.10358435545935546,0.10358435545935546,0.003584355459355454,0.003584355459355454,,,
ademp-v2,10000094,transient_nonpersistent,Transient non-persistence,600,600,95,population,1.0266012762988725,0.9861429213263061,0.040458354972566446,4.102686750329482,0.3044166201981574,120,0.05756336256336256,0.05756336256336256,0.04243663743663745,0.04243663743663745,,,
ademp-v2,10000094,transient_nonpersistent,Transient non-persistence,600,600,95,raw_index_q10,1.8369852360368408,0.9861429213263061,0.8508423147105347,86.27981769277422,1.6732253066102982,120,0.23436820124320126,0.23436820124320126,0.13436820124320126,0.13436820124320126,,,
ademp-v2,10000094,transient_nonpersistent,Transient non-persistence,600,600,95,affine_calibrated_q10,1.0779459563647376,0.9861429213263061,0.09180303503843146,9.309303251395,0.4614558908145915,120,0.11329200891700891,0.11329200891700891,0.013292008917008907,0.013292008917008907,,,
ademp-v2,10000094,transient_nonpersistent,Transient non-persistence,600,600,95,unpenalized_level,1.8369852360368408,0.9861429213263061,0.8508423147105347,86.27981769277422,1.6732253066102982,120,0.23436820124320126,0.23436820124320126,0.13436820124320126,0.13436820124320126,2.087142979917878,7.073234001171004,
ademp-v2,10000094,transient_nonpersistent,Transient non-persistence,600,600,95,tuned_level,1.0266116526509157,0.9861429213263061,0.0404687313246096,4.103738966171501,0.30436202605912993,120,0.05756336256336256,0.05756336256336256,0.04243663743663745,0.04243663743663745,-0.0004694444444444443,0.0032823179479007075,
ademp-v2,10000094,transient_nonpersistent,Transient non-persistence,600,600,95,tuned_level_slope,1.0266053285086914,0.9861429213263061,0.04046240718238525,4.1030976653937365,0.30436360546301433,120,0.05756336256336256,0.05756336256336256,0.04243663743663745,0.04243663743663745,-0.0003526727513717984,0.002504831686912957,
ademp-v2,10000095,transient_nonpersistent,Transient non-persistence,600,600,96,oracle,0.9509469367863186,0.9509469367863186,0.0,0.0,0.3409484869141613,120,0.09709447959447957,0.09709447959447957,0.0029055204055204314,0.0029055204055204314,,,
ademp-v2,10000095,transient_nonpersistent,Transient non-persistence,600,600,96,population,1.0007288431105386,0.9509469367863186,0.04978190632421997,5.234982563007735,0.2808094329898089,120,0.04980135605135605,0.04980135605135605,0.050198643948643956,0.050198643948643956,,,
ademp-v2,10000095,transient_nonpersistent,Transient non-persistence,600,600,96,raw_index_q10,1.5918985825220004,0.9509469367863186,0.6409516457356819,67.401410209254,1.3430005449216433,120,0.17186422373922378,0.17186422373922378,0.07186422373922377,0.07186422373922377,,,
ademp-v2,10000095,transient_nonpersistent,Transient non-persistence,600,600,96,affine_calibrated_q10,1.0371877086504318,0.9509469367863186,0.08624077186411316,9.068936291604228,0.40323755615443285,120,0.08025166962666962,0.08025166962666962,0.01974833037333039,0.01974833037333039,,,
ademp-v2,10000095,transient_nonpersistent,Transient non-persistence,600,600,96,unpenalized_level,1.5918985825220004,0.9509469367863186,0.6409516457356819,67.401410209254,1.3430005449216433,120,0.17186422373922378,0.17186422373922378,0.07186422373922377,0.07186422373922377,0.6556786093001631,7.131065395601288,
ademp-v2,10000095,transient_nonpersistent,Transient non-persistence,600,600,96,tuned_level,1.0007927179895177,0.9509469367863186,0.04984578120319916,5.241699539161531,0.28071478580801773,120,0.04980135605135605,0.04980135605135605,0.050198643948643956,0.050198643948643956,-0.001534722222222222,0.004719026696572394,
ademp-v2,10000095,transient_nonpersistent,Transient non-persistence,600,600,96,tuned_level_slope,1.0007767668982261,0.9509469367863186,0.04982983011190756,5.240022148901933,0.2807337559831786,120,0.04980135605135605,0.04980135605135605,0.050198643948643956,0.050198643948643956,-0.001132685353800127,0.003598402023922592,
ademp-v2,10000096,transient_nonpersistent,Transient non-persistence,600,600,97,oracle,0.9508312313226824,0.9508312313226824,0.0,0.0,0.28690038351010133,120,0.09579473766973766,0.09579473766973766,0.0042052623302623465,0.0042052623302623465,,,
ademp-v2,10000096,transient_nonpersistent,Transient non-persistence,600,600,97,population,1.0082678734147028,0.9508312313226824,0.057436642092020374,6.040676851992062,0.25432955393218454,120,0.04940247252747253,0.04940247252747253,0.05059752747252748,0.05059752747252748,,,
ademp-v2,10000096,transient_nonpersistent,Transient non-persistence,600,600,97,raw_index_q10,1.8210976917511568,0.9508312313226824,0.8702664604284743,91.52691158638783,1.6477182977440767,120,0.20920732045732043,0.20920732045732043,0.10920732045732043,0.10920732045732043,,,
ademp-v2,10000096,transient_nonpersistent,Transient non-persistence,600,600,97,affine_calibrated_q10,1.0528807150186552,0.9508312313226824,0.10204948369597278,10.732660048830512,0.4242957957224526,120,0.11306954619454619,0.11306954619454619,0.013069546194546186,0.013069546194546186,,,
ademp-v2,10000096,transient_nonpersistent,Transient non-persistence,600,600,97,unpenalized_level,1.8210976917511568,0.9508312313226824,0.8702664604284743,91.52691158638783,1.6477182977440767,120,0.20920732045732043,0.20920732045732043,0.10920732045732043,0.10920732045732043,1.743544089086403,7.367238359851481,
ademp-v2,10000096,transient_nonpersistent,Transient non-persistence,600,600,97,tuned_level,1.00834734649178,0.9508312313226824,0.057516115169097604,6.04903512572763,0.25430883522467984,120,0.04940247252747253,0.04940247252747253,0.05059752747252748,0.05059752747252748,-0.0010458333333333333,0.004287551964915626,
ademp-v2,10000096,transient_nonpersistent,Transient non-persistence,600,600,97,tuned_level_slope,1.0406071651165683,0.9508312313226824,0.08977593379388582,9.441836872459511,0.28723968916504317,120,0.05803703241203242,0.05803703241203242,0.04196296758796759,0.04196296758796759,-0.04350678987457844,1.5690480666745832,
ademp-v2,10000097,transient_nonpersistent,Transient non-persistence,600,600,98,oracle,0.9482873419012608,0.9482873419012608,0.0,0.0,0.299403900322601,120,0.08841475653975654,0.08841475653975654,0.011585243460243463,0.011585243460243463,,,
ademp-v2,10000097,transient_nonpersistent,Transient non-persistence,600,600,98,population,0.9959131551702082,0.9482873419012608,0.047625813268947326,5.022297690219121,0.24838505065257865,120,0.05500259000259,0.05500259000259,0.044997409997410004,0.044997409997410004,,,
ademp-v2,10000097,transient_nonpersistent,Transient non-persistence,600,600,98,raw_index_q10,1.8996853537442424,0.9482873419012608,0.9513980118429816,100.32803031362667,1.6419771487798054,120,0.2319178969178969,0.2319178969178969,0.1319178969178969,0.1319178969178969,,,
ademp-v2,10000097,transient_nonpersistent,Transient non-persistence,600,600,98,affine_calibrated_q10,1.030483912597408,0.9482873419012608,0.08219657069614705,8.66789706707966,0.33968919198058517,120,0.09186193436193436,0.09186193436193436,0.008138065638065642,0.008138065638065642,,,
ademp-v2,10000097,transient_nonpersistent,Transient non-persistence,600,600,98,unpenalized_level,1.8996853537442424,0.9482873419012608,0.9513980118429816,100.32803031362667,1.6419771487798054,120,0.2319178969178969,0.2319178969178969,0.1319178969178969,0.1319178969178969,1.5251114688771958,7.8566658175972535,
ademp-v2,10000097,transient_nonpersistent,Transient non-persistence,600,600,98,tuned_level,0.996017245493465,0.9482873419012608,0.04772990359220419,5.033274355060831,0.24834216347601412,120,0.05500259000259,0.05500259000259,0.044997409997410004,0.044997409997410004,-0.0015791666666666667,0.004681598136439214,
ademp-v2,10000097,transient_nonpersistent,Transient non-persistence,600,600,98,tuned_level_slope,0.9959818814055262,0.9482873419012608,0.04769453950426539,5.029545096388254,0.24835768674326925,120,0.05500259000259,0.05500259000259,0.044997409997410004,0.044997409997410004,-0.0011137483639046138,0.003408677886696395,
ademp-v2,10000098,transient_nonpersistent,Transient non-persistence,600,600,99,oracle,0.9120027034121018,0.9120027034121018,0.0,0.0,0.31560246479165904,120,0.08317751692751692,0.08317751692751692,0.016822483072483088,0.016822483072483088,,,
ademp-v2,10000098,transient_nonpersistent,Transient non-persistence,600,600,99,population,0.9984349661599178,0.9120027034121018,0.08643226274781601,9.477193699584937,0.2786215361831771,120,0.04566024253524254,0.04566024253524254,0.054339757464757464,0.054339757464757464,,,
ademp-v2,10000098,transient_nonpersistent,Transient non-persistence,600,600,99,raw_index_q10,1.8624007272293055,0.9120027034121018,0.9503980238172037,104.21000072274485,1.804199659292217,120,0.23155964405964408,0.23155964405964408,0.13155964405964407,0.13155964405964407,,,
ademp-v2,10000098,transient_nonpersistent,Transient non-persistence,600,600,99,affine_calibrated_q10,1.0008076051050108,0.9120027034121018,0.088804901692909,9.737350707477146,0.37331750200970193,120,0.06922514985014985,0.06922514985014985,0.030774850149850153,0.030774850149850153,,,
ademp-v2,10000098,transient_nonpersistent,Transient non-persistence,600,600,99,unpenalized_level,1.8624007272293055,0.9120027034121018,0.9503980238172037,104.21000072274485,1.804199659292217,120,0.23155964405964408,0.23155964405964408,0.13155964405964407,0.13155964405964407,2.9273115757244494,7.755549497939633,
ademp-v2,10000098,transient_nonpersistent,Transient non-persistence,600,600,99,tuned_level,0.9984376397902996,0.9120027034121018,0.08643493637819788,9.477486859942013,0.2786108812270601,120,0.04566024253524254,0.04566024253524254,0.054339757464757464,0.054339757464757464,-0.00017361111111111096,0.0031242406484823845,
ademp-v2,10000098,transient_nonpersistent,Transient non-persistence,600,600,99,tuned_level_slope,0.9984399379002149,0.9120027034121018,0.08643723448811313,9.477738844931384,0.2786098157471951,120,0.04566024253524254,0.04566024253524254,0.054339757464757464,0.054339757464757464,-0.0001584612833184611,0.002451902226029821,
ademp-v2,10000099,transient_nonpersistent,Transient non-persistence,600,600,100,oracle,0.9965731786823555,0.9965731786823555,0.0,0.0,0.33598837284415844,120,0.1085477947977948,0.1085477947977948,0.0085477947977948,0.0085477947977948,,,
ademp-v2,10000099,transient_nonpersistent,Transient non-persistence,600,600,100,population,1.0373209823531175,0.9965731786823555,0.04074780367076203,4.088791926413048,0.2773149802316396,120,0.05490252802752803,0.05490252802752803,0.04509747197247198,0.04509747197247198,,,
ademp-v2,10000099,transient_nonpersistent,Transient non-persistence,600,600,100,raw_index_q10,1.7783078106939754,0.9965731786823555,0.7817346320116199,78.44227084710528,1.414069781305776,120,0.2242543336293336,0.2242543336293336,0.12425433362933361,0.12425433362933361,,,
ademp-v2,10000099,transient_nonpersistent,Transient non-persistence,600,600,100,affine_calibrated_q10,1.0397602988117152,0.9965731786823555,0.04318712012935966,4.333562356801595,0.3091660899112647,120,0.09174915362415363,0.09174915362415363,0.008250846375846374,0.008250846375846374,,,
ademp-v2,10000099,transient_nonpersistent,Transient non-persistence,600,600,100,unpenalized_level,1.7783078106939754,0.9965731786823555,0.7817346320116199,78.44227084710528,1.414069781305776,120,0.2242543336293336,0.2242543336293336,0.12425433362933361,0.12425433362933361,1.9917650884289064,7.391031009266513,
ademp-v2,10000099,transient_nonpersistent,Transient non-persistence,600,600,100,tuned_level,1.0373401447108213,0.9965731786823555,0.040766966028465745,4.090714751360941,0.27727774990053916,120,0.05490252802752803,0.05490252802752803,0.04509747197247198,0.04509747197247198,-0.000909722222222222,0.004130257592182088,
ademp-v2,10000099,transient_nonpersistent,Transient non-persistence,600,600,100,tuned_level_slope,1.037335065644144,0.9965731786823555,0.04076188696178851,4.090205098202911,0.27728395562500885,120,0.05490252802752803,0.05490252802752803,0.04509747197247198,0.04509747197247198,-0.0007189900832072056,0.0032209807588048653,
ademp-v2,10000100,transient_nonpersistent,Transient non-persistence,600,600,101,oracle,0.9492059561592835,0.9492059561592835,0.0,0.0,0.3371681906882521,120,0.10878415565915565,0.10878415565915565,0.008784155659155649,0.008784155659155649,,,
ademp-v2,10000100,transient_nonpersistent,Transient non-persistence,600,600,101,population,0.999252024960325,0.9492059561592835,0.050046068801041454,5.272414113744074,0.2592957661780391,120,0.046562974062974063,0.046562974062974063,0.05343702593702594,0.05343702593702594,,,
ademp-v2,10000100,transient_nonpersistent,Transient non-persistence,600,600,101,raw_index_q10,1.8298637841757175,0.9492059561592835,0.880657828016434,92.77837146953736,1.5105429491160962,120,0.2503670634920635,0.2503670634920635,0.1503670634920635,0.1503670634920635,,,
ademp-v2,10000100,transient_nonpersistent,Transient non-persistence,600,600,101,affine_calibrated_q10,1.0040162399014116,0.9492059561592835,0.05481028374212815,5.7743299424609384,0.33569395884232006,120,0.10329080641580643,0.10329080641580643,0.0032908064158064243,0.0032908064158064243,,,
ademp-v2,10000100,transient_nonpersistent,Transient non-persistence,600,600,101,unpenalized_level,1.8298637841757175,0.9492059561592835,0.880657828016434,92.77837146953736,1.5105429491160962,120,0.2503670634920635,0.2503670634920635,0.1503670634920635,0.1503670634920635,2.7141254167479487,7.8025121803148405,
ademp-v2,10000100,transient_nonpersistent,Transient non-persistence,600,600,101,tuned_level,0.9992870873824706,0.9492059561592835,0.050081131223187136,5.276107982489647,0.25930456033244115,120,0.046562974062974063,0.046562974062974063,0.05343702593702594,0.05343702593702594,-0.0005597222222222221,0.004218757716042326,
ademp-v2,10000100,transient_nonpersistent,Transient non-persistence,600,600,101,tuned_level_slope,0.999278640121424,0.9492059561592835,0.050072683962140485,5.275218053281782,0.25930444694246224,120,0.046562974062974063,0.046562974062974063,0.05343702593702594,0.05343702593702594,-0.0003705296313173014,0.0031225816453917875,
ademp-v2,10000101,transient_nonpersistent,Transient non-persistence,600,600,102,oracle,1.0174701133396558,1.0174701133396558,0.0,0.0,0.3244434054951373,120,0.10186813186813186,0.10186813186813186,0.0018681318681318532,0.0018681318681318532,,,
ademp-v2,10000101,transient_nonpersistent,Transient non-persistence,600,600,102,population,1.0340547363279866,1.0174701133396558,0.016584622988330855,1.6299862542296133,0.2747538589572744,120,0.07394908332408331,0.07394908332408331,0.02605091667591669,0.02605091667591669,,,
ademp-v2,10000101,transient_nonpersistent,Transient non-persistence,600,600,102,raw_index_q10,1.9226891749374102,1.0174701133396558,0.9052190615977544,88.96763155298407,1.7179200417818654,120,0.20554186554186554,0.20554186554186554,0.10554186554186554,0.10554186554186554,,,
ademp-v2,10000101,transient_nonpersistent,Transient non-persistence,600,600,102,affine_calibrated_q10,1.135920057849435,1.0174701133396558,0.1184499445097793,11.641614132624444,0.423081084684183,120,0.12775296462796462,0.12775296462796462,0.027752964627964616,0.027752964627964616,,,
ademp-v2,10000101,transient_nonpersistent,Transient non-persistence,600,600,102,unpenalized_level,1.9226891749374102,1.0174701133396558,0.9052190615977544,88.96763155298407,1.7179200417818654,120,0.20554186554186554,0.20554186554186554,0.10554186554186554,0.10554186554186554,0.7269006538645509,7.407874303769685,
ademp-v2,10000101,transient_nonpersistent,Transient non-persistence,600,600,102,tuned_level,1.0449263251736989,1.0174701133396558,0.02745621183404312,2.6984784588830064,0.2794225171541994,120,0.07293717856217856,0.07293717856217856,0.027062821437821447,0.027062821437821447,-0.1247210696504826,0.4353756273206362,
ademp-v2,10000101,transient_nonpersistent,Transient non-persistence,600,600,102,tuned_level_slope,1.0543571734931243,1.0174701133396558,0.03688706015346854,3.625370383842888,0.287188166393421,120,0.07502051189551188,0.07502051189551188,0.02497948810448812,0.02497948810448812,-0.191168490804304,0.7874604334182019,
ademp-v2,10000102,transient_nonpersistent,Transient non-persistence,600,600,103,oracle,0.9452407670777724,0.9452407670777724,0.0,0.0,0.3290742989811989,120,0.0795539183039183,0.0795539183039183,0.02044608169608171,0.02044608169608171,,,
ademp-v2,10000102,transient_nonpersistent,Transient non-persistence,600,600,103,population,0.9936831796470326,0.9452407670777724,0.048442412569260185,5.1248755085988,0.27310916709411415,120,0.04930053742553742,0.04930053742553742,0.05069946257446258,0.05069946257446258,,,
ademp-v2,10000102,transient_nonpersistent,Transient non-persistence,600,600,103,raw_index_q10,1.880544026039981,0.9452407670777724,0.9353032589622087,98.94867969498547,1.8874799407395837,120,0.2355626318126318,0.2355626318126318,0.13556263181263178,0.13556263181263178,,,
ademp-v2,10000102,transient_nonpersistent,Transient non-persistence,600,600,103,affine_calibrated_q10,0.9900820336077956,0.9452407670777724,0.04484126653002318,4.743898918859658,0.40482545825586996,120,0.09411056536056536,0.09411056536056536,0.005889434639434643,0.005889434639434643,,,
ademp-v2,10000102,transient_nonpersistent,Transient non-persistence,600,600,103,unpenalized_level,1.880544026039981,0.9452407670777724,0.9353032589622087,98.94867969498547,1.8874799407395837,120,0.2355626318126318,0.2355626318126318,0.13556263181263178,0.13556263181263178,2.69038100374237,7.616656001597088,
ademp-v2,10000102,transient_nonpersistent,Transient non-persistence,600,600,103,tuned_level,0.9936469688593635,0.9452407670777724,0.04840620178159116,5.1210446552405635,0.2731018107852228,120,0.04930053742553742,0.04930053742553742,0.05069946257446258,0.05069946257446258,-0.0003388888888888888,0.0030657909377637075,
ademp-v2,10000102,transient_nonpersistent,Transient non-persistence,600,600,103,tuned_level_slope,0.9936633089505943,0.9452407670777724,0.04842254187282191,5.122773324993272,0.2731025729449017,120,0.04930053742553742,0.04930053742553742,0.05069946257446258,0.05069946257446258,-0.0002956972226991759,0.00238293145215963,
ademp-v2,10000103,transient_nonpersistent,Transient non-persistence,600,600,104,oracle,0.9557247476493342,0.9557247476493342,0.0,0.0,0.3123742527979368,120,0.08617856680356681,0.08617856680356681,0.013821433196433197,0.013821433196433197,,,
ademp-v2,10000103,transient_nonpersistent,Transient non-persistence,600,600,104,population,0.9983531710832244,0.9557247476493342,0.04262842343389017,4.460324328603763,0.24547675381839118,120,0.05513056388056388,0.05513056388056388,0.044869436119436126,0.044869436119436126,,,
ademp-v2,10000103,transient_nonpersistent,Transient non-persistence,600,600,104,raw_index_q10,1.817669425969573,0.9557247476493342,0.8619446783202387,90.18754410621327,1.5923425769253916,120,0.21086346523846522,0.21086346523846522,0.11086346523846521,0.11086346523846521,,,
ademp-v2,10000103,transient_nonpersistent,Transient non-persistence,600,600,104,affine_calibrated_q10,0.9718276790878033,0.9557247476493342,0.01610293143846908,1.684892169850709,0.28922694319828096,120,0.10472666222666223,0.10472666222666223,0.004726662226662223,0.004726662226662223,,,
ademp-v2,10000103,transient_nonpersistent,Transient non-persistence,600,600,104,unpenalized_level,1.817669425969573,0.9557247476493342,0.8619446783202387,90.18754410621327,1.5923425769253916,120,0.21086346523846522,0.21086346523846522,0.11086346523846521,0.11086346523846521,1.150555106981811,7.421389987382717,
ademp-v2,10000103,transient_nonpersistent,Transient non-persistence,600,600,104,tuned_level,0.9984124470348962,0.9557247476493342,0.04268769938556194,4.466526527701102,0.24542344647394418,120,0.05513056388056388,0.05513056388056388,0.044869436119436126,0.044869436119436126,-0.0010833333333333333,0.0040000578699517534,
ademp-v2,10000103,transient_nonpersistent,Transient non-persistence,600,600,104,tuned_level_slope,0.9984032580859503,0.9557247476493342,0.04267851043661608,4.465565063747338,0.24543494149936015,120,0.05513056388056388,0.05513056388056388,0.044869436119436126,0.044869436119436126,-0.0008753086731449092,0.003089889402942802,
ademp-v2,10000104,transient_nonpersistent,Transient non-persistence,600,600,105,oracle,0.9152677431690549,0.9152677431690549,0.0,0.0,0.27427795389202,120,0.07493980556480556,0.07493980556480556,0.025060194435194444,0.025060194435194444,,,
ademp-v2,10000104,transient_nonpersistent,Transient non-persistence,600,600,105,population,0.972834267948682,0.9152677431690549,0.05756652477962709,6.289583043788559,0.2293912408087595,120,0.04837999962999963,0.04837999962999963,0.05162000037000038,0.05162000037000038,,,
ademp-v2,10000104,transient_nonpersistent,Transient non-persistence,600,600,105,raw_index_q10,1.5508634517475035,0.9152677431690549,0.6355957085784486,69.44369156698781,1.270104615377243,120,0.194873297998298,0.194873297998298,0.094873297998298,0.094873297998298,,,
ademp-v2,10000104,transient_nonpersistent,Transient non-persistence,600,600,105,affine_calibrated_q10,0.9984094902978203,0.9152677431690549,0.08314174712876543,9.083871659334628,0.3800649497730003,120,0.10512695637695636,0.10512695637695636,0.005126956376956357,0.005126956376956357,,,
ademp-v2,10000104,transient_nonpersistent,Transient non-persistence,600,600,105,unpenalized_level,1.5508634517475035,0.9152677431690549,0.6355957085784486,69.44369156698781,1.270104615377243,120,0.194873297998298,0.194873297998298,0.094873297998298,0.094873297998298,1.4769789099295423,6.70178284419332,
ademp-v2,10000104,transient_nonpersistent,Transient non-persistence,600,600,105,tuned_level,0.9728757778585251,0.9152677431690549,0.05760803468947018,6.294118318865484,0.22929378844538748,120,0.04837999962999963,0.04837999962999963,0.05162000037000038,0.05162000037000038,-0.0008458333333333333,0.004221774464562221,
ademp-v2,10000104,transient_nonpersistent,Transient non-persistence,600,600,105,tuned_level_slope,0.9728647714888112,0.9152677431690549,0.05759702831975633,6.29291578880846,0.22932356048317426,120,0.04837999962999963,0.04837999962999963,0.05162000037000038,0.05162000037000038,-0.000595736453243687,0.0030762164856462924,
ademp-v2,10000105,transient_nonpersistent,Transient non-persistence,600,600,106,oracle,0.9793629862797155,0.9793629862797155,0.0,0.0,0.31938725597856593,120,0.10836055148555149,0.10836055148555149,0.008360551485551482,0.008360551485551482,,,
ademp-v2,10000105,transient_nonpersistent,Transient non-persistence,600,600,106,population,0.9963880546006557,0.9793629862797155,0.017025068320940195,1.7383818420188561,0.26115408016647584,120,0.07248607873607875,0.07248607873607875,0.027513921263921257,0.027513921263921257,,,
ademp-v2,10000105,transient_nonpersistent,Transient non-persistence,600,600,106,raw_index_q10,1.7220478875401288,0.9793629862797155,0.7426849012604133,75.83346641286026,1.4051135524895157,120,0.21601495726495729,0.21601495726495729,0.11601495726495728,0.11601495726495728,,,
ademp-v2,10000105,transient_nonpersistent,Transient non-persistence,600,600,106,affine_calibrated_q10,1.047047327915184,0.9793629862797155,0.06768434163546844,6.911057757306047,0.3493585926314574,120,0.12093411218411218,0.12093411218411218,0.020934112184112175,0.020934112184112175,,,
ademp-v2,10000105,transient_nonpersistent,Transient non-persistence,600,600,106,unpenalized_level,1.7220478875401288,0.9793629862797155,0.7426849012604133,75.83346641286026,1.4051135524895157,120,0.21601495726495729,0.21601495726495729,0.11601495726495728,0.11601495726495728,1.4691239044458664,6.380269135459468,
ademp-v2,10000105,transient_nonpersistent,Transient non-persistence,600,600,106,tuned_level,0.9963904624245193,0.9793629862797155,0.01702747614480382,1.7386276981413926,0.2611871520878576,120,0.07248607873607875,0.07248607873607875,0.027513921263921257,0.027513921263921257,-0.0004997206414942188,0.0034783970398876048,
ademp-v2,10000105,transient_nonpersistent,Transient non-persistence,600,600,106,tuned_level_slope,0.9963977171255786,0.9793629862797155,0.017034730845863044,1.73936845526218,0.26118640561601725,120,0.07248607873607875,0.07248607873607875,0.027513921263921257,0.027513921263921257,-0.0003720337055375466,0.002563962354751475,
ademp-v2,10000106,transient_nonpersistent,Transient non-persistence,600,600,107,oracle,0.9227365595332117,0.9227365595332117,0.0,0.0,0.29052784156791894,120,0.08133535446035448,0.08133535446035448,0.01866464553964553,0.01866464553964553,,,
ademp-v2,10000106,transient_nonpersistent,Transient non-persistence,600,600,107,population,0.9664533982464308,0.9227365595332117,0.043716838713219186,4.737737793258608,0.2618248489280829,120,0.05092775280275281,0.05092775280275281,0.0490722471972472,0.0490722471972472,,,
ademp-v2,10000106,transient_nonpersistent,Transient non-persistence,600,600,107,raw_index_q10,1.7287921126205243,0.9227365595332117,0.8060555530873127,87.35489504123204,1.369226560914945,120,0.23611041736041738,0.23611041736041738,0.13611041736041737,0.13611041736041737,,,
ademp-v2,10000106,transient_nonpersistent,Transient non-persistence,600,600,107,affine_calibrated_q10,1.00074727960625,0.9227365595332117,0.07801072007303833,8.45427866351171,0.29081820301081923,120,0.06330988455988455,0.06330988455988455,0.03669011544011545,0.03669011544011545,,,
ademp-v2,10000106,transient_nonpersistent,Transient non-persistence,600,600,107,unpenalized_level,1.7287921126205243,0.9227365595332117,0.8060555530873127,87.35489504123204,1.369226560914945,120,0.23611041736041738,0.23611041736041738,0.13611041736041737,0.13611041736041737,2.169396128714299,7.033367623457154,
ademp-v2,10000106,transient_nonpersistent,Transient non-persistence,600,600,107,tuned_level,0.9664538015005841,0.9227365595332117,0.04371724196737248,4.7377814952393225,0.2618038281327708,120,0.05092775280275281,0.05092775280275281,0.0490722471972472,0.0490722471972472,-0.0007041666666666664,0.003900468870201044,
ademp-v2,10000106,transient_nonpersistent,Transient non-persistence,600,600,107,tuned_level_slope,0.9664570376684958,0.9227365595332117,0.043720478135284124,4.738132209414264,0.26182064547873507,120,0.05092775280275281,0.05092775280275281,0.0490722471972472,0.0490722471972472,-0.0005292521570751912,0.002935227829502848,
ademp-v2,10000107,transient_nonpersistent,Transient non-persistence,600,600,108,oracle,1.013308432741021,1.013308432741021,0.0,0.0,0.33581199576051807,120,0.10680241055241056,0.10680241055241056,0.006802410552410557,0.006802410552410557,,,
ademp-v2,10000107,transient_nonpersistent,Transient non-persistence,600,600,108,population,1.0230026467684457,1.013308432741021,0.009694214027424763,0.9566893666523338,0.2644291021154544,120,0.0750654438154438,0.0750654438154438,0.0249345561845562,0.0249345561845562,,,
ademp-v2,10000107,transient_nonpersistent,Transient non-persistence,600,600,108,raw_index_q10,2.0166346636641803,1.013308432741021,1.0033262309231594,99.01489008723046,2.097737623306899,120,0.2230432067932068,0.2230432067932068,0.1230432067932068,0.1230432067932068,,,
ademp-v2,10000107,transient_nonpersistent,Transient non-persistence,600,600,108,affine_calibrated_q10,1.0826523183874845,1.013308432741021,0.06934388564646365,6.84331477030019,0.4557885019074236,120,0.1159655622155622,0.1159655622155622,0.015965562215562196,0.015965562215562196,,,
ademp-v2,10000107,transient_nonpersistent,Transient non-persistence,600,600,108,unpenalized_level,2.0166346636641803,1.013308432741021,1.0033262309231594,99.01489008723046,2.097737623306899,120,0.2230432067932068,0.2230432067932068,0.1230432067932068,0.1230432067932068,1.4859413883866266,7.4537873980691645,
ademp-v2,10000107,transient_nonpersistent,Transient non-persistence,600,600,108,tuned_level,1.0245917611050375,1.013308432741021,0.011283328364016576,1.113513714032255,0.26518311756178164,120,0.07442441817441817,0.07442441817441817,0.02557558182558184,0.02557558182558184,-0.029176318072071543,0.12791960155894783,
ademp-v2,10000107,transient_nonpersistent,Transient non-persistence,600,600,108,tuned_level_slope,1.0241810911986347,1.013308432741021,0.01087265845761376,1.0729860826483983,0.2650086622005788,120,0.07442441817441817,0.07442441817441817,0.02557558182558184,0.02557558182558184,-0.019835876611668083,0.09403680226049071,
ademp-v2,10000108,transient_nonpersistent,Transient non-persistence,600,600,109,oracle,0.9732302796503862,0.9732302796503862,0.0,0.0,0.3008053545896973,120,0.09696678321678322,0.09696678321678322,0.0030332167832167883,0.0030332167832167883,,,
ademp-v2,10000108,transient_nonpersistent,Transient non-persistence,600,600,109,population,1.001485068867677,0.9732302796503862,0.028254789217290854,2.9031966851093896,0.23777901353406725,120,0.06328065453065453,0.06328065453065453,0.03671934546934548,0.03671934546934548,,,
ademp-v2,10000108,transient_nonpersistent,Transient non-persistence,600,600,109,raw_index_q10,1.6399753333126437,0.9732302796503862,0.6667450536622574,68.50845761824965,1.5644084559450282,120,0.17527916527916526,0.17527916527916526,0.07527916527916526,0.07527916527916526,,,
ademp-v2,10000108,transient_nonpersistent,Transient non-persistence,600,600,109,affine_calibrated_q10,1.0344228921889622,0.9732302796503862,0.061192612538576,6.287577957455068,0.3466689025311864,120,0.10293100418100418,0.10293100418100418,0.002931004181004171,0.002931004181004171,,,
ademp-v2,10000108,transient_nonpersistent,Transient non-persistence,600,600,109,unpenalized_level,1.6399753333126437,0.9732302796503862,0.6667450536622574,68.50845761824965,1.5644084559450282,120,0.17527916527916526,0.17527916527916526,0.07527916527916526,0.07527916527916526,1.122505769213859,6.441731515122756,
ademp-v2,10000108,transient_nonpersistent,Transient non-persistence,600,600,109,tuned_level,1.0014848886004135,0.9732302796503862,0.028254608950027293,2.903178162539004,0.237785210408413,120,0.06328065453065453,0.06328065453065453,0.03671934546934548,0.03671934546934548,-0.0006333333333333332,0.003367945301746386,
ademp-v2,10000108,transient_nonpersistent,Transient non-persistence,600,600,109,tuned_level_slope,1.001487040340593,0.9732302796503862,0.028256760690206884,2.903399255144175,0.23778351132140252,120,0.06328065453065453,0.06328065453065453,0.03671934546934548,0.03671934546934548,-0.0004697536842343882,0.0024812019054417174,
ademp-v2,10000109,transient_nonpersistent,Transient non-persistence,600,600,110,oracle,0.9814863825644561,0.9814863825644561,0.0,0.0,0.4255921372376899,120,0.09901922151922153,0.09901922151922153,0.0009807784807784742,0.0009807784807784742,,,
ademp-v2,10000109,transient_nonpersistent,Transient non-persistence,600,600,110,population,1.0242403968687754,0.9814863825644561,0.042754014304319354,4.356047629780703,0.3572183219434748,120,0.06941946941946942,0.06941946941946942,0.03058053058053059,0.03058053058053059,,,
ademp-v2,10000109,transient_nonpersistent,Transient non-persistence,600,600,110,raw_index_q10,1.906401341393937,0.9814863825644561,0.9249149588294808,94.23614787327321,1.8404224777325349,120,0.22602332852332851,0.22602332852332851,0.1260233285233285,0.1260233285233285,,,
ademp-v2,10000109,transient_nonpersistent,Transient non-persistence,600,600,110,affine_calibrated_q10,1.0836018811841124,0.9814863825644561,0.1021154986196563,10.40416866027687,0.5510806796365445,120,0.10626917064417064,0.10626917064417064,0.006269170644170638,0.006269170644170638,,,
ademp-v2,10000109,transient_nonpersistent,Transient non-persistence,600,600,110,unpenalized_level,1.906401341393937,0.9814863825644561,0.9249149588294808,94.23614787327321,1.8404224777325349,120,0.22602332852332851,0.22602332852332851,0.1260233285233285,0.1260233285233285,1.6374902778027054,7.194820539311719,
ademp-v2,10000109,transient_nonpersistent,Transient non-persistence,600,600,110,tuned_level,1.0243302521677973,0.9814863825644561,0.04284386960334119,4.365202652266809,0.35720652375838313,120,0.06941946941946942,0.06941946941946942,0.03058053058053059,0.03058053058053059,-0.0008361111111111108,0.0039403539040153346,
ademp-v2,10000109,transient_nonpersistent,Transient non-persistence,600,600,110,tuned_level_slope,1.0243157983315705,0.9814863825644561,0.04282941576711441,4.3637300046087715,0.35721981105907274,120,0.06941946941946942,0.06941946941946942,0.03058053058053059,0.03058053058053059,-0.0006439502556894863,0.0029670082445416284,
ademp-v2,10000110,transient_nonpersistent,Transient non-persistence,600,600,111,oracle,0.9476966208428605,0.9476966208428605,0.0,0.0,0.3249422167767986,120,0.09816535316535317,0.09816535316535317,0.001834646834646833,0.001834646834646833,,,
ademp-v2,10000110,transient_nonpersistent,Transient non-persistence,600,600,111,population,0.9978605451715011,0.9476966208428605,0.050163924328640586,5.293247145275869,0.2818073700272635,120,0.0454239047989048,0.0454239047989048,0.05457609520109521,0.05457609520109521,,,
ademp-v2,10000110,transient_nonpersistent,Transient non-persistence,600,600,111,raw_index_q10,1.8261526449800058,0.9476966208428605,0.8784560241371453,92.69380145682759,1.8346723410940138,120,0.23314204314204315,0.23314204314204315,0.13314204314204314,0.13314204314204314,,,
ademp-v2,10000110,transient_nonpersistent,Transient non-persistence,600,600,111,affine_calibrated_q10,1.04780973447044,0.9476966208428605,0.10011311362757946,10.563835664892533,0.388231405289554,120,0.10665244477744477,0.10665244477744477,0.006652444777444769,0.006652444777444769,,,
ademp-v2,10000110,transient_nonpersistent,Transient non-persistence,600,600,111,unpenalized_level,1.8261526449800058,0.9476966208428605,0.8784560241371453,92.69380145682759,1.8346723410940138,120,0.23314204314204315,0.23314204314204315,0.13314204314204314,0.13314204314204314,2.513576301476951,6.937255582603602,
ademp-v2,10000110,transient_nonpersistent,Transient non-persistence,600,600,111,tuned_level,0.9978843383980571,0.9476966208428605,0.050187717555196576,5.29575778275549,0.2818503967879847,120,0.044590571465571466,0.044590571465571466,0.05540942853442854,0.05540942853442854,-0.00028194444444444426,0.003347020510289158,
ademp-v2,10000110,transient_nonpersistent,Transient non-persistence,600,600,111,tuned_level_slope,0.9978794040503994,0.9476966208428605,0.050182783207538884,5.295237115323617,0.2818408576078359,120,0.044590571465571466,0.044590571465571466,0.05540942853442854,0.05540942853442854,-0.00020008102738110334,0.002554240857634896,
ademp-v2,10000111,transient_nonpersistent,Transient non-persistence,600,600,112,oracle,0.9704475570105269,0.9704475570105269,0.0,0.0,0.29152934878229125,120,0.09793870481370481,0.09793870481370481,0.0020612951862951923,0.0020612951862951923,,,
ademp-v2,10000111,transient_nonpersistent,Transient non-persistence,600,600,112,population,1.016521347475574,0.9704475570105269,0.046073790465047226,4.747684728784107,0.22685146151069782,120,0.05676018426018426,0.05676018426018426,0.043239815739815744,0.043239815739815744,,,
ademp-v2,10000111,transient_nonpersistent,Transient non-persistence,600,600,112,raw_index_q10,1.7999216923395722,0.9704475570105269,0.8294741353290453,85.4733601354254,1.4770472094779648,120,0.22461464461464462,0.22461464461464462,0.12461464461464461,0.12461464461464461,,,
ademp-v2,10000111,transient_nonpersistent,Transient non-persistence,600,600,112,affine_calibrated_q10,1.0790162046105574,0.9704475570105269,0.10856864760003049,11.187482189607161,0.41767748304704827,120,0.08653769841269841,0.08653769841269841,0.013462301587301592,0.013462301587301592,,,
ademp-v2,10000111,transient_nonpersistent,Transient non-persistence,600,600,112,unpenalized_level,1.7999216923395722,0.9704475570105269,0.8294741353290453,85.4733601354254,1.4770472094779648,120,0.22461464461464462,0.22461464461464462,0.12461464461464461,0.12461464461464461,2.2182561932596196,7.160344447924316,
ademp-v2,10000111,transient_nonpersistent,Transient non-persistence,600,600,112,tuned_level,1.016497336914376,0.9704475570105269,0.046049779903849064,4.74521055477803,0.22684032873958876,120,0.05676018426018426,0.05676018426018426,0.043239815739815744,0.043239815739815744,-0.0004541666666666666,0.003588142767298776,
ademp-v2,10000111,transient_nonpersistent,Transient non-persistence,600,600,112,tuned_level_slope,1.0165017488580108,0.9704475570105269,0.04605419184748394,4.745665184562299,0.2268405617130929,120,0.05676018426018426,0.05676018426018426,0.043239815739815744,0.043239815739815744,-0.00032417926939610266,0.002684518820107598,
ademp-v2,10000112,transient_nonpersistent,Transient non-persistence,600,600,113,oracle,0.9438164011820457,0.9438164011820457,0.0,0.0,0.3031820923751944,120,0.08819916194916194,0.08819916194916194,0.011800838050838064,0.011800838050838064,,,
ademp-v2,10000112,transient_nonpersistent,Transient non-persistence,600,600,113,population,1.0030563289802947,0.9438164011820457,0.05923992779824905,6.276636825134246,0.2428664041337081,120,0.05045660358160357,0.05045660358160357,0.04954339641839644,0.04954339641839644,,,
ademp-v2,10000112,transient_nonpersistent,Transient non-persistence,600,600,113,raw_index_q10,1.8490352306390383,0.9438164011820457,0.9052188294569926,95.91047880957429,1.8931263409693864,120,0.23107522107522108,0.23107522107522108,0.13107522107522107,0.13107522107522107,,,
ademp-v2,10000112,transient_nonpersistent,Transient non-persistence,600,600,113,affine_calibrated_q10,1.024169735070567,0.9438164011820457,0.08035333388852128,8.513661532887744,0.4039011569130268,120,0.10469574407074407,0.10469574407074407,0.004695744070744065,0.004695744070744065,,,
ademp-v2,10000112,transient_nonpersistent,Transient non-persistence,600,600,113,unpenalized_level,1.8490352306390383,0.9438164011820457,0.9052188294569926,95.91047880957429,1.8931263409693864,120,0.23107522107522108,0.23107522107522108,0.13107522107522107,0.13107522107522107,2.3876446119340065,7.370017713789589,
ademp-v2,10000112,transient_nonpersistent,Transient non-persistence,600,600,113,tuned_level,1.0010867375493815,0.9438164011820457,0.057270336367335806,6.067953078120896,0.24112543432734052,120,0.048657361157361155,0.048657361157361155,0.05134263884263885,0.05134263884263885,-0.03371265810160219,0.34079803725130514,
ademp-v2,10000112,transient_nonpersistent,Transient non-persistence,600,600,113,tuned_level_slope,1.0007226512487533,0.9438164011820457,0.056906250066707575,6.02937711142099,0.2403396082879721,120,0.048657361157361155,0.048657361157361155,0.05134263884263885,0.05134263884263885,-0.02641815548930941,0.2560818882707426,
ademp-v2,10000113,transient_nonpersistent,Transient non-persistence,600,600,114,oracle,0.9782399613495857,0.9782399613495857,0.0,0.0,0.3786819301597622,120,0.09545547045547044,0.09545547045547044,0.004544529544529566,0.004544529544529566,,,
ademp-v2,10000113,transient_nonpersistent,Transient non-persistence,600,600,114,population,1.0141836823352723,0.9782399613495857,0.035943720985686656,3.674325564874541,0.294227882076274,120,0.05485708735708736,0.05485708735708736,0.04514291264291265,0.04514291264291265,,,
ademp-v2,10000113,transient_nonpersistent,Transient non-persistence,600,600,114,raw_index_q10,1.7030529376647583,0.9782399613495857,0.7248129763151726,74.09357672479626,1.2387143680823838,120,0.23512556887556885,0.23512556887556885,0.13512556887556884,0.13512556887556884,,,
ademp-v2,10000113,transient_nonpersistent,Transient non-persistence,600,600,114,affine_calibrated_q10,1.0790065519744492,0.9782399613495857,0.10076659062486348,10.300804976914385,0.42374040336884145,120,0.10555180930180931,0.10555180930180931,0.0055518093018093045,0.0055518093018093045,,,
ademp-v2,10000113,transient_nonpersistent,Transient non-persistence,600,600,114,unpenalized_level,1.7030529376647583,0.9782399613495857,0.7248129763151726,74.09357672479626,1.2387143680823838,120,0.23512556887556885,0.23512556887556885,0.13512556887556884,0.13512556887556884,2.1569242858602666,6.398453577834025,
ademp-v2,10000113,transient_nonpersistent,Transient non-persistence,600,600,114,tuned_level,1.0141985931343498,0.9782399613495857,0.035958631784764106,3.675849812468851,0.29419112123135677,120,0.05485708735708736,0.05485708735708736,0.04514291264291265,0.04514291264291265,-0.00031111111111111096,0.002920315178322494,
ademp-v2,10000113,transient_nonpersistent,Transient non-persistence,600,600,114,tuned_level_slope,1.014192410987001,0.9782399613495857,0.035952449637415396,3.675217846121843,0.29419147670494356,120,0.05485708735708736,0.05485708735708736,0.04514291264291265,0.04514291264291265,-0.0002459375815632146,0.002167319536867732,
ademp-v2,10000114,transient_nonpersistent,Transient non-persistence,600,600,115,oracle,0.9738473781928831,0.9738473781928831,0.0,0.0,0.312573547515357,120,0.09230133292633293,0.09230133292633293,0.007698667073667079,0.007698667073667079,,,
ademp-v2,10000114,transient_nonpersistent,Transient non-persistence,600,600,115,population,1.0017343056305608,0.9738473781928831,0.027886927437677622,2.863582945556203,0.26651215061070344,120,0.06408898971398971,0.06408898971398971,0.03591101028601029,0.03591101028601029,,,
ademp-v2,10000114,transient_nonpersistent,Transient non-persistence,600,600,115,raw_index_q10,1.9451843068098924,0.9738473781928831,0.9713369286170093,99.74221324284588,1.7190604183017637,120,0.22580838143338144,0.22580838143338144,0.12580838143338144,0.12580838143338144,,,
ademp-v2,10000114,transient_nonpersistent,Transient non-persistence,600,600,115,affine_calibrated_q10,1.047057700670597,0.9738473781928831,0.07321032247771386,7.517638196404694,0.3640417529558115,120,0.1102531265031265,0.1102531265031265,0.0102531265031265,0.0102531265031265,,,
ademp-v2,10000114,transient_nonpersistent,Transient non-persistence,600,600,115,unpenalized_level,1.9451843068098924,0.9738473781928831,0.9713369286170093,99.74221324284588,1.7190604183017637,120,0.22580838143338144,0.22580838143338144,0.12580838143338144,0.12580838143338144,1.1852718691808057,7.0112150646979625,
ademp-v2,10000114,transient_nonpersistent,Transient non-persistence,600,600,115,tuned_level,1.0044837182964883,0.9738473781928831,0.030636340103605164,3.145907745878558,0.2660110157925664,120,0.06408898971398971,0.06408898971398971,0.03591101028601029,0.03591101028601029,-0.025576353456260924,0.10311322346563156,
ademp-v2,10000114,transient_nonpersistent,Transient non-persistence,600,600,115,tuned_level_slope,1.0018066808821382,0.9738473781928831,0.02795930268925506,2.871014834083925,0.2664960465084428,120,0.06408898971398971,0.06408898971398971,0.03591101028601029,0.03591101028601029,-0.0007128095819312184,0.002771863986653937,
ademp-v2,10000115,transient_nonpersistent,Transient non-persistence,600,600,116,oracle,0.9630828445023307,0.9630828445023307,0.0,0.0,0.2901757040150797,120,0.10741545491545491,0.10741545491545491,0.007415454915454908,0.007415454915454908,,,
ademp-v2,10000115,transient_nonpersistent,Transient non-persistence,600,600,116,population,0.9924548738723338,0.9630828445023307,0.02937202937000305,3.0497926048283968,0.22912305390010254,120,0.06484369796869796,0.06484369796869796,0.035156302031302045,0.035156302031302045,,,
ademp-v2,10000115,transient_nonpersistent,Transient non-persistence,600,600,116,raw_index_q10,1.8043465157200358,0.9630828445023307,0.8412636712177051,87.35112207843602,1.8219853224574734,120,0.19145319957819956,0.19145319957819956,0.09145319957819956,0.09145319957819956,,,
ademp-v2,10000115,transient_nonpersistent,Transient non-persistence,600,600,116,affine_calibrated_q10,1.052010287540369,0.9630828445023307,0.08892744303803823,9.23362341523082,0.3945664793574698,120,0.12458405020905022,0.12458405020905022,0.024584050209050218,0.024584050209050218,,,
ademp-v2,10000115,transient_nonpersistent,Transient non-persistence,600,600,116,unpenalized_level,1.8043465157200358,0.9630828445023307,0.8412636712177051,87.35112207843602,1.8219853224574734,120,0.19145319957819956,0.19145319957819956,0.09145319957819956,0.09145319957819956,1.1202464659089653,7.367543921920653,
ademp-v2,10000115,transient_nonpersistent,Transient non-persistence,600,600,116,tuned_level,0.9925184065510747,0.9630828445023307,0.02943556204874398,3.05638940790755,0.22909249291407408,120,0.06484369796869796,0.06484369796869796,0.035156302031302045,0.035156302031302045,-0.0011388888888888887,0.004072718629740709,
ademp-v2,10000115,transient_nonpersistent,Transient non-persistence,600,600,116,tuned_level_slope,0.9925052674066743,0.9630828445023307,0.029422422904343604,3.0550251281391607,0.22909367591042318,120,0.06484369796869796,0.06484369796869796,0.035156302031302045,0.035156302031302045,-0.0008255288387215199,0.0029431751279776594,
ademp-v2,10000116,transient_nonpersistent,Transient non-persistence,600,600,117,oracle,0.9476805069462082,0.9476805069462082,0.0,0.0,0.3450027523015367,120,0.10776279276279276,0.10776279276279276,0.00776279276279275,0.00776279276279275,,,
ademp-v2,10000116,transient_nonpersistent,Transient non-persistence,600,600,117,population,0.9641710664084093,0.9476805069462082,0.016490559462201126,1.7400969357637275,0.29525973019643986,120,0.06523256835756835,0.06523256835756835,0.03476743164243165,0.03476743164243165,,,
ademp-v2,10000116,transient_nonpersistent,Transient non-persistence,600,600,117,raw_index_q10,1.842593653339873,0.9476805069462082,0.8949131463936648,94.43194619222673,1.5127702616326903,120,0.24616446053946056,0.24616446053946056,0.14616446053946056,0.14616446053946056,,,
ademp-v2,10000116,transient_nonpersistent,Transient non-persistence,600,600,117,affine_calibrated_q10,1.0258180204907044,0.9476805069462082,0.07813751354449616,8.24513250739802,0.4030589126844086,120,0.09662823287823287,0.09662823287823287,0.0033717671217671358,0.0033717671217671358,,,
ademp-v2,10000116,transient_nonpersistent,Transient non-persistence,600,600,117,unpenalized_level,1.842593653339873,0.9476805069462082,0.8949131463936648,94.43194619222673,1.5127702616326903,120,0.24616446053946056,0.24616446053946056,0.14616446053946056,0.14616446053946056,1.8485162053645772,7.196931094986404,
ademp-v2,10000116,transient_nonpersistent,Transient non-persistence,600,600,117,tuned_level,0.9642448317364455,0.9476805069462082,0.016564324790237284,1.7478807117827,0.29526450209093746,120,0.06523256835756835,0.06523256835756835,0.03476743164243165,0.03476743164243165,-0.0008152777777777776,0.004075247095439599,
ademp-v2,10000116,transient_nonpersistent,Transient non-persistence,600,600,117,tuned_level_slope,0.9642281085719098,0.9476805069462082,0.01654760162570157,1.7461160701747807,0.2952678029194533,120,0.06523256835756835,0.06523256835756835,0.03476743164243165,0.03476743164243165,-0.000602048994080832,0.003106264312244887,
ademp-v2,10000117,transient_nonpersistent,Transient non-persistence,600,600,118,oracle,0.9764711110526603,0.9764711110526603,0.0,0.0,0.3422037384257377,120,0.10370097495097495,0.10370097495097495,0.0037009749509749473,0.0037009749509749473,,,
ademp-v2,10000117,transient_nonpersistent,Transient non-persistence,600,600,118,population,0.9976248197194886,0.9764711110526603,0.021153708666828308,2.1663424987580107,0.2809043132417973,120,0.07158385595885595,0.07158385595885595,0.02841614404114405,0.02841614404114405,,,
ademp-v2,10000117,transient_nonpersistent,Transient non-persistence,600,600,118,raw_index_q10,1.6867946527392523,0.9764711110526603,0.7103235416865921,72.74393821245214,1.6229550790009004,120,0.2071920671920672,0.2071920671920672,0.1071920671920672,0.1071920671920672,,,
ademp-v2,10000117,transient_nonpersistent,Transient non-persistence,600,600,118,affine_calibrated_q10,1.0668606145742392,0.9764711110526603,0.09038950352157893,9.256751428532974,0.3687556074755473,120,0.10145051707551708,0.10145051707551708,0.001450517075517077,0.001450517075517077,,,
ademp-v2,10000117,transient_nonpersistent,Transient non-persistence,600,600,118,unpenalized_level,1.6867946527392523,0.9764711110526603,0.7103235416865921,72.74393821245214,1.6229550790009004,120,0.2071920671920672,0.2071920671920672,0.1071920671920672,0.1071920671920672,0.9741832473383238,6.841749072609376,
ademp-v2,10000117,transient_nonpersistent,Transient non-persistence,600,600,118,tuned_level,0.9976152782000511,0.9764711110526603,0.02114416714739087,2.1653653557243415,0.28085862024016894,120,0.07158385595885595,0.07158385595885595,0.02841614404114405,0.02841614404114405,-0.0009527777777777777,0.003555251723129435,
ademp-v2,10000117,transient_nonpersistent,Transient non-persistence,600,600,118,tuned_level_slope,0.9976211093787828,0.9764711110526603,0.02114999832612252,2.1659625243108622,0.2808730111144939,120,0.07158385595885595,0.07158385595885595,0.02841614404114405,0.02841614404114405,-0.0007014245336111747,0.0026822319790997563,
ademp-v2,10000118,transient_nonpersistent,Transient non-persistence,600,600,119,oracle,0.9945718483637574,0.9945718483637574,0.0,0.0,0.3434359667954649,120,0.09160087597587596,0.09160087597587596,0.008399124024124044,0.008399124024124044,,,
ademp-v2,10000118,transient_nonpersistent,Transient non-persistence,600,600,119,population,1.0551706771326035,0.9945718483637574,0.060598828768846036,6.092956367962916,0.24861555658715762,120,0.04760965885965886,0.04760965885965886,0.05239034114034115,0.05239034114034115,,,
ademp-v2,10000118,transient_nonpersistent,Transient non-persistence,600,600,119,raw_index_q10,1.5891002574811521,0.9945718483637574,0.5945284091173947,59.77732127603417,0.9750932594373003,120,0.1965195452695453,0.1965195452695453,0.09651954526954529,0.09651954526954529,,,
ademp-v2,10000118,transient_nonpersistent,Transient non-persistence,600,600,119,affine_calibrated_q10,1.05074414056502,0.9945718483637574,0.05617229220126252,5.647886806134282,0.35646336429324044,120,0.087635212010212,0.087635212010212,0.012364787989788004,0.012364787989788004,,,
ademp-v2,10000118,transient_nonpersistent,Transient non-persistence,600,600,119,unpenalized_level,1.5891002574811521,0.9945718483637574,0.5945284091173947,59.77732127603417,0.9750932594373003,120,0.1965195452695453,0.1965195452695453,0.09651954526954529,0.09651954526954529,2.016067286339251,6.092730056839127,
ademp-v2,10000118,transient_nonpersistent,Transient non-persistence,600,600,119,tuned_level,1.0552245130690434,0.9945718483637574,0.060652664705285964,6.098369344061978,0.2486002358384487,120,0.04760965885965886,0.04760965885965886,0.05239034114034115,0.05239034114034115,-0.00036666666666666645,0.0031512784001981728,
ademp-v2,10000118,transient_nonpersistent,Transient non-persistence,600,600,119,tuned_level_slope,1.0552080214234723,0.9945718483637574,0.060636173059714804,6.096711178732012,0.24860313723564556,120,0.04760965885965886,0.04760965885965886,0.05239034114034115,0.05239034114034115,-0.000269390918749688,0.0023411661488820547,
ademp-v2,10000119,transient_nonpersistent,Transient non-persistence,600,600,120,oracle,0.9719380582195446,0.9719380582195446,0.0,0.0,0.33127871474078463,120,0.10756909756909756,0.10756909756909756,0.007569097569097558,0.007569097569097558,,,
ademp-v2,10000119,transient_nonpersistent,Transient non-persistence,600,600,120,population,1.0021714387664307,0.9719380582195446,0.03023338054688607,3.110628325664026,0.2501190671809019,120,0.059807414807414805,0.059807414807414805,0.0401925851925852,0.0401925851925852,,,
ademp-v2,10000119,transient_nonpersistent,Transient non-persistence,600,600,120,raw_index_q10,1.6899586867969778,0.9719380582195446,0.7180206285774332,73.87514281442454,1.415040344340748,120,0.19434493746993747,0.19434493746993747,0.09434493746993747,0.09434493746993747,,,
ademp-v2,10000119,transient_nonpersistent,Transient non-persistence,600,600,120,affine_calibrated_q10,0.9967950819885376,0.9719380582195446,0.024857023768993014,2.557469949734001,0.33541178446880643,120,0.08045880045880045,0.08045880045880045,0.019541199541199553,0.019541199541199553,,,
ademp-v2,10000119,transient_nonpersistent,Transient non-persistence,600,600,120,unpenalized_level,1.6899586867969778,0.9719380582195446,0.7180206285774332,73.87514281442454,1.415040344340748,120,0.19434493746993747,0.19434493746993747,0.09434493746993747,0.09434493746993747,0.9439249896187774,7.117113497775738,
ademp-v2,10000119,transient_nonpersistent,Transient non-persistence,600,600,120,tuned_level,1.0022797940145776,0.9719380582195446,0.030341735795032965,3.121776695380651,0.2500925095969106,120,0.059807414807414805,0.059807414807414805,0.0401925851925852,0.0401925851925852,-0.0011680555555555552,0.0045070674953241385,
ademp-v2,10000119,transient_nonpersistent,Transient non-persistence,600,600,120,tuned_level_slope,1.0022557951797555,0.9719380582195446,0.030317736960210895,3.1193075221016424,0.25010027767998577,120,0.059807414807414805,0.059807414807414805,0.0401925851925852,0.0401925851925852,-0.0009039632724043442,0.0035076775296858003,
ademp-v2,10000120,transient_nonpersistent,Transient non-persistence,600,600,121,oracle,0.977431427784365,0.977431427784365,0.0,0.0,0.3479669629285148,120,0.09793350168350168,0.09793350168350168,0.0020664983164983275,0.0020664983164983275,,,
ademp-v2,10000120,transient_nonpersistent,Transient non-persistence,600,600,121,population,1.0115154824226384,0.977431427784365,0.034084054638273464,3.487104432024963,0.28799543678530665,120,0.05615363802863803,0.05615363802863803,0.04384636197136198,0.04384636197136198,,,
ademp-v2,10000120,transient_nonpersistent,Transient non-persistence,600,600,121,raw_index_q10,1.836791800751619,0.977431427784365,0.8593603729672541,87.92027231160823,1.5270815970680984,120,0.23507256632256632,0.23507256632256632,0.1350725663225663,0.1350725663225663,,,
ademp-v2,10000120,transient_nonpersistent,Transient non-persistence,600,600,121,affine_calibrated_q10,1.060455947707595,0.977431427784365,0.08302451992323001,8.494152895352407,0.40302192351185573,120,0.10793925981425981,0.10793925981425981,0.007939259814259803,0.007939259814259803,,,
ademp-v2,10000120,transient_nonpersistent,Transient non-persistence,600,600,121,unpenalized_level,1.836791800751619,0.977431427784365,0.8593603729672541,87.92027231160823,1.5270815970680984,120,0.23507256632256632,0.23507256632256632,0.1350725663225663,0.1350725663225663,2.0879298835637843,7.218894983438322,
ademp-v2,10000120,transient_nonpersistent,Transient non-persistence,600,600,121,tuned_level,1.0115366040788185,0.977431427784365,0.03410517629445353,3.4892653668567744,0.28799062742187526,120,0.056911213786213784,0.056911213786213784,0.04308878621378622,0.04308878621378622,-0.0006351955908498847,0.0038952231323206078,
ademp-v2,10000120,transient_nonpersistent,Transient non-persistence,600,600,121,tuned_level_slope,1.0115345073716604,0.977431427784365,0.034103079587295415,3.489050854912661,0.28799028216728667,120,0.056911213786213784,0.056911213786213784,0.04308878621378622,0.04308878621378622,-0.0004992906587883621,0.0030417681489764113,
ademp-v2,10000121,transient_nonpersistent,Transient non-persistence,600,600,122,oracle,0.9442815135107767,0.9442815135107767,0.0,0.0,0.323655110074858,120,0.09650421337921336,0.09650421337921336,0.003495786620786645,0.003495786620786645,,,
ademp-v2,10000121,transient_nonpersistent,Transient non-persistence,600,600,122,population,0.9833025043076563,0.9442815135107767,0.039020990796879595,4.132347211987886,0.2736794900796337,120,0.05677563177563177,0.05677563177563177,0.04322436822436824,0.04322436822436824,,,
ademp-v2,10000121,transient_nonpersistent,Transient non-persistence,600,600,122,raw_index_q10,1.3836969590171684,0.9442815135107767,0.43941544550639167,46.53436917055316,0.9673499381002851,120,0.16373903873903875,0.16373903873903875,0.06373903873903874,0.06373903873903874,,,
ademp-v2,10000121,transient_nonpersistent,Transient non-persistence,600,600,122,affine_calibrated_q10,1.0031187915998545,0.9442815135107767,0.058837278089077794,6.230904369855199,0.2990718659934315,120,0.07362343674843676,0.07362343674843676,0.026376563251563248,0.026376563251563248,,,
ademp-v2,10000121,transient_nonpersistent,Transient non-persistence,600,600,122,unpenalized_level,1.3836969590171684,0.9442815135107767,0.43941544550639167,46.53436917055316,0.9673499381002851,120,0.16373903873903875,0.16373903873903875,0.06373903873903874,0.06373903873903874,1.3468053894113163,6.018652024973835,
ademp-v2,10000121,transient_nonpersistent,Transient non-persistence,600,600,122,tuned_level,0.9833145506448068,0.9442815135107767,0.03903303713403006,4.13362292658974,0.2736423812966452,120,0.05677563177563177,0.05677563177563177,0.04322436822436824,0.04322436822436824,-0.0006499999999999999,0.004136893627939796,
ademp-v2,10000121,transient_nonpersistent,Transient non-persistence,600,600,122,tuned_level_slope,0.9833082931881457,0.9442815135107767,0.039026779677369006,4.132960258034704,0.27365041838832427,120,0.05677563177563177,0.05677563177563177,0.04322436822436824,0.04322436822436824,-0.0004710816476837529,0.0030946945149056596,
ademp-v2,10000122,transient_nonpersistent,Transient non-persistence,600,600,123,oracle,0.9926897260501218,0.9926897260501218,0.0,0.0,0.3224470832018481,120,0.09081929644429644,0.09081929644429644,0.009180703555703565,0.009180703555703565,,,
ademp-v2,10000122,transient_nonpersistent,Transient non-persistence,600,600,123,population,1.059474268782918,0.9926897260501218,0.0667845427327961,6.727635129108216,0.2627484500886935,120,0.04559639434639435,0.04559639434639435,0.054403605653605656,0.054403605653605656,,,
ademp-v2,10000122,transient_nonpersistent,Transient non-persistence,600,600,123,raw_index_q10,1.715085508285005,0.9926897260501218,0.7223957822348831,72.77155825005573,1.384528698253719,120,0.22502324064824064,0.22502324064824064,0.12502324064824064,0.12502324064824064,,,
ademp-v2,10000122,transient_nonpersistent,Transient non-persistence,600,600,123,affine_calibrated_q10,1.0462691614277508,0.9926897260501218,0.05357943537762899,5.397400010456411,0.3721024910599294,120,0.0874087024087024,0.0874087024087024,0.01259129759129761,0.01259129759129761,,,
ademp-v2,10000122,transient_nonpersistent,Transient non-persistence,600,600,123,unpenalized_level,1.715085508285005,0.9926897260501218,0.7223957822348831,72.77155825005573,1.384528698253719,120,0.22502324064824064,0.22502324064824064,0.12502324064824064,0.12502324064824064,2.717645107983418,6.910970000354879,
ademp-v2,10000122,transient_nonpersistent,Transient non-persistence,600,600,123,tuned_level,1.0615991560635318,0.9926897260501218,0.06890943001340999,6.941688647025514,0.2609300498552622,120,0.04565952565952566,0.04565952565952566,0.05434047434047434,0.05434047434047434,-0.00434122036742055,0.29503225263699545,
ademp-v2,10000122,transient_nonpersistent,Transient non-persistence,600,600,123,tuned_level_slope,1.0615480221709044,0.9926897260501218,0.06885829612078254,6.93653760221407,0.2625807043618903,120,0.049111397861397864,0.049111397861397864,0.05088860213860214,0.05088860213860214,0.02837866760326272,0.5778027022817838,
ademp-v2,10000123,transient_nonpersistent,Transient non-persistence,600,600,124,oracle,0.9771793935348728,0.9771793935348728,0.0,0.0,0.34414350431479673,120,0.10613754301254301,0.10613754301254301,0.006137543012543004,0.006137543012543004,,,
ademp-v2,10000123,transient_nonpersistent,Transient non-persistence,600,600,124,population,0.9912729774641207,0.9771793935348728,0.014093583929247866,1.4422719126592904,0.28195902624335195,120,0.07730070855070856,0.07730070855070856,0.022699291449291448,0.022699291449291448,,,
ademp-v2,10000123,transient_nonpersistent,Transient non-persistence,600,600,124,raw_index_q10,1.855339600436569,0.9771793935348728,0.8781602069016962,89.86683639787141,1.679851064012368,120,0.2215599215599216,0.2215599215599216,0.1215599215599216,0.1215599215599216,,,
ademp-v2,10000123,transient_nonpersistent,Transient non-persistence,600,600,124,affine_calibrated_q10,0.9941465229257577,0.9771793935348728,0.01696712939088485,1.736337207184398,0.3384529096227957,120,0.10737380674880675,0.10737380674880675,0.007373806748806749,0.007373806748806749,,,
ademp-v2,10000123,transient_nonpersistent,Transient non-persistence,600,600,124,unpenalized_level,1.855339600436569,0.9771793935348728,0.8781602069016962,89.86683639787141,1.679851064012368,120,0.2215599215599216,0.2215599215599216,0.1215599215599216,0.1215599215599216,1.1724051157939825,7.530513864682982,
ademp-v2,10000123,transient_nonpersistent,Transient non-persistence,600,600,124,tuned_level,0.9913109177260192,0.9771793935348728,0.014131524191146383,1.4461545428241849,0.28189157848076607,120,0.07730070855070856,0.07730070855070856,0.022699291449291448,0.022699291449291448,-0.00105,0.004382731264101568,
ademp-v2,10000123,transient_nonpersistent,Transient non-persistence,600,600,124,tuned_level_slope,0.9913083470694793,0.9771793935348728,0.014128953534606525,1.4458914737749535,0.28191282973528115,120,0.07730070855070856,0.07730070855070856,0.022699291449291448,0.022699291449291448,-0.0007811054911818078,0.0032676473970464142,
ademp-v2,10000124,transient_nonpersistent,Transient non-persistence,600,600,125,oracle,0.9532648020112156,0.9532648020112156,0.0,0.0,0.28771207105324637,120,0.09932782495282495,0.09932782495282495,0.0006721750471750526,0.0006721750471750526,,,
ademp-v2,10000124,transient_nonpersistent,Transient non-persistence,600,600,125,population,1.018699566581989,0.9532648020112156,0.06543476457077335,6.864279939080713,0.2173213777849268,120,0.046651797276797274,0.046651797276797274,0.05334820272320273,0.05334820272320273,,,
ademp-v2,10000124,transient_nonpersistent,Transient non-persistence,600,600,125,raw_index_q10,1.7407934254842745,0.9532648020112156,0.787528623473059,82.61383634552715,1.37459390549101,120,0.20847243034743032,0.20847243034743032,0.10847243034743032,0.10847243034743032,,,
ademp-v2,10000124,transient_nonpersistent,Transient non-persistence,600,600,125,affine_calibrated_q10,1.050656710205049,0.9532648020112156,0.09739190819383348,10.216668861407056,0.32986041062124605,120,0.0987403106153106,0.0987403106153106,0.0012596893846893997,0.0012596893846893997,,,
ademp-v2,10000124,transient_nonpersistent,Transient non-persistence,600,600,125,unpenalized_level,1.7407934254842745,0.9532648020112156,0.787528623473059,82.61383634552715,1.37459390549101,120,0.20847243034743032,0.20847243034743032,0.10847243034743032,0.10847243034743032,1.611157637438114,7.1635300499822785,
ademp-v2,10000124,transient_nonpersistent,Transient non-persistence,600,600,125,tuned_level,1.0187626800657272,0.9532648020112156,0.06549787805451168,6.870900710518532,0.21731668143584534,120,0.046651797276797274,0.046651797276797274,0.05334820272320273,0.05334820272320273,-0.000697222222222222,0.003805575831251745,
ademp-v2,10000124,transient_nonpersistent,Transient non-persistence,600,600,125,tuned_level_slope,1.0225260265176976,0.9532648020112156,0.06926122450648209,7.265685710870001,0.21861012404769647,120,0.046172299922299924,0.046172299922299924,0.05382770007770008,0.05382770007770008,-0.03707218504435313,0.257130644947596,
ademp-v2,10000125,transient_nonpersistent,Transient non-persistence,600,600,126,oracle,1.017900520843287,1.017900520843287,0.0,0.0,0.4093193079141353,120,0.11175657675657676,0.11175657675657676,0.01175657675657675,0.01175657675657675,,,
ademp-v2,10000125,transient_nonpersistent,Transient non-persistence,600,600,126,population,1.0570252987352207,1.017900520843287,0.03912477789193369,3.8436740222434005,0.32027590462847727,120,0.05794226606726607,0.05794226606726607,0.04205773393273394,0.04205773393273394,,,
ademp-v2,10000125,transient_nonpersistent,Transient non-persistence,600,600,126,raw_index_q10,2.0235090082187983,1.017900520843287,1.0056084873755113,98.79241308791235,1.8298423698418125,120,0.26296347171347173,0.26296347171347173,0.16296347171347172,0.16296347171347172,,,
ademp-v2,10000125,transient_nonpersistent,Transient non-persistence,600,600,126,affine_calibrated_q10,1.068795411585961,1.017900520843287,0.05089489074267406,4.999986707984963,0.441419380943858,120,0.12058661246161245,0.12058661246161245,0.020586612461612447,0.020586612461612447,,,
ademp-v2,10000125,transient_nonpersistent,Transient non-persistence,600,600,126,unpenalized_level,2.0235090082187983,1.017900520843287,1.0056084873755113,98.79241308791235,1.8298423698418125,120,0.26296347171347173,0.26296347171347173,0.16296347171347172,0.16296347171347172,3.1112765584375888,7.8733725360315265,
ademp-v2,10000125,transient_nonpersistent,Transient non-persistence,600,600,126,tuned_level,1.0570408094282315,1.017900520843287,0.03914028858494456,3.8451978148629404,0.3202280406698945,120,0.05794226606726607,0.05794226606726607,0.04205773393273394,0.04205773393273394,-0.00041388888888888877,0.0035624715723362207,
ademp-v2,10000125,transient_nonpersistent,Transient non-persistence,600,600,126,tuned_level_slope,1.0570424094206092,1.017900520843287,0.03914188857732226,3.8453550003977677,0.3202387101668627,120,0.05794226606726607,0.05794226606726607,0.04205773393273394,0.04205773393273394,-0.0003658740577770888,0.002823428217440642,
ademp-v2,10000126,transient_nonpersistent,Transient non-persistence,600,600,127,oracle,0.9243004476291115,0.9243004476291115,0.0,0.0,0.2671227752835809,120,0.0851506364006364,0.0851506364006364,0.014849363599363605,0.014849363599363605,,,
ademp-v2,10000126,transient_nonpersistent,Transient non-persistence,600,600,127,population,0.9973255151275837,0.9243004476291115,0.07302506749847226,7.900576883391773,0.24584901728633068,120,0.041091339216339215,0.041091339216339215,0.05890866078366079,0.05890866078366079,,,
ademp-v2,10000126,transient_nonpersistent,Transient non-persistence,600,600,127,raw_index_q10,1.4626542725667286,0.9243004476291115,0.5383538249376172,58.24446221123537,0.9702317837046192,120,0.19061912624412625,0.19061912624412625,0.09061912624412624,0.09061912624412624,,,
ademp-v2,10000126,transient_nonpersistent,Transient non-persistence,600,600,127,affine_calibrated_q10,0.9881295993435489,0.9243004476291115,0.06382915171443748,6.905671405673692,0.36426070047402054,120,0.09845175657675657,0.09845175657675657,0.0015482434232434311,0.0015482434232434311,,,
ademp-v2,10000126,transient_nonpersistent,Transient non-persistence,600,600,127,unpenalized_level,1.4626542725667286,0.9243004476291115,0.5383538249376172,58.24446221123537,0.9702317837046192,120,0.19061912624412625,0.19061912624412625,0.09061912624412624,0.09061912624412624,2.0107709837258017,6.2351620731730115,
ademp-v2,10000126,transient_nonpersistent,Transient non-persistence,600,600,127,tuned_level,0.9973396290460727,0.9243004476291115,0.0730391814169612,7.9021038672340005,0.2458383737515722,120,0.041091339216339215,0.041091339216339215,0.05890866078366079,0.05890866078366079,-0.0001777777777777776,0.0029944392908634277,
ademp-v2,10000126,transient_nonpersistent,Transient non-persistence,600,600,127,tuned_level_slope,0.9973438782610551,0.9243004476291115,0.07304343063194363,7.902563589502159,0.24583939844753075,120,0.041091339216339215,0.041091339216339215,0.05890866078366079,0.05890866078366079,-0.000185029669280881,0.002362063342513935,
ademp-v2,10000127,transient_nonpersistent,Transient non-persistence,600,600,128,oracle,1.0007909501042747,1.0007909501042747,0.0,0.0,0.34581785870330356,120,0.09821791634291635,0.09821791634291635,0.0017820836570836551,0.0017820836570836551,,,
ademp-v2,10000127,transient_nonpersistent,Transient non-persistence,600,600,128,population,1.046690466649162,1.0007909501042747,0.04589951654488744,4.58632410096285,0.2802324148466624,120,0.049871471121471125,0.049871471121471125,0.05012852887852888,0.05012852887852888,,,
ademp-v2,10000127,transient_nonpersistent,Transient non-persistence,600,600,128,raw_index_q10,1.8264251345069131,1.0007909501042747,0.8256341844026385,82.49816650686277,1.9124349438886608,120,0.22217692030192032,0.22217692030192032,0.12217692030192032,0.12217692030192032,,,
ademp-v2,10000127,transient_nonpersistent,Transient non-persistence,600,600,128,affine_calibrated_q10,1.0353477570253278,1.0007909501042747,0.03455680692105312,3.452949581273948,0.36687536882852395,120,0.09270097957597959,0.09270097957597959,0.007299020424020419,0.007299020424020419,,,
ademp-v2,10000127,transient_nonpersistent,Transient non-persistence,600,600,128,unpenalized_level,1.8264251345069131,1.0007909501042747,0.8256341844026385,82.49816650686277,1.9124349438886608,120,0.22217692030192032,0.22217692030192032,0.12217692030192032,0.12217692030192032,2.130638096251389,7.601801658077382,
ademp-v2,10000127,transient_nonpersistent,Transient non-persistence,600,600,128,tuned_level,1.05120071298891,1.0007909501042747,0.05040976288463539,5.036992278895316,0.2735014999918877,120,0.05167672605172605,0.05167672605172605,0.04832327394827395,0.04832327394827395,-0.05667888482934198,0.35805858179051875,
ademp-v2,10000127,transient_nonpersistent,Transient non-persistence,600,600,128,tuned_level_slope,1.0557165136805702,1.0007909501042747,0.05492556357629552,5.488215453044685,0.2724514740750165,120,0.05295877733377733,0.05295877733377733,0.047041222666222675,0.047041222666222675,-0.07247514044574772,0.6853219680714385,
ademp-v2,10000128,transient_nonpersistent,Transient non-persistence,600,600,129,oracle,0.9535764292013088,0.9535764292013088,0.0,0.0,0.3227302345023722,120,0.08053330928330928,0.08053330928330928,0.01946669071669073,0.01946669071669073,,,
ademp-v2,10000128,transient_nonpersistent,Transient non-persistence,600,600,129,population,1.0284395516259304,0.9535764292013088,0.07486312242462156,7.850773166375872,0.26786736333515,120,0.04716461778961779,0.04716461778961779,0.05283538221038222,0.05283538221038222,,,
ademp-v2,10000128,transient_nonpersistent,Transient non-persistence,600,600,129,raw_index_q10,2.134724289830141,0.9535764292013088,1.1811478606288324,123.86504368801687,2.2896946196885843,120,0.24962616087616088,0.24962616087616088,0.14962616087616087,0.14962616087616087,,,
ademp-v2,10000128,transient_nonpersistent,Transient non-persistence,600,600,129,affine_calibrated_q10,1.02671054328218,0.9535764292013088,0.07313411408087112,7.669454890168203,0.3454137125100112,120,0.09480896418396417,0.09480896418396417,0.005191035816035833,0.005191035816035833,,,
ademp-v2,10000128,transient_nonpersistent,Transient non-persistence,600,600,129,unpenalized_level,2.134724289830141,0.9535764292013088,1.1811478606288324,123.86504368801687,2.2896946196885843,120,0.24962616087616088,0.24962616087616088,0.14962616087616087,0.14962616087616087,3.2568562780381454,8.408998119587501,
ademp-v2,10000128,transient_nonpersistent,Transient non-persistence,600,600,129,tuned_level,1.0285061655020233,0.9535764292013088,0.07492973630071453,7.857758854575901,0.2678429268417697,120,0.04716461778961779,0.04716461778961779,0.05283538221038222,0.05283538221038222,-0.0005902777777777778,0.003727432091936753,
ademp-v2,10000128,transient_nonpersistent,Transient non-persistence,600,600,129,tuned_level_slope,1.0284906724358784,0.9535764292013088,0.07491424323456963,7.856134122077229,0.26785928830926736,120,0.04716461778961779,0.04716461778961779,0.05283538221038222,0.05283538221038222,-0.00043354069230091007,0.002830476445714665,
ademp-v2,10000129,transient_nonpersistent,Transient non-persistence,600,600,130,oracle,0.9490630217603712,0.9490630217603712,0.0,0.0,0.32210776549698533,120,0.08891215266215265,0.08891215266215265,0.011087847337847359,0.011087847337847359,,,
ademp-v2,10000129,transient_nonpersistent,Transient non-persistence,600,600,130,population,0.9899270583690407,0.9490630217603712,0.04086403660866955,4.305724242935186,0.2630529217257717,120,0.05552884615384615,0.05552884615384615,0.044471153846153855,0.044471153846153855,,,
ademp-v2,10000129,transient_nonpersistent,Transient non-persistence,600,600,130,raw_index_q10,1.8053911414783925,0.9490630217603712,0.8563281197180214,90.22879409311088,1.747166096750475,120,0.2226273032523033,0.2226273032523033,0.12262730325230328,0.12262730325230328,,,
ademp-v2,10000129,transient_nonpersistent,Transient non-persistence,600,600,130,affine_calibrated_q10,1.0334424216712736,0.9490630217603712,0.08437939991090249,8.890811039544161,0.38375902913533416,120,0.09265234765234766,0.09265234765234766,0.0073476523476523475,0.0073476523476523475,,,
ademp-v2,10000129,transient_nonpersistent,Transient non-persistence,600,600,130,unpenalized_level,1.8053911414783925,0.9490630217603712,0.8563281197180214,90.22879409311088,1.747166096750475,120,0.2226273032523033,0.2226273032523033,0.12262730325230328,0.12262730325230328,1.965836228028703,6.764482219319709,
ademp-v2,10000129,transient_nonpersistent,Transient non-persistence,600,600,130,tuned_level,0.9900024430769254,0.9490630217603712,0.04093942131655426,4.313667309534166,0.26306694137875974,120,0.05552884615384615,0.05552884615384615,0.044471153846153855,0.044471153846153855,-0.0006680555555555553,0.0037785640521627124,
ademp-v2,10000129,transient_nonpersistent,Transient non-persistence,600,600,130,tuned_level_slope,0.9899850358533304,0.9490630217603712,0.04092201409295926,4.311833161200928,0.2630605612855917,120,0.05552884615384615,0.05552884615384615,0.044471153846153855,0.044471153846153855,-0.0005062358181412906,0.0028802359888563406,
ademp-v2,10000130,transient_nonpersistent,Transient non-persistence,600,600,131,oracle,0.9817477857083556,0.9817477857083556,0.0,0.0,0.3347705733464371,120,0.09346433658933659,0.09346433658933659,0.006535663410663417,0.006535663410663417,,,
ademp-v2,10000130,transient_nonpersistent,Transient non-persistence,600,600,131,population,1.0370563242536908,0.9817477857083556,0.05530853854533513,5.633681007533786,0.29073365633693715,120,0.05379560254560255,0.05379560254560255,0.04620439745439746,0.04620439745439746,,,
ademp-v2,10000130,transient_nonpersistent,Transient non-persistence,600,600,131,raw_index_q10,1.6614854025886558,0.9817477857083556,0.6797376168803002,69.23749936342892,1.2634283606255778,120,0.19857651607651608,0.19857651607651608,0.09857651607651607,0.09857651607651607,,,
ademp-v2,10000130,transient_nonpersistent,Transient non-persistence,600,600,131,affine_calibrated_q10,1.0374110011498152,0.9817477857083556,0.05566321544145958,5.6698080965160695,0.33745046492296116,120,0.07853019665519666,0.07853019665519666,0.021469803344803348,0.021469803344803348,,,
ademp-v2,10000130,transient_nonpersistent,Transient non-persistence,600,600,131,unpenalized_level,1.6614854025886558,0.9817477857083556,0.6797376168803002,69.23749936342892,1.2634283606255778,120,0.19857651607651608,0.19857651607651608,0.09857651607651607,0.09857651607651607,2.0053058959258396,6.972061514649763,
ademp-v2,10000130,transient_nonpersistent,Transient non-persistence,600,600,131,tuned_level,1.037136358212787,0.9817477857083556,0.05538857250443141,5.641833198988798,0.2907817748487174,120,0.05379560254560255,0.05379560254560255,0.04620439745439746,0.04620439745439746,-0.0017874999999999998,0.01103715316555859,
ademp-v2,10000130,transient_nonpersistent,Transient non-persistence,600,600,131,tuned_level_slope,1.0394778481637341,0.9817477857083556,0.057730062455378484,5.8803353871304935,0.292011090298753,120,0.05329977892477892,0.05329977892477892,0.046700221075221086,0.046700221075221086,-0.029272887573378117,0.24637268011105734,
ademp-v2,10000131,transient_nonpersistent,Transient non-persistence,600,600,132,oracle,0.9666313712221161,0.9666313712221161,0.0,0.0,0.361457366018721,120,0.10241383616383616,0.10241383616383616,0.0024138361638361555,0.0024138361638361555,,,
ademp-v2,10000131,transient_nonpersistent,Transient non-persistence,600,600,132,population,0.9992535338769006,0.9666313712221161,0.03262216265478457,3.3748297050963942,0.2919030233019875,120,0.06567865005365006,0.06567865005365006,0.034321349946349944,0.034321349946349944,,,
ademp-v2,10000131,transient_nonpersistent,Transient non-persistence,600,600,132,raw_index_q10,1.8637174673446784,0.9666313712221161,0.8970860961225623,92.80539850350321,1.7487854115315653,120,0.2496247271247271,0.2496247271247271,0.1496247271247271,0.1496247271247271,,,
ademp-v2,10000131,transient_nonpersistent,Transient non-persistence,600,600,132,affine_calibrated_q10,1.025333844724137,0.9666313712221161,0.05870247350202085,6.072891409245602,0.4349208151177134,120,0.131510434010434,0.131510434010434,0.03151043401043399,0.03151043401043399,,,
ademp-v2,10000131,transient_nonpersistent,Transient non-persistence,600,600,132,unpenalized_level,1.8637174673446784,0.9666313712221161,0.8970860961225623,92.80539850350321,1.7487854115315653,120,0.2496247271247271,0.2496247271247271,0.1496247271247271,0.1496247271247271,1.9446030293076204,7.373361513245481,
ademp-v2,10000131,transient_nonpersistent,Transient non-persistence,600,600,132,tuned_level,0.999251567116809,0.9666313712221161,0.032620195894692894,3.3746262397268407,0.2918899881036955,120,0.06567865005365006,0.06567865005365006,0.034321349946349944,0.034321349946349944,-0.000975,0.004223830103204998,
ademp-v2,10000131,transient_nonpersistent,Transient non-persistence,600,600,132,tuned_level_slope,1.01385354811175,0.9666313712221161,0.04722217688963404,4.885231153829701,0.3089415090097797,120,0.07272489084989084,0.07272489084989084,0.027275109150109167,0.027275109150109167,0.01757206243786862,1.4162960504777384,
ademp-v2,10000132,transient_nonpersistent,Transient non-persistence,600,600,133,oracle,0.9545630879414108,0.9545630879414108,0.0,0.0,0.3277795728525588,120,0.09934375809375809,0.09934375809375809,0.0006562419062419167,0.0006562419062419167,,,
ademp-v2,10000132,transient_nonpersistent,Transient non-persistence,600,600,133,population,0.9777520816742556,0.9545630879414108,0.023188993732844887,2.429278276709164,0.25907991812023917,120,0.056348211973211965,0.056348211973211965,0.04365178802678804,0.04365178802678804,,,
ademp-v2,10000132,transient_nonpersistent,Transient non-persistence,600,600,133,raw_index_q10,1.7771231506388994,0.9545630879414108,0.8225600626974886,86.17136709857525,1.4766569978390787,120,0.23511761386761384,0.23511761386761384,0.13511761386761384,0.13511761386761384,,,
ademp-v2,10000132,transient_nonpersistent,Transient non-persistence,600,600,133,affine_calibrated_q10,0.9952203110877367,0.9545630879414108,0.040657223146325916,4.259249457676638,0.31729878200997047,120,0.09752758815258815,0.09752758815258815,0.0024724118474118567,0.0024724118474118567,,,
ademp-v2,10000132,transient_nonpersistent,Transient non-persistence,600,600,133,unpenalized_level,1.7771231506388994,0.9545630879414108,0.8225600626974886,86.17136709857525,1.4766569978390787,120,0.23511761386761384,0.23511761386761384,0.13511761386761384,0.13511761386761384,2.129734056275052,6.975557457964261,
ademp-v2,10000132,transient_nonpersistent,Transient non-persistence,600,600,133,tuned_level,0.9777869196834686,0.9545630879414108,0.023223831742057888,2.4329279054925412,0.2590656032339693,120,0.056348211973211965,0.056348211973211965,0.04365178802678804,0.04365178802678804,-0.0007527777777777777,0.004109721987533319,
ademp-v2,10000132,transient_nonpersistent,Transient non-persistence,600,600,133,tuned_level_slope,0.9777760933280895,0.9545630879414108,0.023213005386678698,2.431793736832978,0.2590634503732048,120,0.056348211973211965,0.056348211973211965,0.04365178802678804,0.04365178802678804,-0.0005589648506503705,0.003069935709090694,
ademp-v2,10000133,transient_nonpersistent,Transient non-persistence,600,600,134,oracle,0.9865529063593681,0.9865529063593681,0.0,0.0,0.4152279153990111,120,0.10706083268583268,0.10706083268583268,0.007060832685832671,0.007060832685832671,,,
ademp-v2,10000133,transient_nonpersistent,Transient non-persistence,600,600,134,population,1.0033314440471284,0.9865529063593681,0.016778537687760275,1.7007235577134288,0.31300328178291864,120,0.07319032819032818,0.07319032819032818,0.026809671809671823,0.026809671809671823,,,
ademp-v2,10000133,transient_nonpersistent,Transient non-persistence,600,600,134,raw_index_q10,1.7261462012358977,0.9865529063593681,0.7395932948765296,74.96742345079267,1.5424161917655161,120,0.2200456256706257,0.2200456256706257,0.12004562567062568,0.12004562567062568,,,
ademp-v2,10000133,transient_nonpersistent,Transient non-persistence,600,600,134,affine_calibrated_q10,1.0709504449542706,0.9865529063593681,0.08439753859490251,8.554790934259264,0.4313454695767169,120,0.10088612776112775,0.10088612776112775,0.0008861277611277446,0.0008861277611277446,,,
ademp-v2,10000133,transient_nonpersistent,Transient non-persistence,600,600,134,unpenalized_level,1.7261462012358977,0.9865529063593681,0.7395932948765296,74.96742345079267,1.5424161917655161,120,0.2200456256706257,0.2200456256706257,0.12004562567062568,0.12004562567062568,1.4586932540200428,7.0345927047359655,
ademp-v2,10000133,transient_nonpersistent,Transient non-persistence,600,600,134,tuned_level,1.0033957126758764,0.9865529063593681,0.016842806316508252,1.7072380211885954,0.3129935053829737,120,0.07319032819032818,0.07319032819032818,0.026809671809671823,0.026809671809671823,-0.0008972222222222221,0.003847618310938166,
ademp-v2,10000133,transient_nonpersistent,Transient non-persistence,600,600,134,tuned_level_slope,1.0033828770779716,0.9865529063593681,0.016829970718603482,1.7059369659869907,0.312990146545562,120,0.07319032819032818,0.07319032819032818,0.026809671809671823,0.026809671809671823,-0.0006596578022561369,0.002850089247784059,
ademp-v2,10000134,transient_nonpersistent,Transient non-persistence,600,600,135,oracle,0.9220016389210016,0.9220016389210016,0.0,0.0,0.29806821814812695,120,0.10325713638213638,0.10325713638213638,0.003257136382136372,0.003257136382136372,,,
ademp-v2,10000134,transient_nonpersistent,Transient non-persistence,600,600,135,population,0.9710070486059924,0.9220016389210016,0.049005409684990786,5.31511090829955,0.25005223493624473,120,0.05108303733303733,0.05108303733303733,0.048916962666962674,0.048916962666962674,,,
ademp-v2,10000134,transient_nonpersistent,Transient non-persistence,600,600,135,raw_index_q10,1.7434409653076106,0.9220016389210016,0.821439326386609,89.09304405878514,1.6302492081307356,120,0.20846775909275908,0.20846775909275908,0.10846775909275908,0.10846775909275908,,,
ademp-v2,10000134,transient_nonpersistent,Transient non-persistence,600,600,135,affine_calibrated_q10,1.0130166089018842,0.9220016389210016,0.09101496998088254,9.871454251143781,0.3077679005118193,120,0.09244956432456433,0.09244956432456433,0.007550435675435674,0.007550435675435674,,,
ademp-v2,10000134,transient_nonpersistent,Transient non-persistence,600,600,135,unpenalized_level,1.7434409653076106,0.9220016389210016,0.821439326386609,89.09304405878514,1.6302492081307356,120,0.20846775909275908,0.20846775909275908,0.10846775909275908,0.10846775909275908,1.2917031676060668,7.5282933261446265,
ademp-v2,10000134,transient_nonpersistent,Transient non-persistence,600,600,135,tuned_level,0.971047481294446,0.9220016389210016,0.04904584237344434,5.319496224631619,0.2500504998721392,120,0.05108303733303733,0.05108303733303733,0.048916962666962674,0.048916962666962674,-0.0008736111111111109,0.0036874725359931433,
ademp-v2,10000134,transient_nonpersistent,Transient non-persistence,600,600,135,tuned_level_slope,0.9710440037428608,0.9220016389210016,0.0490423648218592,5.319119050509759,0.2500456247275919,120,0.05108303733303733,0.05108303733303733,0.048916962666962674,0.048916962666962674,-0.0006639550970780172,0.0027675038545127615,
ademp-v2,10000135,transient_nonpersistent,Transient non-persistence,600,600,136,oracle,0.9418296367579658,0.9418296367579658,0.0,0.0,0.3294079857485961,120,0.10193820068820068,0.10193820068820068,0.001938200688200678,0.001938200688200678,,,
ademp-v2,10000135,transient_nonpersistent,Transient non-persistence,600,600,136,population,0.9803194012367146,0.9418296367579658,0.038489764478748745,4.086701349857815,0.2763196619111984,120,0.058588471713471715,0.058588471713471715,0.04141152828652829,0.04141152828652829,,,
ademp-v2,10000135,transient_nonpersistent,Transient non-persistence,600,600,136,raw_index_q10,1.7711492065096108,0.9418296367579658,0.829319569751645,88.05409570741358,1.5145862763307114,120,0.20972582972582973,0.20972582972582973,0.10972582972582973,0.10972582972582973,,,
ademp-v2,10000135,transient_nonpersistent,Transient non-persistence,600,600,136,affine_calibrated_q10,1.032092595248668,0.9418296367579658,0.0902629584907021,9.58378829545137,0.3842494004813673,120,0.0982733238983239,0.0982733238983239,0.0017266761016761084,0.0017266761016761084,,,
ademp-v2,10000135,transient_nonpersistent,Transient non-persistence,600,600,136,unpenalized_level,1.7711492065096108,0.9418296367579658,0.829319569751645,88.05409570741358,1.5145862763307114,120,0.20972582972582973,0.20972582972582973,0.10972582972582973,0.10972582972582973,1.1493661404131592,7.065553702232933,
ademp-v2,10000135,transient_nonpersistent,Transient non-persistence,600,600,136,tuned_level,0.9804074067535744,0.9418296367579658,0.03857776999560858,4.096045451320026,0.2762647796081135,120,0.058588471713471715,0.058588471713471715,0.04141152828652829,0.04141152828652829,-0.0015291666666666667,0.004693055350037811,
ademp-v2,10000135,transient_nonpersistent,Transient non-persistence,600,600,136,tuned_level_slope,0.9803836954055628,0.9418296367579658,0.03855405864759698,4.0935278677692235,0.27628034977976573,120,0.058588471713471715,0.058588471713471715,0.04141152828652829,0.04141152828652829,-0.0011355283161418326,0.003503343911537366,
ademp-v2,10000136,transient_nonpersistent,Transient non-persistence,600,600,137,oracle,0.9643510413391108,0.9643510413391108,0.0,0.0,0.3148350095151425,120,0.10146638084138085,0.10146638084138085,0.0014663808413808432,0.0014663808413808432,,,
ademp-v2,10000136,transient_nonpersistent,Transient non-persistence,600,600,137,population,0.9919725154543949,0.9643510413391108,0.02762147411528415,2.864255124039541,0.2651558859573454,120,0.06186820124320125,0.06186820124320125,0.03813179875679876,0.03813179875679876,,,
ademp-v2,10000136,transient_nonpersistent,Transient non-persistence,600,600,137,raw_index_q10,1.9460967818798698,0.9643510413391108,0.981745740540759,101.80377253261362,2.0879674771964365,120,0.22679968179968177,0.22679968179968177,0.12679968179968176,0.12679968179968176,,,
ademp-v2,10000136,transient_nonpersistent,Transient non-persistence,600,600,137,affine_calibrated_q10,1.0362356131912742,0.9643510413391108,0.07188457185216346,7.454191344299642,0.39306518337424984,120,0.10837505087505088,0.10837505087505088,0.008375050875050874,0.008375050875050874,,,
ademp-v2,10000136,transient_nonpersistent,Transient non-persistence,600,600,137,unpenalized_level,1.9460967818798698,0.9643510413391108,0.981745740540759,101.80377253261362,2.0879674771964365,120,0.22679968179968177,0.22679968179968177,0.12679968179968176,0.12679968179968176,2.4817482875240375,7.242401250063568,
ademp-v2,10000136,transient_nonpersistent,Transient non-persistence,600,600,137,tuned_level,0.9920581826382912,0.9643510413391108,0.027707141299180393,2.873138526475368,0.26514155873414796,120,0.06186820124320125,0.06186820124320125,0.03813179875679876,0.03813179875679876,-0.0006291666666666667,0.003988496189273829,
ademp-v2,10000136,transient_nonpersistent,Transient non-persistence,600,600,137,tuned_level_slope,0.992033517218214,0.9643510413391108,0.02768247587910322,2.870580804336869,0.2651427483471322,120,0.06186820124320125,0.06186820124320125,0.03813179875679876,0.03813179875679876,-0.0004929245622394313,0.0031186642310089695,
ademp-v2,10000137,transient_nonpersistent,Transient non-persistence,600,600,138,oracle,0.9425239882314058,0.9425239882314058,0.0,0.0,0.28963868900782236,120,0.0868815443815444,0.0868815443815444,0.013118455618455607,0.013118455618455607,,,
ademp-v2,10000137,transient_nonpersistent,Transient non-persistence,600,600,138,population,0.9875202480996453,0.9425239882314058,0.04499625986823952,4.774017471181027,0.24248810506762308,120,0.05308409183409184,0.05308409183409184,0.04691590816590817,0.04691590816590817,,,
ademp-v2,10000137,transient_nonpersistent,Transient non-persistence,600,600,138,raw_index_q10,1.6374506456395643,0.9425239882314058,0.6949266574081585,73.73039477882679,1.3406184088902382,120,0.19984425296925296,0.19984425296925296,0.09984425296925295,0.09984425296925295,,,
ademp-v2,10000137,transient_nonpersistent,Transient non-persistence,600,600,138,affine_calibrated_q10,1.0027865416279682,0.9425239882314058,0.06026255339656239,6.393742138026825,0.32799047732721126,120,0.08492019554519553,0.08492019554519553,0.015079804454804474,0.015079804454804474,,,
ademp-v2,10000137,transient_nonpersistent,Transient non-persistence,600,600,138,unpenalized_level,1.6374506456395643,0.9425239882314058,0.6949266574081585,73.73039477882679,1.3406184088902382,120,0.19984425296925296,0.19984425296925296,0.09984425296925295,0.09984425296925295,1.9303311004031514,6.406857273494821,
ademp-v2,10000137,transient_nonpersistent,Transient non-persistence,600,600,138,tuned_level,0.9881776905350352,0.9425239882314058,0.04565370230362942,4.843770861396967,0.23957149435447203,120,0.052559616309616315,0.052559616309616315,0.04744038369038369,0.04744038369038369,-0.05759599962874399,0.3549623832094478,
ademp-v2,10000137,transient_nonpersistent,Transient non-persistence,600,600,138,tuned_level_slope,0.9887866492391674,0.9425239882314058,0.04626266100776155,4.908380220069611,0.2433605353627261,120,0.05403189403189403,0.05403189403189403,0.04596810596810597,0.04596810596810597,-0.040928104561555254,0.6332310463370538,
ademp-v2,10000138,transient_nonpersistent,Transient non-persistence,600,600,139,oracle,0.9395026906260194,0.9395026906260194,0.0,0.0,0.3137384577496965,120,0.09411514411514413,0.09411514411514413,0.005884855884855877,0.005884855884855877,,,
ademp-v2,10000138,transient_nonpersistent,Transient non-persistence,600,600,139,population,0.9741184869173434,0.9395026906260194,0.03461579629132394,3.6844808042282855,0.2484419261886389,120,0.0590204933954934,0.0590204933954934,0.0409795066045066,0.0409795066045066,,,
ademp-v2,10000138,transient_nonpersistent,Transient non-persistence,600,600,139,raw_index_q10,1.8634667846327797,0.9395026906260194,0.9239640940067603,98.34608279738876,1.864276268075626,120,0.2437894512894513,0.2437894512894513,0.14378945128945128,0.14378945128945128,,,
ademp-v2,10000138,transient_nonpersistent,Transient non-persistence,600,600,139,affine_calibrated_q10,0.9950112825156491,0.9395026906260194,0.055508591889629644,5.908295148430343,0.3014958112802084,120,0.09384048821548821,0.09384048821548821,0.006159511784511795,0.006159511784511795,,,
ademp-v2,10000138,transient_nonpersistent,Transient non-persistence,600,600,139,unpenalized_level,1.8634667846327797,0.9395026906260194,0.9239640940067603,98.34608279738876,1.864276268075626,120,0.2437894512894513,0.2437894512894513,0.14378945128945128,0.14378945128945128,2.3319923285333317,7.148763035976741,
ademp-v2,10000138,transient_nonpersistent,Transient non-persistence,600,600,139,tuned_level,0.9741798307278539,0.9395026906260194,0.034677140101834425,3.691010195907793,0.24845627579253288,120,0.0590204933954934,0.0590204933954934,0.0409795066045066,0.0409795066045066,-0.0005124999999999998,0.0038218729653094123,
ademp-v2,10000138,transient_nonpersistent,Transient non-persistence,600,600,139,tuned_level_slope,0.9741593872039142,0.9395026906260194,0.03465669657789472,3.688834201720263,0.24845389686511837,120,0.0590204933954934,0.0590204933954934,0.0409795066045066,0.0409795066045066,-0.00034898498302216485,0.0027971546483387256,
ademp-v2,10000139,transient_nonpersistent,Transient non-persistence,600,600,140,oracle,0.9059788583309706,0.9059788583309706,0.0,0.0,0.3267713986074337,120,0.11112214174714173,0.11112214174714173,0.011122141747141726,0.011122141747141726,,,
ademp-v2,10000139,transient_nonpersistent,Transient non-persistence,600,600,140,population,0.9536658875205427,0.9059788583309706,0.04768702918957213,5.263591832310858,0.24769904546684537,120,0.05075475450475451,0.05075475450475451,0.0492452454952455,0.0492452454952455,,,
ademp-v2,10000139,transient_nonpersistent,Transient non-persistence,600,600,140,raw_index_q10,1.6556919693333154,0.9059788583309706,0.7497131110023448,82.75172252733309,1.546408008842974,120,0.2151011951011951,0.2151011951011951,0.1151011951011951,0.1151011951011951,,,
ademp-v2,10000139,transient_nonpersistent,Transient non-persistence,600,600,140,affine_calibrated_q10,0.9714262256916282,0.9059788583309706,0.0654473673606576,7.223939803763995,0.3252567100305479,120,0.07493127243127243,0.07493127243127243,0.025068727568727578,0.025068727568727578,,,
ademp-v2,10000139,transient_nonpersistent,Transient non-persistence,600,600,140,unpenalized_level,1.6556919693333154,0.9059788583309706,0.7497131110023448,82.75172252733309,1.546408008842974,120,0.2151011951011951,0.2151011951011951,0.1151011951011951,0.1151011951011951,1.876947782990514,6.603486153217767,
ademp-v2,10000139,transient_nonpersistent,Transient non-persistence,600,600,140,tuned_level,0.9536996582945219,0.9059788583309706,0.047720799963551275,5.267319377790381,0.24771136930595294,120,0.05075475450475451,0.05075475450475451,0.0492452454952455,0.0492452454952455,-0.00038472222222222217,0.0031846346961854426,
ademp-v2,10000139,transient_nonpersistent,Transient non-persistence,600,600,140,tuned_level_slope,0.9536979827245176,0.9059788583309706,0.047719124393546974,5.267134431973059,0.24770523829302102,120,0.05075475450475451,0.05075475450475451,0.0492452454952455,0.0492452454952455,-0.0002880120467161574,0.0023985012241569278,
ademp-v2,10000140,transient_nonpersistent,Transient non-persistence,600,600,141,oracle,0.9782460915802375,0.9782460915802375,0.0,0.0,0.32093405694127947,120,0.09390290265290265,0.09390290265290265,0.0060970973470973605,0.0060970973470973605,,,
ademp-v2,10000140,transient_nonpersistent,Transient non-persistence,600,600,141,population,1.026091347964126,0.9782460915802375,0.04784525638388859,4.890922314506813,0.24007604412981975,120,0.053822288822288816,0.053822288822288816,0.04617771117771119,0.04617771117771119,,,
ademp-v2,10000140,transient_nonpersistent,Transient non-persistence,600,600,141,raw_index_q10,1.8061347030535089,0.9782460915802375,0.8278886114732714,84.6298920689699,1.7832933872313597,120,0.21705754893254894,0.21705754893254894,0.11705754893254894,0.11705754893254894,,,
ademp-v2,10000140,transient_nonpersistent,Transient non-persistence,600,600,141,affine_calibrated_q10,1.063745781267913,0.9782460915802375,0.08549968968767552,8.740100310501745,0.3931636674461686,120,0.11393065268065268,0.11393065268065268,0.013930652680652675,0.013930652680652675,,,
ademp-v2,10000140,transient_nonpersistent,Transient non-persistence,600,600,141,unpenalized_level,1.8061347030535089,0.9782460915802375,0.8278886114732714,84.6298920689699,1.7832933872313597,120,0.21705754893254894,0.21705754893254894,0.11705754893254894,0.11705754893254894,2.1980268849337365,7.1318007471149745,
ademp-v2,10000140,transient_nonpersistent,Transient non-persistence,600,600,141,tuned_level,1.026123502218051,0.9782460915802375,0.04787741063781359,4.894209243450538,0.24001309975404939,120,0.053822288822288816,0.053822288822288816,0.04617771117771119,0.04617771117771119,-0.0007597222222222221,0.003918586999681654,
ademp-v2,10000140,transient_nonpersistent,Transient non-persistence,600,600,141,tuned_level_slope,1.0261247381856446,0.9782460915802375,0.047878646605407194,4.8943355887131705,0.24002016928258268,120,0.053822288822288816,0.053822288822288816,0.04617771117771119,0.04617771117771119,-0.0005613647214648645,0.0029636579714374363,
ademp-v2,10000141,transient_nonpersistent,Transient non-persistence,600,600,142,oracle,0.9050236544176393,0.9050236544176393,0.0,0.0,0.315444286859354,120,0.08501771376771376,0.08501771376771376,0.014982286232286243,0.014982286232286243,,,
ademp-v2,10000141,transient_nonpersistent,Transient non-persistence,600,600,142,population,0.9664561632412791,0.9050236544176393,0.06143250882363982,6.7879451021830075,0.24249232384009745,120,0.039955715580715576,0.039955715580715576,0.06004428441928443,0.06004428441928443,,,
ademp-v2,10000141,transient_nonpersistent,Transient non-persistence,600,600,142,raw_index_q10,1.486974620598175,0.9050236544176393,0.5819509661805358,64.30229346381084,1.0284661950002185,120,0.1637269212269212,0.1637269212269212,0.0637269212269212,0.0637269212269212,,,
ademp-v2,10000141,transient_nonpersistent,Transient non-persistence,600,600,142,affine_calibrated_q10,0.9693604151974433,0.9050236544176393,0.06433676077980399,7.108848532937311,0.27485323104211407,120,0.06327337014837014,0.06327337014837014,0.03672662985162986,0.03672662985162986,,,
ademp-v2,10000141,transient_nonpersistent,Transient non-persistence,600,600,142,unpenalized_level,1.486974620598175,0.9050236544176393,0.5819509661805358,64.30229346381084,1.0284661950002185,120,0.1637269212269212,0.1637269212269212,0.0637269212269212,0.0637269212269212,1.2086070455163898,6.097192583354636,
ademp-v2,10000141,transient_nonpersistent,Transient non-persistence,600,600,142,tuned_level,0.96646699214031,0.9050236544176393,0.06144333772267063,6.789141634337494,0.2423388058581242,120,0.039955715580715576,0.039955715580715576,0.06004428441928443,0.06004428441928443,-0.00042328414176149437,0.0028478671861216194,
ademp-v2,10000141,transient_nonpersistent,Transient non-persistence,600,600,142,tuned_level_slope,0.9664675643051645,0.9050236544176393,0.06144390988752513,6.789204855320913,0.24237200646589357,120,0.039955715580715576,0.039955715580715576,0.06004428441928443,0.06004428441928443,-0.0003256774320581053,0.002160918952450654,
ademp-v2,10000142,transient_nonpersistent,Transient non-persistence,600,600,143,oracle,1.004721032357198,1.004721032357198,0.0,0.0,0.4262032459935284,120,0.1087102712102712,0.1087102712102712,0.008710271210271195,0.008710271210271195,,,
ademp-v2,10000142,transient_nonpersistent,Transient non-persistence,600,600,143,population,1.0247521255058096,1.004721032357198,0.020031093148611623,1.993697006781697,0.3485246177378226,120,0.07090356402856403,0.07090356402856403,0.029096435971435977,0.029096435971435977,,,
ademp-v2,10000142,transient_nonpersistent,Transient non-persistence,600,600,143,raw_index_q10,1.846727512191477,1.004721032357198,0.842006479834279,83.80500185796143,1.6241412448869161,120,0.2207941132941133,0.2207941132941133,0.1207941132941133,0.1207941132941133,,,
ademp-v2,10000142,transient_nonpersistent,Transient non-persistence,600,600,143,affine_calibrated_q10,1.0505753978757701,1.004721032357198,0.04585436551857214,4.563890278179228,0.38154764324465107,120,0.09222041847041848,0.09222041847041848,0.007779581529581525,0.007779581529581525,,,
ademp-v2,10000142,transient_nonpersistent,Transient non-persistence,600,600,143,unpenalized_level,1.846727512191477,1.004721032357198,0.842006479834279,83.80500185796143,1.6241412448869161,120,0.2207941132941133,0.2207941132941133,0.1207941132941133,0.1207941132941133,1.0065656065165534,7.4737666360777215,
ademp-v2,10000142,transient_nonpersistent,Transient non-persistence,600,600,143,tuned_level,1.024783198360424,1.004721032357198,0.02006216600322608,1.996789691578148,0.3484455100494053,120,0.07090356402856403,0.07090356402856403,0.029096435971435977,0.029096435971435977,-0.0015277777777777776,0.004842950202786176,
ademp-v2,10000142,transient_nonpersistent,Transient non-persistence,600,600,143,tuned_level_slope,1.0247789767837505,1.004721032357198,0.02005794442655251,1.9963695175658986,0.3484505418931887,120,0.07090356402856403,0.07090356402856403,0.029096435971435977,0.029096435971435977,-0.0011561237873658756,0.0036323657484628328,
ademp-v2,10000143,transient_nonpersistent,Transient non-persistence,600,600,144,oracle,0.9408213505908124,0.9408213505908124,0.0,0.0,0.33794719396856376,120,0.09495085932585931,0.09495085932585931,0.005049140674140695,0.005049140674140695,,,
ademp-v2,10000143,transient_nonpersistent,Transient non-persistence,600,600,144,population,1.000293139604563,0.9408213505908124,0.0594717890137505,6.321262689925532,0.25480806427286623,120,0.051731717356717354,0.051731717356717354,0.04826828264328265,0.04826828264328265,,,
ademp-v2,10000143,transient_nonpersistent,Transient non-persistence,600,600,144,raw_index_q10,1.5733757206687542,0.9408213505908124,0.6325543700779418,67.23427031930274,1.059123401115403,120,0.1890987947237947,0.1890987947237947,0.0890987947237947,0.0890987947237947,,,
ademp-v2,10000143,transient_nonpersistent,Transient non-persistence,600,600,144,affine_calibrated_q10,1.0049329076076814,0.9408213505908124,0.06411155701686899,6.814424117459551,0.35834053886989015,120,0.08957704332704333,0.08957704332704333,0.010422956672956674,0.010422956672956674,,,
ademp-v2,10000143,transient_nonpersistent,Transient non-persistence,600,600,144,unpenalized_level,1.5733757206687542,0.9408213505908124,0.6325543700779418,67.23427031930274,1.059123401115403,120,0.1890987947237947,0.1890987947237947,0.0890987947237947,0.0890987947237947,1.0287531536841092,6.931243751684165,
ademp-v2,10000143,transient_nonpersistent,Transient non-persistence,600,600,144,tuned_level,1.0041089958668938,0.9408213505908124,0.06328764527608144,6.726850452143584,0.2454229372197805,120,0.04777338402338402,0.04777338402338402,0.05222661597661599,0.05222661597661599,-0.12880412367934543,0.42388891767758136,
ademp-v2,10000143,transient_nonpersistent,Transient non-persistence,600,600,144,tuned_level_slope,1.0030412173345884,0.9408213505908124,0.062219866743776,6.613356159987598,0.24785632585216558,120,0.047710252710252705,0.047710252710252705,0.0522897472897473,0.0522897472897473,-0.09557871785109681,0.3141740718427713,
ademp-v2,10000144,transient_nonpersistent,Transient non-persistence,600,600,145,oracle,1.003132050324901,1.003132050324901,0.0,0.0,0.34768912364307253,120,0.0909858891108891,0.0909858891108891,0.009014110889110902,0.009014110889110902,,,
ademp-v2,10000144,transient_nonpersistent,Transient non-persistence,600,600,145,population,1.0559172002110864,1.003132050324901,0.05278514988618532,5.26203403321516,0.2766131305628424,120,0.05158024845524845,0.05158024845524845,0.04841975154475155,0.04841975154475155,,,
ademp-v2,10000144,transient_nonpersistent,Transient non-persistence,600,600,145,raw_index_q10,1.8259978189026733,1.003132050324901,0.8228657685777723,82.02965584752845,1.3216922293285207,120,0.224099580974581,0.224099580974581,0.12409958097458099,0.12409958097458099,,,
ademp-v2,10000144,transient_nonpersistent,Transient non-persistence,600,600,145,affine_calibrated_q10,1.0935047547206125,1.003132050324901,0.09037270439571143,9.009053630221556,0.3837882256091951,120,0.0915642228142228,0.0915642228142228,0.008435777185777205,0.008435777185777205,,,
ademp-v2,10000144,transient_nonpersistent,Transient non-persistence,600,600,145,unpenalized_level,1.8259978189026733,1.003132050324901,0.8228657685777723,82.02965584752845,1.3216922293285207,120,0.224099580974581,0.224099580974581,0.12409958097458099,0.12409958097458099,2.0214263486506105,7.609546144175208,
ademp-v2,10000144,transient_nonpersistent,Transient non-persistence,600,600,145,tuned_level,1.0716621830812414,1.003132050324901,0.06853013275634035,6.8316163095521025,0.2901210787221549,120,0.05777174214674214,0.05777174214674214,0.042228257853257865,0.042228257853257865,-0.07124675090872534,0.8246657557022764,
ademp-v2,10000144,transient_nonpersistent,Transient non-persistence,600,600,145,tuned_level_slope,1.0760115482149406,1.003132050324901,0.07287949789003956,7.265194833166268,0.31851438013149114,120,0.05916063103563104,0.05916063103563104,0.04083936896436897,0.04083936896436897,0.07464318940284904,1.406880583512387,
ademp-v2,10000145,transient_nonpersistent,Transient non-persistence,600,600,146,oracle,0.9798455687385171,0.9798455687385171,0.0,0.0,0.33680041337653294,120,0.11431101306101304,0.11431101306101304,0.01431101306101304,0.01431101306101304,,,
ademp-v2,10000145,transient_nonpersistent,Transient non-persistence,600,600,146,population,1.0095007266723732,0.9798455687385171,0.02965515793385609,3.0265134506894835,0.28725219891916515,120,0.06472199097199097,0.06472199097199097,0.03527800902800904,0.03527800902800904,,,
ademp-v2,10000145,transient_nonpersistent,Transient non-persistence,600,600,146,raw_index_q10,1.7730473463036802,0.9798455687385171,0.7932017775651631,80.95171350178732,1.4037543442350573,120,0.22024149461649462,0.22024149461649462,0.12024149461649461,0.12024149461649461,,,
ademp-v2,10000145,transient_nonpersistent,Transient non-persistence,600,600,146,affine_calibrated_q10,1.058360382149272,0.9798455687385171,0.07851481341075484,8.012978362685988,0.43282044240605827,120,0.10195029507529509,0.10195029507529509,0.0019502950752950804,0.0019502950752950804,,,
ademp-v2,10000145,transient_nonpersistent,Transient non-persistence,600,600,146,unpenalized_level,1.7730473463036802,0.9798455687385171,0.7932017775651631,80.95171350178732,1.4037543442350573,120,0.22024149461649462,0.22024149461649462,0.12024149461649461,0.12024149461649461,1.7241555311366008,6.9971687950089825,
ademp-v2,10000145,transient_nonpersistent,Transient non-persistence,600,600,146,tuned_level,1.0095502719958769,0.9798455687385171,0.029704703257359744,3.031569892753863,0.28727052871873504,120,0.06472199097199097,0.06472199097199097,0.03527800902800904,0.03527800902800904,-0.0009916666666666665,0.0039761441400208595,
ademp-v2,10000145,transient_nonpersistent,Transient non-persistence,600,600,146,tuned_level_slope,1.0133604946739114,0.9798455687385171,0.03351492593539429,3.420429402823388,0.2896580175780854,120,0.06660411347911348,0.06660411347911348,0.03339588652088653,0.03339588652088653,-0.06043989400691754,0.2775231009589807,
ademp-v2,10000146,transient_nonpersistent,Transient non-persistence,600,600,147,oracle,0.9411264123454581,0.9411264123454581,0.0,0.0,0.26726763684406313,120,0.09687759000259,0.09687759000259,0.0031224099974100084,0.0031224099974100084,,,
ademp-v2,10000146,transient_nonpersistent,Transient non-persistence,600,600,147,population,1.00603077768774,0.9411264123454581,0.06490436534228183,6.896455618595206,0.22315246089951166,120,0.045697404447404444,0.045697404447404444,0.05430259555259556,0.05430259555259556,,,
ademp-v2,10000146,transient_nonpersistent,Transient non-persistence,600,600,147,raw_index_q10,1.6190178310275403,0.9411264123454581,0.6778914186820821,72.02979427520832,1.4001388824529917,120,0.19793875106375106,0.19793875106375106,0.09793875106375105,0.09793875106375105,,,
ademp-v2,10000146,transient_nonpersistent,Transient non-persistence,600,600,147,affine_calibrated_q10,0.9978737326852745,0.9411264123454581,0.05674732033981633,6.029723488302883,0.3318367252584222,120,0.10275659525659525,0.10275659525659525,0.0027565952565952456,0.0027565952565952456,,,
ademp-v2,10000146,transient_nonpersistent,Transient non-persistence,600,600,147,unpenalized_level,1.6190178310275403,0.9411264123454581,0.6778914186820821,72.02979427520832,1.4001388824529917,120,0.19793875106375106,0.19793875106375106,0.09793875106375105,0.09793875106375105,2.011948958419216,7.0930737177159875,
ademp-v2,10000146,transient_nonpersistent,Transient non-persistence,600,600,147,tuned_level,1.00603998195184,0.9411264123454581,0.06491356960638184,6.897433623672873,0.22310267407511988,120,0.045697404447404444,0.045697404447404444,0.05430259555259556,0.05430259555259556,-0.0008916666666666666,0.0041874481754670375,
ademp-v2,10000146,transient_nonpersistent,Transient non-persistence,600,600,147,tuned_level_slope,1.006036632714873,0.9411264123454581,0.06491022036941496,6.897077748317241,0.2231139316964865,120,0.045697404447404444,0.045697404447404444,0.05430259555259556,0.05430259555259556,-0.0006595299017127902,0.0031844104831450257,
ademp-v2,10000147,transient_nonpersistent,Transient non-persistence,600,600,148,oracle,0.9653369964506593,0.9653369964506593,0.0,0.0,0.3793290559661414,120,0.10058705183705183,0.10058705183705183,0.0005870518370518218,0.0005870518370518218,,,
ademp-v2,10000147,transient_nonpersistent,Transient non-persistence,600,600,148,population,0.9981724831128251,0.9653369964506593,0.03283548666216585,3.4014532523766325,0.3085173275928877,120,0.062203768453768446,0.062203768453768446,0.03779623154623156,0.03779623154623156,,,
ademp-v2,10000147,transient_nonpersistent,Transient non-persistence,600,600,148,raw_index_q10,1.8705430725388343,0.9653369964506593,0.905206076088175,93.77099183149791,1.703638155777537,120,0.2472834572834573,0.2472834572834573,0.1472834572834573,0.1472834572834573,,,
ademp-v2,10000147,transient_nonpersistent,Transient non-persistence,600,600,148,affine_calibrated_q10,1.0795843091576807,0.9653369964506593,0.11424731270702138,11.834966765708211,0.5433724634197685,120,0.12127275502275502,0.12127275502275502,0.02127275502275501,0.02127275502275501,,,
ademp-v2,10000147,transient_nonpersistent,Transient non-persistence,600,600,148,unpenalized_level,1.8705430725388343,0.9653369964506593,0.905206076088175,93.77099183149791,1.703638155777537,120,0.2472834572834573,0.2472834572834573,0.1472834572834573,0.1472834572834573,1.9653482356145695,7.393898520043435,
ademp-v2,10000147,transient_nonpersistent,Transient non-persistence,600,600,148,tuned_level,0.9982867462879218,0.9653369964506593,0.03294974983726251,3.413289862339452,0.3085336781772764,120,0.062203768453768446,0.062203768453768446,0.03779623154623156,0.03779623154623156,-0.0007444444444444445,0.00428617501932624,
ademp-v2,10000147,transient_nonpersistent,Transient non-persistence,600,600,148,tuned_level_slope,1.0006181902835904,0.9653369964506593,0.03528119383293116,3.654805934368275,0.30869872784446767,120,0.06137043512043512,0.06137043512043512,0.038629564879564884,0.038629564879564884,-0.01587180019165591,0.09505663809598684,
ademp-v2,10000148,transient_nonpersistent,Transient non-persistence,600,600,149,oracle,0.9436082097531969,0.9436082097531969,0.0,0.0,0.30323382326731646,120,0.09372842435342435,0.09372842435342435,0.006271575646575656,0.006271575646575656,,,
ademp-v2,10000148,transient_nonpersistent,Transient non-persistence,600,600,149,population,0.9923002660868234,0.9436082097531969,0.0486920563336265,5.16019846270329,0.26275035543593733,120,0.05245109057609057,0.05245109057609057,0.047548909423909436,0.047548909423909436,,,
ademp-v2,10000148,transient_nonpersistent,Transient non-persistence,600,600,149,raw_index_q10,1.8753572900523778,0.9436082097531969,0.9317490802991809,98.74321468047445,1.668384470647687,120,0.23891122766122766,0.23891122766122766,0.13891122766122765,0.13891122766122765,,,
ademp-v2,10000148,transient_nonpersistent,Transient non-persistence,600,600,149,affine_calibrated_q10,1.0102966904356172,0.9436082097531969,0.06668848068242028,7.067390893076568,0.32834743907895186,120,0.09921381858881859,0.09921381858881859,0.0007861814111814192,0.0007861814111814192,,,
ademp-v2,10000148,transient_nonpersistent,Transient non-persistence,600,600,149,unpenalized_level,1.8753572900523778,0.9436082097531969,0.9317490802991809,98.74321468047445,1.668384470647687,120,0.23891122766122766,0.23891122766122766,0.13891122766122765,0.13891122766122765,1.7005958907497178,7.539812936123393,
ademp-v2,10000148,transient_nonpersistent,Transient non-persistence,600,600,149,tuned_level,0.9923384426093749,0.9436082097531969,0.048730232856177946,5.164244264992507,0.26267227302267265,120,0.05245109057609057,0.05245109057609057,0.047548909423909436,0.047548909423909436,-0.0009749999999999998,0.0042855809062137306,
ademp-v2,10000148,transient_nonpersistent,Transient non-persistence,600,600,149,tuned_level_slope,0.9923257606025259,0.9436082097531969,0.04871755084932894,5.162900274264373,0.2626716097459925,120,0.05245109057609057,0.05245109057609057,0.047548909423909436,0.047548909423909436,-0.0007659043316491867,0.003318047199472612,
ademp-v2,10000149,transient_nonpersistent,Transient non-persistence,600,600,150,oracle,0.9317003835625021,0.9317003835625021,0.0,0.0,0.2711592084297083,120,0.09064343064343064,0.09064343064343064,0.009356569356569366,0.009356569356569366,,,
ademp-v2,10000149,transient_nonpersistent,Transient non-persistence,600,600,150,population,0.9835791842969271,0.9317003835625021,0.05187880073442508,5.568184971230599,0.2390560687357937,120,0.045292369667369665,0.045292369667369665,0.05470763033263034,0.05470763033263034,,,
ademp-v2,10000149,transient_nonpersistent,Transient non-persistence,600,600,150,raw_index_q10,1.876911233006282,0.9317003835625021,0.94521084944378,101.45008697212495,1.8631671482483005,120,0.2088443732193732,0.2088443732193732,0.10884437321937321,0.10884437321937321,,,
ademp-v2,10000149,transient_nonpersistent,Transient non-persistence,600,600,150,affine_calibrated_q10,1.0044039855740905,0.9317003835625021,0.07270360201158843,7.803324254691711,0.28742057390129255,120,0.08090640840640839,0.08090640840640839,0.019093591593591613,0.019093591593591613,,,
ademp-v2,10000149,transient_nonpersistent,Transient non-persistence,600,600,150,unpenalized_level,1.876911233006282,0.9317003835625021,0.94521084944378,101.45008697212495,1.8631671482483005,120,0.2088443732193732,0.2088443732193732,0.10884437321937321,0.10884437321937321,1.5844433402519813,7.556087933196358,
ademp-v2,10000149,transient_nonpersistent,Transient non-persistence,600,600,150,tuned_level,0.9836776412180924,0.9317003835625021,0.05197725765559036,5.578752415754858,0.23905404871800934,120,0.045292369667369665,0.045292369667369665,0.05470763033263034,0.05470763033263034,-0.0010083333333333333,0.004134878743351759,
ademp-v2,10000149,transient_nonpersistent,Transient non-persistence,600,600,150,tuned_level_slope,0.9836464853944002,0.9317003835625021,0.051946101831898184,5.575408441206618,0.23905366392312158,120,0.045292369667369665,0.045292369667369665,0.05470763033263034,0.05470763033263034,-0.0007629761599405876,0.0030817006407919127,
ademp-v2,10000150,transient_nonpersistent,Transient non-persistence,600,600,151,oracle,0.9724329230612366,0.9724329230612366,0.0,0.0,0.38144897941631717,120,0.11346341158841161,0.11346341158841161,0.013463411588411606,0.013463411588411606,,,
ademp-v2,10000150,transient_nonpersistent,Transient non-persistence,600,600,151,population,0.9983212256990749,0.9724329230612366,0.025888302637838256,2.662219884158324,0.3106440265308932,120,0.06035008972508972,0.06035008972508972,0.039649910274910286,0.039649910274910286,,,
ademp-v2,10000150,transient_nonpersistent,Transient non-persistence,600,600,151,raw_index_q10,1.7597555355846963,0.9724329230612366,0.7873226125234597,80.96420779799944,1.6370963534606071,120,0.1878579984829985,0.1878579984829985,0.0878579984829985,0.0878579984829985,,,
ademp-v2,10000150,transient_nonpersistent,Transient non-persistence,600,600,151,affine_calibrated_q10,1.043455382225628,0.9724329230612366,0.07102245916439143,7.303584389225678,0.4548318575420708,120,0.10929057054057054,0.10929057054057054,0.00929057054057053,0.00929057054057053,,,
ademp-v2,10000150,transient_nonpersistent,Transient non-persistence,600,600,151,unpenalized_level,1.7597555355846963,0.9724329230612366,0.7873226125234597,80.96420779799944,1.6370963534606071,120,0.1878579984829985,0.1878579984829985,0.0878579984829985,0.0878579984829985,0.7324311259780057,6.710799794823726,
ademp-v2,10000150,transient_nonpersistent,Transient non-persistence,600,600,151,tuned_level,0.9984085836343495,0.9724329230612366,0.025975660573112846,2.67120332488754,0.31057601801690254,120,0.06035008972508972,0.06035008972508972,0.039649910274910286,0.039649910274910286,-0.0011208333333333333,0.004283230651601057,
ademp-v2,10000150,transient_nonpersistent,Transient non-persistence,600,600,151,tuned_level_slope,0.9983869953803765,0.9724329230612366,0.02595407231913982,2.6689832998903333,0.31059218352707674,120,0.06035008972508972,0.06035008972508972,0.039649910274910286,0.039649910274910286,-0.0008557366905210783,0.0032601707482605214,
ademp-v2,10000151,transient_nonpersistent,Transient non-persistence,600,600,152,oracle,0.950668008470423,0.950668008470423,0.0,0.0,0.30485247055468195,120,0.09805659618159618,0.09805659618159618,0.0019434038184038271,0.0019434038184038271,,,
ademp-v2,10000151,transient_nonpersistent,Transient non-persistence,600,600,152,population,0.9948201976229333,0.950668008470423,0.04415218915251029,4.64433311725183,0.2536107730883549,120,0.04901390276390276,0.04901390276390276,0.05098609723609725,0.05098609723609725,,,
ademp-v2,10000151,transient_nonpersistent,Transient non-persistence,600,600,152,raw_index_q10,1.9731781788085978,0.950668008470423,1.0225101703381747,107.5570189832455,1.5644430490428995,120,0.24251917064417064,0.24251917064417064,0.14251917064417063,0.14251917064417063,,,
ademp-v2,10000151,transient_nonpersistent,Transient non-persistence,600,600,152,affine_calibrated_q10,1.0125939559218924,0.950668008470423,0.0619259474514694,6.513940397668912,0.3473576814318,120,0.1060392847892848,0.1060392847892848,0.006039284789284796,0.006039284789284796,,,
ademp-v2,10000151,transient_nonpersistent,Transient non-persistence,600,600,152,unpenalized_level,1.9731781788085978,0.950668008470423,1.0225101703381747,107.5570189832455,1.5644430490428995,120,0.24251917064417064,0.24251917064417064,0.14251917064417063,0.14251917064417063,1.838660472150149,8.056565186119952,
ademp-v2,10000151,transient_nonpersistent,Transient non-persistence,600,600,152,tuned_level,0.9948263770684878,0.950668008470423,0.04415836859806477,4.644983128138851,0.25355493442944765,120,0.04901390276390276,0.04901390276390276,0.05098609723609725,0.05098609723609725,-0.001023611111111111,0.004576434201428007,
ademp-v2,10000151,transient_nonpersistent,Transient non-persistence,600,600,152,tuned_level_slope,0.9948194796008604,0.950668008470423,0.04415147113043738,4.644257589089895,0.25357088744916695,120,0.04901390276390276,0.04901390276390276,0.05098609723609725,0.05098609723609725,-0.0007505648719037121,0.003382752101092703,
ademp-v2,10000152,transient_nonpersistent,Transient non-persistence,600,600,153,oracle,0.9316368475926151,0.9316368475926151,0.0,0.0,0.2869776258293485,120,0.09491173178673179,0.09491173178673179,0.0050882682132682155,0.0050882682132682155,,,
ademp-v2,10000152,transient_nonpersistent,Transient non-persistence,600,600,153,population,0.9805999231726725,0.9316368475926151,0.048963075580057414,5.25559671738831,0.23499757390331935,120,0.04602439227439228,0.04602439227439228,0.05397560772560773,0.05397560772560773,,,
ademp-v2,10000152,transient_nonpersistent,Transient non-persistence,600,600,153,raw_index_q10,1.7151440081637659,0.9316368475926151,0.7835071605711508,84.10006137002449,1.438162170876468,120,0.18490116365116363,0.18490116365116363,0.08490116365116362,0.08490116365116362,,,
ademp-v2,10000152,transient_nonpersistent,Transient non-persistence,600,600,153,affine_calibrated_q10,1.040593227751207,0.9316368475926151,0.10895638015859199,11.695155729417465,0.3648541824949568,120,0.09819363506863506,0.09819363506863506,0.0018063649313649482,0.0018063649313649482,,,
ademp-v2,10000152,transient_nonpersistent,Transient non-persistence,600,600,153,unpenalized_level,1.7151440081637659,0.9316368475926151,0.7835071605711508,84.10006137002449,1.438162170876468,120,0.18490116365116363,0.18490116365116363,0.08490116365116362,0.08490116365116362,0.9472712545429166,6.79279092976935,
ademp-v2,10000152,transient_nonpersistent,Transient non-persistence,600,600,153,tuned_level,0.9827746533160356,0.9316368475926151,0.051137805723420526,5.489027817605385,0.2354729380300062,120,0.04509846634846635,0.04509846634846635,0.054901533651533656,0.054901533651533656,-0.03269964613854072,0.11599938660339269,
ademp-v2,10000152,transient_nonpersistent,Transient non-persistence,600,600,153,tuned_level_slope,0.9823532595632433,0.9316368475926151,0.05071641197062815,5.4437962712274945,0.23537796065058475,120,0.04509846634846635,0.04509846634846635,0.054901533651533656,0.054901533651533656,-0.02430111692340112,0.0883938209513183,
ademp-v2,10000153,transient_nonpersistent,Transient non-persistence,600,600,154,oracle,0.9511849890828274,0.9511849890828274,0.0,0.0,0.2711478137433262,120,0.07945672383172384,0.07945672383172384,0.02054327616827617,0.02054327616827617,,,
ademp-v2,10000153,transient_nonpersistent,Transient non-persistence,600,600,154,population,1.0136180011961804,0.9511849890828274,0.06243301211335295,6.563708724372688,0.23791596939577975,120,0.04883029008029008,0.04883029008029008,0.05116970991970993,0.05116970991970993,,,
ademp-v2,10000153,transient_nonpersistent,Transient non-persistence,600,600,154,raw_index_q10,1.6534732020340812,0.9511849890828274,0.7022882129512538,73.83297896957242,1.2361501901236078,120,0.21002522940022939,0.21002522940022939,0.11002522940022938,0.11002522940022938,,,
ademp-v2,10000153,transient_nonpersistent,Transient non-persistence,600,600,154,affine_calibrated_q10,0.9873209901969265,0.9511849890828274,0.03613600111409909,3.799050818594493,0.2562563973050277,120,0.08641395641395641,0.08641395641395641,0.013586043586043595,0.013586043586043595,,,
ademp-v2,10000153,transient_nonpersistent,Transient non-persistence,600,600,154,unpenalized_level,1.6534732020340812,0.9511849890828274,0.7022882129512538,73.83297896957242,1.2361501901236078,120,0.21002522940022939,0.21002522940022939,0.11002522940022938,0.11002522940022938,2.1301709084385,7.037688741065725,
ademp-v2,10000153,transient_nonpersistent,Transient non-persistence,600,600,154,tuned_level,1.0136308277523403,0.9511849890828274,0.06244583866951281,6.565057206140912,0.23781382585332103,120,0.04883029008029008,0.04883029008029008,0.05116970991970993,0.05116970991970993,-0.0004499999999999998,0.003300743462828853,
ademp-v2,10000153,transient_nonpersistent,Transient non-persistence,600,600,154,tuned_level_slope,1.0136265648583396,0.9511849890828274,0.062441575775512126,6.564609039480419,0.23782080464736433,120,0.04883029008029008,0.04883029008029008,0.05116970991970993,0.05116970991970993,-0.0003115570042556172,0.002466842413464301,
ademp-v2,10000154,transient_nonpersistent,Transient non-persistence,600,600,155,oracle,1.016894055957495,1.016894055957495,0.0,0.0,0.41941370674602346,120,0.10832662707662707,0.10832662707662707,0.008326627076627069,0.008326627076627069,,,
ademp-v2,10000154,transient_nonpersistent,Transient non-persistence,600,600,155,population,1.0579507470110128,1.016894055957495,0.041056691053517724,4.037460029684139,0.3563212861952233,120,0.060852226477226476,0.060852226477226476,0.03914777352277353,0.03914777352277353,,,
ademp-v2,10000154,transient_nonpersistent,Transient non-persistence,600,600,155,raw_index_q10,1.8270376792629954,1.016894055957495,0.8101436233055004,79.6684392596512,1.4917673232920288,120,0.24331083268583267,0.24331083268583267,0.14331083268583267,0.14331083268583267,,,
ademp-v2,10000154,transient_nonpersistent,Transient non-persistence,600,600,155,affine_calibrated_q10,1.1059953702476233,1.016894055957495,0.08910131429012824,8.76210395450011,0.43615213683857046,120,0.11794413919413918,0.11794413919413918,0.017944139194139175,0.017944139194139175,,,
ademp-v2,10000154,transient_nonpersistent,Transient non-persistence,600,600,155,unpenalized_level,1.8270376792629954,1.016894055957495,0.8101436233055004,79.6684392596512,1.4917673232920288,120,0.24331083268583267,0.24331083268583267,0.14331083268583267,0.14331083268583267,2.785727294291912,7.575902350729631,
ademp-v2,10000154,transient_nonpersistent,Transient non-persistence,600,600,155,tuned_level,1.057989495214969,1.016894055957495,0.04109543925747405,4.04127047618339,0.35628494381745945,120,0.060852226477226476,0.060852226477226476,0.03914777352277353,0.03914777352277353,-0.0003513888888888887,0.003706257221590616,
ademp-v2,10000154,transient_nonpersistent,Transient non-persistence,600,600,155,tuned_level_slope,1.057980381159198,1.016894055957495,0.041086325201702856,4.0403742121411526,0.35628958618804557,120,0.060852226477226476,0.060852226477226476,0.03914777352277353,0.03914777352277353,-0.00026054597143622583,0.0027851064933126523,
ademp-v2,10000155,transient_nonpersistent,Transient non-persistence,600,600,156,oracle,0.9611461784622435,0.9611461784622435,0.0,0.0,0.3366073165874187,120,0.11380577755577756,0.11380577755577756,0.013805777555777554,0.013805777555777554,,,
ademp-v2,10000155,transient_nonpersistent,Transient non-persistence,600,600,156,population,0.9787302336196608,0.9611461784622435,0.017584055157417344,1.8294881206884073,0.2836887467120372,120,0.06283820346320347,0.06283820346320347,0.037161796536796535,0.037161796536796535,,,
ademp-v2,10000155,transient_nonpersistent,Transient non-persistence,600,600,156,raw_index_q10,1.7367983611434104,0.9611461784622435,0.7756521826811669,80.70075083918535,1.4505722358646866,120,0.22591133403633404,0.22591133403633404,0.12591133403633403,0.12591133403633403,,,
ademp-v2,10000155,transient_nonpersistent,Transient non-persistence,600,600,156,affine_calibrated_q10,1.0330030802419505,0.9611461784622435,0.07185690177970705,7.47616787018519,0.3651597826703395,120,0.09651233026233026,0.09651233026233026,0.0034876697376697435,0.0034876697376697435,,,
ademp-v2,10000155,transient_nonpersistent,Transient non-persistence,600,600,156,unpenalized_level,1.7367983611434104,0.9611461784622435,0.7756521826811669,80.70075083918535,1.4505722358646866,120,0.22591133403633404,0.22591133403633404,0.12591133403633403,0.12591133403633403,1.7884662264974522,7.000384901127711,
ademp-v2,10000155,transient_nonpersistent,Transient non-persistence,600,600,156,tuned_level,0.9787578245819392,0.9611461784622435,0.01761164611969568,1.832358751909402,0.2835780278726509,120,0.06283820346320347,0.06283820346320347,0.037161796536796535,0.037161796536796535,-0.0006375000000000002,0.004093270222097621,
ademp-v2,10000155,transient_nonpersistent,Transient non-persistence,600,600,156,tuned_level_slope,0.9787771760390508,0.9611461784622435,0.017630997576807306,1.8343721248536287,0.28340092713829707,120,0.06283820346320347,0.06283820346320347,0.037161796536796535,0.037161796536796535,-0.001355977681885614,0.009217243575532335,
ademp-v2,10000156,transient_nonpersistent,Transient non-persistence,600,600,157,oracle,0.9340089457684494,0.9340089457684494,0.0,0.0,0.2549291202779488,120,0.09695073445073442,0.09695073445073442,0.003049265549265587,0.003049265549265587,,,
ademp-v2,10000156,transient_nonpersistent,Transient non-persistence,600,600,157,population,0.9906841581690561,0.9340089457684494,0.05667521240060669,6.067951774699283,0.22269794679417962,120,0.04529896029896029,0.04529896029896029,0.05470103970103971,0.05470103970103971,,,
ademp-v2,10000156,transient_nonpersistent,Transient non-persistence,600,600,157,raw_index_q10,1.6257643416576286,0.9340089457684494,0.6917553958891792,74.06303751406175,1.1242893834565144,120,0.2219813751063751,0.2219813751063751,0.1219813751063751,0.1219813751063751,,,
ademp-v2,10000156,transient_nonpersistent,Transient non-persistence,600,600,157,affine_calibrated_q10,1.0100341537388184,0.9340089457684494,0.07602520797036905,8.139665933051619,0.3355021486032777,120,0.09941401191401189,0.09941401191401189,0.000585988085988115,0.000585988085988115,,,
ademp-v2,10000156,transient_nonpersistent,Transient non-persistence,600,600,157,unpenalized_level,1.6257643416576286,0.9340089457684494,0.6917553958891792,74.06303751406175,1.1242893834565144,120,0.2219813751063751,0.2219813751063751,0.1219813751063751,0.1219813751063751,2.381446742947842,6.946448830549872,
ademp-v2,10000156,transient_nonpersistent,Transient non-persistence,600,600,157,tuned_level,0.9907200691219594,0.9340089457684494,0.05671112335351003,6.071796593645186,0.22266431393394873,120,0.04460451585451585,0.04460451585451585,0.055395484145484154,0.055395484145484154,-0.0005541666666666663,0.0037121235312299497,
ademp-v2,10000156,transient_nonpersistent,Transient non-persistence,600,600,157,tuned_level_slope,0.9907105371815246,0.9340089457684494,0.05670159141307518,6.070776053052077,0.2226701886222134,120,0.04460451585451585,0.04460451585451585,0.055395484145484154,0.055395484145484154,-0.00045567990496755696,0.002844501645348177,
ademp-v2,10000157,transient_nonpersistent,Transient non-persistence,600,600,158,oracle,0.9476888981373286,0.9476888981373286,0.0,0.0,0.2986740482488217,120,0.0931542994042994,0.0931542994042994,0.00684570059570061,0.00684570059570061,,,
ademp-v2,10000157,transient_nonpersistent,Transient non-persistence,600,600,158,population,0.9882288495363644,0.9476888981373286,0.04053995139903577,4.277770002235604,0.24801955603210762,120,0.04967925592925593,0.04967925592925593,0.05032074407074408,0.05032074407074408,,,
ademp-v2,10000157,transient_nonpersistent,Transient non-persistence,600,600,158,raw_index_q10,1.643087077176823,0.9476888981373286,0.6953981790394943,73.37831860289714,1.1044049748640803,120,0.19454193954193955,0.19454193954193955,0.09454193954193954,0.09454193954193954,,,
ademp-v2,10000157,transient_nonpersistent,Transient non-persistence,600,600,158,affine_calibrated_q10,0.9880096833970617,0.9476888981373286,0.04032078525973315,4.254643621866118,0.2999376597027705,120,0.10169818607318606,0.10169818607318606,0.0016981860731860587,0.0016981860731860587,,,
ademp-v2,10000157,transient_nonpersistent,Transient non-persistence,600,600,158,unpenalized_level,1.643087077176823,0.9476888981373286,0.6953981790394943,73.37831860289714,1.1044049748640803,120,0.19454193954193955,0.19454193954193955,0.09454193954193954,0.09454193954193954,1.238898916645931,6.8829345600979215,
ademp-v2,10000157,transient_nonpersistent,Transient non-persistence,600,600,158,tuned_level,0.9883203883216534,0.9476888981373286,0.04063149018432477,4.287429162057874,0.24799508580807966,120,0.04967925592925593,0.04967925592925593,0.05032074407074408,0.05032074407074408,-0.001083333333333333,0.004108257267720435,
ademp-v2,10000157,transient_nonpersistent,Transient non-persistence,600,600,158,tuned_level_slope,0.9882965225128507,0.9476888981373286,0.04060762437552212,4.284910845250581,0.24800281033106508,120,0.04967925592925593,0.04967925592925593,0.05032074407074408,0.05032074407074408,-0.0007878804811209506,0.0030634328416290985,
ademp-v2,10000158,transient_nonpersistent,Transient non-persistence,600,600,159,oracle,0.9662805836156824,0.9662805836156824,0.0,0.0,0.3427944595287194,120,0.09668438043438045,0.09668438043438045,0.003315619565619557,0.003315619565619557,,,
ademp-v2,10000158,transient_nonpersistent,Transient non-persistence,600,600,159,population,1.008332441752267,0.9662805836156824,0.04205185813658463,4.351930365736281,0.2914120842483949,120,0.05563277000777,0.05563277000777,0.04436722999223001,0.04436722999223001,,,
ademp-v2,10000158,transient_nonpersistent,Transient non-persistence,600,600,159,raw_index_q10,1.6020287391126564,0.9662805836156824,0.635748155496974,65.79332817783592,1.4441477737350705,120,0.2209191502941503,0.2209191502941503,0.12091915029415029,0.12091915029415029,,,
ademp-v2,10000158,transient_nonpersistent,Transient non-persistence,600,600,159,affine_calibrated_q10,1.026694240361765,0.9662805836156824,0.06041365674608257,6.252185728499623,0.34334134603436556,120,0.09493282180782181,0.09493282180782181,0.0050671781921781955,0.0050671781921781955,,,
ademp-v2,10000158,transient_nonpersistent,Transient non-persistence,600,600,159,unpenalized_level,1.6020287391126564,0.9662805836156824,0.635748155496974,65.79332817783592,1.4441477737350705,120,0.2209191502941503,0.2209191502941503,0.12091915029415029,0.12091915029415029,2.349512240345921,6.8073349726745045,
ademp-v2,10000158,transient_nonpersistent,Transient non-persistence,600,600,159,tuned_level,1.0082070112052601,0.9662805836156824,0.041926427589577764,4.338949607441673,0.2903800602179339,120,0.05563277000777,0.05563277000777,0.04436722999223001,0.04436722999223001,-0.0066840239474274645,0.03845934976203333,
ademp-v2,10000158,transient_nonpersistent,Transient non-persistence,600,600,159,tuned_level_slope,1.0081369252811074,0.9662805836156824,0.04185634166542507,4.331696442538944,0.28923552414780146,120,0.05563277000777,0.05563277000777,0.04436722999223001,0.04436722999223001,-0.014054475924648497,0.08638773308535103,
ademp-v2,10000159,transient_nonpersistent,Transient non-persistence,600,600,160,oracle,0.9748427946041905,0.9748427946041905,0.0,0.0,0.32348174014965214,120,0.09723193473193473,0.09723193473193473,0.0027680652680652784,0.0027680652680652784,,,
ademp-v2,10000159,transient_nonpersistent,Transient non-persistence,600,600,160,population,1.0277220874792605,0.9748427946041905,0.05287929287506998,5.424391826842218,0.2471620867779352,120,0.04692467254967255,0.04692467254967255,0.053075327450327454,0.053075327450327454,,,
ademp-v2,10000159,transient_nonpersistent,Transient non-persistence,600,600,160,raw_index_q10,1.8655564476259505,0.9748427946041905,0.89071365302176,91.36997862136437,1.5338827639773402,120,0.21199434824434824,0.21199434824434824,0.11199434824434823,0.11199434824434823,,,
ademp-v2,10000159,transient_nonpersistent,Transient non-persistence,600,600,160,affine_calibrated_q10,1.0671189873814153,0.9748427946041905,0.09227619277722476,9.465751122948095,0.36441655871104117,120,0.08505365005365005,0.08505365005365005,0.014946349946349954,0.014946349946349954,,,
ademp-v2,10000159,transient_nonpersistent,Transient non-persistence,600,600,160,unpenalized_level,1.8655564476259505,0.9748427946041905,0.89071365302176,91.36997862136437,1.5338827639773402,120,0.21199434824434824,0.21199434824434824,0.11199434824434823,0.11199434824434823,1.6590051150880092,7.358634570555828,
ademp-v2,10000159,transient_nonpersistent,Transient non-persistence,600,600,160,tuned_level,1.0348971916597844,0.9748427946041905,0.0600543970555939,6.16041862216127,0.2482335933497966,120,0.04927153864653865,0.04927153864653865,0.05072846135346135,0.05072846135346135,-0.060392483911466704,0.34457052867336313,
ademp-v2,10000159,transient_nonpersistent,Transient non-persistence,600,600,160,tuned_level_slope,1.0277763318565758,0.9748427946041905,0.052933537252385254,5.429956249907713,0.24716023093343517,120,0.04692467254967255,0.04692467254967255,0.053075327450327454,0.053075327450327454,-0.0005917944483647248,0.0029163190360925358,
ademp-v2,10000160,transient_nonpersistent,Transient non-persistence,600,600,161,oracle,0.9497383961456495,0.9497383961456495,0.0,0.0,0.3031251444938074,120,0.11339419839419838,0.11339419839419838,0.013394198394198378,0.013394198394198378,,,
ademp-v2,10000160,transient_nonpersistent,Transient non-persistence,600,600,161,population,0.9854227758358348,0.9497383961456495,0.03568437969018534,3.75728514662609,0.26834887393797235,120,0.05183545621045622,0.05183545621045622,0.04816454378954379,0.04816454378954379,,,
ademp-v2,10000160,transient_nonpersistent,Transient non-persistence,600,600,161,raw_index_q10,1.763286321830347,0.9497383961456495,0.8135479256846975,85.66021222121189,1.5331329336235684,120,0.2219676850926851,0.2219676850926851,0.1219676850926851,0.1219676850926851,,,
ademp-v2,10000160,transient_nonpersistent,Transient non-persistence,600,600,161,affine_calibrated_q10,1.0296311721150486,0.9497383961456495,0.07989277596939914,8.412082347479082,0.35790466602479526,120,0.11697869260369262,0.11697869260369262,0.016978692603692613,0.016978692603692613,,,
ademp-v2,10000160,transient_nonpersistent,Transient non-persistence,600,600,161,unpenalized_level,1.763286321830347,0.9497383961456495,0.8135479256846975,85.66021222121189,1.5331329336235684,120,0.2219676850926851,0.2219676850926851,0.1219676850926851,0.1219676850926851,1.7911992069624862,7.101294591380982,
ademp-v2,10000160,transient_nonpersistent,Transient non-persistence,600,600,161,tuned_level,0.9854391854139111,0.9497383961456495,0.03570078926826159,3.759012946422628,0.2683860445591663,120,0.05183545621045622,0.05183545621045622,0.04816454378954379,0.04816454378954379,-0.0005930555555555554,0.004024606030868574,
ademp-v2,10000160,transient_nonpersistent,Transient non-persistence,600,600,161,tuned_level_slope,1.0023017756686947,0.9497383961456495,0.05256337952304524,5.534511370327314,0.3115000818963637,120,0.06662284474784474,0.06662284474784474,0.03337715525215526,0.03337715525215526,0.06945970364180916,1.5443157846871194,
ademp-v2,10000161,transient_nonpersistent,Transient non-persistence,600,600,162,oracle,0.9879493106951747,0.9879493106951747,0.0,0.0,0.4164037753148406,120,0.10322605635105635,0.10322605635105635,0.0032260563510563417,0.0032260563510563417,,,
ademp-v2,10000161,transient_nonpersistent,Transient non-persistence,600,600,162,population,1.025712447447993,0.9879493106951747,0.037763136752818394,3.8223759401427393,0.3381092457425754,120,0.05596042846042846,0.05596042846042846,0.04403957153957155,0.04403957153957155,,,
ademp-v2,10000161,transient_nonpersistent,Transient non-persistence,600,600,162,raw_index_q10,1.755792181755323,0.9879493106951747,0.7678428710601484,77.72087725025614,1.584548099309968,120,0.2446845053095053,0.2446845053095053,0.1446845053095053,0.1446845053095053,,,
ademp-v2,10000161,transient_nonpersistent,Transient non-persistence,600,600,162,affine_calibrated_q10,1.0213687527084283,0.9879493106951747,0.03341944201325364,3.382708166448126,0.39854812027301484,120,0.11179514929514929,0.11179514929514929,0.011795149295149285,0.011795149295149285,,,
ademp-v2,10000161,transient_nonpersistent,Transient non-persistence,600,600,162,unpenalized_level,1.755792181755323,0.9879493106951747,0.7678428710601484,77.72087725025614,1.584548099309968,120,0.2446845053095053,0.2446845053095053,0.1446845053095053,0.1446845053095053,2.3557651246530247,7.012435398765756,
ademp-v2,10000161,transient_nonpersistent,Transient non-persistence,600,600,162,tuned_level,1.025745442597134,0.9879493106951747,0.037796131901959296,3.825715701483094,0.33804251575041083,120,0.05596042846042846,0.05596042846042846,0.04403957153957155,0.04403957153957155,-0.0005138888888888888,0.003972358195030961,
ademp-v2,10000161,transient_nonpersistent,Transient non-persistence,600,600,162,tuned_level_slope,1.0257380122990716,0.9879493106951747,0.03778870160389691,3.824963608437232,0.33805495641511674,120,0.05596042846042846,0.05596042846042846,0.04403957153957155,0.04403957153957155,-0.00040600448354820285,0.0030510159900789474,
ademp-v2,10000162,transient_nonpersistent,Transient non-persistence,600,600,163,oracle,0.9120851733424042,0.9120851733424042,0.0,0.0,0.2851735326200033,120,0.10837172087172085,0.10837172087172085,0.008371720871720847,0.008371720871720847,,,
ademp-v2,10000162,transient_nonpersistent,Transient non-persistence,600,600,163,population,0.9464091909320638,0.9120851733424042,0.03432401758965953,3.7632469634252033,0.24880535646587587,120,0.06339780589780589,0.06339780589780589,0.03660219410219412,0.03660219410219412,,,
ademp-v2,10000162,transient_nonpersistent,Transient non-persistence,600,600,163,raw_index_q10,1.5978843561352245,0.9120851733424042,0.6857991827928203,75.19025665987508,1.1754937377466361,120,0.20975108225108224,0.20975108225108224,0.10975108225108224,0.10975108225108224,,,
ademp-v2,10000162,transient_nonpersistent,Transient non-persistence,600,600,163,affine_calibrated_q10,0.9830234098921639,0.9120851733424042,0.07093823654975961,7.7775890479395855,0.31549136902650393,120,0.09345857845857844,0.09345857845857844,0.006541421541421566,0.006541421541421566,,,
ademp-v2,10000162,transient_nonpersistent,Transient non-persistence,600,600,163,unpenalized_level,1.5978843561352245,0.9120851733424042,0.6857991827928203,75.19025665987508,1.1754937377466361,120,0.20975108225108224,0.20975108225108224,0.10975108225108224,0.10975108225108224,0.6727631939779286,7.009402035653989,
ademp-v2,10000162,transient_nonpersistent,Transient non-persistence,600,600,163,tuned_level,0.9464458480982002,0.9120851733424042,0.03436067475579596,3.7672660141901773,0.24879990729284046,120,0.06339780589780589,0.06339780589780589,0.03660219410219412,0.03660219410219412,-0.0009319444444444443,0.0040372971798616104,
ademp-v2,10000162,transient_nonpersistent,Transient non-persistence,600,600,163,tuned_level_slope,0.9464278842351459,0.9120851733424042,0.03434271089274166,3.765296476302781,0.2487989932061736,120,0.06339780589780589,0.06339780589780589,0.03660219410219412,0.03660219410219412,-0.0006729755645799754,0.0029527717135971005,
ademp-v2,10000163,transient_nonpersistent,Transient non-persistence,600,600,164,oracle,0.9397519518008356,0.9397519518008356,0.0,0.0,0.28897085728075517,120,0.10910827598327598,0.10910827598327598,0.009108275983275974,0.009108275983275974,,,
ademp-v2,10000163,transient_nonpersistent,Transient non-persistence,600,600,164,population,0.9903032672527805,0.9397519518008356,0.05055131545194491,5.379218990189275,0.23520482645579185,120,0.048572931697931705,0.048572931697931705,0.0514270683020683,0.0514270683020683,,,
ademp-v2,10000163,transient_nonpersistent,Transient non-persistence,600,600,164,raw_index_q10,1.6133832875992584,0.9397519518008356,0.6736313357984228,71.68182353945113,1.3853155617452086,120,0.16871075683575681,0.16871075683575681,0.06871075683575681,0.06871075683575681,,,
ademp-v2,10000163,transient_nonpersistent,Transient non-persistence,600,600,164,affine_calibrated_q10,1.0119148874027104,0.9397519518008356,0.07216293560187481,7.678934368115951,0.31885893041323765,120,0.11419617419617419,0.11419617419617419,0.01419617419617418,0.01419617419617418,,,
ademp-v2,10000163,transient_nonpersistent,Transient non-persistence,600,600,164,unpenalized_level,1.6133832875992584,0.9397519518008356,0.6736313357984228,71.68182353945113,1.3853155617452086,120,0.16871075683575681,0.16871075683575681,0.06871075683575681,0.06871075683575681,1.119350978230906,6.667385197279903,
ademp-v2,10000163,transient_nonpersistent,Transient non-persistence,600,600,164,tuned_level,0.9903218980240153,0.9397519518008356,0.050569946223179674,5.381201510278652,0.2352082956708172,120,0.048572931697931705,0.048572931697931705,0.0514270683020683,0.0514270683020683,-0.0009569444444444443,0.003884233324417898,
ademp-v2,10000163,transient_nonpersistent,Transient non-persistence,600,600,164,tuned_level_slope,0.9903165250196636,0.9397519518008356,0.05056457321882801,5.380629763197801,0.2352071258176096,120,0.048572931697931705,0.048572931697931705,0.0514270683020683,0.0514270683020683,-0.0007496360819058665,0.00299115191142076,
ademp-v2,10000164,transient_nonpersistent,Transient non-persistence,600,600,165,oracle,1.0174663899705243,1.0174663899705243,0.0,0.0,0.3413760811072579,120,0.12362470862470862,0.12362470862470862,0.023624708624708612,0.023624708624708612,,,
ademp-v2,10000164,transient_nonpersistent,Transient non-persistence,600,600,165,population,1.0137296165808585,1.0174663899705243,-0.003736773389665826,-0.36726258739358253,0.3167081966010722,120,0.09618927368927369,0.09618927368927369,0.00381072631072632,0.00381072631072632,,,
ademp-v2,10000164,transient_nonpersistent,Transient non-persistence,600,600,165,raw_index_q10,2.0785224803849784,1.0174663899705243,1.0610560904144541,104.28414155726487,2.105380064912002,120,0.28660113035113033,0.28660113035113033,0.18660113035113032,0.18660113035113032,,,
ademp-v2,10000164,transient_nonpersistent,Transient non-persistence,600,600,165,affine_calibrated_q10,1.0473813091239679,1.0174663899705243,0.029914919153443575,2.940138313002182,0.37964766654178966,120,0.1043834175084175,0.1043834175084175,0.004383417508417489,0.004383417508417489,,,
ademp-v2,10000164,transient_nonpersistent,Transient non-persistence,600,600,165,unpenalized_level,2.0785224803849784,1.0174663899705243,1.0610560904144541,104.28414155726487,2.105380064912002,120,0.28660113035113033,0.28660113035113033,0.18660113035113032,0.18660113035113032,2.465221114922874,7.539185604396037,
ademp-v2,10000164,transient_nonpersistent,Transient non-persistence,600,600,165,tuned_level,1.013720215000805,1.0174663899705243,-0.003746174969719407,-0.3681866061273958,0.31662655614447077,120,0.09618927368927369,0.09618927368927369,0.00381072631072632,0.00381072631072632,-0.0010613313985610843,0.004541577716601689,
ademp-v2,10000164,transient_nonpersistent,Transient non-persistence,600,600,165,tuned_level_slope,1.0137144827482776,1.0174663899705243,-0.00375190722224672,-0.36874999107886125,0.316641841069182,120,0.09618927368927369,0.09618927368927369,0.00381072631072632,0.00381072631072632,-0.0008393366660954733,0.0034764233957778226,
ademp-v2,10000165,transient_nonpersistent,Transient non-persistence,600,600,166,oracle,0.9824207424463797,0.9824207424463797,0.0,0.0,0.3610883722331392,120,0.10580183705183706,0.10580183705183706,0.005801837051837053,0.005801837051837053,,,
ademp-v2,10000165,transient_nonpersistent,Transient non-persistence,600,600,166,population,1.023789810731201,0.9824207424463797,0.04136906828482123,4.210931884622657,0.2642833062699271,120,0.060202783327783324,0.060202783327783324,0.03979721667221668,0.03979721667221668,,,
ademp-v2,10000165,transient_nonpersistent,Transient non-persistence,600,600,166,raw_index_q10,1.4690501107315401,0.9824207424463797,0.48662936828516046,49.53370254310572,1.101027301366914,120,0.1935734866984867,0.1935734866984867,0.0935734866984867,0.0935734866984867,,,
ademp-v2,10000165,transient_nonpersistent,Transient non-persistence,600,600,166,affine_calibrated_q10,1.0377211406677007,0.9824207424463797,0.055300398221321045,5.6289933459277846,0.4120799047985721,120,0.10854788729788728,0.10854788729788728,0.008547887297887274,0.008547887297887274,,,
ademp-v2,10000165,transient_nonpersistent,Transient non-persistence,600,600,166,unpenalized_level,1.4690501107315401,0.9824207424463797,0.48662936828516046,49.53370254310572,1.101027301366914,120,0.1935734866984867,0.1935734866984867,0.0935734866984867,0.0935734866984867,1.9161744424333618,6.0953277967434305,
ademp-v2,10000165,transient_nonpersistent,Transient non-persistence,600,600,166,tuned_level,1.0237794352810339,0.9824207424463797,0.04135869283465421,4.2098757739646935,0.26411485760143216,120,0.060202783327783324,0.060202783327783324,0.03979721667221668,0.03979721667221668,-0.00021666666666666647,0.0030546715893068634,
ademp-v2,10000165,transient_nonpersistent,Transient non-persistence,600,600,166,tuned_level_slope,1.0237820037699887,0.9824207424463797,0.041361261323609066,4.210137218867461,0.2641558124507264,120,0.060202783327783324,0.060202783327783324,0.03979721667221668,0.03979721667221668,-0.0001268720359471499,0.0022773162675867207,
ademp-v2,10000166,transient_nonpersistent,Transient non-persistence,600,600,167,oracle,0.9685682560092644,0.9685682560092644,0.0,0.0,0.3325786211200875,120,0.11289980852480852,0.11289980852480852,0.012899808524808515,0.012899808524808515,,,
ademp-v2,10000166,transient_nonpersistent,Transient non-persistence,600,600,167,population,1.0056060304601055,0.9685682560092644,0.03703777445084111,3.8239715395428817,0.28410480573142904,120,0.05412307599807599,0.05412307599807599,0.045876924001924016,0.045876924001924016,,,
ademp-v2,10000166,transient_nonpersistent,Transient non-persistence,600,600,167,raw_index_q10,1.8138440068342319,0.9685682560092644,0.8452757508249674,87.27064361036443,1.478012314575793,120,0.2509911847411847,0.2509911847411847,0.1509911847411847,0.1509911847411847,,,
ademp-v2,10000166,transient_nonpersistent,Transient non-persistence,600,600,167,affine_calibrated_q10,1.069299531349652,0.9685682560092644,0.10073127534038762,10.400018245015053,0.4105740231889154,120,0.10273312335812337,0.10273312335812337,0.0027331233581233683,0.0027331233581233683,,,
ademp-v2,10000166,transient_nonpersistent,Transient non-persistence,600,600,167,unpenalized_level,1.8138440068342319,0.9685682560092644,0.8452757508249674,87.27064361036443,1.478012314575793,120,0.2509911847411847,0.2509911847411847,0.1509911847411847,0.1509911847411847,2.940636139814566,7.00075654955292,
ademp-v2,10000166,transient_nonpersistent,Transient non-persistence,600,600,167,tuned_level,1.005642012811088,0.9685682560092644,0.037073756801823454,3.82768654370073,0.2840680703664221,120,0.05412307599807599,0.05412307599807599,0.045876924001924016,0.045876924001924016,-0.00012499999999999984,0.003005781466145239,
ademp-v2,10000166,transient_nonpersistent,Transient non-persistence,600,600,167,tuned_level_slope,1.0056339009808228,0.9685682560092644,0.0370656449715584,3.8268490363578325,0.28406971416873505,120,0.05412307599807599,0.05412307599807599,0.045876924001924016,0.045876924001924016,-0.00010616214067675295,0.0022631358808548425,
ademp-v2,10000167,transient_nonpersistent,Transient non-persistence,600,600,168,oracle,0.9282376432508914,0.9282376432508914,0.0,0.0,0.2582743058702001,120,0.0798037148037148,0.0798037148037148,0.020196285196285205,0.020196285196285205,,,
ademp-v2,10000167,transient_nonpersistent,Transient non-persistence,600,600,168,population,0.9916726630925555,0.9282376432508914,0.06343501984166411,6.833920203828492,0.2181483468084334,120,0.04823852073852074,0.04823852073852074,0.05176147926147927,0.05176147926147927,,,
ademp-v2,10000167,transient_nonpersistent,Transient non-persistence,600,600,168,raw_index_q10,1.5821075523556234,0.9282376432508914,0.653869909104732,70.44208063085402,1.07547583088981,120,0.1975329762829763,0.1975329762829763,0.0975329762829763,0.0975329762829763,,,
ademp-v2,10000167,transient_nonpersistent,Transient non-persistence,600,600,168,affine_calibrated_q10,1.0163734908527846,0.9282376432508914,0.08813584760189319,9.49496588968555,0.29680110299195667,120,0.07770014707514707,0.07770014707514707,0.02229985292485294,0.02229985292485294,,,
ademp-v2,10000167,transient_nonpersistent,Transient non-persistence,600,600,168,unpenalized_level,1.5821075523556234,0.9282376432508914,0.653869909104732,70.44208063085402,1.07547583088981,120,0.1975329762829763,0.1975329762829763,0.0975329762829763,0.0975329762829763,1.6377268320588612,6.973734485982933,
ademp-v2,10000167,transient_nonpersistent,Transient non-persistence,600,600,168,tuned_level,0.9917303654018201,0.9282376432508914,0.06349272215092872,6.840136533201057,0.21812433466687714,120,0.04823852073852074,0.04823852073852074,0.05176147926147927,0.05176147926147927,-0.0007444444444444444,0.004263269046513833,
ademp-v2,10000167,transient_nonpersistent,Transient non-persistence,600,600,168,tuned_level_slope,0.9917202051730458,0.9282376432508914,0.0634825619221544,6.83904196126162,0.21813663364275854,120,0.04823852073852074,0.04823852073852074,0.05176147926147927,0.05176147926147927,-0.0006057098730068748,0.003285523641987301,
ademp-v2,10000168,transient_nonpersistent,Transient non-persistence,600,600,169,oracle,0.9358714509276987,0.9358714509276987,0.0,0.0,0.2967343985557365,120,0.08990257427757428,0.08990257427757428,0.010097425722425724,0.010097425722425724,,,
ademp-v2,10000168,transient_nonpersistent,Transient non-persistence,600,600,169,population,0.9760880984667961,0.9358714509276987,0.04021664753909737,4.2972405557656375,0.25006970356435965,120,0.055675528175528184,0.055675528175528184,0.04432447182447182,0.04432447182447182,,,
ademp-v2,10000168,transient_nonpersistent,Transient non-persistence,600,600,169,raw_index_q10,1.7801263590789953,0.9358714509276987,0.8442549081512966,90.21056335401772,1.5779438639909888,120,0.18484446109446112,0.18484446109446112,0.08484446109446112,0.08484446109446112,,,
ademp-v2,10000168,transient_nonpersistent,Transient non-persistence,600,600,169,affine_calibrated_q10,0.9947643746796745,0.9358714509276987,0.058892923751975745,6.292843284576863,0.31228265281272766,120,0.08541268916268917,0.08541268916268917,0.014587310837310838,0.014587310837310838,,,
ademp-v2,10000168,transient_nonpersistent,Transient non-persistence,600,600,169,unpenalized_level,1.7801263590789953,0.9358714509276987,0.8442549081512966,90.21056335401772,1.5779438639909888,120,0.18484446109446112,0.18484446109446112,0.08484446109446112,0.08484446109446112,0.5063930096385343,7.131957295598355,
ademp-v2,10000168,transient_nonpersistent,Transient non-persistence,600,600,169,tuned_level,0.9761568895445457,0.9358714509276987,0.04028543861684697,4.304591039390434,0.25001790750797354,120,0.055675528175528184,0.055675528175528184,0.04432447182447182,0.04432447182447182,-0.0015180555555555557,0.0045349721302586,
ademp-v2,10000168,transient_nonpersistent,Transient non-persistence,600,600,169,tuned_level_slope,0.9761303863492591,0.9358714509276987,0.04025893542156034,4.3017591124991545,0.25002248832732227,120,0.055675528175528184,0.055675528175528184,0.04432447182447182,0.04432447182447182,-0.0011150532164828858,0.0034030859145475563,
ademp-v2,10000169,transient_nonpersistent,Transient non-persistence,600,600,170,oracle,0.9807200334255749,0.9807200334255749,0.0,0.0,0.2652335622490655,120,0.09925754800754799,0.09925754800754799,0.0007424519924520145,0.0007424519924520145,,,
ademp-v2,10000169,transient_nonpersistent,Transient non-persistence,600,600,170,population,1.0099788349595704,0.9807200334255749,0.029258801533995515,2.983400005789309,0.22637234500856102,120,0.05956180393680393,0.05956180393680393,0.040438196063196076,0.040438196063196076,,,
ademp-v2,10000169,transient_nonpersistent,Transient non-persistence,600,600,170,raw_index_q10,1.8008419483332587,0.9807200334255749,0.8201219149076838,83.62446844723515,1.5929274965892002,120,0.21386141636141634,0.21386141636141634,0.11386141636141633,0.11386141636141633,,,
ademp-v2,10000169,transient_nonpersistent,Transient non-persistence,600,600,170,affine_calibrated_q10,1.0418185406643323,0.9807200334255749,0.06109850723875743,6.229964225911175,0.3549268243910434,120,0.13135639823139822,0.13135639823139822,0.031356398231398214,0.031356398231398214,,,
ademp-v2,10000169,transient_nonpersistent,Transient non-persistence,600,600,170,unpenalized_level,1.8008419483332587,0.9807200334255749,0.8201219149076838,83.62446844723515,1.5929274965892002,120,0.21386141636141634,0.21386141636141634,0.11386141636141633,0.11386141636141633,1.6996091613711861,6.866707391249775,
ademp-v2,10000169,transient_nonpersistent,Transient non-persistence,600,600,170,tuned_level,1.0100431650430672,0.9807200334255749,0.029323131617492337,2.989959480593971,0.22636013208025685,120,0.05956180393680393,0.05956180393680393,0.040438196063196076,0.040438196063196076,-0.0007055555555555554,0.003677257432139097,
ademp-v2,10000169,transient_nonpersistent,Transient non-persistence,600,600,170,tuned_level_slope,1.010028705388644,0.9807200334255749,0.02930867196306919,2.98848508892965,0.2263549742298594,120,0.05956180393680393,0.05956180393680393,0.040438196063196076,0.040438196063196076,-0.0005432230816791636,0.002902548096942877,
ademp-v2,10000170,transient_nonpersistent,Transient non-persistence,600,600,171,oracle,0.9597697954234505,0.9597697954234505,0.0,0.0,0.31731908549388227,120,0.09229300791800792,0.09229300791800792,0.0077069920819920895,0.0077069920819920895,,,
ademp-v2,10000170,transient_nonpersistent,Transient non-persistence,600,600,171,population,1.02628893066457,0.9597697954234505,0.06651913524111941,6.930738554006188,0.2550810757697744,120,0.04658713971213971,0.04658713971213971,0.0534128602878603,0.0534128602878603,,,
ademp-v2,10000170,transient_nonpersistent,Transient non-persistence,600,600,171,raw_index_q10,2.1734498469383867,0.9597697954234505,1.2136800515149362,126.45532890305851,2.374528999176486,120,0.26526917526917526,0.26526917526917526,0.16526917526917526,0.16526917526917526,,,
ademp-v2,10000170,transient_nonpersistent,Transient non-persistence,600,600,171,affine_calibrated_q10,1.047280115081392,0.9597697954234505,0.08751031965794143,9.117844724352038,0.35545136954465467,120,0.09443570318570318,0.09443570318570318,0.005564296814296821,0.005564296814296821,,,
ademp-v2,10000170,transient_nonpersistent,Transient non-persistence,600,600,171,unpenalized_level,2.1734498469383867,0.9597697954234505,1.2136800515149362,126.45532890305851,2.374528999176486,120,0.26526917526917526,0.26526917526917526,0.16526917526917526,0.16526917526917526,3.516465073800859,7.978162329270044,
ademp-v2,10000170,transient_nonpersistent,Transient non-persistence,600,600,171,tuned_level,1.0262548678755072,0.9597697954234505,0.0664850724520567,6.927189495760646,0.25510385575864447,120,0.04658713971213971,0.04658713971213971,0.0534128602878603,0.0534128602878603,-0.00036388888888888875,0.003346294246653331,
ademp-v2,10000170,transient_nonpersistent,Transient non-persistence,600,600,171,tuned_level_slope,1.0262579661640774,0.9597697954234505,0.06648817074062685,6.927512311563448,0.25509563532089524,120,0.04658713971213971,0.04658713971213971,0.0534128602878603,0.0534128602878603,-0.0002566190312334699,0.002464927374125805,
ademp-v2,10000171,transient_nonpersistent,Transient non-persistence,600,600,172,oracle,0.9888474058206261,0.9888474058206261,0.0,0.0,0.4855901364328311,120,0.1140905390905391,0.1140905390905391,0.01409053909053909,0.01409053909053909,,,
ademp-v2,10000171,transient_nonpersistent,Transient non-persistence,600,600,172,population,1.0448440369127796,0.9888474058206261,0.05599663109215347,5.662818222765413,0.33289440216736493,120,0.046227684352684345,0.046227684352684345,0.05377231564731566,0.05377231564731566,,,
ademp-v2,10000171,transient_nonpersistent,Transient non-persistence,600,600,172,raw_index_q10,1.9039880899213908,0.9888474058206261,0.9151406841007647,92.5461986059726,1.914049955867455,120,0.24122416934916935,0.24122416934916935,0.14122416934916934,0.14122416934916934,,,
ademp-v2,10000171,transient_nonpersistent,Transient non-persistence,600,600,172,affine_calibrated_q10,1.0577750689626715,0.9888474058206261,0.06892766314204535,6.970505533646373,0.470516596068073,120,0.08899029211529211,0.08899029211529211,0.011009707884707898,0.011009707884707898,,,
ademp-v2,10000171,transient_nonpersistent,Transient non-persistence,600,600,172,unpenalized_level,1.9039880899213908,0.9888474058206261,0.9151406841007647,92.5461986059726,1.914049955867455,120,0.24122416934916935,0.24122416934916935,0.14122416934916934,0.14122416934916934,3.3188386504854055,7.205008650043261,
ademp-v2,10000171,transient_nonpersistent,Transient non-persistence,600,600,172,tuned_level,1.0454415054423207,0.9888474058206261,0.056594099621694594,5.723238923272311,0.33460623291945435,120,0.04563244625744625,0.04563244625744625,0.054367553742553754,0.054367553742553754,-0.0032534808424005274,0.0917793119473052,
ademp-v2,10000171,transient_nonpersistent,Transient non-persistence,600,600,172,tuned_level_slope,1.0452376742354283,0.9888474058206261,0.056390268414802214,5.702625914056474,0.3339995486587828,120,0.04563244625744625,0.04563244625744625,0.054367553742553754,0.054367553742553754,-0.0008731416408549538,0.06770722117002916,
ademp-v2,10000172,transient_nonpersistent,Transient non-persistence,600,600,173,oracle,0.9059236679519398,0.9059236679519398,0.0,0.0,0.2990206911328781,120,0.09357337107337106,0.09357337107337106,0.006426628926628944,0.006426628926628944,,,
ademp-v2,10000172,transient_nonpersistent,Transient non-persistence,600,600,173,population,0.9657598710025411,0.9059236679519398,0.05983620305060133,6.604993904825954,0.2505708437004972,120,0.05707160894660895,0.05707160894660895,0.04292839105339106,0.04292839105339106,,,
ademp-v2,10000172,transient_nonpersistent,Transient non-persistence,600,600,173,raw_index_q10,1.7194330402174023,0.9059236679519398,0.8135093722654625,89.79888715178375,1.4330220122057293,120,0.22123721186221185,0.22123721186221185,0.12123721186221184,0.12123721186221184,,,
ademp-v2,10000172,transient_nonpersistent,Transient non-persistence,600,600,173,affine_calibrated_q10,1.0079864632602467,0.9059236679519398,0.10206279530830686,11.266158388271782,0.40384580417128335,120,0.09913984163984164,0.09913984163984164,0.0008601583601583612,0.0008601583601583612,,,
ademp-v2,10000172,transient_nonpersistent,Transient non-persistence,600,600,173,unpenalized_level,1.7194330402174023,0.9059236679519398,0.8135093722654625,89.79888715178375,1.4330220122057293,120,0.22123721186221185,0.22123721186221185,0.12123721186221184,0.12123721186221184,1.6953976384276834,7.069805219459851,
ademp-v2,10000172,transient_nonpersistent,Transient non-persistence,600,600,173,tuned_level,0.9658522128196746,0.9059236679519398,0.0599285448677348,6.615187017159824,0.2505926574740169,120,0.05707160894660895,0.05707160894660895,0.04292839105339106,0.04292839105339106,-0.0007055555555555554,0.0036705156565781305,
ademp-v2,10000172,transient_nonpersistent,Transient non-persistence,600,600,173,tuned_level_slope,0.9658235353925104,0.9059236679519398,0.05989986744057063,6.6120214715207535,0.2505868194086745,120,0.05707160894660895,0.05707160894660895,0.04292839105339106,0.04292839105339106,-0.0004812163513114758,0.002771225919471385,
ademp-v2,10000173,transient_nonpersistent,Transient non-persistence,600,600,174,oracle,0.9588415191679356,0.9588415191679356,0.0,0.0,0.3023053767513988,120,0.10633440633440633,0.10633440633440633,0.006334406334406323,0.006334406334406323,,,
ademp-v2,10000173,transient_nonpersistent,Transient non-persistence,600,600,174,population,0.9855094816086748,0.9588415191679356,0.026667962440739212,2.781269053084097,0.23087293456236843,120,0.06511250323750323,0.06511250323750323,0.03488749676249678,0.03488749676249678,,,
ademp-v2,10000173,transient_nonpersistent,Transient non-persistence,600,600,174,raw_index_q10,1.6449541994297074,0.9588415191679356,0.6861126802617719,71.55642163442894,1.5126135331892192,120,0.22040820290820293,0.22040820290820293,0.12040820290820292,0.12040820290820292,,,
ademp-v2,10000173,transient_nonpersistent,Transient non-persistence,600,600,174,affine_calibrated_q10,1.0242888120159874,0.9588415191679356,0.06544729284805184,6.825663213337461,0.2785516702317865,120,0.09320209882709882,0.09320209882709882,0.0067979011729011884,0.0067979011729011884,,,
ademp-v2,10000173,transient_nonpersistent,Transient non-persistence,600,600,174,unpenalized_level,1.6449541994297074,0.9588415191679356,0.6861126802617719,71.55642163442894,1.5126135331892192,120,0.22040820290820293,0.22040820290820293,0.12040820290820292,0.12040820290820292,1.9927636693492863,6.4786654879375,
ademp-v2,10000173,transient_nonpersistent,Transient non-persistence,600,600,174,tuned_level,0.9855489107046028,0.9588415191679356,0.026707391536667235,2.7853812129290563,0.2308438238612744,120,0.06447147759647759,0.06447147759647759,0.03552852240352242,0.03552852240352242,-0.0007652777777777777,0.004188691787287397,
ademp-v2,10000173,transient_nonpersistent,Transient non-persistence,600,600,174,tuned_level_slope,0.9855334683204563,0.9588415191679356,0.02669194915252071,2.7837706877444646,0.23085085968719246,120,0.06511250323750323,0.06511250323750323,0.03488749676249678,0.03488749676249678,-0.0005792239600155184,0.0031699710677308454,
ademp-v2,10000174,transient_nonpersistent,Transient non-persistence,600,600,175,oracle,0.9778585600488869,0.9778585600488869,0.0,0.0,0.3766513393612042,120,0.08847876660376659,0.08847876660376659,0.011521233396233413,0.011521233396233413,,,
ademp-v2,10000174,transient_nonpersistent,Transient non-persistence,600,600,175,population,1.0159322243751796,0.9778585600488869,0.03807366432629267,3.893575807567632,0.310146218131958,120,0.058108627483627474,0.058108627483627474,0.04189137251637253,0.04189137251637253,,,
ademp-v2,10000174,transient_nonpersistent,Transient non-persistence,600,600,175,raw_index_q10,1.4932982053668769,0.9778585600488869,0.5154396453179899,52.71106337630476,0.8879539372188135,120,0.2020743608243608,0.2020743608243608,0.1020743608243608,0.1020743608243608,,,
ademp-v2,10000174,transient_nonpersistent,Transient non-persistence,600,600,175,affine_calibrated_q10,1.0627086684407943,0.9778585600488869,0.08485010839190732,8.677135105067274,0.35236962288110535,120,0.08325567950567951,0.08325567950567951,0.016744320494320494,0.016744320494320494,,,
ademp-v2,10000174,transient_nonpersistent,Transient non-persistence,600,600,175,unpenalized_level,1.4932982053668769,0.9778585600488869,0.5154396453179899,52.71106337630476,0.8879539372188135,120,0.2020743608243608,0.2020743608243608,0.1020743608243608,0.1020743608243608,1.2400013334411257,6.539497389322023,
ademp-v2,10000174,transient_nonpersistent,Transient non-persistence,600,600,175,tuned_level,1.0159524258211101,0.9778585600488869,0.03809386577222318,3.8956416938579257,0.3100728238379216,120,0.058108627483627474,0.058108627483627474,0.04189137251637253,0.04189137251637253,-0.0009361111111111112,0.004141814774905999,
ademp-v2,10000174,transient_nonpersistent,Transient non-persistence,600,600,175,tuned_level_slope,1.0159421956550558,0.9778585600488869,0.0380836356061689,3.8945955133086883,0.31008283570051964,120,0.058108627483627474,0.058108627483627474,0.04189137251637253,0.04189137251637253,-0.000760820483610785,0.003287283927909643,
ademp-v2,10000175,transient_nonpersistent,Transient non-persistence,600,600,176,oracle,0.9630452265436169,0.9630452265436169,0.0,0.0,0.3767168385945647,120,0.09399625837125838,0.09399625837125838,0.006003741628741621,0.006003741628741621,,,
ademp-v2,10000175,transient_nonpersistent,Transient non-persistence,600,600,176,population,1.0232659883636623,0.9630452265436169,0.06022076182004543,6.253160304441631,0.30183401565484674,120,0.04709945147445147,0.04709945147445147,0.052900548525548534,0.052900548525548534,,,
ademp-v2,10000175,transient_nonpersistent,Transient non-persistence,600,600,176,raw_index_q10,1.8535030053190593,0.9630452265436169,0.8904577787754424,92.46271662352848,1.9170725159709476,120,0.21338120213120212,0.21338120213120212,0.11338120213120212,0.11338120213120212,,,
ademp-v2,10000175,transient_nonpersistent,Transient non-persistence,600,600,176,affine_calibrated_q10,1.0564327884066758,0.9630452265436169,0.09338756186305885,9.69711071599702,0.46155211786799516,120,0.11171823546823546,0.11171823546823546,0.011718235468235458,0.011718235468235458,,,
ademp-v2,10000175,transient_nonpersistent,Transient non-persistence,600,600,176,unpenalized_level,1.8535030053190593,0.9630452265436169,0.8904577787754424,92.46271662352848,1.9170725159709476,120,0.21338120213120212,0.21338120213120212,0.11338120213120212,0.11338120213120212,2.4532521780443073,7.46657885464276,
ademp-v2,10000175,transient_nonpersistent,Transient non-persistence,600,600,176,tuned_level,1.0232849340167747,0.9630452265436169,0.060239707473157766,6.25512756959078,0.3017866093733318,120,0.04709945147445147,0.04709945147445147,0.052900548525548534,0.052900548525548534,-0.0003777777777777776,0.0035492565731744755,
ademp-v2,10000175,transient_nonpersistent,Transient non-persistence,600,600,176,tuned_level_slope,1.0232855742990816,0.9630452265436169,0.06024034775546472,6.255194054766066,0.30180974021308515,120,0.04709945147445147,0.04709945147445147,0.052900548525548534,0.052900548525548534,-0.00030556329541748926,0.0027873168186831635,
ademp-v2,10000176,transient_nonpersistent,Transient non-persistence,600,600,177,oracle,1.0143283199813937,1.0143283199813937,0.0,0.0,0.39634831203098897,120,0.09438619251119253,0.09438619251119253,0.005613807488807479,0.005613807488807479,,,
ademp-v2,10000176,transient_nonpersistent,Transient non-persistence,600,600,177,population,1.0481631506267461,1.0143283199813937,0.03383483064535242,3.335688255847285,0.3251619416479274,120,0.05679225866725867,0.05679225866725867,0.043207741332741335,0.043207741332741335,,,
ademp-v2,10000176,transient_nonpersistent,Transient non-persistence,600,600,177,raw_index_q10,1.686320125240006,1.0143283199813937,0.6719918052586122,66.24993032541366,1.8842967167256608,120,0.16199728512228515,0.16199728512228515,0.06199728512228514,0.06199728512228514,,,
ademp-v2,10000176,transient_nonpersistent,Transient non-persistence,600,600,177,affine_calibrated_q10,1.0842363882318855,1.0143283199813937,0.06990806825049178,6.8920552520681015,0.44802204395215467,120,0.10685039497539496,0.10685039497539496,0.006850394975394955,0.006850394975394955,,,
ademp-v2,10000176,transient_nonpersistent,Transient non-persistence,600,600,177,unpenalized_level,1.686320125240006,1.0143283199813937,0.6719918052586122,66.24993032541366,1.8842967167256608,120,0.16199728512228515,0.16199728512228515,0.06199728512228514,0.06199728512228514,0.5699081457200987,6.818353548354881,
ademp-v2,10000176,transient_nonpersistent,Transient non-persistence,600,600,177,tuned_level,1.0482408655468567,1.0143283199813937,0.03391254556546297,3.3433499683894308,0.3251150605163808,120,0.05679225866725867,0.05679225866725867,0.043207741332741335,0.043207741332741335,-0.0013555555555555554,0.004479118216792229,
ademp-v2,10000176,transient_nonpersistent,Transient non-persistence,600,600,177,tuned_level_slope,1.048211130762404,1.0143283199813937,0.0338828107810103,3.340418493060691,0.32512363563543667,120,0.05679225866725867,0.05679225866725867,0.043207741332741335,0.043207741332741335,-0.0009106193391920661,0.003208373335610238,
ademp-v2,10000177,transient_nonpersistent,Transient non-persistence,600,600,178,oracle,0.954608797015069,0.954608797015069,0.0,0.0,0.37434641999070273,120,0.1159476171976172,0.1159476171976172,0.015947617197617198,0.015947617197617198,,,
ademp-v2,10000177,transient_nonpersistent,Transient non-persistence,600,600,178,population,0.970290437638167,0.954608797015069,0.01568164062309807,1.6427295319435997,0.31778163150313116,120,0.06575357512857512,0.06575357512857512,0.03424642487142489,0.03424642487142489,,,
ademp-v2,10000177,transient_nonpersistent,Transient non-persistence,600,600,178,raw_index_q10,1.7606109443132687,0.954608797015069,0.8060021472981997,84.43271734122483,1.595505563325525,120,0.21319710382210383,0.21319710382210383,0.11319710382210382,0.11319710382210382,,,
ademp-v2,10000177,transient_nonpersistent,Transient non-persistence,600,600,178,affine_calibrated_q10,1.0310963471432977,0.954608797015069,0.07648755012822872,8.01244974563348,0.44452563279199087,120,0.12253663003663003,0.12253663003663003,0.02253663003663002,0.02253663003663002,,,
ademp-v2,10000177,transient_nonpersistent,Transient non-persistence,600,600,178,unpenalized_level,1.7606109443132687,0.954608797015069,0.8060021472981997,84.43271734122483,1.595505563325525,120,0.21319710382210383,0.21319710382210383,0.11319710382210382,0.11319710382210382,0.7794811574432381,6.933757612326643,
ademp-v2,10000177,transient_nonpersistent,Transient non-persistence,600,600,178,tuned_level,0.9895750396295315,0.954608797015069,0.03496624261446257,3.6628871139462813,0.32556047982140324,120,0.06306700244200243,0.06306700244200243,0.036932997557997574,0.036932997557997574,-0.21093347999074794,0.9248593772169501,
ademp-v2,10000177,transient_nonpersistent,Transient non-persistence,600,600,178,tuned_level_slope,0.9993091949442459,0.954608797015069,0.044700397929176905,4.6825880998529374,0.3423381147915945,120,0.06887728012728013,0.06887728012728013,0.031122719872719876,0.031122719872719876,-0.1179862773939954,1.4891403437298265,
ademp-v2,10000178,transient_nonpersistent,Transient non-persistence,600,600,179,oracle,0.9726061594647301,0.9726061594647301,0.0,0.0,0.34243303550041754,120,0.10564539627039628,0.10564539627039628,0.005645396270396272,0.005645396270396272,,,
ademp-v2,10000178,transient_nonpersistent,Transient non-persistence,600,600,179,population,0.9958011096554483,0.9726061594647301,0.023194950190718266,2.3848245217245503,0.28624702712660616,120,0.06105475542975543,0.06105475542975543,0.03894524457024458,0.03894524457024458,,,
ademp-v2,10000178,transient_nonpersistent,Transient non-persistence,600,600,179,raw_index_q10,1.8129265916839434,0.9726061594647301,0.8403204322192134,86.39883924667724,1.7314143120731509,120,0.22771973396973397,0.22771973396973397,0.12771973396973396,0.12771973396973396,,,
ademp-v2,10000178,transient_nonpersistent,Transient non-persistence,600,600,179,affine_calibrated_q10,1.0107636106075573,0.9726061594647301,0.0381574511428272,3.923217097846368,0.3502279013792279,120,0.09802244052244052,0.09802244052244052,0.001977559477559482,0.001977559477559482,,,
ademp-v2,10000178,transient_nonpersistent,Transient non-persistence,600,600,179,unpenalized_level,1.8129265916839434,0.9726061594647301,0.8403204322192134,86.39883924667724,1.7314143120731509,120,0.22771973396973397,0.22771973396973397,0.12771973396973396,0.12771973396973396,1.488853669443593,7.089697137735139,
ademp-v2,10000178,transient_nonpersistent,Transient non-persistence,600,600,179,tuned_level,0.9958174351586488,0.9726061594647301,0.023211275693918787,2.3865030534757277,0.28615128483331775,120,0.06105475542975543,0.06105475542975543,0.03894524457024458,0.03894524457024458,-0.0006458333333333332,0.003675903768941526,
ademp-v2,10000178,transient_nonpersistent,Transient non-persistence,600,600,179,tuned_level_slope,0.9958087857929627,0.9726061594647301,0.023202626328232667,2.3856137556235653,0.2861651215888835,120,0.06105475542975543,0.06105475542975543,0.03894524457024458,0.03894524457024458,-0.0004772168360072097,0.0027617576173819785,
ademp-v2,10000179,transient_nonpersistent,Transient non-persistence,600,600,180,oracle,0.9246214482492143,0.9246214482492143,0.0,0.0,0.31915577281930035,120,0.10742014929514927,0.10742014929514927,0.007420149295149267,0.007420149295149267,,,
ademp-v2,10000179,transient_nonpersistent,Transient non-persistence,600,600,180,population,0.9498444566981817,0.9246214482492143,0.02522300844896741,2.727928115525287,0.2704904744230083,120,0.06018116143116144,0.06018116143116144,0.03981883856883857,0.03981883856883857,,,
ademp-v2,10000179,transient_nonpersistent,Transient non-persistence,600,600,180,raw_index_q10,1.6559955892775804,0.9246214482492143,0.7313741410283661,79.09984593297449,1.1567577836333995,120,0.22130314130314133,0.22130314130314133,0.12130314130314132,0.12130314130314132,,,
ademp-v2,10000179,transient_nonpersistent,Transient non-persistence,600,600,180,affine_calibrated_q10,1.001398965854831,0.9246214482492143,0.07677751760561669,8.303670410306419,0.3608424400293957,120,0.11684079809079809,0.11684079809079809,0.01684079809079808,0.01684079809079808,,,
ademp-v2,10000179,transient_nonpersistent,Transient non-persistence,600,600,180,unpenalized_level,1.6559955892775804,0.9246214482492143,0.7313741410283661,79.09984593297449,1.1567577836333995,120,0.22130314130314133,0.22130314130314133,0.12130314130314132,0.12130314130314132,0.5222598827525322,6.856486150583278,
ademp-v2,10000179,transient_nonpersistent,Transient non-persistence,600,600,180,tuned_level,0.9499217949617701,0.9246214482492143,0.025300346712555766,2.7362924319419997,0.2704552913924778,120,0.06018116143116144,0.06018116143116144,0.03981883856883857,0.03981883856883857,-0.0014347222222222222,0.004789480177469197,
ademp-v2,10000179,transient_nonpersistent,Transient non-persistence,600,600,180,tuned_level_slope,0.9499110477424982,0.9246214482492143,0.02528959949328391,2.735130094718241,0.2704689696497968,120,0.06018116143116144,0.06018116143116144,0.03981883856883857,0.03981883856883857,-0.0010932961606984139,0.0036843206134049627,
ademp-v2,10000180,transient_nonpersistent,Transient non-persistence,600,600,181,oracle,0.9535717723231909,0.9535717723231909,0.0,0.0,0.30186173189891263,120,0.09863294113294113,0.09863294113294113,0.0013670588670588735,0.0013670588670588735,,,
ademp-v2,10000180,transient_nonpersistent,Transient non-persistence,600,600,181,population,0.978947951313382,0.9535717723231909,0.025376178990191067,2.66117136923705,0.24413739017469066,120,0.06352133977133977,0.06352133977133977,0.03647866022866024,0.03647866022866024,,,
ademp-v2,10000180,transient_nonpersistent,Transient non-persistence,600,600,181,raw_index_q10,1.9336551397864084,0.9535717723231909,0.9800833674632174,102.78024118472344,2.1700684341424035,120,0.23872298997298996,0.23872298997298996,0.13872298997298996,0.13872298997298996,,,
ademp-v2,10000180,transient_nonpersistent,Transient non-persistence,600,600,181,affine_calibrated_q10,0.9974766297332366,0.9535717723231909,0.04390485741004568,4.604253049886333,0.3328382357306186,120,0.10859476171976172,0.10859476171976172,0.008594761719761715,0.008594761719761715,,,
ademp-v2,10000180,transient_nonpersistent,Transient non-persistence,600,600,181,unpenalized_level,1.9336551397864084,0.9535717723231909,0.9800833674632174,102.78024118472344,2.1700684341424035,120,0.23872298997298996,0.23872298997298996,0.13872298997298996,0.13872298997298996,2.1057236478855246,7.533326457270042,
ademp-v2,10000180,transient_nonpersistent,Transient non-persistence,600,600,181,tuned_level,0.9789957677446359,0.9535717723231909,0.025423995421445023,2.6661858246395482,0.24409092790631565,120,0.06352133977133977,0.06352133977133977,0.03647866022866024,0.03647866022866024,-0.0009930555555555554,0.004637483153608215,
ademp-v2,10000180,transient_nonpersistent,Transient non-persistence,600,600,181,tuned_level_slope,0.9789871898494835,0.9535717723231909,0.025415417526292616,2.6652862704160096,0.24410682768820163,120,0.06352133977133977,0.06352133977133977,0.03647866022866024,0.03647866022866024,-0.0007317908486497535,0.0034349984579264857,
ademp-v2,10000181,transient_nonpersistent,Transient non-persistence,600,600,182,oracle,0.9608793933760958,0.9608793933760958,0.0,0.0,0.31124629268750575,120,0.090254514004514,0.090254514004514,0.009745485995486011,0.009745485995486011,,,
ademp-v2,10000181,transient_nonpersistent,Transient non-persistence,600,600,182,population,0.9848501825334846,0.9608793933760958,0.023970789157388706,2.4946719976131644,0.2778043707214668,120,0.06531084656084657,0.06531084656084657,0.034689153439153436,0.034689153439153436,,,
ademp-v2,10000181,transient_nonpersistent,Transient non-persistence,600,600,182,raw_index_q10,1.8863706981799304,0.9608793933760958,0.9254913048038346,96.31711442495154,1.6052560771935789,120,0.25306857494357493,0.25306857494357493,0.15306857494357493,0.15306857494357493,,,
ademp-v2,10000181,transient_nonpersistent,Transient non-persistence,600,600,182,affine_calibrated_q10,0.9942085895877054,0.9608793933760958,0.03332919621160957,3.468613901116751,0.3074595254970854,120,0.0739740120990121,0.0739740120990121,0.02602598790098791,0.02602598790098791,,,
ademp-v2,10000181,transient_nonpersistent,Transient non-persistence,600,600,182,unpenalized_level,1.8863706981799304,0.9608793933760958,0.9254913048038346,96.31711442495154,1.6052560771935789,120,0.25306857494357493,0.25306857494357493,0.15306857494357493,0.15306857494357493,2.112210671103908,6.971028496497704,
ademp-v2,10000181,transient_nonpersistent,Transient non-persistence,600,600,182,tuned_level,0.9835787626282022,0.9608793933760958,0.02269936925210636,2.3623536323690986,0.27759246841354135,120,0.0645532708032708,0.0645532708032708,0.0354467291967292,0.0354467291967292,-0.018206169350172,0.11032087740450412,
ademp-v2,10000181,transient_nonpersistent,Transient non-persistence,600,600,182,tuned_level_slope,0.9838365346869149,0.9608793933760958,0.02295714131081905,2.3891803143116674,0.2773115594360793,120,0.0645532708032708,0.0645532708032708,0.0354467291967292,0.0354467291967292,-0.013545825681615685,0.08323536370927098,
ademp-v2,10000182,transient_nonpersistent,Transient non-persistence,600,600,183,oracle,0.9998178737259849,0.9998178737259849,0.0,0.0,0.4127881551650063,120,0.09361564361564362,0.09361564361564362,0.006384356384356388,0.006384356384356388,,,
ademp-v2,10000182,transient_nonpersistent,Transient non-persistence,600,600,183,population,1.0566182637505754,0.9998178737259849,0.056800390024590586,5.681073675239936,0.32224775257774935,120,0.05409407721907722,0.05409407721907722,0.04590592278092279,0.04590592278092279,,,
ademp-v2,10000182,transient_nonpersistent,Transient non-persistence,600,600,183,raw_index_q10,1.7063159237899577,0.9998178737259849,0.7064980500639728,70.66267453602248,1.343485890220959,120,0.2080713036963037,0.2080713036963037,0.10807130369630369,0.10807130369630369,,,
ademp-v2,10000182,transient_nonpersistent,Transient non-persistence,600,600,183,affine_calibrated_q10,1.060186518903618,0.9998178737259849,0.060368645177633073,6.037964189683811,0.47597707236652326,120,0.09842916342916344,0.09842916342916344,0.0015708365708365646,0.0015708365708365646,,,
ademp-v2,10000182,transient_nonpersistent,Transient non-persistence,600,600,183,unpenalized_level,1.7063159237899577,0.9998178737259849,0.7064980500639728,70.66267453602248,1.343485890220959,120,0.2080713036963037,0.2080713036963037,0.10807130369630369,0.10807130369630369,1.4773100652223259,6.9051718651429415,
ademp-v2,10000182,transient_nonpersistent,Transient non-persistence,600,600,183,tuned_level,1.056680409051262,0.9998178737259849,0.056862535325277186,5.687289337343975,0.32226697505412655,120,0.05409407721907722,0.05409407721907722,0.04590592278092279,0.04590592278092279,-0.0007263888888888887,0.003640404688533446,
ademp-v2,10000182,transient_nonpersistent,Transient non-persistence,600,600,183,tuned_level_slope,1.056659090603839,0.9998178737259849,0.05684121687785404,5.685157104265994,0.3222731928494039,120,0.05409407721907722,0.05409407721907722,0.04590592278092279,0.04590592278092279,-0.0004896540244279684,0.002664845684175005,
ademp-v2,10000183,transient_nonpersistent,Transient non-persistence,600,600,184,oracle,0.9478879961489516,0.9478879961489516,0.0,0.0,0.28715406494095885,120,0.1029808386058386,0.1029808386058386,0.002980838605838601,0.002980838605838601,,,
ademp-v2,10000183,transient_nonpersistent,Transient non-persistence,600,600,184,population,0.9702977255543649,0.9478879961489516,0.022409729405413303,2.3641748282981556,0.23234468171628486,120,0.07359323546823546,0.07359323546823546,0.02640676453176455,0.02640676453176455,,,
ademp-v2,10000183,transient_nonpersistent,Transient non-persistence,600,600,184,raw_index_q10,1.6852852556946198,0.9478879961489516,0.7373972595456683,77.79371218345857,1.3089532869370957,120,0.21749320124320123,0.21749320124320123,0.11749320124320123,0.11749320124320123,,,
ademp-v2,10000183,transient_nonpersistent,Transient non-persistence,600,600,184,affine_calibrated_q10,1.0397067435264515,0.9478879961489516,0.09181874737749995,9.686666330889109,0.33995171817688663,120,0.10722088097088096,0.10722088097088096,0.007220880970880958,0.007220880970880958,,,
ademp-v2,10000183,transient_nonpersistent,Transient non-persistence,600,600,184,unpenalized_level,1.6852852556946198,0.9478879961489516,0.7373972595456683,77.79371218345857,1.3089532869370957,120,0.21749320124320123,0.21749320124320123,0.11749320124320123,0.11749320124320123,1.7987986395310869,6.561769771895848,
ademp-v2,10000183,transient_nonpersistent,Transient non-persistence,600,600,184,tuned_level,0.9703260444152878,0.9478879961489516,0.02243804826633622,2.3671624028890323,0.23233241611360309,120,0.07359323546823546,0.07359323546823546,0.02640676453176455,0.02640676453176455,-0.0006180555555555555,0.0036223649426552506,
ademp-v2,10000183,transient_nonpersistent,Transient non-persistence,600,600,184,tuned_level_slope,0.9703287301010765,0.9478879961489516,0.02244073395212487,2.3674457365528787,0.23234203536215783,120,0.07359323546823546,0.07359323546823546,0.02640676453176455,0.02640676453176455,-0.0003836058522242424,0.0025882395063919765,
ademp-v2,10000184,transient_nonpersistent,Transient non-persistence,600,600,185,oracle,0.9676782587441113,0.9676782587441113,0.0,0.0,0.2898069388127293,120,0.11159109409109409,0.11159109409109409,0.011591094091094087,0.011591094091094087,,,
ademp-v2,10000184,transient_nonpersistent,Transient non-persistence,600,600,185,population,1.0010008684981824,0.9676782587441113,0.033322609754071086,3.443562925276259,0.25380279235918857,120,0.06258521571021572,0.06258521571021572,0.037414784289784286,0.037414784289784286,,,
ademp-v2,10000184,transient_nonpersistent,Transient non-persistence,600,600,185,raw_index_q10,1.5637888214263225,0.9676782587441113,0.5961105626822112,61.60214485503328,0.9633055630576789,120,0.1944336913086913,0.1944336913086913,0.09443369130869128,0.09443369130869128,,,
ademp-v2,10000184,transient_nonpersistent,Transient non-persistence,600,600,185,affine_calibrated_q10,1.017950683173712,0.9676782587441113,0.05027242442960067,5.195159028874544,0.31885442897944927,120,0.11059833684833685,0.11059833684833685,0.010598336848336845,0.010598336848336845,,,
ademp-v2,10000184,transient_nonpersistent,Transient non-persistence,600,600,185,unpenalized_level,1.5637888214263225,0.9676782587441113,0.5961105626822112,61.60214485503328,0.9633055630576789,120,0.1944336913086913,0.1944336913086913,0.09443369130869128,0.09443369130869128,1.1433800627747257,6.3964873884126865,
ademp-v2,10000184,transient_nonpersistent,Transient non-persistence,600,600,185,tuned_level,1.0010563761040023,0.9676782587441113,0.033378117359891046,3.44929908864651,0.25377886488446744,120,0.06258521571021572,0.06258521571021572,0.037414784289784286,0.037414784289784286,-0.001111111111111111,0.004515456992581355,
ademp-v2,10000184,transient_nonpersistent,Transient non-persistence,600,600,185,tuned_level_slope,1.0010444751993526,0.9676782587441113,0.03336621645524129,3.44806924757669,0.25378218181132534,120,0.06258521571021572,0.06258521571021572,0.037414784289784286,0.037414784289784286,-0.0008631703822707241,0.0034871867130610193,
ademp-v2,10000185,transient_nonpersistent,Transient non-persistence,600,600,186,oracle,0.9737517456822637,0.9737517456822637,0.0,0.0,0.3438637316291484,120,0.10423442298442298,0.10423442298442298,0.004234422984422975,0.004234422984422975,,,
ademp-v2,10000185,transient_nonpersistent,Transient non-persistence,600,600,186,population,0.9947396732494346,0.9737517456822637,0.020987927567170828,2.1553673880672264,0.29272524518723725,120,0.06583603896103896,0.06583603896103896,0.03416396103896105,0.03416396103896105,,,
ademp-v2,10000185,transient_nonpersistent,Transient non-persistence,600,600,186,raw_index_q10,1.8715328204863746,0.9737517456822637,0.8977810748041108,92.19814791449501,1.6409828505377397,120,0.2234536297036297,0.2234536297036297,0.12345362970362969,0.12345362970362969,,,
ademp-v2,10000185,transient_nonpersistent,Transient non-persistence,600,600,186,affine_calibrated_q10,1.043665643138989,0.9737517456822637,0.06991389745672527,7.179848227921766,0.3986097641042839,120,0.10987306674806675,0.10987306674806675,0.009873066748066747,0.009873066748066747,,,
ademp-v2,10000185,transient_nonpersistent,Transient non-persistence,600,600,186,unpenalized_level,1.8715328204863746,0.9737517456822637,0.8977810748041108,92.19814791449501,1.6409828505377397,120,0.2234536297036297,0.2234536297036297,0.12345362970362969,0.12345362970362969,2.0198910478135192,7.468298255299098,
ademp-v2,10000185,transient_nonpersistent,Transient non-persistence,600,600,186,tuned_level,0.9947808078170276,0.9737517456822637,0.021029062134763854,2.159591726331617,0.2926979910306449,120,0.06583603896103896,0.06583603896103896,0.03416396103896105,0.03416396103896105,-0.001,0.004080611337641566,
ademp-v2,10000185,transient_nonpersistent,Transient non-persistence,600,600,186,tuned_level_slope,0.9947718947832442,0.9737517456822637,0.02102014910098049,2.15867639716041,0.2927082194334028,120,0.06583603896103896,0.06583603896103896,0.03416396103896105,0.03416396103896105,-0.0007201802820278841,0.003032893683309819,
ademp-v2,10000186,transient_nonpersistent,Transient non-persistence,600,600,187,oracle,0.9502457728809419,0.9502457728809419,0.0,0.0,0.3560811135006468,120,0.11668576793576793,0.11668576793576793,0.016685767935767926,0.016685767935767926,,,
ademp-v2,10000186,transient_nonpersistent,Transient non-persistence,600,600,187,population,0.9574464956805225,0.9502457728809419,0.007200722799580617,0.7577747783870236,0.2923488939841681,120,0.07207362082362082,0.07207362082362082,0.02792637917637919,0.02792637917637919,,,
ademp-v2,10000186,transient_nonpersistent,Transient non-persistence,600,600,187,raw_index_q10,1.8848685321296628,0.9502457728809419,0.9346227592487208,98.35589759217183,1.6914031071187445,120,0.23952309264809266,0.23952309264809266,0.13952309264809265,0.13952309264809265,,,
ademp-v2,10000186,transient_nonpersistent,Transient non-persistence,600,600,187,affine_calibrated_q10,1.008229980414843,0.9502457728809419,0.05798420753390099,6.10202214929147,0.4009867524164171,120,0.10462458837458836,0.10462458837458836,0.004624588374588359,0.004624588374588359,,,
ademp-v2,10000186,transient_nonpersistent,Transient non-persistence,600,600,187,unpenalized_level,1.8848685321296628,0.9502457728809419,0.9346227592487208,98.35589759217183,1.6914031071187445,120,0.23952309264809266,0.23952309264809266,0.13952309264809265,0.13952309264809265,1.6763475767557041,7.5545522745989695,
ademp-v2,10000186,transient_nonpersistent,Transient non-persistence,600,600,187,tuned_level,0.9574656341770568,0.9502457728809419,0.007219861296114849,0.7597888359161834,0.2923453019276903,120,0.07207362082362082,0.07207362082362082,0.02792637917637919,0.02792637917637919,-0.0007458333333333332,0.003634422619588671,
ademp-v2,10000186,transient_nonpersistent,Transient non-persistence,600,600,187,tuned_level_slope,0.9574665296593294,0.9502457728809419,0.007220756778387516,0.7598830728281722,0.2923478814153333,120,0.07207362082362082,0.07207362082362082,0.02792637917637919,0.02792637917637919,-0.0004974493262057464,0.0026572236627278143,
ademp-v2,10000187,transient_nonpersistent,Transient non-persistence,600,600,188,oracle,0.9194323222123554,0.9194323222123554,0.0,0.0,0.279787819867843,120,0.10022625522625522,0.10022625522625522,0.00022625522625521755,0.00022625522625521755,,,
ademp-v2,10000187,transient_nonpersistent,Transient non-persistence,600,600,188,population,0.9671169248428043,0.9194323222123554,0.047684602630448936,5.186309147334449,0.23277399698452705,120,0.05618531931031931,0.05618531931031931,0.043814680689680696,0.043814680689680696,,,
ademp-v2,10000187,transient_nonpersistent,Transient non-persistence,600,600,188,raw_index_q10,1.9602433842353884,0.9194323222123554,1.040811062023033,113.20148714356853,1.9200862878966127,120,0.29128956691456687,0.29128956691456687,0.19128956691456686,0.19128956691456686,,,
ademp-v2,10000187,transient_nonpersistent,Transient non-persistence,600,600,188,affine_calibrated_q10,1.0048630992792924,0.9194323222123554,0.08543077706693702,9.291687381771817,0.32863274088843103,120,0.10759321696821696,0.10759321696821696,0.007593216968216951,0.007593216968216951,,,
ademp-v2,10000187,transient_nonpersistent,Transient non-persistence,600,600,188,unpenalized_level,1.9602433842353884,0.9194323222123554,1.040811062023033,113.20148714356853,1.9200862878966127,120,0.29128956691456687,0.29128956691456687,0.19128956691456686,0.19128956691456686,3.179214278172468,7.194445546563584,
ademp-v2,10000187,transient_nonpersistent,Transient non-persistence,600,600,188,tuned_level,0.9670941480902359,0.9194323222123554,0.04766182587788048,5.183831884786875,0.2327561242795095,120,0.05618531931031931,0.05618531931031931,0.043814680689680696,0.043814680689680696,-0.00010694444444444442,0.003192257705646469,
ademp-v2,10000187,transient_nonpersistent,Transient non-persistence,600,600,188,tuned_level_slope,0.9671107919334252,0.9194323222123554,0.047678469721069816,5.185642115163516,0.23277174991086277,120,0.05618531931031931,0.05618531931031931,0.043814680689680696,0.043814680689680696,-8.723745374018455e-05,0.002377948430475433,
ademp-v2,10000188,transient_nonpersistent,Transient non-persistence,600,600,189,oracle,0.9823807507694138,0.9823807507694138,0.0,0.0,0.3435176689291489,120,0.09690233377733377,0.09690233377733377,0.0030976662226662316,0.0030976662226662316,,,
ademp-v2,10000188,transient_nonpersistent,Transient non-persistence,600,600,189,population,1.000224706939807,0.9823807507694138,0.017843956170393138,1.8163992073763164,0.28661009740664767,120,0.0665595978095978,0.0665595978095978,0.0334404021904022,0.0334404021904022,,,
ademp-v2,10000188,transient_nonpersistent,Transient non-persistence,600,600,189,raw_index_q10,1.8741530568286073,0.9823807507694138,0.8917723060591936,90.77664697325814,1.665860019097417,120,0.21201294076294072,0.21201294076294072,0.11201294076294072,0.11201294076294072,,,
ademp-v2,10000188,transient_nonpersistent,Transient non-persistence,600,600,189,affine_calibrated_q10,1.0592712201384493,0.9823807507694138,0.07689046936903554,7.826951954098642,0.35194353671594336,120,0.09809752747252748,0.09809752747252748,0.0019024725274725263,0.0019024725274725263,,,
ademp-v2,10000188,transient_nonpersistent,Transient non-persistence,600,600,189,unpenalized_level,1.8741530568286073,0.9823807507694138,0.8917723060591936,90.77664697325814,1.665860019097417,120,0.21201294076294072,0.21201294076294072,0.11201294076294072,0.11201294076294072,0.667559787042187,7.05581316355748,
ademp-v2,10000188,transient_nonpersistent,Transient non-persistence,600,600,189,tuned_level,1.0003019769691606,0.9823807507694138,0.017921226199746787,1.8242647960793859,0.28659426487263334,120,0.0665595978095978,0.0665595978095978,0.0334404021904022,0.0334404021904022,-0.0010930555555555554,0.004436877238512424,
ademp-v2,10000188,transient_nonpersistent,Transient non-persistence,600,600,189,tuned_level_slope,1.000276104347017,0.9823807507694138,0.01789535357760319,1.8216311306575692,0.2865966547289788,120,0.0665595978095978,0.0665595978095978,0.0334404021904022,0.0334404021904022,-0.0008034594013022384,0.0033486952587384023,
ademp-v2,10000189,transient_nonpersistent,Transient non-persistence,600,600,190,oracle,0.9726521241310508,0.9726521241310508,0.0,0.0,0.3323357230300579,120,0.10585326710326709,0.10585326710326709,0.005853267103267085,0.005853267103267085,,,
ademp-v2,10000189,transient_nonpersistent,Transient non-persistence,600,600,190,population,1.0058823125649916,0.9726521241310508,0.033230188433940766,3.416451535910436,0.26493115842134635,120,0.06147010397010397,0.06147010397010397,0.03852989602989604,0.03852989602989604,,,
ademp-v2,10000189,transient_nonpersistent,Transient non-persistence,600,600,190,raw_index_q10,1.7974646581081317,0.9726521241310508,0.8248125339770809,84.80036320426,1.6829247791010127,120,0.22887540700040698,0.22887540700040698,0.12887540700040698,0.12887540700040698,,,
ademp-v2,10000189,transient_nonpersistent,Transient non-persistence,600,600,190,affine_calibrated_q10,1.0673928942813449,0.9726521241310508,0.09474077015029403,9.740457847139712,0.45439643024887444,120,0.12486522736522737,0.12486522736522737,0.024865227365227366,0.024865227365227366,,,
ademp-v2,10000189,transient_nonpersistent,Transient non-persistence,600,600,190,unpenalized_level,1.7974646581081317,0.9726521241310508,0.8248125339770809,84.80036320426,1.6829247791010127,120,0.22887540700040698,0.22887540700040698,0.12887540700040698,0.12887540700040698,2.403303054763964,7.4188798972173275,
ademp-v2,10000189,transient_nonpersistent,Transient non-persistence,600,600,190,tuned_level,1.0058726232381148,0.9726521241310508,0.03322049910706393,3.4154553599255744,0.2648847029010361,120,0.06147010397010397,0.06147010397010397,0.03852989602989604,0.03852989602989604,-0.0008041666666666667,0.004304094734259631,
ademp-v2,10000189,transient_nonpersistent,Transient non-persistence,600,600,190,tuned_level_slope,1.0058680062220373,0.9726521241310508,0.03321588209098647,3.4149806767410205,0.2648980386510752,120,0.06147010397010397,0.06147010397010397,0.03852989602989604,0.03852989602989604,-0.0005988281833963709,0.0032119200466983145,
ademp-v2,10000190,transient_nonpersistent,Transient non-persistence,600,600,191,oracle,0.9324797764158643,0.9324797764158643,0.0,0.0,0.2991269837210605,120,0.10974287286787288,0.10974287286787288,0.00974287286787287,0.00974287286787287,,,
ademp-v2,10000190,transient_nonpersistent,Transient non-persistence,600,600,191,population,0.9561822283069661,0.9324797764158643,0.02370245189110176,2.5418730240140905,0.24965815773345554,120,0.06170112295112295,0.06170112295112295,0.03829887704887706,0.03829887704887706,,,
ademp-v2,10000190,transient_nonpersistent,Transient non-persistence,600,600,191,raw_index_q10,1.8005751821265716,0.9324797764158643,0.8680954057107073,93.09536009964434,1.549723420720258,120,0.2428252072002072,0.2428252072002072,0.1428252072002072,0.1428252072002072,,,
ademp-v2,10000190,transient_nonpersistent,Transient non-persistence,600,600,191,affine_calibrated_q10,0.9916832287015895,0.9324797764158643,0.05920345228572521,6.349033382073248,0.3074449621745611,120,0.08274940337440338,0.08274940337440338,0.017250596625596623,0.017250596625596623,,,
ademp-v2,10000190,transient_nonpersistent,Transient non-persistence,600,600,191,unpenalized_level,1.8005751821265716,0.9324797764158643,0.8680954057107073,93.09536009964434,1.549723420720258,120,0.2428252072002072,0.2428252072002072,0.1428252072002072,0.1428252072002072,2.3926153509741828,7.2105303029265215,
ademp-v2,10000190,transient_nonpersistent,Transient non-persistence,600,600,191,tuned_level,0.9561672996977667,0.9324797764158643,0.02368752328190238,2.5402720660547917,0.24959741374569225,120,0.06170112295112295,0.06170112295112295,0.03829887704887706,0.03829887704887706,-0.0004944444444444443,0.0037925975658242854,
ademp-v2,10000190,transient_nonpersistent,Transient non-persistence,600,600,191,tuned_level_slope,0.9561677912678471,0.9324797764158643,0.023688014851982797,2.540324782488204,0.24960992703619136,120,0.06170112295112295,0.06170112295112295,0.03829887704887706,0.03829887704887706,-0.0003938648020071929,0.002892512215586987,
ademp-v2,10000191,transient_nonpersistent,Transient non-persistence,600,600,192,oracle,1.0456833526270204,1.0456833526270204,0.0,0.0,0.4091228927836721,120,0.11230457042957044,0.11230457042957044,0.012304570429570436,0.012304570429570436,,,
ademp-v2,10000191,transient_nonpersistent,Transient non-persistence,600,600,192,population,1.0559537559429435,1.0456833526270204,0.010270403315923105,0.9821714470371227,0.3350096267963101,120,0.07723325285825285,0.07723325285825285,0.02276674714174716,0.02276674714174716,,,
ademp-v2,10000191,transient_nonpersistent,Transient non-persistence,600,600,192,raw_index_q10,1.7430376578702622,1.0456833526270204,0.6973543052432418,66.6888598246603,1.1855682211848253,120,0.20325986513486513,0.20325986513486513,0.10325986513486513,0.10325986513486513,,,
ademp-v2,10000191,transient_nonpersistent,Transient non-persistence,600,600,192,affine_calibrated_q10,1.1128312626566472,1.0456833526270204,0.06714791002962683,6.421438178291195,0.4728651028866029,120,0.10412097162097161,0.10412097162097161,0.0041209716209716085,0.0041209716209716085,,,
ademp-v2,10000191,transient_nonpersistent,Transient non-persistence,600,600,192,unpenalized_level,1.7430376578702622,1.0456833526270204,0.6973543052432418,66.6888598246603,1.1855682211848253,120,0.20325986513486513,0.20325986513486513,0.10325986513486513,0.10325986513486513,0.9404114101352687,6.482696910156297,
ademp-v2,10000191,transient_nonpersistent,Transient non-persistence,600,600,192,tuned_level,1.0560022281767283,1.0456833526270204,0.010318875549707895,0.9868069070607538,0.33503151566620043,120,0.07723325285825285,0.07723325285825285,0.02276674714174716,0.02276674714174716,-0.0008874999999999998,0.0037621100757716038,
ademp-v2,10000191,transient_nonpersistent,Transient non-persistence,600,600,192,tuned_level_slope,1.0559884857135615,1.0456833526270204,0.01030513308654113,0.9854926982104129,0.3350202022517277,120,0.07723325285825285,0.07723325285825285,0.02276674714174716,0.02276674714174716,-0.0006698009929162273,0.0028410858353670547,
ademp-v2,10000192,transient_nonpersistent,Transient non-persistence,600,600,193,oracle,1.0076903676862765,1.0076903676862765,0.0,0.0,0.3229417811348481,120,0.09445938320938321,0.09445938320938321,0.0055406167906167925,0.0055406167906167925,,,
ademp-v2,10000192,transient_nonpersistent,Transient non-persistence,600,600,193,population,1.0551157438557925,1.0076903676862765,0.04742537616951603,4.706344100361684,0.25711622428156333,120,0.05352809227809227,0.05352809227809227,0.046471907721907735,0.046471907721907735,,,
ademp-v2,10000192,transient_nonpersistent,Transient non-persistence,600,600,193,raw_index_q10,1.8792412731171302,1.0076903676862765,0.8715509054308537,86.4899510185844,1.729898916779431,120,0.21596299533799534,0.21596299533799534,0.11596299533799534,0.11596299533799534,,,
ademp-v2,10000192,transient_nonpersistent,Transient non-persistence,600,600,193,affine_calibrated_q10,1.0727509973147482,1.0076903676862765,0.0650606296284717,6.4564107899388965,0.3255666892215422,120,0.07107464294964295,0.07107464294964295,0.02892535705035705,0.02892535705035705,,,
ademp-v2,10000192,transient_nonpersistent,Transient non-persistence,600,600,193,unpenalized_level,1.8792412731171302,1.0076903676862765,0.8715509054308537,86.4899510185844,1.729898916779431,120,0.21596299533799534,0.21596299533799534,0.11596299533799534,0.11596299533799534,2.0177133144361346,7.47495960824551,
ademp-v2,10000192,transient_nonpersistent,Transient non-persistence,600,600,193,tuned_level,1.058980778074133,1.0076903676862765,0.05129041038785642,5.089897852811929,0.2541845109758621,120,0.05378963628963628,0.05378963628963628,0.046210363710363724,0.046210363710363724,-0.05366081176283134,0.349484233895394,
ademp-v2,10000192,transient_nonpersistent,Transient non-persistence,600,600,193,tuned_level_slope,1.0620903938052615,1.0076903676862765,0.05440002611898498,5.398486267551711,0.2551712255483608,120,0.05813436563436563,0.05813436563436563,0.041865634365634376,0.041865634365634376,-0.05813363643793624,0.6481629603188253,
ademp-v2,10000193,transient_nonpersistent,Transient non-persistence,600,600,194,oracle,0.9785717767366701,0.9785717767366701,0.0,0.0,0.3681367660339298,120,0.086736457986458,0.086736457986458,0.013263542013542004,0.013263542013542004,,,
ademp-v2,10000193,transient_nonpersistent,Transient non-persistence,600,600,194,population,1.0404230647259929,0.9785717767366701,0.06185128798932282,6.320567326761027,0.3067378717262081,120,0.05212262274762274,0.05212262274762274,0.047877377252377264,0.047877377252377264,,,
ademp-v2,10000193,transient_nonpersistent,Transient non-persistence,600,600,194,raw_index_q10,1.647437931781251,0.9785717767366701,0.668866155044581,68.35126159831711,1.3803103449927476,120,0.18861599049099048,0.18861599049099048,0.08861599049099048,0.08861599049099048,,,
ademp-v2,10000193,transient_nonpersistent,Transient non-persistence,600,600,194,affine_calibrated_q10,1.0281767100751502,0.9785717767366701,0.04960493333848015,5.06911547192809,0.40522360272796043,120,0.11009811947311947,0.11009811947311947,0.010098119473119463,0.010098119473119463,,,
ademp-v2,10000193,transient_nonpersistent,Transient non-persistence,600,600,194,unpenalized_level,1.647437931781251,0.9785717767366701,0.668866155044581,68.35126159831711,1.3803103449927476,120,0.18861599049099048,0.18861599049099048,0.08861599049099048,0.08861599049099048,1.2981537051761607,6.607262138217014,
ademp-v2,10000193,transient_nonpersistent,Transient non-persistence,600,600,194,tuned_level,1.040494743814651,0.9785717767366701,0.06192296707798095,6.327892194528739,0.3067090686521656,120,0.05212262274762274,0.05212262274762274,0.047877377252377264,0.047877377252377264,-0.0008319444444444442,0.004350420371344292,
ademp-v2,10000193,transient_nonpersistent,Transient non-persistence,600,600,194,tuned_level_slope,1.0404685842041255,0.9785717767366701,0.061896807467455406,6.325218950608628,0.3067191121466619,120,0.05212262274762274,0.05212262274762274,0.047877377252377264,0.047877377252377264,-0.0006231098305184585,0.003274539013999164,
ademp-v2,10000194,transient_nonpersistent,Transient non-persistence,600,600,195,oracle,0.9526177732278502,0.9526177732278502,0.0,0.0,0.282180126035934,120,0.08872747622747622,0.08872747622747622,0.011272523772523788,0.011272523772523788,,,
ademp-v2,10000194,transient_nonpersistent,Transient non-persistence,600,600,195,population,0.9920375890729356,0.9526177732278502,0.03941981584508536,4.138051687983444,0.22989659965203277,120,0.06116526991526992,0.06116526991526992,0.03883473008473009,0.03883473008473009,,,
ademp-v2,10000194,transient_nonpersistent,Transient non-persistence,600,600,195,raw_index_q10,1.7671822554218732,0.9526177732278502,0.814564482194023,85.50800804754593,1.6141777466438652,120,0.22250233562733562,0.22250233562733562,0.12250233562733562,0.12250233562733562,,,
ademp-v2,10000194,transient_nonpersistent,Transient non-persistence,600,600,195,affine_calibrated_q10,1.0103372609388535,0.9526177732278502,0.057719487711003215,6.05903955743199,0.28148126967741416,120,0.07992817367817366,0.07992817367817366,0.020071826321826344,0.020071826321826344,,,
ademp-v2,10000194,transient_nonpersistent,Transient non-persistence,600,600,195,unpenalized_level,1.7671822554218732,0.9526177732278502,0.814564482194023,85.50800804754593,1.6141777466438652,120,0.22250233562733562,0.22250233562733562,0.12250233562733562,0.12250233562733562,1.5195029201744845,7.0130898521650025,
ademp-v2,10000194,transient_nonpersistent,Transient non-persistence,600,600,195,tuned_level,0.992102761789879,0.9526177732278502,0.039484988562028756,4.144893122058579,0.22988250581992375,120,0.06116526991526992,0.06116526991526992,0.03883473008473009,0.03883473008473009,-0.0005416666666666665,0.0036049734164530717,
ademp-v2,10000194,transient_nonpersistent,Transient non-persistence,600,600,195,tuned_level_slope,0.9920846178649351,0.9526177732278502,0.03946684463708483,4.142988483550477,0.2298857777764631,120,0.06116526991526992,0.06116526991526992,0.03883473008473009,0.03883473008473009,-0.0003476608389236338,0.0026321945767882014,
ademp-v2,10000195,transient_nonpersistent,Transient non-persistence,600,600,196,oracle,0.9177748057775628,0.9177748057775628,0.0,0.0,0.30706017970300914,120,0.08930539368039367,0.08930539368039367,0.010694606319606337,0.010694606319606337,,,
ademp-v2,10000195,transient_nonpersistent,Transient non-persistence,600,600,196,population,0.9906281127639381,0.9177748057775628,0.07285330698637538,7.938037362515323,0.24859854538736656,120,0.04477092352092352,0.04477092352092352,0.05522907647907649,0.05522907647907649,,,
ademp-v2,10000195,transient_nonpersistent,Transient non-persistence,600,600,196,raw_index_q10,2.0116488135855612,0.9177748057775628,1.0938740078079985,119.18762652034667,1.854832274404155,120,0.23660672660672658,0.23660672660672658,0.13660672660672657,0.13660672660672657,,,
ademp-v2,10000195,transient_nonpersistent,Transient non-persistence,600,600,196,affine_calibrated_q10,0.9919534659115302,0.9177748057775628,0.07417866013396746,8.0824467687497,0.2787421773337963,120,0.08666472416472416,0.08666472416472416,0.013335275835275842,0.013335275835275842,,,
ademp-v2,10000195,transient_nonpersistent,Transient non-persistence,600,600,196,unpenalized_level,2.0116488135855612,0.9177748057775628,1.0938740078079985,119.18762652034667,1.854832274404155,120,0.23660672660672658,0.23660672660672658,0.13660672660672657,0.13660672660672657,1.548452969103324,7.466524200077115,
ademp-v2,10000195,transient_nonpersistent,Transient non-persistence,600,600,196,tuned_level,0.9907251263632538,0.9177748057775628,0.07295032058569106,7.948607885774948,0.24861746592410736,120,0.04412989787989788,0.04412989787989788,0.05587010212010213,0.05587010212010213,-0.0013972222222222224,0.004572461854122723,
ademp-v2,10000195,transient_nonpersistent,Transient non-persistence,600,600,196,tuned_level_slope,1.0170026142792947,0.9177748057775628,0.09922780850173196,10.811781700377315,0.2902056224533621,120,0.05046918359418359,0.05046918359418359,0.049530816405816414,0.049530816405816414,-0.04580751639834904,1.51764605567672,
ademp-v2,10000196,transient_nonpersistent,Transient non-persistence,600,600,197,oracle,0.9105497387770893,0.9105497387770893,0.0,0.0,0.3025990290552744,120,0.087004662004662,0.087004662004662,0.012995337995338002,0.012995337995338002,,,
ademp-v2,10000196,transient_nonpersistent,Transient non-persistence,600,600,197,population,0.9907371201120803,0.9105497387770893,0.08018738133499093,8.80648007682549,0.27133392074621204,120,0.044674769674769674,0.044674769674769674,0.05532523032523033,0.05532523032523033,,,
ademp-v2,10000196,transient_nonpersistent,Transient non-persistence,600,600,197,raw_index_q10,1.7547041554193894,0.9105497387770893,0.8441544166423001,92.70821578358132,1.6435893193966231,120,0.22180370555370554,0.22180370555370554,0.12180370555370554,0.12180370555370554,,,
ademp-v2,10000196,transient_nonpersistent,Transient non-persistence,600,600,197,affine_calibrated_q10,0.9991755956891644,0.9105497387770893,0.08862585691207503,9.733225230628662,0.4353825232712003,120,0.11256740944240944,0.11256740944240944,0.01256740944240943,0.01256740944240943,,,
ademp-v2,10000196,transient_nonpersistent,Transient non-persistence,600,600,197,unpenalized_level,1.7547041554193894,0.9105497387770893,0.8441544166423001,92.70821578358132,1.6435893193966231,120,0.22180370555370554,0.22180370555370554,0.12180370555370554,0.12180370555370554,2.574616642643351,6.8871081895172575,
ademp-v2,10000196,transient_nonpersistent,Transient non-persistence,600,600,197,tuned_level,0.990690599464518,0.9105497387770893,0.08014086068742865,8.801371004187157,0.2713324679917354,120,0.044674769674769674,0.044674769674769674,0.05532523032523033,0.05532523032523033,-0.00026805555555555545,0.004005580597856686,
ademp-v2,10000196,transient_nonpersistent,Transient non-persistence,600,600,197,tuned_level_slope,0.9907023894523168,0.9105497387770893,0.08015265067522748,8.802665825029637,0.2713359105480943,120,0.044674769674769674,0.044674769674769674,0.05532523032523033,0.05532523032523033,-0.00015458177877439668,0.0028966154297575247,
ademp-v2,10000197,transient_nonpersistent,Transient non-persistence,600,600,198,oracle,0.9435427118124008,0.9435427118124008,0.0,0.0,0.28981466170164816,120,0.09885313760313759,0.09885313760313759,0.0011468623968624164,0.0011468623968624164,,,
ademp-v2,10000197,transient_nonpersistent,Transient non-persistence,600,600,198,population,0.9867332443437705,0.9435427118124008,0.04319053253136973,4.5774856814279605,0.22434576557733363,120,0.0586604599104599,0.0586604599104599,0.041339540089540106,0.041339540089540106,,,
ademp-v2,10000197,transient_nonpersistent,Transient non-persistence,600,600,198,raw_index_q10,1.972790661038045,0.9435427118124008,1.029247949225644,109.08334475379675,2.3099089448871526,120,0.2290160302660303,0.2290160302660303,0.12901603026603028,0.12901603026603028,,,
ademp-v2,10000197,transient_nonpersistent,Transient non-persistence,600,600,198,affine_calibrated_q10,0.9955818805678229,0.9435427118124008,0.05203916875542214,5.515295503206515,0.4584081839839459,120,0.11425239112739112,0.11425239112739112,0.014252391127391115,0.014252391127391115,,,
ademp-v2,10000197,transient_nonpersistent,Transient non-persistence,600,600,198,unpenalized_level,1.972790661038045,0.9435427118124008,1.029247949225644,109.08334475379675,2.3099089448871526,120,0.2290160302660303,0.2290160302660303,0.12901603026603028,0.12901603026603028,2.4332467473358492,7.532648471655552,
ademp-v2,10000197,transient_nonpersistent,Transient non-persistence,600,600,198,tuned_level,0.9867163407650961,0.9435427118124008,0.043173628952695275,4.575694180262953,0.22431220152344591,120,0.0586604599104599,0.0586604599104599,0.041339540089540106,0.041339540089540106,-0.000784722222222222,0.003998755593468585,
ademp-v2,10000197,transient_nonpersistent,Transient non-persistence,600,600,198,tuned_level_slope,0.9867078748868061,0.9435427118124008,0.04316516307440532,4.574796936483316,0.22431803057326352,120,0.0586604599104599,0.0586604599104599,0.041339540089540106,0.041339540089540106,-0.0005693039656282478,0.003016882242379792,
ademp-v2,10000198,transient_nonpersistent,Transient non-persistence,600,600,199,oracle,0.9371539694012405,0.9371539694012405,0.0,0.0,0.3137306017312652,120,0.09885521885521885,0.09885521885521885,0.0011447811447811568,0.0011447811447811568,,,
ademp-v2,10000198,transient_nonpersistent,Transient non-persistence,600,600,199,population,1.0011054610960206,0.9371539694012405,0.0639514916947801,6.824011185231335,0.24797125661909875,120,0.044470136345136344,0.044470136345136344,0.05552986365486366,0.05552986365486366,,,
ademp-v2,10000198,transient_nonpersistent,Transient non-persistence,600,600,199,raw_index_q10,1.6348395680435408,0.9371539694012405,0.6976855986423003,74.44727562623038,1.5156615443769312,120,0.15987315924815926,0.15987315924815926,0.05987315924815925,0.05987315924815925,,,
ademp-v2,10000198,transient_nonpersistent,Transient non-persistence,600,600,199,affine_calibrated_q10,1.0722434080395176,0.9371539694012405,0.13508943863827705,14.414860636463759,0.5029291447689654,120,0.081761803011803,0.081761803011803,0.01823819698819701,0.01823819698819701,,,
ademp-v2,10000198,transient_nonpersistent,Transient non-persistence,600,600,199,unpenalized_level,1.6348395680435408,0.9371539694012405,0.6976855986423003,74.44727562623038,1.5156615443769312,120,0.15987315924815926,0.15987315924815926,0.05987315924815925,0.05987315924815925,0.4943022260961145,6.651279705835433,
ademp-v2,10000198,transient_nonpersistent,Transient non-persistence,600,600,199,tuned_level,1.003246796287004,0.9371539694012405,0.06609282688576346,7.052504609033561,0.24614359659171342,120,0.043829110704110705,0.043829110704110705,0.0561708892958893,0.0561708892958893,-0.03178996399831867,0.12188173612634681,
ademp-v2,10000198,transient_nonpersistent,Transient non-persistence,600,600,199,tuned_level_slope,1.006424894884834,0.9371539694012405,0.06927092548359348,7.391626962627235,0.2450349662809256,120,0.043829110704110705,0.043829110704110705,0.0561708892958893,0.0561708892958893,-0.07262169166775508,0.28325687646395287,
ademp-v2,10000199,transient_nonpersistent,Transient non-persistence,600,600,200,oracle,0.9271461242789675,0.9271461242789675,0.0,0.0,0.29916576689482743,120,0.0910559348059348,0.0910559348059348,0.00894406519406521,0.00894406519406521,,,
ademp-v2,10000199,transient_nonpersistent,Transient non-persistence,600,600,200,population,0.9774265519981811,0.9271461242789675,0.050280427719213594,5.42313950331359,0.24407479885868139,120,0.054769536019536026,0.054769536019536026,0.04523046398046398,0.04523046398046398,,,
ademp-v2,10000199,transient_nonpersistent,Transient non-persistence,600,600,200,raw_index_q10,1.805874715755942,0.9271461242789675,0.8787285914769746,94.77778836214769,1.7074981639759066,120,0.23316183816183816,0.23316183816183816,0.13316183816183816,0.13316183816183816,,,
ademp-v2,10000199,transient_nonpersistent,Transient non-persistence,600,600,200,affine_calibrated_q10,0.9861706086662154,0.9271461242789675,0.059024484387247944,6.36625477274693,0.27226971843040626,120,0.06306357993857994,0.06306357993857994,0.03693642006142006,0.03693642006142006,,,
ademp-v2,10000199,transient_nonpersistent,Transient non-persistence,600,600,200,unpenalized_level,1.805874715755942,0.9271461242789675,0.8787285914769746,94.77778836214769,1.7074981639759066,120,0.23316183816183816,0.23316183816183816,0.13316183816183816,0.13316183816183816,2.2986238159876278,7.34656904675601,
ademp-v2,10000199,transient_nonpersistent,Transient non-persistence,600,600,200,tuned_level,0.9774581062348394,0.9271461242789675,0.05031198195587194,5.426542875859949,0.24400934175072242,120,0.054769536019536026,0.054769536019536026,0.04523046398046398,0.04523046398046398,-0.0005138888888888888,0.0036898258515565222,
ademp-v2,10000199,transient_nonpersistent,Transient non-persistence,600,600,200,tuned_level_slope,0.9774532990413197,0.9271461242789675,0.05030717476235225,5.426024382238091,0.2440292632622776,120,0.054769536019536026,0.054769536019536026,0.04523046398046398,0.04523046398046398,-0.00035725707485726295,0.002757073849821858,
